1,2,3,4,5,6,7,8,9,10,11,12,13,14,15,16,17,18,19,20,21,22,23,24
3.657115,9.462201913787348,6.144672282913005,7.224358591333279,8.993001818888796,19.08811371598912,49.630303161829325,34.77634703481914,30.250523358981965,7.615437449359013,8.445601708173827,3.98958,9.213383681644174,8.338965322969612,10.224257673196016,33.55556025713618,30.313377727155903,33.33973480172157,27.11413952439536,21.18082007308065,17.336428956989707,22.097978706786435,19.05353812903254,3.091662448749536
8.264537145604237,7.5700798330724925,12.35564507594406,10.760493638922428,6.756657165904353,13.704342560883296,32.55704421762908,19.54287921220839,25.4960526305268,28.574904400960303,35.69284881169193,20.71359032356626,65.44894471987459,10.888934390745584,9.074111992287989,7.938996387983587,12.074775429650105,46.3605860978446,51.88306988361422,20.76261474080661,13.618681618147548,76.79804185085476,24.2971450164056,29.519626814327395
3.88102,6.575868926197753,6.575868926197753,4.269122,6.249792781097038,6.874772059206743,7.060255736038054,14.455918474420924,6.768455416160082,3.2865183,4.633489160805721,9.998724159756234,18.356079828945106,19.599341682741013,20.74923163925996,30.368887089136084,37.8917613334348,29.94578158421464,25.91357544684774,16.700716032067234,19.981273359574185,14.610862368604588,2.6416154424407843,3.461185853559477
4.104925000000001,4.319095000000002,4.319095000000002,4.515417500000001,4.104925000000001,4.515417500000001,5.182914000000001,4.3123509,29.93120683862321,44.69613816583675,57.49710654279375,11.403099180991696,10.203140384201848,10.609132513764106,3.1719874999999997,3.533805000000001,2.5693098750000005,1.8314040789000003,1.6393642650000004,1.6862032440000008,14.759973390656691,1.7873460000000003,1.9859400000000005,2.482425
9.03941349272952,9.68355525655847,9.792049195396636,10.237142340641938,6.902777138987994,10.711291856408227,18.662251199985867,64.72472272790193,23.793804650507383,107.05593861346904,50.65295221658618,31.73294701542333,12.404856773358068,17.661329949405378,14.946033435605248,27.422483428916532,23.315765900587174,46.42537336181702,20.662214935155923,30.331473533565887,38.92565821235205,29.47981695117037,30.125701098323745,7.537984242876552
4.104925000000001,4.319095000000002,4.319095000000002,4.515417500000001,4.104925000000001,14.395286383870168,46.13397361935793,26.02042542,37.45050476261407,38.97743940470495,11.353302237969192,4.4781,4.20552,3.806385,3.1719874999999997,12.992972501849684,38.60381828973826,21.95452495915572,14.598560012503192,23.258635965520547,15.30492041046144,22.30921839348257,10.930969315275208,2.482425
2.6835885647412945,15.41608237381748,7.23435462325159,16.60220723324003,10.680244371755958,8.823323657158193,16.914031887387456,25.28234308020201,21.038298294540304,3.583595899854792,9.0590145058508,16.464998908998375,21.594064991089834,19.18870002736994,16.693011866395796,12.684659345269715,43.84394519814672,37.81133733890127,33.42738092842146,33.907552274543846,24.58300298854872,25.62030550277178,27.46368267642661,4.962005783434637
3.58248,8.897281582234239,8.897281582234239,3.940728000000001,8.456094065759812,7.595938549319858,12.414596808731206,7.002148501852832,11.340124401640194,7.1607742020502405,6.90115727459882,4.87482725271269,8.66331850531598,8.971675092273593,35.96596791601133,31.747224174335066,15.504993804130148,17.797994075907695,12.74019189171524,18.25718274746793,19.453636111473312,13.666276528165929,11.27530736575979,5.113764395499017
17.693368838181286,26.88953254662757,9.437278092984556,8.777463179082892,8.686513344586015,7.098021585065773,7.701971464881729,10.912094514728569,18.690955188794906,8.572518711311293,11.517721178662065,9.691848654065833,14.065649948538764,17.99216756703681,5.074039380019385,11.915747707681561,33.660539256463096,14.23128497062406,17.70585263030877,16.77905271289523,15.206960652098005,23.46987580978837,25.325291192956232,1.8505350000000005
8.064509848991236,8.44327273407805,13.766675191261658,14.392433154500823,12.560441441122064,3.9003077846332737,16.189466407152313,10.101631389603618,16.401507008302197,63.65075633241777,17.636339058042847,25.90678868877032,23.01033434925018,25.966415282683684,7.974825679761648,9.811119697512801,12.556456191871618,13.684483866800504,7.453674428969896,7.190505583448139,8.171058952950242,4.101134555109567,6.954785928798456,2.660500039169082
7.801598006037742,12.53252550489933,12.748919667820273,11.458349803200475,21.065500182426984,14.838616966904524,22.19011594774701,18.621486731090556,36.75594174806567,5.90873158933416,59.17506765974856,31.34716796914517,13.820228235076009,8.854078878087929,8.440611667452353,20.039457799729657,63.97561109115635,20.792035144359385,15.567186871422296,34.00031346738849,16.88498990776298,23.25030680099599,22.837776886484058,21.810629464692266
3.58248,17.60202103292662,17.60202103292662,8.25227399493053,13.935123235058482,16.735146346931614,14.759124818232104,50.83152839453743,43.569227498951896,51.7241347443613,38.81076508649743,63.56653998198328,29.963731580694084,14.678299557889432,28.681508655103357,7.720664759811471,7.487060865725014,4.9422217495678655,6.681058016357197,8.130005056347224,18.47109137313766,34.26252184272118,32.4166801470725,7.690495467555634
29.8113475121765,16.323605521811714,7.763372124239349,6.237266571437626,6.619225218429917,17.25539835462576,18.472053241175807,17.52525603332774,19.985874855253893,19.075470211656764,6.216315857308095,4.529312431042483,7.559226350874676,19.562566918125615,19.343186050060602,15.482431839479974,14.295761189169523,17.679919312054704,33.02623477699306,22.517490817253663,18.06719391178759,28.79901369333841,28.465637210846783,4.462043332113524
2.462955,10.460475956375143,5.016937216163235,10.935952136210377,9.94177466928216,8.400222819312452,8.477954498135285,24.291163803891465,39.52097501546883,28.699259445642845,5.743945210326273,8.978693346661256,17.0350991590581,11.543588593301537,2.5726580681902855,14.870192707359081,24.192462326484943,28.699346352399797,26.572588806495183,28.74585895803384,28.43505929616181,23.84220074042758,4.438026537343568,2.3413798693135326
7.926385679244754,7.552033682126514,13.602726762258031,19.77204401724257,8.395523369443193,16.858595192598738,27.13444602662144,27.13174683444667,62.364750839068336,10.485310334478438,11.177426697243314,21.557779744388853,68.17527555871948,22.187084153809636,21.304243947312365,11.781204648285232,23.116446967853825,28.021334171168792,23.00820320042363,29.534639666356316,21.30577559651615,26.80509236653396,7.344501396709087,4.35239249054302
5.028104089725424,9.96158594566167,5.332901434867412,8.189254607060377,7.582267449862602,14.691501994044035,16.27473172960145,37.48172692205121,69.11073897183846,35.278033082328484,30.70830094952508,30.863853930771704,30.139387835910494,28.8752579082708,20.312149841681233,11.875211851398783,4.815001958632334,16.702929047117625,27.784563256473252,30.631959519179627,25.22714058450036,30.43519695665733,13.702715351665752,71.77059254750361
2.761495,7.237051034057194,4.2183091280318346,9.212895041681548,8.375359128801405,5.370158375988362,15.77167699018696,49.76532461629529,14.744765734701282,7.092406389525917,7.865554660091754,3.01254,8.580605083736458,5.799990734716568,5.122146861578273,9.92819706790489,23.43668297054348,27.278802865592816,21.88882747099536,28.579823909270942,15.608233959848526,26.68311127039702,12.013811134048412,4.096714792951784
4.65773,10.329500186396675,6.917107621707732,8.05479113935017,9.817293565583617,4.761713,12.395400223676011,5.439997525079344,4.960686245490699,9.967094795104735,9.219719174635046,10.709774798818488,10.057875463238231,4.476669870817791,7.007760643974188,3.726558000000001,2.70945405,4.379965889697999,3.9206855790135537,33.018098260952506,24.87586531563945,42.343368938514686,30.118026592686338,23.694363827070784
40.73221428712037,16.609866105965185,3.612334000000001,38.179934403687085,8.57008776662063,9.427096543282692,4.334800800000001,6.264884722224522,6.02014428863345,15.52421781473485,18.41878842312411,13.826088666587443,4.183382410781432,13.265443080866849,47.32352068368991,31.6252013981459,66.66198893598167,30.738426555132893,38.49548701554334,34.51570200628216,58.6226321580477,42.69141386856367,38.23417463409572,31.335053566591167
8.228552228962958,3.533805,8.424956043001929,9.051407451859252,3.801300202632996,8.32091086751481,17.224884133184453,35.53907626582001,54.84147963246115,66.93914693693418,23.790039656773065,15.662163795013344,26.789090339893836,17.5440215443785,13.688767097101199,15.28448252723542,21.16738495215323,20.91015174935401,26.758224345549888,23.84528921826696,55.483706459745854,13.374423368506418,3.659646030125091,8.742810459536972
7.01362304709533,8.363697154370866,11.91877553224621,11.664108160097008,6.458995679074936,13.008758314270567,59.23511382706192,42.52615698583566,28.42636881762882,7.753196573756067,10.638245929608184,12.357558403080212,11.605359195936202,3.52535247147773,15.428369073043864,53.761836143363986,22.775144463178677,24.374633917607287,21.369579011718148,19.65315207491815,20.847744575874504,22.21730573202417,29.904336417031,23.49776484383313
3.43321,3.612334000000001,7.184732141304542,7.511310875000201,6.8284644318183645,3.7765310000000007,26.267165869074848,22.02025639335349,29.406393133831504,58.91333250374435,10.13363477075116,12.007267114688926,7.361906789770134,8.988264655418094,2.6529350000000003,8.300365061178276,18.39244228232163,44.375033702489645,2.242784566454098,1.808761320664731,38.80789266429488,26.46206402348294,25.51465247003805,3.865336003430851
3.58248,3.7693920000000007,3.7693920000000007,3.940728000000001,3.5824800000000003,3.940728000000001,20.135764232162668,22.881729624282613,23.79026023772526,33.099727009430296,81.9957670997845,37.282427042517405,19.338846805094253,3.321936,4.067539749132022,14.690379617873973,15.815300635965125,16.17800088809187,25.89125831221412,20.334315274553774,14.887394589353152,21.81995378896769,32.766289301843344,41.23235481170213
3.731750000000001,12.166467539022095,8.324590434832544,7.700397159237767,11.563171627996203,9.802489330296853,8.059948076398825,12.535490909073802,7.633913629398125,7.546296538158278,5.99500270145367,11.65007170640942,13.691718139420649,66.91232032639537,7.657670537851005,6.933964844233159,4.990006162375405,3.4917743526459177,4.065437390954269,10.755032375120244,12.529439964918902,15.856632296498676,24.6195064526168,12.163945294520245
3.88102,6.778827367805127,4.981947789268375,7.869687519113413,4.59259421326352,4.269122,9.124856841366151,17.189822816062257,8.158483757966383,3.2865183,6.050523601016146,7.02838600118037,8.069519115320157,12.763185981483792,65.82787454352798,14.789586373625358,2.963622622725746,15.68983790824475,12.632339495125349,24.238964570027232,20.95028765077892,32.51280054001135,40.955387579724736,52.1097252294961
2.910765,5.074586912784522,9.884341235298493,11.83606408346284,5.369294362139291,12.286794466521709,13.75819648584074,12.389438730815044,20.620021262235127,13.891107521994371,4.962087708753061,11.779743484731576,10.46401505586928,5.956738931674442,7.612533102338084,9.145424834955557,7.2477569082117554,11.016227576466946,14.052527568567736,11.532103356883123,17.107333959897087,16.384450277218562,13.301503076383218,5.763681491001769
4.17956,4.397624,4.397624,4.597516000000001,4.17956,4.597516000000001,5.2771488,5.77464228,7.18492032,17.309814797302675,5.991709516817823,4.55952,4.281984,3.8755919999999993,3.22966,11.332839680949482,37.23991169099622,39.88217637000881,16.85561105560039,17.52415516839912,7.56276400650107,1.8198432,2.022048,2.52756
11.020101348930377,12.53093491529178,7.905524027407972,14.665981077448375,13.332710070407614,4.3512205,12.341811238616389,9.57868266101806,2.67977646,22.81676230053153,23.50884044965662,23.62135455815075,25.43264175217682,29.987519854876982,9.890160422254347,9.8837707717815,5.696128174402305,5.948361932492217,2.5033265037937835,4.453715214338118,2.398951077174462,4.720860371851104,4.442453637964141,6.620406112111673
7.263865122446089,7.642849389704148,8.808012885419707,13.504196242174936,11.736356606583424,30.86944705320796,60.6963382331575,31.23907085344561,35.0876475967939,8.332326746619714,21.97176326235438,48.32190560356501,39.02448772706299,42.674436738727586,12.408805661361976,32.720842016009996,52.75842298108224,47.78189911459989,35.1986872443634,43.00708473666205,35.102691468382744,37.72820534274172,42.60941345703222,16.545733506427155
15.739318726063694,9.483166304862554,12.1690238612542,7.976210275474152,8.160360674472976,8.264346011441289,11.13968051520486,18.8759161777042,13.126324739195708,9.406845289103066,9.85987101549543,6.995355294807349,12.688003763644186,25.861651378614106,6.300502608609214,12.695532834000504,26.447476426930532,41.73597458909512,17.25208646307788,21.415573945817947,16.793486370939235,19.31769212447948,25.120009910825,16.25040070295037
6.2691758751257884,2.888112517338272,7.032516346765416,7.352176180709297,4.1960726111670175,5.299803949390113,146.100162732491,57.86815801122762,7.313335102335252,2.384774054505256,2.383128,5.708317356159712,3.8741199510310995,13.527899154528539,6.880373533642279,4.124992058929556,13.678332872335028,19.210767065222203,34.195876563475494,22.09148874453501,13.36622510649808,23.04510969418554,24.82924513842701,47.13598010419962
6.336457218700482,8.800138679433791,12.358200084176843,12.919936451639424,11.745396774217658,10.720879177604465,54.56852069544594,22.78246735212317,23.795069646810592,25.64573594291921,20.374166083475146,5.4210229695096,10.636932921037866,9.972075623370236,19.628771968656352,28.047409639872185,27.105358931084467,5.240185280023661,3.5927757287941207,16.95675616122391,18.29332405925064,28.19793141418612,21.189192372303303,2.7803498448577715
9.441937839022463,7.710340165085916,10.327070185923132,5.746328376706982,9.441937839022462,6.567030065060472,11.921472819357058,8.159010875075248,12.603056160774374,7.574401535774254,7.465854945387467,10.300295824388138,6.827726976727835,7.719789077758376,8.72179783852302,35.226191872772,28.30479153005813,19.53776363317839,18.996163117355398,19.05667150168243,17.644033565607625,18.41832220251404,17.806147526523016,5.709946598302121
16.463432393923153,7.905832135556191,8.952066195186887,10.483909487483452,6.778426652512245,9.994320415009437,19.224971373758724,30.099358949878923,82.63848624189345,40.907520591996985,28.65410602937382,21.570407592171183,18.475590150625692,29.451867067392186,30.691879474131778,29.12123385880493,38.78468403014131,22.807651970627727,41.4147730340468,19.2152793810622,15.262177465758676,27.70490554232392,42.15257732047199,4.940014258372866
3.88102,13.584643464078349,13.178721572236393,5.330054217314217,26.002215746742127,13.353381484048716,16.301572156894018,22.820758132674516,58.786208910103234,45.66901030870385,64.10475491750692,88.80359182590902,53.641268150395526,8.394682939186845,9.976700966293448,6.6622311150705915,12.47435720649131,20.2028197875976,22.740445298974443,22.50143167671641,25.18443351059468,44.87955206703727,40.50934126464697,34.2750820368543
7.540492094354304,7.933909073190183,5.183658021957056,6.856910072463329,7.540492094354304,8.294541303789735,9.52069088782822,5.417351798570025,5.108340644284389,4.646265426159969,12.667590875966384,21.18986711554608,8.914237294872638,6.992092669310353,4.816837654209776,12.110214320633578,23.22662804785416,35.961061877657926,12.938304248142924,14.701680126135471,8.9709399064901,14.86220484554496,12.78739546711835,19.266102858505548
4.03029,4.240566000000001,8.433813500970768,4.433319,7.816341979182283,8.817168660105802,35.707720201164925,27.549937684354283,23.145968173546123,16.229402137831407,17.160568968818495,27.33778790934522,27.667110070312734,71.98400073591958,11.887170624302682,6.900392864430628,2.5225951500000003,2.68712662208222,2.325776444394115,5.729380828530396,2.053932444399998,3.490116060356648,20.991167002113468,42.0300031010806
3.955655,9.434069948800902,8.731411830130611,4.852281482737276,8.966264827372754,6.355464430949104,9.483346061199184,8.761027386952293,22.74559172976137,37.57759469823174,27.348652850372684,33.653030798495806,21.938480118094375,54.677571645193744,15.473519263095678,56.976428973010975,21.81704951179352,10.606522857292724,22.731587983834864,26.12622163734552,34.531820211842,35.30746749837527,27.18172323355074,21.3639226363913
5.110464175672046,7.06333117837074,8.990455851725448,4.614149968531106,7.628865737442402,3.858629500000001,10.78854702207054,6.138772417103771,7.451151910602308,37.430717890027054,10.70485947957686,31.87681254536833,25.313518468756804,18.456263193206194,7.95178824989189,4.793627665246948,3.915181637260056,3.812177671021444,3.412435255390038,12.284409160880802,11.588816742050026,7.216767715111914,18.24814721488748,4.198143988236784
3.274541493621272,14.060231359363272,11.83639775395551,11.313261507758762,8.87353130366514,13.895914450739344,37.37031888234866,48.17002586605948,45.86737588012749,38.13443477600431,19.667780937849525,16.673912040297814,15.658978263931862,9.041882990411851,9.880489565412404,9.633626250231913,15.28455000814827,33.30803712612303,27.93183159321048,17.888289035938627,20.06891233325728,28.4643733154038,40.08763892614732,28.29115611610335
8.028287675457198,10.430110549944974,10.083349420664025,12.441558582770094,12.999851879039218,10.605352382387007,22.40643957322471,10.41314165256988,16.964417554528755,23.485797739969104,14.043743048802192,17.17286214848552,8.065375481332973,14.765329176458813,7.227603762709759,10.441076576717478,18.339178948788494,12.611177236368354,10.85774708723679,23.82904754119914,15.951674587489943,24.20429722502277,12.754723027029431,22.09100969296544
4.232669510563658,5.411261859719011,14.403871890591024,17.983917799293568,5.923162238029168,3.940728000000001,7.47863614749422,6.279162528633902,3.9245784137499338,5.015841477021972,4.285121064050641,54.4771920017288,7.009921321150327,46.75844398266978,6.3907021573675795,15.120939350220674,8.647938919871464,4.970508746563582,13.807258850258812,11.881275741316244,13.255509939207304,36.77315982964303,1.7331839999999998,7.583734056666334
3.43321,3.612334000000001,3.612334000000001,3.7765310000000007,3.4332100000000003,3.7765310000000007,4.334800800000001,2.63012508,2.32584372,2.90730465,3.224232,3.74532,4.265360419241235,129.94991263927375,8.860512937769421,15.15747685856704,71.6471770018988,12.232906495197824,8.95771899097744,16.272867943801945,12.04873079084958,19.459922856506505,14.210989001894148,2.07621
8.62850464503188,9.185291921540436,13.32557984875049,9.090195832992327,11.505389058661972,10.361512525051657,12.9344932702839,7.359833567430136,18.75926599692913,9.033627800828878,11.318349736269466,34.931364087618995,13.524066726376676,10.117070554494124,9.106288551835041,7.303500346325787,6.2082834530899484,3.045038846258284,10.777973777933678,21.543503726539267,16.667647665916167,26.677725957116667,21.09535163775782,26.21105506801989
3.955655,4.162037,4.162037,4.3512205,3.955655,9.908871500000002,20.573527939097964,14.784159414658095,19.76680025909456,22.85229020219356,17.82078612022691,15.044523204111089,23.278381237889146,13.586415139034616,3.0566424999999997,3.405303,2.475880425,1.7648075669400003,1.579751019,1.6248867624000007,1.395104796,8.725960143609182,6.140411002039663,2.392155
3.58248,4.9257218216235374,7.46964742919532,9.25984517946827,11.495571979036988,9.25984517946827,4.5232704,11.893653261159905,18.74142387061136,14.52643008526834,6.667123325232187,6.305958878798619,7.273225445707839,7.805819903353415,6.504849919461179,7.246835357844735,3.618043906710708,2.677004237669732,2.7474144259265514,2.8259119809530246,2.1937286787636934,3.6653415198355184,10.475797639131084,18.189234100569973
3.88102,4.083508000000001,4.083508000000001,4.269122,3.88102,4.269122,27.92186506559268,33.13751242516343,25.121092198058587,3.2865183,3.99138117158027,18.72502039520471,6.094116992004782,17.550955737460306,10.847251664317682,19.37658712968705,28.494675569565462,31.199024783940736,47.444294919408215,38.27494269138879,25.67313780686466,23.736343434095502,22.98372366539598,22.79330948641921
6.534366298728342,6.202541144949667,4.857043919264145,6.836138880978822,6.054824415606952,7.187802928601178,6.4670628000000026,16.50535750810608,34.47893224223402,46.373888712914166,15.917583573890548,10.273167330585892,59.12867198821362,19.23226385516158,5.0492830490173555,5.625237074557442,4.0899192697040565,1.6316145430200002,13.80014171253271,11.45143755279355,1.2898138680000002,2.8451612310984755,2.9292905473134017,2.404948091218901
7.707665854984349,6.340806969637595,9.120660927889286,10.32783941270808,9.38894492064371,20.472384396748428,14.439948152571272,13.093274045864064,4.97954358952315,3.4761251250000003,8.817443925474093,4.4781,4.20552,22.921098747970046,11.347533630128929,10.203771787064644,18.743208538611672,20.18452473406434,25.02560013522874,31.6984393846779,9.210475585607307,19.011558365611464,42.50967884148768,3.78966456714452
3.806385,9.95212929682225,10.23532693000426,4.1870235000000005,9.727790057442062,5.075234258616309,10.923043676731456,11.18842679166159,22.10236863893633,27.74880040899539,19.31033647022714,4.15242,28.35165006210072,20.946859154808436,50.689959450617245,19.816260129159453,26.062797852680536,16.853232698950055,15.644310038213966,12.958857473195517,19.1224664425224,19.858154131064044,16.41795818237387,24.179095133228923
12.91180600112934,9.7824342987249,3.847921000000001,10.227090403212395,3.657115000000001,10.227090403212395,6.927591941001956,72.32596847176137,18.26883198584618,26.46332146949886,64.28227258939424,15.174103511800588,9.596056479555395,9.422883546465226,3.222167700430544,14.82011629087387,14.15347729113906,11.387520916295992,17.665735613689197,20.803206946395395,9.65167256261329,19.190011312900342,14.973493653871062,14.377539239889796
9.891213505656214,4.418470158579945,11.377419697101391,8.598294222493836,8.50815857612409,6.31625358876583,12.6527865955035,9.224117022930807,14.027103210431871,16.581719669187276,27.996451453152588,27.80706949307848,22.037771537880726,32.07304213892441,82.27913431838115,10.823521457702956,6.4795560045199325,3.1788507417197147,4.561636604599884,10.436949450432216,23.117471316715964,22.32026373721445,27.52331671571493,23.241187111328102
3.955655,10.1753447942228,12.063832336280802,10.04788110755586,8.550805733529973,14.84981362409468,6.136442400000002,38.90913145891464,39.27738594187385,63.34334386591305,42.48852367676901,19.599964689535465,54.20336191357746,27.6654934016203,28.092243728099575,16.54268087768881,68.84786592709479,38.031751763165225,63.45598273850565,44.94798506146444,34.200580022936315,57.31211960662514,57.31257890186997,25.46682319311891
13.371740840984211,7.409374523573904,4.004979000000001,7.746164274645443,6.071292765683461,8.539376937059872,50.29304646330138,28.383364621933858,45.11566460235235,5.963266133745643,3.574692,7.682146388078124,15.154743211216081,9.00361000716849,9.130028418449266,11.89126524153604,4.407631490159823,9.547066848602526,20.58493045532672,36.39874509785075,30.39441010242824,19.69453774878925,23.96991061017909,13.162865169264563
5.644714546982856,11.76707596507295,8.562899229301868,7.133374694790761,11.18358459490404,4.501372376121656,13.29655999746069,32.25237766635201,19.46711909182642,8.952997857182716,16.865711612073827,48.159067718175336,56.29481493597002,33.47851399016163,19.65965098492861,86.59027528066895,8.405709682942106,7.410551932563914,42.21970470943711,23.55078551776108,28.02110505846048,20.84100228582462,23.866082215914847,5.662863203226899
2.23905,7.48715930981226,2.8223508463465694,7.095957951214788,7.115895211805039,7.827484732985544,2.827044000000001,12.492247973946077,5.694697972355977,6.025869445269449,6.6827537641299495,4.619043317665058,5.353396329931321,13.120633548725907,14.330703028239856,4.790026102581219,2.233931319006885,3.1747424169563945,4.3679562436021335,0.919747224,2.509677799965529,3.09836765427843,2.1556903304436523,2.828669204360021
3.657115,9.35534847001891,9.35534847001891,8.73372520369386,4.3708875308627055,8.4720086090442,35.23423803020421,24.80499961460412,7.874627913325925,9.875226848028902,20.07919765924156,13.991603767780488,63.75970675349422,11.438794951636034,4.777021414667142,12.353858574059942,74.72981152854098,20.652794818571493,31.82193692471398,23.591413087157573,37.97512938657721,35.858003841548154,32.28896069730707,29.687542217415466
8.749910512608125,6.735047772453361,5.993633829340021,9.62490156386894,8.749910512608123,9.624901563868937,50.45193439432549,22.05549891493552,5.269852922060405,28.33524914560292,21.533938110344938,31.092779786263595,16.214842044586288,7.242350223615087,3.675783292503493,15.931217824725303,30.904443279408653,3.9037550753790886,3.2129973672009933,6.365081419304663,15.738143803960917,26.707317122563943,28.19056053497917,20.6738996647006
5.805796068226909,3.676395263953231,4.339753055812917,5.692865256287201,6.226105412931394,3.612334,9.02389643441425,7.63210900883819,43.80222978266702,80.18151250597522,5.8471250834486135,3.58248,6.378681909216669,5.773297746536382,11.039932518870001,14.039727928373921,21.287750236357187,49.03955956064634,21.30057770850805,17.93965859757126,27.22602287098267,19.25767735170812,21.02723179502137,17.591580400763117
4.03029,7.309454250030954,4.240566000000001,5.681023566300463,5.650685540649952,4.433319,7.339197250022702,28.29120489958637,23.58535953375079,4.09901305277974,6.524140983498701,9.28739987614171,11.775487288178697,19.61730617238358,27.299898855442024,36.16774459493969,31.37563545005085,27.71978451716376,33.89419260166393,44.138546820881146,27.229189907380984,36.46875360702817,49.06591426824221,55.2794983541202
3.88102,7.656928187399556,7.9318066633533695,4.269122,7.538493936244936,8.29234332986943,9.518167996024044,73.6320516719416,19.67374306139944,67.02404664361387,42.65884554338726,38.37360506365111,47.37367487966649,40.11412431503064,31.948064459851565,4.690455427409623,11.557295865220768,50.90119482171897,24.203742481276187,21.563434251797425,21.88097996929994,29.240245079014223,35.758466938291235,15.862113161107484
4.104925000000001,4.319095000000002,4.319095000000002,4.515417500000001,4.104925000000001,4.515417500000001,8.3581476,28.13871103457035,20.39783796,28.76443809770101,13.326723011203338,12.931946596518946,12.836287928157406,21.65847361029218,98.72859575659834,15.582863036808705,13.407018563236244,11.954247868159896,19.21183613199766,39.68326422436138,18.012730623402803,23.700674601146787,26.9204879589406,32.01333795287644
3.731750000000001,14.596588381885638,10.061852387871973,10.30357724705825,12.282472185777236,15.260069671971348,36.11909379107095,30.6809324186106,26.86873822884353,33.011663363688875,37.87611467841396,13.253281516383646,13.991981705869044,7.057134965349533,12.294492039438063,17.499447495727082,6.92967308902208,4.474158108841764,3.952515379229911,5.698604610657618,4.892741332382806,18.75068453439941,19.42758661177806,10.94960577759781
4.104925000000001,4.319095000000002,6.904011696108381,7.217830409567853,6.561664008698047,5.866623954783926,8.687493320072946,17.607024095306596,63.262471333468994,27.60721888027436,71.89294030222587,32.52435028957876,18.95765330672928,9.918207653551965,5.070376733993945,5.661804842270495,7.843500257330162,27.274051580252667,5.407630649551018,11.784443332343,26.136887474477525,23.41431147824497,29.57476115109073,18.59002831960316
7.316406726470528,9.801112294808124,6.106964897171814,8.048047399117582,6.8256371941175935,4.539045242794114,8.927933814214766,95.75873785262928,21.74372894592486,31.56980722189764,26.58850272626108,11.902481109932916,7.495702069174548,8.157382455049309,14.244348008292208,23.062695650468978,62.44432001278626,15.043619725147495,17.816113862437174,19.988535527262236,38.05890128087655,25.343000832501712,30.381078397649425,4.424546360276644
3.58248,7.058199094928456,7.058199094928456,3.940728000000001,6.708205751378284,4.923098950433174,7.060350158944809,13.401395600685856,2.46124656,7.68086427828961,6.299880183903084,5.465058906911817,18.909360327321313,16.87486977693759,16.311954735158718,20.67041072994495,30.19360111270549,36.958590413703895,17.426323527111773,19.672460091708867,15.413737096188209,8.043423945560324,5.413890749006427,4.0567410275133495
2.3136849999999995,2.434399,2.434399,2.5450535000000003,2.313685,2.5450535000000003,8.508549030201547,12.96491981967685,11.454444121211967,1.959270525,2.172852,2.52402,6.133527084923497,10.837377685335294,31.028976628566493,7.905679217075492,13.505409939781355,11.613788231826984,12.73268089790356,14.086166744466912,9.283136302852926,12.881198717861992,11.595747623661753,1.399185
6.427207217294092,11.645888509496066,10.277347342119178,15.783177685813696,12.38879380584525,13.501156229717342,11.640606788987077,17.209738848425552,17.026906640909072,8.646289041874429,29.12205974029224,33.15677338043043,25.092968002011684,38.26931304636145,29.81382952109529,20.460624941464573,37.47310451346865,37.86030151094306,46.57006216190038,41.01991727628205,32.03879170887847,32.949941477608384,38.68481313418043,34.54772286253987
8.917316601921016,11.080205908647416,7.199046534356918,8.641866234625809,9.619371127124843,16.367530001950445,14.758132253532908,34.90321677838842,57.002991138979176,47.36270644085207,84.39725424930394,44.62957550738883,33.36336046340989,38.81453324504018,20.722029629643636,20.097816706639367,37.719026011308536,16.184219006260715,17.67382916257271,28.89127409993003,26.15619396379367,34.61764823158531,50.18998297521787,36.05875189856785
6.904991858726832,9.811081021674164,18.758687253003863,30.38404642119527,5.774085662233293,11.217986056978678,14.325999084257262,17.241044499784643,27.828574285278528,9.709004740710622,7.343641772146114,7.855872017076614,11.38071804362695,8.86698629009943,8.859531969515865,7.811318694613294,57.19011940942456,17.22644907015697,21.11658141838724,43.036829225578295,20.25817604449915,32.75734726072597,5.546837407001238,5.265001286707694
5.862115389712342,12.520057154738655,14.81254616994555,8.894937804405075,13.251909329312616,11.623684014380572,17.77505540393466,10.114153426123153,46.26338583914698,39.30980994055364,10.31169976632946,14.006011767077712,10.295475612150934,22.174298239147145,22.93691315876593,30.212571182369643,14.642284481830533,47.4728401183676,26.641101972837006,32.09174777693579,21.30257945483802,38.06129744703252,40.29102966540264,45.71796229086065
10.59390659663661,10.733246181300656,11.831470242901704,9.675031464709525,6.547117356480022,27.27496425780727,17.173182304789705,15.87526807241704,18.94240944144919,5.319826061264748,7.969937257670942,6.388712735740983,13.678219257873328,10.426983166734551,2.7106075,15.855065637438168,44.652027047061765,35.885689039522134,18.843266540883107,22.48070294307066,18.63791304984062,42.26874188623552,57.86310021022665,22.35940787148359
7.417562889140475,9.59921957395524,13.27657378316998,10.311696406098262,9.719673128527267,11.326467191203117,16.22444956866887,2.949120900000001,16.539763345924015,13.170711375000002,11.896504900651342,14.018119462035456,13.164842625215908,8.103581179044903,8.139002877673077,8.668443560652335,54.783693078247865,2.563672857671228,15.792717544258153,51.53981057055835,24.0155807630679,21.38352104181708,17.33393998341101,17.176314184468687
10.885252212293867,20.03804828463556,14.296496420426305,14.34176991236208,12.35496410561735,21.197982202887054,20.951123065608357,19.31842097609871,28.995956745427375,27.338711911344983,18.09788203882848,14.09831336391836,14.212902730532678,16.831725193679777,6.762870012149257,25.61361720724602,32.072627974487894,14.73363196522513,12.401819930281748,15.62224220930776,19.68388592695979,25.12582274762423,31.45812861455266,32.98922289856832
14.971499655872396,10.59289865331345,11.93338601005918,13.362989874649442,15.28201802043072,18.15436306420588,11.272456026024702,8.679225569579279,6.845095481389471,13.533515225337226,13.101123697613405,13.37863917464218,9.648228785706559,12.881828866424733,10.325037619070132,11.884445283572004,27.95063809594265,31.84820035763491,52.67094252567559,27.460491257575534,21.75324385686351,13.482483902142569,15.0167548623138,7.152633905231965
8.923291469605248,10.274373815087603,6.114666523873565,13.111170218004853,6.892440840835767,13.374479041485122,11.266625403362454,21.73567660400992,33.1655599148095,49.9672001902379,40.73287662238192,67.70551148895666,58.58393164696196,37.385925505598514,15.552732183413477,16.90731207734483,45.27742262031614,52.74602913321882,25.60723273374732,2.380406295461708,4.119329978759869,5.294044596514555,5.88227177390506,2.211615
9.549296925079114,6.623087051124795,6.908456556237276,10.504226617587028,3.5824800000000003,9.012522386317247,9.659921492024631,6.761234741632859,8.956485507773701,8.086518259737451,3.8738359430107066,9.529789169082802,9.783311316128485,6.515813238139188,5.659335409800282,10.000154247863573,22.601933468015737,19.28454210184454,1.4307179040000002,3.922618672201717,3.401482456237205,13.87725409335436,15.99366186226489,4.134693416177732
6.659517417357088,13.50641765725517,4.842384128745064,12.953053734940314,7.762140539647329,9.503205537117037,16.207701188706203,67.07413587052356,9.86296170993372,8.194492981865887,12.055314933748416,15.527313676915002,25.055554981037897,9.424277078752967,6.715412552299632,73.76015085474491,82.70046972904201,38.46618829722623,56.157206141419614,38.09918647912613,33.4433216072813,46.01691443029643,41.579766069668295,42.12393582496921
12.905247256399685,3.062631000000001,3.062631000000001,3.2018415000000005,2.910765,3.2018415000000005,3.6751572,37.44179229704101,44.021936814246494,2.464888725,2.733588000000001,44.687185330898,24.04556914457381,20.79176293499145,11.514615208426855,20.397701098956457,35.59566596701102,63.72060095928624,30.612565643984013,22.324620860708297,19.815208610374743,24.48074282312317,19.107272117534844,1.7602650000000002
19.51189037026621,7.43620080736089,12.6097352443661,36.11431205682605,12.218601761274982,13.440461937402482,28.68233688174796,20.97300514188967,10.664020427394153,10.346934127843314,10.815189333266112,8.220816945492214,8.18300360988489,11.329976178636802,5.437299028651428,10.296369773389983,15.974433418673735,19.192530548224426,24.803400745441028,15.260849447192424,10.931305730917424,17.323539819463107,6.951529741534731,4.830245186390388
4.552735,9.027033951128615,9.027033951128615,9.236019804535374,6.566073716445415,17.124694138257738,10.13915193116966,9.496393625558952,5.68816690771881,3.855338775,4.275612000000001,9.35935901769909,8.789658903578276,4.221627,6.629545970870188,19.36236762801294,33.28707675930447,13.370733775531486,4.580842329798617,3.373844551154283,6.658147959691723,19.632483109700807,23.80623107089949,7.40268317430935
10.203854568592428,24.56050371599604,4.026439238766448,4.033647292591041,5.265242189390766,5.791766408329843,6.647940573039473,4.068385679929627,3.025577805754646,4.45870281765227,2.242944,4.000311364553099,15.008338004755036,4.8819505834003785,29.03743660044886,47.4292245738697,24.324315085468445,22.04528065047584,15.417604227635266,16.83298490427169,14.681871222387796,30.41184534086346,27.86779419392689,58.67829745557816
3.806385,17.138114287119382,27.60919279264391,4.1870235000000005,3.806385,8.483186557375413,17.706332692462354,74.794125135083,11.06275474266533,3.2233160249999995,3.574692,4.15242,22.92214117283919,82.6333831123717,2.9412975,29.151444280075136,15.685166246498955,14.85383096066924,17.7961132392257,47.73064214035107,20.439750252311374,27.871488027494067,23.3172187053251,2.301885
13.352106775121138,3.533805,9.283758432953544,6.700089976316624,5.84258944323688,9.70574745263325,6.122368941693886,12.554083217658972,10.77791100618158,7.261470423307109,3.15414,9.663024535697984,6.781240954444094,17.055031441761273,16.354740649458147,34.42521035834576,23.275263298814657,21.68635998784177,11.065802478836083,3.624440672446109,3.337813892061546,9.598338160159344,15.876775428602311,6.676007944379577
30.77300014892085,24.116749867720703,16.145678001761496,15.836665018830546,6.151365715458629,13.485891501291963,7.513329141024133,59.77244509751328,10.693907070480266,18.31459779737833,23.03170908487698,15.316740125431018,8.106344072491307,21.66761520493685,18.086426365123007,26.991307632246276,29.331353345369948,28.427024072753827,35.11564009790689,24.717362716860432,13.5986543371923,27.14098708583317,28.51067270101325,7.426102519204402
4.03029,7.389131978813887,9.914020290108692,11.163820459393278,8.02020832026002,5.804853422589383,16.39628492220409,19.249277433737944,15.017543165161074,8.040103132958627,13.01485789898928,19.879884536589056,11.999409603778819,7.720270957188746,5.713464216800319,7.6597023651924365,6.62383136236195,18.230327794038992,3.0421033863929403,18.270363463972995,15.005682967020832,27.917898859506792,53.576656785961006,19.89312021491485
26.445053539144293,16.509282904154027,8.207315269789465,8.580375054779894,7.8003409588908115,6.677255505128943,18.454481068123076,17.408485606544495,13.12456740691463,4.489233065679432,6.964471436558147,7.041491861758939,17.867178356279823,21.77845996416604,31.193285915772005,19.10885725407292,24.4186486695612,18.032600459832366,13.834849913420657,62.2108302707706,18.69171804155985,20.3019442749952,24.19238478635521,24.97937302447564
52.118497038604296,10.784324045022016,7.196822456410497,16.179847823591484,13.922249777080516,10.41069403157205,25.644173392061766,22.941102246914635,14.61732324906083,8.598016760693637,10.50759700458805,21.050105479035217,26.279617064980147,35.91208360621994,20.907954942334705,6.733079015496318,8.964454495480862,18.31311095735024,23.88129627412134,25.00789042197749,35.23559487394722,24.78491783363756,28.55936828233797,28.70984616717852
3.88102,4.083508000000001,4.083508000000001,4.269122,3.88102,4.269122,4.900209600000001,6.08364108,2.6292146400000003,3.2865183,3.644784000000001,4.23384,11.90600828883035,56.426649755431775,53.38173009943266,23.764528298293644,35.07625108435904,47.40606601619311,21.27197605743668,17.125224661246644,13.281597054739445,24.644788868092885,19.303710390912467,15.611911960197602
6.667396476878372,10.750173258708037,49.28912249747417,16.765558800476317,14.485225805856071,21.916593043272147,12.036378635820604,12.498217884772195,31.365158151298697,30.623913785014626,57.03904092575417,17.42495691589649,12.294003603828676,37.08372626420066,16.179127409210704,13.962617285477256,10.864661049351138,15.58610418742686,35.42029733292991,43.77897092941411,32.39478182935444,48.11573017461856,8.060728125024125,10.79883171867749
10.519733888510835,12.154904271627789,14.711785998394449,9.4531371329943,13.98227594888728,17.870934085887203,24.654114987973337,23.884382224238745,18.048101294807243,76.0435720628207,39.05446914297134,13.541042573413174,9.853752339652532,7.826625058660013,8.628430092844052,9.944921676786372,10.371200353461166,21.86027395329988,23.017316814396672,28.00079366409474,20.43683679123621,20.59192670145693,17.569967976159184,8.053223688844062
19.28989987204725,12.032126561001608,17.097073407518792,8.978798975330125,13.228750475899126,15.707293714625248,15.931280269957147,18.972554619756583,29.443037417681985,25.43317755997524,14.136974169489312,17.380553659241034,17.591669726274972,6.092303949563036,7.7915464550598,13.937042915822866,45.27070311715671,36.526143791232585,28.88226268301718,30.89715006705314,19.52031523897879,23.736539011489995,32.17235769835903,9.111862756750496
11.35187892619041,3.612334000000001,13.275495994760076,9.306097818809452,12.617206937168667,13.376239738266497,9.872113287886084,9.064640323033691,5.731325697997358,9.100334836109818,6.933104242837989,11.04320305154368,12.926403312704021,8.808505270466974,9.589043982842538,5.854069378230494,7.723244929784224,17.615742007900135,13.078114330746114,21.116217008333308,3.924077434864983,18.065477700053524,27.60681530213803,31.275939203394977
5.072567527481366,13.330748360149531,10.111967516140435,15.350806134593268,10.936219506663804,14.36533812767444,14.450300520543909,6.696836118626266,9.22605827155812,9.898317559268635,42.3639337576099,53.9806525450277,10.525144043306653,12.493971149097447,18.050123165020203,9.29351869205359,9.88815198398001,8.911914402357725,18.64788462951859,25.854515324853057,23.46986659338134,21.40132780668751,26.39847690894149,10.183596007423947
10.745698513662289,7.422067488386817,9.186066204107588,9.090124506804631,11.104016090581284,12.214417699639414,31.852240884229463,35.641992186120234,7.680661703636,9.002217825641745,12.035659116643346,37.55550507811667,47.86936394876747,105.49014400450261,7.888171660037471,4.7679632698680665,23.93368438771446,17.453168698044944,18.926204112599954,25.3690995895109,30.50760976549908,26.587241875716416,29.91291585798265,35.303725183966954
5.752461221055219,12.156573662277044,7.74980318790888,10.516671273849948,10.855319616357844,6.583805214623044,18.27742039473245,23.10988433799217,13.78217731962588,5.764498272336063,10.850495500214215,12.604110934592269,3.746736,10.713494294403429,12.274244303832686,10.574888467036427,23.374116086101928,51.72240533714477,7.752348939027088,5.712167827455024,22.59381990040694,24.46940086385396,42.90379555407835,33.54584359725705
4.01951037110054,15.732863494201832,11.31548784439783,14.033156298456488,6.134280298486687,11.48654431914434,15.167667316077578,10.941547821549324,7.285609896988768,22.833123813930783,9.577589043976229,16.075838092801476,28.813516236034356,58.40004559812061,11.34034513315438,9.447431358296035,39.43752288652908,5.897560157989081,13.80851373813748,14.649290311705704,17.58105747792005,27.047311784750377,30.159196603138643,38.08395877288219
8.909388496644148,12.99508333053507,10.699957818775566,5.301359723825454,12.350699033153164,13.58576893646848,10.46397723567315,5.029571934383833,13.986153123575384,20.00894640906512,10.336655698825329,22.99546452803576,22.89713041264012,15.171153069096219,57.253780656498776,27.56399570711592,41.17893611373431,7.289202424520507,13.92466491545558,7.98874630556948,14.295068103222214,10.922575240733412,5.975199848450384,5.387891067140533
4.950492950022347,5.394887820799076,7.255970641598147,7.585787488943517,4.7736131777976425,5.834677743918935,6.473865384958888,7.781511791298109,11.023257368311096,22.46379739438613,10.290906183925596,7.523095030357204,3.440879999999999,6.394630775803624,5.328858979836354,2.891295,4.316375773667446,4.379090814376047,5.617068908277827,2.832778911839531,1.18452294,3.002696190377355,2.138300730125785,3.421643644090667
5.591345499990448,11.72295562369592,6.64066931806887,8.648117992566219,8.834246539059395,12.255817242954825,7.059681448683593,6.346829991800759,3.787882424175346,67.6264859034144,47.13477979179866,24.07830449946489,8.957135363054812,7.988170524011171,7.835986839893959,9.039738266227802,5.529435220129448,4.970825773918008,2.1682260735591528,4.67000433956111,8.5217268993891,9.833956075368675,8.753588759401971,16.22313087994778
3.358575,3.533805,8.313480344336432,8.69136581453354,7.901241649575946,5.965765824787972,7.108371206601861,13.929168560826817,83.70257165718807,69.64623447362399,94.678913724153,17.727200476646743,8.094868915296779,35.919568718207174,30.61998103304781,81.32211850537753,31.729345810380487,28.09621743267868,36.31198121263154,44.51025655674314,26.72153083114,33.50479959666549,5.853922918105488,8.754328569700547
3.58248,9.213044164285904,9.213044164285904,5.234157749778677,7.345184726628873,13.277548899026169,48.505072673624376,22.00561456015316,30.22492627316167,11.26867001169509,8.223212973081633,4.164708049542878,8.48891362619666,8.119384526451812,6.766153772043177,45.75658501706483,35.372868754182186,35.84572050429231,27.94371699923829,24.575954271496474,44.811852867745934,25.50537611934943,25.527544287990008,2.16648
21.538406164564982,12.142239472707988,6.15830677399364,3.1197430000000006,5.852936190159243,3.1197430000000006,7.389968128792367,17.125753843415513,20.29264873356475,62.14850498673574,42.73266558297345,6.385021298355537,5.996367828020853,5.427268103602207,2.191555,5.038614633267524,3.66340596993149,2.611275775367167,12.29796938033032,5.2882150251629145,11.18453536859194,22.606031867363523,36.96001733404374,9.40117727886402
9.225782785877362,4.162037,4.162037,10.1483610644651,9.225782785877362,8.040309950114155,7.111660953978558,8.499383630166848,18.08065738366892,7.60970423960496,5.810583390745597,12.965994033547716,17.43562276215903,10.511680249929318,24.36653374405218,19.492026766178782,25.8237849693682,24.64133751297946,39.35314288233887,10.233575203016953,11.591149459334773,21.72555810548893,18.74486007153631,25.58200182362768
7.608975,3.533805,3.533805,3.694432500000001,3.358575,3.694432500000001,4.240566,5.755510806016303,26.528776907784696,9.861737765875269,12.636619818717532,7.264117146210655,3.440879999999999,3.114314999999999,2.5952624999999996,13.101135982587204,29.125355597123512,44.85193846132441,27.176070022674253,24.71858693145187,17.33101068690444,23.490135184585565,26.483650319993533,20.28035592879781
4.17956,6.9840910920589705,6.840398475833473,4.597516000000001,31.109220174580138,36.150422095459504,60.61893926434196,29.02884597032121,42.05291232182197,44.789169803301874,36.00542593023148,4.55952,4.281984,6.155025432746183,5.129187860621819,5.714256348048249,4.154642167103674,1.8647023348800005,3.51707354802824,2.1095513166578264,2.34105054285494,2.890185855376469,3.211317617084965,2.52756
3.1346700000000003,13.28866539037026,10.467481044657982,12.88787685342031,7.063157304693598,13.7521440604529,12.143940807256516,14.081521389557382,11.253031185224309,5.797075082842305,9.62050116079054,12.042846410473867,11.3098035854885,8.314215257340795,9.35703213917034,8.318543996975228,16.806579616438018,21.338611873732464,36.9946790412877,21.585144716083597,15.734074521156687,15.84448612903286,10.545738316640044,5.919811227730379
14.293450655842916,10.467604921892985,6.796462261533117,7.1053923643300765,12.526977736314054,13.779675509945465,24.707440986874477,14.268885086606858,8.48645800827385,5.785492602625905,16.436106609838582,21.59406577809045,8.909801980393237,23.972204859420287,3.5524203695318093,10.784093877348624,6.287135591184757,10.76384425059068,18.08983007006985,16.891275613454493,14.118160850398027,23.736635226687408,30.44824103685004,18.578984703227416
3.806385,4.004979000000001,7.641714363570993,7.989065016460582,7.262786378600531,10.027480839806472,12.112201222228991,16.08001825448689,19.409692369125978,18.88050260714832,26.30340291381935,20.33338729534789,18.51754299899555,7.54127802047322,3.714102176554772,18.742970867268518,18.366748556218088,19.24634831717334,21.32995444800377,15.238869346413862,29.11766860499692,25.3607190175858,22.5707226864726,28.823404511040263
3.88102,12.055468928705343,12.414657818627449,10.35047576029645,9.722097081000944,4.269122,21.96180272110767,17.045462039703885,62.48369768377912,34.23106801205486,23.465610108545807,20.317170800713644,25.069727424692143,18.522338596830455,28.30072328544407,18.40821491281654,21.24779475114304,36.26270659837145,20.182041809196,25.088007611541524,31.770114252095745,44.3003520124097,16.482991649077782,24.33440692429341
28.446008528130573,43.42087846137359,13.466747814864094,9.553276290939776,7.775963670116845,13.933539343808157,19.665843742532576,72.28056981347184,61.71260561450119,5.5507584568367125,14.743138349078766,15.551380216150877,17.85107640364818,22.353659162139262,18.58885658600505,28.57838204365488,20.624300702552127,13.019976181208062,16.50750386354936,19.25901341053644,12.139365683463629,14.180749536643408,15.010797067443171,7.660192309028562
6.184362358252704,7.355931573916623,6.507024742161542,5.721698335269872,4.499530786084234,6.802798594077975,17.52451214263746,16.87107389332385,24.04476592586701,26.805285235423927,13.810173292860444,25.173424866367423,15.818351621417756,12.310066499781353,4.8332593732670395,13.863661254372612,13.094301652525678,16.0018944306599,20.78478043612801,23.716666964597284,1.8345125899274044,8.96942988055057,2.1089220797651858,3.739950358943335
3.88102,4.083508000000001,4.083508000000001,4.269122,3.88102,4.269122,4.900209600000001,3.0609057600000003,5.607220139999999,3.2865183,3.644784000000001,5.355934550346739,5.536264251061135,32.05474145956541,28.806273839375862,28.920734065793496,53.29728530012766,40.76600497868279,19.8346923464928,9.897726849176646,16.070649435343928,35.057643900814696,37.1215065600052,25.63966280178862
8.557645317684823,8.053762594657222,9.169480139493126,9.28882338280646,11.100678766677683,9.28882338280646,12.007521957744066,15.236064701728797,10.946253817802452,26.264055040406053,26.349951508151896,9.695018769814505,7.375201111149277,27.439328276053246,14.262841608540601,14.541844380199201,14.363864081183088,18.39445314528628,19.525001272804666,17.283752722877075,19.1914870619164,24.22870889801726,30.117970447290524,30.07779847022437
3.955655,4.162037,9.901859472341712,10.351943993811783,9.410858176192532,4.3512205,7.499094206112748,13.246273603802903,18.180328148089707,5.029562478677139,6.813470331768505,10.266390737664578,4.052592000000001,8.72643212701489,7.27202677251241,9.901230860651491,28.943787621178103,54.36081994870765,28.1571936529654,27.2256886921651,17.482795271556235,36.92885407089258,28.234211543076224,37.95095190906638
10.419930475579577,5.874324434260261,8.387472587871288,11.727952740230805,8.21340959905337,6.6733976154586365,12.24022900074103,7.659790161247973,5.00766597432571,6.360574215697325,8.289077069509132,11.63102751097269,10.923051923348268,19.09093532028777,3.730405199756171,7.723882086568737,3.33893857748363,4.43303404518664,8.850750247474124,15.92217502557222,16.895403398822744,22.84179417210197,24.317055544836062,28.58667802945049
12.369784391670615,5.651151074130521,11.27786469373595,13.606762830837686,7.257960315909277,13.347295984587666,11.448677928700407,9.28676416034632,26.741033075102692,42.48540197741576,6.773156391410654,13.49431024545886,11.249406434552002,29.091418495253823,13.033088640217105,15.603647249684808,11.951367688543057,22.0815255031564,26.330668962659185,27.666155013141054,20.789887279610937,24.91577482498907,22.40215922311782,32.522789211495294
19.56099079695112,3.690863000000001,3.690863000000001,3.858629500000001,3.5078450000000005,3.858629500000001,4.429035600000001,2.5201578600000003,2.3764055400000004,17.921462412742883,3.2943240000000005,3.82674,3.5938079999999997,3.252729,2.7106075,6.024249553205374,17.190104408166853,17.579139229228375,18.16723120712717,18.11697294592533,18.56639109811451,28.580027027801066,13.421370504155394,13.57947638100964
14.411466589341964,9.382314965988805,9.382314965988805,7.76450734514131,6.938902790899428,10.61554388251804,8.618994848610239,18.12053896639127,44.11583275598481,7.551142261037831,33.05126482886673,16.410312372846942,8.183609543835349,8.268561574083291,6.872380958867802,3.2768010000000007,9.64690188774676,44.397498772209,26.4169661326068,29.37320364831572,56.62657297336077,41.13657435869984,20.18695242696809,5.392540157010843
3.657115,11.845635004568257,4.563571563180087,11.511196136048673,10.75273524759626,7.168882441378686,13.355981329665802,5.821720180233923,10.177649920069154,24.06378512446929,18.22237387314492,87.38917390814224,14.109751750777983,10.36203421673861,4.793319360509629,27.09227029955489,25.463530339075525,15.216756407562912,22.970534195244475,21.56330164493447,16.99338249920468,21.80389412068021,29.59460761850317,30.881312552399542
10.793784165816282,11.525736673612334,10.955294300817492,14.021595584007596,12.2221278074969,6.012960852901492,17.92330510189309,15.918130821412833,19.729999063962133,81.7097962154506,20.775264361694468,13.882048266212916,11.167917170148352,10.347962066725422,22.570269336158013,87.5655718354488,38.76507599985607,19.526769506689604,19.314122090790335,27.628210509422843,38.1689532494634,49.83879351602232,30.71967418459924,20.66348596251315
3.88102,6.97014194049327,6.97014194049327,7.286966574152053,3.88102,7.286966574152053,7.359897600000002,19.13274260702352,6.855843719771316,6.723833804812096,3.7265449607341337,23.27433675889912,9.099967868204313,6.848643631249642,11.456174293044215,6.430080437819811,4.146344203556767,2.955514148295264,2.645600900008548,2.5333626678930417,1.4762923703096416,2.8844133589960115,3.2049037322177907,2.34702
6.290461707571236,9.980787424126412,9.66084176135185,13.349884045929713,12.136258223572463,12.024691106765534,22.983514420658587,8.719110038535279,6.855542385247568,6.705874052342165,14.26111668255376,18.012211415795107,82.27013739217327,32.80381286309314,16.890025430765487,15.061740934183689,25.87803024220505,8.712267051179703,4.750574682640435,1.792176519360521,10.29757564732717,14.6803582163812,17.36519570158429,3.039389841942828
3.58248,3.7693920000000007,3.7693920000000007,3.940728000000001,3.5824800000000003,3.940728000000001,4.5232704,2.57377824,17.543888514277892,11.61422145,16.510359595255387,3.90816,3.670272,3.321936,2.907394379470158,24.847435388349624,37.49591298472668,23.867191051742864,40.88519134057016,23.555643335314876,19.68677977813177,14.5824647222214,33.66466901021635,42.00157807570138
3.731750000000001,6.225894396863744,5.587159842179372,4.639139354826932,5.431522947176596,5.841121653187524,8.084258448733491,2.855472715398424,6.682392911964154,9.574187639955191,4.03811053302458,56.66104967956517,6.062178165541255,3.4603499999999996,4.103267277032558,20.433400566731997,33.65439087307754,17.487339584911677,16.191120416220226,17.139567000804732,6.09786914832604,16.085693425426715,2.8626952448389265,2.25675
8.339633376095952,7.345397496490816,4.724927655153381,9.173596713705548,3.4800150000000003,27.13690250051811,4.240566,5.991482691591718,5.649722538060639,12.371275793932016,11.154581618311369,4.404883890658901,8.544003838276957,3.114314999999999,6.444262154255962,5.035315779276083,3.519294315885149,13.07722893177942,9.558979789417965,10.153307684774092,14.46917020622078,21.460763815467217,29.95225666117536,41.5749356157536
21.14029295029546,16.582052352034168,22.682687989336703,10.29355363529721,8.375572208072304,27.66636022657001,11.81520939008028,8.89370446083097,16.64493644057008,12.24137163535483,8.096359145393416,5.386755080744799,8.832391794974637,25.90563220814912,7.231008752068287,3.8280776894677877,5.396039362242315,4.174953061164163,4.075796511829468,17.97636351867836,18.94974820074369,23.93681685414215,25.89960839983125,28.19419465804916
4.16038620549264,6.162720112017666,4.632488444807067,6.176212478125713,5.61473861647792,3.7765310000000007,14.870751787890882,24.09545280023664,37.45994277432992,40.47760882363259,36.42403262342055,89.581611870446,31.976084688647543,9.070288948315248,4.245010177177067,4.833557591576645,13.553068865499764,12.428965515024547,15.845662733562827,20.006999359936557,17.011457711476716,26.691467336842912,16.989407090137828,3.3954743411902046
20.678206561326714,14.02898372713116,9.086080762721506,15.083779166658031,15.465606223662933,16.557935810149253,9.429561511583229,22.017802949464205,7.7050846731514,6.484598693482995,14.52422149700519,13.253165074245011,15.601879941528864,9.62609735204894,9.398498288354867,14.26098599845018,31.88735811258855,49.030596884672526,26.59793240153449,19.77716447688114,18.48192686163572,20.249943558708853,22.02850391208097,20.641667010959026
3.1262850470340258,7.219383926657498,6.757032355430393,4.647332431080996,6.641685423306226,2.955546,13.229747140197786,18.39972513368689,19.703268660052167,6.368526213121945,2.523312,8.204220564408303,3.1100894656165763,8.447159084505113,70.16481037847849,74.9316581325523,13.32053858164062,20.503093275872157,14.158819737061789,19.87714674568019,20.017735077830466,25.94390385114468,14.962283268437275,21.444347702148395
3.1346700000000003,6.923070234195012,6.758304223549784,5.170690747654653,7.760606928619983,6.376478371012912,8.595180281034015,12.70527078979976,26.198004234910027,23.17951913285309,6.179269299942654,16.497966009209826,18.686845152821242,13.941492712500892,8.903370378597101,12.941089045805954,27.876649386018084,61.34511275995097,2.6277342698006136,11.906261986588383,19.45887018533272,24.101566284960214,9.065598858492104,3.9790749279933753
5.611747842574699,9.46546118953161,8.40790749619081,10.707537128001594,7.720922751956664,10.103576555042707,34.034155309544765,30.938273488060183,37.465180742479234,54.444633396859466,25.00766850948194,8.82213759582637,8.472641306319899,24.243376082721777,14.942730120468354,15.465262789160596,12.937710025130968,5.686975560774241,6.998363835953849,12.810066644402132,11.547096448402012,23.029090892761683,24.63307301723143,37.22564167143295
24.714399189061915,6.811487523224242,9.938177850228715,11.934308029662034,10.849370936056394,10.119731942931317,7.381178425365521,13.534746549233637,29.313259594015705,29.62831471107339,11.848054644368975,23.45668907938854,34.988890613686614,93.04595135042369,84.55801837013897,87.69700892052585,55.61074512089031,20.657824783755085,45.28275354314252,22.839161030473807,50.59146376964461,32.66390035244025,14.4202425521137,7.034210536411835
4.104925000000001,17.967015952387605,17.967015952387605,18.783698495677957,12.670046192529291,10.511625424326873,24.437487005247647,24.62088484564677,28.694927198257925,50.01228114473871,12.81172845092965,20.78109317720368,30.441587028825726,20.067140487971024,19.325481207860165,16.055399853169224,45.99998634978671,30.21756381148929,23.278613297293017,23.614556446797245,40.58195308551767,15.819550956038515,27.121980027376026,35.03059417575146
6.045871920707445,5.231184882348606,5.285229671167131,16.141486936637854,4.664905960353723,6.650459112778191,19.855044996477503,13.592094736224492,75.28438787203675,6.059920688761332,13.356631878847116,13.555493408957716,6.1940316278552165,5.179328120546662,2.7747255689496284,5.204707131739454,6.714447703686386,11.157277917077566,39.77549876452824,36.41634838919093,50.32004546518583,30.63167839213005,36.23940014770369,31.65700665386741
8.79278295486813,6.489663408648155,11.174764108447713,8.226645980851922,11.03697902675582,7.560986950707047,13.652031545401186,5.176442939680567,5.643737368527089,6.685718060067553,6.4552299658210375,12.040340756460894,4.46300720938844,11.352256039732136,73.22905503036262,8.963783555965632,2.8569125393143326,9.739109176775704,16.682472025711974,19.98372921410256,20.43606148956187,52.19296124439709,25.991515929395213,6.674536723690279
9.86580467040321,6.135642434976373,12.590533235355323,7.239694224056706,10.16586247081298,12.502703039697256,15.557317877032864,16.315836395495733,21.308053257705545,33.778875187863065,22.489958916023834,81.50564051928498,32.16372711338824,20.636004264408054,11.100399840910223,10.30134537438163,7.489759167861352,31.804427469186415,30.90997013538316,20.499411420592036,15.393588164505443,23.754984793955064,89.08871663950788,51.90565665253211
9.572126351918495,10.071541639844682,4.004979000000001,10.529338987110345,9.572126351918495,4.1870235000000005,12.085849967813616,6.931477714743534,20.83426432989013,36.89238970947409,25.10786802698637,33.21854434560103,30.302762995413545,8.875971708142602,7.396643090118838,3.2768010000000007,5.991280902996259,4.270585027655733,1.520137773,13.566674507804876,22.10248326859611,27.05357679211753,31.18064242258673,15.44363430302466
7.607346778038741,5.611970413663862,5.394490285148964,8.368081455842615,5.126994899108518,5.867059977921308,9.605102192793264,17.080102128709225,8.045742133979523,21.597932788876594,3.588311557118038,15.580777092711106,7.793771876947199,7.0540851941813765,9.828429429547091,5.659241878434468,17.142429077044227,18.92960026137949,19.18005892789004,2.275856033488353,1.0792320120000003,16.25956413608757,19.73207460693564,23.97768376012965
17.26286103846283,38.86703402198555,59.50379589277351,8.057343431674921,10.904136312583846,16.30037208292867,90.02952963746387,22.5503443844108,26.71157888520181,21.13574283150338,10.381373606486244,14.161115202046698,15.594796245504543,10.256443001925469,73.98432702845085,14.524014764965987,20.52211817583106,21.15643806732505,22.497372985065716,46.83730053837775,19.194476647879807,28.27620623083571,40.144516173125794,31.56591704197968
4.104925000000001,9.771807712135963,9.028255978662882,5.03365052636003,9.2872552636003,7.883932171340194,7.562279547113878,7.0472376447166925,28.31217239100982,26.237466485964795,8.721944073642018,10.131551196654868,9.514848080336746,7.519674535984675,90.21661612185282,38.609219767355185,53.45315536367068,20.34322939586476,10.788386605898994,12.985822464206157,19.313516288911515,30.56633632488652,3.8093456033479742,3.906960627615605
5.08816568640988,5.19505906709639,11.608676645989418,12.136343766261666,3.73175,12.13634376626166,17.2989067751873,30.53993314364069,44.4101900878363,64.68223190084117,49.48212948516754,86.36327909721598,41.97439915352809,16.24712491978465,2.883625,19.601679069628243,21.70683755945792,19.33096548719677,12.66086462045449,3.2469947975157325,3.30273293619196,4.803951237123194,3.419851483889786,5.66312231857332
4.104925000000001,7.517179164880516,7.517179164880516,4.515417500000001,7.144426479018669,7.858869126920537,9.787270997856618,12.362545136071594,24.009714511808543,25.13446504015188,3.855060000000001,7.954627814649676,31.82505657936501,5.215608412999563,3.8765992064997823,16.40952587857681,6.417707432052489,53.4221738044566,26.79721181380706,24.059460306797945,15.112490015630524,51.9737396854355,21.992589559582026,15.031500133933726
4.557968273803985,8.964400586290573,12.580929333597192,12.07574678690381,9.509256664074654,9.920051413676587,11.06726888188926,23.951038549112724,19.495066432779293,18.625383156669013,4.557852035988076,14.580384820417375,28.21982591245667,11.920845400536802,5.830904026518127,10.29348763657952,7.484046072959364,1.835363630616743,15.3476973646347,16.305269452739722,13.191732620037955,24.1246587941229,29.793584240636285,36.11896970947143
4.423704999999999,6.182007650670369,6.182007650670369,3.5302355000000003,4.838623054682285,4.507826332809371,19.2065187566174,14.211711128455294,40.181098504113145,44.59960948220044,35.085384972480604,30.155060797555564,15.766737462926889,23.75304746908395,24.026420676395023,24.681405345135563,29.352943310929373,30.106813670613377,20.55602000834709,24.24950060336799,26.47592525457299,26.70392342705847,22.39864651276354,28.213557465980863
16.43334323763011,11.091281476317867,9.476968797801463,13.126728359062117,9.872146650119632,11.012364491890596,23.93253245744349,23.064216539299093,28.027575218995093,30.2759623172394,29.266679326107287,16.998539759595566,20.35257949922873,21.094067625163085,14.933447227359274,11.866386878282544,12.105659913823729,12.460397877996067,33.16451087242292,14.469470695758202,10.480194641007952,8.112201303665683,8.499065335964632,7.460121076648994
9.360725467428264,9.76573365592201,8.50891180501525,10.423350393974074,12.62840735547168,12.448188470821837,11.115605898671168,71.76726646842005,22.882285492274946,4.1580960278969945,10.843791848902791,12.219804387787285,9.59011873975259,5.726634333208928,7.141442750373688,16.913027332160794,24.612721622073167,55.69838031682919,30.00144911520977,48.678061044133706,19.68334392212072,20.945031831626245,26.19852937150737,6.008705234342293
8.47546802991259,8.917666361908033,5.34414515813076,6.094209786478791,8.47546802991259,9.323014832903851,2.921278800000001,7.365963131577202,18.28990759675949,6.3143603103531465,7.640611058555974,18.02592135174617,12.323320501285952,17.848463086055283,18.541135553778545,13.382908058589912,50.23740647618432,34.28177554886125,36.17237907516594,9.791087359572584,12.970356863460148,15.995626754700911,11.480399686366304,23.723061204640786
26.3212829327072,7.724417008301763,8.479761539795605,7.295375788711456,9.690269140591893,10.435034703588444,6.571931441113318,16.150635563227503,4.354871470194958,6.9973868886806,9.10042667116456,8.124715232689612,7.315383330882666,7.8978341587538194,6.475015216426049,11.501538712356222,29.564416974936307,26.37371896943565,27.591474164578777,25.3197896948997,24.51119233437964,37.00103058481746,30.416528166228847,6.3734796703604975
9.11262475717896,8.971130823949657,10.162399542659848,13.17564665896136,6.490324406734297,10.031035001937555,17.51712054031537,19.497755789608647,27.7081554671642,39.60530953491813,81.46033321355011,32.60651142358126,22.714042764265876,30.68991778515881,28.14510909004445,30.634967474080362,30.124120890110905,43.46268149722248,24.722747559718886,27.1607480099706,14.4808729818786,20.67345249980168,35.09399953322347,29.35079342385686
3.507845,3.690863000000001,3.690863000000001,3.858629500000001,3.5078450000000005,3.858629500000001,4.429035600000001,2.5201578600000003,3.061989539999999,15.013237422547098,21.28525196328033,14.835120641924323,16.65818066135396,7.923922687396219,12.084761246147973,21.57504958656741,11.463533992788523,1.8215422533309755,8.856956785138316,7.303197513298858,14.681918849378922,13.410936699862676,15.8555909788706,2.1213450000000003
8.546923539850162,7.967052577076375,7.710603224993578,10.74214659790435,9.765587816276682,13.820597957090522,5.559853200000001,86.18262578324192,32.1607735788342,49.06008172395102,4.593221884709789,10.653368526847288,10.00490261651745,4.083213,7.546136039850163,21.870925451713074,25.265498387786444,42.74785534703003,17.447404811732543,26.69336736833712,22.770088010496625,28.35381673055185,44.95489151088469,51.02313005759923
8.89365836235661,11.930988903417342,9.82412709183823,13.370067374929777,10.252386838242028,7.580395941032295,22.715579680415715,35.6139080831734,44.42774016185367,48.35992855915468,17.828779578297162,14.44537034747994,11.617251404078788,13.067557398061517,14.96582533205755,30.713155516164914,25.664700847656235,33.845343067289505,18.96636373140458,19.958429025421637,14.725232033943309,26.77106349286568,44.24490069993696,62.2554183234206
6.041607692915626,8.305260932916736,9.712747776722608,7.742164665276251,9.629813448414366,5.600354596033122,11.743619124385832,7.491257780686537,5.713478792811362,4.489785861930488,9.792493830962792,7.306212247756351,4.6149574640154505,9.668851232086999,8.057376026739165,21.38638224387889,20.91679889691298,23.370544524881147,30.843337565904623,21.268444106450467,20.56378265732239,24.07650734497581,4.295505585792077,6.305772542665436
7.43432605682424,5.25185048064058,9.224214914818551,9.643497410946663,6.990162799721209,7.68917907969333,8.825840334952346,6.298385423655442,12.181540015222762,49.075152835349904,16.691180400387488,18.32956295981261,4.431175890281049,7.511438510298509,6.774357685375755,7.547084930306087,5.487229725154362,1.7315093109600002,3.5011613090319966,3.6011944892900547,2.935284426292512,3.153458603169533,19.77058616586767,7.717346896661055
3.731750000000001,3.926450000000001,3.926450000000001,4.104925000000001,3.73175,4.104925000000001,4.711740000000002,16.723212785940916,51.24957307671419,21.2822958587011,6.584792217627754,7.929802015673375,6.017009691957549,3.4603499999999996,2.883625,3.212550000000001,2.33573625,6.664453306795839,21.652863036753864,33.44435937119506,33.16517965520041,26.8470611260636,32.064388584421785,2.25675
8.209677089629594,5.792037745488658,5.792037745488658,3.5302355000000003,5.5048292622412855,3.5302355000000003,8.393508588145782,20.95764592594204,7.895973161659104,3.1496737543490414,4.9302197319579415,16.369298394171857,17.016763534238034,17.66243863549088,19.237746619297404,57.77353493885524,27.83841842471129,30.810065593834462,52.9937414705209,24.48377522220989,20.15507070877796,22.91120350116157,29.074213799387525,17.62710397838348
7.70056342984367,5.72219807493163,11.413227172341092,8.741061238200801,5.231248236140958,11.93201022562932,19.13720898441828,10.37818555262692,36.583276200503335,20.04994887256857,4.523640364237766,9.12090356384899,8.594296702252665,7.09470793330501,8.381990654367703,7.554334655656696,13.86649122507144,41.86033470538223,13.714977839816427,16.532226579025053,23.88898719937192,25.05740343146416,9.203470583650804,3.694662124421542
6.243116037327395,5.683311267324104,7.232993253020627,3.858629500000001,7.71595428819599,8.48754971701559,9.74223097953094,3.720957046571304,5.227208305057865,5.999484862873983,6.258296629077178,7.269738508523993,5.749424457510672,7.154793976327189,7.441020368946424,6.6424302133165485,2.985760232706256,5.987746656005575,14.544953059911538,14.93196165023309,15.949839762579211,18.289587109611325,18.937883692608768,29.851547281360773
5.88945542139869,9.597049804226778,9.597049804226778,10.688389491344838,5.567996679513102,13.380765099748476,27.996586176398367,42.564832768820125,51.71943706166357,72.11803800319124,58.3223032848902,59.62497497669555,30.31364829070112,9.23076528381991,19.63686637593431,16.91368674879293,32.7394421955638,26.536143767342573,23.236645159704917,3.909802957484794,16.689322577779716,29.3962097292046,31.545114550148583,9.429982361602509
3.657115,12.697346376280535,9.61727295025446,11.08119113130398,10.073810119367254,11.08119113130398,31.78278335221592,90.2480918847638,94.12930383015065,27.92514388235588,21.837655625463373,21.86906278083232,43.99616951420867,11.340875595521988,5.339327384331315,10.38873794422953,39.20629026750719,19.060681179503792,13.174295871749198,17.14984154483538,14.326532425237508,17.356492481413234,25.36148364648637,7.956759971460104
11.682932705336944,21.14046684433591,8.932828461995632,6.851216871615441,5.663004145163212,9.960778431294976,7.507081864917118,12.66232299998016,14.996853226496205,7.668152982439065,3.725417418009138,8.336526596484502,9.277160508054825,8.396689256132953,13.565861347002988,8.719336162076429,5.667765247889744,3.2832605210260435,10.757112188066138,16.887966693392908,17.358856505505152,22.401920095543964,23.058573086552087,15.05002127166862
9.039288155548874,9.510903189751428,5.0135994067616885,8.2837840244391,3.5078450000000005,9.943216971103762,11.413083827701712,2.5201578600000003,6.123706848650018,7.654633560812522,5.557352538928165,7.118177249582801,9.260804307977345,8.381885380599867,2.7106075,7.781648064342076,19.71169672007151,17.490091104665392,13.201741012893065,1.4409373176000009,3.188031883021201,3.826365765849901,2.629997951807824,4.2500462646758335
25.15666476784872,10.273101313381156,9.280964586849777,8.845276097256427,8.56301159664248,9.81366608116074,14.229406071209544,17.900141874236173,13.644788776280102,5.167498518462868,8.378465903283475,12.294377897739269,10.789705830245062,13.68644954943899,16.485283007355207,9.364933215077775,17.69856289756871,17.16034068061268,42.46004814448052,47.30841395974382,28.23332943859279,26.863167150730003,19.68762913878682,21.57936981471093
7.419530768017771,14.50123848332303,17.039711582441573,17.406250565195318,14.783638712951074,9.745650940497962,19.044496664237272,10.52635025093148,15.903444901940633,12.848361606642236,12.633766115957856,17.419620148411337,18.721740315599664,71.27834867771168,91.64637016041091,59.19214408363714,28.58828236237709,26.54508130377017,25.26300001241106,66.22092897727796,26.978085354437773,28.43102292353594,25.78970784756605,87.3747229967276
7.420229796957228,19.1042194736337,13.071117984291194,16.457763888934082,14.562143634898758,15.778346835043688,42.79316091149427,34.65884263035601,35.224477862799645,11.933901630407584,32.19465627485037,87.44367529035038,63.78084685481089,35.03680469551255,41.92141450084276,86.79566728363831,36.61033491979326,31.70980092095969,22.25752126832908,53.27008410418702,14.193981599761228,69.28174595834693,26.956904096564784,33.794086980461266
3.806385,18.35635535418824,20.79176978721988,4.1870235000000005,3.806385,4.1870235000000005,4.8059748,2.7346393800000004,4.047655357962908,49.93774254270502,38.08548052030225,6.990190439543513,3.899664,3.529556999999999,9.072487514476753,98.13356316674702,53.3536090814938,13.597273749845522,38.90835054374124,24.257517705635586,22.08153023934398,28.18592118185463,33.86550945004628,2.301885
21.073587014663826,22.692441593440225,9.236001418533151,9.655819664830112,3.5078450000000005,12.257288086802188,9.532303588027643,5.779144727090319,14.446038201253389,7.878429736477245,3.664493419727252,11.321330924801355,6.853902397756953,11.073061193396299,12.14320173873217,17.372559601346868,102.29817424334183,25.347133568374023,16.478815586932644,12.96320877405627,14.635561493630243,18.954039067736947,6.371462642678069,5.724568162813692
4.772008558709188,9.82411170475964,8.295843454520577,3.750343633331107,9.336965669812876,10.270662236794164,20.70917413341249,6.174057708538413,6.977478638091519,15.3696853079828,23.71217680566636,31.570771890429743,29.30374183207124,10.321531551293816,4.489158172316219,15.024302567950793,22.81643441189972,44.72497870526186,12.062058678904712,24.03749842096624,14.788505790988664,15.879087780118237,13.040389816398298,7.678305405064703
6.859459805491177,20.9025000289938,11.824763850661206,9.600456166675333,7.089167972135123,11.441654133292012,11.019654034792556,21.949717551846238,15.977323333634558,30.12028134438498,33.130535425699286,36.80105119273428,64.65853549070361,8.378262638483227,4.531077677500611,9.674806786904623,32.25459890336719,8.985123280758332,13.73445154128546,21.973294357349552,19.13064615652169,24.943469193639697,33.1423959501952,10.576088886577235
3.8098072563407306,12.843477509237148,11.492378153916343,17.367780300999318,12.511995368568009,13.763194905424813,12.327523881251656,4.60198832382332,6.614350999095318,10.595385168928274,10.233861897042354,10.50623870324529,20.706489627649578,65.10152956059007,3.8878577372787206,5.120020744921615,12.455994938013598,1.6316145430200002,4.143136084302371,4.826011751619155,13.430069953491298,18.341973441680533,18.899658083520286,3.1350108585032364
3.060035,3.2196890000000007,6.021128355097209,6.520106585109443,5.927369622826766,6.520106585109443,30.922663970391305,21.21323441812471,22.68997467357319,3.631912314414208,4.220172605501264,6.466221406720108,6.072625321093667,3.597144484489168,3.788930283417192,6.409492110085652,3.709994532105662,6.200787998531864,10.581892234167649,13.58411657464416,15.608159856498885,15.54919429128668,17.943907563426954,20.555457857178904
23.26769255889969,6.436978432869253,6.436978432869253,6.729568361636037,3.73175,19.827799951076116,25.774179828174155,16.80631156011609,7.810890308899248,4.731646076863891,5.745402237602308,22.837555156698706,38.913731581891675,27.333771635926727,13.238667381937924,6.937480010973571,6.612555926727548,13.431503146074228,9.144580332775046,24.288977708901594,29.71820060993452,45.13161812624723,28.34870999798501,29.9839035000509
2.761495,5.953865013963579,2.9055730000000004,6.224495241871014,4.0031251591705255,4.631069870935506,7.144638016756295,1.9839540600000003,3.833465995241554,12.322437683404283,2.593404,7.803176221836649,7.676175560178692,58.16607520152143,10.757546616646202,12.75807927013675,19.973526111760474,22.89408183153845,16.359829193952848,12.282271884564503,1.2658782709584249,2.463853380684552,2.73761486742728,3.171729500814944
7.605100005438986,7.1756643840749925,11.48668921588471,4.118858174784822,10.443958275818847,12.008811452970376,13.78402705906165,6.355487760358466,5.19507207111727,9.2447998912743,6.40472523537272,11.909565077325992,5.692639022548983,8.03353026295321,5.269881243751542,16.410032402225763,17.901920692404435,16.457957681096754,20.359391983814053,41.792523174823394,18.70653579341465,23.084744589433544,14.631752466960874,16.150474209059286
3.657115,3.847921000000001,3.847921000000001,4.022826500000002,3.657115000000001,4.022826500000002,4.617505200000001,2.62739862,2.6317855800000003,3.096911475,3.434508,3.98958,3.746736,3.391143,2.8259525,10.136859436815715,2.2890215250000003,1.6316145430200002,1.460524527,6.871657223987241,3.902376085163689,10.676792259688945,8.395795671904006,2.211615
3.58248,3.7693920000000007,3.7693920000000007,3.940728000000001,3.5824800000000003,3.940728000000001,4.5232704,2.57377824,4.65682932,3.0337092,3.3644160000000003,3.90816,5.666112,10.520688540306958,2.76828,8.316245409291922,26.98860156642244,23.265391209956007,19.01549533356065,48.78336875143299,29.4164533865494,33.97492623724779,30.434963491350043,34.93937207413276
3.358575,6.778601401544338,6.778601401544338,3.694432500000001,6.442472406426435,7.08671964706908,10.361922208126774,24.10201604707703,24.048396985757705,22.577079140776053,24.12864204539448,24.07652062953064,4.069362640995253,5.97392895868633,6.085956547479093,6.586688910520216,16.812909637048207,20.218937968309167,17.74426155243565,21.064767529620884,22.67190551348274,25.403637928942462,21.56954816404076,12.438332395260169
15.514515346063892,13.952016244875422,9.423828702167048,8.674848842679063,10.13408708126244,7.33186348138526,12.065439421071574,11.865086475132744,60.292105275701374,26.59031609348853,18.48470721181488,15.58007804548108,14.479455578492374,48.648265072062834,28.408427781463793,10.460654139167032,54.29424201483419,21.10285385185447,16.888762438984312,28.80485255693546,40.56068948846809,13.664375652341256,24.79929658313855,21.074406100808226
3.731750000000001,10.938966270992184,13.20802603353077,15.547691493044308,15.414940301722952,16.66325469939839,16.153419082777827,22.55236716017296,10.209184442444457,14.01147371246874,13.31584901295319,8.806376256716092,14.202685579445598,15.342676528951275,11.153000806482966,24.950221336175723,18.453442925789616,21.289168448138938,14.041976030859356,32.07128680875905,17.338278097136076,12.437756170514088,51.11544717760375,7.024434713384814
16.52622870490416,4.162037,6.883208738301847,7.19608186277011,4.5303744672262845,6.405842595333969,8.259850485962216,32.44373865357974,36.85923695268414,85.5484104011327,60.36934780351568,97.63697985354294,42.23215521532746,27.341855176738264,18.545196103544534,58.50732699187431,39.4704354181201,34.614131638621195,10.470691030324405,19.59733430551028,16.372375886587342,25.587786319897173,32.20532673188767,30.994648369690218
29.961563255447484,9.751385537105197,4.476153000000002,10.19463033424634,9.267845758405764,6.685074803362305,21.44225222458537,35.56850367471905,41.332032005858615,47.95151410740211,48.5355476021635,51.79863382657806,43.25838096682274,16.19051643208361,9.283633845432737,28.394219180436767,33.049840454272,47.227471003590985,71.4906537033533,48.84950786820079,20.17846905091714,27.172452607018275,33.02229915615506,5.6046656167434055
3.88102,6.780216354732399,6.044750439805381,4.269122,3.88102,9.39509655858224,10.78393691941614,4.902175080000001,24.270632914079812,15.030312640765798,8.021110105350848,4.23384,8.750301933110013,7.919833462606516,2.99897,59.29991898622776,28.80529617281051,15.6909297132564,15.198041071491852,19.362007998258346,38.58049245537463,13.794670262791312,16.927805017108707,19.58677824939221
8.405333829019597,6.620748492658139,7.732310738987207,7.618944287749013,4.390848691450979,8.7810320907294,9.011997947665671,17.716057145881326,29.108824085577726,13.501719899999998,23.700242896544346,21.61959331202036,18.984880129182454,16.239088730508417,5.18888241163636,9.36531981382138,55.18867391193989,19.77214001028441,21.20273751737013,44.319081092638605,26.91441871559874,34.57231615126722,34.83355278672208,44.09571746296297
5.861854663987061,7.4427981015017455,13.620250715404849,6.500639192309799,12.630179387497844,12.906286044920837,116.92936627550765,39.30881139531181,19.727934021004703,10.543513832800397,11.521130672494234,11.50149751570981,8.19278129681699,13.648047272203844,76.20830830532582,18.816426608850943,29.806268583423403,22.353934864744648,58.33835439855206,28.65325209499127,14.37819862278159,19.11549156461029,23.01556164063672,7.195883773312494
8.314601694441604,9.252330211704402,14.309874211942963,14.960323039758553,8.314601694441604,12.052235239621377,14.744227934217047,7.699430815863188,8.631700041148461,11.516975959946354,12.772449709833388,3.82674,13.687353965035774,7.709903389391305,10.509317837846915,11.708078900680606,5.053755152197175,5.531612599974064,5.23951909588437,4.007103106104306,2.932444993495441,5.921772138195481,5.998376247687898,3.429189586762255
18.73027013833027,7.11750289596802,5.716867142782411,7.929126093107004,6.172932094455022,6.464825078412958,6.486737703822731,4.6473753457552895,4.382284416942153,3.2233160249999995,6.075000451967698,5.281908385989897,7.081874757049795,4.352469966935495,4.998579917338741,6.605406916359473,13.61019722376597,12.931454991632895,15.448976070485305,20.543166099678015,24.958659837801743,21.4359189475618,20.91532919624923,16.68940856382283
8.802446491416152,9.261704569229169,6.982723927271782,5.9764700965664606,8.802446491416152,9.682691140557766,11.114045483075005,2.5201578600000003,5.963257386730287,7.4540717334128574,3.520338609119742,9.077584454297009,8.5250358353398,4.438040778615245,16.915507203738255,17.55223304161229,8.199878380504645,3.927193897252332,5.360416207486897,3.98295450921264,2.0859559951578635,3.832717413021357,4.258574903357063,3.722281814598164
3.507845,9.69585458054966,6.420404627522574,6.997602371650959,9.215068403001744,10.13657524330192,22.38943037941043,19.16362390027693,14.27327192390563,12.448122704953612,24.40307025399317,29.42178504531,15.143554022012838,22.28290911477424,8.631300716704674,13.300250107824587,19.970124880424443,11.267253474003688,40.13817711940755,36.44943511817235,2.7925592489745306,1.979188543783451,4.458199100898868,5.572748876123584
9.236914023902637,9.807823107190249,13.221032835115349,13.821988873075137,6.2097303723332695,14.000259576072576,89.18574195671124,62.37335965731905,18.53476967682503,7.461916502527368,9.287750815499331,12.361080891444612,13.83667334759136,24.82660062766307,26.932149074087608,26.358478060129265,54.29328873468277,66.777985842389,28.394323176520324,28.32591715106252,3.363762394302529,17.71039892571156,9.62378008548885,7.128303035826852
36.49173057745157,11.670525833146511,5.908865502911838,8.41417259699748,9.174285746246849,10.091714320871532,22.7265933445826,25.570929170168323,17.5347972395162,7.768951975117217,6.467536659182046,9.4029639829957,23.324103638087113,14.372684808518775,4.143124801246642,17.130472808972833,52.12853033497006,22.750673386649527,24.350405528425966,28.16159966628626,10.851069973012835,18.19420091387875,29.49153609097923,2.320189356661116
53.64828050506143,36.60018543188112,10.007754966573737,10.659087125782682,7.452551021506661,10.659087125782683,8.627221366479132,4.712693844762264,23.00767525981101,24.4879858582062,20.54898798049341,4.23384,9.927543596848261,24.120672694941295,19.54378099706642,77.7684782754042,55.19253859270506,14.997588631082214,32.96366054327763,16.856014043139044,14.718825066118288,22.37622781074689,28.09199817067777,20.060752528965715
10.671467325433202,4.319095000000002,4.319095000000002,4.515417500000001,4.104925000000001,4.515417500000001,6.117276000000001,21.703969834906875,6.855954766724332,26.81277953600372,25.317982137218937,23.769021483293784,39.400927516978015,3.806385,3.1719874999999997,3.533805000000001,2.5693098750000005,1.8314040789000003,34.99715159765083,15.69350147461278,11.292067192020866,25.78559727035302,28.055475851931543,10.729427005441108
3.58248,7.14499183493491,7.14499183493491,3.940728000000001,6.790694719153013,4.470083428660248,7.763846241537515,15.575540320914694,27.71836128230167,35.86312283040477,92.57392016210022,54.41881397399218,5.393399540054481,9.533526129379412,11.212957903917633,21.9344081819924,53.83493813452751,21.60649533510586,16.92663678378565,24.701254164276943,13.280494970806998,23.6791161769318,40.40918696665327,41.345483584968015
4.8411550000000005,6.675544819865596,6.675544819865596,6.978978675314031,6.3445260684673,4.3512205,5.0583324,15.289474766754504,10.79880498,5.372660029797536,5.9583375251692905,6.92130116560069,6.500004572911952,4.652475440338037,3.9796154128169112,18.00666934358053,21.120483828301992,21.79360654363662,20.533179674797537,21.747140399049176,15.465660606605663,22.084350594616737,1.913724,3.836808254843861
7.124874378091904,8.906330641161315,11.051259214237472,11.553589178520996,10.50326288956454,6.242081300371525,15.317317141705718,23.647663623480344,39.809565026788285,90.30535287134144,51.371656151957815,38.45211008569726,8.64734808381273,8.794234748453329,13.816391655662256,7.528920819407455,25.3385037341428,18.48226790032242,15.424044218202734,18.369077668417003,17.75894635905777,34.463167194704184,38.23269937612095,58.87571350709793
4.277946879407813,16.56870591831837,16.431549898673556,9.106077291148791,14.75648967746472,11.1557396888725,12.560440589848898,18.86280142833396,17.805005017370096,31.37267646131613,25.67162391859409,17.845511956649492,13.070280215866921,11.049629908064794,11.35672810795524,10.391820461864885,43.814522074813226,13.232961639112116,14.67825370269575,18.32325809366417,20.889083611247727,19.757431179577075,27.869204680608195,19.338138653464
41.899268790952746,8.73712025066422,3.690863000000001,3.858629500000001,5.719008972878567,3.858629500000001,4.5945090252584375,15.213812023416914,2.3764055400000004,19.31886567023012,29.728197125625915,22.456859708891688,78.68333863907688,25.249821295637073,20.42458723713615,71.60267700891161,65.51029102195848,24.430932407563727,19.79670109212924,24.25920286749501,17.310264597153665,18.55064382544116,26.752778352294683,17.013724387927926
6.266840313917126,11.39415208985639,9.484745593450468,9.38760263013887,6.266840313917128,12.941275856954656,14.279342027113175,8.21773622971789,24.2300971917902,84.40762796897246,54.789785765181335,12.853071284965903,14.626631442502942,12.769420065359304,53.53388489020443,5.188218623844962,17.97609439424486,23.11418149061569,20.717528546494197,17.56914937061992,21.59186502240531,23.03872467391456,26.348101506129364,17.744995201373804
4.255275634902317,13.193709737687524,14.776636529115148,12.396560618280764,8.948700676162268,14.618434316630571,14.016504372215657,11.294518590256391,18.89104729134942,15.298798108179046,16.838192535950743,17.140283595936488,68.7235196856705,13.68375607022909,18.45729695146539,24.117896785737788,18.199494840702663,15.621306750929907,13.456736029361808,12.389930617627863,3.4455264503306737,3.8829371146206513,6.783281135074629,5.919273063901857
3.43321,10.771248638432938,61.37429558882029,3.7765310000000007,3.4332100000000003,3.938602767390147,10.440160224119843,2.4665374800000004,34.25051779787908,10.217666203225544,3.224232,3.74532,6.949931501188456,7.843736281127383,2.6529350000000003,2.955546000000001,29.527925168359477,29.84809440533621,24.57038696369484,23.16285621674558,19.19598050515815,21.65847474959917,18.83709722765196,36.88641033645578
15.464426506635853,6.604537660155857,4.8405094055988505,17.573648183828332,5.116347462470756,6.904743917435666,4.994444400000001,38.25838226811337,63.36050314139914,37.01868437623479,15.787410891721702,32.4287639559372,12.549337676753579,43.30932311119007,4.85043994200026,36.49524050396443,19.41702561671157,19.205029109788395,16.16407543534618,25.06562407462925,21.74864081015484,27.642928682639223,1.913724,3.79599647634803
2.38832,5.022059823875559,5.022059823875559,3.0643492117358924,4.243096049788632,5.250335270415355,6.026471788650668,7.437008453294201,14.99111391613879,3.8175106081850494,2.6162032795847936,5.206944069833407,3.396962529852201,4.7099520329768865,3.6882520494653304,2.360952,15.71922616006692,8.686825469028499,5.2263376718606,13.096221747367732,9.063140193930536,15.772745024643156,24.84525289699472,12.466249161847898
3.976036363790264,9.067084785847277,12.40133695783458,10.016655003724368,10.076390082815076,20.230462225225416,14.881604349401496,10.247194452169223,5.954654380739775,9.980933270215132,19.13115612100093,11.407851717401623,10.07304855324597,19.689354543718014,13.737281635238517,35.83552751670466,31.59973128889926,41.43561535818001,31.63243541916249,42.49997329028623,22.036446956476063,28.173076965015888,30.045695675078512,24.08585577811533
7.852924705719456,27.104279880548567,39.82185649073581,24.826640679748028,8.28895714609068,11.90325207172061,13.662863247540187,17.234726150240785,25.33718454324957,27.98969082496752,20.582305331715443,24.49136156352168,17.34487775217509,20.753646684141675,9.077890975589364,11.744302106097056,17.80451055403561,8.953827962506507,11.404624981642288,16.050602024780687,14.979492201007282,12.400624448161516,17.019570884072074,24.113829082529044
3.806385,8.997347120756281,11.91252084975218,8.250599001024586,11.875941268499222,8.250599001024586,14.99466671466163,14.76376979472498,15.018027494371353,27.70513166498608,36.4491001930555,43.891335943219225,5.122196695334263,10.090148710014255,11.538244589128295,24.071600713821848,30.89162231063793,6.4709048311984665,15.695084673355474,19.088436018871697,15.054443449747149,22.114348551233743,17.69132882422302,6.339987139846408
3.209305,3.3767470000000013,3.3767470000000013,3.5302355000000003,3.209305,3.5302355000000003,51.172127485714284,41.11178269038805,19.311620346191283,2.9985546947823254,19.50805921980678,53.93470613356698,4.334763721706073,3.7764540234368433,11.454054513388812,20.964947848509247,30.25428641260656,35.83765634159769,33.464786482378514,38.30546207589795,29.84994270493407,29.440418888250257,20.35260938544661,11.627244936034856
3.955655,4.162037,4.162037,4.3512205,3.955655,4.3512205,4.994444400000001,11.954590642144344,16.533246229206167,3.349720575,3.714876,4.315259999999999,6.982772992694178,3.667970999999999,3.0566424999999997,16.499320506228877,20.204968702054035,17.536997827994856,29.50516990031728,9.954870701691744,12.38996367143264,15.426055116223433,25.90382190285165,16.15010326072017
3.060035,7.451835704289561,3.2196890000000007,7.790555509029993,3.060035,7.790555509029993,8.942202845147472,5.142716521391763,2.0730346200000005,5.997440046827634,5.140243954032755,4.874002763464955,3.135024,10.74670126867509,6.952155424372911,6.096956485327822,5.389124824965104,15.526610123291796,10.50733356439029,15.910970749076135,11.6378965119474,10.590033478132243,13.2768422646735,4.282985960767477
6.639991068108795,3.455276000000001,5.841765384705772,6.107300174919671,5.552091068108791,6.107300174919671,5.896423415450903,21.983186868253853,20.683273840231664,4.7016116635848535,4.740784432357726,3.994871103292508,5.688150216813434,5.494658702792648,16.506295898760552,4.201349502669818,3.475104273084457,31.06049371747841,14.66753681179854,11.63704310556845,13.200035556380008,47.808009987776686,14.94287839276627,58.87669258296923
4.17956,9.82073286961368,13.799081915225608,14.42631291137222,12.646266793955537,6.340648252274763,103.73985323821051,19.90896433277536,7.055053419816217,6.741210913437744,12.316535924333596,11.95005308246233,8.619079654136906,9.771352167190988,8.539260546688276,25.422248619235138,4.9826341534105065,5.851155138893541,3.727576847130144,13.409794423278164,23.762958320971844,24.61162197856968,26.058461443353035,14.444387389137692
3.625114595853225,5.665071152798638,5.911847171898467,3.858629500000001,5.618697725358046,7.015467497893852,23.955347328978103,26.77711073603901,47.25519960602815,82.94866403294863,61.24809514918436,18.261374936660093,83.69574119828376,15.071400250461977,28.86522879394611,15.537880841170734,3.51679398537183,11.79087030497673,9.333166241225348,11.074281275085502,5.346645011037327,1.5273684000000003,2.718294867920255,2.4759348846945337
4.328830000000001,17.48173219901563,6.341320001569481,16.097199433420233,14.854303082869006,14.082378906253163,36.15241483576435,98.42003712138232,16.065698333587353,62.11947681552116,11.02404942166972,10.041958147528163,16.44214674173271,15.406515303865756,9.396553907293479,36.12911419572191,10.126893793973384,5.492897140608602,17.742537261986065,39.02548892601387,22.879709773797536,21.98556641211159,22.893435995604463,27.93889706219886
5.564284635405088,11.15253931313318,8.167068694896818,14.988837017221194,11.464290730626022,12.859606080553982,15.128839317507904,21.089084464413908,7.225774479401864,7.701680828298024,10.2628228597345,3.8338826407377633,13.960138537059764,12.635217981459185,7.828913378617377,10.617966465243839,17.22582126385522,18.779704879852105,25.61244734543908,16.215740491115422,4.4455075319277615,9.18162909221203,6.286117316966185,2.8636976415723723
8.704931259591191,8.217229294929346,14.078112881107907,5.1192153778773575,11.607668783745028,26.9132406653368,9.712183666429858,6.156515124457396,25.945176196008497,22.779390527648893,9.492222622008224,10.601664444338002,5.546073962338183,11.702593117618603,7.449052222876203,14.627626786962448,25.2058249756374,15.949526522859678,9.648113614364878,28.915490689944903,12.517082153855082,10.814308234091948,20.494038825059903,7.808754312536025
6.409861490872533,14.404286782838836,11.603157351180108,15.242055434695567,12.66690853691362,19.65958919291929,38.60367095891012,25.51577033515209,10.936149082758028,20.845530207872507,12.825331719802204,10.259858998795702,10.9898362950202,10.913281506031154,8.843956331521575,27.607358698308342,56.34467750787498,70.89859054610235,35.82860779448526,19.90009448597447,23.32103366903601,35.652789917331084,39.68234701952105,18.89934214916005
39.14301996783583,9.037203203487715,5.488252375653821,12.208485859102725,5.560321266195397,8.85887590938635,9.436388418792967,82.8174189387249,33.00647762846288,31.269733025083653,43.96523344687578,34.89224251003299,8.626196722735703,5.0747995525329035,8.576209074576296,24.849544844057867,44.55076530472293,48.25049745002472,22.841526652810632,36.29982970559726,35.29359477965246,57.86768914796061,26.84166607955297,5.4389872818826905
7.881481608591926,3.062631000000001,8.292689344692377,3.2018415000000005,6.977714952484301,3.947448991288789,6.687636297104933,33.20552456545522,25.089769392034583,6.6741819258212525,7.40173924980807,15.526813249257936,24.03230084254605,17.565782892683554,14.221808584844926,34.16763816011624,72.0215373583654,46.71523693554282,39.90056566660773,55.68527632841933,28.97547689176004,28.372962772979857,33.21465627358146,4.766271486618833
6.936789287658319,5.376992364376768,12.060405887484556,7.887211486456533,9.75343665938848,10.084313219969184,92.95441954542405,22.41349211234154,14.674971163300617,16.39987802833709,9.919211861875656,4.776775150232978,12.297676446513345,21.51501605953023,6.368337791927392,8.418762278085074,9.815044819181855,38.22803649041191,19.07838811190988,20.64372110953708,18.645382890847984,20.095221607325065,29.33750566408946,63.0670772736809
3.88102,11.453641977651646,11.680710375601585,10.54992393494983,7.43232651503321,13.94825297185831,30.867312450721894,23.19189941737584,30.60835044083762,93.99550880135207,61.82764417938331,84.02684284270366,75.41408743375568,20.89468064910275,17.614245185213345,5.587606504877989,5.953899312876117,12.742618106168386,35.45042578633601,19.916296708291604,21.77237652056919,31.674064550835524,29.381542901373034,21.25553865638483
20.853467822798123,31.14099470094099,3.847921000000001,4.022826500000002,3.657115000000001,18.130182951010703,23.527127183052947,27.135799145653763,65.09507012808353,34.10442410472802,13.501125724106895,98.91275602515344,17.006403832717897,4.88529221732003,3.49827174862514,4.363817707940002,19.942226899751773,19.010878791909583,20.060759365779717,18.19504058844513,12.632403217113994,17.44818639292142,35.171141283745136,40.00486760814001
6.700062568745094,9.710069261551432,15.020403134884148,11.534921406304733,14.275589756294847,10.34976225842613,12.48356512304732,12.9815703737619,35.139253499856096,129.10994678219356,35.90437966574518,52.94688961758963,26.425046166174624,15.608965881720172,11.910907466498191,29.14568580972705,72.85018531788258,24.447344014583663,23.15227074138509,20.18402235486276,17.22362628928908,22.54377475259642,39.89636636547908,25.0266304810634
5.197797524298631,8.801393206979892,9.320299127677885,9.743949088026874,6.885435340180836,5.814404937099461,11.184358953213456,10.021084357097074,14.36159447269642,12.4976922506001,43.77582247109468,18.27445306999585,23.761474380322273,7.756599723356431,3.986749335978959,6.139741422464934,40.17902280795063,30.346520592773267,20.092588729611407,44.420907980098775,11.97871735224182,17.167545690401514,18.18014139961385,4.163919395445327
12.656140956767588,11.00292085331153,13.296035999875064,12.518954883432976,6.2606765774592485,17.074113974210757,66.89650380761417,37.99206078039579,90.74129418904698,96.6467321767782,35.94175536161665,18.056986784885403,12.67768522397975,18.560353766197558,11.030826025150775,31.167717864907182,69.0403306958798,50.64565170623691,51.39072954310732,35.34587082316554,22.630160827754327,28.11169935612596,23.11296044363441,19.58805339275915
10.197764774271247,7.447186253475422,11.503828835557597,9.696281134154848,8.744560916304602,16.372845764191943,51.343458345032126,22.606450893589148,12.680048122602214,61.22176428077863,7.076979877459391,13.63264424458198,15.788200296534391,53.32321209018228,10.417595961801487,53.91232799808842,14.491985255254535,13.204776816692478,12.11836491348075,9.647004421383368,11.62841817459599,8.422352171488933,9.518967293391803,5.53409605198749
33.2673706794364,15.213612142402464,6.13719958894237,7.563353599189106,4.789975285503663,6.416163206621569,8.681414566025754,6.248618294676095,6.033478604227868,5.550228852642417,4.89017935870951,7.500846544650349,21.05196297230277,38.391416637379166,12.552482396333534,17.967889073351493,25.50826490826619,22.46258574423148,31.275838316078968,51.22572207852383,18.572928719091784,23.501926677981206,32.507385098479126,34.02918421787518
6.43164548336564,6.767209595541241,6.767209595541241,4.022826500000002,6.431645483365641,7.074810031702207,8.59981151464949,17.99552630005423,22.84647350390868,21.2541720510152,21.256488892426635,24.742225769567213,60.973965185564424,28.57857334952034,4.731690609786501,3.1482990000000006,4.025625377542949,2.8694657691126157,1.460524527,2.641963367980924,1.833446378361271,2.062168673151717,3.2607392163546525,3.5166313143103203
8.830365346168854,3.7693920000000007,9.291080059882011,9.71340188078574,5.967882430076752,6.82706494039287,11.149296071858416,2.6966048995862857,7.080829100793733,20.00334766272408,20.25975649201627,17.613516840219138,9.393084588026957,16.986771027613397,55.94731044133361,9.285063688307151,4.033960879754011,6.17875766433284,14.337187159904904,17.035734894578496,14.240838611731462,14.982755447066358,3.925868542049998,5.3401023634934175
57.753484304302205,34.60268569079344,16.891180412023942,14.21396937529887,23.33507954339255,6.7791759631082416,22.426281028752143,15.648758203501188,6.74766294863773,9.951736390338036,18.574864942935992,19.3765763959917,12.016069731358044,9.206022338565894,13.341932185044671,12.18489348972866,31.336192056669677,31.19913526164704,27.86524318152312,59.98722733418308,9.275307814778978,6.058366510515326,5.442844514686618,8.642407000967982
3.657115,7.252086056485451,7.252086056485451,4.022826500000002,6.892478483436584,17.294396331780245,39.36424698912822,32.216442461560064,27.20080045351622,34.461105539999245,48.20713455513168,50.91065899184649,31.706598989245073,7.525177561283214,5.326006100837359,3.944077844373222,7.08995862456833,48.09666701132517,40.00161857590551,51.831504583246144,24.09673404174616,26.9230214098582,11.100247213288135,4.168178687611847
3.806385,4.650197338044398,12.344943307799936,13.749260149917031,8.993207183550538,7.747084036625944,18.816439476426517,37.880212899479055,69.54025015733232,44.144635848827846,33.21917636572449,10.625257339319894,12.805635037220606,5.946217195143367,9.658571179693782,6.81326691367587,54.064260006654536,16.920575637715643,32.650773693778845,33.53922838179597,28.89880614297568,41.0179543657066,15.954495346722446,5.27547968792517
2.38832,8.348058106917163,8.348058106917163,2.6271520000000006,7.934104812359285,8.727515293595214,19.09440643224595,17.045069980716544,29.963511191353927,32.87365193994828,30.34041151736131,28.620956142109268,26.561175949197427,17.626724553554737,7.153264416595245,31.934382587598233,27.78560203650751,7.731718401780342,2.7899135957638523,3.2591370787130685,1.6575970738652648,9.489180312194852,13.736548740205684,4.798095005102651
3.43321,7.183645966133719,4.452642697913818,8.608306013004444,7.825732739094947,3.7765310000000007,9.88083820623119,6.062147479165431,8.852490971720881,7.989004538523973,10.964072774907308,25.26621623110634,8.59113633707939,5.960612822650938,5.738591469612153,2.955546000000001,17.930496907337194,13.13661145501182,12.585948078073004,18.609733418576155,23.4695620569767,46.16338699792072,25.381445258072617,23.74060117238144
3.209305,17.006015517576987,3.3767470000000013,18.01689632448037,15.513978107494964,17.838297762925425,14.422573064830392,10.990416635371972,4.9460419874894015,28.632230449006443,9.35497384888239,15.367536424861704,9.38327679598457,11.275811190040649,7.439035341186248,14.10017973220203,8.732733501127079,14.278919514862242,15.893709483239236,29.13908312752668,23.08807971255904,23.928002364865016,15.568017534038162,8.084601059379624
3.88102,9.622316605111806,9.622316605111806,10.059694632616884,12.59945709972228,60.98791645886008,51.76375538934307,30.2520955518504,24.026973573139397,5.515410203835796,5.891933997566022,9.976556660446496,9.12414435806034,28.533454629216298,21.573894858378804,10.967797224248798,55.18672565005022,13.036994109394003,16.821400569549922,15.397585241558104,23.026044627503776,17.05821826480742,22.74441848702015,28.8818296434485
5.163208246899985,10.27718429182788,10.21563244059156,8.675940619530218,8.409074444842524,11.793334230919989,8.680533218245095,7.993355143177061,7.537406186703502,8.736078359351144,7.787340054652672,10.812545793670886,8.615146624913763,10.60793434132207,15.484329236907236,19.274501417677353,58.577384012479634,25.40445077637855,16.881123521535876,17.875258124461656,20.980142498927908,21.318127189659865,18.81650522669324,33.12112768431214
3.507845,9.739104387870633,8.886457358436815,15.205187483842762,12.999048195062194,9.694555205488186,16.065978098043132,11.742504330760072,18.32942861320637,7.463205102406813,12.852553579510516,14.92973395599706,55.86399304666634,11.957467870782567,57.91180298135883,37.496297778351234,11.761881855642384,20.933781563191324,27.63423073127868,31.535722038192716,35.85762296159877,44.07362218585622,33.57250465806054,31.647563425175274
4.17956,7.1652760307123735,21.71983286547819,7.651717862175016,6.956107147431833,4.597516000000001,7.306760289189074,6.791121276863496,47.38986775140224,37.40845694421078,21.834623280197487,9.423086088641456,18.361161964466692,5.517145046496559,5.826860800588149,53.31660880099443,66.76279918727762,19.06148997841041,31.037468954891004,27.46526516548897,22.57602537974291,33.30132382331014,35.48684489538929,14.30147405779053
7.426804170532249,8.52811820520891,6.000745748965072,12.4707180697085,10.94599520136018,9.97342644801807,7.891098741010558,7.451893201356258,9.394273310369234,24.496612065060184,24.50471716958564,27.245484119214893,32.93139191392936,24.488035885777,15.694016111279643,16.935803897247016,21.503645123924628,17.792657970477126,3.260841159806023,4.214458121529031,9.923008039514771,14.735123613784006,18.841857696200897,14.290803464247412
4.104925000000001,4.319095000000002,9.272038333866204,9.693494621769212,5.153795128998728,9.22276033797201,29.784017382964944,10.740898332422788,18.47498785243915,7.4623886282462975,8.275868926095454,6.8123195890770285,6.616870323324792,8.171375631574044,6.809479692978371,10.15519964808556,41.26311026541031,34.8284748971508,26.602664748249605,51.12749665387768,16.44770565496481,19.02849906286653,23.56531170634452,8.098594410445715
16.842870361661753,9.472321069106812,4.43062009719153,9.11225073801586,9.002619197911432,9.902881117702576,4.711740000000002,6.467794766360369,6.098865296621454,12.694523081753484,10.801600356489226,21.403993339347902,28.623231403438577,25.281569634993172,23.46532299425302,21.168107151949545,34.243714387292364,27.731714133471588,17.2118437882432,16.477943335224584,14.676044198919612,12.947395613088116,18.777682373194192,28.790972891387536
11.716080628819114,8.069141417564982,9.39853224610206,11.900629181191569,9.518618884679231,9.08055327621205,12.78117446754213,9.625565730641922,40.31568007418407,15.26385059359126,8.85319018172654,8.146379813143074,9.808072248074167,11.37341362377379,9.477844686478162,11.276168841070257,21.92049289477714,23.71647212376004,23.26872866623839,25.988138405467712,24.409966916816188,22.80032627781184,32.79904183855085,28.20953178611764
4.03029,8.019543387538386,8.019543387538386,6.408693543485973,6.364823551392513,7.396380815228962,9.623452065046065,14.16486852,23.95524729428099,40.584595800330334,11.25561589104825,6.551634047439242,7.072740264011869,6.734523175074584,5.750868626223014,3.469554000000001,5.896671522722548,38.699658196462366,25.649373186214103,44.520942858897136,5.176915279119416,3.318681065256305,3.07926641379622,3.088886777190127
6.6527588940468725,11.383476637595887,8.821424108742972,10.582657323593429,12.550245947514847,11.568717782924525,14.90924493699543,19.849281828405527,25.075844719270883,23.302287558639467,22.65909705788268,24.12436302555001,97.73663290153038,31.326361753416727,27.42396637413354,19.64132291388424,24.618711958887,21.031293551520704,31.5043438374587,18.400241014672943,16.092388421923136,15.175522061579102,23.25805556971388,66.06043543294344
19.87628262335964,40.1494838994142,14.564574219055446,6.828152333562551,12.93689765595324,36.14234353440138,14.68270171533302,30.7045616038244,31.360550484061697,11.81638801761877,6.675445906993343,6.03478292577896,9.127854697702869,7.6351560359043145,3.4046411873600273,7.669933461264218,5.576548729377846,20.447125758806187,16.465840795367495,16.415691259131133,29.855914604066665,26.219892646633934,4.310375829470801,3.4815421952140007
9.11957011061276,13.995723295062556,10.331578551824212,11.21478877583434,10.17884439878263,29.56040905700428,58.88868109950553,27.97485967255449,21.91832863760438,5.182324857171519,12.492050544353358,14.510967804046825,31.465108730780933,30.048947726190605,18.710987381406444,11.051321451243357,21.9836842053464,34.60514480596371,30.538657516523504,44.53425866149955,22.498491809231016,22.97708361949597,32.615610707312115,12.593061757802753
3.583745,10.237503840336364,12.69822287784551,13.275414826838484,11.785740114316468,7.286898510903643,11.401387013378848,47.849277149810426,21.104172095278656,7.345921714390045,9.381644985177164,21.98971452845973,105.74214706903837,13.798798748139008,9.024508429676773,5.913373583902569,29.519115879524943,18.12177236249669,27.054905696958816,49.332984213199865,21.27762951975064,28.87515476231943,19.833227185974582,17.95892514052725
4.018531882784199,7.700141494794165,8.62599404919287,7.566179545667303,4.458503137973666,3.694432500000001,10.351192859031446,2.4129171,5.811041693671902,15.327202432929274,7.699234357957271,14.854893690917471,8.325474106141769,7.6020218029325575,6.335018169110464,7.057631494794167,11.747525147308044,50.53004056118097,16.970771974608148,17.514780061886345,9.7831681554924,14.102123379843851,15.748723006612424,3.893562013074777
7.546098413554285,5.104243230182062,5.758604306909419,8.300708254909713,8.128458855151425,30.304033122337955,39.23922428509376,31.990615854673887,40.92277957473599,45.61452904791298,16.927954357613245,8.232107360241036,3.05856,6.99729125620488,5.831076046837401,4.35466111834733,3.295880298969147,3.366676715010417,16.913328588715817,48.21288197823525,18.546428303482223,23.41054579643944,21.324371183178386,14.57431675249624
3.806385,4.628055745869578,7.743439475217465,8.963945218333425,3.806385,8.963945218333425,39.35163318008512,8.956650474510617,10.529472846377336,6.900756174278995,7.653012518419051,4.15242,8.348740929184418,7.5563835724794135,2.9412975,7.015261475217463,5.1005589114236045,1.69821105498,3.254443573457702,5.8547533302362496,21.737379354529462,33.65303062811309,9.040007560319683,4.928076242921358
3.358575,9.284911180942744,9.284911180942744,8.613767125847716,4.103928731189048,9.706952598258322,31.69111828348735,22.32179121489606,5.978199236547191,10.83488531585633,5.305936235700928,9.084654408647625,9.040754989107285,4.496607374205144,5.475038279594048,7.596745511680427,3.9367053,11.321707816608711,21.813270304433484,19.60454477868509,30.43560351874535,25.45072334059073,28.34424101757729,59.59934468455352
4.104925000000001,7.079336876050864,7.079336876050864,7.401124915871357,4.104925000000001,7.401124915871357,8.495204251261038,12.736968592898055,12.022091580300753,3.4761251250000003,7.883083608464791,9.745423848376545,13.991104214718268,18.36267361444121,6.0077518725245636,9.249769251528937,52.25339879842476,15.222832550047231,24.33133576907146,26.91025943166133,19.813325564175184,27.37447472310732,32.06277941376895,25.623956650837897
3.955655,9.874922894510131,9.059101041399868,9.02050635339001,11.866057746455567,13.052663521101126,27.45009859207524,6.372757815452821,16.07706561498746,86.94878322110846,25.43127091774476,10.397658256005528,6.2951756200137154,11.003071728531525,8.798059338833935,7.563972758800221,24.410703973822823,33.22817005715487,24.60156891338193,34.61924304439709,36.447096412992565,17.61322022280565,17.495263863111205,23.014544581516954
7.251715566222807,11.039049448286438,11.047456189291418,13.230509984631093,4.861848683348832,12.479992432947377,13.811080331765297,68.93632761950732,24.16496230393303,7.874207977777141,20.83628620697858,60.39071987149261,10.691466664599597,20.977242052272018,18.568799241271204,37.21899229959889,49.07928113775028,19.1446189857816,35.36392953442395,29.746103533324963,23.63903382804222,18.70243945084103,7.913697711551175,7.41122681561059
3.955655,10.2162410528951,8.289903399701204,6.077419176238687,9.709650587462283,7.228218293731142,9.617654767665352,20.804676161631946,55.14979671962432,13.80962955182951,17.732704029893604,11.48497924909786,11.630236605860503,20.25174552583814,31.289841518299276,21.30224027071184,30.305513133291388,26.01698123138144,20.59501305521693,30.19725091303789,20.70494621751925,23.8988119796626,30.117537759429016,27.591145886543817
3.510953483546063,12.466038872483018,10.191907984813444,11.76168812083695,12.30191515168342,8.038380365037037,16.682489043690722,35.79433424155264,46.01140994439756,24.47603965327079,13.270975678552364,11.883957460253358,15.257311486929357,8.683592186189703,7.210823398998992,16.381526951317213,38.37267866142631,19.845904607137644,14.756792041788067,20.702344836325988,24.60967152166877,31.60247708488062,5.292631273714711,8.381034237429436
4.03029,4.240566000000001,4.240566000000001,4.433319,4.03029,10.569834000000002,18.664879200000005,14.704152348311052,17.252542167970738,22.39171728752673,40.87917156028424,31.8658877630968,16.629803633901,18.328620116463387,33.451566709807686,35.99180377002001,61.47974908712415,29.53980507854134,25.38905090148833,19.9174742926469,21.77687869361978,21.12792580734328,30.801623851535183,24.81041589963377
6.15018569802582,5.3750267510199246,5.923045851427894,5.619346148793557,3.806385,20.93034078167097,31.20156358699038,21.456649850502604,60.48636879071508,5.20808907064641,3.574692,6.709293488755439,3.899664,5.7028994654421235,4.752416221201769,3.2768010000000007,3.849457139173433,1.72078614378,3.496876068288973,2.52634654109723,2.169085414073378,7.753618119596793,16.618656547189477,19.793753841290936
32.17636534869105,9.572510154296868,3.926450000000001,10.007624252219452,9.09784022929041,10.007624252219452,4.711740000000002,10.13081709832439,6.163373217152012,7.7042165214400145,8.544058650116211,4.071,9.320791254672232,8.436179121705651,2.883625,7.832053762606528,5.694420907151316,2.970769393700434,2.367025155393513,12.786648227386538,3.208682389420917,3.961336283235699,2.749430821509373,4.174312606190914
8.696467668811515,8.888425599121973,9.1095211701783,12.422077781021803,11.43316258037214,5.7837447460382085,14.967287177352237,13.86970106103509,6.196697469459377,8.757902793455841,17.601307387456632,24.97687751951081,23.320879539190603,33.318344870669726,26.2879608025996,9.842461699624712,3.730275948515671,11.768232379955204,32.89306639980802,16.428044156446116,24.80762308654164,23.71258118645667,29.02749458586217,32.95215755748622
4.020134295179705,10.924420501244647,9.290308942343032,6.905499527961535,9.478756670773803,11.230135099298746,16.615335138261216,15.789871108664286,10.812769461125482,6.926921310485168,8.903124736166339,10.781549381558774,134.50699081975318,70.00294031702619,22.093994504749674,15.206916678990007,13.849484532187567,3.801658895854533,4.403377476824773,13.420360553058838,11.158166096090373,11.601055772998556,11.474722913294643,20.458812943024828
8.178695050900158,6.539779689306747,11.770620768187174,3.7765310000000007,8.404670529514453,6.837042402457055,11.782788370379208,24.51090958427532,22.166598896255472,8.557059317285667,10.506008619538964,10.011847575574182,6.599322742290245,9.954275198852011,8.644464162962405,9.630507901244052,27.27083789028263,68.38072311450046,31.613550596815312,32.92983812933501,22.51748557160124,36.97848930497874,38.325756111440725,2.543589570982482
14.590808748059231,7.595829037524559,10.872563075049124,5.761118043191154,8.917858916874916,11.36677048755135,16.659775597938893,18.54749688333312,22.51171835436388,37.52029684902093,43.463546351183375,123.46642577049003,28.559576609984813,19.8610924891728,21.554555515737228,6.9459412704801204,74.48291383158401,36.63131371789549,24.91585777287324,22.090968648601635,22.880631914704367,29.199101278453725,34.15966311345894,20.353423567966875
5.306411496522536,4.432571306778471,11.85582923678652,12.39473056573136,11.267936877937602,8.002454131988106,8.151317871774872,22.4157481066539,6.892625621864711,14.490295039484687,13.721148352735264,20.339259346544583,132.50591122421997,67.74177662294161,33.03363835493509,94.1307737854966,20.227871369606675,21.95214896649801,29.489652836417054,22.38902599806997,15.784759538995951,18.44612068373397,26.79476887710656,23.9493290329435
15.443709266546646,3.926450000000001,13.01473859663883,15.184473489498624,15.262782357256974,10.059941436275585,12.664038399253885,12.762027940096155,32.25172100164735,40.02919315732071,38.53024466857008,22.83833846723697,11.593846154519191,33.39401908340457,27.316353715664523,29.2014948434599,42.68223882762417,51.739527346290906,26.67945111297751,24.40269827754728,26.38544095178107,23.514666145130832,36.79494981962837,41.8437250599405
3.88102,4.083508000000001,4.083508000000001,4.269122,3.88102,8.1054875,4.900209600000001,2.78825976,2.6292146400000003,3.2865183,3.644784000000001,4.23384,7.758561954352442,35.64789224936006,26.351273183510386,18.426303059785436,25.953612660046605,52.54837443392445,19.882612834540684,19.657804450766804,16.211225413213334,19.6363445398972,18.251137537164144,2.34702
2.9854,11.888919303787016,9.75300847908327,5.642637287380945,8.170844387657153,12.42932472668642,14.266703164544415,15.857807597182578,16.243591065903065,29.41310281746816,25.674141020638405,26.846603689113547,9.999648248699057,8.057433275410297,8.731343816267318,4.816907231181859,6.437091423847527,20.596831172258916,18.404035804717825,24.024988574632022,25.530293777508422,18.87271605615956,24.74957386197861,6.833225595339641
7.493628251893109,8.373424352613236,8.567694294037384,12.27956307061914,7.958213227690264,13.46679012754171,29.19358721182247,63.79937655252064,35.89381152540605,22.763860865959504,9.686746345678255,8.174867183883391,10.350010444178952,18.54050100085645,10.19572131262265,4.053678223287795,35.050687096031815,52.52536919016914,6.284198205226861,5.028935906663783,9.392456368882629,19.5587303699602,22.58752588476128,31.52433670342125
3.657115,9.660463273998358,14.86619624996603,4.851474055590676,8.177010757767318,10.099575240998286,23.817473120723,6.596260129733424,5.029215785066823,4.372754777533412,8.622562261089442,10.01610767702309,7.348360445714986,5.021044803558517,13.652952375814836,3.1482990000000006,14.585372679436134,19.89447282034252,42.54990033746788,43.76044859850845,15.220820184095272,21.37417892633292,25.525846183647232,48.941341083438566
10.136054776926004,4.397624,10.192387417461276,7.075854899616702,7.183607151050548,10.655677754618605,23.530568513469603,24.46907541969285,82.16003509454106,41.91152470580149,24.22208895456851,38.03591836608619,16.361936342200195,8.542129815811235,19.002040941789826,6.184148764817429,7.551940057487321,23.14963618473425,19.842541765019064,27.09134796455861,27.20468692618192,37.277426105649134,3.354277606118069,4.041457279679624
3.1346700000000003,5.463962716698356,4.862366962059924,5.963901064851627,5.307375328735495,3.698607,22.395625159592434,18.83985221516265,24.63514658220042,28.05957047664733,28.836298096119464,13.240134056155492,28.089801410420723,77.55357703465876,4.012790049265696,4.470514950025928,1.9620184500000004,10.394878398520897,65.73878102373916,22.59600207006946,15.799880904781384,23.13785455498232,31.153347142528656,26.93301324474533
7.452841132901048,10.289950939182363,13.72936002515131,14.353421844476363,8.962490469292268,11.874582580985845,10.276531799355334,15.226226436680722,14.198930084258686,10.255892561322794,11.619952296733516,11.520770883492125,26.710170987681014,20.333968954067558,6.098718970261684,21.418398899893663,21.359828201975358,23.302412583047712,24.24441295478456,22.528089118861,19.538616195026748,22.68085242687568,25.29473573245719,7.18236618039689
3.806385,8.27433238890736,6.713327697052115,15.421881391009316,12.717596800284118,9.278200583754897,18.661705666190148,27.44054346477479,21.21084266773893,25.89555144653816,11.740634433527838,29.24692659932554,28.40085209500783,36.464153769411354,25.075244978790906,35.07629287371336,21.88761012347991,27.562454581071965,26.24620316187226,38.83611270116873,20.890912806806,29.585294406711284,24.97320183312744,8.470344606050853
34.444487121094184,6.674389182197378,12.417522308061589,12.398277360543778,7.330898758021225,9.434027857945791,19.58556671541763,23.820463805351004,70.14662698147326,61.27122575115173,121.97498451062776,34.79629023179366,87.31744922307915,78.26895814016346,19.44461356974311,33.33265378183192,40.014588550256654,31.454956905511835,21.105242948857665,58.72603094952658,33.873565021024305,29.15960959531936,33.168051521422015,22.043814635576496
43.898897880895845,6.325718971621875,6.761949693734945,9.121578304300282,5.182848063227354,14.188737812237454,15.894575175397872,29.66761878027086,40.9401248784841,84.25931795027496,28.38382637618288,61.81179381170182,30.26979009757141,17.359246342802546,4.645672648204644,22.310158719088687,16.78298904852841,24.12369268064936,21.904256538177748,31.6520976572126,24.01198227707584,29.928508962552407,27.99224964738529,35.663680903172896
3.88102,12.25223231695077,4.826117926657022,13.585516891044518,10.864036617527969,9.515471097017404,18.368534615038463,16.413068696375856,8.526261350545344,10.65782668818168,6.878577064191654,10.241779330021672,15.448010604535465,22.589977359718336,17.10086731640317,40.99612064629694,80.8511273702333,20.95676806048221,3.121567825197144,6.022844528645109,9.513761322500187,16.960218781986853,12.090456191768284,11.437536816605151
3.43321,8.271336429109253,10.79630044929896,8.647306266796035,7.385525264659028,8.342634767364226,10.668413892141484,11.005506879818446,25.87815371887178,110.08081353341927,21.50049973051193,30.71010340299448,24.367469238097925,13.023087938406155,7.928913365281541,20.316950092104207,22.06765018042147,10.139903839538585,11.18148351830446,17.484753367223966,18.82226997003553,21.467449655482977,12.939287770073117,6.083518875194075
3.955655,9.850724435170928,13.257069357160788,4.621550688034982,9.36225876069964,4.3512205,11.820869322205114,6.726172337469603,9.225342355552216,26.05313901871218,29.588585830037893,22.668363273463488,9.59168960779979,8.681367214466938,4.1960507305606685,6.578744337801964,14.925934374737816,1.7648075669400003,3.738960505240456,14.173295595160202,18.822024050597385,5.638300838935307,4.529408981461012,5.661761226826265
16.9497639147445,50.2340308429914,11.549982652957516,12.074981864455587,10.977256240414166,8.249982397337634,11.782014911618903,12.797998237719328,18.568925923459968,10.28308907951308,16.648163974595374,44.05663347237036,19.119704438541664,17.90647902330094,66.8245317331124,30.086602689993942,38.52804907683736,35.94335805050761,31.66784405100945,21.72873065546349,21.159467764003576,35.648492388665005,33.11204818046677,35.9071880032252
9.131915404958644,8.896586659277908,6.317927472843207,8.333114674062076,10.001441728174497,8.162163643235886,7.031285865615869,7.344908062541543,3.9174468750774327,11.099826968548292,21.323524296238016,21.769694560997205,67.41407636541524,4.849220210146121,7.899966584289908,6.3161211886080295,4.463651851431872,3.867735127961383,4.08290477594221,2.5645924071840893,2.431002107816417,4.323354170779227,1.5877055894800731,8.777999736190658
6.219524103872102,8.492366464279424,9.67698829609882,11.017036364151265,6.397966424383815,12.451791195434428,7.456691769763904,6.48430722161689,43.26853905943348,78.95545222318232,23.4473004461046,25.883471202597995,29.46968650028128,10.864345940497241,48.03968042765943,65.25387197953094,25.914699968045337,36.287530622770575,18.91979306958024,37.22683017235988,18.71640517978409,32.44752949114139,23.92343593952085,6.845576905862259
4.459544018188977,11.64395006098033,9.2985967615882,14.359760115150369,17.782190199863894,12.000585800052482,10.984612222547131,9.378682851491885,8.240957608556627,7.475779146065611,9.806110094805046,19.59732056135784,9.728075879309365,10.66112260496526,9.91919686270709,21.89550384848211,43.0791588657657,21.853117310146825,26.71994351461461,25.86857395716188,19.51549308598832,25.100867512609145,26.26400710029624,4.434175297444159
15.294080767439503,42.30467465172809,14.873065386374453,11.931480806399447,9.148373765646364,7.348873328376895,15.035545336871946,9.949180888248195,13.69419288784368,13.667688016696603,60.7113890961099,14.06568595190572,94.50037110000183,62.24596395007897,18.020504971776603,15.237094873229173,10.758705577142264,20.287714931709083,17.352658945054387,74.76261232205587,33.992204375801734,18.448721813433703,21.793397265031263,4.930046631504784
3.43321,9.27069319684273,8.499098760909629,4.314308940195797,7.344322292333063,6.196531730881083,9.581642964345075,6.330121255563193,5.96904482030825,7.4613060253853085,4.372058433619487,8.011987955272433,9.026910881373533,3.183522,5.675158134984639,19.45918186942067,11.331898981288624,45.49779753874937,1.8592178488966864,10.260746944625032,9.255251900532295,23.964913244578906,25.741288680375312,46.07674819348755
3.827305425837758,6.46302597368594,7.570314631581252,7.914419842107671,2.9854,7.914419842107671,9.842188446318003,7.998313130958119,9.547216554700697,12.12140389943428,9.208499341599351,8.640399771119124,37.56728665408935,12.980016486132254,13.506565368256151,18.72013021439879,21.727734028407237,21.11300748533756,16.27401879338833,18.95108984080941,18.56756598334972,15.920204062416431,3.4808659312755266,9.15507889872064
4.7770174158685945,9.493743642787823,10.713469118962898,4.1870235000000005,10.18222271636969,4.671083395568754,18.51661610024966,23.326641516139706,17.56779393968546,32.389847272878214,21.91842771298896,9.598948480503354,5.647443607259011,9.441697427906439,17.241697073516114,12.769572497952863,15.621715477482262,17.03000053956965,20.06763446833856,7.387494589228403,12.879732098318492,21.041364228573045,24.703825094643523,22.35643076826348
18.085710044970536,24.1636027944428,3.612334000000001,9.064177683701812,8.24016153063801,8.823830107169911,4.334800800000001,34.85313648965049,40.656555189649005,4.017472092344457,6.302200964282048,8.989267124332374,8.442094342851275,7.640877055682519,61.92304400809772,42.891020537066545,37.12571508612598,29.02456624722748,33.84469435768064,31.81542557946635,23.96155662688185,18.728265742185982,19.3600344497413,12.10689425097638
7.032585524475577,12.489151474775134,14.808570292835368,16.55939687817405,9.812790079893482,7.689580778386704,19.007307721034568,15.319427098456442,18.45715755275503,29.39263116001268,25.380012272749763,25.32057034889136,24.70271483794401,28.22066114977745,28.64444296529583,19.11156318191803,6.049692016732111,14.765758919642565,20.715452986305817,18.307824524575302,17.538874290495134,35.43928191201309,25.74647721494181,34.89285648498542
7.933829466884087,8.347768395591086,6.3737732157769535,6.250745733442043,7.558607242621895,8.727212413572497,8.596045545243125,74.17038877650452,14.08192104150437,11.41610451277979,22.480318552544794,37.04361662495645,45.926151140631866,61.30494929195369,6.767714183218219,15.589233089387319,19.183722832257228,15.69110658574044,13.072753603266992,17.939471211923774,11.905836119465205,16.321491359421334,19.495958623724285,4.797928491831088
3.209305,13.04060492908559,12.175454929085593,9.2806983927592,10.431817062906042,8.574751950017799,13.606709717536184,8.313521373892984,3.32251146,44.41891823701379,11.71851860409627,7.0941353105143845,23.232043154291656,16.851901364534914,14.096187658246638,25.02969811412544,31.02858140572144,11.499664544982789,24.76828646601577,20.261721774785222,36.084522424646245,43.78338682526546,33.31182285522356,42.15512064301525
7.309797968832789,8.661841125028,9.14792109038752,9.200865722236166,9.775278427943512,8.04077776571607,4.900209600000001,9.5228575773776,10.47899941116177,21.19734833271725,31.921239189502423,35.361526934530715,31.692033469807903,16.733184707329638,24.320454746252643,28.08137500782102,34.573092677758666,33.48502249185724,25.445406353847797,10.778693355466327,3.694170988099774,4.13010833091802,3.810585117893734,6.948296893640577
11.188592222817883,7.263014510571168,7.820939325882447,12.307451445099671,10.952699005524504,5.351204777992672,12.11575616440979,9.032901550208084,20.627535357068187,23.327013417257632,26.089145802355763,11.948398915117638,9.421064608165572,5.072242207692552,7.490767457990719,4.306502466751257,10.284928409512306,35.24221710893816,34.0886971320469,13.463954549017147,44.76113075763983,38.129245267691374,31.20133012552048,15.80333558336772
4.034167602445406,3.3767470000000013,3.3767470000000013,3.5302355000000003,3.209305,16.692897334799916,24.249091532415825,4.533218170091963,22.499872661267634,40.87736315682822,92.13887249034572,75.27738888845263,31.29622123189118,52.32518793782646,50.689939210490486,16.501278385334178,2.008733175,1.43182500714,1.281684789,1.3183043544000004,5.711284332547453,14.039190126997454,16.64436646116115,25.82176978732937
4.297639143119794,11.165295596949216,9.287518489811283,12.721709109749876,3.5824800000000003,9.72220192116634,24.253641033965124,13.454093577983572,21.306687904186223,74.21336810163447,23.76888099147811,96.26732774097432,29.885793696276234,79.90557426564197,32.43316080056605,70.35133792767209,26.723927306078807,30.12820278991152,32.45040418021914,48.455109585645054,18.21434012414373,13.237840194890651,3.057914708884746,6.849806201447037
7.144125440502207,8.691415961112622,8.326107867481694,11.454162643219858,11.374272097758006,12.267040808637208,5.817000102727521,16.484595247864306,12.538619376889375,23.8965220279448,26.887873308483726,31.837945925505,20.63201072977726,28.235500226252693,15.298424058828221,18.808921129240186,24.35040108753336,36.68433913618987,24.27446311940447,21.323848979764644,2.913341734198704,6.515822163620428,32.99289030845434,29.607185522344587
4.783102214939317,13.713586465040942,12.309110741419609,14.114554510717657,9.654226174508914,15.256326906229845,15.5471811909928,9.90000535282678,20.17032492760292,30.611605344965604,26.376437962105843,32.1783439253873,23.25098211022843,16.559007065362568,22.95468616616226,27.119726180058546,32.865157906859416,37.05863058979505,32.40901397748726,34.80962954406026,25.81407809509975,6.178435405331406,5.773385180098082,6.798220217263356
5.326640341948045,36.494953672719966,23.18963246931812,8.127749199130855,6.923789662302621,8.295572388582618,7.856281399759453,32.09660067747773,29.56370183512397,14.535096870191335,7.58749619946777,3.809841421569807,16.2664254767558,16.718123626711773,6.622913380467505,6.065498553800931,7.886391533903239,33.206100543122105,24.33315879922483,14.58899823791553,4.487952002249114,13.687967987302525,15.3419879915799,16.186743979351036
3.806385,6.941775881628544,4.886018064488565,8.485426208565412,7.714023825968557,8.485426208565412,4.8059748,25.670719773441515,21.24198065501268,18.49136036499843,24.66698447433457,11.878477637822254,7.9030631450239115,14.276665505937808,25.872329811009514,19.524516240050254,17.557809214745188,20.27696168067339,20.534906328052475,21.381520056224584,17.357443050055732,19.79028356856668,27.65876822206524,11.15952608871602
3.58248,3.7693920000000007,3.7693920000000007,3.940728000000001,3.734280000000001,3.940728000000001,75.28987569382366,17.613219045246932,49.73462438017028,18.41940511318914,15.719285615569207,32.85532808622846,20.682681965445294,12.382301643489681,2.76828,3.0840480000000006,12.33726340663566,27.192250243922743,18.51243189193006,12.788161888366446,12.991363882689996,14.638033255855548,4.982209088473123,2.16648
3.657115,10.464473699541289,3.847921000000001,10.94013159497498,9.94557417724998,4.022826500000002,12.557368439449542,18.35527451807908,17.156645977172545,4.7997815265771,16.09404171012126,33.17247513727128,28.92200375401216,26.68900518280828,18.688316587055944,56.091932081845584,8.438735859878774,18.62914211646185,8.45163201765036,37.83375546643067,14.807237366610432,4.3304523769401495,15.839165719946044,20.35353287728201
4.1998,5.882151824188477,5.882151824188476,3.694432500000001,5.590474874228715,4.785583549622928,5.649574094513087,8.983092900945884,3.787292614795673,4.734115768494588,3.5034808498792764,5.557633226618305,5.727474653755269,5.183894883375718,4.319912402813099,3.7452392997049007,2.8006458356393047,2.494179184187394,3.2420755402301134,4.047306291511704,12.483331719604411,2.7041219300254307,2.1647504043588834,3.0808618973644943
3.731750000000001,7.892743054183187,3.926450000000001,8.001034102100604,7.273667365546003,8.001034102100604,30.301145103278813,12.296914163212543,29.002228812789216,34.30801839571266,18.17324630305773,24.651682841055408,99.11626417268207,7.982001796379821,15.034412349269543,19.694948441792796,61.223911089281664,24.617808144943677,21.15902637989552,23.29146590926072,18.69402538170555,13.52862222070869,14.197705215018908,3.7561150191698696
3.88102,6.495742359192672,6.637638497968712,6.939349338785471,6.308499398895882,6.939349338785471,18.651172466773147,12.26429562334864,23.929316777611003,38.54813068991361,81.59957396665402,31.437481366610047,8.029519154180194,3.5987639999999996,4.145279716145276,7.358794709796592,25.06987895237226,16.8798455892962,16.634709086657406,15.40484498504432,2.224920466259763,10.180504695797804,3.117261606076473,3.815021375616877
4.17956,4.397624,4.397624,4.597516000000001,4.17956,4.597516000000001,5.2771488,11.764649569716266,15.879256951070202,16.860503147007716,24.250049352466853,4.55952,63.16018318360551,19.95147463964376,16.21258056282475,10.80088959783437,30.928113924593543,42.40834307022183,52.90510287316779,23.55500301259106,1.474072992,4.032376130700676,2.022048,2.52756
6.310912912430898,13.338851129557757,6.55631078280979,13.945162544537652,9.356981032033188,12.182376791404597,11.197183655048022,24.063574116796904,38.65316257074108,9.530409384222631,5.851913756557497,13.829913267310063,12.988092459734668,4.678399900672047,7.96347847112977,4.7517260032348645,6.153518526514307,15.782474206464222,14.048749321723935,3.7018927804557977,18.56089360482834,33.846847655222945,22.5928092820894,4.063808601817105
11.29577379844869,3.1411600000000006,3.1411600000000006,3.28394,2.9854,3.28394,26.24864496465959,25.27508930605957,33.688234937205536,36.95961465349512,14.21113559659165,5.227439999999999,3.662046280644675,3.528688572888415,2.3068999999999997,2.5700400000000005,1.868589,1.3319302392,4.671148463191153,1.226329632,1.0529092800000004,1.2998880000000004,1.44432,1.8054
6.019965980804956,6.334051162412173,6.334051162412173,3.765519557888546,5.587171583684213,6.621962578885452,7.600861394894609,13.657392908076194,13.891491765541902,18.19542715004819,5.653533268929874,6.567235615423588,5.323452750106464,12.814856669870087,4.651791894258374,5.18240549651905,4.573209603096757,55.40788589259279,16.74231854728868,18.271594409179723,13.544557023056448,56.42444470807547,24.93621922295732,7.766371527220352
4.17956,6.781506550668829,4.397624,7.089756848426502,5.312396749284773,6.345268599300667,8.137807860802594,106.14725516336657,28.49529018314569,69.37805993407852,24.27064266005389,7.031163816621323,4.410939329562852,5.743056217002777,4.980407703440104,8.58925303094177,8.87894693279777,28.273612133130936,20.601513546569063,17.872160980101487,17.005538037339797,38.04237099589743,23.328401745542884,28.61719844999685
5.040400412917163,5.647609782206269,6.8524216297506575,7.883653067298307,5.694725619375743,4.104925000000001,8.42944512956554,43.4605119636497,2.5280910000000003,6.207633399080841,5.867001335956865,7.283141922614853,3.8232000000000004,6.190670634222624,5.158892195185521,5.747348951976504,4.657327278677249,14.082306840122438,15.407262770053723,16.874280500750988,15.907944881941743,18.04964034935359,14.431856141009977,17.52656223131561
6.596915010791504,10.064111195318713,6.941101880919757,21.85346693513703,9.523591772819149,10.221752662907091,10.376920956619903,17.81511848757223,49.97890035574135,95.7065854763606,18.543567014548177,12.323112943181403,8.099709356742567,10.11666403861998,14.99065827637907,2.698542000000001,70.39909587179785,48.402394348048816,29.54333068250431,37.85973913606214,31.737709242455004,38.004627961754025,35.17999513739966,11.125349637903534
2.83613,6.708513249445895,5.644395749604211,3.954107857830411,6.375859699886592,7.013445669875252,8.349097049382571,15.505378019999997,31.01498228392127,56.9705997832134,2.663496,6.95548330896719,36.75737252404433,13.342353349355824,21.193461824146507,38.5791379472632,25.117152248326445,22.906403958912552,21.57847480844648,22.866816135074835,20.35709533755244,13.126439626840607,13.968917889866908,26.18872664223748
36.57966847965834,16.72586910014404,16.385027413178406,31.686980331693803,12.483098198187408,4.515417500000001,15.76126833371141,38.83497453607642,38.67221818287346,23.417618383518217,17.310620913659918,13.41707464981763,47.858899299242985,41.48814737811936,16.408825173360714,7.576371988073819,3.4912143919881946,27.80691139074767,44.675505607963466,19.66802009515258,4.402616043418906,3.873860016098097,3.528565850882209,7.549067289812937
5.292837208153221,7.2900744822492864,5.725743300225817,7.130810360716894,5.739174352995939,7.13081036071689,7.434051185799428,9.987791440619633,19.28660551172197,20.43911439103385,13.564194369940507,18.87055318764088,25.26598342109467,20.020739168215098,7.256836007837097,6.946808183788204,15.48990436446458,35.583414251963084,32.027657761680246,23.019250913734822,20.522971163496987,18.689786409302457,2.057294029315935,2.301885
10.92146749476439,6.371884032351758,14.18126062573034,7.672433074925415,10.00321209197101,14.825863381445348,87.09926133727117,32.8309856166962,51.39119224689324,53.17907956425356,12.657654112222112,11.606025750111296,80.45071883405777,28.118568666976646,8.025901038673823,11.60284960287027,8.436038791838945,6.013208450822801,3.897557344395096,19.500295782716982,21.045790853518373,29.2587679524233,24.47024555566928,5.348910388015029
4.104925000000001,11.118920539550162,11.118920539550162,11.624326018620623,10.56756910783693,4.515417500000001,13.3427046474602,18.23286577810585,7.159047726509162,8.69580112943806,6.33794145170652,11.528257208549377,10.52558187707114,3.806385,8.165848856055808,9.097298623268314,6.062742887259038,3.2730519506116145,3.047158048117597,4.5645040424429135,9.120607052994696,20.244131564143803,28.57935612355448,27.19804982365841
5.058041453654069,6.648918253682153,10.181425466050044,8.088313029736058,4.1273801629541165,12.19156553268868,9.11140411475088,3.161643918879807,5.444301651138051,7.38409000619295,4.004508097382477,10.556248792749104,4.199245932223842,6.749117709691875,7.814560403980795,11.19017870891748,9.563478757023738,13.951110100349204,11.160264077733762,3.9748958171556303,3.6828922800920942,10.263388395166546,14.187840755655143,16.578725369166044
3.43321,3.612334000000001,3.612334000000001,3.7765310000000007,3.4332100000000003,3.7765310000000007,4.334800800000001,5.615328362869278,46.49232503442563,37.04464843515972,32.21138303540233,3.74532,3.517344,3.183522,3.7249065632386653,15.196529355507595,44.94403202991461,25.695655519654107,16.003984065000008,14.421116168950952,12.720352657074455,1.4948712000000004,1.660968,2.07621
3.806385,13.014723270326646,10.700121703555896,8.811508869850948,11.24502759175978,14.22468722572617,16.327467076485693,16.91915877940629,5.117611319713158,10.950657975837954,3.574692,14.107127827166453,10.368707003229488,6.65011237731463,12.401671727952596,20.13630789673327,24.391991509550387,22.44949001186367,25.37244208125288,36.78659341670836,31.73107043347408,31.07563853010757,66.38795538255519,7.593610534650487
24.409275542538783,9.080497665055068,4.707582924002308,9.878420758636524,9.91413571928246,8.594510092918796,15.240423221910948,33.93981749894348,6.808930147281171,9.359572884101468,9.310666588543528,6.026859734031438,8.124239958821251,5.4190105934417945,10.102428879918516,9.887914060842665,6.486142009134645,6.008696371824708,51.88420255403433,18.837080400019865,19.203646168943727,20.45036296211886,31.45247598634998,11.505368897176682
14.41322841956768,9.294588671910224,12.44798970773588,10.418524085184508,12.133583287450604,8.910510764234148,12.602697466596332,74.95386768380783,15.338245915241972,8.695483982624722,13.53590147228965,11.201911732849885,77.68300126088293,21.06197909261311,13.752363978730855,32.51481114639567,13.24222841544453,6.245513193587142,11.560015804551949,27.70342576770099,23.63820094219056,25.89803589631428,22.299354823048134,26.83959138070684
3.806385,4.004979000000001,4.004979000000001,4.1870235000000005,3.806385,4.1870235000000005,12.537934172082212,77.86243433682576,13.46744895301613,3.2233160249999995,3.574692,4.15242,3.899664,3.529556999999999,2.9412975,16.569711229342584,21.310941824885223,19.531995306841395,35.36582318802326,12.282887278769804,15.987989800911924,18.924595389618297,26.57425916758996,33.45713753892316
3.2839400000000003,11.961307053572131,7.276312128990919,8.696428754693002,11.803741436870292,8.8825742700511,14.56723114278455,7.028421556158297,7.728633495076097,11.418620602008971,10.739195521757264,7.014490893090671,10.5311953648106,16.05559664055665,11.998002341483959,9.733002054368168,25.08680111920663,18.42544339785588,17.032011651165313,17.394839466667577,12.232354979079345,17.120249059461994,21.72251163364238,22.52322638301449
40.71923869675214,4.397624,4.397624,4.597516000000001,4.17956,4.597516000000001,18.856316159184694,15.47900748167609,21.39907381140704,3.5393273999999995,3.925152,4.55952,4.281984,3.8755919999999993,3.22966,3.598056,62.703382036700745,19.832781846956102,27.69393979832888,15.842256245396689,33.16640249791482,52.88798470808132,28.394143038300168,2.52756
39.59511867768013,64.85288001572083,48.167408097252896,40.01602403072176,7.200693951072308,10.703156157815805,7.8141775760113426,6.9904724249702905,32.511342504799124,113.4272467335877,88.69236129619837,49.13875455574743,39.17293819707545,30.428842807825873,24.81850887430334,56.821985926958135,32.24323965220506,10.730523099505769,3.741411445090232,2.5325770202677766,9.259175638134176,14.939188561703524,22.82493361903302,5.97672069827263
3.58248,9.802932191831982,11.961938042426803,7.174946585669753,10.04888487971306,7.326441720250969,15.43382857620958,54.87322286550064,16.437105539930727,7.626677106016335,4.809700908249428,15.010542427676734,22.33558759887958,23.931483298443883,23.72420567793427,33.01370223374675,33.218129680094634,40.99555793401548,47.32131332999556,44.51753000385743,20.15502862401272,24.33483177644472,19.81984463677983,7.913899322901407
4.034887890791196,11.44591046359173,4.24540378074552,10.603967351222243,10.74074750701454,9.161017325266222,37.855906089979726,82.00543035612269,24.059002586402503,12.268071077322473,12.125096508516576,23.30101027133301,39.61105549302383,14.764270122603016,8.073700424605445,9.740928797477793,27.73277172171676,61.49765150673014,23.42819740633208,34.53965196029552,31.642930571671315,12.388140411205036,12.794167528188558,8.94270430235983
9.543106337485272,5.230940734127617,12.715464692275209,10.4974169712338,11.067792236846511,11.127728536797983,11.169341501915833,63.90930968458176,17.201448948367293,59.8087888973917,20.185555780721884,32.12621309741099,28.828974112391855,27.068355335605165,86.06944525954259,9.09172561997764,6.451320332134214,10.15070784047682,45.97779584696471,25.336625124928425,26.35485572042049,33.290807529800496,19.97502810287857,8.07623567644633
2.462955,8.886533590479683,4.778863320151668,9.075747807734338,8.445879032274076,7.003633055342925,8.742284055270915,21.133424984098784,27.66936347500598,34.91375422330455,13.610678776602812,6.019517374209215,4.653198244114621,6.2372853583287435,73.27685998972518,29.15934702377962,37.71199772522079,37.90367868146045,15.25375681842806,13.916802537472703,13.299629668182275,20.00519483754092,21.11350474630396,13.147021245390938
6.787866338331339,10.063513378776335,7.340405526795735,10.816428085701745,8.970423871360346,13.678733185111808,30.33409469067351,12.5791684424318,17.740622144002643,7.336976038960326,10.338944025126397,28.15709731159321,11.320070020228146,10.707424160838137,9.609027444086804,15.906512486198578,34.966757239392315,38.403318697116966,31.77474911386858,31.8955290221612,22.58896158462598,26.40774807333929,15.632066391076838,5.285114678039773
3.4357400000000005,13.97128970827259,9.085800933116618,11.599656914096588,11.50249648521156,11.065445337963329,14.442449629227438,23.03122844942472,19.517531338833795,9.357807257680037,9.44637479531605,9.525541561007604,11.67922105146058,10.145381550338747,10.469843314108978,8.185652513558459,8.23889072748015,16.808306314073537,21.391133894544623,22.300569484098137,14.75850302088872,23.37290204783536,26.623034374474976,13.733954610790546
3.731750000000001,12.9574860898139,12.9574860898139,11.861704494700469,5.537325842790764,12.54846004893957,22.2246963088937,14.119333803493284,13.83964755778949,34.10740318828206,16.71805939113253,14.413260572573543,7.504457481828979,8.087453340667375,9.377281895821142,7.1274718843030485,6.856241587314332,4.211817341022968,4.559419075514755,4.872344965024364,2.663405337969741,5.362121215829824,4.252145645376047,4.966145771926634
3.806385,9.96612347515356,8.340356800111678,7.58635382054211,7.411735339968905,16.883191532747045,11.959348170184272,17.120992657651833,26.288295882730417,43.08334635577129,8.895382936500697,7.80459307165681,7.593366798893042,7.111495974124949,11.486391446292092,62.93790224962901,61.40247090612277,31.71516379851164,20.601998702926256,16.038581885422523,40.65059939686931,26.72275603526497,32.32605942071508,34.055051746060954
3.358575,17.09148792104431,11.79140395156292,26.20769088115034,15.370125313844168,13.783121201400496,18.62743319864032,3.9482968588437104,18.978801593091056,27.64270843991434,13.01437650963332,13.671603898904712,14.809195910069997,19.88028947592278,7.991521891052819,25.35396819284802,20.09820973789642,25.038603202813256,23.63613588001411,27.251302930349592,20.427304170334235,29.91212851730561,30.536709871014207,22.390875704354382
3.731750000000001,7.231221305357619,5.814890745918639,5.338849351026385,6.872648348067157,7.559913182873873,8.394199454541345,2.6810190000000005,4.589618015372428,12.784646417061117,5.190150417844736,5.294726629117075,7.041068979521768,12.173187314637472,18.964347507133652,29.23912303457441,30.662274410086376,24.787828044267037,49.142640154274574,31.47062732545981,13.437890791046328,23.48098241515395,17.65488360383584,2.6637721179454616
3.43321,13.668290284167092,9.82657170225496,11.796731227641189,12.799539715020924,6.14538019428355,16.401948341000505,10.85326050888288,8.800489412265598,10.558908965298844,10.485310307990003,13.101005921447625,22.288455338019165,11.553962634668459,16.108509558954065,11.18314659613671,13.385671292999412,19.132894342544283,68.25217916684025,46.53803340046214,25.380062044823685,22.40425607244072,5.847600846028512,6.931958877079006
3.1346700000000003,13.40735190796471,11.720529518558044,9.02020461394791,9.012990447932308,3.4481370000000005,23.365568425376505,26.059232804654336,21.07153472563736,22.589366818896828,27.644339827373155,36.29705740463662,23.202183395240343,14.906723022748396,63.038603295304874,25.251202877687646,17.655643579774203,17.11372448915156,15.360550353151565,14.851302036791711,20.99236594066224,16.054061065179962,12.9337608211256,8.234117093772701
6.486037746258776,7.294191849809204,5.415183313087601,6.152432513052911,6.783676839541125,4.515417500000001,8.565129366098883,3.376789454556304,7.022411918219122,23.742777188334667,7.915157379742969,7.400374734044863,6.949917141537785,3.806385,3.8619690344272586,4.943061402541201,8.686877397669022,20.582916171670934,40.64921132623834,21.30644766284932,19.237444761709742,17.10012910340483,16.649701316891395,26.88830881530616
9.696134797562996,8.077669898925269,10.016935376697138,10.962635669187137,8.346646652709182,9.712800518816026,14.313446543863284,67.3489508497406,24.20462740139756,9.472333280602683,8.131289865409846,8.810998934987364,10.285154639448548,10.511941394910863,4.372178822768864,10.317558704864592,7.257955197370182,43.60897285849689,39.2790206797805,26.693413670584835,29.729264204503444,38.73242338744045,25.663582713098823,29.13652749431946
29.52849438175299,43.346055339887535,29.189429044784937,18.91922751896121,16.217281768183103,16.507822946790043,19.993306815892247,22.027425269757284,16.090190347078657,10.181008737465577,17.546174937608303,17.015789900948693,12.096932301924898,16.76793107415196,12.47957058240719,13.631800101744714,9.263218622534003,7.329213250939356,9.830752898391609,8.9987030307138,10.020122483447487,14.290449474012616,19.638120316856742,9.90477381196096
3.657115,4.728506954800527,5.462328583800966,6.7846642673289255,6.167876606662659,4.022826500000002,7.787614637281896,4.331004951894672,2.4775291800000003,3.096911475,4.482478061911371,5.359086330906904,16.997266316230704,14.352264655327241,13.436281548756194,6.192777535507356,11.13397686819397,18.25962033537112,12.582441341288892,66.5217452497999,11.063339657518055,19.48336616828016,12.604331516361416,2.211615
6.176271295331255,11.67384299188533,8.160812099593343,8.51544463202228,8.483213471924039,10.271567401496096,8.927377070750385,16.541014396793948,7.516341072265883,9.395426340332357,11.266321904520124,27.58410557442311,35.79782436204242,19.001871565575815,2.883625,5.433875872714055,7.19945357284261,4.586461363287488,37.35173895745885,27.817711424118198,26.24266843586168,26.34400887600524,16.54014338610392,4.652456205036784
28.554109331151697,14.732194540780505,4.319095000000002,14.879765320257114,11.551921055560411,16.921873062162263,14.04464290030338,25.8197087299266,17.13461318882847,11.31238529327624,15.3634779215864,14.86602838615835,12.615207067833039,11.673952735331671,9.37339317417794,15.258501844598559,23.174250886839097,18.25754634735541,6.533318986154617,6.719985242901893,5.391735159169318,21.909072947404805,31.62665773222492,8.741773476959088
3.507845,12.369957644414152,9.80815203025861,9.173081378584786,13.4598047221786,12.396578181655,41.59133626138389,15.113694354437207,7.517418721304234,3.3431102208014654,11.040953930551472,6.226761228994952,9.565350736846188,10.901547946579859,6.450640581850467,10.120874436338852,6.394636337846308,3.5909277376707114,8.102488092278447,55.28978356168138,17.872275517866303,50.67811133724816,25.986852327942177,11.8253837097037
15.637826267719271,17.18259132231648,11.762308220437673,17.280056797542883,11.023698403026136,19.54851433919388,56.017241904513305,35.21683769095385,50.99172893250269,36.14040569198009,11.253689524144496,11.034725319338309,17.123097106737674,10.899424469990489,12.046262032574344,13.453741479619566,11.75874376937282,23.74736654271541,25.476611478736032,19.4226407074845,18.428507617638854,29.756061141065107,6.767784884235051,5.523777705631127
5.285679364067173,5.561453939583722,9.424819522418996,9.853220409801674,6.95573373575253,6.148207300473891,56.33558087770919,33.4986669460196,71.92228671092622,48.20125089088492,72.83707641511043,9.07348853142359,9.176984298313307,8.306020510741904,6.921683758951589,15.125700084788654,62.81230667365188,54.72944414016937,30.709886771400043,17.959479803831098,16.208774064268027,21.506653222074224,27.113853369664227,61.18353536934047
7.419620277547848,7.818849968645543,11.498845049741508,12.021519824729753,9.44617342405346,11.96365716956429,8.251596859794109,19.799584949064634,18.192111518398463,110.5419599864847,22.026439482560683,25.189322448360045,20.216592333863925,78.78653906547862,22.765268338391312,13.101535155538972,16.5932036374608,36.11279110146438,16.935131304860338,19.593679823167506,12.168409993647083,16.947564276272146,22.847007927513346,39.29155175030542
6.834694890239422,7.191287667121481,7.191287667121481,7.518164379263364,4.104925000000001,7.518164379263364,10.268446609079454,3.2759811729443205,5.041941471257061,22.413155900234564,18.74953870413593,27.30305375806231,26.52933771000361,3.806385,5.281355142457734,22.298294163700678,34.12677053826672,30.94400208421255,32.47406348558174,22.919214954154285,22.200990928786005,17.87740408547226,15.52948183579063,22.845521893182944
11.74267795529111,6.3494828698340005,9.083790207126498,14.63210217148552,6.809677737848408,10.921676699571425,19.60131143632972,63.20593096467861,26.192241647705483,35.50205955402065,79.47338533396176,33.01651520382181,18.309995637900034,6.877954425494163,10.278749459308003,13.216758511800796,23.4523673371272,17.206853916744972,5.208536692552038,3.1156195352824865,10.37050815944773,26.18953932115292,25.303939676308232,4.586808768394012
3.731750000000001,3.926450000000001,5.537123355388716,6.248052357170109,6.2998270269175975,7.2602181118324145,22.56526571335629,7.03174913179309,7.614977599081911,20.822620690035368,23.78523377702108,34.60785878241742,61.727201179440826,44.195648449354465,52.93430376250157,56.55721108459587,42.50419733240554,14.691989039383056,10.32628200316938,13.427778358176202,17.09025887515212,52.06730236531558,28.3780876183206,20.8759279626225
14.580880172931288,10.01395760423535,6.580353718209492,13.800638115709592,14.58088017293129,15.405707465352634,23.17207726513148,24.287765368660548,17.61290387800676,13.322366611264616,10.019376806867164,15.920146536578734,10.4668530930335,75.6486356794924,19.36344356580086,33.21589655199736,31.83805102417104,28.20918346938567,28.05380982350191,25.89728872672578,20.99569753602913,30.67627001387425,23.27680086821097,8.4149931025142
10.694768749511097,8.5964525569156,10.605229653779706,5.151093295548127,9.874211080021546,10.861632188023702,8.58210258940931,45.27147412399504,31.07119672896364,7.319366743041636,21.518316439069302,25.757059441262022,27.450764173692047,12.201832807937699,32.97754910784541,41.28352485476101,45.2222889683601,20.807088120335724,21.76911298004714,24.084470339757928,28.351419889202035,35.513611112839456,28.59890733106824,3.862397907738019
7.340726746243478,8.964961570343917,8.219553476534978,12.482680560235629,11.112268635313123,4.475199689958832,58.40782079123734,26.9730784474434,44.124341704861074,55.52979845190416,59.32559467749733,5.673990685942976,10.798122574469827,10.522590224330859,7.240180306746451,9.301998150638006,16.276793944971356,50.20220381200078,21.26528531796652,14.446234579675744,17.159234635074263,18.706893892863253,3.830391694895807,4.8676813662095775
3.358575,9.319655275683727,3.533805,9.743275970032986,8.857523609120896,3.694432500000001,11.183586330820477,7.608863569685656,4.781353837675639,10.270098438031404,9.484452828723397,15.938890421114346,28.566669420047635,23.388574061201748,9.46842388115551,7.625172498286686,5.544004549890669,1.4984215191000003,5.936287633610716,6.768448120155572,6.530850336887887,15.33773207433111,24.378751639747296,5.356526135160069
4.781312732549248,7.276223818227369,9.02268593340014,7.60696126451043,5.966927509673621,7.867796515477793,10.827223120080168,12.16313941264958,67.95915795717664,100.54964242277995,84.21352079759326,108.55175294976222,15.57002596263766,17.461840541996466,10.342420258173616,22.124700080953236,28.065594094560748,45.770838376751286,45.65099532572938,28.12756554607417,26.68904338669612,26.623492586108064,46.92683971091164,39.19067957547932
7.320643450380225,9.452343726025552,10.24468895427898,10.98647694083452,9.328791136311786,7.949153565863041,23.891219840751244,30.39586607602961,40.78283695222247,78.82478170378349,26.076076628074148,13.36022449802462,7.6607653172773995,9.556442847574184,7.549784499435355,7.51764162267906,7.979658278869782,4.162021507883229,7.508172296370794,14.748235273759216,4.065568115755029,3.175806666673844,4.831997044765165,4.370177849719888
6.545860094643267,6.887383230015961,6.887383230015961,7.200446104107594,6.545860094643267,5.887137917669936,17.43069910993848,41.16899413226727,30.280004736696075,37.45124431995149,21.87621616555975,19.239948173796275,21.11610333971821,24.79734841077588,26.525512039459464,34.83540609390539,35.224367951046325,31.465415832028103,29.86924658609316,32.83392677047002,17.564676773282628,24.12690710557988,23.74944411523163,44.03684563234766
14.71264191201645,12.368168259426165,6.1670607337542735,10.50580254956607,11.754870659785196,11.98747515724241,11.315910575909736,13.00856580887756,14.278269804546593,21.36486958214872,15.064478175098696,17.66916524183746,10.421108712526504,19.073999059369218,12.23618045464011,19.196442631007496,19.80536236090317,15.306019043388982,9.535306911922044,41.298618257965,9.74097200295793,9.871532067171858,9.181868149564728,6.622659997087813
2.83613,9.894891255049556,9.894891255049556,7.06060629420181,7.015833493850404,8.37422739226908,11.873869506059464,8.657196763271461,46.25310637547542,4.424228686115145,8.831803764837618,15.146501846997408,12.43049992373414,86.77591836304649,19.546877956070514,20.880416878626747,18.558957284803,15.299255458754066,10.083679676824636,21.72490094914504,15.467415892524611,17.112604900138695,20.218604025597667,10.378847596050782
3.209305,8.88999113159735,3.835700154106765,9.933834519061202,6.093159497411224,6.585359019289284,16.515335927939233,4.811374620832071,4.598399347301577,5.431142738473286,6.023195475559538,6.996641208983299,9.252065782754809,8.373976206150765,5.631956305502801,64.08751790259595,30.71439854788904,25.419002160858465,20.859542572701933,23.40315236700155,8.959977727917307,2.3042549510436245,19.507060728179013,18.60448573105092
4.03029,6.175013540694701,4.498492338759294,6.860171369235167,4.03029,7.862051369235168,36.78207051414301,23.68352078544312,52.0926058226086,24.53654789147728,18.468321801201064,8.603653987847192,20.46095868257759,46.39551119162567,3.7772980852593765,12.477018455103067,21.95181908306277,10.941944097740878,16.104304700342965,13.367711906796128,9.95260881495879,20.9439870820501,20.48077555943715,8.251933334122347
2.53759,8.816191664945809,8.816191664945809,3.959636027221105,7.051426241536082,9.216927649716071,17.916966797934972,10.637416030043353,9.963440750151753,23.352712374075896,7.868997519125183,9.140754693933292,2.5997760000000003,7.769641489843298,10.721215753802907,56.57086032735484,62.02008124270177,16.887372486174076,8.54371657901548,13.267071672887162,8.62431694273574,18.29364578706001,22.13026454910458,17.530660168333792
32.761008960001206,8.564380297975244,8.564380297975244,3.4481370000000005,8.13970028319961,8.953670311519573,24.81145397501491,6.225614919525931,14.303177940694646,13.197005319364028,26.358407788718186,8.879673036217756,6.578694720847483,4.9718009123366285,6.289768400654244,11.197027280896982,21.030959562676,18.876577842922043,13.49512703260096,17.597355239633988,19.940979913983508,14.669714464230768,19.822517829192545,22.90279454864909
3.58248,10.024076763357169,27.73093794539596,14.93007847169224,9.527015105670031,10.479716616237036,4.5232704,18.92262149634042,59.25709779104783,64.27472835838105,64.70076515090928,59.57513887827079,22.231178190092287,149.3666603293965,13.218909875092447,21.035105079088094,10.865218857830504,4.250458735364474,9.742200348963465,13.282816247707675,18.995504561898752,20.56322506878409,24.296826008306844,15.134452345986068
8.881691127884729,12.934386167712848,7.311883917018057,8.856654401921146,12.293011646999814,7.2826880710265876,6.928333721382499,6.83482823383594,8.327956617585691,10.409945771982107,11.087073526791832,37.974843767379696,56.69824165692539,22.14798645876771,16.709990441639018,7.302029584191334,15.63883315101338,21.89469694279777,23.463122095105145,25.09759654140073,20.32600966225917,21.521016038844103,4.650565446460285,6.844693051997504
7.830081078312592,7.141716867166243,6.628886927316116,9.454533794482357,8.595030722256688,7.679428433354012,82.80156415430146,45.25898381037782,90.19384091425437,42.80489596353662,78.65964527596412,57.75221116671006,23.625254990363732,20.202139525347647,11.435761408035194,27.653428647670957,53.446573109294505,62.21280069037432,26.24973375433057,22.5724379906595,10.945848314566906,16.85972413845447,1.44432,22.39743324804064
10.555728390930115,8.717134792574136,10.439526016600498,14.5528340421946,12.693919736994337,9.963106955604925,19.22531405173965,11.964662230547574,6.09158156738432,45.24746906921396,16.998378883088883,10.679067749674456,14.791100038977326,11.634513551816877,6.412881768804521,17.937076083665172,18.166812868562836,16.001486399338123,17.43725732789034,29.66351411919468,29.558523709333205,37.024884332520216,35.23510263719231,51.66139462471533
3.731750000000001,9.375442132483592,9.375442132483592,4.6228044175500935,8.204344969750805,7.730080922850652,9.170006290213848,4.879570649066614,11.81581212023513,26.076711025523128,28.11359017171717,23.686810307209424,22.28084185334087,23.78773160564306,5.178299981488122,67.47377371633348,5.577190604393084,2.71514400982336,2.524446280861876,3.660234594915859,1.3991588301046145,3.6747916075213176,4.310871964748277,2.25675
3.657115,13.05494161902937,7.253029240789256,8.790377930531049,12.407589142052704,14.344389661830824,9.113623200000005,24.889286548373388,9.036781851631936,16.10090659671983,14.231745514263132,47.18369567935047,37.349167590601965,14.972155199590368,6.4049145197331026,8.401863246115521,9.163592878643785,10.05241726847393,14.250537876185238,18.424562926602253,12.243901941322926,8.220028087848274,4.721708270544259,5.645716250299804
3.806385,11.80744488442565,11.807444884425648,51.4761108170743,10.05830406059949,8.50410955072468,24.901410762960843,12.60549638606446,9.414304368375651,7.691421001383103,8.742384924888254,12.24212918144808,5.467511128040808,10.878825411533304,8.49167170915565,7.456789187294547,25.71308765748788,54.51109709681859,33.85031695868772,26.10520605252166,27.614417405909496,26.83303975029517,38.30360809117482,63.82702813055214
3.657115,3.847921000000001,9.489081943904708,9.92040385044583,9.018548954950754,10.267124243074935,50.91469667436252,27.4525169622824,16.383016667074415,82.50627524824442,47.79458432802127,46.57813355657883,11.514381759902278,8.362654485499787,5.880648903603164,16.964304096785877,36.30564615688376,26.031125228688243,14.617524591267468,25.963889845699896,22.506613119699846,16.112192282932874,19.29400662077502,41.20584185804005
6.289831869211161,11.937392003019784,11.938028810675728,14.089216138343614,14.270696175271793,15.697765792798974,13.955526935595278,9.40145916306907,22.493717047398192,64.70725509329819,13.402045103733508,11.010158317896432,9.525637428714086,11.605329661557855,12.302518966250245,22.509486715387865,30.11055278823584,30.54038657473573,19.235520350990218,19.64679937725012,14.409330761555315,20.133820649086434,4.49821767467054,6.558034268238743
8.115632452312273,5.866690745564925,21.70207977916785,8.927195697543501,5.196280460660879,11.85175520427047,9.606605840914956,9.069344443936696,22.16565708562769,25.119876769680083,10.118494561748696,11.109275793386256,57.9008577811951,17.181812473407557,21.463806460835187,26.15924801362455,23.418392511863253,24.254240050158742,21.159929899364315,22.538548941523903,14.123476420572976,18.93399991102002,3.9262980717906015,4.8290559608023855
3.955655,4.162037,4.162037,4.3512205,3.955655,4.3512205,18.18270346010708,36.80183576111765,64.53520281577354,32.947348120127295,43.09355011596208,17.35885805053265,12.569478113872885,3.667970999999999,3.0566424999999997,3.405303,5.820494475566205,13.473840226696524,14.11253958676477,40.66597167597653,13.446906596488924,21.54762509170568,21.80862759460415,8.116169399807143
5.168044550147776,6.9489133142240185,8.676035208066313,9.0704004447966,3.73175,9.0704004447966,10.411242249679576,17.375482315103877,40.635569885629245,5.940183097454865,7.1658129402524695,4.518676223422683,96.71854709279711,8.603742658013728,6.371768907501742,11.574072939578624,80.3952826492414,32.637011024578285,27.298888837496907,34.99364387266275,24.864258304990788,36.20626452348253,37.50218175421768,23.463518969555988
15.395631482308607,12.711287710850383,9.385532907268484,9.455327727757892,13.930556079488955,15.32361168743786,11.206361032425358,21.33674582757189,34.572750934915376,32.22467132556512,7.803889030000058,10.75253758771755,10.288919289909042,16.714787204704688,13.485376664846877,7.088623905949524,21.705353540718452,28.14474747513564,10.504981538831403,30.95328077171992,4.913114414033075,5.635822873954617,11.699044345157102,8.004962129304268
19.59614867115224,8.420181722781473,6.559865833668884,5.642494239472311,5.792566025288717,6.128713165035829,13.97811359321121,12.628875831216796,8.405773743566979,14.227920082035626,3.3644160000000003,8.730165873357198,8.19876447237024,4.539449513771991,13.119615435736911,5.495927207724259,6.58147250352015,5.051995380056321,6.77020485357157,12.756840338602876,28.47438615086268,31.860641297731533,25.39782658497329,14.226889912420658
4.403465,11.458365735967384,9.5824359623079,8.006429774511842,10.890182311043375,7.620979855868112,78.74087743343918,35.01104880511643,9.532502797525485,3.7289342249999993,10.227301648632045,68.11055460913701,71.37374946617298,39.56919576640395,21.843937282183543,35.86464104138322,23.23765473514586,24.877656654840933,40.07305819100682,63.59528804172557,14.068794144512529,4.4363901546296365,5.076929662805671,5.866961385010301
6.356198239470638,10.49140670599674,13.152447137274688,14.196780598976098,7.71616004965134,13.08054321032198,15.526687285942948,11.664149814116325,52.518944136681945,22.365842455077185,22.0235285767068,38.50128459645577,12.390738578308609,5.649448063987835,9.031984605539238,11.110523947024769,6.364815604599108,4.969768539365749,9.612597833513853,23.28381478702777,19.292922891353125,19.154884023526783,24.15135014443217,24.274453865284023
8.008576167819193,13.665639847540128,3.926450000000001,14.286805295155586,12.9880048137778,8.809433784601113,17.213339817048148,20.877105215480288,22.0562452254238,42.05308108872385,29.47004039316768,14.168732524121236,32.79340061299857,15.473246706554866,17.47456410793949,23.12858477338239,28.544816470529955,17.758634633632575,18.21525815404173,20.27451551368112,13.94644119199812,29.919875486611925,54.040667873015735,32.1495609358519
13.953003398202178,14.525795581591892,13.334291901291309,12.657824777974716,13.306781184775517,10.25797118250912,16.83054645269791,28.366183588679164,36.72431352080626,14.900488050813824,15.120727388836952,12.98556775900042,31.877258322623963,19.5749930031916,9.107377233615042,11.19206573427155,45.951154501812944,29.567889937878164,27.31366643136801,26.349566221999467,28.88191283389894,24.455553280542023,21.31272646635452,40.6422509702012
23.843881035991664,10.164278106573695,10.164278106573695,4.104925000000001,5.344878936593708,8.703978765007419,18.501826990222053,22.35357563316261,18.451621894035878,6.131447094411104,11.203825381534458,10.895146879722542,6.159825087476407,7.890868159730565,7.0368245855153235,7.009554186484211,5.964034536094886,13.473572375462052,13.633925603369416,16.208281320618045,15.151753465899578,19.867327822778407,23.673847118219307,26.766075103603058
7.925639174648633,10.99943191619367,8.339150783760736,10.417827148945648,5.769544994488481,9.713520660128625,11.07109339348606,11.70395694567964,18.31373131446512,59.22659989646208,19.32239064759729,22.174055476664893,73.77910879926493,64.36416947538163,16.707434511609044,23.362650649881182,13.80502197089461,13.092482394812572,60.94038459007369,14.279216172286526,9.197645272138374,18.03063131134393,13.676812325732026,14.993478730906222
58.63598869043406,26.810057455043214,15.45339090774478,7.11900306637202,13.275767496087338,6.664551634768505,27.74478829777592,42.4141580791184,30.39949037449112,20.80287619779468,27.61206181097297,13.70811508858647,22.53011668375192,22.31537281259376,10.231427309108986,22.73060806279854,16.020321541663634,14.637599446201042,17.559856048622592,29.763898935839848,29.16590846958866,23.92858552987437,40.17849058497499,47.89961697502756
6.277944430179604,16.524457916325705,4.3987556696214485,16.616415421495663,13.902357702420248,14.156226214813556,15.57145889467117,81.35155507520368,45.44288034052303,90.61862304531212,30.45492805748665,26.229839587921777,13.680000039703467,21.927229817973153,17.67160922012902,34.45555357431909,5.876844080426628,26.51872021588254,21.048537982496,23.512892809955662,22.15959372003257,28.748911145310142,53.44137835157626,29.705448969218825
34.54036362159362,10.195700595305734,14.62819886402588,13.4157640174103,15.235855798132306,13.865082736140009,7.182418246347802,23.43495933062104,41.430792720283605,46.84810681627084,36.03954781251634,10.63874614745193,11.79038192215104,7.071978993778072,11.773161298556781,13.116084556653032,10.526381000529431,22.40959000724944,48.944151007030605,14.09511388845563,14.292041172030586,28.42714348596301,16.323149027806974,9.213778407566178
5.675948268948985,8.305966308688497,8.939639003236389,10.803433428116374,8.1440760084235,7.449763278796558,12.70462561087309,27.14097457288988,3.845196954564348,6.99644758069217,13.487041282993124,13.752298174816849,8.848611476103684,7.703504930271825,5.93051757515466,7.973365804918952,12.85830162116135,25.22742061219848,21.28480063455571,24.400957747552777,14.490860622732413,21.95052835031844,23.31991724151976,30.39204629618886
15.479033357470245,10.98958687779345,18.59603194108638,9.931301639428426,13.234970445235684,18.479620203423018,18.17132985690252,21.84774346684904,9.35752351865469,16.072174233750676,14.222855514009265,20.70489434299604,12.113176433123884,13.478732345321633,12.971134152360195,3.529265808650229,11.606557827411503,5.868577026732228,9.564828671461354,25.403753250638303,19.967106482467905,19.686192890144504,44.20226994334604,40.077731659919415
4.502135000000001,2.9055730000000004,2.9055730000000004,3.0376445000000007,2.7614950000000005,3.0376445000000007,3.486687600000001,14.35662954,12.89087147991431,9.03061032405384,57.72837416901703,3.01254,2.829168,2.560659,2.1338825,2.3772870000000004,10.930000107668969,19.30822961990708,22.580455074652555,20.944595029833277,17.79745569362811,13.55272858052151,4.506174087827694,1.669995
3.507845,3.690863000000001,4.25573511545851,7.00821947710199,7.086924519434078,7.795616971377486,8.841110031301266,21.075628162631965,5.383186041238975,46.29067091839638,6.319424254686891,7.731190384837175,7.264944429999155,3.7505464240667394,5.061412002537383,6.100917629773686,4.435770483300329,7.1131126000854685,14.34489214588167,39.24930188729632,22.35676266811767,27.433151046621774,3.4286148663190947,4.285768582898869
3.358575,10.134811479945544,9.738104010956642,6.182870260021301,6.076872699754894,13.68101257826493,10.574943899979038,16.719474074899136,12.350447154173052,26.82656783681474,22.70769352301136,8.948786456488868,7.412575179414491,9.864038188560038,6.471955711388372,5.624021488256975,4.52862014867354,5.54100048674075,20.23945785896296,7.488860901030196,13.165084525440944,8.407211557162489,2.5074589287587763,3.823854074041264
4.17956,8.090609909989526,8.090609909989526,8.458364905898142,4.706039396258837,7.686195124718513,9.708731891987432,18.138121445283552,35.332748883615935,78.41265045941451,19.835554828750983,19.24114334099093,33.349996628013216,10.899160604968314,5.535001598769756,5.8642064447663005,4.812879535298238,22.254423402429858,28.30807457471648,26.34846603293733,21.22121205037851,22.76297814910656,24.19711118451631,18.747781814876603
6.626365881324791,13.377909652210386,15.716787970821688,10.592677554552576,10.854823944445082,14.529372225574088,15.34383063795386,7.732111774675557,10.80579575658843,36.87209929993976,16.44443747828355,19.81110383584919,84.32590470339551,13.851083613654271,9.111724615114944,16.75428628810194,9.27218511311602,4.39968883546411,20.466502203693825,28.5981201169684,26.68004754106176,40.36508981031252,6.444082147022788,9.033315400209307
9.464108701394972,9.95788828581558,4.83171257143778,9.606642016325225,18.15465870139497,4.515417500000001,11.949465942978698,6.799344877471761,6.411503458435938,3.4761251250000003,8.88803251957093,10.324482219703604,8.198622164287677,4.935799746988195,21.313405461177418,72.78791123189866,20.038108231343543,19.313923576047788,22.815754327745616,16.139461592152816,9.420392667987242,15.080987354568308,11.581870614178898,21.45702013553407
3.507845,3.690863000000001,9.466209718896351,4.407526088986017,8.248315541242873,7.700905622902114,19.9094725840176,8.192895511472408,29.144434585869945,37.245193870429055,55.62611282952829,22.900199242109743,8.02712774867559,14.036051831825421,18.29471555528588,27.07435368294837,35.76209504134492,21.801951748739807,23.655975286265527,27.137138904796767,22.95191350491981,24.70913443540909,20.880996882932056,5.440759154737572
12.714519784357718,6.577283215581898,11.370982123259177,13.62741320881009,12.388557462554626,4.515417500000001,15.833564378808102,24.07399780877412,5.6247842609749705,7.769991752732849,7.980508859378155,9.489342741839808,12.692150570332645,6.529715256745693,6.993183513806509,9.549269577242733,10.392534997646116,15.583900029385854,20.105364791792173,21.180506754291923,22.294750736983445,23.26831332874295,23.639885257548983,3.438781248833131
13.925892756425071,3.926450000000001,3.926450000000001,4.104925000000001,3.73175,4.104925000000001,29.48028640145955,21.326503656299195,23.633502291078536,35.508530546128846,3.5046000000000013,4.071,3.8232000000000004,3.4603499999999996,17.336068136948093,10.05545012064446,26.14519631819017,13.897527620779568,24.71858648421912,40.35266238400479,20.74638435049662,14.981481639466674,19.030441097012897,2.25675
3.43321,12.55464529526283,11.118094810196313,7.71865734670625,11.932100900456406,11.306506025993144,11.45736656123125,12.088699326170715,18.276743093501043,15.507020974274436,20.48702940592725,11.24711641762729,13.914156467846993,13.164157400308488,10.882009786716308,16.331696809438778,5.738046390809068,11.926546063057822,7.838634374286017,7.678194428102843,18.83997727312795,44.58281502991981,28.243397784583987,20.44717057022624
3.88102,4.083508000000001,4.083508000000001,4.269122,3.88102,4.269122,4.900209600000001,2.78825976,10.915394156428729,55.50879458411332,66.67144579688623,17.384003889307905,21.517448837387025,3.5987639999999996,2.99897,26.91212167184454,14.987864643828452,22.40640968053397,34.48626472435484,38.57531054377238,28.86355187082428,18.938562423853188,1.877616,2.34702
2.910765,3.062631000000001,3.062631000000001,3.2018415000000005,2.910765,3.2018415000000005,3.6751572,9.696065518238086,13.959743134804402,19.835873325,2.733588000000001,3.17538,2.982096,42.60073919717704,7.149291247669536,9.558766440780952,46.67554095026197,9.142717926755015,14.419258267885938,12.478695114751469,20.54476444233622,22.14112539187784,12.501457075011912,11.432817259851936
15.045393306560229,6.425327511481223,9.652458860122852,10.37235858489646,6.873493306560226,7.279691042448229,23.831250800569503,15.020964069104265,20.98658897463744,3.2233160249999995,8.855452388686304,17.149444480762128,4.573456444540599,10.478079048769366,2.9412975,20.192940978416463,13.451902552618536,28.755740350202803,20.797620975086176,28.388445064460623,33.38419819136654,48.23288610013695,30.966129756627648,17.31368522145978
3.731750000000001,4.717667515785784,7.289124442089577,8.65442571576825,8.436909741607497,4.104925000000001,9.933775604186168,13.808204979391364,12.967578033777684,3.1601137500000003,7.388758713857477,14.808095565535847,9.814692285473066,14.15968770211486,22.21163574163244,26.987834790467044,39.46309392065885,30.333220883882547,28.26084720058297,27.153741445198857,32.353881192117896,40.433092134091126,28.33429401732691,49.70919565828498
3.1346700000000003,5.929746827477328,4.32159032179674,4.976550207878246,5.635709794709856,7.812029274180844,3.957861600000001,7.520630069818179,55.956133025096186,15.513594596611114,69.08598792239707,13.011858558285695,5.978853507892305,5.559982351748082,8.904071224410748,11.384500929995186,44.152180781226775,13.886679838762229,6.241881742847073,5.752645345604273,1.448586685866996,8.840694030906157,12.55143658007808,12.120924053817626
4.626252135309901,11.79519029521676,10.711410140477872,8.29153143047685,9.99735725181775,10.060524673453973,10.86033007622568,7.161319346707071,15.519955903639373,16.065393444740778,8.676961522693984,22.831578752222207,41.19193672959421,31.346517552024608,17.783481630337384,28.28556959577374,7.70084809357985,4.51374563394574,3.386442136414832,3.8329425857488126,4.339260490991083,11.775591429832886,19.85414157066143,27.70967139305631
3.731750000000001,3.926450000000001,3.926450000000001,4.104925000000001,3.73175,4.104925000000001,16.73632489910569,19.93523597103776,8.52711130047529,3.1601137500000003,3.5046000000000013,4.071,3.8232000000000004,5.3132890181066035,8.805264333266159,35.695205446528824,57.06661372985585,41.38568234565241,13.740299095471624,27.4931848636686,18.11072316892882,23.04174369616421,27.43886582959621,30.875023414789304
8.23196201244945,16.140974375686525,15.512149838741276,12.323199015349774,12.634351575406644,17.7511983230505,18.614579806489527,14.832982085619935,37.00306684319387,22.6865667878198,12.474930521173334,7.591089996432147,21.672245099579957,13.630993490724277,5.731663479848151,10.462290146164245,8.706702581753339,46.12695044670312,27.96472475562117,36.59737267784224,26.479030048420995,31.276093194651185,5.628694506057241,9.17113314087502
7.47195748112674,12.849151139071472,20.11644206702299,19.137360921877043,6.456581641861927,17.210113467345646,19.73940864140449,23.925537081809008,31.87764826607665,19.92756945532802,11.086923506818094,14.32176671579714,16.928324592284373,67.4328377201659,19.950871256682102,36.34608795326926,23.15535470116863,34.83055654179335,16.196099499933172,48.0773214391103,35.548864737849414,18.287175857677266,23.31163700660432,13.378078471037396
9.472781283333283,9.93683107309172,8.7345331020828,12.628923455363152,8.173919323510704,7.25051674490025,14.218121898992104,13.57216856611259,15.468506269370174,16.461827199074133,65.3432809315844,29.23300906980169,20.693681283460155,15.446858830908925,6.957818011164044,11.361627206571123,13.720536872988411,16.988119700686777,14.081654812857352,24.40904814084753,17.997431005416008,18.93651058021436,23.106994102748377,18.767555761886573
4.880353566085996,8.940503034680543,5.799715012611108,7.236035248697276,7.644301886472096,6.063338422275248,11.108453935337645,17.6689551329288,16.505961616439784,24.74233664333113,7.979953121863623,4.15242,7.831632604638606,4.122689609727505,9.387422300383768,26.778499613829307,70.01725837660783,36.57384967408248,17.999598095591672,11.94950313563342,21.12180347422252,16.273272647720248,18.36089526018529,5.138606176957636
3.731750000000001,3.926450000000001,3.926450000000001,4.104925000000001,3.73175,4.104925000000001,4.711740000000002,2.6810190000000005,2.5280910000000003,9.613043326852472,14.061596316369226,11.35628201489364,6.987953468039301,20.336523614929803,17.054303508425853,27.322436324045157,24.648652231737337,35.863852613216146,30.814061874345526,16.704583568399094,31.976478813056183,36.969147846803175,30.64650173835097,37.84471906808276
6.966331178022686,9.979014844350475,6.418614909213564,7.662964295824956,9.484187661985988,8.859959066179819,37.32195599506329,32.30477817959336,24.247311524959606,19.515044548083257,8.906889282560755,21.720718404829626,16.522731171128846,16.73990713257554,17.049582461086043,14.65052699511194,55.15815417141416,26.80358284990176,24.030474237089827,30.08492260535574,21.03979544114725,27.77355506621028,20.84814537619802,4.858485203430028
7.223132370094249,7.46753768516136,10.456871205958423,11.653386375932046,5.167143847999061,9.994087527932988,7.285915355685342,27.64025660187737,42.25431604859786,49.926186788542815,51.802358640679,40.46142711815149,43.28886688684174,37.75637680019116,28.241964697908642,37.83415157509941,49.29060944002087,27.37867977766944,32.851212591830055,31.39236337463743,25.813223169748014,39.79932595663231,37.19948077251435,3.763353274304496
4.17956,4.9947322316842175,7.68171927426319,5.846015029885179,4.605184669279039,6.938451681034712,8.143268312084238,4.837442680478304,2.83146192,3.5393273999999995,3.925152,7.345426926190068,65.14680754348241,17.16157979982721,7.8641999339497435,5.796499943928252,9.526812523668694,12.051625631402116,17.047536336369483,2.76587899142642,2.37474458859844,1.8198432,3.2575371585712487,2.52756
3.955655,4.162037,4.162037,4.3512205,3.955655,12.977055732437233,8.418841200000001,7.070204236904838,4.271008336253182,3.349720575,3.714876,4.315259999999999,4.052592000000001,8.326534838726694,16.83307157278578,15.148352803913477,18.80566521860501,42.814346180109744,23.020228316978383,17.20758817828527,41.96995036343471,23.66669841927533,19.18661969797133,16.794031678914187
5.030120066394831,11.221080696984558,16.963805864299278,7.043437646068628,14.857454793530003,11.552387335671048,18.44594285213193,31.99263507955314,20.412449740062197,46.42344779939281,81.4204088964604,24.00657425729805,42.723312296205535,24.733984672211125,37.15398268734856,37.55555943101474,30.63961862350705,32.512357817951006,27.54635308984881,23.642006369649792,21.17407909374627,22.82028902058391,39.79892623451523,7.17379417599162
3.657115,20.19216876524614,18.182439625872465,16.561848763375902,13.659702487316183,16.95651476758232,49.31391410593951,16.679881425167412,19.47998481530865,7.961945535105635,13.329703479688035,16.343773442660208,12.658655259667706,61.73784013629337,16.29109448552925,17.97905459361216,8.527431986687475,10.172782663158966,14.47362188285826,31.753050845859715,26.075987114030603,34.712233335500066,38.547806756970026,30.79792126747651
9.688891619269048,11.613099351057675,4.866741880938753,11.256883198200768,8.626104170768501,12.140967503378477,15.68352634654572,23.45514660429124,14.054547597122184,5.391516931048849,8.101036960373897,8.798333636866634,9.213026028076126,10.234534589624825,6.87264293620019,6.414330109079931,9.821274513500695,9.81910785094591,14.547824336875728,47.797841014866826,15.193091184653182,19.89680222502646,4.296786851633764,6.674696471494453
3.507845,10.22359045193018,10.22359045193018,9.050275024583778,4.810818703382526,6.110912615846935,16.08768454455778,31.053935291404464,27.20208693189637,38.305922996779145,30.89008218165922,23.210248890862427,12.203090508539761,10.198506463913251,9.387606835610233,15.26926786125482,17.74896110194782,46.213221266535314,16.974940925363942,25.388583287993832,17.196871289942173,43.32443846937462,21.751539846604448,4.668818992651352
35.425390404868935,9.479765966520077,9.479765966520077,7.007794709771858,6.130815875844511,9.118972680515023,17.696976753913084,11.044423412432064,14.412063717091671,22.823790101702865,20.26501736613072,24.0103391331999,17.212954458629163,12.613334818767362,6.962036988935667,3.212550000000001,17.55081186310549,50.21238808998043,30.57801369121225,25.500260153065664,14.88659280105394,14.134431827487289,42.681602533420254,4.142814042314122
3.88102,6.654398262050948,6.654398262050948,6.956870910325991,6.3244281002963545,4.269122,4.900209600000001,4.5436891273607385,4.284512563946221,5.240689460214289,4.919605617545924,5.270437375883302,6.479414085362905,9.283060787680888,3.4185451283337174,4.977073075850603,3.9585170427764,2.821630948091019,10.528162199432224,18.74513031347636,12.936381214467415,25.24424240308048,13.944861387323334,3.824654147610048
3.507845,10.636014942475809,6.339029388060258,9.93689139190652,6.816423970435546,10.707073596158606,13.899750738093658,9.046006863948335,17.968486174314105,22.5514086080696,40.36338912602398,37.936952916597576,27.21771685981085,59.86648010339404,19.31142152981028,8.135525818090093,7.773652186864419,12.972979776860424,21.220279051946907,14.270930003639217,15.304798132061254,12.853651795334118,3.983376970000754,6.657468892212401
31.855015311789916,42.85919760266336,48.12501538957012,18.052456269806687,12.16368559934472,14.910738439989446,35.22200723619086,78.54323448341417,27.331711821765065,18.90934414390305,12.027759747013908,12.09101361344868,10.29033653079286,9.411688376127163,29.147002819668806,37.630515831401766,47.01570909745433,25.592911716162387,26.582901085447297,58.26567942369404,19.99431972459347,22.594768018012143,48.265076875783045,31.557798739691748
2.38832,2.5129280000000005,2.5129280000000005,2.6271520000000006,2.38832,2.6271520000000006,3.837820569140041,37.22249219722352,6.918903628560149,2.0224728,2.242944,2.60544,2.4468479999999997,2.214624,1.8455199999999998,11.170062149582588,67.88112717826058,27.10673661042172,17.728571562258445,19.24964695537452,14.93187312231534,7.637893628010667,1.1554559999999998,1.44432
7.560634921932768,10.201481623865437,5.094849745601417,12.42655052397746,40.78948720398719,7.838097959142295,9.870533113444404,17.362315428751412,63.95499950477389,38.27778083677491,26.21956654092677,30.189024208634883,7.538309938247925,7.280938666041096,5.842308803311684,12.33701630571676,30.108451313866567,30.841987669302025,19.440281037326685,21.751913538813785,14.487114439511206,9.859116863337622,13.4943840718593,22.825963048904573
4.03029,4.240566000000001,4.240566000000001,4.433319,4.03029,4.433319,5.088679200000001,17.218986540744837,9.835370596239818,3.41292285,3.784968,9.08008606881751,5.529543107174255,3.7371779999999997,3.114315,3.469554000000001,5.082548824874616,11.21811225308736,13.77315309109825,13.0188400848,21.375738265609364,25.70573897825265,27.80512545823053,8.404543017347029
4.856175365555814,11.939367445884072,12.08110542833226,5.140790547559424,12.423738301568154,13.925078518614823,16.028958026135374,19.387248322765466,26.285520431769527,39.91882776618521,27.35081455767092,26.213954059883985,25.782029967922394,26.953984554492994,16.318572928064594,21.941683507409078,23.60776928317429,19.54298895084535,23.136387099650555,30.186374872650603,23.3370552787352,21.159444819417708,9.881086949376556,6.516572604365373
4.403465,8.1176339645322,6.873197191484985,9.78761940746939,9.607473323651988,10.568220656017186,8.426827200000002,13.329614477795158,17.818706307945753,17.270322433863363,43.1440729048668,28.78426252642508,100.78541234014972,76.8189000279785,6.630696070432223,8.270781382969972,60.41355534816681,27.26854202050986,27.37709421028708,30.838487794032943,26.42836162041449,22.5223980245516,23.993321991688447,33.80141913317223
3.060035,14.90710625414471,14.90710625414471,8.252271029204817,9.49996574403941,11.142022198011771,8.361882311717322,10.651306389400297,24.13757052898591,13.063895860585164,20.178275246492696,12.58167929884466,8.148813348560722,31.249633243262036,16.450426261856734,9.224993930598451,28.74989187841499,49.29895002327747,17.310218546579893,17.740993938171876,12.76511885678135,12.674090347530097,8.759768697719407,14.057715204191352
64.6904356597592,23.53275555795038,13.937041995643527,16.409056149664693,10.396898468983002,12.082926939890717,19.21843222294624,8.77942851135409,9.273194717554414,12.022925667058828,11.667377384018913,17.055619218251902,14.996528623945965,12.282607258369534,22.362370090796404,31.223647549277896,33.23746206069175,42.90033174930277,53.66276618558011,26.178093026979823,44.009962402701824,44.064443487055,31.257126001902165,22.229909158031976
3.2839400000000003,9.550399113384035,11.277018093591176,3.612334,9.076825603629452,9.984508163992398,11.46047893606084,2.359296720000001,6.14913676347697,7.686420954346212,8.524323175582444,8.752989464396535,4.173713133557719,8.416692832456404,7.013910693713668,4.640469058527482,4.197977759309316,4.049607589408075,15.937328343511393,21.60023956057818,18.487864293322016,27.04007498355472,25.03602713294129,26.50779481770762
6.651469716595676,5.807654955111482,9.111555993531733,11.23756157797956,7.669420354294831,7.848220656265666,21.948559255617248,19.298158822644336,27.828493132059865,39.14770068465203,17.884313167907646,39.23243734747096,14.014944300049933,12.964487228645806,28.65468831727714,8.794613408853568,6.394265410280103,3.444627653118108,11.339915668572983,18.17457044373485,21.058670079272883,20.314826802219496,31.35343866184287,14.883991571051297
2.761495,2.9055730000000004,2.9055730000000004,3.0376445000000007,2.7614950000000005,3.0376445000000007,3.529812,16.277787721909,17.10836196666523,17.09338118815689,2.593404,3.01254,2.829168,2.560659,2.1338825,6.917719706602147,15.728708151144742,21.35759106936254,15.659713100161715,17.189096290930745,8.415184152077664,10.517180751206094,1.335996,13.401284218820903
9.018908389925793,12.402685231954464,8.162285329553699,10.744399849049485,12.0138197358571,10.55363662612216,13.03690038059701,9.169058090667177,6.109900483793362,7.50540159985571,9.328787043427264,8.998683290189982,9.080259024400103,11.83436229435157,7.241910959201786,5.696268853492142,8.171910158819486,8.35785495381936,35.874174589551544,21.068946056979023,26.83582984204733,31.26389550842956,31.415587470387507,38.67023116537684
4.17956,16.07318305457497,8.545451028116485,12.10605394566615,5.822122356175604,14.635599974176577,14.402368261856262,12.283629593132098,19.96531449546894,16.823770141818752,11.878183668344708,23.71513823793717,33.82420999152381,39.93269686065143,19.48761067981581,6.8102800370460805,8.95602857773935,6.815430780535031,5.652672608964741,18.855768228016125,19.93368118841705,20.969287403350464,43.09963916148563,27.729270386062872
3.806385,7.589641858356074,5.5412630821526045,6.06082453959522,7.213295981082218,7.93462557919044,9.155486230027286,24.41120271506821,56.065117943059896,27.857454154029643,29.380626444513936,51.76053382351737,76.40855932306604,18.866439304789992,5.197822955002507,3.4862942839299014,4.514867529977369,12.512659521177406,15.505537026201202,14.717769387621836,15.549622877786996,24.239960544473515,27.6566332581075,34.007814098280306
3.955655,4.162037,4.162037,4.3512205,3.955655,4.3512205,5.569436400000002,10.14424884,32.67069322096318,36.64056104660664,39.50507851141835,44.458453434206746,48.11125740574463,15.394778538657631,16.630212776623686,28.123352287128743,91.37523999661964,20.63783092699336,52.15778842419074,17.85835642014229,41.98748315600204,28.68021373619373,25.772024549866124,6.642694856064004
4.684152979864206,8.321472846002909,9.00005870117989,4.916091388925313,8.12381681877784,9.40915227850625,15.831250441415866,21.05602213527634,21.732748509690445,21.446981281606547,19.49538224820564,125.01777274085347,13.839250711261965,6.137584697307441,9.168680387517824,20.229582557175263,38.94881576346192,32.83393935584229,60.012659976821936,34.72107455295202,20.574065948184256,16.93746693735561,28.39637385729472,25.76935907087605
3.806385,4.004979000000001,4.004979000000001,4.1870235000000005,3.806385,4.1870235000000005,4.8059748,6.2947746662224215,16.192536056992157,21.390996514705623,12.927528765234577,7.228781065774856,87.05139030357246,80.95291664309174,19.62337083218928,3.3999156517164844,3.590699625,11.788942253180554,16.0090694821942,17.615601541888644,20.01551758110884,24.795498199539296,24.59652261289112,13.92329732107054
9.78514395230132,11.224850352942536,12.021287910904762,6.274448795426974,9.154356630223802,12.281652757161964,33.97055428279016,32.78149998262959,44.88004876596986,43.391313139164176,37.42350373199648,30.45325412620891,29.481073730802503,26.588410353216993,10.704168965731876,14.071721683056344,31.44189687430173,28.2714952607858,23.265720728163583,22.36241603579688,26.50081893549952,33.8496454705873,31.220809908274425,20.808523743329552
17.817511213817443,11.77033957007022,8.657303799019797,12.305355005073412,9.529153995012106,13.390200804075828,15.774740657669716,36.70317223286188,37.16250499964288,36.16609618320098,30.74134108095077,30.35540269612936,6.914063519075112,23.6126124020711,7.363437177963899,12.245305808811576,4.672771520315451,10.667358469981783,2.793654221519161,4.797776679761119,8.75077358460594,19.12482506699866,17.68461486206512,25.59865325222464
4.279495,24.46250866456022,4.319095000000002,10.909050477022506,6.628511156959203,7.039003656959204,11.555517652008293,2.949120900000001,9.500555813223892,84.85479994139575,35.17021539906337,7.481376087620868,7.0259879779395975,7.635562011716609,3.1719874999999997,7.878762035460197,5.728380909666203,3.1798915472271205,8.486814360257593,19.49798876852149,11.376376697778236,3.9849606328112728,4.427734036456969,5.534667545571211
3.731750000000001,8.12476494636906,5.071444985373381,7.0975255299531534,7.721884039937535,8.49407244393129,7.688726961970787,15.974729040491583,4.371137210678587,6.53903180291074,14.61291344472745,11.587283397924631,89.7739388686144,11.482944216984432,11.873225936125307,24.969034800771812,17.98711448519115,3.4451031206500526,2.359524285425508,2.3524369962583367,5.473525970677468,14.28014615181411,10.271377894231168,2.805160445661554
4.254195000000001,11.854833971701972,12.4156442270183,15.521072211077016,11.79999244716615,6.404064114527582,12.580447387903993,8.1709638534206,16.21684663115562,67.64954234292138,9.838465208827634,15.532803323337763,8.35545229828461,11.238465124277242,8.787819423988946,99.97232458227087,41.37599524978888,31.29813911138565,49.621796557875584,36.35751640670859,26.47277115715242,45.03172613680232,39.22575446063541,7.764177424931738
3.1346700000000003,8.36761565795429,9.072946190855586,10.51770025223182,9.561545683847106,10.51770025223182,3.957861600000001,59.26672529917037,39.777029769048376,29.50112006908257,27.43001395458748,39.00639062250939,45.51101793058024,28.30789134464159,14.049408323133784,19.632259764275386,68.61076638462977,36.46292017316176,24.582275615142688,36.67750413530552,16.732241440478322,20.95102175297828,8.111270181176188,2.219984264564681
4.03029,11.518925339462506,11.518925339462506,25.62611872249617,7.284882713387225,8.939801134796795,13.822710407355006,8.258082969870511,16.841905282870812,6.5146961161654975,15.987693441005202,28.784863816696195,71.74786103658982,10.387374054017624,9.21170444811257,16.482068154614097,36.01163220976553,41.729164224721735,63.741246480041966,18.577337141976525,14.754643485264872,23.66050380354882,5.504325239288968,5.407996094057489
4.254195000000001,4.476153000000002,10.30557602823922,7.115405856821932,9.794555729318263,5.762188436365304,22.53845664047288,14.865901801145297,19.85052336024088,28.028451066156816,40.34426242067281,37.50171128394125,20.8315822945936,9.082224403549661,7.5685203362913835,6.6314674075882065,6.069643173891961,4.369821449523885,10.054154306850174,16.489779741927514,17.43239473185663,14.880567107957395,3.129449072493727,12.725204910306838
6.14763640183952,9.4468596388646,13.063575553203568,12.741671977500896,7.42105423188877,9.329684441736108,15.676290663844275,19.54046085449586,17.83214157894579,6.477375381660938,11.660050906991613,13.544503578828634,12.571544674698728,20.081769547627736,23.093742774016167,13.191826725515071,20.818077255200272,18.204096034552283,20.741606816920772,16.79264435652482,13.155336387083514,10.4514820957947,7.081041789072844,5.4946761816715135
13.689172684211316,3.2196890000000007,9.363905164355,8.32965114517108,5.448939481633141,8.037673930749255,15.351018616021737,14.131631874096245,8.7437558103848,7.667746738246663,14.194725949660556,9.70863195102171,3.135024,15.771655257275931,7.148438856809753,4.936204815886575,22.30950760253438,13.174628764941618,14.870488311379528,13.157666368556963,10.459402532016473,12.042054381413632,10.01112638190576,13.56885257276723
7.634159089836369,4.0776107412999565,8.497739783649525,9.12721352494948,3.4332100000000003,9.12721352494948,10.476453785159404,2.4665374800000004,11.596706372905,8.992464176382997,8.350057207007527,9.051782008214357,8.500803972931745,7.078947519666449,2.9946389929531976,7.143036671699592,38.585562888779,10.642360744126748,10.278590275507232,12.495720632892256,11.523659799833068,9.819242627842666,4.0142685427733245,3.413312581121208
8.753271806049387,8.980513009553952,7.103446565278468,10.653635653342278,10.461666250529309,12.703708986718178,6.171008226111389,8.743394909753588,16.78299527821176,52.9778053500172,19.471517597229745,8.554447637926808,11.83184106847773,8.116670220154885,25.0901231101446,10.42345151616569,23.90324143990201,16.716710778928487,21.37772094868717,49.20637764365504,29.93456198620532,37.639742251473095,46.99223489583416,29.6828720987045
8.504604637738915,12.518473588178484,16.65653748311511,18.186503119937814,12.26650046588996,15.30600299561883,17.94765035963551,12.58468724020374,13.191543114742837,20.57489032122674,18.2396032447302,15.837391723026595,17.946078060896596,23.186293970086535,6.98013121612668,14.459307932896353,31.918413277019752,11.473246127119369,17.80409695823927,22.751759611211007,29.53136968033492,24.206183597082017,29.045246985724862,25.69834874327863
16.66764,31.858203357144284,13.49679505568386,10.179416702649212,3.28394,10.179416702649212,16.07211271530658,22.94569324860667,32.63182841500849,5.998079871797458,7.671331066457084,10.095289291883512,7.534673333142804,13.467979712513904,14.376836160127615,6.075251224651646,18.4560855984067,48.48694935405241,22.07533892246337,21.63880032856185,14.933356922519089,20.249409506904662,18.081645033890176,29.004537851106907
4.17956,4.397624,4.397624,4.597516000000001,52.48136314597513,4.597516000000001,5.2771488,8.289760173930862,10.05151842,19.831120481532263,21.609222638830897,31.076237974744764,24.703587778732423,3.8755919999999993,3.22966,22.9037850956439,45.81895103217992,15.180633266886831,16.25524243123663,14.758452617962536,1.474072992,1.8198432,3.3548876757679142,2.52756
3.43321,14.159446334211884,6.71195995738141,11.292496314338782,13.457325028383195,14.803057531221516,15.82386406209123,10.540990852672554,35.02071944239142,40.9142364210604,7.796618992973531,14.145095395202606,13.787109278090607,3.183522,10.398842067387015,24.33747475455978,21.64219059400512,12.622144180587666,18.458060054333075,11.388875233168047,23.44452404004807,24.69085693164741,9.247685524178124,18.30368183909425
5.815605261400688,18.71753230287569,10.559184931242884,18.599287032442493,9.142991299516268,14.40942889781981,18.96526419286998,21.48778793693423,8.592521774838715,13.146087398049964,10.99613159187603,12.955310067131132,15.118991254851242,13.234069848772391,8.536700422092634,14.880984127487443,8.510228258037696,5.522910455547136,4.897087640966776,7.100664498941463,8.801723113685457,20.721059433651167,7.9509641351550195,9.083663353083857
14.47832257701141,3.7693920000000007,3.7693920000000007,3.940728000000001,19.019616764600432,9.977080036169353,4.5232704,20.56323364780913,27.235338528785164,89.85339465521145,25.71738811919274,3.90816,27.81297280218918,26.33947184499504,50.389544955624885,3.0840480000000006,2.2423068,7.030932370740245,14.82421727916922,43.35046053491411,20.06920952599341,21.43130250151639,11.712040809278834,2.16648
8.693052575840854,6.065352572507581,5.785238884097801,9.562357833424942,2.8361300000000003,9.562357833424942,10.975923774018192,17.698441404835314,14.486781530049088,2.40168645,17.02377197053602,16.89693188738157,6.996849207127062,20.27249275837838,18.469132731737503,20.252604370002675,28.34984086769,25.7308089092411,20.408346348307894,20.486674910728784,13.180172882396263,20.059270902518488,3.6904604173720026,14.788190036955632
5.75584568030725,6.056150672323282,19.196383633769884,6.175808317874754,3.209305,16.197678356195404,7.267380806787939,7.3009054051762545,40.789845918393766,28.29919456686372,3.5454079680641226,5.5074253844845,5.896898025042052,5.33723872173945,4.447698934782875,2.762793000000001,15.167777711949949,12.861564116254124,17.681333036224824,15.024513322815602,12.847535322042708,34.76028151274754,25.463153084057502,25.465051221157427
8.417456508501397,10.27702075194939,18.40880577902996,10.959290966368629,9.08418709888884,6.174747051568159,26.156940104937608,8.89401044167444,13.142736087261389,13.53954341360321,13.848132916835436,8.211074906255668,10.145989128171138,16.50046265175089,39.91024306093183,22.109277503204982,28.13453908203709,23.822822213242784,18.60637352290036,30.65173523389917,17.925922751913284,23.287438563491182,24.1313834834096,35.44922018282315
3.180138548565772,11.674968539251925,12.453490770249203,3.979381523721856,10.71905082187912,9.948051961367687,6.68297114406607,28.84261762747749,27.06930784366585,15.647863736778856,62.9364733191108,16.352140752514558,12.216168186571302,8.90380193480398,7.851368926742832,4.444353113321478,5.587740010917301,13.844751348431489,14.641059822813173,14.411262316027052,17.990249345034144,15.57029992895355,15.486433003118902,22.38459919304639
3.657115,12.335196288137968,6.70280059445734,5.093447169046732,10.506919265635876,12.895887028507875,19.01245474576557,7.15869633995095,14.13810125186644,69.6136740805664,17.254725023297066,39.4871366201936,75.5784513333719,5.873036369153786,7.661325696919731,9.184062546603736,16.983472508148026,18.298546217158272,19.11660934718669,11.393523750266214,2.5900290979894764,13.796315779776524,9.204878205786368,6.953472154794506
3.731750000000001,3.926450000000001,3.926450000000001,4.104925000000001,3.73175,4.104925000000001,4.711740000000002,2.6810190000000005,2.5280910000000003,3.1601137500000003,3.5046000000000013,4.071,12.674687940454877,10.415205917747624,2.883625,3.212550000000001,2.33573625,13.141632542538447,26.454004186381983,24.28653751194921,25.517383232328708,26.59916783568716,32.70137996048683,29.757426115836616
7.044713741369604,6.419890417253882,7.660357425096552,9.564777736076293,8.459461237917445,7.230444366772356,13.231476255057936,53.11738109801368,9.04028029232803,12.956918538304294,8.16597624898213,9.485729986191362,8.961953621792127,15.311748359557045,31.239815916413146,18.628807181679683,19.409022828963867,59.94820118032132,26.62314579976617,21.503020210850504,12.362777115996945,25.610625019516107,22.372900612693307,20.38443423987336
5.194431696135477,7.703500696850334,9.625965097590266,10.063508965662548,5.3349805874801,7.899056038955353,11.55115811710832,7.016208592751306,19.24254765540021,38.16439630775266,39.55455310681759,13.196516350380769,11.275915734476682,17.309915815319673,6.417771355677545,5.771571424761608,5.16989040599149,23.72785690079285,25.75084807120331,29.181711186709848,24.01893457020466,30.50000064908403,26.92891625019154,2.1213450000000003
12.450544019914124,4.100641642171409,13.605578905295935,14.224014310082111,11.489787859593074,11.846142813287509,12.18889547890331,6.90924739274811,8.760111953614206,10.950139942017756,11.769142487394138,8.093156054132256,9.147938097583872,140.59517467509423,11.176604715463597,21.78696811709716,21.184363079194725,17.301050642899515,16.897287389584623,5.3117079588682286,3.4880230967453567,2.985612507898018,6.735123238942716,2.647372981805695
10.62017968407501,8.47682431916068,6.563677765458718,11.09212146029227,7.1333658211326885,11.495757743016432,6.208081568152444,15.68560839960449,15.93970824902592,8.378851671426121,3.3766734181644487,12.91698630683755,6.758596887911041,7.313395453008664,7.0239838689527,16.694930272842228,25.661345831072328,21.09520460708932,20.430729678878304,19.634346332369624,7.182176974283143,9.869093276129844,5.657030702522564,3.502843421429629
6.38118863745526,10.106561920674787,10.106561920674787,6.843714278911855,9.605410089897523,10.565951098887275,12.78465626224786,23.037441271449296,21.2519880262809,28.42773093672748,37.39409600911472,87.36053457437384,6.8988018158626865,11.571208001727127,4.930918492579065,18.85737249404921,31.485352254358325,24.311449654582983,23.428755593362816,60.33491989621423,18.475585391311,20.85724087346717,13.608950557564436,8.858187435186393
3.060035,11.372478270083278,9.078169633868246,3.3660385,10.808553727765094,3.3660385,13.646973924099932,7.765240947721323,6.035335820580321,7.013877440467468,12.29256077595113,13.04845119671858,6.93751642544055,9.349151427229279,8.352064244182117,48.546222579708825,46.82396299419823,7.491268055587496,2.092903879656593,4.439890706579488,3.154662318032629,12.442652657698908,10.016428074099782,5.437508731049303
10.286223199038195,6.672268805947413,9.56763002223844,11.64292632468338,12.374010144665068,8.36211826726972,36.13925982956343,12.738158325600832,10.435533436738838,6.127727381261973,8.819803438620827,14.47502834018744,10.843860953495982,6.3414443740611555,9.393388479700528,11.4226854075827,5.88641000457075,20.8860302664557,49.714478148369786,29.005632380385624,21.99315059893243,30.137413192019064,27.790606983543352,16.801729586710806
3.58248,3.7693920000000007,3.7693920000000007,3.940728000000001,3.5824800000000003,3.940728000000001,6.919070400000002,3.1008938399999995,2.4269673600000004,3.0337092,3.677805830753896,7.573236352177031,15.785885131416471,28.02419121904277,16.300018902770788,11.59266897681304,103.84605923017534,54.96850256453064,4.530549059726948,17.909020414047273,21.69694813945184,14.6076536229669,2.952266403074913,14.67275485349697
10.195895475775783,8.222734768171087,8.901095521040206,7.414503218543276,5.236103735701489,9.305690771996575,17.15808899947303,22.79855455558536,68.73467335213046,59.42130319188242,7.94477947332514,4.071,8.667032152718335,15.553949263830733,18.29618685035229,14.841096351886232,10.069387476776042,22.54725680749936,40.83466698866111,8.00871359907312,2.9836258185732865,7.58364848569595,26.289757036727707,3.686353239517564
3.58248,8.218939315649887,5.326733560477461,6.731807679816745,7.811388605782948,8.592527466361243,42.33350205954122,57.16908333204625,28.20881341808316,3.0337092,3.3644160000000003,8.521514842672307,46.99582620486349,6.053133703799256,13.508383405182641,10.54855520014293,9.43515382071829,22.75161358797845,26.489905286773435,19.131484298230355,19.528363398373752,16.060981417026703,23.004738120338853,4.723883228003126
11.35933909802832,13.433043912746966,12.995426533908326,7.322170186202906,10.565201805174055,13.135418755804192,12.92197561809975,4.822245964008152,8.553705585505725,10.811279087477356,6.303589495435493,9.963792766022292,19.87281539175276,122.45795174905719,9.865364706769462,10.990672292247522,58.32474615692056,43.29603171783244,26.75984244511203,34.3951134110851,31.327786066594747,37.94088607533533,44.42182590580632,17.15090916367451
22.666369862420897,19.992505357864392,8.71597278347538,9.826547766775574,11.807436422477808,8.946415870706987,16.6371675097509,33.321751072405995,39.870419339749525,28.20830034950668,79.24338032058667,54.23534203448916,17.952340067259055,8.2835361339761,5.574858346175197,9.571577696097728,9.887333100519411,15.827782705503562,14.726774049730022,38.44691478673623,23.256167598917383,25.500253843375827,27.038484246854395,17.48121146935871
7.63996246909146,7.933862128559233,9.91297933548098,12.753280771493742,7.930761648116078,7.178042639645452,13.267061783189344,8.502874376290084,9.075647940005878,13.807594817684617,7.621675788534843,10.890037220848884,9.899607812269169,10.862614355379593,14.292821834059202,38.17240626049503,33.991371477966354,70.0849314570226,24.32187066308554,14.531419135501558,11.732768228258443,16.564084887925382,17.232183918718285,3.705938163246068
12.718211315260818,9.283859573861085,8.74143106060548,12.642459221592642,8.82350290077706,13.68401964279175,11.417785093903843,17.97367020148062,16.975165718094527,22.312279318402805,7.832271206645618,13.87441234392089,23.07419627060284,41.97427820600163,10.80973528745551,10.105023026059433,4.118856635697163,7.260893421534054,15.62267268787992,5.633646958554016,5.668355545257142,13.74183097811153,16.29987522507831,14.382111271882128
7.723356808534028,15.72615175573015,8.895590352503445,14.497693993583278,15.612255099040151,19.40498426183927,25.1190975777713,24.263751483226773,23.634597690064,45.68886900229617,60.436138621204414,122.7898180633354,10.001550939672729,26.718605992498517,17.46064499460438,25.6178688646704,35.966710807349344,45.49569969386875,20.865070430375454,23.00987940649653,23.305952015019137,29.008243552697,12.77407101782589,7.93049800510323
4.392634411360044,12.565214982110472,6.186387345802934,13.601047259097,3.73175,13.601047259097,30.10462965392004,29.782165877978944,20.739519926379145,20.167534214477715,11.143267831224492,85.61636235851518,15.150110191152432,22.626463246045873,19.31219691899871,29.225044258002608,52.81045426846331,47.85657514161973,44.25337648269345,29.921709041154383,1.3161366,4.08881201445485,5.981919455671838,5.932439760025033
3.731750000000001,3.926450000000001,7.255622312855737,7.585423327076451,6.8958393882513205,7.585423327076453,5.821464104285248,7.572558834480437,3.957108825530231,5.839522172869184,6.476092642879499,7.522733878092347,8.548501109819851,6.3943237963784965,5.328603163648746,5.936418255972877,2.33573625,3.0765649513895497,2.753958396384508,5.827931494804352,7.777908381963374,6.123127442866318,5.324213147386836,4.170211171551194
7.404698807304351,15.096094741701204,6.637689835014288,11.020595891264978,11.00810363010316,9.515985060166733,7.857103780982064,21.505974716447685,13.222727443692737,9.02351189998468,9.803240847535784,12.0088403237489,9.8766700157444,11.649678670362,8.506261895988803,9.476541385914894,30.645543406988025,30.21990132720608,21.91500026527745,26.36576936921733,19.98008281041648,31.810241536969887,26.17094721055112,36.95796314270202
3.806385,8.88760312630768,6.890165983727265,12.703375560460026,8.446895533267625,9.059559559931008,35.76893207615842,78.15931698420565,59.20415991627591,26.75670045547277,14.700541277852215,14.310198417152964,6.492295061776321,5.6810664290604445,6.527146548434073,7.2716752851608275,3.5706709551402,23.41630442149074,32.386879859957794,22.529644091430903,15.484626004269613,23.069339316483106,27.795428580225327,22.552213981903684
3.507845,14.24039139254,14.24039139254,3.858629500000001,13.534256282166114,14.887681910382726,6.2479318269220165,14.863304568760492,12.946706857955109,18.11652543191267,53.07718898011363,46.53904088422789,25.79385752657921,23.62478089949464,10.955541242445781,26.181547098928977,39.134433357240056,27.669027804969392,16.672067718614,6.206167889081205,2.4483513187680788,22.21156837653409,23.03553307884328,44.88084914053525
3.58248,8.733348324949924,8.733348324949924,9.130318703356735,3.5824800000000003,9.130318703356735,10.771327719499022,44.480960809716166,18.436184583787096,67.63982321835711,25.85168987427861,9.596863617367212,8.503696039921184,9.108932107275404,15.27213259625507,18.33744672633785,35.71608825225642,53.41478362434714,26.264455039344725,54.5707194728214,14.709242201452623,16.433967981539073,22.04833880071378,4.37111943740092
5.159853623070706,13.359067383856164,12.916996072425905,10.26897402388741,8.662136901709937,16.472998361223446,17.910984111634612,17.04063467463487,24.17175284620592,30.383132346921983,87.27277136027185,43.94662767802688,38.58787910686992,32.28530642733894,24.959057615397793,20.554525838946457,38.17311716114971,42.23897945042668,16.17498161182074,48.51449813218247,50.09462811785484,26.64103776310241,34.44266945431276,8.898693642909873
11.568228688792402,9.387655777432936,9.13455280752061,9.597899307983516,8.72536300725774,7.697506200776791,13.391251880183065,16.986920469250716,20.221480960209146,32.2099240644233,81.97832772895815,34.239368202578895,23.302806817846637,74.27176652562336,14.159399884124856,50.36176595213863,7.09009556213395,6.590359758745046,27.88898015314529,13.532537479826196,13.992536456572502,17.297548911970882,20.10314103658948,6.225788264383959
3.390394606715099,9.902981808882071,16.78320652597165,8.147477891286323,13.972389855204211,14.275519443399968,20.139847831165977,10.313309624443296,6.484117185186577,12.668865294343483,17.047172105825933,13.51540152756696,11.439615038252681,14.790910033782671,9.77297958232343,9.4985090156421,8.031426053617501,14.564316560741588,12.4812269183786,13.437355074457493,16.22051400355918,18.403510921067635,16.26797027798339,15.83239147694265
8.996193036334263,11.570843898637404,3.953349210433379,12.542879044942044,9.663156372276012,10.143185460183371,6.9572004652014,16.54865196935683,18.956806912154125,22.91572971638315,24.979847100651483,18.4205351837314,4.360559604932361,10.19729518640246,4.256749778774058,10.474922770725634,10.493571785585766,21.436069923583705,12.71977002958171,14.434801484166844,1.942854629463416,10.417954274137063,24.2325620135618,11.5957371735836
3.58248,9.47683474551982,3.7693920000000007,9.907599961225264,9.00690905565933,9.907599961225264,4.5232704,31.513236191102024,43.1393419086084,55.15759142374792,39.52199272586778,38.925960082571216,35.16419091174839,30.01818884980593,7.374995949200139,5.819809740532795,23.45718598461917,23.690545440382117,20.01780583548106,20.759888991102176,19.166973245250578,26.80556911832253,32.71915120845198,22.42851526626023
6.294345514270895,5.396556373535423,4.170366597272771,7.692935470808193,6.99357770073472,3.5907733102204165,6.770153194545541,34.80835797137159,35.305102138817965,7.29506165040032,4.160090833388479,4.8324287458553,16.69599863297848,17.880469892810606,9.608296962640104,2.609521180578534,4.377343860868958,6.868584340948367,27.9526417924988,2.2983363262169028,0.6580683,3.045108772778405,1.621713561169694,4.229317739970008
8.6898200938428,11.700831090908451,6.248492079126027,12.232687049586104,5.938649496690025,11.787039558526269,4.770052810550139,50.77560430980483,25.108772863912595,33.11599958211614,9.515649888974291,19.89354714168339,23.649664531037075,10.923043159003273,6.196752516825162,6.466936953730212,6.0759240314105805,4.005156578161887,10.905247318697382,15.360724949476191,14.262242042925928,28.33338268912896,20.5723464344592,5.255108594300191
12.667747390016643,15.69791286952802,10.463982837922496,16.67201797988952,10.15803429106133,14.395104641390494,10.471267356793964,19.583725356311653,18.311383498303595,19.94259968848964,11.132354064437576,12.756805224455356,28.011049792100287,8.934488069796396,11.242216867412447,27.48035972290989,51.26270105409495,10.913823362331367,5.574998235248954,9.463426935187735,13.050480989517796,17.46142399611151,15.26114598797658,15.370106298451349
19.58479391151629,8.290921560466245,11.573198349466788,5.6365165302661175,10.410810433159142,12.962401277793145,49.41942517128757,79.32193005505718,32.13734895193898,44.87575022609253,43.19741619833712,123.25991405880922,120.47816197818831,5.781873440650005,13.96123873729357,34.012723760265835,29.22736724733761,57.10908395765752,23.834930701997,28.019251022616142,31.666150818946285,35.11118447351276,26.1539169390248,45.639324763960175
3.435122668417414,6.7957556560752215,5.841332897196586,5.940547093628184,3.28394,10.097104369949866,28.075512140537715,11.328339282233085,9.498112840872066,25.17639534409382,83.37019186123983,9.906254504598484,23.309206830653977,17.17727280492604,20.65265363682274,16.8169330296382,26.726261604306934,18.127101974471493,34.13676483900665,16.92289570137095,13.040819018920574,15.795484622144368,9.89852004237964,2.900206729955116
3.358575,8.438596208806064,4.760002802201516,8.053008324189024,8.253232342672167,7.283847884626255,32.17580642786717,30.41610941699844,44.63956276382063,67.56820462597665,58.66385924747829,96.74331792213736,10.023249473529098,15.886945779003817,41.8320997516726,21.48821908899149,36.03334670907676,27.80117240763233,40.99793527015137,27.13558412604547,29.615763133119128,33.030248942048544,30.86560986168249,30.18540540744108
3.806385,10.293944575718042,10.293944575718042,7.132526972367197,9.233603440768958,11.696409593117735,16.83087176133613,19.22060004075617,28.180301413822043,5.724065930656771,7.499852367856187,10.672910228768515,6.26743246495981,9.071973694453234,7.559978078711032,6.895128516554815,12.886523353069474,16.254626416984262,39.58569383557804,24.5493504143164,26.11983788426112,7.362064790859762,20.26008472539503,5.605917670497117
3.806385,4.004979000000001,4.004979000000001,4.1870235000000005,3.806385,14.193989355194187,6.211510800000001,2.7346393800000004,2.57865282,3.2233160249999995,3.574692,4.15242,3.899664,3.529556999999999,2.9412975,7.499057203308126,15.939882816613272,14.7465261320438,13.657417233670166,5.177301588911559,1.342459332,1.6573572,11.537078340746254,2.301885
3.1346700000000003,10.532550242744662,7.639386819019562,9.80351794051653,8.180749407844322,10.76048695242874,19.036924401197428,35.58169564591228,19.229926565555264,20.91288589967145,8.523673277704297,12.922050535183644,8.381226270803355,6.304651140359546,7.026259213385437,8.025175264170628,21.653526956722896,25.04032827798024,38.24425584621146,39.3360667311428,23.0896178481014,22.33092546953141,22.458600824116683,17.20812639268749
5.035462344098825,11.010016936912416,8.035500880172862,10.006779631231408,11.318437582146762,7.291777732198031,11.850414412863405,8.48620502545684,4.686275053546778,7.285545762563747,11.093078464649455,12.885899226613006,6.538469058436164,8.703065430934615,9.127511952184213,9.318741621303733,2.939337980574664,5.269933320808695,2.861169674193497,7.786289384618812,15.634791321464158,9.544945599895645,4.812615898861522,7.143270223448514
7.257745328465065,21.08900221462705,7.704024885280964,3.694432500000001,7.322007122374468,3.694432500000001,9.244829862337156,17.063210590705616,23.702254267997585,54.49740716015818,36.2890236109476,86.6190459773016,35.03209994414298,5.686942759432154,7.992510917612704,6.303293087957153,3.962723772446469,24.07822555002676,23.963928579848147,34.831960938472854,37.3576052556964,20.98591519479384,22.17038539946503,25.475140179383864
9.503692035600364,6.34588850254386,9.802057091120304,6.307681815495301,10.343945482442033,5.1643852399661085,7.615066203052631,53.78674595164208,42.61167706468117,72.37451855856905,35.45511333640931,29.79865849920291,7.064512853112847,15.542036955260365,19.809287067618573,41.15266661782619,46.28329826782132,41.936471257574176,31.756955793818047,32.98316853670737,24.700421055978296,27.608737448179795,13.45911856050178,3.108582577984499
4.328830000000001,10.900845627319724,10.009117789194349,10.46407768870318,4.32883,31.095883211928196,19.99155953599809,66.8009273094431,26.982341414317496,28.88806109222078,31.71044564994596,10.377597707804805,7.8146429937552835,5.543490743701753,6.258309273717627,30.875284132829268,12.01400560492296,5.975676814533816,11.6036178663637,13.823534444631765,6.379484487108527,14.29004272404364,10.745907802679143,5.752798729326576
14.799925173950378,11.026343704074444,5.547311169795274,13.064451657371128,11.876774233973752,27.450429495364663,37.27862741313802,31.029617994877487,16.437522850142944,16.039803952146304,29.102479884982536,26.410853690641684,18.414362910296063,34.43074909906421,51.977894179632834,45.1150214283505,45.89605470526352,16.17028599821572,27.56374225847057,24.260255246398547,25.03653783984713,24.73015542772665,20.78004194393135,3.270532752925734
10.233085596937125,9.408641007074968,5.876944766370582,11.256394156630831,10.23308559693712,5.008008500000001,33.17465032748564,18.51787559115424,23.315280473774383,7.135037069037352,9.61020212581921,11.163366105749589,36.60930226760501,29.086460562087353,41.448406946879764,51.27080680775056,36.010036795906444,57.72598753634509,19.28849152129856,20.877031479038475,31.005132953778933,40.91684375275706,34.524532748745074,5.251527896389162
4.254195000000001,4.476153000000002,4.476153000000002,4.6796145000000005,4.254195,4.6796145000000005,5.3713836000000015,8.618512918456222,2.88202374,32.92850729380979,41.6539443786771,23.31235722140552,33.789172492802315,95.89073070806191,3.2873324999999998,18.91226294588649,79.52921097945806,20.46075538493272,16.27954301000638,6.491231905304868,1.500395724,1.8523404,2.0581560000000003,5.83932033248466
2.9854,8.706060557867183,3.1411600000000006,9.101790583224778,8.315009602579508,6.721760799178279,11.534804524547614,17.102345090265345,5.977156314499118,7.006874320887504,15.314068352266135,28.87950541841724,31.07961745613836,42.08032221860259,30.47247358382874,30.40548678046159,18.500222323923506,10.09751832341466,10.150211200457314,21.891342051023383,21.38669394220448,29.021571128090493,25.252473863126724,23.10484016502176
3.806385,14.119058530487042,41.24038965471426,7.543415102712158,11.08568502262317,10.198024330056962,11.453571599265931,23.741088901312757,18.61933805350036,8.728945410161453,6.252862845235788,14.638843555275816,49.397107100912514,58.76202617524172,27.92200593503598,5.621946743582554,7.6276321229695005,18.199047454283505,26.62633608898537,45.32388029562495,24.35592561754245,48.972110683011344,4.828669110749576,4.106081405164769
8.873028690576218,4.319095000000002,11.986115944106649,4.515417500000001,11.608495073309363,9.76033155963384,111.7350658085956,26.513931408096585,49.28751541034399,20.522525699304456,27.62020096726851,29.346520612048444,8.646384091258913,24.511392610294845,26.865281263045382,63.73582838864289,9.292992795668102,43.02366230970214,27.352169876311244,33.6504102289286,22.63900192441683,20.86142211165954,31.45112851897488,42.90368811247466
11.422309293029535,12.018255864839777,7.233356045258873,8.679839304560986,10.225564014099993,9.141848724594,49.04455579504547,15.969699244434102,17.450403860997035,31.1112617357169,24.33381055347066,10.37183656008247,9.004863798009774,7.094947479388774,8.826329908250097,10.556243342365345,26.30847521062344,35.88857800226157,12.936280111409705,10.483405154624103,14.62858249539428,13.494717593786486,8.023010029513104,6.985878479161216
3.94671937373258,12.76224129946243,7.040509280486716,8.007491240705583,12.283228153186464,9.460590310075697,10.394579401869164,35.19822733917155,21.185878497327973,26.06681361776211,23.606911074694104,8.658416779787316,10.14313971173804,10.156524021147952,9.372720413391828,5.611222856779968,12.223001941634717,5.498975318323227,3.445600623463657,3.220696843356417,8.313589601804619,36.369225293404334,17.38033860982652,15.297744087618453
6.622275,10.035675145182836,6.6654847714559295,9.329654481627037,10.55710732130306,3.940728000000001,43.919423991354975,6.710973065664244,60.21879315046069,48.48460153560793,64.8320961415274,32.829383754322976,8.264057643102001,24.25616249032909,20.924888196999166,6.105521850546023,7.633051984215032,37.11563719455776,15.098071917590914,24.854479862207924,21.304124369018265,40.71224700592695,24.88673533521744,46.05710732993285
3.58248,15.602223118747109,11.65693576593551,11.152325620174713,12.65420535925708,18.10525696632067,14.268827521734648,10.23266626889052,16.410312949843036,29.64355669176616,21.8923767776745,10.58905152831332,11.595049601248602,15.262282731939733,7.381509378907423,8.42657490400803,26.109597228238748,32.92221175233714,13.963641649808428,13.970178088535151,12.11199621734178,27.26844098021183,6.122034529537813,7.141387689661301
3.806385,6.482517588215024,6.482517588215024,6.777177478588435,6.161070435080394,11.888402592078611,22.78516867395644,15.897192864756033,6.501386990608269,3.2233160249999995,9.335318613365857,38.11228810658735,134.264068056814,55.227329847012264,4.255402250385776,7.057081874438319,21.01688967990096,63.14320508398636,43.781051228345824,30.34440969419756,14.07562478865385,19.99585138174737,24.427756790501707,2.460104969946113
7.918066868333973,4.162037,4.162037,7.620210291375526,5.540619747333588,8.491940902409,10.08832416053539,21.73705234981006,15.495090238275516,31.740706741677617,79.8706581425636,31.708861033269564,21.08476511133364,11.266481849226032,6.118506216439887,14.916490606611097,26.732765007277283,29.83961636060012,14.407590744101109,23.950203181426968,22.452391354839666,20.324478861072222,23.181620900235924,2.392155
18.06229070598304,4.319095000000002,5.825795337591014,5.517809046909724,6.187816526046178,7.092995763482145,13.445319157333518,67.5364922399559,10.47839410892733,35.1476888715672,74.98394416496114,17.538837830154055,9.713662907442128,25.322544356812408,4.982682974346961,5.551040162725159,30.56570184149259,21.72628222152791,25.16066059051388,19.66425743268452,2.6988823885349627,23.993245793385658,22.07746478032984,12.212784859498797
4.136830334901429,4.703604944386001,5.6394448998948,5.895783304435472,5.359803004032247,19.519015128074283,12.27767387987376,3.850668906027341,3.631022907822573,4.538778634778216,5.033554125525936,6.7611985330714255,3.440879999999999,4.969999149193537,4.1416659576612815,4.614091281732109,7.708252127444361,17.589310523805654,12.547689250174535,14.494381049345725,8.667345015451678,1.8496472137447384,2.108951517180923,3.2413037929523068
13.759531934518058,13.4252849901975,11.527009921160234,17.680149089066287,4.711909116496535,18.18908188128557,20.877902681127782,3.16360242,12.898889671019838,12.65992833045446,15.529018523152898,10.891168724339469,15.624998838074045,10.864248334311357,12.581458743834991,18.22636183334028,29.75882387544381,33.29259866307679,35.1680207683461,59.35016374733977,25.72638933025352,29.811835917133266,6.346609755724317,8.673219641647284
6.989448815865953,12.332339049750027,11.575014434296678,7.328734277599236,9.036972006264127,12.892899915647751,8.134350243710593,59.63108540348973,34.34981387721411,48.52190522173212,30.940017538896623,31.02348801354952,85.80312515673289,36.29711487769541,18.42747087336284,52.70095829093755,63.045694539969,10.502741905860848,54.49657647702068,17.523957399043177,17.031314946033287,33.6052423937266,26.496402134603844,19.2663893068698
6.316230509396047,11.473215675603852,3.7693920000000007,12.23505271326442,11.122775193876745,7.8034214363983665,13.114322891313764,7.008977851956051,6.35828053305945,7.5688457980239,7.778389376932903,12.133936575138264,6.356272105391441,6.2990241706376615,8.058892022828863,24.850817178103846,32.69453700648571,54.77451980378034,19.158486073591654,18.15277127113775,16.78458727150934,16.68869037571617,3.722479183476061,8.398509209404029
2.910765,6.644697672359476,9.058825030545938,8.69603834972759,15.832669491333496,9.282297613089847,19.13198462658519,16.44979956160366,12.578476233407915,62.834498539118655,16.585232541541565,30.82486271316136,26.01384068732214,7.005471174466143,4.126734023196234,17.67822034374353,26.779033738547785,12.858408662860606,16.298794045184003,4.043785234276307,3.911370250737973,24.35528725023959,21.15742175146712,4.099568048680563
5.168978818324413,8.925637741362918,11.107365278049691,16.892988017961045,40.1437636530028,5.631846596638715,40.39520509594433,33.66702400556587,20.59642078828109,2.7809001,9.914011983713776,7.403464579484957,16.88670297978308,15.304587833357607,7.574714191912028,19.34203305066864,21.85713588652144,29.387437571986343,33.352447830983586,20.44279230139272,37.91298272673101,28.632070860600923,35.0805070094515,21.805656594002123
11.0423840056376,13.075193353816257,8.038854034342519,9.024827142295509,12.42683665858569,13.091284783386842,5.502456984574836,24.440198821221102,14.458478557600165,6.064550078278165,22.16072754677913,24.890544744679254,23.844323840860685,23.584641357894526,27.2048216927634,14.384175947523937,16.76220872822478,22.856884193493475,41.515117148530685,52.8712394250437,14.94055523827298,26.14572146099149,15.203280657066983,4.718595989004392
6.025615330934626,6.339995261244259,6.339995261244259,5.881663290686953,4.125398962429917,6.628176864028088,8.122249632044785,13.82871392711568,8.41546114478494,3.0337092,6.209524163921248,9.233562245492273,6.173278631534603,5.5873887614121065,4.656157301176755,14.625661191945719,15.791647476796005,12.392214063871103,17.238899379203307,17.01456008379276,15.87118137398081,22.142795178704294,8.962606970332871,3.9740245395783225
11.356140536248189,11.948634825095924,9.318921166279535,4.25083119969335,9.52522222796606,12.491754589873011,12.352631628219417,26.210544918267946,10.261026101568282,62.43884647996994,13.55142086297618,12.388516948634388,11.634433308282729,9.991251941886942,4.373551712072969,8.0247911276586,6.19837025301575,18.13254140587208,44.02614694285209,25.642932347581727,9.3610780065144,13.42403074989563,14.739301644231915,17.690722425567042
3.955655,5.8346367372612695,5.416486802945951,6.245566414549693,4.750485453657213,6.099847498045871,12.475313478135217,15.630176172610955,13.466049390742128,11.224727332285706,15.894914656479768,10.20423675777242,75.1095630526951,77.17133921238245,4.899204006205359,4.659752802945953,8.19557377815834,37.33563134819027,25.06357502010072,60.12132394206235,15.59864132326696,11.856866832191448,17.45901632809653,17.776753572401653
12.185036383560396,15.016445549996067,6.942632068629854,13.241948100505994,18.95435657277171,54.31768786926828,28.22524001841776,29.819181596939416,8.566957310103334,26.031514625950685,52.36618005977128,16.236238554195637,20.808304736785992,19.566376550625954,21.18221088562576,26.635222679253257,22.45219277143359,22.960442481079134,36.2166256924406,22.87179764282402,17.322328181608395,20.9953704684976,24.954456223894265,8.494155302214027
2.612225,9.874827031483164,8.295047807851716,12.211211228681655,6.616182078951678,8.192976473752971,13.391729526351131,64.52301609804057,61.13113353665169,53.31512618681208,37.79962553073395,111.29845788079052,32.982421425832435,6.723426645414912,7.412833844768764,11.407516890274124,20.79424356016805,47.207143760235816,28.779265119966443,24.53071157823279,18.50136483037609,22.99510109196297,12.971824144979648,6.713314114223119
48.53812443243243,22.32513056458192,9.41940307357025,13.269431895459013,10.323014394180165,13.269431895459013,20.00241062771873,16.39448715572506,12.76500537648509,27.08581680235646,22.56193855481439,16.870067625762186,56.24721413724392,38.045053803916254,37.765595045886705,40.542599116233525,16.98776871041816,17.356957853673762,16.24515641532146,15.863523526828509,17.340747931122607,27.05366587203936,33.77203589162296,41.53656294019704
4.8164433704198055,15.24914386317458,13.767240450499832,15.894392161269543,9.902615844212477,12.345618859744077,21.4332082978076,19.68921380363333,65.48107487945322,101.60609871930538,24.46590509899491,96.08924746648673,22.08769445814219,24.231864691667237,9.745349030729585,15.829242055370838,28.753799375084554,18.69852472218522,46.898358886005454,27.59813103972636,21.15894806849361,43.03252767791794,41.25167944058715,7.760532512372507
9.163238746223808,13.94411588739309,16.09959863689711,8.604774321540875,6.612148563407563,13.424849769788835,29.810153824200192,17.98509302390304,5.808686676626086,7.2111467251857055,12.421923907514806,11.52429974500282,14.570216740630034,17.62347514257418,23.721476789489337,35.750022883042675,24.415572192249577,14.656072800584615,13.157377170318751,9.865021165341924,14.058307127193112,14.230969352886095,3.838040943438731,9.09998504803705
12.658297948416308,4.319095000000002,8.931636406671217,11.037588067183608,26.439682038130567,9.337619879701728,7.477768558938661,27.587947568035105,2.7809001,3.4761251250000003,7.972039106780921,9.260449467472784,4.20552,7.871382047351866,6.559485039459889,3.533805000000001,5.31318288196251,3.787236758262879,1.6393642650000004,7.652156808731825,14.148305098097817,26.73685428384598,38.20549217955643,41.60667768551497
3.731750000000001,9.981819333024044,9.981819333024044,4.104925000000001,9.486853085105496,8.709007468084396,20.81063480080654,22.86935942373724,15.211022462821507,26.449063307855177,7.435358154570077,63.1055309875638,24.196788599025815,25.326462109956726,18.535484068829135,19.57700671099471,19.585344346613542,23.538663771476084,20.062567682607256,29.6650479188637,15.975018773855536,23.639297235936496,31.12979590554592,23.599847687491494
9.602867122886437,11.400501558150651,8.529346657217147,10.203470779067356,10.44536120508137,11.918706174430229,11.86244772664126,15.371855680945538,14.942163584117116,20.97247598185292,13.300152686287856,20.763203993594825,19.39872009511429,11.922984267447381,16.587101319697446,22.50861452704865,49.50763707615112,35.45251256660582,34.41212294335347,45.156191063718495,14.656126249806489,50.663258780115584,28.124432379418163,10.88819091563984
4.104925000000001,4.319095000000002,4.319095000000002,4.515417500000001,4.104925000000001,4.515417500000001,5.182914000000001,2.949120900000001,2.7809001,7.476405136801804,21.44672719093356,86.92899745066404,25.00416620477432,15.634677278854966,3.1719874999999997,3.533805000000001,6.693159446096852,15.353161943800314,28.80000986712665,13.933595480931926,14.608019550957373,19.00702561845499,25.43471849834817,30.214192349509013
2.761495,7.44499578084309,7.44499578084309,3.0376445000000007,8.548282436338473,7.783404679972321,3.486687600000001,10.27877632244675,12.08640615120614,5.991935090408443,5.355937773465743,4.296141551307314,7.249222037545187,6.561217168241129,4.103854325270253,3.7278590670276968,25.42216448778673,24.0080156566699,18.126049833774577,22.276525569908543,15.657409674559853,22.231539680117333,34.967201382187696,4.279054674939867
4.456950771135716,8.71899208750546,9.714433927707534,12.489433740806485,7.557607588917572,4.7071511852970165,19.24288509856722,25.84212850606743,27.28986935601265,63.07239406358988,28.521630954313867,31.405847714562963,14.114693189822113,10.95495125212142,24.56457395048073,24.649238436231496,22.9776609911181,16.67331801006537,20.25565721411849,49.24977243938768,22.115387203155752,46.487712583200846,7.651080391584643,25.577484316766927
3.806452692670408,11.762939298023106,12.077197746946924,9.155961469113626,3.890439316777892,6.97971281487407,13.90344267379457,21.05984874336985,19.722273546572225,9.72005721748551,10.779647575787331,10.23099227583265,5.659073167077616,14.653208140829243,8.869617428730738,8.852861414660454,10.59777229327555,13.84083658048103,16.655550527508094,18.625860016173625,18.38303503783057,28.650963708502964,42.28427705017268,5.315842866697171
3.955655,9.586943531072455,9.586943531072455,4.609015645071625,8.642839455847724,10.022713691575747,25.26476075439832,14.593275893178888,15.967581813165468,7.715832895622154,14.784533697548078,8.661558313604251,9.334845091111871,8.448899144964678,12.655982819338579,21.82184761957042,21.69112510122361,3.2286321463652863,2.2349154727069696,3.742806139281306,6.736210330953711,18.58330239665817,63.24130332957798,41.08479673788166
25.79588647573629,11.86831930735027,12.26520908517549,16.738016192250583,12.308554155477044,7.472638782337862,19.80763501407244,17.216666222955713,16.507141074685816,17.61609284546282,18.62349058382979,18.832874041976623,13.04235366423217,10.904694009383574,13.178820691004791,40.714187019114405,70.44368540577969,25.29875393645453,41.22478762067444,25.195896127078992,26.14016948703073,21.68719420937465,36.71491191225743,29.171923725991643
8.651237490111834,13.050470688796157,11.736924813872456,4.515417500000001,9.661529154581132,15.866315563755704,11.195954184091937,20.437321271097744,7.587111250411953,10.93114042697582,12.204192535092508,9.909946105155331,10.63719567600264,13.374910640521334,5.694480966572367,13.726193764140442,24.68183901598433,54.2747525634198,18.022264913280765,24.558196794424607,22.37654716998757,20.638696775438337,6.978214247228523,8.578766564957572
12.931454751874732,11.888023593830432,11.326936269505524,9.886492696987156,23.53944425258004,8.710711103804533,27.861494153284728,15.17639631990038,24.296217113005643,9.188172496570456,7.605966627860708,7.705029544544825,8.661640114102534,13.71420920881605,11.433880676629423,30.296070220366513,15.282201117256609,9.425819850221716,17.332073500151232,52.71391948159796,24.64678026758165,30.27902532296271,39.50416087642214,31.433377531501453
7.956725534240806,8.371859040375112,8.371859040375112,4.515417500000001,7.956725534240806,20.924150635305946,8.830401636337601,3.5025743958938715,5.39031988010568,6.7378998501321,16.261319524949613,8.680064219171786,6.1786162420458846,5.4136363138332095,6.148378821913349,20.580487453401393,29.583280244685223,18.230931439537887,21.645691436911328,24.18858282092664,15.4029584822347,12.311272848816404,13.880504665552792,4.811774730193057
5.392453220124545,9.04290825946378,7.358353432493066,5.655501651201108,7.793987994111721,6.265658542137,10.85148991135653,12.537236261296671,65.62842890721639,126.13397706065832,17.409036132413952,20.51254008111821,23.47915169544291,62.09311473650709,9.024762803088498,21.304461981102058,47.81681182412924,14.787686517173151,24.831306660691556,18.67311886681544,8.9382138014707,20.793747354222024,19.959700672715247,4.413845406568588
4.254195000000001,13.724146741903832,6.04594743230417,8.290141694299589,12.894415201218532,7.754598995137894,41.5562752767006,63.14130993547715,58.55958067227581,41.75689517070136,26.15597164782486,6.756801165705242,4.358447999999999,11.81829478169394,8.234556685264666,10.97197188172609,8.164114415154698,4.457759490352347,9.418321434210844,14.428193728374763,15.044008441916002,16.731772803601004,19.3543774235606,20.88982842224956
3.358575,12.535070123409218,10.881780312753303,9.684462701367536,8.085494522731386,14.740345081505472,22.015795311369175,16.756711663051092,16.14970177530902,10.842650950608467,10.969124120113303,12.411221487794975,7.547465556765654,8.83006533577285,8.653977703188088,5.310986638463354,6.600699932676885,17.822855138034672,44.77449392753228,26.6747094064374,18.58920873992846,15.750729533182112,23.726668758912265,6.772678202495027
5.423511199459077,5.706477001169987,5.706477001169987,5.965862319404985,3.455327911051009,5.559924516170821,6.847772401403984,3.896439089559208,3.674182314397185,11.98241852534918,4.3117540171090845,5.268420205831123,25.24417576321847,8.679779224389677,4.1908950177638316,3.8517930000000002,10.470108676940416,26.35793548080869,45.07230905636512,23.958984561095143,16.891242178720308,33.823912235428025,23.32391973687705,68.85294888019457
5.9630704937287495,11.9781744726994,9.393107517946005,10.666873032420588,9.473804409791336,7.227238489318961,14.93782397554911,9.55460487451024,15.666447063078872,17.252030704521783,9.607866205936094,10.46988247490604,6.058096140822692,9.733877396710861,7.761348495872658,8.838936031680477,16.938049609852307,22.636102964663817,23.379834045099333,2.808447376140003,2.667504224362605,5.035226679134532,4.535108378077361,6.614383289870414
3.209305,9.04713122401214,9.04713122401214,4.8775375366970986,17.551907907579814,14.620829461467236,11.623213468814567,13.373860304082976,4.877644808984582,7.281377269303081,17.686553143009878,9.13728047435329,14.641175407255572,8.871775185536771,11.667126917657605,57.56939109774805,15.164327009579756,16.32284473439338,11.09395433041207,15.77083141721449,15.09521943634388,20.136601931931136,11.069974837902798,4.903610772398938
3.209305,9.247232042934709,8.490016617389749,10.634872973903702,9.457274536706404,12.257969858590316,12.887552376531591,14.297911652022131,7.549288544315288,6.234740232787211,6.145746171551301,12.156664322568904,7.175186138490758,55.68900530936092,32.42536372429752,32.04483888860761,57.50708142859078,43.72907726327694,44.93391980596241,36.31776038471273,18.991828696054835,39.59950939210978,29.19273141956524,16.193954855714953
37.021326450433584,28.19300320347709,12.16905666112425,9.93961462485636,6.724434668460416,8.323799468226387,11.408948960704691,18.707668778908204,5.836244296113168,7.068152424703683,57.743298031480506,7.934995997362401,20.41180117923575,9.44514459876791,7.604635133332706,4.897822942066695,43.866295131257736,38.3948089084116,25.050458638782374,18.312217106588413,17.39245502600395,28.68382562154627,25.09718110296752,21.331566615534424
4.918913861220499,14.997696722818215,16.491282548762914,9.230078910264554,10.506094487227951,17.240886300979408,20.60168251379661,63.25146529933018,21.635152514627432,13.806889827220752,11.307012852384052,59.85334910289376,12.77892578038279,11.35154471317446,10.090711710890647,18.170737616049987,51.956988325908576,52.69217061579486,24.521302279341032,23.20236520574405,15.707157640850191,50.35929851495616,26.644382880931143,27.67313418636721
3.507845,8.900642524401762,5.433672118888232,10.29905048380257,9.59428355439155,8.32556240249359,10.680771029282113,6.726541904915162,7.212681038565115,5.269234887184333,11.632799452885289,17.627861175507775,14.002657450079814,9.65925051200618,7.58394385404338,5.353144745949533,7.850230217662341,14.40036657581642,24.50687088718423,18.95349421467674,21.01184608347916,19.25447959250316,20.62194491466805,3.210199951483464
36.60761788187132,23.989634827594934,10.146502213299014,12.405513228917467,9.145789738677422,12.148683747551834,29.822676972349417,35.57347641966293,23.90729061487357,13.47719809132312,23.8293294541532,10.000232320704647,11.554110775908757,10.457540077269268,8.714616731057724,17.536464444111246,39.23495880844073,57.90113695918778,65.81970870938011,20.08417654086701,19.313009547974467,22.92201653467,23.43161002443301,2.43729
7.199210757807462,15.53484450226947,9.873646149400138,18.189126464621275,16.535569513292067,12.117063073840828,20.32134101661774,40.63442430001649,70.16358488894333,44.107129341358885,8.27397725178957,14.748466270253562,16.422374988420913,6.5528395094765415,12.256748006878631,15.191122487320941,5.164646748274383,9.769153446259434,10.002449183507425,19.69216900250191,17.72207698131537,15.38078790310106,40.20784053415371,35.29127553230716
9.60008717864237,11.034808837525716,8.009271704442261,9.80409689654755,13.209883654409678,13.40084980931599,13.723595407076058,35.02346131789314,79.67083340011648,88.01701722010532,66.46567924252696,19.98579287835584,24.54083975575813,29.08963003813952,11.695274661181811,33.54987782766164,67.44414979862701,28.838392070888155,33.002009283731844,32.77042489124925,23.617597885237373,25.29370117482785,23.387395137158343,14.515363967107657
12.19966583525516,4.397624,4.397624,4.597516000000001,4.17956,4.597516000000001,5.2771488,8.36305314163077,7.382706468490437,22.97026037622857,27.84390856606433,21.550421086536897,7.74539449438537,6.907165965518398,3.22966,3.598056,11.605105883729548,22.135257490474476,49.39852332142949,51.69276712970139,31.895682657958574,33.344747781625784,27.69559142540134,2.52756
3.358575,3.533805,3.533805,5.981421213548519,3.358575,3.694432500000001,25.21314342148002,19.051523469836987,25.80311639846557,27.28285775376244,32.07641028306493,26.79464578006593,12.63949290212914,12.762044924348455,2.5952624999999996,4.60378160481111,13.287239751259252,21.171028501533065,37.23246791655743,15.317643832810578,15.27024622521643,22.833343877645955,24.207567085010847,2.031075
16.661335712928913,7.540941216869117,7.540941216869117,7.883711272181348,4.258029262371879,7.546881894963215,20.809406142372502,31.420352201112635,30.114857898257625,4.254033963542212,5.868048214837233,7.150465306854624,4.676088673598315,9.608444057546494,9.515340685790438,11.06455930153354,32.96982311749065,30.975366750690636,32.63460474675894,47.57517599414297,24.338282386989764,25.035042298548923,19.43697069555337,32.286451234654514
6.220789206508128,10.889162384986932,9.618975824171788,9.908655074266724,6.220789206508128,11.384124311577244,13.066994861984314,3.12010426027382,25.84061663916779,20.28623582111553,9.71925237668255,4.15242,10.60282077456278,7.35772337033609,7.99711211970302,6.830827579109979,5.960858356964076,10.796045573687437,26.971592611423787,36.95390113799159,28.62901863558799,29.99415241732011,27.77882872350006,34.36451914738686
10.939018092699644,11.190446866316044,4.5546820000000015,11.699103542057673,4.32883,11.699103542057673,35.853007575202405,16.712942927952504,59.03104838095288,83.31163549107357,4.065336,11.602416735924963,24.66273638728962,26.83615555242555,22.716928320329004,5.61706433507711,6.656886602236948,4.7450287700745,4.247468208506584,2.2492045985155174,3.245489878744754,4.630877636338749,5.145419595931943,2.964552226810448
12.528420550092774,15.66661687095488,6.018344596509444,15.865514898271451,7.7701328743293665,10.1393484679356,15.765689024683947,38.07642021039725,24.474902101647395,30.17356308848264,14.92566376768528,16.24337436657981,8.787065414499226,15.143028853925843,14.122601445816546,7.058056507224076,21.565347443306727,10.063554275511809,15.291033013209836,15.030503414502794,22.056233999209216,19.55421219007092,29.504136797157525,8.44017599161683
11.887997635792845,12.508240990703776,4.083508000000001,13.23232802329817,6.14328362074242,10.277246168703387,11.796491254511714,8.439170442587795,7.400040386892893,7.964580483616114,10.23175026231704,8.838112465873365,9.381433681830028,17.18845697890274,9.186179991294473,13.181037371665733,59.053640443862655,26.6590089603749,23.9293859014295,24.2584786579186,17.099943485149673,12.343159745092647,4.793685679207633,6.761656754583233
5.017840554073455,9.248602282322237,9.14212813525564,75.024585846464,10.02484651319208,42.13348156555016,55.269094174269135,20.325650891323715,22.265576264106294,34.11604455130502,29.721471699342853,57.5053273491503,16.284066525545672,12.16452393834068,20.170445190611012,30.214616896068044,61.59935684169875,14.581222399605291,14.007867690015738,17.717121504792278,14.810374323961494,13.785224907937865,12.42424024302325,25.13957010098393
4.328830000000001,9.248465619070416,9.248465619070416,9.668850419937254,27.79294895127641,13.439815419937249,13.4140987428845,32.31002533198728,64.94377037703259,42.81116424522492,51.05531943224656,18.754712596940948,36.21321919794158,30.499755641028948,48.968948415463004,34.2229951444125,21.81717923611661,56.150789108450816,26.0230956659227,32.44734753556133,25.902490238755465,17.629341381399325,37.81871124894187,33.57679636074612
3.88102,4.083508000000001,4.083508000000001,4.269122,3.88102,4.269122,4.900209600000001,10.705449921033283,23.4150095741273,29.250478885857262,16.26192269183132,7.71491348416133,10.054734343034657,3.5987639999999996,2.99897,3.341052000000001,2.4291657,1.7315093109600002,1.549944396,1.5942285216000005,1.3687820640000004,6.003496732730482,6.85582758049349,2.34702
3.58248,8.919224221357199,8.919224221357199,8.345749776119588,5.362286778230136,7.856302912106299,12.805367623070657,33.28231484153164,10.812725999505092,3.0337092,11.057123937346176,5.364365545824658,12.166932189950282,7.860443284486845,6.034629939592805,5.573842916937159,46.21142872801776,13.714984622152288,20.925635705050254,9.09239481759176,17.59026736960394,17.82199982248592,30.12966889589868,33.22210959608217
2.4977504358293,12.649952366033524,11.224021920721162,6.92727881165853,10.453378601269783,18.22395010236801,11.12560106170487,15.85401887396311,11.756146556603088,14.743549590189104,12.322310190006062,4.85241051644048,12.641958325500381,7.449161062521628,6.777571419744162,10.079024344077714,5.141179253433271,16.466837292986348,17.34993006559488,18.402586808294625,15.939432143271096,22.43019737975738,17.731300343150753,4.382178660641307
13.626073863779077,8.422010299785908,7.9249266439419745,11.11087930262526,9.54660317772133,10.25891570324814,15.690209007554548,24.33270573023707,3.414600463959896,11.05814704612494,10.413844967990205,22.405132111711595,13.636972053694675,9.486245235613906,8.568630855395984,8.484860055473565,19.94876213807958,8.154650241633034,13.170799422927892,19.6642328352191,21.42715820891199,27.686494134279897,36.9518761790404,27.49706542367315
4.03029,4.240566000000001,4.240566000000001,4.433319,4.03029,16.136939543556156,5.088679200000001,5.815029249673256,2.73033828,3.41292285,3.784968,4.39668,4.129056,9.220071914856346,17.96103999971317,26.43547365935399,43.5553034168705,16.62841042055393,1.609557642,1.6555450032,3.488921279063216,10.820946055936863,9.518372402702138,2.43729
4.822070261922653,7.770274716664795,9.241157360414094,4.791696972868952,7.850953942921551,9.66120996770564,11.089388832496912,18.109378942559086,30.559587777108806,7.437534780923804,15.24692320311299,41.17647159794825,25.054167587920965,16.98677292378586,14.609446646292442,42.638356419921664,34.03779796952016,23.31274455983053,22.65005274365102,22.37178093295711,18.770051578318142,25.65286244949928,26.726305690729795,33.96410333846392
3.58248,7.323622989400917,4.891780733495026,6.483108540265249,7.1382569793919535,3.940728000000001,9.012825333980103,8.705487621194463,20.48949679423097,67.42438492124472,18.87020615792265,7.787189432063949,11.221921934689888,6.174565005194426,11.187438656452107,6.145108182259161,13.092663477134444,8.827818321729076,11.030023905411175,11.854400298825636,14.189619101398694,58.32387663534296,60.19429409965022,14.963786148141525
4.926718785582435,11.8364551435835,12.989348454371616,11.169178279740638,8.236279603102176,11.27984400075853,9.39688356088831,15.055859540718297,8.818132540000986,8.579464533466913,11.593798620430867,11.631838486499326,6.026857221500634,10.877181848587533,5.517701247554627,18.817228161147998,53.63979460616817,16.095612660178244,55.04371832775255,41.48659477852028,24.49446864414196,21.74215492128812,23.27186152303162,17.06886556090688
32.776546563427445,50.88947514150231,18.349106009682064,10.970515339954735,10.99573320506593,7.079343691588599,14.98993521569975,56.15945630133456,17.6519339252867,7.49508596096357,8.51217866282164,12.95148422092766,18.952837656276195,31.28080829012022,26.88014486397303,20.202851143618716,23.72786638136503,25.001502990102168,29.458636931125,24.82544476754673,25.92130174916678,36.60710894066166,32.57748698862646,28.887668746703177
3.358575,9.104105694178385,9.104105694178385,8.459111192954234,4.321136352111966,8.988519936615814,5.152069749956463,13.153901939699308,18.876553703611787,29.69762186827596,32.050199584412574,27.026260160473058,12.520102021354358,3.78373266760514,5.9423508380257,7.448813749782312,2.102162625,10.197591977217932,21.052982550577344,18.43020258133672,13.847862782528868,50.8830023321383,13.098411434788524,5.23263775811154
10.964901198357303,2.0417540000000005,8.537347667261711,10.961355626962506,13.711194565566412,12.31865342836117,23.919764007053555,25.2457237245755,20.48657109606664,9.483326998775562,10.517111227375544,9.245261440790378,13.9040596215526,66.90505589976672,6.269915360442015,8.578452229796746,7.755889130382623,17.031003696734803,38.87273876602767,23.06083180774325,35.01465375639323,34.497498783417456,39.67856597554111,2.914635817820059
15.287979854696667,9.700550959284536,3.455276000000001,10.141485093797463,6.521535583701223,6.283350356553511,14.202211365191806,6.935892077625813,19.115848690176044,9.980011634600045,19.981601560246087,22.60831142049246,19.95585031515743,21.87026594174808,9.920468917849675,17.244354012079995,62.421169666687305,47.76810696809311,30.051047604815373,27.26046577974224,26.146302038068043,44.168552300502434,29.35031208831496,21.17398888921228
4.104925000000001,8.917122986314052,8.917122986314052,4.515417500000001,8.474951598562942,9.322446758419238,6.938524685683547,4.947034878666318,6.161905199672387,18.84093585610181,32.51313042052752,43.38494351386285,32.88752137356135,32.94943140475829,17.44725799050387,24.538237893109105,14.28460030293841,3.781082705795659,30.34867683136496,33.93372334269182,13.165094278104348,11.739437917885624,4.100134686419384,5.125168358024229
6.52005256963609,6.860229225443192,9.88289485888334,10.332117352468943,7.780091830901225,7.805323921404822,14.677514189813213,5.273493118131916,13.637918837843085,10.37860536932704,16.142207075980824,16.356446720215665,9.556911834798814,18.439013830352756,7.597974373305971,56.28712008014058,43.19293310813973,37.16618196315526,57.69855652862596,20.37941600251168,18.33551203734732,57.24701116555923,28.73239508225212,30.25917774861158
8.710700170183244,4.5546820000000015,11.89794482121923,12.593317187557224,11.448470170506573,9.811296719925457,10.064430067194731,20.20515439884246,27.394475862153577,27.673082782969505,34.481915869559984,33.42214939628314,7.0259996938920395,10.61585415810609,8.846545131755077,21.39168412809568,34.102308001166755,26.25750518622417,28.659546611259184,24.436542616677745,21.789176565069045,18.54316998933057,29.71262418729967,31.98432171886705
3.806385,6.760578891210844,7.862818847695181,9.372561477096768,9.568093863440852,9.084476033924725,21.49261117468704,26.999131642717185,25.60099476109471,4.997541415510795,6.772098815917373,24.484497775358555,9.802568890924382,3.529556999999999,4.232781282475449,13.440061079452665,33.074119219393545,27.67378710622292,29.54046273360751,23.167617779553463,19.658593866085543,31.866446461878407,36.73526042159446,31.75206058100165
4.843637707398118,5.901019687988768,5.8747368470761305,9.389535581801104,4.44605611827216,9.750398386431776,7.87809969842612,4.977356375222683,14.096262209995588,18.967945183634484,8.36051566113997,3.031425458038309,8.745122611580475,3.6664089864598606,7.931210526682543,8.346163804155488,28.41878747986693,18.058464700337204,26.63539394115565,28.40803711294728,27.340100373401345,20.788912762610178,2.701231367701421,3.4671765047349674
4.17956,10.4661003936842,7.983541868995209,6.9045400835493655,9.68495838119735,10.941832229760754,12.559320472421035,3.756125982699006,10.78617495471403,7.864514542840745,12.732537190198354,10.85140386422554,7.50502016127917,7.5220246940398,6.268353911699833,13.72503304937798,17.54433491715632,12.316344083691448,11.607408949516378,9.562597780817494,35.86663388719027,19.97893482228369,3.924534622977288,6.015452142125028
3.731750000000001,8.178962674885293,5.255360210901656,10.217911970147604,9.289010881952366,10.217911970147604,4.711740000000002,18.623622693625254,12.019223004755368,7.866103305944208,3.5046000000000013,10.133466416675308,26.2563835990098,11.021673583532612,16.57581166754076,55.29704932284405,33.65034331322563,16.78083295246451,9.89567903685375,20.928471635693818,18.79182031614114,19.04532103810174,28.553363108889894,35.390418459749604
3.43321,6.120745653977258,4.44847121799242,5.37912733448547,5.817237605019708,6.398961365521679,5.672620348787872,61.06387339302789,17.399273952019836,15.71178963456501,19.831184577648585,100.2594978926932,8.729710673167919,13.464987172212947,36.7087170586803,31.362507230155725,53.412276108186525,8.263226753650182,24.315273908173296,18.459128540899894,12.311531656408455,6.220141570918741,12.757939608140283,8.280452952932224
9.94411587219453,4.953430451227911,9.303042707367464,5.152695117806132,13.572588383013478,4.269122,12.555527170805618,44.30100183274405,22.815532486818768,26.0800146598697,11.364940082405628,4.742246172523488,18.008910176480462,26.744324897564148,18.123121058828815,34.2946831231682,38.238198332578186,24.415436783004537,14.722113193398734,24.266378001818904,23.95900352152148,23.532459957782155,22.532678964166568,32.08415699996513
2.9854,12.346836603557326,6.436609359995514,11.568239916448126,9.472568859582358,10.024864151274397,11.11278972213739,8.430542480875257,7.949655922251356,5.570374135839955,4.153249834676326,12.801378296701056,9.725684909642279,4.463370435171169,9.067642960163248,7.106094166550984,7.34479079773223,5.235366880623536,7.428225995259691,21.18034748770853,22.771043600128426,21.701091627575675,18.975378737883933,6.465056660347483
6.843629056871233,9.149711578760591,9.149711578760591,3.694432500000001,8.696006872375769,9.565607559613346,10.979653894512715,4.332053729021415,5.89114938299493,33.27697778405341,29.413158789532183,26.987817575739456,31.09921857494301,46.874019046554515,18.196426749228273,21.42781950552078,16.88294992692394,3.879706074096705,1.341298035,3.5721078943089872,3.066961323396605,24.72143992740115,12.013833261105308,4.378547731508423
4.104925000000001,9.929074218414575,7.634082719972253,6.64813687228984,9.436723430724596,10.380395773797057,10.078895863343636,12.870319717368238,8.842464910411827,7.991188977927237,8.86231417841962,11.151177853179314,23.700768520662763,18.39689720117543,18.44250926428708,30.590557307057598,34.76620086766764,76.0643320253726,21.004065667748453,16.327019035248668,27.57711300684703,26.7035652730208,27.37973635708096,9.211995147469416
12.80984909318064,7.2077152825056,6.967391645389783,8.540328459649263,3.88102,9.79656565366375,50.30682775715543,35.10136209843367,23.73398629571538,41.94933308307324,88.74497662883492,4.23384,5.84816065936647,6.850290247361063,28.398802819581228,7.666877468084675,22.35490967288652,26.76719831375403,26.716843524324645,28.10995456642941,22.95790443019913,24.14145958020144,24.97323592633311,30.026980900048507
3.43321,7.950500267748517,6.21523376064911,5.363905475244345,9.30955058505024,3.7765310000000007,9.54060032129822,30.952318134299052,37.87223509976469,25.727994666942124,82.77185274074346,8.243193365509354,7.741433769347916,4.712798944273181,41.83716974930433,27.704695530937993,27.88580625827567,18.382133643889905,20.468948473693853,31.969862868722437,19.361409257659574,25.517370485660862,29.614027683362483,30.79020640468991
4.104925000000001,11.642762223210005,4.319095000000002,4.515417500000001,4.104925000000001,4.9328675,9.083719418856903,2.949120900000001,6.486284577031351,3.4761251250000003,3.855060000000001,4.4781,4.430366540059934,10.783979803849526,8.829174229849716,7.860482149736939,21.7982919973302,23.067626351418227,16.649485735798898,36.252875216806125,15.621609457358694,29.11867656620933,30.70878252807671,29.966614789078992
12.012855137326756,7.283692483024746,5.644335741512373,9.573481364969222,8.703164877244747,7.125091426346849,52.97114272674134,39.38885272138778,48.7735929722453,3.2233160249999995,8.17340701515159,4.15242,4.811805821187091,7.038241424439003,6.725172859689121,11.649252446011804,31.86520829647729,45.72915711398251,22.35475029114995,29.818590162597022,17.26346273923262,20.363981009685936,9.905963870843902,3.64792761807123
4.03029,9.608066380539167,12.7506498910032,7.891664489984342,9.131633336876066,13.50314216054802,16.348969227759472,9.513241227342691,16.816369852113333,33.202563070129365,33.41082756643909,38.371282055584444,29.291670928900402,22.754531828085796,9.127319547794501,9.769205342483062,52.40678418579631,44.10756308518848,25.182159636083316,24.60324931234398,19.00999638634361,14.543459886342296,14.967787918065044,3.193065307388089
8.129907528587268,9.423267168481802,11.63080074737626,14.771669275767875,10.504630953266584,14.771669275767875,16.955307342620518,5.445182844942859,6.057959430365193,11.371743744113864,9.331076686418864,8.011782515876705,13.115914114074092,12.452150959738205,10.070956873876172,9.995322529590673,3.369560630765199,5.991227912768443,4.414609801030988,4.965025792746473,6.747379816888404,13.29782626006219,33.67762239679486,36.669151144842274
8.511204860376708,7.933914613576453,4.083508000000001,10.2775638467595,6.847134859749225,7.328401514652705,14.352573837301575,22.950205648126182,21.221705709702384,39.35635129778596,69.04011470709209,25.849472780184048,62.48502324872018,17.428110735475087,60.01494883649416,21.299679772208403,19.362711595810715,7.167506124490147,13.937237603508006,10.30138100690436,12.616719713834112,13.691926405773106,17.740836841991992,5.650259678599364
19.653299934242888,9.931848916148738,9.42197082595778,9.850242227137675,3.88102,8.835493094930825,5.773776244247639,12.729662468517114,22.54954831492612,19.22346524294501,26.931327674762795,114.63002783986296,38.402617084316645,20.65784084877775,29.235773042346374,124.3727139555253,50.13569968986141,27.379004251251143,32.84383735968054,43.59979531381047,26.12438296593057,31.61786804670397,37.95624177347556,42.99016505971856
5.555304806055564,7.606785591873449,9.620087072943988,4.269122,9.143057961888914,10.057363758077804,10.1709696,20.624810355507048,90.58065421787953,70.55225316048515,136.3375208928324,168.53239476298285,18.73447631929692,7.147378030496983,7.065090243277796,16.905492063463665,81.25964327922365,51.03924207973829,27.54324924914562,37.537925360955015,37.984498727818185,26.2373448276312,19.102004752270464,5.529201059956537
3.806385,12.652091438651606,12.652091438651606,8.170609370250597,8.14789061992437,7.046925562740759,21.922693726381933,19.064411361268466,20.998875986426043,6.281552178258568,9.61391227523704,11.384596935683696,8.519148102602655,8.071668109281527,10.777555645267556,54.2290847557864,25.025372662307976,12.283314817914391,15.323445952543912,1.8602314259959225,14.863410992272378,25.91374728261936,27.860863186145984,27.853261220443688
8.749512097949196,6.5117309155138265,9.935667009165636,11.916866127488602,12.599518095171344,8.45982770861043,9.851055366683545,23.43770565311197,24.635996990883203,14.70049689648584,8.398033238804679,10.151248316469587,9.675678404654871,6.202967046545536,6.9099978879895385,17.173599972734113,25.488173790449935,43.334059226479305,21.983640533462783,19.65986096889421,13.853191407030286,15.942665946572108,12.18247551262711,4.045413291225352
23.170808966928057,5.621469484869473,8.226218454608416,12.406605525328985,7.818306795702212,5.650061937575678,8.829562557634523,5.913368281264898,13.818514600174204,13.888640591544364,28.33267573455765,75.03637409760218,75.31331208687581,60.87222558496627,60.025679159918354,33.5107274027294,18.758488606539853,21.39543212454535,17.520982217939927,15.564933052112014,10.863507484269611,17.012688563715827,12.596235994411304,4.977582728337456
10.175381640504565,6.230799913565766,8.028796522609612,8.158776353137272,3.358575,8.393741819091867,9.634555827131534,33.24231458479265,30.353592940645548,8.250555836938736,3.15414,8.324372051991933,8.937215103250796,59.82570480704583,12.073865549833044,14.4395593039811,9.213146677020678,25.074628220341303,3.0474259330073687,1.4673645564689513,2.540562256338324,1.4623739999999998,4.155844999261544,2.935307892696261
6.304449962624119,7.897875458099247,10.701500830644347,7.850852111848707,10.170847896893386,5.140475092781149,11.473805233217652,17.632889557349493,77.96472546085046,8.612858923596537,16.146176476136908,38.58133505841575,31.223426873664472,60.94757914715379,38.0383746389686,3.2768010000000007,15.784646083963668,11.72441232241114,21.692654552694982,30.08611368769235,25.78501881841296,28.4859493969526,73.64021377150587,48.64819560233703
6.26428,4.78873079540411,7.504403908821911,8.719086346755905,7.926442133414459,13.39361769754519,26.627931366769847,10.021854988804876,26.248199553591903,22.44667959731208,25.87328955298266,21.471314908365315,15.325895475411484,31.54962595413992,33.67816033914296,32.45316352728218,31.72592706994829,25.811775102926152,43.87892314931032,17.1969440237973,16.204785374562732,24.547276014205984,17.92754711713145,4.793461053013487
3.58248,10.527246177968966,3.7693920000000007,11.163023146713464,10.005233970796947,9.400068875177404,5.997711311556867,27.377280752385435,59.13652843177232,39.69186293722351,23.537552435148108,77.74188545635681,28.80054210054936,42.43852508855074,17.239317444560125,10.435760534493198,21.31614225481005,4.463815125603117,4.548308062472044,4.109906509506707,2.396099372586212,2.8310308486938407,4.840476830140499,25.87422700914032
6.017895341164659,6.331872489399339,2.9055730000000004,6.619684875281126,6.017895341164659,12.008882432681345,5.275551600000001,4.874001660000001,8.489326082292068,13.693822067170151,6.617790212379823,11.59798688501894,26.584025320697297,11.946239364581237,61.527693776245556,64.43745046925136,14.789288836870195,43.33413576171247,9.71834827647868,19.87221227667047,15.935812570296337,18.208425860174987,19.2355004257468,12.397833964309402
3.657115,9.90473086003422,3.847921000000001,4.022826500000002,9.413587181024257,9.779298681024256,8.912334009842448,44.784122237257954,6.377277424817523,3.096911475,8.8405862221793,6.844029015383928,6.695505939370528,8.728962658767944,7.2741355489732875,4.725071814802297,4.58185769660714,6.560056283313204,31.48967502751277,23.82090762546336,28.376257270223856,21.65102124804106,16.377431520188825,21.584929383295027
3.657115,3.847921000000001,3.847921000000001,4.022826500000002,3.657115000000001,4.022826500000002,4.617505200000001,11.815382211157733,18.190824992781558,19.438904538199857,6.887583772763469,21.22261404950661,7.567786120898016,62.52553068766572,2.8259525,3.1482990000000006,2.2890215250000003,1.6316145430200002,1.460524527,1.502253799200001,1.2898138680000002,1.5923628000000003,1.769292,2.211615
5.2219073581674165,7.728418246483856,9.466023228176322,9.896297011275244,3.806385,9.896297011275244,10.924004175218045,18.853137850505384,16.322536485315737,10.77249392925537,19.1010781807989,4.15242,9.217104510681072,7.686045378982502,5.493527206392763,12.844691105862028,60.29086919688905,47.95074105235594,21.849343027071768,18.576993701957974,18.014737110663685,22.54896098966729,2.4121929032927927,46.20127194614259
9.108578757068091,4.362881287616553,11.721821206417996,11.935317742900851,5.597965150171757,11.935317742900851,16.31085055061536,40.875620291856194,7.940542217886482,2.9994745547280104,7.76998941087104,52.26551916129337,13.814353616949337,26.360948782425098,20.33886805073739,19.671826662141143,30.094545757187262,64.52714193876392,19.91132841201677,23.067804055185174,18.882376384451312,24.110507675868384,21.89717451709513,27.52445752093269
3.657115,3.847921000000001,3.847921000000001,4.022826500000002,3.657115000000001,4.022826500000002,4.617505200000001,2.62739862,2.4775291800000003,3.096911475,3.434508,3.98958,3.746736,3.391143,2.8259525,3.1482990000000006,2.2890215250000003,1.6767647206200005,4.860874323710736,11.272870707188384,12.2749166664298,19.870015998765933,11.631174627966065,5.819986568208332
19.854601438483115,11.894260951052706,4.162037,9.87832546260146,5.5544043693475285,10.425052826063654,20.231537140835474,37.78553671694669,32.10959287053289,43.994398790014,34.7117651985248,40.47709512792604,24.8638991769371,15.901527734861581,4.997259736755557,10.7487940508613,25.55243119487256,17.86660294378125,21.26362567733348,18.22026378398022,20.612693034878458,23.658912779010628,26.69988432775504,41.81755485247902
7.59092109087182,3.4007838221680307,14.217812118575004,15.376835825624743,9.0990037413092,8.738340240254367,13.969007740000754,6.360051387432238,8.2804306644798,9.368864460482282,12.491726933791275,10.575006807402264,11.433726244714942,10.916706842877662,4.420980610056731,12.476937541042457,9.07155851382818,5.743552188160791,4.098636386207664,4.092619811151629,6.394348068676311,13.902691251281976,22.630760382936376,29.267389365757683
18.628095056165872,5.196741602832884,6.770365639471248,8.723261934114593,12.537444991164062,4.022826500000002,10.012787611331534,4.003995297260105,9.881704716712676,14.524789458188948,9.72617369683578,5.388056658083679,8.12457597313152,7.678830670914144,9.450556942339771,21.605657927279367,24.31301627241438,10.767063704989887,20.166527985537687,3.257548736427084,2.796885278750526,3.70897965208528,3.009679992387264,4.7957566508068
17.307349484233196,11.663230837288877,11.88640057887904,7.847977789238189,9.57226954516446,4.558570962260063,22.932791380789546,29.495970521900396,22.73753907270297,75.87184229953493,20.18744421995287,77.11048733839333,71.73874460318291,14.494272181143007,16.231964770516154,6.019337026895517,42.39044973381981,31.32178366100094,33.0049664599189,27.046421345038745,21.02043266366106,18.70442525001956,22.84697694681792,24.52374017569148
3.58248,8.540948742260912,5.132693926360262,7.503903489350682,8.333380652467575,9.166718717714334,7.795195023264626,6.601435186780311,18.48751061386421,45.44974821048199,7.826131395360853,31.76366503684853,26.62965603073473,25.73404982954193,23.29853530506872,27.336855379905867,29.697123542833324,22.1279126256684,21.638736495558884,28.46797601606588,19.443151611153365,19.63242052096139,5.792680707304637,4.647771447488903
3.806385,9.608965097446296,4.004979000000001,10.045736238239307,3.806385,10.045736238239307,18.18792333626762,9.006346855136819,17.95197691519022,7.733556451173482,6.757722420487903,19.667524029075548,39.270221895797924,19.435513983640178,12.109331271263605,38.44064793080743,31.059734404930037,13.271823214148707,24.25949099404524,19.34638539798685,20.648802723124344,23.251512173302853,27.37592855940148,36.36409492352427
3.731750000000001,9.03346965973216,9.03346965973216,4.104925000000001,8.58552901544792,4.104925000000001,10.840163591678593,11.105000550649187,10.778929394770431,7.270382070808852,3.5046000000000013,9.366031653215911,8.795925378672335,7.961126905233524,14.212395217943618,26.540783571040837,24.30606771957637,18.797726144419983,17.930666747039066,44.48570283670636,10.545875240879914,14.072090825938364,25.27209556598701,4.391505844379538
5.424850254113088,4.968043189658807,8.174028352499306,8.545575095794728,2.6122250000000005,8.545575095794728,9.808834022999168,5.799424423830517,3.9808268773127424,6.181716631373243,7.295826959255577,8.474950508226176,8.293350096475589,23.517674232057963,5.514355359584774,14.480815058538083,38.937933154265295,9.697810251262355,24.65314941984445,12.539231478620094,5.952869230537384,2.566171160705985,2.0575406448366578,4.698070390429728
16.958281170154823,11.515368945180604,13.140724353664,10.49692277769898,8.297712097990022,14.088770673260123,8.82140083725486,12.26438025274295,19.85421756162628,15.99087901961455,5.899289531675819,13.211236555014333,8.78425846487648,7.960222111846563,10.537099503950298,5.24321061436591,6.598441805641058,5.603166513858113,7.603770002852562,14.902024912086558,7.082226559063488,21.309163494814683,23.702641283257524,5.398416704989587
9.630354138732551,11.998604529369205,9.39714798475798,6.3063636124296485,11.403632403945933,12.121913182307528,11.588752367062924,7.214586907556962,23.22706669158566,39.859836984274615,9.812386195540858,11.54709779877251,6.110382096218609,9.561951731934652,3.4487615746474543,8.635328886178186,5.743706472568433,12.631751642535065,16.59513767655963,20.889724789857656,8.489856333693945,23.31375868913035,26.3690058835796,5.658369679798505
6.648535965483384,3.3767470000000013,6.736939738326315,7.313389562031722,6.648535965483384,3.5302355000000003,8.394499323375545,4.77653949102815,3.507233228066754,19.213272481481173,43.56075997664135,7.252948325981873,6.811464514835151,4.798246758334051,3.6660839687587368,8.194869685953954,17.47101206163084,14.701615791636764,16.499165967725677,17.13619413569275,15.89796623227752,22.208670687299243,29.61213900088948,14.469869476947997
3.955655,8.036868572057678,8.036868572057678,8.402180779878481,3.955655,8.885663412246855,9.644242286469211,4.29705552401548,7.8101652602178095,6.156433426765393,5.962918779821895,6.314627255961006,10.536015323247067,17.349931103537372,14.88464905717688,24.370769416915806,33.09161431131551,20.5339973560012,21.660980857705404,16.87251946500654,11.910572996319726,47.279003586881096,32.01824438585155,31.05882114331184
4.104925000000001,7.268036375556226,12.623135376584113,10.375341232782448,12.254493641751496,14.90755475655047,12.628889351455957,16.39798907113919,11.026746186880468,9.401461214264476,9.393388773810212,11.896527202585142,10.26245044521901,24.358236303263105,19.05214465888995,27.98561985578155,34.836217348366,19.694218530816503,17.87235533894472,20.0179152873623,17.302120478655354,23.37817899239969,25.9384626843094,26.907231745324285
4.104925000000001,7.772278124757943,4.319095000000002,8.125563494065121,7.386875903695564,8.125563494065121,9.326733749709533,20.57660163483523,31.39648357262832,21.380456744199424,3.855060000000001,8.058410076758795,7.567898159043043,6.849648565244979,3.1719874999999997,6.359136647529226,6.125458537855834,40.80287714247546,42.34363062359733,17.045310258706394,28.34992618913859,37.64246016176493,16.40358018323932,17.342792976942146
3.43321,13.500688135202756,13.500688135202756,10.658177774614876,12.8312325251927,7.232709003097097,20.407725562027224,56.545233294307145,26.58364399262761,90.63471010564412,9.099471934058547,12.1125202076118,5.12683257061223,11.898051977905954,9.91504331492163,16.223335530738026,27.382605578758067,16.980306729960663,13.021237375533875,17.86323870194178,14.3040805790663,20.746190192431165,12.443527496363188,5.859508442386187
4.732497042173426,7.490761068030087,9.043767081544434,3.612334,7.388184952824705,7.595865865976921,8.41390620772484,21.2246386138213,27.16256514362988,31.18340927744281,69.52027998664369,35.950582592279815,30.37380373645388,8.652713565188845,10.584585370813802,14.10381437662223,35.55765150421316,52.40408460609587,35.91267068991307,30.47772055933548,24.262756400949247,49.00118828955789,34.34962910400281,48.68330319229124
9.40388819088066,6.549283193954396,11.127727834224078,7.809608040432625,8.288756425560962,12.079073995326416,7.603438414222822,11.12421948592112,11.91406424122291,40.905138631858506,14.45069312503339,12.835348209242628,6.377063124992407,19.073536831227614,17.433162612088353,7.330348396469122,16.297912549102303,18.3315546247106,23.320689382442048,19.36996232328956,21.23940456469275,16.382221210425858,24.1597571939242,29.22994351220781
2.38832,2.5129280000000005,6.147924651424642,5.258076149807345,3.451319656487816,6.719700677478092,7.713047734148768,7.984465498581449,5.405829839999999,5.173058827331273,2.242944,6.664165961135296,2.9913727252206357,4.9252731240439305,4.720450889137502,6.02119618237416,26.454021024636152,23.98260959485257,34.1327809766218,20.570093405879625,25.213586700445248,18.0971955746672,2.9554127305904365,3.212134646115607
7.758307292541835,5.948035729710795,6.440269688127841,6.475705104779284,7.758307292541834,8.534138021796018,7.137642875652954,8.034006730666329,11.260340230767577,2.212079625,7.286062500821897,8.463607955500182,7.948431819078431,2.691629134325185,11.055696506544848,20.470666496846594,12.71013107684704,23.215017829230376,3.098398078474513,13.110422513511082,10.905087324506946,18.604770255890607,28.903508115128894,23.282549910808093
22.85274618213704,72.98838565242325,22.972540013084824,10.84079694797212,7.471284950307415,10.532281241779888,35.7567678792537,62.81663279848421,54.40725946433412,25.308053732212784,17.11583705652737,8.591623261724624,9.337723314225165,5.800989820532791,7.8321617818509885,55.49319234833924,26.88670397998414,42.2802648302745,26.07417435374504,45.65412914410158,34.6445619745105,40.68238479258528,53.18706597362878,13.778360823534564
9.113126847333934,9.799294602619977,7.380052084381971,12.447492609456418,10.532746724780411,11.088602662945313,14.287556734332584,31.562404670870546,18.487400630485464,9.923878444726697,21.089527277261634,81.04773711896317,21.836235039510438,12.052268126280937,18.75399327055232,9.286356221163357,4.931673237467696,25.219868177914552,26.19116267443517,27.320107405153777,57.25357111447514,31.983843316734763,31.997875898219245,3.030715850803506
8.706851625814002,13.409831036558504,8.487146505275607,11.270010559708888,9.756774972926449,14.123159901146176,14.555424824023495,10.882807367516646,17.46323589233034,10.345975343518672,11.051219638359973,95.2284839949463,33.92286352270927,8.266270623112668,9.784257664704953,8.856474250222732,7.008312271343802,9.969447296579148,27.974070192047325,17.031920102176098,11.446590862409472,12.900127405234974,18.07042798295155,5.822827106587112
11.652275281079282,4.240566000000001,4.240566000000001,4.433319,4.03029,6.137024521364067,10.91643448382708,5.364622246557574,10.016049502631592,3.41292285,3.784968,4.39668,4.129056,23.006856723678347,19.083319913848634,13.903770597205414,7.794784495071027,22.87629461613798,21.028791777855496,18.95586346460492,14.867525424029498,20.661274089132363,21.88340225831584,18.48822989967178
7.801494537093223,12.56313734414108,13.88387323027928,10.6292372008188,10.10085512385924,10.88602393584774,38.11951335462329,48.06217467871019,47.48919553710801,9.004508954756986,12.06608893302158,11.507770544714663,10.950331880269324,19.36480657081025,14.69151246868913,10.284251705922419,19.498159177563757,13.420516488649,30.109628860099104,23.211217427749165,22.90922206509443,23.82014393784685,25.0539515417092,20.16811407433747
7.203404048706866,7.57923382516114,12.471484380219565,10.502773364040497,10.857211386105956,9.531419682033151,14.51802371724414,6.159333518640628,5.989023160778175,10.638002232477342,11.797658430472673,12.828756417539935,74.11516426805453,15.882654731084417,20.84245637329241,15.272891607851868,19.71766993105997,24.596866228586286,20.96023078767897,24.72996926725957,15.809408168030846,20.561610449296804,14.92440638073048,6.271208191269841
3.657115,6.448793558618115,6.448793558618115,4.022826500000002,6.129018671413909,6.7419205385553,4.617505200000001,18.549083496801888,39.89625600361117,118.7087503087051,5.755947969675671,5.487703437220551,6.279215966918914,4.155185952982481,4.7360598824562015,19.123676874211203,41.04384313215351,24.369737632688185,20.29076808572779,30.974178091911664,18.080918927223696,23.131552097351705,23.2257908120576,3.706481647139636
4.914309567774949,12.611117643181904,13.821523236581225,8.569300598209773,9.301540176890626,14.449774292789463,9.836066773597306,14.055631524601502,18.01927546309753,7.008489844181623,8.59092909675871,13.493710684113234,13.458072212328524,8.896036145743281,7.235891007830675,7.026800389492505,7.708484339094176,15.900215408336768,16.911830357170704,20.93003326408356,15.503421803678084,31.242623429534223,15.57505239780774,22.981202469014363
6.609371142909572,7.390485334226686,7.6086240522441235,7.042254142909575,6.194727298744196,9.322795285819147,10.7009476324185,21.641037463409628,19.535808042684188,9.86780363360625,7.959382536509628,6.757884325902759,7.833352613681128,6.513177533469498,6.5490710685506395,12.013652280415767,24.033933431394967,21.047514989147484,21.08203293987624,27.21219958743541,9.543066738161112,16.551667381405633,25.144726680131186,7.001678702224665
5.554944645677614,6.068011229040788,8.523688458081574,3.7765310000000007,8.10102622049075,8.911128842539826,48.612241607996495,44.00934424233007,47.5760118116523,26.871734675552894,18.467428272785963,24.54988501187141,17.000209060806387,15.631397017578278,5.440122784549229,5.330043816510513,3.7424929538716776,3.519595879349529,3.235268097638946,3.327704329000059,4.740334574111918,45.81007348226975,25.27300569412989,6.466007857864904
4.0123235146139775,11.633989452811669,12.430188151963293,7.743114062527627,8.28246558345239,12.440270338249883,35.5805085467675,18.33848470797577,14.840969118258224,16.35502638112462,11.49124867333282,23.515329238151622,67.91035715955724,23.648600557167658,49.32098172178747,63.33370578627172,32.67527420608622,31.382892416185584,50.38821129640976,24.65218024371265,17.93515431917832,21.629811239449023,23.79735497413627,17.14148278424024
10.034396913606088,9.704688173803092,7.356725941671451,8.936646443441939,8.817997493453426,8.361757880630842,12.669516798744388,26.92492693320098,7.451751802132212,4.699241256637459,7.519678009060682,10.946614814843006,5.902392965117475,8.95545459219437,17.331086508049733,26.33708440570497,46.03585992237764,38.44436867329581,31.27495232606844,31.226073740923496,32.28145925026903,39.83125265127011,23.23377668533801,4.760482551384219
6.59571,12.649857422263436,8.031628178803826,8.271240497819736,11.530234501015643,11.236789689593602,12.953782339359616,30.717190024308188,62.733553645267286,30.904842712287618,4.569193534977441,6.023805076066195,12.317216543390995,8.10455836857377,9.290184545651773,10.349883345488267,3.96977630819064,13.130299280895516,16.627386343239596,24.812888496663525,18.00389674552226,22.42129609051432,22.90070945266019,19.58727943619744
4.17956,10.646714529266516,10.958978278048455,43.95819056877902,10.118778271616934,11.130656098778628,10.049181567803522,4.360404321583771,22.11797243286209,36.05797112515304,23.71908214536572,92.88314856443276,49.147552132037184,33.97362447232687,31.857338422651022,68.41126419765327,55.23321269377952,21.944200580831502,32.49533526846233,3.602073593970609,16.295110797517616,32.06349423263899,14.63744809650098,13.98243359634512
3.657115,3.847921000000001,6.456966837043859,4.325897481070752,5.723508052755121,8.420265329636761,7.74836020445263,22.861109589614355,7.00256761954158,8.485403274426975,3.434508,3.98958,6.2871743206677975,9.37384027460459,67.91965209962716,15.196747219803738,62.73675773647988,19.195250019495564,18.017307356409784,11.886220876883716,21.85636118634868,17.029551675685767,15.547134672745525,2.544851508112288
3.2839400000000003,10.04425771691217,6.93637721720561,7.923013854970765,7.664388769007075,6.6018375316854,12.053109260294605,6.906998117463783,4.332665002923839,8.083891790232332,10.682146805700132,16.394366346049793,7.964440364046843,15.448289215300969,24.458906073787315,6.905083781942845,26.23220375086085,17.1809713873838,23.06574425858321,22.302522160069703,22.43446891018266,27.241037402876803,31.24296398008632,9.315661404571786
6.271646181210713,6.446032420169296,3.847921000000001,6.898810799331786,6.271646181210714,6.898810799331786,7.918635004450398,13.266793560796776,4.848641212943839,5.310944016179799,7.011972326131891,6.84179583404805,3.746736,5.815526458940843,2.8259525,28.721642680828676,46.690616141801215,38.11735236376126,50.11277927093785,29.950609036936196,16.12680955417226,35.77379960357894,41.69473446092506,13.090168282354355
8.779912567507592,3.1411600000000006,3.1411600000000006,3.28394,2.9854,3.28394,3.7693920000000007,18.733758322159268,26.63443242344712,67.4266958826832,44.99392536067628,50.60402394345935,15.919551443909587,19.26121592990932,24.361562218928672,2.5700400000000005,21.23891798763124,18.551371548978924,25.864174065311243,16.09257367772896,14.298038778551817,18.470873766422194,4.861231642970477,17.801108118853207
33.97080321004723,6.306100145486491,6.315268227269575,9.854550378241672,8.958682162037883,6.049106175015216,11.31130999937305,13.058688226590236,3.560013578946549,6.231549749248455,5.404702850075987,10.260798261920431,6.908688861934235,8.307141641162401,14.161627046654065,18.874487683494888,18.886959118497728,14.641263397961133,13.584706228126084,16.785210239896763,14.417427039204926,20.59432154865136,28.150118892007228,18.18234303700901
7.2265033371146,5.935441196740275,10.437450276975204,11.765735652327166,4.810923946020142,10.079994825665036,13.747857864712614,10.02043051665654,4.535555138967742,48.11558935783061,11.93432501646144,12.376933088119095,5.53372386613026,9.455050767411475,6.382337087212211,8.182386012619927,3.3807594244639554,4.5492031262323565,3.077520273895288,9.523760961032307,6.9934358822826015,3.656554971247072,4.933069965605988,6.166337457007482
3.657115,3.847921000000001,3.847921000000001,4.022826500000002,3.657115000000001,4.022826500000002,7.879262967131605,13.207630281736437,2.4775291800000003,3.096911475,3.434508,3.98958,3.746736,3.391143,2.8259525,3.1482990000000006,2.2890215250000003,1.6316145430200002,1.460524527,8.480445192357411,10.03120611444894,20.165277855847968,14.55928804142506,6.190791606003599
3.358575,3.533805,10.166692603071455,10.62881499412016,9.66255908556378,5.603625486919598,22.34952343134239,9.2194706889442,7.589500705538278,8.175524575443397,9.07440331513816,7.415031026120594,6.082980983615376,8.959827515704594,8.580612216451225,13.44053125638445,13.708980487262764,17.658140784717236,8.35013790120582,21.326374653013303,12.950578490991116,13.468917375737249,28.226035591627937,5.843365771111693
11.881615322140355,11.435781379037651,13.567269994509894,10.889742769482703,13.654185916618822,9.170121546501768,25.66926907880101,27.008554000143278,18.572793103664495,11.56261289211858,9.255900857029465,8.866031519560051,14.248224294298144,7.544376150049759,7.649819300876278,15.19511541901857,23.32992668192432,26.943167443280924,20.65523178863838,51.460169109280265,25.52855783517004,49.32935606008149,61.83506724266258,8.410410173717652
3.88102,9.189805592165133,6.891971675690823,7.20524311549495,9.219422028172634,10.1413642309899,17.78241217534665,19.648411441683027,23.035568102223998,23.70242844931637,32.92608335655744,79.9973728591685,7.705144723955303,15.027232063235623,6.749087127228711,7.936719832948616,4.23150534986422,7.596789707753467,16.136382069302016,20.82425761099137,21.07859598764098,23.31704090298829,16.856654353123847,4.401431991438337
7.896086366769694,9.03757914821228,12.685194438007011,14.278705114465248,12.526889876473255,9.231467325258269,9.742107978340965,21.2526543078546,16.60097609557339,10.992242821590397,5.541670007865643,9.897676066884555,9.579777840297133,21.169803922349928,16.050911386671327,35.60753009697759,80.37787591988017,25.79990820151172,45.11731245593712,28.807120221056746,15.856014564936135,24.444988007398795,17.31309377228866,6.889542851072995
4.795227399764321,9.309103063699258,11.21615012329163,9.61588009245424,9.974881598852814,9.581523038017682,23.08492786386712,23.975743894170957,26.74925355732268,8.403127556064012,6.225842372256226,8.938508227763382,8.532945950038915,18.83966147060523,8.42915937151453,29.654034407719507,22.544093081938367,19.687546483701173,17.553487501963225,15.214981296034152,13.088036641378292,53.81318995832129,21.420118074849537,5.761493590496238
4.328830000000001,4.5546820000000015,4.5546820000000015,4.761713,4.32883,4.761713,5.465618400000001,8.472809150145869,8.327765897126055,12.590711306097129,6.859083759537018,11.651887288870055,4.434912,4.014005999999999,3.3450049999999996,3.726558000000001,13.08876420927576,7.940111463344121,12.554136220563496,1.7781779664000008,1.5267184560000002,1.8848376,2.0942640000000003,2.61783
3.209305,3.3767470000000013,3.3767470000000013,3.5302355000000003,3.209305,3.5302355000000003,20.69535592298438,20.659746845531934,20.90477420046807,14.637218153994707,5.761515678338767,4.985957623555223,5.744103584440446,29.26946398116366,20.805581078540637,16.590243806368157,26.83692010855112,6.148842356941792,30.134186171941515,19.4742128563254,15.80536132121567,28.494677532281106,27.69038533889211,6.5289505082262
19.973051767820863,11.325841865886126,12.464970816514525,13.031560399083366,10.28227196372088,15.167509586385671,15.8842585521408,28.72856949292505,24.978083444603783,11.67647535513905,8.093328392612522,9.897723388981412,7.874284044897841,12.785834527366434,6.230580345796629,10.198612486239155,7.067816211625383,4.587415072070144,4.5421436042517405,14.623902020124408,25.997814954187923,36.47896323693018,61.1188067478674,26.877320270457183
7.058351768701687,6.121088658902737,6.369416047144633,8.995469929563578,8.177699935966888,8.995469929563578,3.7693920000000007,5.796465672292992,5.848532792984115,6.925024991230142,2.8036800000000004,8.921127202872968,8.37810206878505,5.83216607791765,3.583519199132355,9.421722946718868,48.1986134284391,11.098031749492508,12.274530676432358,12.018935959175671,18.744274835035505,20.068941597007232,15.393794101424463,4.945407471157843
5.912203329173614,3.847921000000001,6.220666111565282,5.538746987944486,4.408811109724538,6.503423662090976,4.617505200000001,7.641066393533254,9.39136831900016,5.0065612737502,3.434508,6.449676359098487,6.057087363327274,3.971999084787142,4.665330101825954,6.404819505256946,5.281676486032757,3.758039568241197,28.357924122122032,14.853200105781136,13.901240956534432,21.436190267259484,17.66563230868945,8.81794815114154
3.58248,17.604745858466206,17.604745858466206,8.565920670233334,16.731783253914156,13.77976890907224,17.164355963163818,34.48538595477999,25.49604681668921,40.339266310843215,11.046104320223932,11.562484639327744,14.38084142531609,21.87116646738723,20.42178787945758,9.497718013555566,9.53219813992475,6.645535425109435,14.262143775045123,26.1489413360138,25.207984291837,35.36046172405584,31.790674857840475,10.244507946940637
10.838423848869304,13.996440193170816,13.969876785177048,16.54501214399014,10.05018088957684,22.641980707607708,17.806987236908782,23.11878061681769,26.172382941455044,20.700721701274627,72.65901698730244,31.339792923120832,29.987589734620872,15.017808462302877,11.6498200951452,21.871998607561803,28.30584724058412,19.637939714086198,20.84751325698125,19.059256863039483,37.71636191217255,21.03691665722817,25.493547725549007,36.33196191899504
30.463296331896423,15.528706871712393,4.004979000000001,7.827378338225699,5.933865100261771,9.049913613749236,62.20124616950789,28.05298407883737,11.586920086212723,14.00913145057383,14.567692813265642,12.619123579383295,14.97345644872212,18.086792256451957,15.138705501623852,26.35197605745605,38.84399305734499,27.16348497525968,31.70566032602011,29.38434875942296,18.39661840584389,25.22610324434005,28.495251861647525,28.71145229657225
2.3136849999999995,2.434399,2.434399,2.5450535000000003,2.313685,20.81288852333646,17.59806596000163,1.784040143921032,16.92456506568879,32.21815607792779,108.86722660407084,33.54602415421763,28.35775519616305,27.270240308432633,20.438757862943973,37.43864139409521,33.170318837054104,20.26372839866345,21.60121910384173,23.661070506480225,34.71266601311617,21.47506506999538,19.68361639405428,4.728086129869389
8.375242635928775,7.978583606390873,12.537456686839691,10.121644029735256,12.277667292688614,12.68291211218386,83.98307332774395,59.04961662773183,42.99820430782013,41.741438122394094,13.560574450022813,12.80161449080858,7.530914341206055,7.03146398970435,8.848820957010156,7.921286631966725,6.344760532968916,4.211792565020092,11.035523122469924,14.965826763078168,13.954264675681392,16.311297278955262,17.373789897800556,25.58268277843048
13.355650666456144,2.7485150000000007,2.7485150000000007,2.8734475000000006,2.6122250000000005,2.8734475000000006,8.427572149239776,27.65074678919813,47.30895308670472,44.74679199329975,39.70834819087443,21.360389342085806,2.67624,2.4222449999999998,2.0185375,2.2487850000000007,22.473084207107654,19.912866963159217,21.75222534740421,29.41969739233644,26.412307694815595,32.15860307033559,27.76793001842096,35.72988029191291
4.386470523771019,12.13679273793893,6.985208699014247,11.139964754377369,11.11265001899617,6.6427982505480285,15.273154012665374,18.347068344157343,64.28042169699478,35.98772966272154,40.63994295623851,106.53713507681375,29.716992298474132,9.779572158788357,6.74974923990439,9.044984102422797,13.95970839158617,25.02687114536754,16.20434884663916,3.521504582228258,3.36455847186003,18.57522782626367,18.24416221539021,33.06578435441939
5.395465680240558,7.949365093676254,9.716784870725174,10.15845691030359,8.035118594014914,5.407081665509743,4.994444400000001,6.634717074539783,13.230829067600748,68.91088132668645,18.83194131100731,24.4002856245271,24.253674305623676,13.473741872941831,3.0566424999999997,7.950096712411505,7.113974503221016,37.95169894410162,24.86063439274351,25.793349749333427,19.491420816004133,13.900279137264944,4.467822945818035,5.584778682272544
6.05300491554906,7.078229823552884,4.240566000000001,9.872174661809694,4.03029,9.872174661809694,11.650979611816346,9.9439702282112,8.789186880000003,7.599942725186553,8.428417893086538,9.790586441464155,8.503876560428639,6.446390099008134,4.85098942244111,21.62725541149443,18.9048731642367,64.46779576772727,26.08658583293752,29.103810652630035,33.40964443721677,35.84681895079377,22.905247901879395,2.8450309513557395
3.731750000000001,14.254108386594384,12.002325844964425,8.993096791859344,11.195848629411516,8.807813930571257,17.374834993841702,9.88642470517356,9.322493171188617,11.21015686630766,5.469587755295465,12.729504764281256,14.098288349623616,11.57093072310291,7.473753495806105,7.243719542017629,8.613173038598175,4.91139200470742,5.237193990183817,19.296480193732844,11.909498425427714,36.67860746089698,6.6575250539889295,2.6445735751225663
6.234813778460531,6.560108410380211,6.560108410380212,4.216783022329513,5.63447011164756,6.858295156306585,5.345466312130362,19.335409489476945,16.842874223353768,5.279753667850894,30.361432147730262,18.19843411790048,43.52456592929055,25.889165434274684,4.8178106469922275,5.3673614266747185,8.710262132498679,21.91961616102522,25.33221862813586,25.22121968989584,27.02550698248353,33.796871311587026,37.7304837279567,35.881954296307875
4.104925000000001,4.319095000000002,4.319095000000002,4.515417500000001,4.104925000000001,4.515417500000001,5.182914000000001,2.949120900000001,2.7809001,3.4761251250000003,3.855060000000001,4.4781,4.20552,3.806385,3.1719874999999997,3.533805000000001,2.5693098750000005,2.0684425113,16.834680474480503,24.15363330719079,12.850184931844131,16.014666472852785,22.02746422544234,2.482425
8.380692920940787,5.190969917622068,12.261567415574836,14.733239309210589,12.57834496219098,3.743219414242764,17.365048342262494,13.146397458902833,127.51557458781237,12.887119023419393,18.7009385850087,41.34584733934685,68.19225324151655,39.45547145166263,24.61276324601904,123.5457817780794,13.345218653479549,8.376287724465234,18.337968875210883,35.97616917041324,31.878005972359468,32.55845063022108,37.49083833201552,30.93522390791951
4.3376234544516015,7.079232838587313,5.122889486759023,6.816653849535428,5.931338817806404,8.869099424509619,4.8059748,2.7346393800000004,4.532379595598183,8.140004244497726,5.819751903160682,6.760317867307861,4.443920946220771,5.130516524097326,4.7885584893430675,4.877445560586781,20.105304529810414,13.032262891823194,16.017357310046606,23.759598290112937,56.67636586575862,18.90998561469369,15.26144910651532,8.800967034667911
4.03029,4.240566000000001,4.240566000000001,4.433319,4.03029,12.987863097901911,5.088679200000001,2.89550052,16.678142103103326,47.99953502829794,9.772782113573738,4.39668,4.129056,3.7371779999999997,3.114315,4.966882077974763,16.7149876011641,43.63484401684898,42.71198519908211,16.932191761196695,23.35327356515592,18.644817678355377,18.28415222809444,2.43729
3.2839400000000003,3.455276000000001,3.455276000000001,3.612334,3.28394,3.612334,4.146331200000001,10.20120389639649,21.97552256306905,29.41324584694816,21.46703325638737,3.58248,20.42294635476103,13.553230473329,65.49437476414631,18.96143196954109,23.640431409701804,17.16756016507528,39.740741367439966,20.55560705117552,19.97084930672837,20.281991979807955,1.588752,1.9859400000000005
50.35243728975143,66.65217281768614,46.5417775053558,50.60922199880153,4.03029,4.433319,14.357517387603847,50.928526386504,13.70729155806769,3.41292285,3.784968,5.714184352284273,6.395457514526219,55.932506008255736,43.41941869502278,42.57800106774308,32.42801124699528,35.66518223486563,26.94278854989634,31.575244838625878,22.431443486430474,27.46814539586934,37.63613731308888,36.54701968243161
11.768118288443793,11.94556901307795,4.537364027816237,12.944930117288171,11.768118288443793,4.515417500000001,14.858528482452511,8.454625504271531,6.7296518596356645,21.369824128866608,24.92656665549877,84.93945137623422,26.24657670488483,12.473453496279815,9.410756147569707,9.177897955218297,4.941367465894407,4.324807283148641,4.20269736778154,6.625572357348604,14.634879578923874,20.490869834490542,41.50258402174142,16.895443567779505
17.435184480064507,43.77526360144809,37.81936481710175,3.694432500000001,8.151185486113251,8.966304034724576,4.240566,13.082868564986848,23.073822781557883,23.265533948013164,9.683388000000004,10.939021925103392,8.350937857709702,6.750361633266085,4.951959391931722,4.766664320653011,5.10190109744452,1.4984215191000003,4.294817592617379,16.189725005394124,18.297622687335565,15.750264371726033,21.35737425833511,21.05478613030077
6.352163892864715,10.845904715269151,10.845904715269151,4.104925000000001,10.308091258313654,4.104925000000001,11.581533901907548,13.89338059024029,11.962031735495506,7.496293470510618,9.543924978614664,18.103377850682723,20.940489500526944,13.401733494427262,7.9653432450605495,17.432021112272412,19.33343604114784,13.876438762121882,14.993580234095369,16.842103666523364,6.450753421093171,3.527847091984788,3.551605683278177,4.649069711121296
5.347504268373799,8.940905095710374,9.609464954341362,5.88225469521118,10.022533942056578,3.925197654491373,11.852266677352512,9.388962144195313,9.37242255613815,7.939421836396927,7.264234650067305,9.774575125132104,4.005859566955499,9.29362238263428,7.744685318861899,11.173279545298065,7.938261159638945,36.39900168607048,19.114832398209693,27.12583676224819,22.59734027452915,30.53175787147785,22.144171119911,15.343572666082936
19.119730401054277,7.10548314436026,33.086111091754866,23.055206353042458,9.13040068169899,17.645688072883782,15.017613322005683,29.519027295278757,36.99768297942514,38.128881317995805,26.98920344436706,30.732591770084504,24.19314630387166,21.43088012380528,67.04128122102865,34.60522265490814,29.463207509126462,19.20520603083708,21.552532737714152,20.59251474823654,17.5097719807702,24.69324673937529,26.121940603183443,28.64413179586473
20.28871308967705,4.162037,4.162037,4.3512205,3.955655,4.3512205,57.0237055422501,38.244029164287085,22.14919866437029,18.967448888941423,36.497024280737776,23.191415027422103,32.319618823136544,68.54374256070734,3.0566424999999997,24.56372283637441,23.27978516511132,28.401945047783745,17.0936627774273,28.74010752786272,1.395104796,6.684852264324488,30.05278657917794,24.774549928378345
10.44267718949984,3.859834463298076,9.73727812491558,3.1461461792566547,13.535666409033198,17.994854401835973,23.159606923555696,7.990431320415829,13.510019211668222,24.883445232583423,40.86117315187828,124.25915565599658,24.50649953180978,27.85513211279795,11.959991005608645,37.857701227248015,41.870633752231264,23.39462266706152,24.94759482991609,22.036582037041104,15.821614656936816,58.9737116369204,20.280418954140536,15.187063048974762
3.2839400000000003,3.455276000000001,3.455276000000001,3.612334,3.28394,3.612334,4.146331200000001,17.790760959756913,19.87065097641657,14.991851838163528,61.72868446335405,15.686124613317734,6.291947416978829,9.030667466306747,3.4430082418418393,2.827044000000001,2.0554479000000003,2.6460669683406643,2.567410032129523,9.499798499467907,13.58849256546785,19.34513069903976,25.38971927562968,28.8857271487982
3.657115,8.152995778561403,8.152995778561403,4.022826500000002,7.748714996153397,8.523586495768738,9.783594934273683,7.18967502,16.249834584797124,24.796698945883428,20.039818319351,71.92959900678358,19.70257896906009,14.973214296646526,15.932722431351973,6.426027723736909,4.593894195560411,2.2705252472993447,2.440950160165237,3.182983456054693,2.732864583481301,3.373906893186792,3.7487854368742126,4.067390097069572
3.88102,8.722804580195564,4.083508000000001,8.237445934299512,4.482281202166592,9.11929569747718,4.900209600000001,7.703244233295646,2.7649903514710736,7.020350365454539,7.785643757529925,11.23457743013518,18.488258692633696,7.687340174732827,6.406116812277356,3.341052000000001,40.76987985533558,17.401127952580172,20.460828656034447,20.866705157254565,14.262674155243449,26.270759596139243,54.86950690777069,27.9805713820457
4.548842435097316,12.34789981387698,9.733737528200164,8.008948915592738,12.20437886033834,11.513854038575808,7.876808786093645,12.331901391401898,13.960366175820074,6.647180784723857,10.531817793587194,15.326932557766767,11.238753219492455,23.70077484896887,29.94404983123853,43.8955820271539,68.73658970337002,22.477996345195574,27.980051066335,27.18520705319361,52.4840653239428,30.63039003055792,38.397695303306826,62.72685185926328
10.200293721363698,6.563021431257792,4.7985865628006135,11.962206586485305,10.87473326044118,10.488511879590869,8.171357101929445,5.477236182496108,12.166651155317364,17.895399750062065,13.13946034638166,10.93572877911128,16.38807947587527,11.175401067227078,8.40320297397728,13.365114061358343,9.59954245630321,18.9208542197422,12.930586984254964,18.997263146133008,11.52015617470632,15.287234478634486,22.22206158543557,18.36496191798535
10.845852086940283,10.886363174006908,14.795586339390008,14.989371875620265,13.81613606268722,12.524825693374916,13.414229342696435,18.35131570626849,20.429988937348423,15.81582564609531,26.294637341376657,33.32739161120075,31.832593668116825,31.407687448917315,23.548177660172726,20.805118041196693,38.297285271005634,15.915249708921133,12.671855809325129,15.08609101687985,12.930457884273832,16.92175730698174,23.929640974742043,12.038240647378078
9.02769945751032,6.832359010539702,8.956231936082615,7.981422891995479,9.182038419745146,7.441693966550424,10.942348039094764,31.012675393336,28.065405549864444,42.32295853974197,25.960415027752248,20.84706664280128,26.20251624877298,18.24303524912145,12.907161377945036,20.553763009996118,20.801708400610625,25.699362471880114,27.677010995569187,29.44310337691237,19.936983322472287,23.77968004921643,23.05847123436892,6.454342332516256
6.379784253444153,6.016094421739627,9.034469697585749,9.202390937879994,3.73175,9.445127411112374,8.33379033101535,21.98383236653753,62.91666766492568,12.829225529994224,22.37573329193955,30.06923715830104,18.52311727018829,16.352228016935147,9.815109543838547,17.920842374801882,33.00157372694064,13.725759746192963,13.870242461806448,19.102093725392063,18.11269391364216,23.106715537230816,23.57377539652001,22.93401997881444
23.497335826689127,10.069118110032688,4.4158303210059096,9.765972279923052,9.04918495950016,8.379173391594199,18.72478070203622,25.112252222592137,50.02155004116261,6.655601019820467,7.220514905405737,10.439806905969276,8.204150129607617,8.028982327178941,4.751697949060591,6.2214628778159256,6.607936193603362,68.33627451871287,10.62648916813874,16.94483460569693,10.757045942371708,10.437734820061026,40.39805507897384,27.58125550384536
6.242912277544599,7.974588464758323,9.099355684683962,5.6913105026495305,9.984390013247651,10.982829014572417,12.606377651509211,2.949120900000001,14.890974987653244,8.454962997581987,9.376644534180402,11.16287777084494,28.04192308961691,15.844082752138025,23.506415065611634,13.224178470149447,4.743861594052606,11.49364542063379,15.226964222411954,11.163050363611855,41.442054860058256,38.226393011054846,20.592690776320016,29.120924639119217
4.03029,6.540823860302016,4.623942310050336,6.303730694488003,6.0950301822270125,6.838134035770288,7.84898863236242,2.89550052,4.211386349963652,5.058531816626282,3.8990303732381166,6.781620531342433,4.751214399480635,6.327488410430257,4.240536917578371,4.619682930151009,106.76930325514245,12.768425818441086,10.592331556893573,12.428580575073555,10.60984335062346,11.29766152591017,8.316886907335094,3.7593765988963495
5.002046269220541,10.289448544880274,9.709056053707869,6.26071835619744,9.227615257656236,3.5302355000000003,11.650867264449442,65.37143626083184,13.696096783838264,11.959802538141748,10.00437903206614,14.187132086350324,34.96132487493746,66.23515055502651,15.966962451959299,20.156605127697787,20.134892524369164,21.932134144663863,17.372121825751112,16.93653427131212,20.152389835280225,7.65684511011742,5.065807320005564,7.081464336549598
3.657115,3.847921000000001,3.847921000000001,4.022826500000002,3.657115000000001,4.022826500000002,4.617505200000001,5.930050500000001,2.4775291800000003,3.096911475,4.243540732132347,5.021624165933669,3.746736,3.391143,3.8501707944235886,3.3408100321098,2.2890215250000003,6.444908196575065,7.440036219,20.017986622182622,33.65447946092629,7.565796523127005,1.769292,2.211615
14.448647546645285,8.602813112036293,13.467636756109568,16.36794694987793,6.676244581797079,13.521339058469255,11.692218820569416,17.264097300771418,18.067679897528187,23.36561430137696,24.21289490733404,38.01127620492359,11.153839084445321,17.15423010740862,24.998611130559837,24.32199381901127,22.96825761306458,15.54219189149824,16.05878543078188,36.60269325663347,11.942748616900612,14.66101111750916,24.48487913433716,33.61025717654516
11.277660727828792,7.282651319301364,11.113219135268956,8.603761544395919,8.901588392677954,10.445167124112231,8.438045070078664,6.321373027872149,6.672344965681226,14.860733981425918,24.16997781750558,86.7960888686733,61.32731622838614,9.632812884828121,8.714556016958614,22.35225325148604,60.01954519780399,17.541081665499924,18.086530093288086,42.78898038274306,27.341825957617296,16.64205368609506,17.346258191247514,12.8545700398008
3.58248,6.376270798881646,3.7693920000000007,6.666101289739901,3.5824800000000003,6.6661012897399,24.745626423974358,41.732579046584846,20.24219141573133,26.538143261310687,23.70462288937274,50.78516904349423,20.144524565646062,15.147261398194166,4.670559849730093,44.743414400692025,16.60709084821985,28.35006986935046,49.3302590480093,2.3762557527517347,1.312036664105996,2.578722362718431,2.9318390149628595,3.664798768703575
36.56700477590306,4.240566000000001,4.240566000000001,4.433319,4.03029,4.433319,5.088679200000001,8.11148103553216,20.729771908665583,32.318122693628744,31.87279663586888,29.86109863431572,15.261373580025056,18.317059123102467,8.77782328944254,18.081233586656406,43.43390648834828,30.50991978583963,24.20743894518673,11.555194410799372,21.103188539153606,41.59997421039633,19.3435801616313,26.96915569731383
4.783317011087314,5.1732690854257495,6.296370753766349,5.9954935523049615,5.9841540221746286,6.582569424392092,7.5556449045196175,2.57377824,4.053992343022301,9.941876377493813,5.619901168650955,6.528168024190503,6.13080127489195,5.548942820561926,3.7403138367922333,16.28836820907742,3.4949981365660845,2.015011533235342,8.006539475961198,12.083405099048331,1.2634911360000003,2.6055905418290792,42.62836792257497,6.453295246877764
4.17956,4.397624,4.397624,4.597516000000001,4.17956,4.597516000000001,7.225732800000001,3.43897488,12.10567411433662,72.52107183413074,35.34141172694191,15.416232117331042,4.281984,21.42201387095407,33.420697779266206,9.53787702736369,62.37225709959616,19.635080185538268,19.426346420667663,33.551377902013485,17.40693264558056,18.18136962220296,18.6906305119738,21.96261045572724
6.956121145292346,6.205967758266312,10.036358679621976,11.783051576862125,10.711865069874658,6.099421595790478,10.858619560882246,44.247402390196775,82.86672465790326,62.51698870568287,17.524353839554244,8.726053968804207,69.99288878610301,27.329540671577348,16.454996437238513,20.693887344247422,5.382909781378372,6.442696733140215,53.11950102738759,25.16556321445773,19.43461292109362,10.955980504578203,5.182341045662681,16.119402162446963
12.53868597792011,5.910027276202632,11.601946013608966,10.661493893961415,11.641083056652636,11.6540936589982,10.449600228109452,13.505401363391462,8.201721109101523,6.671034235933558,8.57939100019179,8.730061920707072,8.19866684727273,10.536304003450551,7.203866670486912,4.277617492770061,7.759785361669889,21.084036720336385,12.486822744541389,12.584892667538943,26.40252202843926,27.90081633124389,21.757499639843807,40.25610983632696
4.12939541606496,8.365683551706699,7.832141100240286,11.269965972346482,10.245423611224073,4.633234115624981,2.995850744652171,10.036813836467276,3.315632720064509,6.759039532856003,9.223175027003322,5.3361088844220586,7.3649872158501735,4.299282583078492,6.079988699554281,5.77136555905761,4.675776448407477,4.343482668638759,22.995673044660503,25.08804288791263,21.46925775687892,11.29571506371111,1.011024,6.195849061333134
2.612225,2.7485150000000007,2.7485150000000007,2.8734475000000006,2.6122250000000005,33.546017356355954,43.84748100264213,38.51658405721116,11.048471148570952,2.212079625,2.45322,2.8497,2.9142232515327997,9.813481959081843,2.5637223240457003,9.672942949433804,45.31688466675218,29.38137303951172,13.267554041509776,10.96433306913001,0.92129562,1.137402,29.64718561930892,34.89840220442021
3.731750000000001,11.648847008982118,44.56516411490898,46.56734825877137,39.07362364014494,75.09534011481566,38.05579727464041,2.6810190000000005,6.462690019879139,10.312908835025942,6.416201296888885,5.76208156132435,8.814516508952373,7.97795359953791,5.792687923944867,4.928315049952379,9.445403771227276,17.85616070261203,19.699050426811382,34.62711238926892,16.13975125063866,23.53281743314496,28.866894205127625,79.59660330151098
3.501269802709938,8.297615114913686,9.111792238321108,8.391051046828384,6.596488618969564,6.121223914904658,10.93415068598533,7.112265705207354,16.661371898879917,15.523600893997417,16.281111713740938,7.477552931263126,4.644095014178846,8.030151987641364,6.691793323034471,2.5700400000000005,10.486014253692463,11.718876961371643,17.1946721690846,19.08185340266691,16.808092566323765,34.90653120408041,78.01960536026705,18.921100859205
8.17705139388708,7.592120162263799,8.044099945701847,13.18436838826817,10.984276582597266,6.734105903846387,13.223304087461967,9.617163280019655,12.4903448683668,16.4410608837289,58.71076821401874,9.316257544699448,21.10516151749302,16.640181144033388,20.202674163360758,28.34195154677508,10.316078763523372,14.653463879149763,44.24439000510125,13.535009492401764,6.7708253087021,11.015248635834958,11.739428941577357,13.92931324665423
3.994368583515551,5.986416878806796,4.040620744823558,6.089006619200991,2.7614950000000005,3.715724970933554,6.405381800974861,14.00599155723316,22.76072843952683,4.687528649409687,5.198519485167643,6.038684250447263,5.671112165637428,5.132881612880171,4.277401344066809,14.31380125809415,27.266162333871662,20.84803471595812,19.844587489625308,20.21764817150494,16.97526175822913,26.00878372695753,24.231215832656385,3.1611385436986508
3.657115,3.847921000000001,3.847921000000001,4.022826500000002,3.657115000000001,4.022826500000002,4.777225200000001,2.62739862,3.307710596927305,9.23840257863947,5.163708640120814,8.164903723762306,3.746736,3.391143,11.296002300476163,3.1482990000000006,2.2890215250000003,1.6316145430200002,8.616930789836657,16.324097701364607,14.43365939294253,18.36930143390439,30.29129988718715,34.30678831191587
6.269610880314255,5.619360396955689,5.340114506600108,7.042541411031553,5.473413920209503,7.334480296403294,7.245875078986868,21.7243046074436,32.43985188702023,3.511262987375023,5.763360259061339,4.23384,6.423253518487963,3.5987639999999996,7.4467212601048605,17.76949158442537,35.274116822201684,28.23947469413951,31.661672441896645,28.46045521901802,21.992864247477,25.152035283581057,22.71043538004212,26.054234000561408
6.8490774776802885,7.206420650428826,4.5546820000000015,7.533985225448317,4.32883,7.533985225448317,8.647704780514593,9.318611076056474,10.915881388304587,3.66573195,4.065336,7.318978613367567,7.016920483062176,6.350962752030812,18.109612995639825,63.93675463840373,32.07093152543263,42.91637907169703,21.112510764400504,27.0368617349753,4.5108391421182015,2.2506221351004743,3.31354578366825,4.141932229585312
3.209305,9.437093726326957,8.610682809100553,4.106218866551735,8.969138665517352,9.866052532069087,10.993948104701786,5.127084190464687,3.2383470321182304,16.14881705058255,10.172228355069413,19.82875003506028,5.97021733615181,44.7522631869615,6.930698059717954,9.743654867655325,19.52033261371148,13.779003591350852,18.99066736613522,20.29025296110444,19.99126809838072,28.01291784122092,42.8993019234879,5.4240245684749215
10.033574291040091,8.437195539152551,45.07101064959509,12.833704527161986,20.576913710957623,15.602082012192206,28.466521641977995,26.47083500431513,26.9562916229864,49.23093142305747,38.581797562266885,25.58814899704141,10.48863866621894,5.889008026316183,8.068765441003128,10.043768760387637,7.685193290486069,20.451961588034457,5.650752962162525,4.384268373976226,3.1508606088107225,5.079988827567964,2.5869690195282,6.1539965089965385
3.955655,16.445147570387487,15.889673220718525,9.7926573273642,4.405360522922661,30.43927882565345,21.883897979681063,6.39580512558759,12.627039367676494,27.129074632292827,30.039117272396844,21.41947777844329,36.63697886997947,27.67466098960824,15.683023366617865,22.991196524153032,40.84357066212863,18.225464277200256,18.563407921535248,25.971946092356426,20.156828230132312,20.632758422759885,22.249840469860032,13.214442586141722
3.507845,3.690863000000001,3.690863000000001,3.858629500000001,3.5078450000000005,3.858629500000001,4.429035600000001,8.492526911354012,11.000795317124991,32.18487159823783,12.960071053278082,18.52799910861182,18.39074769471556,3.252729,2.7106075,3.019797000000001,2.1955920750000004,1.565018031060001,9.762193443508082,16.683100975650383,16.065178018464053,17.74476523890799,22.477460684403063,36.57779530330666
8.438110532936886,5.902100131913309,9.17319139572204,3.858629500000001,10.960017344540493,10.514853805236784,10.788768334977584,12.995796605028453,4.084882772733643,9.281141960399513,29.769086166689924,10.000574742961769,9.621438936857167,10.162925174028455,6.520358139087594,4.949031338975304,3.738541083830476,3.190077190104399,3.8400561004081,3.4661703572827163,3.914859921315778,3.7719474862804905,3.7845188085048496,5.102888978416379
39.73019694276638,5.5614610665427335,7.039414133085466,9.125253504354692,3.88102,9.125253504354692,12.859975269697172,26.882644912807976,14.596014766608354,31.60151236133408,28.48059058269035,20.66230668457879,9.101029445988225,15.579666056222262,13.86533766836286,9.843905368852939,50.20805216332206,29.060694033696176,22.7290285227082,30.96287011721279,24.83628922694579,25.75345399028415,36.20890107137121,38.51729185512418
24.29688522117207,8.062656458781442,8.062656458781442,8.429140843271508,6.717396484048755,6.5571323637993295,7.765196490322638,26.517229429568975,28.802978745293004,41.70533755355098,25.918713817769333,44.06912609285791,3.9761279999999997,40.1810501913285,25.02716963504987,22.21096349667959,35.0793959540115,25.16965476021071,21.273147210702746,28.641505681366837,2.16906266201131,16.85541285522191,31.323826363616284,37.82928082843046
7.840339918996484,9.590846460439494,13.835268592601013,4.408891020544807,12.504513892521846,14.242276917174436,16.602322311121217,12.20383952769821,27.065939075563385,25.474536179362843,34.87054986380686,40.06338745893507,12.607241445555145,81.86712792075538,10.899198583717197,18.34943458885211,33.235755833462946,29.44261426939793,13.268456604740926,24.911367651117857,24.20788009822112,21.97031189582428,27.02088555078234,13.67447397738729
9.979923449331793,3.690863000000001,8.643409987314765,5.476649112332948,9.979923449331793,10.977915794264971,12.768444129069358,6.53586509643955,2.774999991276202,10.44612367969934,17.44981229447544,66.95660405665814,27.179215302084522,16.427005091558286,19.62350712576553,21.146264882852574,13.501023660309334,20.54353825541723,21.91485604369428,25.138464302576,20.49441491760468,19.84699229828366,48.03027718321005,25.060789336207883
6.96059699385935,15.259336698768488,9.454415922313787,11.23316047545414,10.883111490168902,14.772429986189843,12.42931793288432,19.07895186504064,14.88254529016972,31.91911627735632,12.70242972771985,11.102378880138078,14.132313681939554,8.783802758663684,11.206612789666563,28.671006692527147,7.638859570507226,12.382718773193526,23.319508889343364,16.51307851204048,15.164147554676164,19.933357627834354,28.890612092942582,6.006815286489166
7.175556375936476,8.754327132437808,8.754327132437808,3.1197430000000006,8.32022826636651,6.958611786456557,18.710464186684632,57.65662463672702,15.895355172937755,6.623535652578844,5.940949193180303,7.173041355148644,6.481035483469419,7.715120756085307,6.429267296737757,10.8658186037219,26.44146036562952,24.445276583583738,49.05228296460902,15.79598803751362,15.562145211783044,44.582669977732586,25.12108683160892,19.90387261397622
3.358575,6.701729296544905,3.533805,7.006353355478764,3.358575,19.4560356959,34.59847286995611,26.99890538354901,21.13468737996244,24.047611036637573,17.301771855762862,27.194656700409336,7.337053661410008,5.347808733942702,2.944245895928547,10.472344763204513,19.372700302422903,16.28922025030506,1.4014192164741397,2.178791059605772,2.2464035478549333,13.29768095243242,5.172025207944959,3.851857935279377
9.654099681103602,7.640732040860068,6.242365486683119,10.619509649213963,3.806385,13.53932476258957,33.34373183017916,54.47628524930226,27.40055164539182,74.09850887855336,54.18464304675895,12.298145106658472,73.20743062172494,26.219514429379892,7.459986117216419,8.08209697708079,4.378889764061075,9.042042354188451,15.46769898490923,36.32991350777776,18.4125459138106,16.225285214613788,12.653285572344856,2.301885
3.209305,11.794496838109636,10.196609752617208,7.875894819681183,10.70342808351569,6.205376503030006,13.812218802446573,13.835253410519964,11.711467547113914,5.218792413822204,9.655196489569049,9.612997355988457,5.103132520859918,9.80431195616561,9.344353436364253,14.025551174068012,16.82439564853593,12.443894579400782,13.946525514708023,20.259080017156137,19.58354041439107,15.535276920222143,22.176173067247625,24.32446179568373
38.54167263267279,21.4911292308596,18.14602426952122,14.392010257470858,9.374361818398034,13.616274962769417,13.7009629140682,24.27318408791333,44.460007383102855,11.079469053581905,21.901153268329008,154.23612939527086,75.13577085021734,41.44606188393636,32.67294523662745,10.815875667885178,7.883972613057525,20.419514608795268,18.31592603311087,23.93812152519632,24.66699600654828,20.909581344469267,18.43193786553655,7.9122442306613054
3.806385,6.277113036553616,6.277113036553616,6.562436356396961,3.806385,4.1870235000000005,12.654388122036105,52.42259410218653,7.861001872804081,4.848805153179079,5.602712462378432,6.508201345187066,5.128767310532382,13.313406591643547,3.4536501748042583,5.135819757180231,2.7579036268891897,13.597910315039178,16.299806682387242,18.14670640596973,27.75233728394426,36.01623832530898,24.32489758429348,10.047832471988604
6.665924312555302,7.013711667992971,3.612334000000001,21.998926743810834,13.522224312555304,7.916946743810834,7.9170407153088656,3.130107309821911,8.14396630766375,21.68531980567411,12.504335304661046,16.209780071922914,33.13325305704217,11.336997919500208,5.095164998753727,11.454805801983268,32.84415461547929,17.738244387752843,18.95506905816837,28.529908856151472,19.669803767691626,23.89677003294083,29.64224404544784,14.420888643174424
3.88102,10.205105435267496,4.712191432824128,6.037961997723874,9.03389464173339,11.062909559003744,14.296057546649063,63.66687581908656,59.82949090372288,94.10417958285588,33.55966267668695,40.82434445249423,30.88726718301519,31.59956223410595,15.083549192444638,6.977958775420765,48.96306697446093,26.53537354615145,41.4489369474296,21.43400521537452,15.941337610633225,21.69948891130836,5.0777837772863945,5.311742405362834
4.104925000000001,4.319095000000002,4.319095000000002,4.515417500000001,4.104925000000001,4.515417500000001,5.182914000000001,17.3225419551634,8.713528072658987,3.4761251250000003,3.855060000000001,4.4781,12.011298892154517,16.624052170366955,13.024546286912775,20.863218417172366,2.5693098750000005,1.8314040789000003,19.07185654837977,20.421508495937,19.21046362696565,20.843288934699995,26.9380395938186,7.742110426902837
7.116724561754478,10.921350266933992,14.385313925807427,15.039191831525947,6.499437649403582,12.096790882653334,17.26237671096891,33.03155258606383,46.77439922207649,31.676024971744216,24.192619128957386,26.440326108705523,27.32912996180923,24.915698017397492,39.284795530074796,27.38898316106236,63.1810354877195,59.99897159947187,11.548380950534016,7.50950293419538,4.556135631058395,6.305034544154442,9.00319905401124,4.925956603153809
2.38832,4.975589676351925,6.1834018443642265,8.514249676910946,8.127084884538183,5.705538318439083,6.603262486198656,19.322550647923205,33.45243183794505,27.22769902813945,13.783877829483105,5.390938867905981,5.8027597155704145,7.536024165662677,5.135187755320511,21.89319993404023,20.01411394802309,30.64470817916608,26.221039562689207,19.848741211188884,18.91313349768356,21.030899083162293,15.210005482806295,9.857698288910578
7.800838809930612,2.9055730000000004,10.089504855301204,6.578597338586008,9.589198829418496,12.51531473379702,8.002685423124184,21.538232118231694,25.854873521351237,25.02888126518223,24.902431691715417,27.557279388762,11.723911310564507,22.49143893376352,26.948690320725103,29.468865369670024,26.1067197291647,25.29836741354548,21.1920337670123,11.794213359797832,17.734812418995713,23.511783253282545,24.22478505068141,3.470795366143009
5.6779313022318805,5.555986381739518,5.695381319913468,6.9743797910916365,3.955655,29.805904243040057,98.77024258695852,31.66033742461024,12.775316965566155,4.0228535996974815,5.0834808475260695,4.315259999999999,6.495721314591991,5.87922924538303,4.694611570654096,25.89827486045351,35.41059730220042,23.2898162905972,18.67051924980876,22.956636769155946,20.40444173544363,25.77365238437928,27.46369459003113,18.901409580170665
3.657115,6.778462650366181,5.801615433577455,6.503003524444106,6.044451173261705,6.648896290587877,7.631776611805216,4.697104998844612,9.282355331475513,5.1185511526302525,4.804631369002371,4.857702244822438,7.083603670802905,17.141377572895806,5.301216068443604,8.562376887800811,64.4148156556324,14.066519907603857,18.00910121453688,48.55750357774269,16.46126874479499,39.91918142518289,20.12998763518472,23.911715874449506
3.2839400000000003,8.991917475609084,8.991917475609084,7.0326972256345375,5.91498863510349,8.348221543186282,24.43235519825559,7.339412828386963,2.22472008,16.385201242907094,8.485379451363917,41.18708883376399,66.01806619676498,22.779176542547745,19.644484291731782,14.690623255724653,84.11283590123769,20.07350268395925,17.574818623652035,48.913228599845695,34.03446832144524,33.230426404930746,25.871994320210533,25.182465282038155
3.88102,7.193275140452659,27.55225493341313,31.54944944855196,39.008619460623166,32.083790120847205,5.166761069181659,5.0752272041669295,18.514048837274963,34.335479198236825,34.328596207328985,24.05191265375001,114.04538407606162,17.563172886276362,13.397076493133918,10.733469832104626,19.321593871891828,30.105298305237483,75.1873239529887,29.421996159194364,18.71963602416399,22.82972343033113,29.46564751998197,10.254269556518883
6.237128377126539,9.969548077847357,4.319095000000002,10.42270935411314,9.475190321921035,6.663523628768417,18.999484848753426,43.67753004192942,31.608252111539496,10.587379206671526,12.58448261220716,78.65031834156933,19.508841850250686,30.48365720949936,14.800962688655563,8.1569029727842,16.99181977936737,11.486508141455406,3.5890889720345256,3.892177483959064,6.906357041409346,2.31877649574454,15.703505510638688,18.741199374389385
9.864556596558607,12.942122815271883,13.644534285716295,16.71253793813089,8.088553157060211,16.064544642497783,11.741074139910818,11.925123519027633,18.99909251041308,9.685916256082608,29.717179921947984,44.57056148786875,46.32164565544084,47.11397792358297,27.849538457040794,37.17164901216909,16.547862517132597,14.395656595598568,12.790892409687638,37.73363121612428,14.88427783907556,47.461599249779695,26.37670460616432,9.187992470478
3.43321,3.612334000000001,3.612334000000001,3.7765310000000007,3.4332100000000003,3.7765310000000007,4.334800800000001,2.4665374800000004,2.32584372,2.90730465,12.305714570293402,49.82935904838997,12.151009511500607,20.675322766658205,18.403609284917632,22.50204966362262,38.496792444511975,28.364457515364247,24.00888460368191,25.98408230017135,18.30642366748783,19.47236246929752,16.43367259464888,12.918627507802066
8.681912830983155,9.72154030162464,10.627345163710151,11.110406307515156,11.790236647841311,10.047801870067858,14.481090347749335,10.542427747803664,14.219409238551792,25.727166776265346,22.59070409505297,29.799936372941627,24.703672465513435,30.81960835239843,19.224503009756162,18.48223482156819,23.717979272833187,24.36120991520472,21.72305368771524,26.05263776698144,11.45157824959582,4.985719099234575,3.962870546542283,20.020879224086915
4.718870933663779,8.644606819250068,8.354671594478631,9.770742264998988,7.850650365485034,5.258891395840345,10.600141173876148,20.606384367697707,5.440048307075626,54.44205857030798,7.083922851032761,8.62730646890794,5.992237425948272,14.055347780802197,5.574469504015584,6.340905903878534,5.559633098720496,3.9629064727679713,2.0662793688059184,2.611477952563632,12.809461461969736,19.267875250933443,22.69631491116728,5.3716261823386455
4.013884969473887,11.897966818840144,12.34324940109675,10.52770553970335,5.503036620944354,12.904306192055692,28.46954471451614,15.61302542236418,25.62533527535065,27.4497042487581,27.032444015362348,12.489875430381243,12.018671092277526,3.4603499999999996,11.038560656682204,29.671255176002497,33.46880439218526,24.787470073106547,20.459091205683325,19.950050610222604,4.04989365908963,4.351469719170581,73.47678902228982,30.426250117530543
6.516297000161419,5.145498485285329,11.641605631856809,11.91278704821725,4.529028200043044,11.177135124154749,13.969926758228173,9.489085155589152,19.491950143148703,14.98757389988631,12.489834819630216,10.421721710710871,9.578829140809736,8.310360389800076,7.905591302936741,18.012683501922492,18.049920107828083,14.862914258226844,39.981067543888685,24.430258268448192,18.17228889424704,22.17821133810554,17.35959664833846,6.035560407308174
7.351553361892236,6.494865527323247,9.732139508361705,14.135420684095973,10.007623207014426,9.73533572354885,11.640743132214894,41.53426909017459,10.243481191165474,5.662143551049918,9.576444981179844,23.5220575926434,11.023656852978867,10.375591924368901,8.885675577882752,57.696848484848246,26.361552726700875,17.274647144946254,19.025302867936425,19.404527449593573,17.94303761481702,17.978702091232712,7.602306006718426,6.310398746169409
29.008751314757784,19.68017222706485,16.9645709312087,7.589070739187157,18.060693995683508,15.77433090295125,22.48385702227168,24.475668543401188,53.74393494794472,41.3493602586468,30.7006287380122,30.99832234399992,14.712256199912439,11.806679162147399,8.551640688734373,12.192842445102436,18.062555512839644,24.70249983473721,29.337581097386902,24.235926221500577,23.189136123669662,33.85243845123919,4.669134873266833,11.241192272324644
5.21183230336792,11.93328447167104,13.24474592540135,14.396993216111436,12.83807865782402,12.444252948856894,8.634535176414616,10.66074928109468,8.861756558498,7.906504892381396,21.29335302319689,12.917635752865683,12.73732066124148,8.374288780364239,11.77627800880132,15.742617483577389,18.068433276823065,13.17408151008397,17.42991109432919,18.906088175543893,12.698338432785029,22.36214943154083,27.37232704574065,23.346206868902563
3.43321,3.612334000000001,3.612334000000001,3.7765310000000007,3.4332100000000003,3.7765310000000007,4.334800800000001,21.99181266083561,16.065635516033314,2.90730465,3.224232,3.74532,11.305490098030957,20.749084178807557,14.796094632184024,2.955546000000001,2.14887735,1.53171977508,3.2327152820917293,10.447051435537215,40.29586350307446,39.71640523509393,9.37487822580746,2.07621
2.83613,14.385350490466353,11.63617696603962,15.390928997295935,7.865932000677034,12.69264250948128,11.55220742418484,15.295310152006444,58.67939433689025,10.726717620379548,10.638939790277853,15.44979511206792,12.302435742931156,12.45989614214097,18.196563318752627,28.11733515715263,26.380508928201166,22.103092028990662,24.01797639094797,19.22718588896158,11.497036154864771,24.95538087887314,28.877391246730248,7.1436658567984
3.060035,8.621137686272295,8.621137686272295,6.959564278883633,4.693455808583469,9.013007581102856,9.756116275933412,2.443329040503312,12.421030291966398,3.579300731620456,7.694899753036426,4.356456348207878,12.59518495458352,7.597741927871826,70.14745463803068,2.8351713230431854,9.532152230532144,19.610645075539846,16.976394174232844,11.716146064951918,19.740365555968328,20.97909543379157,24.0251302308002,31.138757851458788
3.58248,11.008138776805932,11.008138776805932,4.953895703916262,9.409638885339394,8.779137934367217,12.904949812593904,23.226203871470076,12.27436443389444,23.12475054975896,19.83712532063476,29.45528648589628,14.689492448992736,55.99295114381879,18.436261536730697,40.89960324062784,47.83727366901192,42.34571025746556,18.746675036589107,27.82023887927645,34.21828331637844,40.02077320713254,17.917870592202277,5.792720128394116
2.83613,8.705443474201925,8.705443474201925,9.10114545030201,5.060618514575128,6.3823261547101895,9.8223858264021,15.766707606606928,5.6051021401364105,18.79516372248989,24.16529682716056,24.25965230640497,21.967589578038957,7.6720399663702885,2.7645293143602596,6.271526920746743,24.07701891209337,25.20200315821624,21.79608666165138,27.668135355081024,12.54228943493032,17.161417467014097,15.252513581772035,14.896695263807658
6.1878928402668,5.83254394882483,7.516932969150466,14.66976394004408,6.1878928402668,7.2320956491521775,5.3713836000000015,5.560861058650872,8.006659057925681,13.412822395240994,43.59623618504056,42.28317809884846,6.339532901965038,4.422949738684153,3.2873324999999998,5.659900942814748,3.81030744658947,44.636074820307456,54.26982906805368,14.687145240351947,14.699808799435193,14.110560881930748,20.296657329132188,19.67500303745852
4.03029,5.691571621404026,5.530348774581356,7.46723984475387,6.941628184359775,6.961586370628226,5.088679200000001,4.11331932,19.88670958069204,5.748540425940684,6.375192910936111,7.2383689454994915,4.129056,6.294698050949543,5.245581709124618,7.911901877168341,19.90775402411333,50.74197228285269,26.95175794701723,29.20354563863621,23.29832774949038,19.568085713216806,16.723318905502776,25.76470889348561
3.358575,3.533805,8.15937900247361,8.760537359852048,3.986604528080833,7.839427385333492,15.782350522511612,8.652686182983501,13.377388488262795,18.171994044381968,4.72694438336765,6.632766860018479,3.440879999999999,7.384915790949658,6.154096492458049,6.856072716405951,4.984818158891019,1.4984215191000003,7.556896187026496,12.28718093447334,11.166252689925187,1.4623739999999998,3.852999543104171,3.676859889792852
4.334104320689591,13.569176597805702,8.076830686016502,14.959945689262817,10.433634702465016,18.02142630635816,18.908639782039412,10.714969266855658,26.828470466554148,53.32441272239827,103.9272013284894,31.73198961130964,33.47514377155052,26.53395351542559,21.516949039903366,39.55390753148468,25.422095499551062,28.28533615830796,22.39991347754538,20.066421469075134,22.58120949461893,23.5348878794416,21.113802711039146,26.50862067819732
9.01937534380578,13.153727514384736,13.153727514384736,8.181531841397682,10.238110770614131,7.798500707257912,14.245687069674096,3.342212666523757,8.351233857730206,9.849300997450042,11.740517120277282,8.113915875766295,10.489005184755664,5.928171246080944,9.25662470299027,7.764505730754542,14.87805627512242,22.717827672648067,20.56745985765857,38.794962939673376,28.42258480456004,48.0721748120757,22.451016805030395,5.454404852182942
9.12443444939098,9.600491898924426,3.533805,9.74858492186053,9.12443444939098,3.694432500000001,30.27012107870932,17.131249420075505,25.584858904001788,2.844102375,8.569034091601964,9.953928490244705,9.34803719083851,9.231256228834663,4.06091867658288,7.854947917301803,3.742573464217227,24.011004559974687,24.80173544079549,43.21164182564117,41.104418287900856,60.65882380782848,38.12679188270898,39.769298438190965
14.820030039431447,6.205444147075917,7.531654238998364,4.269122,9.426989475312048,8.983196054015243,6.173371288245551,6.772677134350275,17.478944763302255,56.2477885426476,27.90964985145912,30.07529588232969,29.99126352408637,27.831643310893508,10.019323386415522,21.00087502014504,34.45274389513953,46.279389580873215,26.00194535181062,20.084012818225325,24.688189531377294,16.809701011861996,2.365454062363058,5.700906678746021
6.816107521465909,4.319095000000002,6.854771020076333,7.663401649924308,4.104925000000001,7.497718273612501,8.035549522585875,3.27375553757031,6.725156626756106,5.772003778404995,6.40121402015929,11.413172753300982,10.227017982671011,20.984083550247842,22.818573434636654,15.860992547900118,2.5693098750000005,3.040992738486974,13.445574196475748,23.37816349545606,20.28550324884127,20.091098071705613,17.984632933820667,7.0564916388749
3.731750000000001,9.046243639890733,8.58080785444612,4.348220978755139,8.597669575102762,8.970844575102761,7.241562298867372,11.717112676452512,5.824530333969616,4.8457929548708245,5.997181727009161,9.379275900112102,3.8232000000000004,8.173835280951744,10.458266486386911,43.80937511308756,22.645942061652907,17.123577311784903,15.050161871125889,24.104409397823737,9.702626270370091,20.40572228296342,16.76584632817985,13.233705829234149
8.561746532083367,10.05145640995834,7.876081402670282,8.677533577817153,10.107233141651957,7.223304796374983,107.82044684096373,23.958142321894822,6.160494889420104,7.700618611775128,10.050246220766809,11.674528438264472,9.316438396098457,5.302485651378214,7.91293400551845,15.270698361067671,16.681737258298504,13.490952851698548,11.901275841375396,5.147198307319851,5.367857877608615,23.9463353292729,9.165571298071436,6.193902915459492
3.88102,9.547105912929982,13.51229546367176,9.981065272608616,4.589112141232473,8.942530132134321,10.264469369058522,3.296977783553277,6.1470163976429255,7.683770497053656,8.521383790053205,9.898577129859785,5.668832059357309,6.662871811151426,7.0114921336506795,7.8112684742154395,2.4291657,4.048211190221626,3.058143712887363,2.3698738845706444,2.8671878788296543,3.864282406705456,18.31424748859722,4.630827064212243
9.99947923829875,10.52119119855782,4.5546820000000015,10.999427162128626,9.99947923829875,11.138577162128628,13.232365438269383,14.550045755812766,29.845325251901727,8.467740827704803,4.065336,10.908522805416816,10.016182127611907,6.59769094169835,8.19607032050358,12.936792054105192,49.78341226927089,31.777341437628976,28.036485791470028,29.51144851427547,24.16718425657598,23.358440974428465,27.121311478142985,6.047115903002802
5.308904417972216,13.41187914988264,10.798315469728005,18.146485791872244,13.148153763868178,15.05627195241023,15.591381385816945,12.881964221425507,23.02716205511925,26.125301158336185,24.540333376810707,45.18500790015971,37.00871316091481,33.70537286346144,12.008814372286322,13.995686707523902,12.810159195202036,12.414916560455952,20.22020694279272,24.572945958152037,22.9270666605582,27.072818866238386,23.515110559149058,19.298477335910253
4.606002632703305,6.024187352496004,7.033791528744001,7.353509325505092,6.685008477731901,7.353509325505092,4.8059748,4.802742612436606,4.528789379641648,5.66098672455206,15.313282662148636,20.3532880957416,35.69685451967744,30.403786462206202,13.589546490423535,17.847253149888356,4.2822821592038025,22.302076533066955,17.104842723183143,21.68925988192016,20.39675795607311,25.74002584784397,43.61938358177468,20.89954177702869
2.68686,14.335413601331396,13.76906034827155,9.1742316341992,12.41172983413518,8.852370164352156,11.01701281646851,15.815011639812491,14.757436862543162,20.867326760672903,17.77359022816753,30.08788409861588,33.908273298525025,23.3229893901435,50.4322594127687,23.86913815112,22.065878591617267,51.685597778309024,5.369990877957749,6.635559306208158,19.386264025593544,21.577752446702203,7.330458038325676,12.604387817379031
6.598993651131435,10.31697668628452,10.31697668628452,6.286675622916957,7.623934314394467,10.785930172024722,12.38037202354142,27.235962885636702,8.56656725485069,8.303383434083493,4.3429441601638565,9.506904752657176,10.045681281310841,15.155433494786452,2.9412975,8.441162743323698,6.137283407800844,15.490023707969218,10.367957005749217,24.951004580097663,17.786743882302268,17.93299981909688,27.9138806000661,5.105229372315079
26.02379081984102,3.533805,3.533805,3.694432500000001,3.358575,16.88457106389878,95.90094032695924,6.983893977092057,3.569248578638752,2.844102375,3.15414,3.6639,3.440879999999999,54.431279660518854,2.5952624999999996,2.891295,2.102162625,1.4984215191000003,11.783546611786972,16.8816764893471,1.18452294,1.4623739999999998,1.62486,2.031075
2.612225,5.085539723417649,5.085539723417649,2.8734475000000006,4.833364199942392,3.1449200688818486,5.635242723417647,8.97862091630877,10.220675216385686,48.58418061973423,38.9243734054633,4.599688460560673,4.446127994894806,4.481846803582945,4.116280077723371,7.750404742866954,15.774566525921577,18.511892367045714,21.890295765063588,17.934188536200764,18.27683784178668,7.086354970484509,2.338354854043277,2.922943567554096
4.986352885208401,7.147857282323024,4.555111570580756,7.111346847458481,6.4648607704168,7.111346847458481,4.429035600000001,4.644580842189879,10.367051384969054,8.041272231182885,16.14535725753067,21.83323218425583,19.295611706918926,17.68826636780164,19.89026406559755,5.5654018806196826,2.1955920750000004,3.1774550745421184,2.253804625320349,1.4409373176000009,1.2371684040000002,8.914178913406918,32.811239453437835,3.7777804670063295
25.96843091675476,10.42376350396396,14.525068882283962,13.443696550569747,6.04024981640957,13.781164063817894,18.82734636318811,7.216286669681604,5.774706979813794,76.88561454276928,144.3430053102813,57.87513810413299,63.97157598933626,20.532811532527994,20.09760425381161,30.93432177521294,30.406999597641285,46.06097818465939,20.388763535291787,27.918167453244024,26.98636209042876,45.64143472058538,27.83707327171528,38.28136140175934
4.4781,5.510340000000001,4.711740000000002,4.925910000000001,4.4781,4.925910000000001,5.654088000000002,9.36910369520223,15.02730154581084,8.806100310763702,58.64146385077412,23.016441511315392,20.255388547424023,13.980825243422334,12.631220200078383,22.92749124887792,54.95896619752627,28.67085190191893,31.067694960176343,21.646504102336277,36.84269387141665,54.48824714682597,36.80867100076897,25.8299992031253
9.610927681545697,10.112367386669822,8.900291899791364,15.043988341083958,8.87028663406219,10.662692542895575,16.291189241207277,64.37058444051566,22.237909633542984,8.138708304872557,9.103326439784365,10.502655136973315,12.477011789633238,6.393771561443911,8.444177102305535,11.957756143468238,7.756600005419041,5.117689778812744,4.344431343955306,4.184619857632886,12.270952236774155,27.703284815362693,9.050904281641364,5.214945302726705
7.6473901213596545,12.242786837145706,10.00264459125752,8.41212913349562,8.443094652104833,13.969183285106231,9.655661266273237,16.124698267566146,16.446169120483873,17.671669839172182,10.78436432831965,11.117211049925396,6.5503215126555405,24.482279866212263,59.25715492563537,40.18014893454358,7.145275924160016,5.191247182720425,5.949312790995936,3.905098581614316,4.47885245007803,2.98247395002504,5.812851676124981,6.02489392549101
10.483537635003156,7.761406784865779,10.78229212630679,10.198615080059376,10.702271262805429,7.132881945974906,12.65173544752897,8.015511860560794,11.564252224253844,20.721254404795943,66.38778175911752,12.171174014187514,11.430319943758706,24.016137034000415,18.386880299600588,71.54968162924179,37.64517828501136,3.5015269421802486,3.944551823729455,3.396928564038616,4.172376586589029,8.45631917372752,13.84150579010172,2.5825235884089057
43.66645916823144,16.026238156512168,13.486093599119464,9.12950978450962,16.320863831678544,19.173206866619346,14.201548816134968,12.76004145962979,13.19225560323996,13.87249024886666,17.370766433290278,16.035821542001475,16.15949327791467,9.395333790783669,10.314678685632519,16.69087926914434,12.135372757875809,5.588265538838517,5.299526125318339,18.9499620753279,14.948007859747658,11.748324815876668,14.89492331743227,17.52197022506657
3.358575,9.66662135672757,6.870359098817195,6.435173366885553,6.695702154266607,9.607696715326902,6.850410774049684,6.388318751778631,4.8236517842981295,7.779959776754686,5.649977387225787,7.123287420261253,9.412427707226843,6.208741997592671,6.399151376003086,5.621202899032251,24.728053009022688,28.30124284193703,14.131218999304789,16.135994165427853,2.5212536518271027,3.3442464242211947,12.391900662487751,4.115160392487116
4.03029,7.131042627504692,9.698776941143109,8.243706665323536,9.197809335346534,12.26049582430673,15.451833394449553,2.89550052,16.62560395223319,33.53697802835114,10.723868968933614,6.059574713469918,6.1335257067669335,10.75464349438785,8.889706519588751,3.469554000000001,9.87653543277628,16.219550782419073,13.07291221369983,3.898620412428774,4.316181170339895,3.894707495672791,13.543943839313506,27.49843723454922
12.319782836387333,10.059246615190936,15.84808401982118,11.802708590712902,15.073623517741888,4.791895763570303,20.009080691890457,11.34663385607344,7.88045753473179,29.013804768275648,109.06231102894232,30.679161738700856,22.495892850016258,18.794573075728966,7.867326398111491,11.681383205231992,25.24800878313306,25.10957058108155,18.20872147275761,27.167761855437583,19.70084765398595,22.846595653069464,12.549414295228956,8.334823515457048
2.462955,2.591457000000001,2.591457000000001,2.709250500000001,2.4629550000000004,2.709250500000001,9.227024400000005,24.44775014406429,16.134362460000002,2.0856750750000006,2.313036,2.68686,2.5233119999999998,9.830375202776574,28.84640385570841,43.81899363063661,1.541585925,42.14740388063748,13.920366185373908,16.101760880836743,11.978834795302378,14.7272851915649,16.120103692227694,28.61959926604443
4.024617272309025,11.438258683834734,9.374806471408784,12.700320034150344,6.367555450781221,11.401159038291,37.63112553191189,23.84597573836669,26.44257654346069,43.63355895185257,38.21838583036218,37.118326826874174,89.66550190499842,16.495657856464476,22.591996078657722,48.7168368390389,26.65141300088356,45.06163531484573,30.758440325774774,24.4183050686401,23.188050031849546,25.71371515115413,25.19826682285066,22.16299603622744
6.196927182683049,11.534354061640803,14.01064794962106,10.843724102616225,13.31590507608613,18.923093689955227,47.1022319884604,51.66882653007713,50.69485105507299,45.35018699185788,40.549102424320594,49.77652333810487,35.781751434599634,31.4782257932886,19.13804386365681,24.672716087354793,34.8918563542106,51.30842879267365,23.310325573993204,17.263424100345247,23.89046260965053,29.03411547450294,32.60754803526879,47.31119151295731
35.01310821667747,9.19400475453682,11.682030447625593,4.929246671121635,10.445908288824116,12.213031831608577,10.20939280015634,22.76798706959159,16.86095645298499,9.769793096755253,8.329592294615779,6.894880928972581,11.374839564329648,9.686205867818725,15.438461544498946,33.355625645936755,13.229205787330386,24.531133562519617,22.45061149411392,26.735633558752664,41.28425217384923,64.49275828210284,60.705943229885136,3.8221622541043656
9.129676808849554,8.814764139368934,7.629027833137343,10.974457961231968,18.2789360273125,9.228510763909965,10.317153743878652,8.823465835021505,23.342256830589992,60.99508820363714,38.07408375678464,5.624368991187764,10.133824333057913,6.217446594369727,17.86102562005741,15.599719140940918,19.903875062299427,66.62929507584441,41.7098577349183,36.65431707073412,22.261940338612124,18.60912646627941,4.358340860270642,12.626339559562254
7.709191480588192,8.111410166531925,18.96445460026085,4.269122,7.709191480588193,4.269122,17.150402233528393,21.361150384392623,30.753425109663603,32.36171355869889,64.74382060922498,10.685836396670949,12.526714693154274,29.907361564088674,59.028003678324474,37.773325255740986,76.53376851407775,18.6829021574655,17.779089185566146,29.988686019244224,22.948946003445112,27.37424527119946,33.15492467208835,9.192831856513054
6.378937517620614,9.367108278181387,12.55466456457068,13.125331135687528,9.164042652783955,6.476050244570481,33.36320371957197,12.895843181581007,23.085422461832557,9.83131664622976,11.205816305567216,10.232784224254289,5.810289542591912,10.850870515523154,9.563904592351633,6.887779820557702,4.576077710159747,23.254791330474877,20.0298311708961,17.152918662613487,20.102636179230178,24.211537500352183,26.63167358995611,33.7693863265874
8.687472151622229,6.2948670272914455,7.717799297760025,10.052089703462896,9.138263366784452,10.052089703462896,8.976772703218314,4.298197634667926,14.03728831267324,22.11575859580974,92.21243175752969,9.969014581946674,6.591175363044431,6.174627197327337,7.061385328878894,17.2057737753496,29.67198421156014,7.763877496602483,3.649504536054864,5.866628041821679,9.417394529837912,22.691534965782488,27.42301305425444,2.52756
6.3565733225175824,7.635084283249278,11.43550638285761,8.247011472763614,6.1157752280520405,11.955302127532956,7.321360764118472,21.5983390833587,16.690549800097816,9.203606555204084,10.206898259079518,5.0956218122823165,8.966428165889571,7.899951824977152,7.954378261261104,7.076070144391228,4.994053117921242,8.308571007239044,43.91261965416718,37.92689700859866,15.891161979598328,5.510951041636857,20.11057334330384,4.242688166495622
30.791634360018325,97.9357229911887,7.449796133397125,6.936785684295776,8.886888640492963,9.77557750454226,11.220662874778943,19.306776365615526,15.099521509442626,4.684558256821187,3.0139560000000003,9.694787607810502,8.047084991930282,4.411719672719706,11.89219696996463,37.16879580172587,119.83066475303556,25.046519267814848,47.377927026505,25.924298680266396,23.72655060308619,21.273269767760045,61.95935676732943,37.23523005982654
8.24825273890164,5.063699069110549,6.750651138221099,9.073078012791802,8.248252738901638,4.286077660835245,15.8300264989697,22.6633019746354,17.89406674432788,2.717697825,7.746185180881539,8.998093896983605,21.71735121411533,31.72195456178074,19.611660234540427,2.762793000000001,5.162656373394343,7.263696998254383,29.211580570718684,36.39844284678005,15.490509155741329,19.09625358879278,6.814945655623817,4.988073790719173
4.17956,4.397624,4.397624,4.597516000000001,4.17956,4.597516000000001,5.2771488,3.00274128,8.220256335300492,3.5393273999999995,48.90848986239926,16.773397009169027,4.281984,3.8755919999999993,3.22966,18.70015742015807,22.864907624755755,55.982526255471655,34.61709639468273,23.089545803471044,13.531693460402389,16.63297727944594,2.022048,2.52756
3.657115,9.98108682494899,9.98108682494899,10.143320494732151,3.657115000000001,4.022826500000002,13.552218848537477,7.833449173006564,4.810976548097883,8.033050138283981,3.434508,10.348534799721714,4.289634907802328,8.059193909795713,7.330212149802881,8.53669270539214,2.620698826485485,3.877600557759111,3.788441112474648,3.896682287116781,1.2898138680000002,4.130415193975885,4.5893502155287615,5.4162266085554105
9.698112898634928,11.813728702046292,10.973208949472452,11.455451228607595,9.094109220839933,24.86160959952636,10.39413555587326,26.249010542151545,31.461260279043028,39.07260124596408,17.70027739449597,11.396183923295292,57.86638151091242,13.618999646901388,8.120206587344,7.75236849889029,9.426778241497887,12.160373621095282,21.11889480158001,25.24659558126126,36.02155661280016,22.85047649004873,20.861567754821305,13.310671724420562
10.701085966799734,10.692888639272326,7.236900800019319,10.192690909113264,11.466712462081883,10.4670899947595,7.278520901921051,28.747971037331663,13.113560803334076,3.41292285,10.76873866004212,9.198054147127564,21.314906042650566,38.212137952746744,21.773234796987907,14.759678989440058,25.207909810703303,31.096021280103702,25.6303197068076,29.684199538677763,29.48273687402929,29.465094898648086,36.3984755563435,43.72876595344584
3.2839400000000003,9.48464633307492,8.11433489373971,6.191010981294438,7.451498757647577,3.612334,11.3815755996899,5.727680786316939,3.10701121244289,6.971782979103728,9.119888890160253,10.224929304518088,6.833538033045768,8.35874541600066,6.965621180000548,7.813387089477393,16.297969208094816,30.55771633291548,12.70462973785066,18.204735792537587,5.542194036748679,1.8835312197059848,3.73100898194493,5.451355706087387
1.79124,7.124188121117076,7.1241881211170766,1.970364,6.77092259445011,1.970364,2.9324592,6.7424582343302335,14.394194298947356,28.83813410509364,6.358779480005323,16.92150805703741,4.154097064465448,16.81891660911923,10.115401499516047,19.454252231424796,48.78351614422915,22.502637870919,18.42695719762056,38.63626293492108,13.823509425116988,19.97737119534119,27.67236485400613,26.0537710230392
3.2839400000000003,9.116659888618557,6.028632313008435,6.5716937599596985,8.664594109017633,7.647824581763224,5.9991477453660735,2.359296720000001,5.869868663672672,7.337335829590839,8.13718403281656,9.185475187902655,4.617259644499974,7.623113429511263,7.3119351618582415,2.827044000000001,5.42324822187149,1.4651232631200002,1.3114914120000003,3.5592042959539647,3.823852168239914,10.576015020381242,1.588752,5.239853354465209
3.806385,4.004979000000001,4.324419000000002,4.1870235000000005,3.806385,4.1870235000000005,24.942392658785696,15.613941591618248,4.978196820000001,13.449384433766534,30.81780388520707,68.70429975141005,24.617699480114148,30.242237541567544,49.56510110418719,14.805580786182238,17.272899413944685,11.542378486957412,42.37971641898528,17.23739368045367,14.524314803763232,18.83720795100842,21.416149388287423,14.533885964845815
3.507845,12.419848495746487,12.57928990366092,12.720064098953438,15.83963818020965,9.72515780564376,16.417397395588758,10.995886232505269,20.58303808421644,23.34743049473792,12.220367972980926,19.25885297527173,16.66069506268287,11.15750553550475,8.34770368078316,10.596024287389971,7.264217788458388,11.20906041715532,11.902800430948922,21.967916099577373,25.77389021315754,28.865982845048624,24.10079181060625,25.6486547559395
11.538315428944944,10.967469026107638,6.130245718299832,11.701301809897572,11.493225152348346,7.585450573056839,26.172696940351862,20.411866237013204,13.812852730598488,9.551521093591068,6.373874376551222,12.538063802561831,7.284015523228028,7.880290007435707,24.076153689180856,52.490187816446166,53.08507663696253,33.747108204315744,36.97290350003965,30.607886742527263,23.22041745855492,54.97250519331446,15.4664534478093,2.948176400684939
4.648599634179765,8.525796256678763,6.719639534534808,11.098038847418724,7.109981137760802,10.278773948448263,16.36900744144177,16.512106730910528,24.66741805821188,25.468067364470425,29.02103874583633,17.278760544983577,10.336369634390703,6.1324782688162855,12.554612611467203,6.613524077066306,7.731032284562407,10.287951827009213,13.02363240574637,21.936892189934856,16.764985671857957,19.038289393382147,4.881063438462278,7.923438693674158
4.104925000000001,9.979935322277573,9.46531347479779,6.398465623732827,7.773200565713302,17.361149998551806,9.814510627318011,8.323072260895897,24.17320426121872,20.262791980388386,3.855060000000001,10.347340905141282,12.096171754637535,11.421162758853914,6.762451159773926,6.69171179135319,3.793846954754477,10.180140310346063,11.155649401921108,11.804683964564097,13.87201821945984,25.066482555977107,26.176336697935845,3.2218797583058425
23.054465900770275,9.763911824717663,3.4669287185919773,11.51448255963971,4.614971020129538,11.51448255963971,12.050011805238787,6.774965939219351,14.58163631177496,57.438269976983584,37.91343203639007,24.42943485948864,26.299376046760234,63.4777101220134,6.8050346255145735,24.39397374663835,19.996330862189343,11.481667879982348,13.473212005182424,13.639065205784076,7.249410561622193,16.345703305967035,21.01222615830755,44.408434143892535
3.507845,7.658079511634765,3.690863000000001,26.618485445409465,35.81479959644943,28.58220031308078,56.56071916925249,31.149084141158124,4.930744537851808,7.241902084917791,9.984476320885795,9.94429723585275,14.732574626395213,10.914135033419392,6.497230731111822,6.932450672720638,50.94571336648816,20.95654416271136,19.169299718034075,13.977764946316707,12.62571932033024,16.712945832873785,28.37589482782574,14.602731138072205
4.17956,7.501801633215422,4.397624,7.842792616543393,4.17956,22.99807703530625,46.52045262650884,47.28461437376802,65.00531803236808,39.74553873044002,33.88907156173725,47.25879124525729,29.80966718294047,6.719420918537661,7.988249333237867,19.628140598035092,49.61464021579498,23.11919890534083,27.044201535562653,42.09034801915298,24.08164351507196,26.79578117152867,34.01903291015911,42.26565146230201
7.0823780056675485,10.32576356364059,10.32576356364059,10.795116452896975,4.56488055198364,9.090964330403256,17.894578055851554,16.102729780258105,4.776442979208123,7.654497623819903,3.5595541103636026,21.23497514542069,13.284999311175584,10.664900955669724,10.403310479662979,13.174877976528466,36.03016229730282,28.92616608439884,13.949602835732293,19.925085623289363,15.203673066799398,20.09057284154512,17.021050383182548,15.94553412837859
4.104925000000001,10.148073378949494,10.148073378949494,4.515417500000001,9.644863128753649,10.609349441629014,33.20438724652771,24.64638900551717,4.657428233430555,18.1013197585005,23.36504912466516,23.169148411603896,13.562944255199165,8.943418537571564,4.144910518479462,71.48365553536335,30.8856112493621,27.1626775777358,63.7201877123915,30.84963590671806,24.233045754962426,21.201850897582265,35.61701268274533,5.223529852063877
6.266622773723751,6.593577005396297,4.004979000000001,4.1870235000000005,3.943064876317986,6.592589323196557,7.912292406475554,7.0123206101309234,19.34150480460288,9.67874729199019,22.7333519386008,13.05330155413279,5.439986780070521,4.289994130060068,3.162113652893098,39.34009178615431,2.553549329263515,3.595002708376582,12.702267787478997,25.210599071638555,18.97012708729242,28.890453969788688,40.87320784109636,47.15017776055763
4.03029,16.18444824040317,11.932662951744666,8.185949080682418,15.12924514836788,9.370276140260914,18.070810804875425,13.068257207056876,21.82540018873172,29.23515703524544,28.02895843638248,100.74664536867506,24.42091193826409,16.878131668591244,15.239862041682564,24.649550156739892,32.804689808478074,28.056895635758902,21.418784185973667,20.66904036415013,42.74013807900341,43.1986633935789,5.907532322598922,5.044471834736847
30.080143993175756,4.083508000000001,8.5554810331992,6.975842520094256,6.565370929019091,9.6825630401885,11.113898446129411,14.983050297663924,7.83292219047349,21.703656743674813,57.98010210558187,28.36698712898192,26.609424500298537,4.843326703454305,5.591808965529803,26.841154935558173,55.14509452616697,8.874315752887,6.823417821489352,14.463508754482516,15.782201399009322,16.26219028059772,27.09231692096808,25.468036255115702
8.006844597885106,4.234912101168782,7.726312859934637,3.940728000000001,8.006844597885106,4.914088211534726,8.712951310519028,9.351322858063195,3.176293836896359,5.656351869137256,7.519471448448622,8.734739561329205,3.670272,5.552981999999999,10.683100433171909,25.603884704717007,31.91811660499395,11.736655437837213,12.334115137712145,13.232231711894327,9.39654186401432,3.486300398826179,1.7331839999999998,2.16648
3.58248,3.7693920000000007,3.7693920000000007,3.940728000000001,3.5824800000000003,3.940728000000001,11.665713601056623,21.23753341432994,7.447390731034288,3.0337092,3.3644160000000003,3.90816,3.670272,3.321936,2.76828,3.4760880000000007,48.74970925228197,30.07576825576479,19.756944234455585,25.572335520202188,29.48076266685433,22.051254648547246,27.51536174523437,14.478478979443953
3.58248,3.7693920000000007,3.7693920000000007,3.940728000000001,3.5824800000000003,3.940728000000001,4.5232704,7.394083981131949,29.753984346542172,99.32768694947816,29.74039140702056,26.1211105853318,5.363646063581899,3.321936,2.76828,3.0840480000000006,18.45821537441774,17.316437203033296,19.38621108886596,12.664969984520429,12.891616417108215,15.814660975883289,32.145767633339915,22.168259913162004
3.1346700000000003,7.666302379829348,7.666302379829348,8.01477066982159,4.967173317695016,8.01477066982159,3.957861600000001,6.21545900920384,33.285418357695335,5.530857185683644,6.842650058029499,7.948532895690832,3.791472702847363,6.056333150184988,3.4429613912636525,4.972833867183876,4.560470748902615,30.203872524225588,13.42577311786404,23.230603786855493,16.466955554590346,17.80928213691456,25.478329678783577,20.77006351773255
25.86483855006433,14.613652309160956,5.674439120188108,9.415815701237776,11.84450122765204,7.332722074608098,14.662660337376964,7.264669553789288,23.71502919195767,8.813225202796682,19.070468487766483,16.90673250659196,8.556819117505869,7.279002064919683,7.3756765893093865,10.992145009605801,20.531029203745035,25.436236399432907,27.986661656415368,21.180023951746115,20.20848669134854,24.00475547833842,21.486231751747443,33.910909743804986
3.731750000000001,3.926450000000001,3.926450000000001,4.104925000000001,3.73175,14.177770941749634,4.711740000000002,4.1896602000000005,7.045773230758643,3.1601137500000003,3.5046000000000013,7.225290431024044,3.8232000000000004,8.144821831122877,9.596221852907062,5.142884294684297,10.698182278678642,7.517093917594177,17.427663741160405,20.021621429254687,11.018422670189738,22.20833237930789,20.713353762367863,24.354629464425013
3.507845,6.1330296440860295,10.95421141398456,12.286553708389995,5.555845710281184,13.104184020913712,9.921346680519832,16.11016662684751,22.96046061682024,59.940531143242495,37.3524199955207,62.126840597373686,33.99171164015963,11.837390495193445,16.31286669133769,62.56412957131074,12.799206292623056,21.446219572652478,14.74819980443978,24.832366937574548,14.34720063903128,34.7219010518697,8.920919823744208,5.40590135132624
8.846657548040767,6.61733614483884,6.61733614483884,9.219832548040769,7.684178559849682,5.127906509608155,11.169866747613217,45.631435798929225,10.941797989874075,24.303967169667573,28.08832623137449,38.628625345701685,39.19062102949772,53.95783999191964,17.018025665583462,90.62715657283971,32.602105636617964,14.023433214169492,33.60033501789412,26.100539127810183,2.546107372229587,27.89565780361777,17.833366297396985,9.52185733745666
4.03029,9.636529981372256,13.858208219480662,14.4881267749116,9.70220839956657,7.684318975178621,16.629849863376794,13.062989631844738,24.65991461581225,26.319967385132845,79.1660428802092,12.503519092000053,9.490690343231032,12.838841141853093,9.345685020703407,23.278266886286996,14.983544864777084,50.99081009207814,25.20831734536193,26.2680435739948,20.42391493100113,38.08963382607677,4.363567771262872,7.802317990651839
19.734709729262555,34.055444922700765,9.324660456027228,12.098606525227783,10.61028727637999,7.612056052524946,25.191901385988853,10.661804328661711,8.1936126914005,29.328487744324462,29.77803651050772,12.474343481557218,14.519118569200206,61.45421705728189,15.183958080177604,17.98825297057866,34.34564022284759,21.95099733794284,25.18387049901508,24.00964744858948,24.751611898149463,26.126714367669475,13.988135883405958,6.651407827379988
6.902242781352174,15.62273371427807,17.708275616337954,13.277658806531957,12.54038030919253,10.130906693393586,12.801730547254714,8.25179358590927,16.932881878600227,18.379640494047724,15.713297513653558,11.578108379672855,15.867838868645965,9.40289191243604,7.312692014326165,13.73292523737516,24.83174846274387,13.584789843137308,21.214205800067887,8.416750215178984,5.056062180897154,1.9597917404133511,6.687210563906946,8.979257168612111
2.53759,8.349639513346137,8.349639513346137,8.729168582134596,7.199514465312284,3.3311507801940548,35.78405813346921,35.64450584431008,76.68019604820068,31.1345469891172,5.609137057918615,14.69281578781638,13.66616745001033,12.39446010293945,53.44701504726378,13.069551427626717,30.29249882366025,19.298938415760936,19.405806989756083,19.44596294173198,21.391063291396662,31.51121858457023,37.06725327271626,36.41714487062147
8.690875842239135,13.154294309342816,7.6347924308920305,11.02128274640054,10.51588141155481,10.859937241969895,14.125236220127546,8.75079009453797,14.480325683832389,8.926939317038396,5.415596422191833,22.23763765319612,9.344957866833555,7.6171589877948325,8.12590836347417,10.762604434916849,3.365968168596804,41.768570278010216,47.63425517932105,40.80852058638664,22.90294697582913,18.23290253304337,18.803460417305967,19.55838239905668
3.88102,4.083508000000001,4.083508000000001,4.269122,3.88102,4.269122,28.51965736614718,30.94197490813952,22.600763819267478,3.2865183,3.644784000000001,8.140502979468037,3.9761279999999997,3.5987639999999996,2.99897,56.40618994100954,25.83050674226837,21.873196759160308,15.734827392483869,22.052397745243876,19.784383645028303,28.33699982532881,30.92100018969681,35.08355845939587
3.806385,4.004979000000001,4.004979000000001,4.1870235000000005,3.806385,4.1870235000000005,4.8059748,2.7346393800000004,2.57865282,3.2233160249999995,3.574692,4.15242,3.899664,8.253436933052907,10.024806087406985,22.513107404644096,20.477389153357432,7.320937353104236,19.422406138669352,23.57875171094761,18.017998231150173,36.38698647843826,9.553473852268072,19.983397737901523
12.90254978624048,8.27772851856076,6.177307867749005,5.726129816757742,8.089070148350539,9.34343076490746,34.71616413696824,7.041571830011324,10.983347861561384,6.849971675625932,13.07692595801829,19.3163942473386,8.628409328519622,8.284179838294387,43.6942112622284,8.269903557447735,16.633114554351934,19.19358487958728,48.36358318896951,37.85545363396588,25.578760581901616,24.5663707241134,24.750174014729087,25.107626409175182
4.104925000000001,9.798429111599908,9.798429111599908,10.243812253036264,4.104925000000001,10.243812253036264,15.281345181446545,30.172282408996782,28.719022167225468,7.886042242729982,8.078799142375283,13.359750706182275,170.286324389993,117.66437325363303,13.538819658768166,8.016896545854468,10.25950239440443,15.668490889025511,16.12640258057076,3.825371508170994,22.10750774014717,32.29303499985666,27.717543014925795,35.19822115701792
6.572660025981792,12.75061251635002,10.708773572704478,13.89851542872896,15.923734052099029,15.968077395150877,24.156469914570348,24.06175615020837,14.716946660807867,13.387158875444864,31.04631933840952,27.97961834627899,12.210130718329905,22.744895283005746,19.265930871770642,7.9590522426315555,18.294541624602424,26.38900786582871,27.326053567539542,29.954006863677304,25.897445928742105,31.5370437158739,6.472734329331501,10.332710816417505
5.047218805629319,6.851711921411263,8.613037590789126,5.3217674453076445,6.721206012062825,9.004539299461358,15.670826005801317,21.18203720668403,30.966089035972765,37.19714644569662,41.87772926294263,8.930121619300518,26.54998257696498,94.38628201380793,11.571248281720182,13.553430677225824,15.762747790198006,12.204627910662758,15.522644372721906,14.865189694580607,12.69430107839064,15.748040986186584,2.6442829657149955,6.207646550047417
7.569184741446531,7.964098727956787,4.083508000000001,8.326103215591184,7.569184741446531,7.514706972472948,44.11144100786864,46.85341966176725,24.276921476617787,37.03428013002984,27.24771431816612,33.1436893821462,37.518924809492546,14.477965024450043,4.423942741013431,34.08944640761189,24.626359855361518,21.211030191522426,29.200010744561254,36.06778351297837,25.94348687414583,26.51428237917051,16.68946394446021,26.94718037478317
3.538205,7.484786342792012,3.3767470000000013,7.825003903828011,7.113639912570918,3.5302355000000003,6.270437645107688,3.708181342072215,2.1741582600000005,6.023959616872555,6.680635743979646,3.50106,7.2879662661596125,18.59208238056741,9.111961497595555,10.160490634427115,15.932727916427469,11.692521240291,18.921980142765083,11.546653060917809,12.682081124142544,19.936949522274105,17.06769277952876,21.594458316562765
34.089606662068874,30.123165027827294,27.33921124549364,8.735146604222432,25.930417877948504,50.50850570608856,45.04756475716801,27.131314586413,27.13817656457316,26.40203434176835,2.8036800000000004,3.2568,3.05856,2.76828,14.844823319753768,23.180562249471375,50.8194900537515,19.745245498280536,12.571423281894,12.03454312619703,14.504328503743192,23.44899091374465,11.129351541320208,1.8054
5.004047917280551,6.385261725455161,5.125112047273018,4.1870235000000005,6.334784492036716,6.382738848347676,10.689322027637145,12.183958225824272,2.57865282,5.2517214930851495,5.824215392457383,4.15242,9.37074644611631,14.559846792795547,19.16897928945432,19.079445361337246,24.63591403977413,44.22306801058957,22.303311309047047,24.46965385304204,25.10873806210672,51.47851971700163,3.000353383993197,3.750441729991496
2.68686,5.088505654053232,2.827044000000001,5.319801365601105,4.836183059637368,2.955546,23.771238784863883,19.89481935983193,1.82022552,4.095367745502007,4.541806699485528,5.275836065058946,4.954698217620576,22.795636390259443,14.046411775134175,33.53599629159215,30.412753253969456,28.68625023427493,18.89966694725073,20.602478303681053,14.038862784033997,20.353520327702885,15.227708821031277,18.68368630668452
3.2839400000000003,3.455276000000001,3.455276000000001,3.612334,3.28394,3.612334,4.146331200000001,7.360675402155217,2.22472008,2.7809001,3.084048000000001,11.769706101765248,15.382629722194533,13.22266349380773,16.278915003181606,20.317104971004134,16.03946438316586,7.463729131802311,1.3114914120000003,4.560283411200002,10.044891850651869,19.17901834576833,25.35742733882359,33.04511465611542
19.69057895138191,17.371658270652123,3.455276000000001,3.612334,3.28394,3.612334,13.446270001552898,38.91667833735066,21.4667148449178,2.7809001,14.407780526830791,20.64749668157893,21.236687529347577,77.68449358749612,8.589713899286263,13.241597545973494,50.40396391561856,17.43941102239818,14.819568573855747,11.925967228335464,26.228346721691366,12.835604925171324,5.231231505351872,4.841854180636773
6.717795645403197,9.142660978596645,7.292126390545939,14.054270100487953,12.776609182261774,13.4483887468021,8.526714609359509,4.741805341559577,14.45036140647064,5.688751494266434,11.99890253638497,13.938119107921931,7.673123447952955,8.01682904694289,9.447215235356843,8.10714317520869,10.425758545979017,35.377404130290145,13.496739172566867,2.9634109790929566,3.826223397159661,14.78980226112143,14.660287929313458,11.993699757888152
9.562727808200432,11.406133512643663,7.1118448686619695,12.204947767264755,12.624608736113531,12.203035099372686,6.927423142317318,8.79008754168938,16.04252920984022,15.827875972778411,11.856154291306622,10.15403003167979,71.65412026858505,115.81842744178331,8.927279863311233,8.079838359463368,57.9799177001057,28.401823011363245,23.19255357725232,25.16202506336633,13.69214363692013,16.30378198048991,48.80803401445165,31.05908956486616
3.657115,5.947216983753894,7.259276973600079,10.05830245329244,3.657115000000001,10.05830245329244,11.672957946387845,6.664730042221514,7.549903685050583,3.5193041008821866,9.558762589062963,9.975175986736302,8.622766421693258,73.11446560264332,9.39169350944984,21.32472021372983,34.412713196453325,23.58746603872064,25.00042912803848,11.11993705471886,23.977119017155104,25.94390269481347,31.63508087739362,12.197328883505694
5.92260926293475,12.386275839934491,12.34919487749198,11.922102444500858,6.41593731074107,13.62761096396161,9.803967901142665,27.129307680427427,41.63011476774587,51.63341598944271,37.06447910812557,22.16537638427172,11.555148597256336,11.561372175887525,67.5128041227936,8.435461279120853,18.72030913391161,26.620832022623077,22.23365759448527,51.79539065764305,34.35558597035398,27.81011811758051,66.62192704674564,7.417420885005904
13.20272932876221,17.491031226636,16.20013602378615,15.813292353861172,13.88687565624874,18.34402531925868,13.60625538610753,29.56335040106698,67.65261529558802,172.41292621776446,58.63518064470465,18.13495348817256,15.495790478545224,12.93363582751598,11.40415549138119,31.78825671844432,45.297514791315855,59.00747253216074,33.9545806836633,39.95412855602447,49.26327657161585,50.77538069621804,40.91634401451726,8.693617427742579
3.1346700000000003,9.986196527456142,9.986196527456142,7.261942937144411,5.73499222987119,10.440114551431416,11.98343583294737,20.285882200863146,26.31279673553918,41.963039369119805,70.4312953768685,28.208361632365712,9.29379696823872,15.314438277436514,11.561170177865632,13.150846793836688,19.53338918257497,15.779843699322972,13.638962445341653,19.734093340993574,16.178030724440614,9.880259389393135,4.59169968054332,5.73962460067915
3.806385,6.47236388424877,6.617504171557521,6.918299815719225,5.461703979223773,6.969587151662714,45.11219642017917,3.3292587454933398,3.7000561866523234,9.864435856720725,18.797307375225337,5.055321261394784,97.7990922259461,97.08626852673555,9.017483215992167,9.13649808717917,41.74713943277628,22.168554056481387,43.08509207331468,46.08679252911082,24.23917695475487,35.75971025055019,24.179116313646528,15.37896883989628
9.665163184492288,10.169432568031018,6.72828744808117,6.259492690958228,9.66516318449229,10.63167950294152,9.386861031892716,11.573443272810932,16.53148754959646,8.055372476888756,8.544613008612762,6.422122266267691,9.902016985851388,6.414441129221842,7.704442696942535,5.268270170763946,5.285173173374098,6.549627687512088,14.68976057593143,14.637738716537038,13.064275058182217,14.204380631714752,10.08496176875127,1.7623066339274736
3.358575,7.962058434403861,3.533805,8.323970181422217,7.567245619474742,8.216313995579796,5.448271482110144,22.059231771205948,15.640221747341467,23.62531757820849,12.975350668724106,8.046482628543947,3.440879999999999,7.016900483512942,7.143853380493869,9.99076910971049,19.34804160632872,26.0133085782537,21.946143237851224,26.888585504551237,26.213678829882788,22.33615623790692,19.933125403273166,21.075726843780583
9.047706035270728,9.5197602631979,3.847921000000001,9.9524766387978,4.392195595718736,8.874358431743655,11.423712315837475,6.500186718557108,2.4775291800000003,7.661761974413345,6.886190797287975,6.395298313261315,8.265302570995166,13.52105373824007,10.042864530693663,10.891388502068436,5.663041459348995,1.6316145430200002,2.830497429243598,2.206811291782422,5.988763598260734,32.900530542692486,18.96558422046025,12.770250239905115
6.293075703729487,4.891798686282645,6.003691730418592,6.922383274102438,6.293075703729488,6.922383274102438,8.999844105926277,68.27298087944477,37.69218218964564,143.31229019976857,57.68420218646872,55.386515638773545,33.99815313799768,35.91333760404134,44.851503538534296,19.76467557620682,53.48143338948264,56.917242721837006,48.69454020719448,48.42592226532571,28.41992844437248,26.47160539393941,11.594835910207044,9.4376933941889
30.859654519474457,9.974084305897003,4.397624,4.597516000000001,4.17956,4.597516000000001,45.55675923580931,52.20869423282914,48.48909941542206,22.67102762682308,20.565433743836955,26.45111009006774,14.282541324289332,27.65471156472764,22.87428495643102,22.385017018142392,19.99201187651739,12.854055309010109,14.999628565776348,22.331349235474253,17.06469140487033,4.889916390684193,16.49864341674318,2.52756
4.245683499724287,6.688733743184517,6.98493858608258,7.302435794540877,6.638577995037161,6.83793274545073,5.53835981147768,24.80878822540475,32.51921053172937,26.79438531214684,3.855060000000001,6.934975631551186,5.359183340032731,5.1116001792615675,4.150898884446175,12.831260154352082,47.933323883597886,25.56477536616811,38.49428890931559,20.454587454117988,23.221435870998302,26.099455667322573,33.80568227188033,32.324685406413394
3.955655,8.198190824934034,4.162037,4.3512205,7.791668965846395,8.570835862431036,4.994444400000001,60.31345319537044,34.79340482260206,29.0344790372672,16.99803212692535,19.315144712449754,7.982611051175438,3.667970999999999,6.0208351099722135,13.916568330337238,47.12009259250435,41.14548288625134,32.81992058699909,5.609464231959585,22.63500769120044,29.61494804756623,18.609250546006432,3.2040860192532583
8.86006,3.1411600000000006,3.1411600000000006,3.28394,2.9854,20.966501307041767,77.48010473938201,94.31474875215102,41.87074167983055,41.47369362479001,26.35411458746232,32.25285062125094,9.655158770068262,7.360520890486574,6.617634573352038,11.642328291474856,26.015143038182757,15.812729374102172,14.2944525728774,27.49833689789518,15.998750997776298,18.451123237703623,1.44432,1.8054
18.228078968426438,48.18842063704065,37.49758593288495,15.86238415502319,8.261781838852688,11.86356882900984,10.489937412816026,28.78014629215137,31.83948469467405,49.01529216933979,44.72193414012013,63.40026380501724,3.996415776099525,11.896826858586934,7.789574811440114,7.7177103957699575,12.79359000215666,20.87669937827776,19.77800110868009,18.14436364520151,16.994814616834603,17.589003362980456,21.8684624381792,4.584052708637799
8.605164246596097,11.790825767742298,10.413784766545158,8.013929680167145,8.455156838703134,12.521582393548766,31.239104507969383,6.667389444934811,7.591661807993833,6.788221794233314,110.99394617679668,18.37967679720089,10.233931552451704,13.18200542787466,11.915891451796421,21.802555036992707,23.558137720125597,42.44595817703608,42.38746340406045,8.65728919069662,2.799275634494428,3.5520704201516984,4.652487531954179,6.07776478295736
4.104925000000001,4.319095000000002,4.319095000000002,4.515417500000001,4.104925000000001,4.515417500000001,5.182914000000001,22.24140917862521,12.818525754192452,21.277412104186883,32.26095808708841,19.919351891796406,4.20552,3.806385,9.700929333890857,5.207319312124448,22.38728860733885,41.88578461564694,30.89525394784073,23.08341567321592,17.24509474655347,23.17837584960224,5.839523231666759,2.482425
6.710690108782187,7.0608130709795205,4.004979000000001,7.381759119660407,6.9636901087821865,21.647859990681496,4.8059748,4.821193189457254,36.17879913152627,29.357163117909256,31.234532057264737,29.387761790752325,26.25991736069059,30.222066270714325,23.118467836818297,34.3162710020029,53.53664090655153,18.83364362599825,22.336642305054877,11.325704578240464,1.342459332,1.938374548075052,3.01241361697938,3.7655170212242246
10.280210687521548,6.027067795250166,9.742572304500433,13.318015350839822,10.68651495999036,9.30534922268702,35.256718808160606,53.53326845617556,7.904266348924746,5.165594209091933,14.614179561781464,9.214757455267584,9.993190537258624,11.226756742030258,7.658923891792912,7.72451012444386,5.533423106311491,10.31178508758349,11.494464945398274,28.319897513558946,37.41415859465084,39.06872485358471,43.82077140176876,40.072338934194896
27.92726548575125,35.95179490475765,9.905841107353854,7.361008357089026,9.735246905776886,6.832010880907521,14.518196775570887,30.603795577622183,32.59525665159881,63.98718451899994,28.06041161456,9.920768556805852,12.782705112890751,5.536153374241408,7.399473298178443,5.760789149026195,84.0466388266509,18.889153923039547,19.21536786297337,25.74950688595055,42.33151062984143,29.58596257582896,32.529540358352456,11.153656835198868
3.060035,8.910473803953533,3.2196890000000007,9.045065484110651,3.060035,9.315495340496874,13.02472303900395,21.14285331901838,10.573908448709314,2.591293275,7.953150172123814,9.238507775699375,8.676163824135068,10.858203980114732,6.543943007787059,18.437813607624662,36.7176245002054,19.65502698107289,18.362518311413037,3.4787078852869566,3.8559761430896273,20.46522028664725,23.035068164544573,8.037494758899497
4.927175,6.804911262931256,4.61154397210956,6.808483304040864,6.606451331680941,4.515417500000001,7.783901215923094,18.76402377841003,23.68359476645781,13.533413876543232,21.06749438444572,72.8533921443615,8.372544855783216,21.201910825487317,11.251937788131924,38.51022270547653,57.82580889678184,62.38086697129928,33.26253411249698,48.14338609335756,33.8878611754281,49.73193610461282,44.795638057931576,39.799094848236905
10.544631127347516,7.836637309044419,6.158358856553571,10.31347164937436,8.920428246969077,5.802342820567652,13.31374295383356,7.575629771664794,17.240622563316872,18.295629921021987,12.607658722281233,11.503233957106376,8.330489583360912,4.871927408155184,8.148124052950351,8.950440484208679,8.052381587642534,8.618822450168166,10.570798120188904,5.044588534227602,11.376321587220676,12.558582299227773,12.236189006059794,4.769514716048743
6.736727779379587,8.836451527768437,13.33108006236344,14.33557637140662,11.817724344879784,8.646015611862223,16.496488455554996,23.94840362663998,30.43402811168642,40.16952520680455,39.74490122074779,34.910787082076766,28.216525655056284,31.907498100743833,18.452777618443132,15.339214040646075,16.09542034143763,4.231804140611613,11.577433527357684,25.04288632390056,21.52669727272685,26.099942425111287,28.8227083156271,33.02158153371037
7.15231,4.162037,4.162037,4.3512205,3.955655,4.3512205,4.994444400000001,11.929107520759874,21.056718213957662,21.75854715301717,19.038814850118587,16.319795027915525,68.05613553782327,19.615198772154226,11.975628209592362,16.263862629879117,19.065511049329096,19.0294676348716,11.294046943793036,10.5717184128475,1.503144924014466,37.275011538892215,23.478503385658467,27.47642281369622
3.88102,6.470354483709132,6.709039132080047,9.758868912531003,8.871699011391822,6.764461505695909,8.050846958496056,21.55645481439556,42.35171353345253,82.22396996358515,83.53326824397486,44.65037479766126,29.844881922792602,79.66020716096432,30.26007290081115,30.21238078560886,8.955313513340988,3.148424785234643,18.256194746312016,33.57204922514266,31.93956969235125,32.14748473268968,34.541955555215274,16.142396691980263
3.955655,8.926371206381653,8.926371206381653,4.3512205,8.4837412292057,8.652902417745418,5.51418994978709,7.000199505712828,11.18234420699936,5.441247346490137,6.420989193106332,8.356857626067896,8.691643188182283,7.8667418670816485,5.283263414361481,4.999976845937662,4.923572987287371,12.725357435275576,22.1593045711656,6.39425261109847,2.556554520750364,15.886745478779403,4.104387061086078,5.130483826357597
3.731750000000001,6.380634639924565,5.0171987288553614,5.387794243596932,6.064239533812602,6.670663487193862,11.234489567909476,22.231387673085354,19.25845134313378,5.2671158105860005,19.4731007688944,20.20477319148108,34.02399619557879,5.623203931353501,2.883625,26.741866261939528,45.49191279548915,23.812251372194893,14.018072510521868,5.4078473716092885,16.279056742037586,24.459317384666665,34.14322191403213,9.481212010866724
10.349837982402631,11.401806208053824,11.401806208053824,10.643875888399537,5.071738816819841,8.98209733370767,13.682167449664592,4.729058587658994,47.70820277570703,24.9934065605245,17.71925371615356,9.26895914460266,9.772363234736503,21.72739662478149,27.944174495768998,14.571744966041804,5.935425834982955,4.058234714877237,5.482793906036925,4.213054381785959,2.4579305954425696,3.6395931314934575,39.11718680276103,5.268987504887186
20.07573861906695,6.087740639744654,8.329928711153011,10.711079551914295,4.117104438457218,11.48442344093295,7.48269102093368,14.701953118409207,13.098849610990635,9.01656465251768,26.830872943286632,39.401344558200485,8.11088475556296,13.632456736391607,6.606510238587853,16.89188969297126,6.85277372115508,15.605694505589588,21.206488964347447,31.54431813625697,35.449818418457724,27.64179657543092,36.70441143446972,42.93670471810411
6.418255537880776,9.615555535054495,12.049581579259485,5.773874032089394,8.922554725927714,12.173179234250712,21.53089933860181,74.10258572997095,46.70475281792733,16.66769951016692,10.181793895586074,9.62428670245266,8.113713598353154,10.168690322245777,7.558310457063849,6.043310399702484,17.462172358859434,46.79601891597811,34.90905622942606,36.80205627233983,36.30421267535758,24.704276525406744,46.14490129149602,6.19957050903833
6.119044460299735,11.47784689663823,4.340608876077942,13.011739345565015,9.068384490213916,13.011739345565015,12.31366654375032,14.55936218949288,5.440120766856752,10.016888595366783,5.746580884455404,75.93946434996427,64.95559236746666,10.727912271467275,55.55347396205746,10.01327523715577,10.665814734398168,15.210458604313764,21.1249484043936,15.367749356069464,16.92408930643088,6.118241945668807,4.71823436311996,6.682558361735676
12.268884724838497,16.272539892066845,16.94627675195655,10.414042817380317,17.88190181747491,15.949044315063418,19.79231477067279,9.223710661511443,17.81195801493953,32.72210206351915,23.53198797009241,62.80042378426898,47.918430615485114,21.893292200316296,62.829965717068305,31.926783931528963,32.174570471476386,27.205962136291635,23.283947110033225,21.967684782644625,18.76308608233221,27.38583163754703,16.99534398052008,9.739971236098238
4.97145,7.250626810628188,6.419582607971143,6.190090453939502,5.943289117814621,6.885145605252665,8.501301564116137,2.8900476000000004,4.6684013254486425,4.666049524441857,7.147207569370536,11.212066708393314,10.785985643980672,13.824140237009457,7.68209783029308,13.284232009516774,26.88414483757023,18.523141376920957,22.65655782121245,27.39995255407058,7.783943100246688,18.17117693980822,14.201528149127755,14.189577860195843
2.9854,8.682587481317492,3.1411600000000006,9.077250548650104,8.252045953318275,4.073936892997741,9.210066254384447,10.509009640549184,5.590386040375253,28.338721852716027,11.152292194996232,5.868359976852037,8.45427000434821,11.178867419087263,18.235055650639016,18.900318141233136,18.971513225442127,15.641847641280576,15.751325811946284,20.19211436380512,16.870641730877946,20.61660747553669,18.86242779110077,16.60756685055346
9.02367860500732,7.64107732683099,7.872752564461775,7.7461930932547585,9.02367860500732,10.050856814256225,22.14325090704025,8.080984258319548,7.912790087683142,3.5393273999999995,8.47441121165905,10.313404912576225,32.079020544511856,20.419372704445244,11.84894981620083,7.578657810201668,5.648002472315945,1.8647023348800005,1.845041113432546,11.91215641845171,13.870299027427633,16.627382068290554,14.633760667276976,5.457007219628933
6.371235006364832,12.984175952112864,13.968767882262467,9.897502213979296,11.613712087470672,13.097830875742648,18.941021635647346,21.501053290943823,30.97605280501311,16.83473705000349,21.954124487196243,18.028375270594427,9.65770348561124,17.09709888471304,18.677510014497074,12.039271754350278,22.963521654956708,24.40541382138553,15.923615214487,18.6198577743097,15.788793656513503,16.26019839077609,25.661705920227,29.85668605318073
9.196546370504718,3.7693920000000007,9.67636618113975,10.116201007555192,9.19654637050472,5.0635412741009445,10.00064645887504,12.973765488317282,8.141639815238529,6.74689091289626,8.636756591430519,4.752504656292229,16.749690922149483,8.527706634468009,3.9223620531536683,28.983031736882683,57.15602306323652,20.02421239219775,48.926401979766965,16.8042819788073,17.826184458191104,22.671642719217463,31.013140388649106,4.181480172931617
3.9424799073339134,9.852991223896266,10.453498246285896,10.928657257480708,9.935142961346097,9.673051665211489,8.220547334337766,5.988386472304271,14.139094760999525,8.413259698630808,9.330395128916336,10.838337776013924,7.547390512855158,5.508031767131575,7.677155924676529,14.137414421919393,17.205959941080238,11.137215511083268,18.29585002567004,20.021107990453373,36.9737595907328,27.04827772100392,30.34100630790688,5.145346715318218
4.104925000000001,15.015746561729111,15.015746561729111,15.69828049635316,8.611392543207145,10.429878763884036,18.03806227407493,28.87776095681421,20.614532184608965,40.02225803612313,10.997072140596355,8.800107361167976,11.721657467793674,11.658815706148493,7.9827933127286395,12.28561082323291,17.309957879481022,16.40098782096308,18.91815447513837,18.92988296089456,9.306586709297935,17.917226746764523,6.9043102147094,8.27294012244906
3.88102,6.530922330215382,6.530922330215382,6.82778243613426,6.2070749419402365,6.82778243613426,4.900209600000001,16.621107595248954,11.620135625987087,3.2865183,5.829252988952572,6.771354482116621,5.035264479492156,6.115132528098983,4.696520197527092,3.8972825295944054,5.595298634114411,43.97384452726797,2.375673673824072,5.370402054401393,11.9540589712941,26.71020284483844,19.71335527937661,22.257783364808965
7.399377101157717,27.4767354776259,35.56345282844644,8.13931481127349,5.973330031117079,6.368553629472416,13.51811999231397,5.315969879110005,7.573275679856296,3.746960253347367,10.241037405989657,12.761500111856735,10.727393741840425,8.31070767938928,4.162796556957705,8.94966376010559,20.41407119471779,15.685337007754365,16.958069034802893,20.556774666994382,13.783548293162134,23.595314041707567,9.15670595438358,7.07430984461623
22.42914990957909,3.533805,3.533805,3.694432500000001,3.358575,3.694432500000001,4.240566,12.10548694003567,14.433771881417774,2.844102375,4.967089714681255,3.834090292887068,4.678315948335472,10.087369693874628,12.956970633195661,23.195247825514453,26.573409862523235,27.54076827904136,18.76910229255984,22.212469553769598,21.88505364888643,19.058005548976023,37.30889419935702,30.947402891313587
23.16164627239354,3.690863000000001,6.068440748596037,6.344278964441311,7.575271396358507,8.82992842888262,10.135222196630489,16.9262787204147,63.3559466884583,68.61719262979362,6.265313715600997,5.305804144130367,33.4762685112424,22.151177086606378,6.202842284752253,12.306260062441307,37.65444266453037,49.21803624116245,19.34408465832157,22.683682116029384,16.881942091856132,20.810117058362312,52.47740930850649,34.8809465389806
9.29945256243987,5.379220134496492,8.229786830388774,10.229397818683855,9.29945256243987,10.229397818683855,11.509344645583154,3.849929874566281,14.075692700526124,20.854128768535805,22.962146219888584,88.89539352685891,20.255673925319712,56.08712167676664,12.360024869096966,6.309410708119235,4.279045445077611,7.9018211992650045,11.571358795525036,15.100980474641364,16.873660497153928,19.9093337849878,33.91458241232155,43.5691999803044
6.728594434830499,13.214791819995591,7.386408549989049,8.684255937740826,11.684875118981342,11.32453332685002,13.905588133334511,56.440507583976,27.29923450103377,8.373208285623377,29.02680967420545,35.59644103134418,33.83018024002505,18.50605758716274,29.9879720967092,17.235343295418534,23.57202454758551,24.14405692679473,20.72637896519977,28.1789699450509,25.21490019299241,33.608803122258834,44.36306671809577,43.44542938140536
3.507845,9.497339717743683,9.497339717743683,9.929036977641127,3.5078450000000005,9.929036977641127,11.39680766129242,19.973913739609536,25.666862012626147,26.423689822251127,24.09391581763386,7.384153848655204,9.247597501274091,8.369931997680945,6.974943331400789,6.043003886097953,8.056393070116256,19.66880702211562,14.257237497843878,20.895149189994903,13.578825328021312,1.855031200642021,3.881494670946808,19.819447625001864
5.388005740025233,5.432165620893701,11.280040632220595,11.792769751866986,2.910765,11.443769904776822,3.875452764416965,7.702123611851782,7.26278679263742,6.660433723788191,5.415231093846949,19.95271542401997,8.057991650707828,43.27434561715379,8.284177098418954,2.505789000000001,6.710183449719353,14.251095552674174,15.85986707828054,18.95008046762918,42.21057760096354,22.07718090062146,45.43554773445713,16.359565867545797
7.275358029168234,13.250307851709769,11.681432593330504,18.423469360395757,13.547498542287922,11.67668221704646,16.3276585770018,9.863259496333711,8.425771634538474,8.233250329816578,15.729127991484129,14.721451513965263,12.745126279966122,12.584880742955837,9.838947606711766,8.01978337881793,6.880246664227145,7.472358189274405,16.633420398783503,20.4939548425376,19.028295111771488,17.756166275860117,13.88209800357436,20.65445763789853
10.409086357003249,9.535280431080862,3.7693920000000007,9.968702268857264,6.571558149846578,6.6807163040260304,10.813330506633664,41.6822619881972,18.15562565800821,11.260853005058657,60.928075996023416,9.886316299693153,3.670272,20.77741817579362,16.401246398981836,23.385811500362422,68.1652207448175,13.394632078554045,16.843914122296006,26.55801024174205,13.696764964517085,50.128200600082906,12.037570637904686,20.53631701666201
8.01350151099097,8.431597241999198,6.823235801363089,4.971494453297291,7.576756373628152,3.770445325549548,11.387286482180944,13.965276236133256,20.08398807656111,12.357370558052896,3.0139560000000003,6.35975544455661,5.301467921818135,7.430701401100717,6.1922511675839305,9.846650109756158,24.301489598815515,27.061715740809365,15.803983368056254,14.567516212893617,12.371737090317296,19.557863430473382,18.89433564998513,17.85968930883558
7.811074310955012,20.157041875603465,11.56986227969326,12.160610143809452,32.48253237252933,24.91088153306721,29.046756197261715,14.518422555530549,22.59968588031304,13.30805111468398,13.716864926712562,11.376578083390564,14.374877901572571,10.688284529586758,7.450857797325739,18.88274106990246,24.38793800606712,22.53872374547066,15.05304817979796,17.739670929527048,13.16190240988602,21.337594516068624,16.992741227341153,5.067168683042203
3.955655,9.498943227733417,13.130826357562684,8.148189226639689,9.890868687371356,12.397296854667504,59.41698177694956,42.26598637248207,54.29051117115707,50.97620071134869,32.68067941689475,38.9575159838311,81.66832685975592,19.391941321647366,30.875868691082623,41.37980601526758,39.383521403677136,35.2130590702113,35.08426515819378,25.2466766213906,27.97016398975495,31.23848665563239,31.010137229282183,25.128005107190564
20.14295644018978,10.526168352110616,14.802121159081691,13.444780703456429,11.77774563622607,14.68728061268046,9.05743293303664,54.09157311352817,43.41584219225176,8.224517133631423,12.09812742245159,15.533806313588356,14.23680522801475,9.979133209143521,9.647434977759612,13.458465598376309,19.35563464811625,16.695771931366345,20.662945616171584,18.32067225990965,11.956076942707549,11.627880297294055,21.346939787442768,7.404962877001127
36.07004009366305,27.896968014745767,6.579440473722009,6.678606727091164,12.352254507945784,27.379136105194014,10.41927353693282,11.071401617348478,24.939470105145933,22.07146951666772,23.257780305028927,29.23622232733339,57.86000656157833,31.846001698517192,32.34152332841373,22.73399705869669,5.165114140185938,1.89800059086,11.747105876208286,47.64273700219516,37.10983338449845,22.73500671813452,21.65430863072823,15.3673549238003
4.868985,4.083508000000001,4.083508000000001,4.269122,3.88102,4.269122,4.900209600000001,2.78825976,4.37767140239835,3.2865183,3.644784000000001,4.23384,11.266865098750767,5.656005829302198,5.5209199999999985,5.311556950718161,18.046961864333436,22.44769019879253,22.91131476739296,31.913742617335625,41.27898311165097,25.07512555553309,22.972074770279004,2.34702
9.01194377752083,9.37565214852192,9.37565214852192,8.145903833140625,7.405367121036932,7.909344644264584,15.131964153922716,20.94386510791147,23.278841759402404,41.52206451227881,28.04073222200389,22.40697726822956,21.199380348238893,13.399967739136564,9.93960731217575,10.153799753881035,7.391992925718758,8.280528516072234,18.040672983688676,14.08132685562124,11.179559714369065,22.396224478171067,8.028592801173412,5.388710663876234
17.213345880404326,13.280394933780428,10.634672070850677,10.563198981530393,11.10452651189542,15.095148553113438,19.682020379279155,15.655940515729194,32.8793732271535,34.0747622794808,20.612285572885984,12.349626717639548,14.360662239897376,32.781612054327596,22.949933218949983,10.769057413618153,9.42904097244304,17.144469111991818,40.98442218481335,33.04852266361327,31.05435556990013,30.3704705396878,36.85279801944642,43.16256897915584
7.748125,3.926450000000001,4.4578630955867125,4.104925000000001,3.73175,4.104925000000001,4.711740000000002,2.6810190000000005,2.5280910000000003,3.1601137500000003,3.5046000000000013,4.071,3.9610058562966555,4.507352487777696,2.883625,3.212550000000001,3.7946801049562113,1.747499065328107,5.473301791072921,20.299664373869152,7.249976432757302,8.836462594214822,19.060440852538104,2.25675
16.02491677696183,7.390205650612328,6.068151712806195,9.496817940058364,6.858280930172575,4.8438115,5.559853200000001,6.574417947479978,6.893850604426997,8.894020554952064,8.195190092784978,16.31172360122307,12.025212075857427,14.279678565577909,85.5986243955742,82.48267577587809,32.569755569981105,47.74241843619304,50.047817747788905,22.329408262291278,19.344869178518422,25.867828966047345,9.801885876715486,6.128246364524539
23.5466600359441,83.05835646909046,17.74627474630059,10.277481053112282,9.20267047556076,12.233937047552008,31.237816125516005,45.97800045089056,31.68340736639641,23.193903194246484,35.22164766277675,22.52979609922609,8.663033593893873,10.312905610333095,9.486524567808045,8.563564932698524,18.33867851541752,24.803778543379643,5.179618941709412,14.291278519630076,10.714409907961224,21.94714988700477,6.274635028169526,5.284700890800561
4.03029,14.747677307748056,10.279582737929688,13.493849678165388,12.431071739057836,9.39169737665422,17.11841828644163,3.705107677073461,9.566625589501244,14.533777261910457,34.78483898802197,12.639156661825735,9.035766042869462,13.6168888126583,6.558064593704542,93.40375837554366,38.28009714874104,28.80737649775696,56.75720645248768,30.841257429833423,28.65228214774444,32.02513516907165,33.34029680998066,5.473142130658863
4.19727,11.032746149424424,7.267158945206862,7.997849611966775,9.042148382823616,9.078731078999734,8.667796576646307,9.355452586491287,19.47748005713848,4.2473766256327625,7.131641395883164,9.899409694473151,6.707068307084143,15.08420871934169,11.271539437318474,34.559237587789944,30.318616424224576,23.73308873958126,43.91284242645549,23.29190049843641,20.530627214634304,19.368309116075284,27.283148599612566,3.376294828970193
5.073442161816798,10.677390288372532,12.088718078770787,4.3512205,11.489277512881324,11.519412802678737,7.909468001663758,6.897266404620029,3.860967688764422,9.729329093862685,10.78993018601029,8.217353364887735,7.132930487387498,35.914339240546724,37.77439893965866,19.92181641349597,29.065195455494152,27.60356585124971,21.500847412570582,22.15506179938993,48.613777981537474,25.271949289253925,25.891749595960643,27.982589640048307
4.03029,9.680045015730531,6.158498874876232,9.13787471156539,6.931974878155471,7.156183222069869,12.043855144533888,15.388579666971538,29.860337921732043,6.035620993519429,6.51002858122427,10.262515624503358,8.987776847792851,10.600347774576623,20.958532417989133,30.68622196678365,30.66210958233864,43.04108389477985,37.05582362626222,23.53559450271653,21.002681823832354,58.97679623098864,25.766610742045447,16.699141018583113
8.19769308399882,8.6253988101205,2.827044000000001,7.639754121398999,3.688829651636149,9.017462392398702,18.6670989721446,30.458537936309327,38.41059257978449,39.333774423946366,8.645967258333613,13.089661380021026,8.398585167480213,2.4914519999999993,6.3345810194536325,15.200381433906822,30.81159735634549,9.718972645864138,45.903350731529976,50.68985664357225,40.06677888796901,41.21562100214188,39.49264256740778,31.72995528991761
23.14737888150316,7.554690181664736,8.02745479983121,5.179688635464999,5.382790467230302,8.392339108914445,4.527087883599537,14.298608623799751,22.095760555201068,16.68736715166108,10.304837604203184,8.322980934460606,7.586198308046107,3.74138339844314,6.754562240698991,13.664509109328662,31.304948457996417,28.034973496332142,10.071680951048332,59.10396372463593,12.725592184591216,17.42556252585175,11.125607442158213,17.740423140702234
4.03029,13.599100601905215,7.559937895978567,11.195620903713388,11.932147752861662,14.217241538355449,38.94285961085844,42.73236102258285,13.891693208002936,9.123698909608736,10.801246127043024,8.560156142323912,13.241498407264576,6.805267780748679,8.708947694056203,9.559927841458553,6.818392594576258,28.19637131719065,27.960535398787627,22.797440126799103,17.82207259304597,9.176925668866458,4.50712381561169,7.2158838189242465
4.572590728996745,12.318616617604883,9.1457392404116,11.642736524514149,9.647955733927253,11.826431846896131,18.7618440375916,9.669644202530945,12.729562952031303,7.007202094375029,7.518325817176786,14.020495402271845,8.90524271643383,8.060069217883399,4.948191689947001,7.625347432599169,24.640830515489807,48.111101374570616,31.095540703765906,30.17730368846478,30.51297912847181,43.449931490028646,37.027310607707584,38.522046684218736
11.784976400156198,10.67503459617053,16.51285460967,5.019274700271618,14.55023214666362,11.841555263109877,14.68761169574068,5.543043313235217,3.962855115190419,11.279896301258985,5.857013800185254,17.12076586126566,15.077418763666655,26.406151401179198,11.018549958751295,22.068758495519294,42.785597453342575,63.87885553108142,15.94891205655956,10.863331687861066,5.975428841933469,45.82730564039287,38.59993187604783,16.335506396984652
13.133206739093358,3.612334000000001,3.612334000000001,3.7765310000000007,3.4332100000000003,3.7765310000000007,4.334800800000001,9.18625053202464,6.507696312907656,15.583709433513633,13.184825172943976,13.02063523212744,8.76348877196526,5.043072580920725,8.28294567837169,37.66308090478023,2.14887735,1.53171977508,22.696153192936748,12.882191424993886,10.463523713615425,12.937281615284254,1.660968,2.07621
7.218406295906649,3.690863000000001,3.690863000000001,19.811250783373925,7.388486770163727,3.858629500000001,7.319490043719767,7.863204259589401,12.516326318508236,15.901312698067049,3.2943240000000005,22.221871120695223,4.9858593112077,13.29618455958851,6.57857467518519,3.019797000000001,10.076392241270364,46.4828762416736,17.120494943397706,40.15485148377826,12.826791360531908,9.044480628828593,13.601997245800105,5.668094003730786
8.750315372363147,9.030576884514211,14.232451450218049,12.30333313072869,6.148246755329911,15.165608609465249,13.793547277711866,11.93495640145342,17.824222489084654,35.726046749005924,32.416658997372146,8.795308320242794,14.124778122793357,4.516170768051594,7.308621374277303,9.160742709715928,8.629356634394068,3.555663389943431,2.455395902017712,5.128896571752448,4.862454868771614,3.768267728686488,4.221626968672679,8.022826042396135
6.210710564935749,9.851377253820631,11.301367088086089,7.538391220172423,9.494054599158464,10.57478503137533,14.072443443234306,27.919499856133672,26.3883749732691,38.98186042715325,14.564421360752249,19.514156796234538,73.19932072536662,31.08959982141694,22.277644891986167,22.0564029564438,62.14004416291533,29.88565212230136,21.573796058504183,30.515818353089028,28.880736171411257,57.57468722364543,34.75664917935609,38.969269981209294
4.104925000000001,12.756338552558702,9.923878496875686,10.778986333009687,15.96095938190932,10.958265028969564,21.467999346721424,29.262558203531444,16.554895824802827,16.312418292005795,14.90133458948804,13.681760101988791,12.537052491662125,15.77965010893427,59.1922420102108,74.67515421211084,50.74168660668859,36.30160658861191,23.44979436151176,22.44842076593341,17.081103736319236,23.52895203187656,25.206745124045792,33.39848117204639
7.8931976193153615,9.507896821128108,12.974066063635432,12.079872737240764,12.780397763569736,6.696210606615823,30.91763484966989,23.01341618737817,22.676597559340397,21.511667789529675,35.95609940308188,31.33701016935166,26.150724541023813,24.188343701559493,10.671600878054962,18.105105223677853,13.718517745538389,6.363319018623921,17.72264781685113,13.988227765879088,11.690340751195055,21.332869945528195,21.87313800316541,4.840716315225927
4.03029,9.797405907408006,9.797405907408006,10.242742539562917,6.190819415539925,7.602095476125225,11.756887088889606,19.12620243377024,35.67438739582593,40.615070859488455,8.519345501878796,10.158091774773135,7.080356260911455,6.4083780046675445,6.453315005834431,8.016059378788368,4.325655153150592,2.762021700604307,3.718722819087003,1.6555450032,3.284066905167744,4.054403586626844,3.4596406982903507,3.5986813063771934
3.806385,8.983073094564523,4.683810012895163,8.445145308160562,8.537631453511734,9.391394598862908,10.779687713477427,2.7346393800000004,7.704076416845409,7.229821544496526,5.998287021245538,6.26388535941846,8.746854042491073,7.9167128023472415,6.264900380566093,4.572751115527128,4.401539724943902,3.8090471977213536,3.7569720255453687,8.174602625307278,9.871737655002502,21.00154564652711,13.687706069231533,10.713256146365543
31.081373314388152,28.606023583251627,10.25138448534336,13.207206136347484,9.150991614523209,10.225080958081277,43.07403130038829,83.4959427672942,36.003184917309824,12.550484738404014,23.76775568541977,14.649572262122636,12.16206343152097,6.911303822606279,5.675025426442366,19.244593489183796,20.819240628156575,53.57628716002383,39.577675952710784,48.179541698914086,29.09020457665362,31.57936286792398,43.23321567908803,3.7422290731573606
3.43321,9.47138676799018,3.878654580363191,9.34505222577579,3.4332100000000003,9.901904348353368,7.530647764358282,45.34518931121203,22.21745779364636,25.37832833795204,25.77580945564381,53.29961392966742,21.924544073577962,12.429099863901186,8.335906660909679,22.474400543182732,5.945830705248375,8.572032484251446,17.081612235005423,19.34255334591749,22.69161967422021,20.61536508435973,20.103469347301747,3.7599723469243
7.466261633329807,12.570532711517275,4.319095000000002,13.14192056204079,9.881938521833137,15.215323377453975,33.65350977179821,35.313224466398864,34.043935570792584,34.77590554431815,40.407050262919306,41.712520763248506,29.738668681598156,22.141129371228722,14.45895445009202,9.169109900688143,10.539961208467846,20.414367817920297,35.33910381175925,22.65255532820389,44.04838217462434,19.62888058459985,4.32939364611028,9.257731948909976
3.955655,4.162037,4.162037,4.3512205,3.955655,4.3512205,5.343234269531843,13.157066090573442,8.6056244915666,5.337085784433498,75.0950362547644,106.4590435325493,13.987983917703302,18.839313089123344,12.968155218395411,5.525434255982022,19.21770997985628,74.99851922874083,27.5138280824455,20.19292507066904,36.82262440408516,19.283790334359853,26.38542276482256,11.41269040813463
4.17956,9.996881791599364,24.893608605183427,25.55675893867215,8.954222455686713,4.597516000000001,32.47866200380538,20.422916500129407,8.415240940136949,29.994922293518748,107.51017203831296,34.19976918840645,24.61805304022852,16.511674782000092,22.270784736184304,5.653236796143412,19.44218321802,20.486954948760143,19.497085742770363,27.29646649779402,33.24883386720344,43.995465578992906,21.301825056989102,29.04055545297426
33.51974570831008,31.87090565245645,16.127624955882947,6.462577802882488,12.872257583965482,16.725157078464964,38.49066267928713,73.7349315709259,70.54260041887196,47.90831066561103,8.750133232968851,15.576545287225663,21.31457111030913,13.532829609536472,10.8989400063155,20.17106527916864,39.491382213314346,45.861622965354655,42.75827941203654,22.210077029837542,17.595004038576562,28.186500833390014,19.50602311374009,16.303999924825582
13.2923521392262,12.613482624059348,13.256484778748662,10.07542119127586,13.209775490878869,12.54754402981557,10.10122524582358,22.59649481410917,15.432619445990928,18.380967290868,11.182619173497717,18.37841246100972,38.73374527151287,34.16913968515536,30.800323884797162,31.08789944046771,35.08644092870856,20.14839727899779,26.10573117492096,30.94033910018375,30.04171523303911,24.99695150138118,27.042495291219943,6.826969109053638
3.507845,8.706868408775831,8.706868408775831,4.09699339339224,7.841733970767994,5.527176753745678,10.226184747512816,31.96780210761896,21.22764628931065,3.5210093217641423,6.95740233007521,3.82674,8.477912440100281,53.35645203879879,86.3393974003925,28.156609826021413,56.08673884546151,49.23533295236476,24.86878686593378,17.6817012642733,22.24197510115926,32.92024894716624,24.29441796416563,12.861628898144454
3.358575,9.894143945372251,9.894143945372251,3.694432500000001,9.403525237337265,10.343877761070992,8.750624524900322,3.992154376233377,7.643933195330662,48.66535688774625,13.129643283129242,3.6639,9.35246338696985,3.114314999999999,7.266360410669702,7.858667151551056,2.102162625,10.366732812390978,10.335351111601014,20.26909744669179,20.39970924870724,32.66882948172395,13.49728829731593,30.00675630865573
7.686538462318693,8.087575251657062,8.087575251657062,8.455192308550565,7.686538462318694,16.036622266982096,30.243350602376825,13.729273253710495,37.45648203383337,17.181093679203816,5.70500052485436,5.528087140158045,27.07570010599409,10.380635870162097,2.8259525,6.61710702408305,20.9297469686085,15.265314235669816,26.47172815273218,28.090480723893,22.130640438606616,29.831175825616377,34.09922257954641,22.67889163811445
5.294815153403909,8.670931012156466,10.361766266715138,10.832755642474917,9.847959674977195,10.832755642474917,11.41961836732296,4.958498454115721,11.088509888868348,28.574045120778617,7.990872594173174,5.483981588425228,10.089293074126834,9.131744425887941,3.0566424999999997,8.477808763676022,3.481711442038463,6.845440958985965,16.325592571588242,14.35168596048682,16.501975184552894,15.024063908285608,20.800621007859096,19.31801045304118
14.888484600720613,10.368293990032194,11.462724004000034,8.780626373028664,10.019035648722044,13.73091902613318,15.752404063838013,20.026417558942907,26.49124267909226,22.493538157948315,41.45852458970744,35.282355919564736,34.69122407617797,34.23869537110529,15.562624184605134,82.92411117806385,67.03768687200005,32.65737709204553,23.653052994395747,15.616072687907346,22.13486518417238,43.22034127282114,43.23881720176765,10.306166927104607
5.288965,3.062631000000001,3.062631000000001,3.2018415000000005,2.910765,3.2018415000000005,3.6751572,14.361382005442408,37.24440415720243,33.83442748087058,28.065733602618668,27.849403636980394,23.84504566346192,51.0141621696254,18.30464045208538,17.220878929577484,10.211611435803896,43.54433210135116,35.21883997680791,37.57401608730565,26.56446151183584,27.06322432353349,45.85790550809659,43.90105439256961
2.38832,5.285469183141252,5.285469183141252,5.364686350020778,2.38832,17.208723445321386,48.94597566720744,43.55650362499138,41.29370596883362,63.08356927320352,76.00730331817341,36.60489335551461,25.039545456722482,9.293069532969886,30.510714048829204,22.577578022715084,26.4196470453412,23.05914483540164,20.72134129622653,24.796932871319616,20.25753729969988,22.10464555161888,2.076164642335411,1.798438708590543
8.046074862695999,8.238469842371158,8.69327030347608,5.678423837347855,5.884833002073439,11.228048395650417,12.887846854137871,7.235439635661414,9.656208828766438,47.60565445308963,4.953687866244387,49.64091085771842,28.247334290164847,56.47074140823862,2.9869451057325764,8.78716830963946,6.388852330913481,13.940159805458784,18.16603128971836,21.78218333853279,18.9660457696884,22.43204072913906,50.30140247459162,4.604408905365367
12.569068579861243,14.844795451971391,27.101995886220934,10.606101729955329,3.657115000000001,6.9738351817881465,8.004749947791614,11.325443342529567,38.78617654420285,90.20902537770372,16.072270303768786,15.087833498537266,5.4394578514946845,16.674602845057493,11.119849603255597,24.191494252122837,24.735281184610407,21.576204854932797,36.60809177077645,34.25186733313403,13.76688493103835,21.07988783150478,3.067184427778905,2.211615
4.17956,4.397624,17.959122131478036,22.676922358850543,5.127184966639702,6.508559682723398,8.865927255429389,11.760703684828226,15.521427781805652,15.19074384919038,33.05767356009084,9.826190675818976,4.281984,3.8755919999999993,5.42642696811931,18.387267048501155,16.47308245480141,26.47265047773032,26.309517815333848,77.82898461613658,26.11045235362874,26.22106702266327,32.101636453794285,31.584898559387263
23.95024367105444,9.036005859143836,8.96979665877584,8.734245979830066,6.105371696447733,12.177557930299148,10.698058873698056,18.212477718927023,40.85117898636087,20.338355553523115,10.396650248792945,11.584506822156332,6.599650728048654,15.143299798644769,16.083264573591176,24.984014712299576,11.35595246745254,3.589551839459133,16.69867135081122,14.438142036490436,15.80641617840878,22.736664308630075,19.4770013238361,32.58300176724797
14.7386841672019,5.1902620684236815,14.28094392264835,13.93831110457088,4.782626029766634,14.268899982151988,10.147808983339203,7.636279537514858,7.260762834627184,10.335291791436008,7.820556316412411,8.134517626423316,12.100087606705166,12.028328910574395,7.780629825428411,5.589995576275453,9.59582455733736,17.98353541114765,35.63048231092223,32.16500899107891,32.887901222023594,27.059153257340355,9.69067701505348,6.440263313821404
3.806385,6.616675412928533,5.9637513096964,6.007296757495644,6.495425039482202,9.192774958113022,24.712482108442774,45.82419447391053,12.954920610582528,14.660624595983284,25.07284665665972,13.425565762806391,8.561865861095562,3.529556999999999,7.649815032575187,12.601428731780459,19.806228749328948,15.627690954105036,10.525009133934027,21.36387196195105,7.0443572465668245,7.034372161792683,20.106234279027976,3.302610146952329
18.18599939338088,7.646372904121208,5.829942555256564,9.180807411805317,8.777778411805315,4.433319,10.810434798923623,4.71323169784215,13.029618734523464,7.433182355087863,7.8381596875492034,5.102917945557816,8.329636476187355,8.139394527310383,10.876737636496909,66.19633467305579,25.80792848734904,57.71082150821015,43.21977153931695,32.56239014782438,19.17950311381377,41.94229202231447,1.949832,5.308300778680684
7.133519030228858,4.162037,7.338519350215717,7.846870933251746,7.133519030228859,7.846870933251744,9.006843158167221,10.917787480357289,20.215429075261937,31.264925761723973,26.780054531003675,43.30998098712163,32.1702745547527,10.460251331058188,12.447026281163009,16.72236515939718,78.00314548999059,24.854975448996672,13.480789812888869,12.539934600526404,17.024275405934528,22.944380288441145,18.334590930098315,4.217856726457566
3.58248,9.132149771059352,7.141993315845018,8.101964224539065,4.933530722252942,8.952785170134392,12.3232584374182,5.291575369418322,4.989738628203729,12.857862830652948,8.041575990470802,9.196089213964562,6.715422845286634,6.04362494305431,7.541939095026474,7.93344200788895,18.45387134651789,17.523055335481022,13.480061827676606,23.929543574830085,30.4035736826887,2.602568949444657,11.408969282694938,13.175131749832252
4.17956,4.397624,4.397624,4.597516000000001,4.17956,4.597516000000001,9.828408254629483,30.03991642926127,19.996086523523815,3.5393273999999995,3.925152,4.55952,4.281984,3.8755919999999993,8.080222186654247,8.866376756126439,18.72635189292713,38.1028757514755,30.41230818901809,22.552846981734,18.58379630787365,25.12655728715577,26.65990421782173,24.31709948516499
7.175241438668209,6.388594646166437,4.995385987699862,7.650009528408281,7.616616082535032,3.0376445000000007,9.61680569725293,5.472041919469951,2.319304228103938,5.7023608357795394,4.044183264188333,6.383037280437542,60.74784635731248,16.136158942880996,17.766721796506683,24.650946083619118,58.20825054027426,17.456229009292187,20.122349446911524,17.585044476351033,18.781725404905657,23.16553630129465,1.5495306103134348,4.205718497472033
4.925874914027917,11.345825080049291,7.472396301431075,7.998123936413904,7.674596065418286,6.744185781050355,13.256906716029835,5.709517859202413,3.913446837357972,12.67009200973075,15.494778251108988,18.946774303933285,7.2815571488933,8.44647238025119,6.140989092857066,6.841470201658667,24.245862730508684,27.64275246526917,17.465329123106553,19.88316421439116,17.795457726717114,17.280016886563622,17.943343397586176,15.702805429469098
10.28762234745759,8.296307165585247,8.867340465300893,15.802074322707217,6.129816260326346,11.431432251589976,33.65027877101534,17.57139946416052,11.02456605267346,12.727445361395914,9.501986733394538,11.284109457243575,22.696971266770948,22.196098483979018,11.45415901423897,20.68272756115362,27.64175209624224,30.85354721517508,23.567268493752422,28.93503105490464,24.1834007840126,30.71687588874593,35.457550190629206,21.26740351375039
7.4481066008024,6.117163733465612,9.801891733749065,6.908845381995982,6.981171372116341,4.597516000000001,11.762270080498872,10.360380818513768,29.64123433682669,37.59389563972985,88.6083494527878,29.71281069580836,8.826574146705717,8.88421111465343,6.657389065127189,8.019729600340142,6.9883167220712,13.002437252101352,18.25170822504292,20.34199921883674,11.25135268205076,16.914796211066594,22.93244103835214,32.58847513147192
24.84468817015167,11.733856162141455,7.675020333823017,15.199175904429564,10.346903874857857,15.72631116924528,33.406972065614674,26.64569583851379,19.19718772763333,36.19482289696632,26.1894664070842,26.5111035313245,26.734178211691372,25.66609710630837,18.984764023814535,22.444212585121065,29.86223215259865,22.916251813475142,14.410149803265876,18.915252889676804,20.42565711114669,19.771244040419504,36.00943952860436,31.271715666973755
10.223163694775993,2.5129280000000005,2.5129280000000005,2.6271520000000006,2.38832,2.6271520000000006,5.126654489049889,16.11396364506337,16.802967995325822,48.62597562148914,2.242944,2.60544,2.829821320226245,12.178485378138546,11.624570956154894,24.459539904230713,15.738899506907412,50.37612003919366,19.058205530649097,17.439524396199637,16.23613168405704,12.503240364697094,10.76441774455576,5.825273142075289
3.657115,10.419005521102967,3.847921000000001,8.394498433461065,5.644238606118664,10.892596681153105,12.50280662532356,7.975908050953393,13.164298300749168,20.889016974857675,15.977735332823112,80.57521093116088,22.3082843668834,11.707317649132577,4.800172706078935,6.478334116855869,12.373862075990203,14.387450833804431,20.121051850168563,21.254846552530008,22.423928713465312,15.834352229455163,26.046845505938784,33.10130091834527
4.104925000000001,7.045996434821172,7.954963579761564,6.7327464444758025,8.136432171774183,4.515417500000001,18.975511202876124,3.5967551124032022,13.538727155045192,26.5451685006485,10.85782600507905,44.68081676492698,8.040801356863435,5.942560228680345,8.067389065725793,53.19266912535853,58.58131302271559,19.539253155767184,23.9852558964961,17.499871258946477,26.54489255165515,34.41435884873065,15.575412821542695,6.313608834046272
5.596037826299224,12.069099167989355,12.069099167989355,6.778891852500805,8.920971353312437,12.150256902037398,8.496371797231001,7.935606523686402,4.558740735531569,9.35368950764284,8.346478623699072,6.678513384480218,11.316372939303246,10.242365322378628,6.7034311386015455,6.907755551370218,6.913596592605576,3.790485902563313,4.411263626402146,4.537299730013637,3.8956613843551424,4.686107355057538,22.296401639044,19.53005606788146
11.287294989352914,13.00686832434966,2.7485150000000007,13.598089611820091,11.815844148706235,9.994123322360709,16.175247989219585,16.585035838256363,16.88615415308744,10.233123643781337,10.305473931360876,6.787929448801558,9.819830915337967,11.462852400046684,6.977380821976349,8.01232595221629,6.600277881300554,20.00587704907294,32.29186788774352,25.635541618832544,20.33496336422505,23.086651651828337,26.47743697569836,35.225625055549564
2.83613,2.984102,2.984102,3.1197430000000006,2.8361300000000003,3.1197430000000006,3.5809224000000013,2.03757444,1.92134916,2.40168645,2.663496,3.09396,2.9056319999999998,2.629866,2.191555,9.686635455653468,1.9525171500000005,8.99029814854435,9.42177007781202,22.092492809766757,10.436760927836303,15.214920978848436,12.452484927763592,11.666586094760412
3.657115,6.6366225533916605,13.011760682767347,6.740603325567975,11.548010737373891,13.279264270731469,23.62205756384416,26.017175441503078,51.23734193600766,9.040290258197857,15.913840266547927,89.12121330600091,9.683445602967446,8.03551218914404,8.987066965985873,12.942658520782736,30.85119302245316,23.73777523042261,50.12199487018841,25.74175544564237,22.62826409945649,30.4336133931315,17.28764034685609,28.725321927068283
6.72209284278609,12.850974720801434,7.589933959301468,9.028991891961123,11.464875832788314,9.31637733880244,18.74377903898324,10.29690584907194,11.153703976733594,10.131431083108993,9.360458504055002,8.964247927691634,3.5450142836956955,8.141263183837594,19.728138157860407,36.275901616953185,23.61924918232702,24.632227372767005,12.668398122687172,11.82911616424251,12.361307578695207,21.66484610632096,23.9643106138484,21.38632619793991
9.777418068042316,12.877761045521003,14.242809225195568,12.337587763903592,12.239194382106737,16.591957564935324,16.789450439299895,18.110713069035505,19.94155121326043,31.01792159496848,36.68503280777382,44.46117756226811,80.2625366793636,19.94904042270085,8.033861644076259,12.18015989835859,24.396400449775808,24.513080268541643,16.285272807741336,17.843242014569878,12.95274380006525,16.25074689552519,24.142445557585315,25.53557183005364
3.946611099891872,10.308129547506557,10.953368068432452,11.451248435179378,3.9025250000000007,11.214901225298329,13.14404168211894,13.465082651095075,7.836163938307567,7.043644521661107,9.7765599288488,14.031007970408677,15.513093703908513,57.24350677281897,35.0667177996554,26.197370876563642,25.90666761224587,16.575597212061787,15.95719621380193,17.14108590224018,14.683450475469431,22.937150802761533,18.84713595271954,20.662185302982305
5.990365455531228,8.851308511889803,9.46780802908613,10.800494051031936,5.873179596890605,10.54268516202256,40.94227597227808,52.94876501493954,65.55284702895813,30.685549738659034,22.568003092995408,33.48177901671824,27.03591047242488,3.5987639999999996,5.812200824713948,6.9695237962608445,19.21073641693474,28.82361343610316,32.4018796888024,33.04825658610028,29.54084354615945,38.96097133769509,38.84514539376072,41.99789520832349
9.10112881642832,6.471063936583205,12.332635417859285,5.435064103213946,10.310346182986454,12.893209755034706,8.938870938317164,7.115545194601436,6.43866435259584,14.437780400437324,5.5865568572044415,16.264043518667513,28.51059600846884,15.969389622811244,67.72542864768441,34.93661146610938,13.665957121366928,10.154156279505395,9.29995872165307,8.159946454806466,12.49035107399978,23.89820221495373,16.26040715992661,20.5439711434673
2.9854,5.8116710579097495,5.8116710579097495,6.075837924178374,2.9854,6.075837924178374,6.9740052694917,3.9682666347479634,4.496055144708864,2.5280910000000003,5.187276646729363,5.25650650216633,3.6364016113283304,5.329032827400874,13.00806231790175,47.92848472091624,9.73503632720827,2.464293580178484,9.640099741746823,13.42256354058749,13.395738584494412,23.57720931833401,5.346486130618531,1.8054
3.806385,9.619651060024207,9.619651060024204,9.256469140972268,12.521214284722246,7.388778641666697,11.543581272029048,15.778961840015477,10.122956911940324,16.972593889924852,17.95943648423828,27.3863947226982,21.528986579802478,29.400379391628785,20.46454639155605,76.73058844657494,22.160275652197388,22.939661290332804,19.04160327279202,30.91098097216272,20.1413691882522,25.031727693399404,11.828693663626606,4.648841697448818
3.955655,10.646853053269329,4.162037,8.133778283163062,8.185792345602456,8.620215241723416,11.286182913927671,33.73314124796993,29.74866784324713,54.52764547016668,42.855332820507336,52.12330540420818,60.48687059713078,49.85507449360215,16.68982354448988,32.388522047174405,34.61628163845302,39.34012836906159,21.751932241532824,28.14311550068895,23.89919639305089,29.046768941209404,10.242426867515434,12.853477638762127
3.507845,3.690863000000001,3.690863000000001,3.858629500000001,3.5078450000000005,3.858629500000001,10.565478,2.5201578600000003,13.997865131422389,4.736445180582458,3.2943240000000005,4.777000046457189,3.902751369882821,3.252729,2.7106075,3.019797000000001,2.1955920750000004,1.565018031060001,2.095349711860016,1.4409373176000009,1.2371684040000002,6.912730958885455,15.71437918127162,23.68395791273421
5.725660323615648,7.090200069616756,11.359058344038049,35.57078871184462,6.156321613282884,9.805531350236398,12.8474030400014,13.619665206293751,3.467134169976353,8.112727989394715,22.040273303516305,60.585244620718655,10.43769048544663,6.06068049557449,6.307080635422096,9.293775008758402,5.359000550773432,3.548737658906125,12.971715177487631,22.235352972586355,13.283140663661143,8.632484020560227,5.1249350911726985,6.528684923507967
6.449390661979334,11.920653229891478,6.785880609560866,9.308899375800188,8.462635796181988,7.826353097604565,28.2520522041014,22.20989148672425,5.63978538,9.594065932524789,10.639921891142803,9.455610869026373,9.107313244151097,10.505579443022315,4.98362005698403,13.642533203783396,10.695880167248554,41.65952428159286,11.001942957912114,19.875616786892195,11.055336435299395,22.11611664272132,29.30916476196069,21.907159204127417
14.676190682600796,8.437935101765872,9.575497924175382,15.679996080981375,8.5081865912076,13.271668300664098,18.58316659981445,61.04735138567168,27.21087215477126,25.338152103483285,12.003085363106791,6.519752521975012,11.829528741199399,22.3203555642007,55.78393879494153,22.29921234024714,28.21424373955572,16.60692756572792,14.637744870087651,45.38363301358792,24.866613438762787,26.07160257428917,26.07489158895872,18.45274269991565
6.510676878214749,5.901902578341941,4.795363824309143,4.1870235000000005,19.41633812544553,15.141997066036229,17.799196800000004,19.710105111759933,12.369044535937958,5.258910275147103,3.574692,7.102556594416089,6.061235477444927,19.04363832944237,26.640123731510034,25.53204438736079,31.01632602811233,17.17262174920882,16.473849227980747,50.88955743570915,22.05266505126422,23.56233186121124,26.878425499935226,19.771488453842164
7.531410776305905,16.17496654598955,7.0776557577948855,8.284551853936497,17.54154692993889,8.284551853936497,9.509224736692328,6.40383000511653,19.97603008821453,6.377735580117227,3.8488501678240254,8.639232442083323,7.715974992958461,3.252729,5.819726508963654,13.335553260057285,20.739237316170964,18.04720811864048,25.02229019549975,21.688445363118632,27.13121026568912,42.72836602270835,49.70999774416484,4.264063095446053
2.910765,3.062631000000001,3.062631000000001,3.2018415000000005,2.910765,3.2018415000000005,3.834877200000001,18.2386802197984,20.9203706760888,17.676907347368243,10.707339137673715,16.09701073998628,2.982096,2.699073,2.2492275,13.572789078245977,23.769874797582887,20.79684587381409,16.492930901960943,7.614740089650099,1.0265865480000005,1.2673908000000005,1.408212,4.75140296712681
2.761495,9.012930970811192,2.9055730000000004,9.422609651302606,6.45527649248911,5.069224320869012,10.815517164973429,8.446991630760571,64.12933111504981,7.253851975362295,17.35655013325577,16.468763602511974,2.829168,7.9430263176269875,6.619188598022491,5.412725507101197,17.823111981987374,46.295470690419904,28.346639216103224,24.132852548971996,3.0211127924609094,3.72976887958137,3.633607345073971,2.4677767170395737
8.331718577079727,8.766416937623019,4.162037,9.1648904347877,8.331718577079727,4.3512205,5.270707196257382,7.282712610447049,20.28090875654521,17.310171943035325,71.58215972326025,7.418286900111077,5.397582923927746,7.725775407837563,3.0566424999999997,7.172522948964287,13.973808538375,36.3801471595106,21.346726440389304,17.479127778642646,17.50139388112245,37.0546523996784,46.968849147292254,52.45630299286852
3.657115,9.807443184357773,9.978739074990042,7.525561266582037,11.110888426839992,6.748775872053786,125.521147702737,29.617743843806117,9.18352105059172,3.096911475,10.563867520481528,9.567738376116663,11.524219113252576,7.413208778646686,67.41472875016844,43.37293351495167,23.144432555331,22.954603095854583,40.738003353475456,24.38255513135847,22.410485634826617,27.12096629534596,28.62087454856453,16.86156802348396
11.78261590411526,8.390338534470775,10.260282389854344,12.960877494526788,9.690471581015856,11.043078531685666,11.203900144545946,14.066065287679248,25.67334688714575,73.4300243663238,17.697929281218016,22.60221139051921,30.217170751214812,28.337989938191676,24.359589965662764,21.843276018244726,30.81907832567437,25.3924976628252,18.03726665215426,20.89419097436667,3.4176952687170457,34.80024267258901,21.014700952845487,3.4794355080723136
8.003292172431337,6.408540436645482,17.54248938263838,10.306324004284608,8.549729486835021,4.295513545844055,22.375682875090884,34.79662049657609,5.792053103263144,15.326387127803804,18.3782601626584,20.965823111210906,8.441991514314159,13.356412645367614,22.663127016311638,18.622638810362293,4.667313245229123,2.229797263939728,7.946303848795123,25.35741596335457,22.21776507389248,22.29908577157844,2.4179500468341253,5.666071047989742
8.644981757059972,4.319095000000002,8.878891134264585,9.50947993276597,7.61315067590998,5.423428851411995,34.929751712110104,15.81427246526136,10.682191285932014,10.762895042886171,8.867570193399102,14.633966814650568,38.39434685169337,30.19805103984781,3.1719874999999997,7.442201686512498,4.248474255333277,11.730984486274066,19.200992402609355,20.81135351086157,14.751915355700154,15.660492807051105,25.16330376433936,13.742993213863487
6.164345,100.24622227849588,28.125523762908635,9.982894351277768,9.180986349117552,14.974178401816106,11.19543892644643,30.62952475971294,14.442315733947972,10.647434636221558,7.758638556925738,26.774099730638028,30.832024153454878,87.82650957689877,11.660613174027624,14.68383284556577,17.745661424409246,25.40267330660925,24.111730346312303,13.429661284483783,3.634818449526269,5.098378382390996,18.952400642903616,6.032243779255829
12.403810831631892,17.220680538107633,6.157837049081017,3.69176345739612,5.5588025621253765,18.4784178530006,7.389404458897221,20.79633272208984,32.68779563064031,40.80607017372982,13.15149488607086,29.665903637750382,18.45294361977588,16.562298049043576,16.01480838630293,84.22644640485585,66.68012391593908,26.9496300443914,35.41209191578655,23.749252289805977,2.0640921741347835,10.47412469078807,14.22758961398162,37.13177074298776
5.290218898525361,4.969098504958539,7.357625762396346,7.692063297050724,3.209305,7.692063297050724,8.351445463388051,4.072495614189843,3.221227219526256,11.611007775,20.493518186112976,23.231143946572875,11.139794542565088,15.004851666958155,11.759722000670571,36.8726241310345,21.83847754112435,16.9310302645055,16.68218038938892,15.91559016714896,16.68460230520734,18.98245919111632,10.393333716639836,4.114436585703639
4.712353692613831,9.705982307499708,9.541657667289067,11.41807544533027,11.2836524344598,12.41201767790578,4.24559361173899,23.355314578887796,15.789204450306304,8.662502269188263,5.293977796888312,12.309439019410693,19.07641685275982,15.391522529297488,18.700805324689018,25.90012833394218,25.709269639756275,18.09406569082294,46.30959702432067,22.17443668386217,17.063717217493775,42.00733721865545,18.25319251927251,22.436009403160547
7.0651442880578434,6.116569436771719,2.827044000000001,6.659137575666058,6.053761432423689,5.865510809451902,28.62044090945476,8.335919848579996,21.2494153955093,40.49230180678219,7.1009907176427856,85.31450395162078,35.49668942788306,33.300085308380915,28.721331142261093,32.645829814247506,72.17258069191082,23.092691572481908,23.72983111270529,43.306954441738256,17.02960322628359,23.897643317339664,20.522576560496788,3.660970352414325
3.806385,9.000768726183974,8.092443321423254,6.32365257710761,7.043701783496376,9.409894577374152,10.800922471420767,6.145814150060494,7.1149999760819975,26.813160814009112,9.3278726575308,22.85906786915121,8.76408434946238,7.93230782555507,6.6102565212958915,3.4625948327919667,5.084138981590611,8.413153455745864,26.634783267301625,13.280982102436903,18.11534668795394,16.94564285018244,15.895650523406296,5.042727905236853
4.104925000000001,7.997024549176696,4.319095000000002,8.085875081830624,9.430116830627307,9.994550723027915,46.93030228324324,15.670523673738504,32.15279625469632,60.55548897624511,56.852889017089616,18.289261783413764,7.7867346474327555,7.047715849875478,3.1719874999999997,6.543020085690023,16.96019988486439,38.17854766575644,15.927715927925943,21.378740240397587,19.66567933079376,23.96097280863233,12.48147183549004,25.52647174187832
4.03029,9.489425382453271,9.489425382453271,9.920762899837516,4.03029,9.920762899837516,9.383200512916316,5.33911863896106,6.282153874161586,6.86927040328984,8.46990034136325,9.344037385277996,4.361366694613055,13.645087537301883,4.516066259162098,7.764075312916313,5.644996079783576,1.7981058229200009,3.6018251201647224,3.704734409312287,3.98685102634371,14.124923115984716,21.69361760171224,68.44937540694788
3.58248,6.470718737736105,6.470718737736105,5.666575637998067,4.438272217189124,6.764842316724109,7.764862485283325,4.418270926543444,4.166248342498187,5.207810428122732,3.3644160000000003,6.708934528982586,3.670272,5.702594349635197,5.193024615369183,4.803074105832067,12.22747658975085,33.02311980384293,17.971413425826405,20.753315465065008,15.29162212058294,20.137117115805047,28.66176356873768,25.38420026547042
6.776669984880244,16.07923238469446,27.82623980981769,6.828161983368267,3.806385,4.1870235000000005,10.288242882654249,29.45587904186589,30.87046429878671,21.49804115227944,5.470082042739912,11.385567806705737,18.64640546053708,15.093144000661594,6.204242715589278,5.228946835533068,3.885280599627315,15.631937943680256,1.520137773,2.5498569926065637,4.459828811310915,10.949380872354777,17.245557597879692,30.083903447239265
26.6893373530886,11.994327920369226,5.514713659654288,6.626601847312181,4.262598391984476,7.91843092473169,28.222977130949157,24.610881161257502,8.74218144942034,4.604140684267076,5.1282493742381705,32.466628849145344,23.086244027667902,4.6785778251668155,5.5625341206792855,7.433038280212076,24.505961055988248,12.310368233937425,39.25635667568792,15.544539055045446,14.702562848420635,36.94750719524443,18.09501168920149,18.65307054686804
7.675822528087139,8.97236014127768,10.717334569256806,11.204486140586663,15.374682873340706,9.380194693153936,6.927888427979133,8.492684808529761,11.553117851910692,6.987132321866908,7.48922161860116,11.111887081573546,10.982594116249016,11.381158002623712,15.147800459400704,48.300699569352425,44.401555967351584,31.071146422823347,28.39300530064048,24.586338920049275,16.271506366689277,24.980261903517267,27.812571112882463,4.989760532314113
9.73556444675766,10.243506939631972,6.013451662871244,8.579994029131495,7.851654869641332,10.156507415479306,13.026920327558374,20.403253979330984,20.067339967853165,101.77482015744089,64.77253742639823,38.712708659438974,111.6198338827287,44.53745111782297,44.35710912239689,7.017736698857335,14.543677827070772,10.376764669345237,63.48427826936117,17.420591445165442,19.359193519234545,26.797484921712243,9.402666000215763,17.614595437821812
3.2839400000000003,7.961242762846373,7.961242762846373,6.395978756386496,4.841223779796643,8.323117433884843,6.358351247215492,4.037506970697374,5.125939761761145,6.407424702201429,3.632482722450123,7.404903823137211,7.751893779600973,19.473940613513346,13.211446368068193,35.38447315685813,32.658964772422635,18.079867520135856,42.39496820423013,32.66906185805143,24.51654748159593,26.161964672618584,31.11524507655815,25.136292309646063
3.358575,12.491348066891597,8.237263473016242,10.825967830060428,9.433011267052002,12.164861874843512,15.39370928026991,8.529216341211432,15.568964913100071,7.471712648076755,8.492130912698586,10.519770522632657,8.000721630182174,11.008528386524294,54.66246728355063,12.839312325926082,52.39969775858124,38.00855380143322,20.907832860256,42.40237853204712,19.381723017317164,25.351140566278698,34.97358555431259,28.958470544988945
5.159476073538751,7.166469259098937,9.152529978584043,9.56855406851968,8.698685516836074,8.270843939310662,26.80326627293464,5.401874515935549,5.6479508647530725,14.026830128897847,4.845421008192914,7.430298705902728,12.959003321893718,9.770854914238159,38.51196125634751,20.29022743749147,16.493754754925234,21.25992319786691,6.225252523781542,3.5732082162341103,1.9028911822696024,2.862923356405067,4.208375918026622,5.260469897533278
7.789618536311558,16.29560059535169,10.018610232795409,16.894145714950884,9.128934329103478,11.37868868253798,21.54292943753104,2.89550052,15.88053355442334,6.640493850128364,10.965422776242722,16.895513765278228,13.389866285007765,11.446433417329624,9.906029448391052,7.891999016515072,7.758405717799811,4.978647903758028,5.410981082258872,5.269342554477912,9.616196432438391,52.99757129074428,29.767231358888363,34.347435962596464
16.579043530051432,11.508011735550356,7.71723086777518,7.622219887830202,10.937366525523068,12.031103178075377,10.524510862882446,5.365525840545442,8.810454394326737,15.910820907471717,5.842370101861159,15.13442509543929,12.36150342284997,5.442705509771785,8.007706636356152,8.790299496756708,7.31314192546654,15.298181884940515,13.349350483067369,21.629851763304966,24.157858136052848,27.2461225628058,14.7802057880352,11.430216679374553
4.17956,11.772486415758328,13.120997471132265,8.625536035532528,10.090175839996974,11.90479743110318,16.27415255539087,19.221842368458,15.332924090623996,11.645453997976404,7.457504233231396,6.6111387213212645,14.089018069385444,12.751865891503957,8.550512155868683,5.679620708868502,54.24015878236839,14.668791921495934,38.21118340281573,4.876466361512391,14.321879667150029,26.581287954988763,30.68307697876921,35.85054097024526
13.434373117980607,9.974549309633725,9.974549309633725,4.597516000000001,9.479943558742791,134.39521628496522,30.34034477739292,16.077191352535404,20.226473517033828,8.027788568153554,15.178292496235969,22.65490832637482,104.46097724885668,40.07896695498484,16.992073420434256,26.318075461899177,22.64238949173861,17.416122862442876,10.813887525865162,3.8941299979144577,2.66367332744821,2.554164394721118,4.586344235534062,5.732930294417577
3.507845,3.690863000000001,3.690863000000001,3.858629500000001,3.5078450000000005,3.858629500000001,7.209126172993127,11.82283938,2.3764055400000004,2.970506925,3.2943240000000005,3.82674,3.5938079999999997,3.252729,5.48856865430201,5.433264879667107,7.795859555881925,1.565018031060001,1.4009112810000002,1.4409373176000009,1.2371684040000002,1.5273684000000003,2.3624061315286555,2.1213450000000003
38.90355955011552,11.341825498988303,6.114206804403172,9.323867226157189,6.714368074624036,10.615263538452052,11.348403048009676,10.296451489550924,21.189777561002515,42.53792152447745,42.14950228535506,19.4906116481846,8.729874678824233,9.16492309907691,7.143066901621587,7.296939568296929,3.637172120628339,3.781658832014162,4.304925782578809,3.871315416317172,1.8743630287802115,4.30019176144494,4.100759426811497,3.514175961959749
3.88102,7.175830080574664,7.175830080574664,4.269122,6.820003795587486,7.502004175146239,4.900209600000001,13.609359339161912,17.874233008485888,17.04862367856514,85.27307989433633,11.390464790598228,29.483353627290064,18.457683241717028,22.385214053094536,18.372750606223793,25.246761867001407,8.532557751267765,2.7236722984343187,2.801491506961014,2.6356629745640263,8.682945687320556,11.889414053592766,4.1243501214422364
4.328830000000001,10.348718294173375,10.348718294173375,10.819114580272164,9.08464115806492,6.964404483735331,10.206193549778217,12.968084563178548,27.35193870725108,31.7367388892002,16.506855606898604,105.08383278156305,85.73918966734634,23.04278302938798,11.603475916698075,8.036171772525652,6.156165610344945,2.601339574171058,3.2282358895362546,4.040208043323263,3.380586081026641,1.8848376,4.758388877561311,5.796615365272019
7.154374651980176,6.00719082955786,6.767418601255459,9.194451416348253,8.358592196680227,12.655263967450528,26.316117567386936,4.793890889820477,5.662566277241916,7.078207846552391,7.171257916042618,4.914650240334612,7.329699248194709,7.750694582376209,6.458912151980175,7.195657630185589,1.915303725,3.729169191364491,3.3381309897124587,1.2569878728000006,1.0792320120000003,3.639456586507091,4.043840651674546,5.054800814593181
8.53177054206948,7.04680433673313,8.779393962644724,11.778183640855586,9.402038194643715,12.26123737190439,19.67807962102428,8.832830482925793,5.472386275714489,6.856379182501155,17.44989105803544,16.473281794878584,69.44106115461244,9.223069035336403,6.0883721202208925,6.314236378014727,19.537958496754765,37.36528198386735,26.22500729702853,37.3955950037686,29.390699150416552,20.387754467656865,46.29175791390913,36.24878936690863
