1,2,3,4,5,6,7,8,9,10,11,12,13,14,15,16,17,18,19,20,21,22,23,24
10.624153810473423,6.235547800009996,10.18885784309327,5.48440034445083,9.817986449588712,9.026216900601224,15.234956985049932,10.678975402701864,12.412495071216508,18.336000912834628,16.03739280887225,27.38657947026418,21.8635532552642,26.30077069561258,16.684219456393077,26.96588936187084,18.084271826459126,17.8166274012869,16.70896643789264,28.5111379132722,16.720431908686088,21.47096197206284,23.66250139216923,7.799340129697084
6.32001907761256,15.060520948842926,11.281871016050273,11.537351666503543,10.609754738650228,12.733797097507422,17.593264794092995,23.283878095184587,20.651495276108783,35.13521779976207,8.733480813578021,16.23586703263975,9.681989074137238,10.866216842223427,7.765059883556718,11.135276925851002,26.429469357947685,23.162718985336063,58.32953034242364,26.360760228986877,24.017933939557707,24.440057094096524,55.81061931144553,14.563833662571684
7.670630796287495,15.984103787835164,12.27588667785836,17.911730112197816,13.333093797504665,17.00340047028784,26.979441394182903,23.98323806087901,17.69978470556221,10.644338796057536,20.24843083309656,38.68833381924139,24.78372105016273,25.473318917493597,8.330025827922636,46.776973443823266,42.71078552535193,45.853162449154176,21.60763584934868,23.50174907552479,21.03053677585712,28.44777584345328,36.13178143997792,4.638760916331963
10.65227777853287,11.208048793065018,10.115629375562031,9.110883498054998,7.952828143546142,11.717505556386154,6.904313548702043,8.306274084531706,87.34979362490436,62.20008122907416,6.103670093303559,12.4040421173785,73.5567549339261,116.26490936282718,12.324728586808746,25.32192466396493,27.34547267526981,25.523355474209016,20.03802358014033,17.926308850824892,18.525547108291857,23.243127316818413,3.026647073646626,6.441891304804461
2.1644150000000004,7.585925431536991,7.585925431536991,2.3808565,7.209763839890527,2.3808565,9.103110517844389,12.441481642254251,33.53571011727466,40.176347401058194,44.03577680535581,16.139546457780444,3.8621345726010374,23.57743037617796,5.571181149006316,1.8632790000000006,4.512656730695117,33.50836067405421,14.503562380392555,16.35814790149807,2.542783966513422,23.27696086529804,11.919948736403256,18.329022505095985
3.58248,3.7693920000000007,3.7693920000000007,3.940728000000001,3.5824800000000003,3.940728000000001,4.5232704,2.57377824,2.4269673600000004,3.0337092,3.3644160000000003,3.90816,3.670272,3.321936,8.418741902473107,18.27664769093799,41.978610179837176,14.597904391570136,10.34989574594515,10.82023342042222,18.332832919028046,23.155428797631924,9.480433700149332,2.16648
26.05465649233892,27.342566903278435,10.111622926328849,10.288513893423207,7.29698894435072,6.613046554637413,12.133947511594611,6.904316414655281,2.67977646,8.13810914294261,6.37006310761783,7.119176596657947,4.579240682502711,8.196296303602589,7.426079196458637,3.405303,9.171065047405254,7.847999677816877,15.47879959297176,17.043234690208035,3.026794076564023,10.661555479889104,10.776968221948,4.56823809784106
9.291373756517917,6.420030664195592,9.30625632839118,10.851556719050434,11.01421830240164,11.6783026709944,10.488568373447954,11.329233555274632,14.129988456983854,10.228294632796002,9.970408604485336,16.68228461949363,10.69940426980247,33.49119819705484,23.392893700357902,18.925044842441878,42.43709097252904,38.54758746820078,26.7582199453471,36.3288756788465,25.65510080454385,40.525136313647565,33.26263042164997,39.55229560631803
3.43321,3.612334000000001,3.612334000000001,3.7765310000000007,3.4332100000000003,3.7765310000000007,4.552020000000001,12.063676680000004,12.477068393556747,2.90730465,3.224232,3.74532,3.517344,5.02718299844443,6.444961019842867,50.34733964192693,54.79434309051652,33.318201070511144,32.210234409134415,12.309949583123158,11.173650056766572,21.00350306910572,25.951374780885843,53.520431234467
3.731750000000001,3.926450000000001,3.926450000000001,4.104925000000001,3.73175,4.104925000000001,4.711740000000002,2.6810190000000005,2.5280910000000003,13.780139725960913,12.453046728385472,4.071,3.8232000000000004,3.4603499999999996,2.883625,3.212550000000001,2.33573625,1.664912799,2.313089277536477,15.85493742599192,16.782529188756406,13.09584606695512,3.679898166084124,10.634080496861442
4.80348600183659,8.473283981935017,10.360309102587244,7.914233255050624,9.846574766921757,17.948362864810676,15.33692734058572,7.706094890858485,5.050629084051957,47.1729681852216,35.27483571089182,12.936495797245335,11.17813088421261,13.521533309705287,9.902415600202328,11.957760345094448,14.230802196156088,7.066080472229279,37.84888498009832,22.2137965926444,16.47759064309415,20.35397094844453,50.81289691659083,26.155694102650536
11.215925007403277,11.823861408578788,12.460922673828051,9.749035301330515,10.354176215159931,16.786627867276966,21.08243735361704,125.79157458536312,34.34646480673725,7.238843153388897,13.660081739363124,14.845292704277195,79.79269770039743,17.6417372917457,11.042794995660586,17.295448858001798,46.40951398137729,38.89922364474029,22.1132336066376,28.308823751692564,24.828870726247,30.256739877342163,27.552116286577043,9.213680066307754
2.910765,3.062631000000001,7.172487202813434,7.49850934839586,2.910765,9.6305715,10.870543200000002,5.0564888941855,17.480144776516443,25.175006098556484,36.947454721826446,31.92776780706625,64.74493085191132,106.70213851342339,23.579144502197988,2.505789000000001,3.655503911541664,7.109847857753116,19.31193315644012,20.69627109116107,18.29477626130219,17.78555469815137,20.069143837848934,18.039069427736457
3.806385,9.144504918600084,6.207632965114321,7.257389633189659,8.923661888649429,4.1870235000000005,11.267093097668676,17.171392684774915,12.565294934914746,6.768827661032439,5.977587234670167,6.689912672057568,28.25949815228769,40.933899629876166,30.689471381489266,23.653049888838098,24.662478992410207,24.072297886647853,47.55910809850283,36.85408625497325,28.155247661095625,34.757701118845034,3.304427688325363,3.4272078371733565
7.684491309811218,8.085421291192674,6.437148393594671,3.570556327452804,7.684491309811217,8.45294044079234,2.4501048,9.844971403622637,14.652164134744948,15.59926879227358,41.963728545673,19.68193583710926,16.556228331842853,24.75464452124388,12.295746357240231,2.569583944144365,4.482955686202499,5.903742104406232,9.709597014745388,27.100042167795444,21.667903792671407,21.866704125475938,3.0861447426257955,14.79437504036249
9.670213606362308,5.191005907304095,8.7903741060424,10.63723496699854,9.645892277650765,4.269122,52.39047260617395,35.73594415155372,28.585736419322323,8.188912703933171,6.85744321870857,6.530379612441246,9.907191173000438,5.306815336753177,6.04906167277353,7.871725257153113,6.052674607254954,16.76764482954125,23.728370452476497,29.65275317018641,24.3307789680306,26.01773134172029,25.83806196559471,40.56452759519973
3.358575,5.728321400875903,5.728321400875903,4.841566073185132,4.2855516247960646,5.988699646370263,16.481143681051083,18.61628470488641,23.8567305159022,20.583521312377343,46.12854928128024,34.65291258514954,73.51333597932656,13.366180191248114,26.99508471874112,98.8943189012451,22.704187532036283,14.843206413233704,13.590341070532874,42.38053422995313,13.90538059113126,18.66143866377768,47.81186713164298,19.37201513053204
2.761495,10.45101755750707,8.959245206055163,4.597224685608813,9.454491903877262,10.926063810121024,9.611922633430188,18.728071876876506,18.25387183687303,18.06552789161208,9.570271740219392,9.14846638774084,10.044147895112292,3.3972782731214815,6.878553821374276,7.791505890014438,8.919229401491203,14.380348989735976,15.348856973398435,11.981715197054514,17.604354499503422,20.47773571790341,30.64800382672368,32.524117659455634
6.996259607870243,12.59903903152616,10.403519215479625,8.00177511834596,12.180820624548383,9.967686200006986,6.799935182128455,10.494789558773594,17.621714550778357,23.65276356686322,7.610213263360222,13.357496970232347,11.696197994301858,10.145899796989474,7.631478540744823,9.429609682874306,5.490808297581701,4.14093926758296,15.80094928265762,22.613325596206167,31.90302738998141,28.29884698399255,12.325502672283008,6.903826996419488
9.294411100465837,10.914020255960224,14.954649227868773,15.408749945238926,12.722442660615592,23.776523098173165,18.90683189405311,26.90779047670205,23.500766982699773,9.444504260709518,7.693004913401655,8.42703008292241,15.208724622920814,12.580510862720242,17.76257283778207,15.195381788196677,21.13517698811997,24.71261248087319,27.13117154650821,39.75006133379849,25.60354344823253,32.38953287350706,32.80208263269614,47.62948908769927
9.518001028012664,14.047786227926697,8.43081784193076,10.469801130813927,13.351201786872476,14.686321965559728,24.8981076025213,6.673802662007046,17.398625607763496,24.58812891890799,12.65539202196633,15.214460795099336,11.815558314160914,35.762092975920176,43.595441841640785,10.833666103260441,8.35663857296518,5.647279315286137,34.5586914180866,21.76712002710985,23.783219157853,28.55104204898156,36.29321722699059,30.881725361222905
3.955655,13.859688503698733,12.13416460891381,5.929682699206659,13.172431222523583,8.861112497733314,11.455054520083712,9.463532761781728,12.738095645709311,51.33738889263754,79.04217473487499,19.35107597151884,10.134934910226173,17.72881829822702,74.34951165670091,17.02505709860422,16.32651468731085,44.03443676587839,8.991171429652768,2.4782900288003304,4.645734264874667,4.418950236523467,5.472561871588625,7.543973794911189
4.882935100231784,9.511709866312597,10.603179108376896,7.0913566139314685,9.296814021646188,9.224741323948573,8.139644113382207,7.239955850695031,5.065436890150018,5.348275610060717,6.054280745490897,10.99352905301286,10.324357719351202,13.29381222076844,15.121767367102205,23.33727263180989,55.86660874653969,40.49532999767659,33.870832919258206,13.270537327537832,4.136326996437537,10.76440775324701,4.6244598243839095,4.055421949531145
4.780435,5.982345171722203,5.982345171722203,5.813947293545858,3.5508022173994984,6.2542699522550285,7.178814206066642,10.822796092294944,29.99962534049392,26.40699278754977,13.947396160511063,88.01718452863327,96.56877956955094,9.280351419504388,8.99115009224388,92.56329547407796,59.73426947386585,37.39598726556186,19.99219092777736,18.986425855690104,14.156167397136942,24.62416067250734,21.71339142637617,8.660578452880033
3.6200350857467583,9.035834630496993,9.58603759354669,10.02176657507154,8.849236800681913,8.008523914821502,6.221296666978916,13.623000465738883,2.2752819,15.149405272462095,35.0348494971713,9.109412306500769,9.333962976135618,3.114314999999999,7.040083957694883,7.392955606770266,4.290579305760096,23.69112242285076,25.09395415705154,26.709992943690377,25.36054407413274,22.74043759927553,10.489189487315311,5.509630923413385
10.225568782823984,7.824896409721457,6.941841399727751,8.055457423988049,9.806620123039131,7.834838518352228,53.76086179355068,29.053302996536598,63.25235623566433,37.54214109260161,27.821038351280425,15.926788127680044,7.0916483062022735,5.187909768041847,6.51170370175533,6.347200249935801,26.107157789871376,29.94024451113716,64.80378386338205,31.601698644140917,19.268933038226887,20.658212217004262,4.944637288816497,7.454305015968463
3.209305,3.3767470000000013,3.3767470000000013,6.679192223470582,6.071992930427801,6.679192223470582,18.700065758276143,9.904723715663712,16.24404026638178,47.25158551379372,30.76017905029948,27.116332275199653,29.92085662524844,22.289452167479144,52.95342211146171,4.967488149035309,24.645054348574725,17.26803755116083,9.585369232828096,20.512932937234964,21.64146154409136,18.85275137903909,2.9375965797800903,19.97259636410859
6.563042801748628,9.31278014150893,6.51770349616092,12.280929075745744,11.164480977950674,6.754106695345153,10.95880748029846,26.00836039815108,13.852916881824546,7.076189029614668,9.391169050453058,11.899010571429786,11.833107929069033,16.671221783316327,51.37871064893568,30.872740355704426,32.586749449348446,24.861945268258136,21.38515297019002,22.80068867039777,18.055032846799293,33.228145223684315,19.47786780356015,16.19930806590591
27.30338140477389,6.416930998936437,6.906858048639256,7.013545640794559,8.976914319312481,26.217024099328388,32.016588095197214,37.27557874664936,63.40725827634429,81.78926725777042,6.4999588059159,8.219585456596578,7.675045158352442,15.25761033854247,17.803672252487246,114.54194765883693,35.48060580988065,23.939449246498818,41.43006575854572,21.459092395721356,18.347209106788583,21.68580618711312,26.41686449490261,4.185579534112511
55.71908591081528,29.607987257432683,17.869142756097112,48.55960215454229,11.355014787395458,12.725932253479384,16.223342721319664,9.23121608564346,8.76171446554784,9.50393960767208,24.262258117754083,55.35042570109463,42.772406975070965,22.291571785486877,12.63019808673465,10.035741131027864,9.265995831883387,61.16340444628923,33.30244604887354,36.13858529329952,30.84690953387792,45.99863277674162,46.27236912663126,23.44536053685136
4.104925000000001,4.319095000000002,4.319095000000002,4.515417500000001,4.104925000000001,4.515417500000001,5.182914000000001,5.682751286308289,10.486486421262638,26.159417148479783,19.234061117862243,26.327932971163744,20.41519616090137,16.19872897965563,5.386221232603875,7.540416209015968,13.523187050192838,30.74654906592695,33.47068247253339,12.699955455292653,15.311671175517857,14.65364534833065,19.357172678189983,23.73426544537747
5.738928815576522,7.287902456618103,5.772151188563123,7.414651306914343,6.926518863727947,5.872589547293386,9.352418947941722,20.09592244800699,15.867338993715428,15.062765905749528,73.68030188086996,38.3152368139338,22.925501553098478,17.169905346962146,7.8804326387475205,8.950882483788552,9.366078600806024,6.301632994661181,13.725363122545788,14.452453065863288,10.3786838440285,14.384039995067718,19.073337361671587,15.259037846840258
3.358575,3.533805,3.533805,3.694432500000001,8.328793374022423,3.694432500000001,6.015578027811143,2.4129171,3.2790860040280445,16.314371187233796,5.853689230236453,3.6639,3.440879999999999,3.114314999999999,2.5952624999999996,2.891295,3.967459916043536,20.87071334815211,19.40506769167304,18.90585000194329,11.594337754659914,21.17553619664035,14.749786150767902,2.031075
3.209305,3.3767470000000013,3.3767470000000013,3.5302355000000003,3.209305,3.5302355000000003,9.998055815111233,17.139198132135313,32.439602826519895,26.869316337188327,11.267635596892616,3.50106,3.287952,2.975901,5.342321439350562,20.028807723323364,65.35683970575822,22.024701400386075,20.083278968347354,26.62147743455284,25.103651540712978,28.153013168490705,26.845304612361414,23.857916190555688
3.657115,3.847921000000001,9.301140803590403,9.723919931026328,3.657115000000001,9.72391993102633,15.495800611385368,11.924627220000003,6.802779869918032,7.485811087397542,8.30184468419639,7.587565335884381,97.04197897224486,19.438090614908663,13.100780062317718,17.909608236714597,23.04131428672255,19.808957056539235,21.532273589192,22.88078280527246,24.17476160203116,30.400970348488496,18.4644061095164,5.345884834520404
3.209305,3.3767470000000013,3.3767470000000013,3.5302355000000003,3.209305,3.5302355000000003,4.052096400000001,13.83925026774157,14.36573090963531,2.717697825,3.0139560000000003,3.50106,3.287952,20.364663396247362,9.15671127720601,5.278346497392999,8.279607948289588,11.204670987792458,14.211576619817992,25.3442788463535,17.349969162844374,21.42293876632509,22.848854840118296,22.34533893752757
4.646345,4.240566000000001,4.240566000000001,4.433319,4.03029,4.433319,5.088679200000001,2.9500297200000003,11.546098077133731,9.71758521151711,47.62620512883974,35.51643952176775,38.83840691139909,30.96417173398054,36.51886766850582,15.612095389060817,23.01149411148471,19.539700392954384,15.89159686927134,16.00319165123754,20.954329183496537,26.235620423211166,20.16707998590533,2.43729
3.209305,9.545967710021362,8.143872094107415,5.28922818178295,8.273071811193338,9.979875333204152,28.54322402845,23.57750156949387,40.42769470162268,58.50462041743345,9.451085125603289,15.68782373171472,19.59581922430101,27.6079898425418,35.36034462166427,22.961862170194625,28.570262235190505,21.89371857694066,15.18801460494022,19.95927145813257,42.16518546886651,26.01728266639452,15.771127045790104,8.611120202616876
3.1346700000000003,3.298218000000001,3.298218000000001,3.4481370000000005,3.1346700000000003,8.721922,85.63996881820098,26.41757976,19.087454267874836,2.65449555,4.016500591044075,3.41964,6.856343674620565,10.551975528534241,5.344570313398895,6.836841274525825,45.01825024894586,7.475300126687958,2.116052512031868,11.858997468471372,14.932597716290466,11.058170067692176,32.69535127464162,10.457566654939267
6.610707837124799,11.083751426886518,7.908214893857946,7.27177862083728,8.226206573984163,11.196984297843088,13.39418130590489,7.786882194436043,21.019914152849378,6.415566525000001,10.226389650412164,11.879139492903017,5.135750955179887,24.515704544133456,7.7284650396950685,6.979586162110117,5.963579963136329,2.406417069264817,4.271104679458045,11.351313140264857,17.205381081822306,22.6194550382561,18.412368154211883,25.97616103352528
47.78740038719262,77.12044991435731,45.62693691697496,41.60081529529302,9.667724639835956,13.16098781360124,15.450123530390732,52.02709023398865,38.13925840602956,33.96224439773977,42.8880445706316,25.034237787139464,6.423904440740897,10.644330840173547,7.963516584252125,14.023782749916,22.503771101940337,21.214053020031265,17.672936523467268,13.315918689227132,8.968865560262191,19.76360130970171,26.777009086283144,48.16081412294671
24.34991090185043,8.549082343150804,9.40110171999158,8.64076115166769,11.293159091074408,13.01455562389584,19.16212211619882,25.88294763255964,27.798939861258017,31.41450571586191,11.0285861029578,11.732076039148104,12.70021529198136,15.442540721571188,10.300459325405358,16.955257064627897,54.33649585399744,20.53761982310844,20.87189925895993,23.55799489660235,17.79151722235372,22.88725245332286,18.380022135264326,32.603761691015706
14.730331909971913,6.692122377291187,15.637039425106217,15.627775380205778,7.644019801487189,12.635303685647706,18.975906900120663,7.286195364536213,9.574638360721696,34.782661857785655,13.131764767058328,4.6423901390884055,23.35311774176448,25.370227679068954,15.701438263559735,31.366586739011424,27.912138222605183,23.04699900327713,28.078397576886136,22.62842373528939,22.90360538097898,32.22327994508658,42.51642264517583,11.801248318243532
4.03029,8.776328477481522,8.776328477481522,9.175252499185223,7.694511340279492,4.907512349918524,11.678383772977826,9.847832693511142,4.759666920000001,55.29077906706432,7.9314867460363745,16.22464167653085,16.020778286827838,7.7345103712139895,7.123578490695463,45.290157338123606,49.25909785257775,15.404857831846616,12.85478094901061,3.4263366629210346,2.94180420553826,10.872660396522404,16.72012754725173,20.69461395843389
3.209305,3.3767470000000013,3.3767470000000013,5.2278655,3.209305,3.5302355000000003,4.052096400000001,2.30567634,2.1741582600000005,7.214700374999998,7.522060603536001,57.50296708924336,11.742379934965413,18.780751078773946,27.106825025114144,30.880366482958372,18.74498688203565,17.23000938791841,17.487083433272993,15.3967937181689,17.812503209613517,20.83973553695702,21.67068412398088,21.14140206420408
7.551482501942113,11.436639648344224,13.560569522949727,15.017818466935408,8.61744138956876,11.821588022318142,26.567771931521264,42.48136808096773,32.68493081974989,62.829448130209286,61.62468254501004,36.387370404835465,37.67699554935763,58.83804289771051,18.671744980023146,21.621929797675193,32.63803661445629,23.812906059297312,17.597384124362513,27.787759911406248,14.407738085956408,21.725128194844054,22.83907071708955,12.577091010513824
9.564585153825975,3.7693920000000007,7.774801537779134,6.034464803839091,9.564585153825975,3.940728000000001,48.460544385526376,46.22396948212402,27.421394066558424,28.625542305981885,18.53799916344076,21.38039694608215,6.093666745192846,19.863825489354515,22.928224670050273,79.29285615832673,60.23709087542856,32.39471581606069,17.044271468086922,55.51548789146369,20.21061982358908,29.38099381906501,56.01869503976333,31.85462107480141
8.146115885320782,9.849896533154398,15.093092417983522,14.885740445683965,7.307449465401426,14.63135313922997,38.03872179949755,28.94768787952029,34.91563063828228,39.11396173995008,32.38445716979537,37.30191228250784,62.686486863435455,14.872513591563573,33.62637148841998,14.279959811203204,25.616959577663295,70.81394903462078,39.814199057957744,30.143305291609884,16.640437095735436,31.351806603597897,32.825546445362576,67.99638538468398
3.88102,7.7404079415398,5.54626797661592,6.371839466385383,7.3565860601411295,18.437895633307765,41.473233548443645,5.821431106859653,14.279592031105368,31.074864805216645,8.750193865176017,6.594758868994948,19.759879853497196,32.74143526320629,21.426044614664193,29.72395810513642,26.748876318532705,18.9106452915975,19.801163641737297,14.893831540934023,17.767049165414655,24.187983693299994,13.983381088074117,3.2928410404771418
6.188233572506332,4.13938198778382,7.301669914486737,34.90133756483183,28.686455152539505,7.63356400150886,28.063843275395385,51.05494614416376,42.61962406814826,9.480052230310164,7.690941489903398,11.392951237101885,14.408960535240647,19.17252613679366,9.758228033946802,8.774914022734253,15.292815205430912,34.69801240575183,18.81990175707528,4.5985959219573385,2.7116328993357834,3.7627371500514792,5.004296272257903,5.998033710120769
14.089337479958628,11.614953568594313,8.09514869551696,11.456029848754564,12.121148734471353,12.234654876859974,9.373800967276,15.220756903815811,12.308556029770903,61.58599495503507,15.711637658844836,29.80346219021971,18.011264158367705,12.649437496178162,10.239986467624966,22.150170903137912,42.93992220554892,26.70976803097283,19.68953209545032,26.026103247706395,21.01974323446325,26.50173686861089,88.59253280733725,36.25547280431173
10.026203979107413,8.956313494307338,4.319095000000002,15.876825530157642,13.895179665679002,4.811481448955372,6.202403772055017,10.305772599336876,39.38934236239059,39.26209693744433,15.448719094741346,15.745612096024104,14.787183533657421,7.938367103575734,7.331563642348182,12.42534171925381,9.034044940093832,4.669800490913621,6.070488836818303,15.079106967432832,4.995562786870451,5.612905382471147,5.49028640348654,8.595282419305075
6.047261168179502,6.362770446519303,5.734111458403903,4.187358297499575,6.047261168179502,6.651987284997453,7.697931571476964,30.460050355506255,48.95438185454013,3.982516541208729,7.253244250001669,13.053170963299634,3.440879999999999,5.607460355948265,4.672883629956887,18.209709672360948,22.14927462597851,17.883142020660816,17.491849568007748,19.602421948339007,21.99120812616385,53.10434086910322,20.43110523453411,3.386045302145797
4.279495,20.960977920156253,12.664022355146754,11.556763977528655,16.18588265523925,9.363539687278786,18.65957564437812,16.831577153815175,17.347072232333744,101.48895380870916,71.50831822806815,18.37100046878004,13.698972433930189,9.051883854291248,16.13270166932453,25.908237952064937,7.457420548643107,17.059359236144953,31.452968020655927,68.97935968779795,50.16372763173189,33.01128572021728,27.93950515605904,30.07201310031866
3.358575,14.199689782960574,6.300734446800258,6.876401363820297,9.143972934218722,20.73117522764059,27.275415671472544,26.301839392231717,29.56088848704306,34.62660355149782,18.09138327735324,9.975243200965876,9.368054484385347,6.284330562303315,18.027105255338398,41.319858207050544,74.27497468862144,79.3577689006688,24.18836213458078,3.883106066247741,2.9467123267610664,8.60523424344473,38.8739366961678,28.644047065462896
4.328830000000001,10.589304195816103,8.669197133510984,6.48232841946823,10.06421473156076,11.934757704716835,12.707165034979328,12.42396204609002,30.729916657328317,23.456085252213285,29.742436446012604,50.06049265305152,57.82559835243172,24.672504370664726,7.172544810525053,13.928826806975717,26.356787118008533,20.534861343320124,18.294312419501424,9.832014187976345,24.877873634219803,43.22920727538263,2.5987635265131424,5.297983734601067
6.871603428845507,6.541629651458522,7.000624462893749,7.078905559775052,9.0527771195501,7.798692877707565,11.27862978510155,36.02430057873236,20.61160739789635,4.156646936697634,22.87082660736515,18.42948317081438,25.953495301922587,88.49962530228997,29.59209687000227,40.54728782978745,28.45500859419324,22.149247351391693,27.46225630872984,32.020611065951506,22.24323320011043,9.744016434848808,28.6236757399613,5.474604345024369
5.719121574120235,9.31418063001385,9.151362063099585,11.360966178049727,4.4724027782190845,11.958843882077057,5.646894638238359,7.645988451792412,11.83536196915922,5.168113017030212,8.182413874502107,18.15510599556283,14.823937718571877,15.714388478402897,16.722124947910523,24.473459237307758,8.292749855525154,4.767187375896432,34.46893244330125,23.045951419501417,20.68185830271893,29.950116176878154,35.651834920600024,41.89660372907377
6.308973260560225,7.512281580138024,8.725628185851711,12.955361861021723,11.77760169183794,12.40849901789396,8.23884523807716,17.477947959331885,10.178443569923536,21.65278734318342,23.61601483594457,24.80956006263849,23.793776409484288,28.122667327662054,13.814586312677553,10.138978847756142,7.371707968027655,3.3507170466930747,3.214487199357126,4.837952016009312,2.574135117905388,4.441357917490977,13.91283336424355,24.05246375343068
37.92512224901882,7.071261219353289,9.009710209673436,10.383418045838097,8.531699338040337,12.871196675800665,10.81165225160812,12.701007090544229,16.65721780085268,18.807604304793056,17.045631203941404,20.34705506225921,35.4438781524901,18.556558267983842,36.2995209752087,40.14315568804314,17.61946017694871,17.74391150136943,16.80305975237655,44.21502131812637,22.06584162781657,22.349687925251104,24.47194384541028,16.97545455451926
3.43321,5.599723905808264,6.262187207744352,5.023166486370638,4.440592211208596,6.131286918700095,7.196642264363899,4.094948924805409,3.8613689504849567,2.90730465,5.352874411510338,6.217985427512007,5.8394993580112775,5.285287613385206,4.404406344487672,4.906801543884477,2.14887735,5.85360005482416,35.91117696199223,8.545302911053584,15.184361192823816,15.700581482740668,18.887411536929964,3.446926704381657
5.921281326364539,6.693376011606448,33.29122348256075,24.18671108446322,7.902144167693832,3.3660385,26.61899273282561,5.67717522725969,5.137048460456534,24.722494880635896,36.25265529475072,33.61017265826434,24.322709184487056,21.448250830808515,11.73017027782942,6.802715413927736,11.904961299233497,22.0086668865388,15.234451966486418,12.053710695036097,13.765934091316014,25.36436861667164,14.192303267173456,1.8505350000000005
8.026108647660045,5.04965738642837,12.436040006957777,22.281734241156023,4.428694348014721,49.9100496370693,23.650026964247814,35.53863386852068,29.15827184166734,48.06586247417241,32.09230877613824,24.37351476924176,21.652862616607763,24.45271714157341,24.192141862919655,46.14469430629184,46.00313648289459,37.52430854708899,35.58990708493723,27.236763118445342,24.18647020821266,47.509258237793446,32.65307211459228,12.981987648163518
3.853500937034687,4.969534112010631,2.434399,2.5450535000000003,4.7231109329026655,31.294007011422053,16.39113112371177,24.018993370734364,27.93230051950397,34.773523670509825,53.40557888917943,38.664095271761056,24.565883507359533,21.947387947883794,16.917878098880088,11.524313261888253,10.777002526200103,13.854037592765094,23.721784416963207,29.0457204278443,23.697697220090856,21.80797786018318,20.89519109139151,26.902641553414444
3.507845,3.690863000000001,6.3262430000000025,3.858629500000001,3.5078450000000005,3.858629500000001,4.429035600000001,7.81002221743222,13.352350336932709,14.97630312021148,19.92117196179305,5.17347753781029,3.8985701323598025,5.2607529243937545,10.041134344314509,3.019797000000001,2.1955920750000004,1.565018031060001,1.4009112810000002,1.4409373176000009,1.2371684040000002,1.5273684000000003,1.6970760000000005,2.1213450000000003
3.806385,4.004979000000001,4.004979000000001,4.1870235000000005,3.806385,4.1870235000000005,4.8059748,6.803209516437316,18.304219982259784,19.86442228361517,16.34114534365831,5.919437935528227,3.899664,3.529556999999999,2.9412975,11.752922889303392,20.89222108941172,15.334704514000506,53.15868214351001,31.195686733451836,24.236558542503577,19.41769524868416,15.977416540700084,17.53206748985295
3.955655,10.510485690512745,14.432860484039445,6.764680332756913,11.24887025918073,15.088899596950329,15.031851803838505,14.554430409359275,45.60385615298829,9.75799350441832,9.018778974998902,12.524133087103174,12.334679344650898,12.71956825528044,4.496958563363016,10.84593931034845,54.3997027545282,31.60775960371386,20.173298529732296,28.45148602108461,24.09335555601364,26.282081131689008,29.935931833492376,5.005601637932305
3.43321,10.178504508476635,10.178504508476635,3.7765310000000007,10.656353433692798,10.64116380431648,12.214205410171964,21.16650551261197,42.66961762611826,37.38139428603035,25.0782577600112,10.514665336910683,9.620236444460762,8.970237256531249,2.6529350000000003,24.61821296106412,29.7756942091922,27.2081411380859,31.70564667294663,24.567409038516736,25.504898774162235,29.42730356783228,24.52058612012092,15.30075830536716
7.7700749345294815,14.441145022964085,10.4791784318844,9.897570610959727,11.830288743110264,15.097560705826089,9.81056417820592,32.244813557531096,22.19175408835303,6.579840728649283,25.37054138487528,29.01372324437792,23.61176499402978,73.38872707073698,4.835028251707981,15.065769232498871,61.12107936740041,26.31184686690337,25.627434224397746,24.455343684440088,14.207512620729824,20.99307567056045,35.60059314939591,4.210677833106502
6.072570194680099,12.800380323000068,12.800380323000068,13.06874937954422,4.758162555860797,11.858945660845697,15.36045638760008,6.897638842773967,22.324512600378124,75.46527334645266,93.44027383140686,10.655393497825958,6.642898361642492,18.169955976255654,37.120291476881114,40.78566761183572,25.981584986896294,20.40146443137784,19.13720089318147,23.352283469075456,24.92500004604292,19.695724984455712,5.349711109248065,7.35709312328704
3.806385,9.06473176129069,9.305672368971198,9.728657476651705,8.15725465109018,30.740604673079456,11.166806842765435,5.695938835521864,4.4402421390387,5.550302673798375,3.574692,9.64825534874549,4.838083316465633,7.139321581335106,6.834180872028055,11.798935753891548,29.05723410532215,21.37739188608173,26.93042625746393,44.05667503907541,22.19707967755494,35.46535785139122,29.94389095240433,45.3703896399445
7.4518890674741565,7.840683279690201,13.36836260307297,13.976015448667196,7.946637599939161,9.130962738911869,9.40881993562824,8.751278139848667,6.475691753335428,10.75922181027561,10.810774872379666,62.58959359677532,20.18781633904166,22.806471295393504,26.763934297250447,14.421672716433893,12.672080327502096,2.58857754862978,4.17155046009661,13.797806003431369,23.856824349917183,20.22095946278286,21.415856450185583,16.30281711116978
6.194860281775839,6.230112563052188,9.087309215902556,13.811471321202225,10.962969663237464,10.86821321323854,21.436202013525207,16.499971706753737,15.570242573242844,53.40538632994672,13.404425866055917,9.424103977249226,11.231627417830634,7.881687790082595,7.80148598370128,15.513910984545433,16.994400520899312,16.00225700036607,45.92773822934672,16.175176386581427,16.728109647164207,20.26899383169269,21.70247821726084,25.697194078393228
14.092380011516704,18.61174769534973,6.520817928591344,6.817218743527312,3.806692398336092,6.324120536272763,14.095673041361048,11.448760899763275,12.543045598589735,5.669933959000509,15.75295738922063,12.444145116655877,90.42658642019106,7.281494090837357,4.332811806445261,3.662968574679852,3.130848592065452,8.427527647978016,7.895088231355566,17.494973345377126,23.325901406034102,23.461857914230134,20.68599427461565,24.133549501109137
4.104864723129863,8.620335494179159,9.014514891895,14.773699242264604,13.414838627326532,6.972097077950943,13.532172681658588,10.612906997399667,3.066631956749078,9.16940323971878,8.381779144221076,7.748935224064906,13.069792480809609,9.928928159853568,19.52089746614026,20.058565960634184,34.783341242640574,27.85034937052577,34.27702167618767,22.877584894877888,12.516898568127832,18.597320768354017,11.203854420593826,8.248289523851277
2.910765,6.253773788041961,5.45598809103147,9.318198510413753,4.427217151342252,7.372084916191197,10.695671333692308,4.270138763372121,11.462248564336695,51.96918618675516,7.955458016795932,14.72100040828413,21.338672196391727,7.855010314563658,6.545841928803048,7.292503182062938,7.689778901308048,33.66359867144033,12.19020597668058,17.79602343590168,2.9876360970349083,1.4874861478153658,3.731440671384416,5.122832813845864
21.718383147687646,6.725961029572118,6.13874924522276,7.33863814546256,3.88102,7.031686530916304,16.44780246902112,38.31916014286228,29.55363369294552,26.6599018332085,32.95511414563176,20.46553242797445,16.035948020952826,15.16191933380064,10.414017866533367,17.683479803516274,15.872263798000532,41.295443259516254,25.28839889857065,45.23187127603707,23.56604002148697,35.30824623962507,20.81871359052778,34.67779547294168
3.806385,11.496450672554849,11.259493409031984,13.009928805130194,4.43522979344273,13.326263349223066,16.090217618307207,31.742129548953336,51.22249126969086,48.44933924651853,8.227670992812472,14.130812277294936,8.425425025787826,7.706129052777033,10.009325363083914,24.33099239089615,10.02594554240572,9.310383420934023,17.48811217131972,43.8946940296018,33.249775754306135,46.1680603815921,31.24754183848656,39.74067833926841
28.769435509007952,19.21920094303888,4.5546820000000015,10.682784151516872,8.977604871025642,5.299992195592442,5.465618400000001,61.83224865074739,14.67995337781137,6.5664340118682,7.282245659034677,10.594496679190284,13.496264470461169,9.381316247794569,10.990942001631097,28.090288559146455,34.23892454767615,25.618173984547767,18.54262396022421,17.79220669262636,13.22042209581096,19.02728601878692,24.916672605627515,30.90748987083637
4.03029,11.77961049573213,11.77961049573213,4.433319,11.195497578588386,9.227695608422067,13.54490878603896,5.823864899216943,5.973875983076518,7.97064646014675,10.514032508587354,7.118312377322455,6.927410366964584,5.2068291316575515,8.651066310727387,9.637863132871743,4.279323798549851,4.994848853692051,1.609557642,15.123915442486703,13.958103080283571,24.729562115440515,29.78509085883704,22.76380612481059
7.431094179759557,11.269725347947473,12.597003004345645,13.169594049997714,5.05177472952167,12.11457881033311,11.449019018163664,23.24430202424872,11.375537531524454,11.806620918507711,22.67101369509049,31.73909527485113,37.229372225279484,78.70718385507737,19.60116042628182,27.066442064983228,33.34537528839449,27.324646670457817,45.20579782639511,72.19942130290534,32.40473226397924,42.854294199551646,37.78891988454535,31.51688790700466
3.657115,9.552883430907038,7.996984586114208,5.378344432963448,9.079186731853794,4.022826500000002,9.8882652,34.42064101472488,29.991521115139008,28.370322719396302,18.711925845354934,29.57857366213341,33.11798422661543,31.016850862160705,27.52505773313777,71.91859589197826,38.67892368616936,19.68373789162789,19.523721551436957,19.384665722611604,17.093251188743526,25.74380134201369,27.677667104957564,3.702051534268111
3.9594708251784745,5.37911037176698,3.448710895294498,5.085443413406485,5.1123776260595255,3.2018415000000005,6.4549324461203765,12.374428296363924,15.938929915487442,5.047258114877044,6.157761940747376,19.7910679642242,72.64228889912864,25.036729612264633,25.731430616651092,43.363092439004625,21.786681400147582,19.33423658139186,38.05463741062832,30.84683016370166,22.489479822241343,15.764717803891346,17.624837035590062,13.126193833894304
10.944260329141402,14.686021976577385,13.25918143426321,4.363597327201052,8.920656979603315,16.595675342380922,36.35367818769205,66.27950343541008,21.82200997245437,9.849254716811986,8.994353282147783,7.514490013286271,13.849298635217925,8.808005411353939,9.780333065603847,41.98102412203662,53.90122976989696,23.423960921771467,35.76193957820804,28.48845056085713,35.20539791689305,39.67030420227072,44.43572977034719,8.167515006605246
13.849955169691288,10.525465277714606,15.940266167528494,12.635287809345046,12.214454900336282,18.9137133261329,10.68957229821093,38.069163645262,60.07626406278938,48.77353955480128,38.51220900721023,107.42136923223842,47.4878628248329,41.47905639687067,36.83843662211335,41.92552431484986,96.48796381482408,37.95469164046225,24.148865672594106,7.734048527952414,3.411634449418392,8.99281038457783,36.87888028037376,7.294434369491556
12.805267933932493,12.688467252529795,12.497126067454568,18.97750413847843,13.622640675008808,20.23914729498252,47.58739075732594,34.28118239269977,28.411724037985294,13.409993257070502,12.122612376857075,10.20825265966838,16.752772950686186,15.315474151789457,8.379473759725942,12.800769146368912,77.04834240899116,28.344056593454543,18.3014798997231,16.973109455582996,28.514003869984485,50.14224999964,32.75801374698084,14.175120303382354
4.03029,13.038548761018442,13.038548761018442,9.702045944147956,10.095744405131098,13.63121006833746,16.700410513222128,62.11692307244088,52.81349692868137,58.52202827714444,96.73637550393222,40.74757837283688,31.54163326097894,26.683468019670986,27.619988223243734,30.19344304883118,86.73701070793068,25.31632473664812,19.19042873580529,25.87786323025741,23.95639082147402,21.836088415848707,31.12295016516121,6.293494294329204
4.328830000000001,4.5546820000000015,4.5546820000000015,4.761713,4.32883,4.761713,5.465618400000001,10.370545020000003,75.24317911912408,76.76177808930525,4.065336,4.722359999999999,46.248084847425886,4.014005999999999,3.3450049999999996,3.726558000000001,20.665202134418543,18.8714738157614,17.531065572346147,19.178122529862424,34.9949558766446,17.589971323200867,8.698030794122706,2.61783
4.328830000000001,9.38690716412529,4.5546820000000015,9.81358476249462,8.921440693176926,9.58395422783577,6.783497990215991,5.909492850879226,6.04387054959586,7.554838186994824,4.065336,9.73248075619301,10.268941810454175,23.643260115748504,9.722825813575682,7.680196770647965,2.70945405,1.9312988468400003,42.790675345327735,18.30833382400123,13.336194766623638,17.1313724927677,4.316143639702988,2.61783
4.91790615925828,6.522801743242964,7.87111091891852,8.698754006756294,5.985781883794705,5.409696775184109,17.181769248569644,22.327320294074884,16.08310846026176,8.077951038819775,7.426604211301816,5.364988537372669,6.132469028773073,12.325948597211037,4.295306231711923,10.655031090546913,18.20272237460233,39.48615139021083,51.416197791111166,4.658947076051823,2.7890274542625275,9.37543315561545,25.72410645283649,1.940805
4.998862590510535,3.796805861651476,5.422213584954423,6.178464806579185,5.616786187799258,64.3737022918935,3.5809224000000013,13.928197513366769,11.444320859176008,58.69335322300201,20.62920305314369,21.69069427986361,25.703912673374344,10.334649996390265,44.245572522755324,13.12646751671067,11.057138171258408,43.2196084209164,9.840085657406302,9.49672332497414,16.257906359947,20.379648831997788,2.7173700766269926,3.39671259578374
20.896163094468715,14.719441347599163,9.154133046432666,13.487070351672632,15.416603693018518,16.765274680022255,16.867391264688855,32.21849150428907,42.37156148891002,66.37845636057817,35.12525824928958,31.593565303982505,87.51649914556141,23.78446598728941,9.488142740710401,23.914938794301847,31.694984884853703,34.52810408377393,26.3624623066326,18.07458942941433,5.603669895442025,9.623335119364286,23.81949126589593,22.80388287690364
4.68809,6.844544731694413,6.844544731694413,5.643248511696393,6.917621789275483,5.189524944810247,8.213453678033295,4.673523022583407,5.73405318,69.83479893049031,6.109180421677657,4.39668,6.664560460011987,6.032044305242331,5.026703587701943,4.17973001773484,3.4692275009124622,3.1890180621043496,8.688893072234022,15.314842926322136,2.2188450875897283,2.772572117977035,1.949832,3.93394193820152
31.081342683551103,16.7015120940159,10.399532315229605,5.516071256717777,8.165296746815354,3.940728000000001,12.479438778275528,7.100903800696448,6.6958611596585,3.0337092,9.282227190452868,3.90816,11.556413279289094,18.258004086898048,17.79229061017383,19.386505172551697,22.04808123911144,42.14027131400146,19.20984633358018,23.08030543570436,15.950455368571784,21.067306215501304,7.2667106194723665,10.478091652082236
26.12877737172272,73.38934391782223,46.12700339300785,6.986810926513437,9.324136982993153,11.245108051897844,11.205390464962186,23.86333123509727,18.947533765187988,86.90837881773186,32.335834996723136,31.087124483366868,26.809381889233382,21.979863751561002,23.026418504303262,36.11404288949982,84.90177634906209,23.57539451165765,20.97775179424411,18.338766214972267,38.74257703100702,30.11071061000533,28.948720074785943,37.40544020335963
7.516022244424427,6.476219690291919,6.476219690291919,9.265645239726172,3.4332100000000003,9.265645239726172,4.334800800000001,5.888644195131047,11.620009451819543,19.924904377423925,19.89815005598657,16.17997323215309,36.92422630791174,76.46483349073151,6.077246327069947,76.6095362855432,17.181515277980576,22.884141900826258,16.60943692544631,24.18045743315754,14.720383253574452,17.222566844217344,11.618937158365997,15.044688027795898
3.358575,8.925893485883869,8.925893485883869,3.694432500000001,8.483287197327643,9.331615917060407,4.240566,6.094688593419216,2.2752819,7.183801840282452,4.685476925367469,7.221551442772908,83.87666622730035,45.15720744942553,8.812422046041005,44.17716703899455,75.71076134934238,48.074679152714175,20.26064120957527,26.79652995202469,56.13963138389622,25.392745281981583,32.51834801108201,5.130209253719879
4.104925000000001,4.319095000000002,4.319095000000002,4.515417500000001,4.104925000000001,4.515417500000001,5.182914000000001,6.7116357,7.391452500000001,32.8908369736763,24.11389302022912,25.72814693239616,27.869259740336286,38.85398555619733,28.24919178633969,39.47006207285448,61.19845464923291,47.48698571786446,24.024114060818334,19.536289368453296,19.27840068190673,24.882278153713653,43.31112396148471,47.37322909737779
3.209305,8.686365611666176,8.686365611666174,3.5302355000000003,8.255636738360414,9.081200412196456,4.052096400000001,7.713128558043138,23.82162960039732,10.06065356571893,18.285038057083547,27.940775486895475,26.471861214696062,21.101244988645053,9.981330291817416,24.495099183430913,18.485197961866945,15.768245293689771,17.189319252749176,18.842145868034308,7.754207051984594,14.49197476121886,17.46454574102425,21.889992145581942
7.632130081430433,10.495801220740436,6.54898104810494,10.972883094410456,8.011565798529817,6.652561662355146,11.53632790516208,6.137862501312039,7.022437835172876,20.95241579003176,76.77964563199669,73.29305337655468,69.7489970834554,14.315668466365954,4.608453198612622,8.587473726060356,4.777019600968049,8.094493130572937,16.131740181068,14.32595333016894,23.17392202735447,19.112853869915547,3.0112519920662826,4.615477875331448
14.464845254514907,4.814273485821613,12.236026967670693,12.792210011655715,12.646215700139024,11.252150390644871,15.501459460118422,14.624639418697594,18.14476464546335,8.707901742611472,11.009374618729938,14.79540195190116,13.991839541971418,41.819659175208265,22.56901352329035,30.152574950186494,44.43814377783614,39.445514471757406,46.00037256128154,33.146886781475416,28.340365678411807,33.020834027223806,30.15682612421918,4.829169799829087
4.104925000000001,9.660050900469892,9.660050900469892,8.830115345214308,18.563355020366696,46.680043420474746,8.387487540281937,6.595978556998533,18.588392235848445,37.77134061855731,26.991398012753148,6.995181873727356,7.278548652794094,15.24585168968641,28.619303135544808,5.122849730718314,4.446738317566392,4.096102683896088,9.914540984687603,12.473021524057796,15.230815156706075,21.892695045347008,50.38040178244254,2.482425
33.722596933605885,9.03266164664457,8.760002928919176,10.376075507684106,11.435284027163233,4.104925000000001,45.06500090947621,37.61321144751301,62.24674867888548,40.21670611628865,32.22569833698233,16.926371679575436,7.000085391370063,24.773595534704352,18.37367307266719,35.37367268902776,29.765255075303127,20.690924843884236,18.06936326337384,22.019854708830096,20.926238895929743,19.810661452275163,26.952363391817546,24.59990513884499
9.173248548244484,7.965782275113193,13.505899012697869,8.327863287618337,9.173248548244482,12.189156771389474,12.09156352446026,9.041826233825974,5.808304352035987,7.866404250904578,10.82014475390603,9.900201671495882,11.208523077234396,4.2984028188782455,9.356568879929982,18.570437460052748,39.51435170175241,23.122666168217133,42.57917262482717,25.96504789741497,21.24430693231612,21.32243020406036,18.005272815557966,6.914157672163952
9.219791470995986,8.60810387503133,6.969023583354224,7.571394706147393,8.700523609996353,10.141770618095588,11.640988883379285,11.563020259159291,3.607636844599317,7.807487050211601,3.2943240000000005,10.05795433199562,9.44573102483067,8.549261182196277,2.7106075,6.819483130706028,4.308186161307835,3.0708750957802247,3.474686502924369,3.787265854405859,7.9538977907950414,15.088140569628065,14.848016393090324,3.848475059411832
10.79795070515158,7.380052050335266,10.854625050764126,13.884474821778094,7.350962762502979,13.884474821778094,22.93589280412791,9.595104108265858,35.621824260138546,28.66661789694568,9.335375479231942,17.089670316048263,12.931569794483947,8.268259680465288,11.583234853051664,10.866110730087206,7.0005591482267935,2.0995121642759003,8.334192123926613,11.76720994679198,12.882452834847516,27.55393312983325,18.728792471541453,7.198521772726729
4.328830000000001,4.5546820000000015,4.5546820000000015,4.761713,4.32883,4.761713,12.117855720683536,44.24418006720455,32.5959461861384,3.66573195,4.065336,4.722359999999999,4.434912,4.014005999999999,3.3450049999999996,6.985719092734919,30.951878389951887,27.073089995069644,54.2736675830441,17.783477850955652,27.72445116420917,37.42587247366096,26.43081881223485,2.61783
5.557510696668957,9.258606503426272,9.176269476596064,9.430575729076075,8.339670305993824,12.256898046387656,10.188026478322495,23.168641935456776,11.859559384928616,6.073183980204629,9.14821273265586,9.514088563262632,11.277877138678656,6.433592662256116,5.836676505270645,7.983697231193235,4.781275253364507,3.890967285628955,12.350690727229203,14.324664782144133,16.983096704747375,26.348859616607463,23.90295362649853,5.8908945626950615
3.806385,11.111371989450712,6.018708602205274,7.871233340398286,8.591073104413356,20.926173312446075,23.97406268788864,72.73362946957226,15.609182006565565,8.569943167008686,20.11114010249698,22.941896087341537,29.043703056624345,29.08906607391373,14.674354643497718,30.836400256608943,58.96181553643338,22.377110869636294,70.0707830308802,2.822951826527164,13.90999892736246,55.09040700456053,15.24468641822255,5.484742739022797
3.955655,6.83798452976027,4.385032627480024,7.615065593116692,6.922786902833356,4.3512205,8.740770941664378,6.863916503583409,22.400779576494056,5.862341818172064,3.714876,7.552131166727296,5.355382382633098,5.0436412458591,5.349426243098502,10.598756551134803,56.79862473304706,22.383282147306293,15.35754994212676,20.091348079871217,17.851871646787014,21.94463078158617,26.932957520517498,9.220164650033956
3.507845,13.262500487858675,7.693396987979322,5.532416440427716,13.662244283786045,10.517767538269547,11.910256182397774,12.834359736170263,25.905195975092724,61.38218788996111,17.199701355728788,17.14016248099386,32.23039937851905,69.85978493659344,25.608021981662667,30.12404849201375,21.701572820082923,48.97691992136747,13.962346762242978,28.699114893536887,24.768890588957003,20.51513567474109,20.255876290205467,17.76666269784072
10.528786041966423,10.381974827270996,7.018680767956694,13.405443287496691,5.065311864945172,19.597301657279907,48.674879740271386,49.61605719335624,54.23180847584293,37.52234502714766,18.79542889158232,7.277069466401378,19.95445652540449,28.68626719527774,24.32932249288442,20.684342614674833,18.63689409749245,24.103781858980565,11.430800535289572,8.187032843531144,21.384411367337968,35.78287729370353,82.11263604388566,25.327239456328005
4.17956,4.397624,4.397624,4.597516000000001,4.17956,4.597516000000001,18.90491308698639,15.235357399950738,24.247927300243752,24.38317489421399,20.052252000000003,62.573756902801854,60.95564865801765,15.860650790911693,11.888255842825476,18.959243811601326,22.47464945553426,21.40129526341372,41.15428434718726,50.14469133967342,20.9515596540152,23.30890101526965,28.764971522033427,29.25411194315237
11.047222968319774,7.761016088777074,4.971026668646211,6.238699255256911,7.376172315779861,3.5302355000000003,10.400581765969935,5.299298754171585,4.8687094995910005,4.161207417638038,5.148446134881699,8.479248743958173,16.291089525918228,13.439123547215642,9.870645406872045,17.048231217249512,22.72114052542508,16.237013334731508,19.231612371796547,20.287919666113314,15.568297715133795,15.365740267137246,18.35395124305352,4.460689187013118
7.521035951834388,7.91343782758227,7.91343782758227,8.273139547017827,3.209305,3.5302355000000003,10.678053393098724,18.067462117706484,50.14384764936379,67.27192516528265,73.7172353909965,19.056136556351355,10.675986225898864,9.575215275629409,6.615853617787208,14.456425339419672,29.175424729717456,12.822377180379146,16.388960487419887,16.343131588016007,14.059088322982698,16.346439979458314,26.229869519681955,24.650732676367287
7.601009242325864,8.473348472332928,8.473348472332928,2.6271520000000006,8.053182432382533,6.309312581048645,26.757636582841464,35.765218115584226,37.14336608291067,52.921810686364495,26.45572545341161,26.21843332043904,27.68825994043636,24.804120186069287,32.8699086870815,46.14798039574485,49.25251920444758,22.368800693941044,20.447195893548148,19.93018019267601,20.84919665892744,22.49927533328433,37.35485337550735,46.93744348021946
3.657115,11.213547600846583,9.323088460011732,8.074256599729493,6.911632676479638,8.14328486584837,12.908366145218984,7.034490163168034,5.918960319388969,5.247052961323684,9.601264074956267,11.62636791071997,10.538397052586182,5.632485063895455,7.061745138271865,13.100877103914726,16.771219137762817,23.58717951754243,23.638356261248592,27.38949778267755,23.36523691375692,25.86515819713448,31.7239632362263,31.911051719628205
2.761495,7.186802818869341,4.618064927547735,7.289684115558867,4.999410587136246,7.513475674272493,10.309209382643214,18.8050770094852,16.218158394160803,25.4315907624836,25.13981622466589,38.767008088735885,23.52959735743934,18.17717782383755,19.55866808408089,9.740616397256735,17.10201606990926,11.356964293188378,24.029944053273965,19.109159353303493,13.585077271603952,11.625132486936334,16.3161453976976,12.850393187574994
8.892217831717376,6.979980122583302,6.979980122583302,7.297251946337088,3.806385,7.297251946337088,8.375976147099962,2.7346393800000004,4.494142273066444,5.617677841333054,3.574692,4.15242,5.0261858375522035,6.734034793195785,3.5482061729537464,16.06228000803473,12.554474211680455,14.789866472620265,21.799681512600284,37.08952175142095,22.38482281138237,9.030878863928203,1.993499041574504,3.726801014760973
8.934661237047065,7.001230531208998,8.933286472138413,8.917429416920314,10.476608137113343,11.52426895082468,9.334105406344436,14.32034235074897,32.45266332765627,15.8993246394033,8.39081229218333,8.100038754708141,10.885092750639624,11.837821441883207,6.378350630115152,26.896006536533687,32.905554503050936,25.76905624426546,24.255005695042364,39.3709052498745,45.32313920502106,28.56945585247538,21.797848763014485,3.377447610393696
3.43321,9.438798800249016,7.496643866832677,5.80696570311708,9.234452008905942,13.647779209796536,11.65949940602733,61.62471252094265,28.38766433915558,2.90730465,8.672354930102971,3.74532,9.4607508328396,27.950044627960537,17.871186811621826,12.067134186711996,3.964402405968974,8.21972896957149,52.56533990909372,44.772522092567804,20.25354830904552,28.64102740839716,35.545087843319024,22.55790887918695
18.329405875325712,3.847921000000001,3.847921000000001,4.022826500000002,3.657115000000001,4.022826500000002,4.617505200000001,6.041886621163861,16.016869783613704,19.620557100000003,15.68615103049096,5.934680507907439,3.9572658916162022,3.391143,2.8259525,3.1482990000000006,2.2890215250000003,1.6316145430200002,1.460524527,2.249946876087034,26.71327143342083,19.624996778951708,24.132652479731988,24.01863129710368
3.657115,3.847921000000001,3.847921000000001,4.022826500000002,18.73023106083503,28.45331387951867,4.617505200000001,2.62739862,2.4775291800000003,3.096911475,3.434508,76.36756935398209,16.35679760716664,126.24662716323476,7.075399567053733,18.56652860628728,6.367696425701475,40.81950312081651,26.288144912925947,16.27959750434648,7.200142154635891,12.90334332124586,7.664378112409934,13.058062001430423
5.93582993128256,10.64867263263024,13.92520892194044,7.416725993187188,13.2347026944062,7.416725993187186,12.43770513153976,9.686399473146432,24.057660584264223,26.20245742343127,12.429112095616258,10.74632674776162,19.926374721964322,12.372795578452909,10.726296594125516,10.480387901397016,17.85722486329338,18.740883282283303,12.926795420957069,29.96468790950289,24.79682592252553,21.5738639690973,23.317409357173258,21.48975428584491
8.515029683493221,8.57424155074301,17.398630252899718,38.55070663278388,6.408697656955727,17.498623877543352,15.685200214885842,23.194579862676644,24.77459188379867,11.287345396075237,14.939536591104206,28.67333429787816,18.33582833546832,22.279149365988193,45.838327288159476,59.02260444291102,20.167557045139773,19.391608963807407,15.968500763177948,14.794114856088967,16.375093478375106,14.492162898357876,29.32950584941284,33.78241350842116
3.58248,3.7693920000000007,12.227871401396923,9.706350165130551,6.38005597517591,12.16821702328535,15.012052081676307,12.035209043508582,29.040628837364267,73.4777635449092,54.08019117585668,39.30498188654777,28.24567109470476,21.508523251797282,15.898028515777732,31.63553831886365,23.51072859404681,22.63700911942048,56.85428248846487,39.39149573461198,22.60730697769711,23.212881685132373,20.614160709635986,7.028040287053828
43.2627862560226,40.38135429814964,14.313179179209277,14.963778232809696,4.03029,14.963778232809696,16.849264422755798,20.19322571828497,36.3625494974635,10.204273858342502,7.976041201590104,11.172243360250665,13.141117426590213,16.650113581865366,70.72122274956293,29.82667403140921,48.90431419334208,4.336641848663677,3.881904468113266,3.250688763007841,4.797743249020179,5.669516133126922,3.7345912329950153,6.700144256758508
3.9923091307473673,12.273805089758175,16.859087996933884,11.319879214526402,12.734418523525044,13.726543283260172,90.32883422939572,44.60473904019932,17.225420718641743,8.586366262041103,12.491229401311838,11.9742700716386,15.641048502624002,17.849078160060216,10.877130610005212,9.962291645144115,17.270981390508606,33.767768206457674,43.871800011538106,29.10600415834176,25.72383480815261,28.347022233948312,27.958722355196176,11.933381350884025
3.293432539543388,5.389911012380432,5.550298279872459,6.137939760986358,5.579945237260325,6.137939760986358,7.0452873778278216,6.958328215413288,15.039217899838045,27.120047375958336,14.708217452787531,17.985267243037292,31.69029223913419,12.545390287693207,4.311775865155705,4.803605030337151,13.840462072595578,50.45113708209646,38.65967299223209,32.60136659163426,16.274876258243175,10.868365674458904,16.020795922052372,13.561264182003509
10.874112314215209,5.856463628220487,11.851510823138044,9.797784840141082,5.566060473102114,18.569537137153347,14.393711011484818,14.003156560841312,9.596517869175372,5.568820617428194,7.416282289298172,15.90836077691386,33.73131939371297,16.76971599386163,46.28228662519868,10.365918671208236,17.905798949351148,14.220814543609098,25.597130836539623,16.18784035847153,31.023162488684942,24.582502521161665,23.380462872488973,31.22041914979636
25.543817712786947,14.468092343958723,13.977642637423518,11.17117933433052,6.76019705808388,54.89007042952982,17.36171081275047,6.906986557915786,6.883891931850775,32.42594123375335,7.482871362395843,18.002198283713884,27.64245271970697,21.14447978350288,11.250519820018706,12.855029329588332,19.194515717477717,13.402903340385103,14.887626536100392,16.635016821681234,12.569176964202514,19.559824489851746,30.62129469876184,8.691472083992744
5.284453181368503,9.202915832351538,9.75412111558669,8.46871005069401,4.817526974628981,10.197490257204269,11.677581530805275,46.62438237945751,13.545391836351536,14.007870967963868,6.0002408449725735,10.113213478219109,9.497626570849247,3.252729,7.163526213738534,7.980644549116382,4.818766008184153,2.149330024676771,3.702293557649173,2.3017140652298207,2.438125861236051,2.553827765159016,3.217756540976322,5.606237906404069
14.156009194698576,10.543853956713663,15.61177620841238,7.524157104930413,11.586960693527365,19.67605793618904,36.27320774335723,20.763272390927305,12.700971181849882,12.861286553381747,10.047398022741415,10.39755334364894,10.775531435837113,12.942499131129008,11.73601027415404,13.462390914842034,18.28930072897178,18.978145103653844,22.466916580042525,17.50521535911673,16.05004138257686,20.07948301024136,25.447092023257987,4.575678268693919
4.104925000000001,4.319095000000002,8.86647920376562,9.269500985754965,8.426819077959058,7.324648650673387,7.167227107097725,6.0541199323563255,5.708786888086445,4.30791114434274,6.806930737831324,5.763952783525008,7.2244787091456715,4.717197388330215,5.600820535547237,7.254392075808234,5.274422668340737,2.1819866969169595,2.9731024857166943,3.4615321025002057,4.706183852317269,41.15289139578424,7.067629951795586,5.096060549121486
8.704560239794095,3.926450000000001,11.885825609825066,9.575016263773504,7.227782904051793,8.33181370382498,14.262990731790076,13.845869702345023,58.366242353754345,26.07855591874476,21.29250716280704,8.378025340598064,11.573275725269182,5.138682953344365,8.713545577770512,7.741410480039976,12.699145575076544,14.877306818831851,12.013073709658292,15.873433217285005,15.247215210102928,26.91776335264117,19.28574944879669,23.159049246582665
9.214892457042907,10.143108438949758,8.223963753217426,10.838047382433976,11.094836872410228,9.664554778863163,12.440193517228565,14.284007709222536,21.293010658263803,10.191295143734056,7.203817516921614,9.755586463079505,11.206224972161255,7.787308560518614,6.590280851944487,8.93789391331808,21.913193803482503,37.72129681269261,17.915235915107953,28.243849132283888,21.80409736326393,8.056681103139576,4.766715772942574,7.277967546459942
1.94051,4.274199582816061,3.0339520368071384,3.301521191017485,3.3550072012333167,6.833398112374133,29.108820088337136,41.48234330926866,34.85018129579646,3.4399920722029544,3.81498805738954,3.2742358919181687,15.770095522880588,31.715784942744467,9.063114558906918,31.677316474755152,36.65257248577604,33.91029330996658,28.61739097765317,32.67813732494892,15.388060917301866,21.30345783134881,67.9353100761178,37.09858328326648
36.40072486645021,55.56765086001824,22.86482297769735,6.87582412463873,6.250749204217028,4.3512205,28.531173482032784,28.79035135396532,30.168984326295337,5.29324807611651,3.714876,6.818999131873119,6.403929619498234,5.796149262092153,3.0566424999999997,5.3810797497172675,3.9124007519122026,5.755003846858056,19.636736058182464,30.47846102139993,28.81228771845964,33.8490883833031,39.049017822529045,37.93504997808571
4.43286099890851,6.906937773995419,4.319095000000002,6.319065493996807,5.580636995088297,7.220889490995212,25.64732704121354,40.58898223652714,31.65543918835244,5.003487039916387,30.358162974171417,76.91102984074122,22.72977007087174,8.992564256856069,18.502350072797643,97.36264897974897,19.925076674894967,27.36041553000216,8.047853695629922,17.24170299325405,22.856424754068776,27.888494637394164,29.097952537096628,29.19806145102752
10.576062020808951,7.06058407893647,4.508804582705211,6.714577350554958,6.710472471716479,4.713750245555447,7.707167045854389,36.18736446888448,27.457759128108187,53.338089760412245,46.54216487035112,26.391823839869232,23.169360506919837,11.348761587179954,5.185365091780914,5.776841519129839,19.43768615590364,56.179445060944495,26.22133554824324,19.495966885329377,16.855230372080804,16.965999058972553,14.839758031115958,20.872622133981736
3.507845,6.411202319671769,6.411202319671769,6.702620606929576,3.5078450000000005,6.702620606929576,7.693442783606121,2.5201578600000003,13.51263700010998,5.1599099961610735,15.137070674464011,77.94600942106182,11.627468112620464,18.235152942954812,4.708452492471189,3.3907523617734228,4.745965870858928,13.27030696974575,12.20685976426494,16.955523125508517,17.99873529835062,2.528028152750786,2.947900690938484,9.963955185765984
4.104925000000001,12.92533969425375,4.319095000000002,13.512855134901644,12.284413759001495,7.237848392523959,14.855624320856402,32.29798479037093,35.67297673196053,56.12920320023946,41.05005136937383,36.04475592331496,10.709809953616798,7.17602886808229,16.024331781039077,18.59441842576384,4.516872072803324,11.368773966383191,25.442294357993543,23.872445691002596,24.6413738780311,44.27414355218088,28.71547728773299,27.34442782448481
5.585999067279533,4.221117106473585,6.479742638841507,3.940728000000001,9.622003086502255,6.774276395152483,13.193142590286708,17.50281634035785,10.136084213248616,6.313837729990773,18.648030420368777,6.796191854087182,6.016120186285058,25.205669966621116,82.57991122096226,22.030741993658403,12.084968286048928,41.17715005892869,36.25823156068217,17.947490467425613,10.51192874146653,15.305801521831455,22.45692981118877,30.8076258108872
5.9120256103445605,5.983375018590452,8.828624240898991,5.759583488275651,6.588066231347624,8.734162220689122,10.59434908907879,15.951484954937616,15.519314572390185,9.09977266727978,20.36452772894152,31.01962994042519,32.765469762434556,23.094189358447096,17.289461863080067,7.22341983346281,8.696864261141299,6.931912717718067,15.167284425762327,13.089430445827867,21.3206940924793,33.78472102110069,35.25538780190624,36.95154363286962
3.657115,10.437087658359408,10.437087658359408,10.91150073373938,8.780922281293748,20.251621338174917,24.734184292160386,23.522139683246397,28.23628787459776,52.528573852731085,58.45205687635532,12.797489169945075,10.16263381309826,8.406263460175392,3.265875347383806,8.539435356839515,6.20873409518972,4.4255856630512325,9.111146216532054,12.106070697132049,4.440906100015677,11.992763281300176,12.718004845938198,22.044998752545737
3.955655,4.162037,4.162037,4.3512205,3.955655,4.3512205,4.994444400000001,5.329875510957504,14.567212953337636,3.349720575,3.714876,4.315259999999999,4.052592000000001,3.667970999999999,52.21340896946929,26.996628574999054,38.1379362339451,23.299593556171786,17.824222882391847,4.561857616199285,7.684547495619721,23.864813879804508,30.05515986753128,41.32174080747193
5.577104530483113,5.712465304138202,4.311897965763643,6.622891480237708,6.020810436579734,3.694432500000001,7.601927612098935,21.39034464365338,25.572753437881524,49.87425566535469,45.0579832164236,43.82314657038852,30.35772311949252,26.73547536758669,4.995308082977186,11.439694581885435,52.151708210664246,19.99577952720598,16.63756303710467,23.07896896397647,28.214170988413493,31.571480433703105,10.105192139796134,3.641043465599601
4.03029,10.18981349790955,10.18981349790955,4.433319,9.684533489748745,4.433319,12.227776197491458,13.727843852679324,8.9454910874709,4.718772720421724,62.726000694450434,18.171887012655223,4.129056,8.980203781403377,7.483503151169482,36.510650189566704,34.0660943505051,27.227250362550524,20.24921999816448,23.22434144147902,19.148852011284795,18.021057845993607,19.114772995259383,7.072510802693771
11.410857583806845,10.206343027848764,15.933298532210388,8.018736038662063,13.82134092223478,16.657539374583585,22.446714722687297,140.4960445359136,77.04868452154422,11.837324486784452,13.722963507529952,17.529300513875043,31.93486151003581,31.884858995870182,8.99395569411972,25.949666483813694,17.904225853532132,7.293255836061487,3.851462500568007,5.190856737460843,18.471259377563445,67.10038501741683,16.06347182988825,6.806607421710128
3.58248,3.7693920000000007,3.7693920000000007,3.940728000000001,3.5824800000000003,3.940728000000001,4.5232704,23.656755392700926,18.102993576161204,17.55719872676248,22.123682296580213,18.05911453369319,3.670272,21.324525089460963,17.70974339134302,11.405423860056981,20.346974250106896,14.917932919106825,29.816106208850144,22.854374125132743,18.138005667521803,23.08256119029211,1.7331839999999998,2.16648
5.057122532448367,11.546410480867277,11.546410480867277,10.905189873227432,8.775317006334296,6.811168973247269,13.855692577040736,17.664832273425723,14.902171445058949,23.107786320812284,81.20439630505123,87.60895160866328,20.578388554636874,66.59011432566804,35.912193753878405,29.143241421566458,32.32373586920386,56.21894906250736,15.75836310553257,10.74210688728977,14.609650883203493,22.62878960151673,19.960222627316075,11.710823920676257
6.543182333336955,13.981296480388268,8.999057449943045,13.104868705891931,16.03237009931663,10.65565946059792,18.784320442167814,8.960778231557132,9.018527215050703,12.046109774854092,75.664404601839,27.95125845269552,25.57532164904351,23.317562689556283,10.9691689267906,7.56167790647736,20.835127759292437,39.43538890331019,35.061608110577446,19.9953860306115,21.936365637904263,23.78499761539869,22.830830663486857,6.23374061741232
8.019249365060963,3.606787817459437,7.977563349188748,6.416202119036578,5.177009512979484,8.82117430156706,17.90343039964423,20.715087033401804,28.50349790793297,23.687641058870074,4.861887194798125,6.363175655242887,8.215768519461667,7.436031229420164,6.196692691183471,5.209590785704925,16.700363589317273,22.1308918122522,23.31445135780214,21.57047280355509,18.00341383828606,18.05974063928538,13.848683021515887,4.849585584404456
7.58067876227388,7.821506534997771,11.604910498339237,10.775536959359426,4.687337477611779,11.462510959893336,43.31844658184554,22.85566932043963,20.257697682886416,66.77777403524217,17.73532606953561,10.309139238437444,83.40968917099829,13.92510000966828,12.589341112104764,60.220491102927966,61.965128144037934,27.988799393441084,43.51611534808207,18.352638697632177,21.1767469711354,22.01256181820492,22.013286876523463,24.47152014910911
3.806385,6.577243060714129,6.577243060714129,6.876208654382954,6.251098776711776,8.057088554688786,7.151769119681614,14.946984075194113,21.515959411341612,39.261401099416496,4.595094272018828,14.276570589598624,16.385027996088603,20.59390532783459,48.522443527702734,10.516209011788156,26.252835150235576,11.735617866292152,19.94250137543321,26.636592721161115,16.985500590885184,14.833710645576229,16.963046192752756,21.72473701524125
17.776010603601744,18.51771833426301,11.242333591578737,13.577081235982444,8.78020085768217,14.980160150691518,6.70210619336534,23.04423594209431,30.020128020402783,35.05837624210945,27.851180375512964,25.22550167101828,75.58853451645643,31.84155920464314,46.79614791338885,51.83890514597878,16.280998854941295,16.038375479189174,22.812371398438117,26.46232533783629,23.164525748334228,35.811601402154245,35.23887408291274,26.91326253473469
9.044147299823186,7.669610582525001,11.430596187468009,10.949365385624665,5.697112156985022,8.270321640257615,16.239055624684465,6.735452024764001,22.666009471230566,19.384326142707707,17.87264463519146,29.85130219253041,22.500740527168375,8.446473286070635,5.231050077866918,10.135543380466677,7.369210156169885,4.063936156860026,16.09472055019364,22.592207800260777,35.95203546339439,23.310256789598142,22.418362918615223,29.741245876345648
8.271877544580434,8.988481850452708,9.38332162181836,17.12848447077573,10.59396909030448,15.131327232570802,36.975830370573405,25.95166500459704,22.679821902977583,13.186101888039332,8.375196158317213,12.052649134315663,22.37187717029639,14.438887735695245,15.310986492587247,11.36451621803376,9.746249221594288,5.713684248976275,3.130783601055661,5.821937873843786,3.10905243993006,6.475946221317682,4.001867654286211,6.394431134454347
4.104925000000001,12.66452348093579,12.66452348093579,13.240183639160144,7.482175855081117,9.277542635864966,15.197428177122946,52.43639433478357,28.82178466521121,8.09548016104229,5.969512709268178,13.130760633877829,19.117099785545868,19.849945388505017,11.860715770573291,11.975832806191395,5.669626159964463,18.600919960341376,25.389660596085797,23.69368309573447,22.031586483737616,27.967798328897832,25.32255788637813,22.2797800420909
5.983236185593642,10.52951467294403,13.258918080361983,13.861596174923898,12.601451068112633,17.210062552355463,27.122511673843604,29.137667241454636,57.48433652179067,21.238040403322977,11.834406220488384,7.5732171718617,16.312642170584695,12.37381404481617,7.647096980758856,10.84820570211435,4.705236210797466,24.468744836369183,16.069311337757743,16.285779186142086,14.345711001135964,14.559539416096127,20.39178649076884,24.014924160622005
9.675916259173407,10.1807466726955,4.083508000000001,10.643507885090749,9.675916259173407,10.643507885090749,4.900209600000001,6.951514794199191,4.770548537026127,5.294018828461994,9.086947443397635,9.406144099096922,4.785706032902127,8.972213258506251,7.476844382088541,38.411242922839726,27.586680751212608,45.19365589039235,53.0726494344389,14.628705896833118,1.5545802225510386,19.89283832144969,21.29486693024377,5.851443429460598
3.358575,9.199950054201624,6.366877527100814,6.387022091872672,8.743754183745343,9.61812960211988,4.240566,10.373324776182958,21.55866468827953,109.13872006645978,37.85880858512237,32.43113185376153,19.062362987763155,17.956402028955395,23.859358053409522,41.840220172136014,15.125166278013612,9.87364872726863,33.56549484616385,42.83773187917666,16.366879577540235,11.65537196182589,9.618893762706296,5.287724862106868
4.104925000000001,6.393120891745426,4.319095000000002,6.081411797050207,6.514146995461855,4.99726189909237,7.03630510617937,17.765837247735597,21.00458084401736,3.4761251250000003,3.855060000000001,6.628479962891572,6.225007269498174,3.806385,3.1719874999999997,5.230735275064439,25.120675194890243,48.6500742501835,25.71239957058785,16.992202294446926,18.93350343495197,18.93479584684943,39.19473951024887,34.43681921480293
7.448922672458195,9.263192828755216,13.068849898500046,14.049450775398668,12.772227977635152,14.049450775398675,4.711740000000002,10.212067630541013,8.310562439274296,16.021879431184356,22.688350798842347,16.714073908704673,24.97953326619836,15.867463791282411,11.359003937979288,7.860203609142448,19.74298750572116,13.89903970469287,19.99301826122279,17.391505063553105,9.484799324983308,12.699278563399629,17.468721363907587,13.547372556884028
5.091039572070429,13.8595083999734,12.49247008567453,7.204527257033992,10.812259187041729,10.872513642628109,14.321308286006714,12.049979150922727,49.679730141561045,29.205514101122848,25.72110766107726,76.22778646155585,12.585771601312564,19.415413861776102,9.151467545289853,10.22111188827916,4.01644395075782,4.232303686680197,4.741666724171685,1.6555450032,4.187445938229541,15.783970479481283,15.635324489618068,21.75821186197791
29.964374272441248,48.055929679696334,18.509673722675974,12.332287090414454,13.71058141654841,11.669560663464669,20.779391728177902,27.843062517362952,75.53703865375874,44.72583056134557,64.34724968945757,15.23880066917794,25.853302970365494,25.002918858680736,11.082636782381556,17.082076446114037,25.847826875562948,34.600495529900954,27.68222534241497,46.9832218863509,27.025719723028768,21.78070140954817,18.59004853247626,10.726506499022149
11.813158808380548,10.346751389527828,7.824181475628956,11.012679475710195,7.656272918805947,8.813142620366925,27.666866826882107,54.00103079145528,19.614272022859144,22.845227822815968,25.09577244703029,24.890157476766795,64.77107404282755,67.16850451162004,14.24098501384508,11.696362046158493,26.046731037753307,22.875572370868973,26.13798462562781,24.212449902718305,27.40236523784571,32.13083461162123,27.897346850679693,20.65626408427083
3.657115,3.847921000000001,3.847921000000001,4.022826500000002,3.657115000000001,4.022826500000002,4.617505200000001,15.825426560086605,19.815143720850877,3.096911475,3.434508,3.98958,3.746736,3.391143,2.8259525,3.1482990000000006,21.33838512575159,25.05502690704741,29.193844614929684,25.68467948358147,16.338859116096128,18.06082803706236,20.19238054469089,9.577352751277513
41.30524310082232,30.581143387405127,9.333505722092491,7.039017353920511,5.657632514036711,9.757755982187604,17.27959603125244,10.976518500739829,25.85887613508365,30.84683946149368,23.59107786689981,14.81078454552318,17.694029880092764,7.996363439461249,6.854621970958234,15.846094983464559,30.740722905983603,7.618819790746516,21.772157251448554,22.34398540236545,21.20681960363555,26.57546643002842,30.9829741907244,5.364486759880357
8.027344388568281,6.068526299219824,11.102366884665086,11.13358020593845,6.032638978200857,11.607019924877136,6.906120535336033,12.164674121391789,14.651249482726085,20.039907010216403,8.29274461110845,8.693932176441347,9.928524664859285,7.7120133937950754,21.393384463497927,29.698695706338924,40.91041752278338,31.12818936691843,18.996710437341584,13.549785834813465,22.419567320757544,23.15080801568209,25.565648175233143,18.728816170517263
7.361857932297251,5.859409980374239,12.04114645030018,13.5473098322211,5.571005196920081,10.492781164756146,13.490429776916177,40.05805503500252,49.272502025386046,25.961789995264446,18.18053588213854,32.87766770573562,40.11590313024991,61.583963056014085,18.97804385594709,73.20060877058596,20.76141345383171,35.79858225467508,26.91851290138686,18.440747197216467,21.06213834915192,21.178044509797783,28.14809592246572,26.516457730815752
7.902993459349452,11.155371330735733,12.015633617499216,8.779396934691276,13.260860343318246,34.509124084326366,36.66606200748255,30.40354656536112,12.14896884515846,38.88104243477324,48.44856008050921,45.19857610716705,13.585830043431182,14.881800332098111,6.747588746946115,22.38730777497251,24.179968857521267,47.77109259754707,26.807567288742117,26.954007507303807,23.144590529607168,29.431037537126,21.983622455583152,23.28325386691427
5.847032138717801,8.768290383168464,6.268156167448334,11.906455000967494,10.483942144426573,10.413911177276397,6.519800081231348,4.847531002542862,5.187172453804071,74.90038386877039,60.45159445657036,14.508092626989844,8.076267218231278,7.413473801419264,8.539245714609958,13.045285016756509,5.497611700543961,4.425175677309013,3.057882286803024,3.795753275207295,3.8174926954880655,7.400989078774358,16.27826624287216,25.11559498343014
3.806385,4.004979000000001,4.004979000000001,4.1870235000000005,3.806385,4.1870235000000005,5.333050800000001,11.369624546186536,71.92851573474114,34.06641858438688,34.51870386366785,126.7074871141593,83.74443402119559,8.89024597130562,23.249769705952833,22.413028293657117,26.581682805914127,49.93388695228175,50.62114754349206,30.5095120079486,57.54160011759292,47.09273927907432,1.841508,2.301885
4.104925000000001,10.983454643448358,10.983454643448358,11.48270258178692,10.438820528897198,8.802207367991926,13.757942338214322,46.364263535863664,20.48333741244196,32.17214909524083,23.59383185608438,23.50887565825129,26.180557872703663,22.642797321034063,33.576594890089744,24.239814777560504,47.914389272270206,27.19543807148577,35.3066653507819,42.10221702763226,60.83903765254376,42.86736335599996,42.24700467924268,37.4116735395026
3.88102,6.430184424021102,6.430184424021102,4.269122,6.111332303821706,15.06936028107046,25.327844474537176,30.724625800695783,20.629738223762438,60.32844153253431,55.24172713527203,29.660287382366185,18.864805669323754,4.403028133802373,4.913884604291364,21.71430062057138,33.33219358399472,18.28374049444327,20.693877834895595,29.7018456382006,12.236733495780957,22.72655840586567,25.767942700307536,3.695785938674787
9.648907511872956,8.517324306399926,13.136397072521936,12.053663386431136,11.755032392764392,9.844245235017477,19.465309305069493,14.240703891344832,25.03180509842052,7.778651622176509,10.128141107151452,17.714819639935588,12.441926539184315,12.993070783291293,9.384246290164096,26.034386447889002,15.759286006150376,22.36903500122524,19.462242113941286,4.290103096829385,11.545738749970432,30.06882679558208,27.487027639997827,50.10956551948313
6.838039896486827,4.083508000000001,10.714403200375216,11.201421527664996,5.792488904690641,8.835978758110326,12.85728384045026,5.191474817258231,6.898594481335499,5.7905765123431605,6.786241591187229,10.848192945391768,6.1640889668866965,4.208089312003345,7.868767188855575,6.2207214585882955,6.373701422973015,47.91632514742704,46.697252234259714,22.369260223869595,25.24839929348777,35.29960143202434,17.707644420692617,2.34702
3.806385,12.8352693664106,4.500746588012982,12.727620730077838,12.041748371322766,13.418690701247437,9.653105398420598,7.516825171213899,8.264139099644293,3.3563184378397706,11.456273484068966,13.3077924309892,8.073403974680911,8.795791828068984,7.862543961781917,9.28469994739499,47.95863353982625,33.12456371846629,54.9738873257239,24.091184772335374,33.710141635852125,26.91150374266135,55.56695459262404,35.272768457898664
19.467190052210988,7.048498393637543,8.908569844001729,9.313504836910896,2.910765,20.829640038455405,92.0930864354497,42.072193903497,19.4307722791107,14.651813327839756,10.37838516372621,29.38296344593949,8.674309930748487,2.699073,6.542544720144017,18.084208505035466,34.38518941316424,34.81370280587441,43.31255431435464,40.08502479668479,40.250122312087335,29.10449865750408,28.104146060022,34.34962686526901
4.328830000000001,12.73066262645496,12.504363918301742,14.965424200960562,4.32883,14.965424200960562,13.94168573526344,10.686264840320714,28.43100345134313,33.65309392183647,12.04947858826081,14.841743009217083,11.60431466707803,16.159514481833828,24.332591828922748,24.67436524113411,50.39323721101524,44.14364985187795,20.20163955045715,20.509312830930515,17.156593856460635,22.03380910167797,29.24880998668421,15.09707140204817
3.731750000000001,7.414547514752111,10.26241782641755,14.981812018766169,23.768998579876573,38.05134283353154,13.312218097066276,8.384520422303316,21.714616404207565,30.571617091276337,13.29501997804164,33.79964846733669,79.50097431302723,14.933900795725846,17.303527123897933,11.14886461892454,8.524774855306202,2.0282792761873147,5.00560053251759,5.594694184323312,2.598416094091028,4.225443125334151,6.589197955792234,7.251428079083416
16.650304717909872,48.487722821818224,25.11137555934095,7.44873894536761,10.72908936785616,13.7932601623781,12.022893328103638,16.176250741923663,6.247684871758321,10.618530447318344,17.067727979771686,6.728910736650085,12.228415413510547,7.2631993191473425,6.377834555618677,10.79472534446982,7.848479026278776,17.84803449740771,21.703091126241425,22.20358376602081,8.679463376988403,4.827936262974967,11.090498832138532,7.583071522974666
6.474148793799816,8.778265406401866,8.95636093896696,14.658218974961091,13.325653613600991,12.265398428022143,10.66693247930474,11.507120032397683,7.052789616898391,8.237047585070385,7.177367993961687,11.674996690214702,9.276754306289583,37.13000079892037,19.588895063325186,34.401259661028845,29.277095356130022,16.273792248837232,25.36998115737844,39.59330916510256,17.93383139799896,22.343647249553165,4.7877848562448,8.058596849331826
5.398417447858833,9.486735788201027,11.724598174851316,12.257534455526375,3.5078450000000005,12.257534455526375,30.628887203316165,25.19882935804597,11.138967477387764,18.017352792419107,62.13646409268767,32.33750310132521,12.55493471705154,16.981649782818543,8.610664700163156,9.592853052151076,8.186585231855856,4.655219087928556,4.071834109295286,29.62445488493297,20.609893186410822,31.477409992158737,28.447289332347736,6.452953417002786
4.03029,13.0559251936938,11.39978533231653,15.646498171687812,14.810888851481286,66.9942012352908,45.50584846396192,27.97096415066071,11.5369732548003,9.122312239606469,14.120796853844103,20.78466819046709,36.841581088932585,28.953196442856928,5.559651819377368,11.222566911994763,53.97242023291366,21.331309536378612,25.42310862700757,4.419965224050795,3.8204764540154414,7.331166448892461,8.157911990548017,20.298099227084865
3.731750000000001,3.926450000000001,3.926450000000001,8.177638784440575,3.73175,4.104925000000001,10.833625662704868,15.49902963970273,21.42753847681514,40.68474321265578,39.691499034962405,7.475159370521014,3.8232000000000004,6.159096139000793,6.716560630181629,13.83164152223171,27.25469383149929,37.00873265784792,30.06376715074852,27.701691247939408,18.29545937647796,20.38430441481763,24.21124775599139,21.446648982026545
3.58248,7.891663251214526,3.7693920000000007,8.250375217178822,5.719495149014292,5.703765497936792,9.469995901457432,3.853199918344645,3.754053767537875,6.268107120260838,7.043798604389824,79.3004842472154,30.036545617177033,18.759304445544554,5.795718127770246,7.442497658002191,14.339105341834204,11.5061711208891,13.5835310908214,15.171124604107844,25.230037659633435,14.542727882313391,23.8684816067144,27.118185157699887
7.181122428367506,12.380574817830055,12.982944650454854,18.34445858214001,14.775916525393598,11.950021466765271,17.02197431408218,15.05672055643375,19.27109416253528,10.393642799015716,7.871021659226249,11.124682634847812,27.104090150939413,18.57879098430912,9.373082325666976,19.305063028976452,29.14954594860175,15.117878983651954,16.612363608140342,23.177334680045966,16.506005044779847,19.2997833213786,19.896818752407803,31.583122995748283
6.514364479626881,10.581887313235235,9.389412760396494,5.841685032354794,10.846602006624506,9.010527907846216,103.94539135319415,116.94743703489748,35.515874775661125,7.943582929954478,9.101065250515695,9.56337468166052,8.744461573784946,10.057758224324537,6.255493374621543,7.6288050904789495,19.98280870959388,41.550920143685225,50.80650560786032,25.906273579407497,16.218841362258292,30.95151113917382,24.584498657422422,29.150045728685303
14.60653506959394,6.508086820376568,9.700285804828452,9.863099642008557,3.657115000000001,10.819497602779826,14.924793953219416,18.42355888651551,41.656082740165736,5.023787897118407,6.28374345719672,9.781586421826663,9.44520691439344,5.50108819652257,5.561066643640369,20.08536057010498,41.226401220603705,30.70773860116809,28.731033103525103,29.58813135631104,27.19959188622072,27.633033887736403,22.4964535499303,19.23663823149664
20.01380472591285,10.039525777669056,5.360344432138041,10.495867858472195,9.319340261943289,3.771425211003727,26.19050821315024,19.303726277051453,36.58277936416159,14.448583819783051,4.681633691394008,7.621410581511013,9.775526226791206,7.285321717214769,6.829174318841111,6.1248864158877065,4.998005213496378,4.38435291720857,28.640046966455017,38.14954175902726,7.811120314174832,15.078711880496458,11.50651960678857,24.791397665622643
8.804817465328176,8.173527404837824,7.900859444515301,8.545051377784995,9.582259170379992,10.874445087417996,6.863418914322156,11.561001171799182,65.97366377361472,42.28672118423469,24.126305378730883,42.92249747672678,70.83280498890107,13.882111589324126,18.385368413686173,53.14315246723758,35.37379398866872,34.41978345972767,62.02281770382331,36.01401399984126,22.731880782022,29.72050183109637,8.961722231915155,5.794804952838495
3.58248,8.239798995932405,9.89309819468057,8.142940087839982,10.983400214174631,4.150838604391999,6.934974728673381,3.808829965010298,5.014974341701119,5.648269136376874,11.15147211521472,73.27341418462427,13.979483963707322,16.93207084903057,10.345569464074167,11.1069455829568,7.200064331514092,10.884971621705205,12.17380685250626,11.126322784527732,12.0991278355204,17.171900792102118,20.27482771487235,17.04208249999719
8.035003020882513,8.371765183848868,10.080168026252837,7.693210381114969,11.270487625796823,10.495255802972672,24.63218528837293,25.738962738567185,19.697352908715548,12.517083186847104,5.845279128288582,10.408518151708437,17.81176394002048,21.63816650245436,28.656942965980253,37.95931468915774,23.217356397359733,20.79790862486229,17.533584267193785,20.96221673035937,21.661820982263887,19.46160340846934,24.12479984319104,46.65320202941194
3.88102,9.191684469977016,9.191684469977016,7.424793001080843,6.749811819164402,8.153024770561036,14.289037041971527,40.135979927609526,41.14073441281212,29.94571491974469,16.907409825082762,20.078171900217075,30.129929099553248,17.503385885519474,5.215763678445219,6.760575091472216,19.985021337587728,21.695997731784686,26.063430850833345,26.17341965286992,28.101544022980868,28.509690662930087,30.96431430268288,4.215354471465536
9.558147398718235,6.670153886343507,34.78703550875331,18.419378008668883,9.558147398718235,10.51396213859006,27.267359603946893,37.025990998592974,37.264156459396986,37.78904198727476,66.58514454573945,19.5518692072666,61.88635087669358,23.669248888692824,8.263664968978876,36.32403333866943,5.982531349106822,16.048220108991814,17.978152511079312,22.47544019834765,21.88148186604024,23.536931592403445,33.596160795659486,41.42455372688829
9.34858798502492,11.388105556219328,20.319187530891597,18.01002429958904,9.569848766025087,12.06849337231569,19.883763291285327,13.31212842799238,20.34677638116709,32.1460643244042,26.72308422297677,16.533920879261288,11.61183732107257,13.207704341632061,22.899720854403782,20.31015457810219,22.773087021444034,24.238418982087083,30.465736362489668,36.11118946768705,19.79270070298824,21.95477781728488,18.29932080597252,14.95867510175938
14.288100057469128,7.21762525437193,7.21762525437193,4.269122,6.859726481427865,71.13501076373936,30.55176073470959,34.699211801794526,28.794071078947447,37.99667972711393,64.34546797670299,33.8297734732512,72.30761136489804,10.064729430355253,9.429979255608483,23.272841312557027,15.93995811710198,18.954756319485806,17.736506599457996,3.939037497258294,2.419330632597691,15.168782368899278,6.6013168504375965,3.633700100673245
10.05865711272907,8.052888726609815,6.647017677913733,11.064522824001978,10.05865711272907,11.064522824001982,5.951966903374121,6.650523519375431,15.905719803695252,22.446037736719614,10.124413906137214,12.735377299318811,22.21517475442514,15.602197005019189,6.352855136131715,6.588727139953485,5.124965733541714,4.249199988198046,11.999032445429552,16.035146788505987,23.533884042132872,27.191646396163257,27.5176105614592,33.4793873464462
4.254195000000001,4.476153000000002,4.476153000000002,4.6796145000000005,4.254195,4.6796145000000005,5.3713836000000015,9.038309546292062,44.34305583011739,22.721314724025767,3.995244000000001,20.282307002312603,29.782566933200744,57.08882355841416,18.724587198396158,22.365162565895368,48.17334605966659,14.79904898088285,13.42396457025592,16.52137664305872,21.39014044809668,34.290502739239834,35.153570382732624,12.522494584095018
5.672642478235064,8.863276294425226,8.65315309922408,6.410387245756245,6.426736358492416,9.266152489626371,9.62734021634477,9.354028114206814,24.45265202542168,65.60740684175946,27.44999098886038,38.35519211769972,22.04223821346269,26.431200925819066,15.51345867827722,27.62194283806992,30.59000259157501,50.73097986635748,19.06106045924831,23.67941061387827,27.43160966757358,36.0405064498299,27.93506951482372,38.33624649632903
10.093786832101385,6.61957975586865,10.334644943366689,8.12342377053975,7.377750617465179,12.768050597261611,22.40756302627062,24.4270514131944,27.42224313350141,8.547602212820397,6.935413179591249,11.011403816837872,8.761510808179874,9.078547564391869,7.567165813505702,8.413337423943869,20.55837309728808,22.679013681458414,14.715653369395996,35.6462781741589,19.889963876053287,36.77515182428125,32.216880143172766,16.591492678206645
6.340084658478556,14.107775156560631,14.107775156560644,8.578577470904367,13.408216057888206,13.346660347137782,12.594084686167902,12.69441249763607,22.840153122090737,9.84288291340192,7.067278375663768,42.17172301784824,21.48362850143707,20.28563133318028,24.635775451516963,38.09328631430865,4.115735076653675,36.72034256537295,12.596839083197429,22.95799160674439,16.10152269628106,15.317898146755317,12.187637338084038,8.108525916430418
8.275386069768288,6.243649941557597,6.982698561982397,8.072735690698428,7.338850627907661,7.300093951163411,7.4923799298691165,9.16717030118163,12.911169176372692,15.606562645465866,16.591701054819172,14.991671809169588,18.149660182258106,19.22175053917519,21.271214782512256,31.110283516278386,52.42761252534522,28.372103853811605,15.285252951121976,9.452590230257604,15.726327024946096,25.30186038930023,23.93003332636033,27.92014193846256
5.7338886315248,12.29290783549635,7.321475012637186,17.094358692823548,9.015484759133455,9.955985890839504,12.109519090883593,7.420568808349556,16.882787974107934,9.645935182634696,10.489220734675827,10.743277985438722,12.112213309393894,24.610832565183543,20.142731832342264,63.29303118367483,23.15144560815545,15.326328645802652,11.839283271767124,26.74722304515832,3.464186877117459,5.814521198962007,5.967291618681666,9.397904707157757
29.8879409519538,9.20089269400976,12.19075393889497,12.985322504762078,9.02981950555626,9.720224803740953,11.0090850680454,8.48100668255686,9.040263389851914,66.96369196497787,44.094328563019154,17.59143095427173,8.540347730764168,10.946304921369682,8.446294722180077,9.228337949032547,24.73833837301341,31.4629341852134,32.45389439453893,23.809903182584225,20.523995110712946,35.563934097052346,30.332601589677,34.38187901750898
3.806385,22.02921474023934,8.914212156877719,4.4436425059277,11.485548519447068,4.956880517783098,40.2457076680707,25.34173453473852,11.62684797569149,3.2233160249999995,12.838002242506803,7.277011638692007,97.46532940587444,69.85658334125962,7.940731789438381,13.83377207874371,79.83072231888997,19.70568561307489,28.12351905028816,10.162135280816043,4.689775414208883,1.6573572,4.32452510083402,3.5716096538355777
2.53759,16.00439131722924,13.693534264980553,12.008733818182955,8.665723142362031,16.731863649830565,38.12985298907626,50.58225435111183,14.605303788255068,10.229341411335126,12.559774328575909,13.91615581759908,19.414689291106228,133.66144997781848,56.67625022215901,68.32142813722687,83.56445160004239,47.38727268380233,29.11546962008541,70.71272665437606,49.66097928581871,26.96019972712427,17.66372898323068,30.948279782815188
30.792740993332657,6.784648191496504,10.73267273978406,8.393073403736759,7.588280263283016,8.937329676439466,6.040996541278884,9.61245136847998,10.518981567808742,11.786614516939313,33.90042901454252,13.187217257243216,25.04262087608631,17.822584265205116,15.061909125341339,7.668995673753856,3.416163364886113,4.274908079199987,4.073714553058367,16.368281963334578,24.25533059420076,29.95717429379017,26.27382270659541,39.1752170926852
2.38832,5.112740386916975,5.112740386916975,5.345137677231382,4.859216070210347,5.345137677231382,6.135288464300368,4.1664993022805685,3.1059069280975744,15.028052510927948,3.918856117186148,5.300962985684014,4.978295673511943,4.123952781526175,3.0450402739476856,8.935122293872714,20.425234175157776,9.305571421854385,12.362524370754173,10.607899068841864,16.00539173292665,10.508073064333471,11.41233931791587,1.44432
6.082161152246048,9.00508891201621,11.044111268641482,11.546116326307,5.816946536328065,9.38675216218272,13.252933522369773,7.5410287026046205,4.50824355991049,6.334731025336478,10.24246585961388,4.15242,26.70897773156251,78.50239850397648,19.079882077824774,26.614917491695902,19.387521706372205,23.684471013379707,20.75332571777995,19.45528982928907,14.37477714298946,21.85202953835057,19.539406742459768,31.14104433328228
7.8571522986746976,3.690863000000001,3.690863000000001,8.642867528542169,7.857152298674698,3.858629500000001,4.429035600000001,13.90983126116364,18.334420070531987,21.54051108167252,5.745064112644526,7.14802920989704,6.935726335424352,7.285723040589265,6.071435867157721,6.802098283206915,51.08498000949682,18.6653801936138,8.824186565576923,16.853608654349316,15.27924720179658,30.40789455538881,27.23798623068552,8.771581380028534
5.32541004946527,4.94815728925833,12.082044305642231,9.019810550556564,7.621111360039894,12.650543925804856,25.803648441557037,18.36511286122385,7.273013496289009,17.94066230327523,8.853602152176475,25.525396303345893,23.696924713919714,22.898138920525067,6.830911804851735,7.816928070698799,32.21988224547186,23.44597577115723,22.155553832362056,23.136532045951117,18.548858122105216,9.189116640542874,9.71839796817864,14.381352451304108
7.127892396392721,5.213048061250454,7.728455871786879,9.036020058394346,8.214563689449404,7.1234785826145846,7.078882047857921,6.0996217314975,26.206661558178634,25.46392208435848,20.078364977374434,15.033787516543454,7.970548729806989,12.689394880683043,23.106237681130242,15.14477382281448,18.4063300942494,20.98677054759213,11.300741795058403,7.739251191214719,16.992279735551787,28.065257116002467,23.279151938888624,9.883031613035978
4.328830000000001,4.791655105389881,9.294144107797608,10.212094423967248,9.283722203606589,6.248180661081977,20.12287883601596,20.43391517427479,31.482798511374117,4.428621551266039,8.718626069474013,8.40781701094705,13.816994867451518,23.185859161397882,22.890108451071278,18.782885562816684,18.02797397012818,14.327744184297098,12.20447628875265,8.1478388779911,2.5593450535246407,6.063107237362518,9.12889227014187,4.116048393580649
6.009136891185695,6.617319589614906,8.679957179229811,9.074500687376618,4.608881148530948,8.458388160608532,19.990975713335278,24.02447047218645,22.29045376611565,12.933524053712484,22.003544948954207,27.102228560763297,100.1031583562215,75.5774207929434,7.195974577717813,7.101783146642573,3.585886848925265,2.930852925358288,3.2945817633924595,3.388712670917959,6.260243002833263,17.92114084400793,21.533247800739247,11.852689218855192
5.016630831254958,7.907060294451481,9.340892404870786,8.016637743141363,5.24375299750595,9.765478423274002,13.864239623683169,24.64847633678074,59.18539665567909,21.49707459774431,11.80979217773329,36.447895710590494,33.738057358281544,6.228522695102871,6.86004682626686,7.860348331257917,4.277217471845001,2.739490244788268,9.929388289993751,12.571297608232491,11.797372309429248,38.69899846275973,23.747400531007443,16.395039624982708
3.88102,4.083508000000001,4.083508000000001,4.269122,3.88102,4.269122,7.040457600000002,18.992755796973444,2.6292146400000003,6.183432283193116,14.674777412385325,5.64144,22.791275945940203,11.16893462218799,14.337943968687576,24.454130416015257,18.619000703679816,42.44464985062161,22.842800657462902,29.718073554964363,19.49650367554372,15.753093877706256,30.91031437883036,41.45400265987261
3.731750000000001,9.909093494908898,7.781317195635564,9.553489149226412,8.684990135660376,5.313951529540246,23.06777573061633,20.320105195543803,21.42843772489657,7.594554117987802,7.89489402718513,10.273891076614785,10.040873380457102,95.16271956277785,25.456607718403845,20.490195268419967,25.66429231326939,15.82478175148152,35.8499444229063,23.15559772720026,20.15075508617723,24.21295543352789,47.19152792995333,35.66115907454756
3.657115,6.48298257009899,3.847921000000001,6.777663596012579,6.161512360011435,6.318524080010484,12.855484052104098,5.681725212905606,5.151147316238753,3.4503730114925224,5.786463781575958,3.98958,6.312505943537407,4.036215047275671,4.116096594551346,11.517365350089028,18.738857628966688,18.67030380194849,29.474175549221638,13.043324670065491,12.739875937699294,12.77327189412202,14.791010353594386,18.51837560396224
11.893658064823146,14.205930960401956,14.772769437626046,17.789786748902944,4.70398697919628,19.38270088872762,18.729118124613915,29.13427224734736,31.83883560612372,45.018096402079856,26.717322553214668,12.325697987402645,14.693807454212541,13.526432136854822,5.430093713890352,8.909427653266526,22.62300517397853,25.61869930289229,24.93157655758807,13.475744374100753,18.45123845923361,23.25577629790988,21.739940578368667,17.54187118968039
3.358575,3.533805,3.533805,3.694432500000001,3.358575,3.694432500000001,4.240566,8.423558987628871,21.064603767506156,2.844102375,3.15414,3.6639,3.440879999999999,3.114314999999999,2.5952624999999996,2.891295,6.922429512591107,16.136225847074773,17.132106903854158,22.5479445881986,21.89516222591529,32.96284293933838,10.147269938815676,2.031075
27.955786222601088,11.722158282963994,14.282697643039112,16.341937667548645,10.11036404606488,17.525774007173208,20.89561236062004,30.912433730333117,22.355382440546325,14.636536570402749,16.232075843672874,30.02011698726001,41.32251067752266,41.20471828311074,24.666243510617573,20.890297425446157,10.358517077905034,4.410063941967657,9.1665288945417,5.567430299865342,6.251332168538102,5.766607210089148,8.575215594702472,10.18592666892788
15.02486230440652,21.68342763198534,6.6836021310134885,5.151628940681228,5.636947497864238,21.730538793707773,45.81358816792057,34.426238533258775,25.80691235660414,5.782928200817457,3.5026283671215315,7.969998877534382,7.48486851107577,5.448060732132957,4.540050610110797,10.617268751282484,26.317296327557496,4.3736643456398845,16.661312014464013,35.19661024802316,17.372294232977623,18.38364452287347,24.818824780232813,40.08806543051756
3.209305,3.3767470000000013,3.3767470000000013,3.5302355000000003,3.209305,3.5302355000000003,4.460979600000001,7.5250296,3.808402477723428,3.665145702797656,17.814572602129605,18.523488612358484,6.355211028033471,6.075436423064084,10.343469532714835,16.39219214871544,41.311962844136666,43.3438318784094,37.3999284545172,10.156667465814865,8.456836683130867,11.765534169159572,31.19380784800158,32.333252902484055
3.43321,12.715905831487245,12.715905831487245,7.815014845087381,11.119220585907591,9.893073049974085,15.259086997784696,8.979729116354612,13.827587989090327,19.446641855247872,11.349734130583656,10.415044428316817,6.290765175456398,10.489725879615797,9.338691172260539,10.403922953035018,7.291922749932929,3.180565536999964,4.517798845016423,5.684521132894439,10.421036854217824,17.10734458189842,18.68206241909747,7.308540917421292
3.7501583229148814,7.12499573268386,6.378299061527264,9.456712520343627,5.079281226558483,7.263659729331686,11.358109968418038,17.105499437041356,38.08191695077263,28.472974261034363,17.072136707931627,9.662789483634729,5.203753730924738,9.256670515537962,6.951260013854638,3.232554345390955,18.525564049407706,34.78612754968338,34.72330941246201,29.71710747014424,31.2720154584717,63.486187273487,29.384388936648683,2.833447157032641
20.27286183690549,7.24978665621198,7.24978665621198,7.579322413312523,3.661592641045973,9.72852836835835,50.00768226103108,37.0643084758679,18.69558144566042,4.012077307795075,5.171382156769953,6.510335189166056,4.853930958391018,5.81891689964004,5.324317397781524,18.124553678733026,26.46342531601802,17.87530395374861,22.07429140906518,21.43545233387501,26.6615115046551,76.08129142372954,36.71197282368722,36.46966228219263
8.304460174125863,11.370076198481028,10.02173240059748,11.7683973155871,12.376140849760208,11.635398784289606,17.685571978161164,9.132094895179025,7.268492123831788,6.400931685272012,9.50302150442599,42.37863116156582,33.5038485361338,79.36915337944393,24.619578970280912,22.365670451051116,39.63031212491005,33.95879204876165,59.57273486448439,29.66136584826125,18.777043892738423,35.28993351694978,39.85371102945013,34.82862304530963
3.507845,9.142700315225174,6.416781657612588,6.449378637400392,8.689343274800782,8.521977947320707,10.821948022535588,4.381442153321918,41.59129949112437,45.523437770564,38.7419312413628,42.58426572114241,84.10274225161523,13.54411007911279,6.714492530527878,14.317394010255603,38.740159021173525,45.23005426913876,21.327645747812905,31.895938085599,21.780149470736585,25.92452745989129,35.31965217653658,5.254820241282687
2.68686,2.827044000000001,2.827044000000001,2.955546,2.68686,2.955546,3.3924528000000014,4.14785448,7.64768952,2.2752819,2.523312,2.93112,2.752704,2.4914519999999993,2.07621,2.3130360000000008,1.6817301,1.1987372152799998,2.9095441625137783,10.329855400200318,15.92179600024027,19.41678502311369,14.13889743932017,1.62486
9.376039733578011,9.865224415329909,7.532285885598611,8.48440781430559,8.926837452267948,3.613355006294048,30.93257365825923,10.48041146772361,17.170513925143673,64.65477840648694,13.705226602773832,29.208529359458364,5.81982240274076,6.1949477878472505,7.24512161231028,8.071547248906288,2.618348444077525,3.648672843317903,8.306876766859181,8.619743508956367,11.883099488791716,13.4387428442344,13.902390096176394,6.296884002257064
9.41117984149346,4.162037,9.90219792018008,4.3512205,9.41117984149346,4.3512205,4.994444400000001,6.761318943514694,6.375646561709933,14.443359194415336,15.595597287599162,88.76271882078764,8.96951087094194,15.618621545160181,29.646144441057185,17.353867686613466,25.14984007187136,16.672777142829453,14.613272469638089,21.71690072543128,19.587931749545103,19.997706883090103,20.20669590499491,5.691345912049404
23.937480073811976,8.968819071234151,11.317965649251434,7.422636208945464,6.6873568822587695,14.628715176737748,14.294404605054536,8.13363435585128,1.5674164200000005,9.587104666322029,10.632201772354614,5.5755564218704645,8.732974843215219,10.497956800481441,8.748297333734538,8.35910254104747,4.624988033052136,14.17219073039348,11.098648140116907,11.191546527031344,13.260904885264216,22.3478675964638,16.74124609486465,12.890770131047404
6.877241778997538,5.936909975487754,6.83573268815551,12.07120533577071,11.90703968207355,8.654148720119641,32.5960784429538,17.774239876301486,8.902947564539907,4.2553932373181045,46.50747277947184,39.11015815677393,55.69021254287262,11.39387358080205,7.0745111750961085,9.597410146548585,8.700614380281435,35.277565788685216,58.664961253382096,10.739370511698652,10.599200663060628,37.94152778583901,15.20574318896603,5.536573963118694
6.768342867668054,10.390774393882968,21.397877850409994,11.798067222266084,12.138791652654634,13.063164884442916,13.591290232623289,4.862612936754214,7.84050748241447,26.90702900790699,39.9989295699796,51.27391486501244,37.45335823030472,16.69063820440385,9.161559986752808,9.649411849503517,7.154856521250792,4.61196806632912,12.713318053363857,29.91620701514357,21.61643770860752,34.178616376884655,37.9109495107695,36.13283546900252
3.657115,3.847921000000001,3.847921000000001,4.022826500000002,3.657115000000001,4.022826500000002,4.617505200000001,2.62739862,2.6593691514014486,55.81009104865221,54.23730809951256,32.13175537983926,44.256225745350335,22.84902951941467,12.976223223064066,3.1482990000000006,15.733947055385824,54.20866647743159,28.536711387372225,20.3263313307272,16.874027971161162,18.89300419738252,14.364735990494342,2.211615
3.88102,9.808655995056434,5.910722858697745,11.113327424079666,10.747818387098468,6.621266346464887,30.631649975899983,38.56040028288859,31.2766664598735,26.225693941415702,25.181509305529424,19.067895125253497,18.222524524288055,21.088045872078,26.393195753125013,26.611469598220367,33.38999838002976,28.571163005371872,38.11473083294637,22.943572136511225,19.62336262751214,19.65033250551168,22.08198459328567,20.505924815272696
3.43321,7.466471217612238,4.438220546631195,6.654620480684462,7.096232975416588,7.805856272958247,29.44602739136516,58.16326897447974,36.58401876677006,119.62123413808922,23.285995354719176,25.965123148028123,64.00055969472746,64.23522717497171,5.483452753730999,6.108930996228194,7.122838159311282,10.146726087629707,2.8339886248865884,4.901779395443595,15.21786104434668,18.91261977489233,19.821839418071665,25.093574121385924
3.43321,8.798286093902608,6.298606463311438,9.740375907987996,5.611692942421891,12.277667805632316,11.18025756395144,4.123699982635365,62.48762023509195,11.174568091652633,10.482119549472648,28.05855497658612,60.94515923947969,14.891565777901421,21.063137605234495,40.53033281056547,30.566679447969204,29.787823211138942,4.457521338413244,43.747580344795125,15.222014376211948,22.42952337570635,26.704831922770488,6.004685669347589
4.104925000000001,9.40743200314084,8.713567866348907,4.999019777158014,8.940947771580134,8.142434578685103,6.84818792830064,6.423487868590876,14.9685597917277,11.116589616695272,5.093693500388905,9.753761205360146,9.160054001555615,15.453903639627367,17.87165645133086,25.419609948009207,14.335538503213789,45.34524437572583,15.809266038466475,6.1618555961801285,5.867935577613008,20.008289198092537,19.09271383133289,24.14083067937603
71.75259456426127,5.7187198624282365,5.473899739224203,7.514351538091186,4.504425847151997,9.375829696261434,8.918952869827766,27.50611597828672,29.342675421671764,50.31791758647328,96.35028748018574,37.80420872877661,18.806853311117173,19.559707392237907,23.16270033469562,27.546042277879316,22.59356880687989,7.816810604452724,7.969542818622154,2.901681807220165,3.100962217910085,16.170801362920205,3.417480062819054,4.271850078523817
9.881566877836477,4.397624,10.124422212087945,9.159121502269182,5.993834915675243,77.50210310630808,116.81738267783128,22.21519608,24.20306539214458,40.8679235573571,66.39257184046234,55.33775721139798,22.052147541085375,85.20829409184729,13.775670780079546,21.05068431793567,21.30423725516008,14.913079072380066,37.04279498013546,24.91960257467376,24.24429469280934,20.83595419999928,9.10107619829012,5.975809218612572
50.3789470196622,52.92457076596435,45.18512906550115,20.540038656393875,4.274323253512793,5.181498560049231,8.310948821786138,31.045602986007484,13.667053368367595,14.868195690618563,18.705817710620853,13.99762835207396,77.19162868679554,14.897408976073464,14.455407362645605,24.69948223877049,7.78547017110367,12.291246190985802,17.292307078945605,21.95813311831261,19.87646142709685,25.0358784015341,28.047788107490067,34.16575933208652
8.98725947151356,16.30031921251654,8.252950200752332,7.973509542142679,32.16999400459447,61.493251840496654,115.12247876660518,29.17827673132487,13.118305615555794,11.776364843454946,13.84365161368842,8.95125374050848,46.11157479045251,14.365345181278657,10.695618220896899,34.87605762699824,24.704759096694957,39.6070521463648,26.355136956103703,24.10160596223667,32.661063453858475,25.46177440915347,26.25639906412216,31.25957293518927
3.507845,8.631198426370279,8.631198426370279,9.023525627568928,8.203205115971752,3.858629500000001,27.527580384626237,6.599088477466266,5.557298593111045,5.862227882373676,4.296495724357607,8.948951035605546,8.404232276916513,6.419186731101608,3.535205867474377,7.061889621575682,15.198100719327496,37.03272812218004,17.431801316042243,21.31105663295661,19.029264438894828,18.664554650855067,27.78879457020076,27.686798067790694
5.570113308054996,10.063826197948629,7.937577972442061,12.503541509109224,8.2311923975527,13.24562936874213,10.108845828702648,9.16165303977196,18.106961055995814,19.7458093683542,10.46377328092499,11.681323797758845,8.221689172665641,7.6208877086270865,6.360466852654358,10.366144723363403,7.536872578825582,5.372282774186875,3.012802839176418,4.434451569725674,4.112480236637565,1.6787353490270145,7.217962628779936,21.831617782111618
4.104925000000001,12.886566558357124,10.827293865163432,6.399183997751046,9.487114993574414,13.472319583737,82.45124732509345,96.1712013219486,19.42922943719029,37.547276926377954,135.07943683385778,62.28370200495964,4.20552,31.954238416943387,21.421234221206785,27.91343075413184,25.55846497307978,21.58196510645394,21.36498890896447,31.621268401342647,21.52009578602718,28.12630427873149,25.93011370399272,6.942917498931157
3.43321,6.668864448380587,6.668864448380587,6.971994650579703,3.4332100000000003,3.7765310000000007,8.002637338056703,4.935271182852925,27.42489628159819,24.05672955374524,10.229851779543804,11.669440331693798,5.8982686948767755,4.93073854417734,8.682431321499394,17.24521377785251,24.34339641289591,21.831553066004776,24.36735914537545,35.743423819733984,12.334538343416831,17.383367533205426,33.27508512627601,9.207019857648934
19.43874878320855,12.260518732173503,10.747894276781263,9.65505481327034,6.861461195341334,20.45877789129466,74.63869441673624,26.585006193967363,41.645891264940495,37.02713460654736,16.230465868544456,9.261598800772791,6.263041529048885,11.20343749634485,12.115645193789216,3.6791398271391054,6.213660665187713,5.198765948776867,10.208468841724365,35.90798375877635,18.051774519358435,30.79778133580159,29.98930997461584,27.448824489085982
4.104925000000001,4.319095000000002,4.319095000000002,4.515417500000001,4.104925000000001,4.515417500000001,32.38689395317724,67.64123528179233,2.7809001,3.4761251250000003,3.855060000000001,23.1506864028808,21.30688737955909,23.78790128199267,26.229079635700685,21.543198285516777,19.52371332482924,31.49956001285949,30.26093579038226,59.58360538929015,37.20803356159316,40.96023937920903,7.470826742546154,2.482425
3.507845,3.690863000000001,6.528877986380733,3.858629500000001,6.205131970527141,4.5179663150177465,6.888648588196635,4.48320906,8.775078225133734,4.7196774822096,24.06746834982613,126.56349936152368,10.002012587574578,5.740168469665496,85.34760028359462,15.541330449751639,5.323534825839981,10.725726186464696,24.610205777682445,22.87369534951898,19.69584111786126,21.162223405763047,10.0912822496409,3.752510638302975
3.468775874482931,12.045826894305048,12.362635994399316,7.526086967037126,8.075391795730836,10.686021545382076,23.229837242454145,24.18815032893187,4.767591985018092,9.76531295414218,8.57943212523604,7.440257903293896,27.03828661205814,18.431954672650217,23.33296205767331,69.46418283962564,5.216866316765615,18.021845757851853,9.491757827322472,3.104005696079478,3.671685062656928,6.000867710950109,11.815520328731772,2.4677592328352334
6.105296681672251,12.92000491241934,10.501150012572882,6.715826349839476,12.2793435118035,10.978475013144376,14.08665949216003,6.47348758198567,8.955585827794728,15.3234528103827,72.46097108057664,19.978608708429867,21.825554613069574,15.866245981605479,17.790690424187254,13.21380016146573,56.0217602661634,42.81856660406556,11.727796910488848,20.885661505997128,19.397222556103014,26.021802205873755,23.565634546960407,26.899631239715017
22.459071371047827,14.115671424505043,9.572836469575776,12.935903647670536,9.521332016148792,8.614629037600583,10.223789447667798,7.840802966789663,16.035681474821946,19.687482827322423,11.64494997632818,17.47422409258642,17.160958151422545,11.497474673936944,9.571363841136478,24.78926242371649,12.126976869501291,11.885788449958248,12.755571963402652,13.425681529604956,9.515632064166844,12.359203637450564,7.056941161009543,7.776244051279099
3.507845,12.534526611529316,11.26494016480375,5.589033897070234,8.422120215055228,13.10427782114428,15.289855164395352,11.262263707719404,8.070502340757619,5.269551754553393,8.63817659083351,27.823534194136133,9.290089787826338,8.089321558920684,6.057755301331368,20.23358896382845,41.73259683921625,23.16618372787037,24.48528764444244,13.58409673068885,7.286023086399243,14.06236539510286,17.21318117864241,18.71778012566057
10.68284448837002,4.619457818261188,11.265752429652164,11.77783208554544,9.449003878833604,10.426254867426003,6.630844823072291,8.021049099210805,11.580512111360129,28.255246951538084,18.39404722619045,12.553897611371823,24.756366005063764,11.334589387445575,8.008543505772897,7.937437325423459,6.844859497100313,3.583949869827986,10.817181575096091,10.967255126345815,16.414816194874085,3.812387206896884,4.352525193375725,6.023353531393377
7.474115419654132,4.162037,7.864069267636089,8.221526961619547,7.474115419654133,4.431032430273626,11.13276419925542,65.7199144806591,12.07501098507566,3.349720575,10.170325424969962,8.153580457804507,4.825024191508485,5.998379849381307,5.775452824278193,14.02033022275656,32.456526218788824,22.327938864214637,20.170547196225883,15.249332185413737,16.08241722307817,18.82797696543348,23.414391237959705,31.6396957913833
10.572171103869604,31.265259315784693,18.06841932834796,11.474738915456271,7.6218017001436,9.181107386846026,14.132664177630376,13.789488405450014,20.13665196366954,22.35501904092565,7.245920250912017,7.627777390262887,10.687216409939865,10.750324623459122,10.613945654260666,18.076613768218014,29.472940562094767,15.312397482300208,16.09539535301197,14.398772738116554,23.17405374926523,16.406402065239647,13.304282909578738,65.02818901524418
5.586523223413761,11.532800635200376,12.643467143582091,11.378938030736194,12.7765316508536,7.777377481503461,16.13175996264298,20.04973296928719,23.91861949276044,23.821720274083475,27.836855869521152,33.82310857224124,12.72887864912863,24.00333751622839,23.97710598633989,21.356873640609983,24.96453927519648,17.934824100059508,32.933977685959334,18.81741352026735,18.06908000031741,17.97718994385839,21.487287048365207,56.285210570535874
6.292422782848412,11.428638343656944,11.301260047881136,9.692746056499496,9.29583539067615,10.98286678785828,15.719958747024032,11.01863919316322,9.39427304277764,8.121975250371012,7.223752461062181,11.750113661273724,11.453586269016307,9.924677751539402,7.4113569112349555,6.493707164338065,12.116691438998194,12.304936981667272,23.105418528271134,46.39841082607369,23.578103870050825,25.404016159863627,33.25022205154128,38.80759169013414
3.58248,6.351985537403627,3.7693920000000007,6.6407121527401545,5.491559703957685,6.040715674353454,7.278036839897202,3.259552871047756,4.089800575390052,5.112250719237564,5.669540810244558,6.585830234122466,5.905544543267449,5.218619082503413,10.627988922208864,5.197079076057513,2.2423068,1.59831628704,6.693931046195562,9.330502103574796,15.706792723803202,14.31892409225152,1.7331839999999998,3.650840673263541
3.58248,3.7693920000000007,3.7693920000000007,3.940728000000001,3.5824800000000003,3.940728000000001,15.70230253510304,20.837192120321127,12.804282200843524,3.0337092,3.3644160000000003,3.90816,3.670272,20.552762293274217,20.32454740555933,32.54756128667091,31.731496155947656,10.85730805580918,1.4307179040000002,1.4715955584000002,9.346592867953955,14.632189171757393,18.386723803757302,12.880833782905633
3.657115,11.5011093308375,11.238202736538248,10.08066384180283,10.419831234162253,9.823658666257725,16.009746589118723,3.884005229479585,7.235848971569155,6.059232760270504,11.908075975377567,43.96473633041127,60.801512589454546,13.564856356848924,9.215963413250302,10.915736310762767,3.383792434773881,4.653242534551676,9.322281897935683,20.456185358727183,18.76180881873445,19.75522553346048,23.55652725783879,30.295345554269968
5.047230967538196,12.393575513181524,12.393575513181524,9.724574615335628,6.684225431703476,12.597770383650422,9.138738318876426,5.664509584758364,17.65830947513703,17.605741008185188,14.572756795374469,19.648558648119806,25.316934580698483,7.073688604313978,9.101968492963888,10.140198147148519,7.325180509513296,9.086498199019893,10.18079758608561,17.46535502151977,13.754519963951324,19.52149280277292,18.21532593387736,32.77986804890556
10.256742898574728,13.96406493281978,7.603411524857891,13.10453412275081,11.480490879514464,11.612636081330525,28.938959082343064,75.37818352078146,55.1529058749813,10.578430201847771,8.907152778477796,12.105079611963069,14.72516759644619,10.876717510364486,4.986547546145672,8.201647999970906,25.49557698520894,35.61324319429976,54.91293081514628,32.070984106616685,50.86717283684999,43.76549285849114,20.937236049870915,8.516938483226365
7.788840823123664,11.013516125987444,6.037989999048633,8.895103304315414,5.292160446904909,11.277690204194323,10.230903675021649,10.79482391497655,28.03938323782784,25.422487063940576,21.53940418204916,31.11782778190613,60.83325473046549,23.404417984791085,17.617644550400136,32.256298628795314,36.66166681877266,28.43219251753378,14.717264351655167,9.921229229811033,14.907354712598902,28.874344837788858,28.5073973790373,28.94651972844881
4.456711661143392,14.173213441347972,16.07782842580235,15.869922002063856,11.397265586324623,11.320295794963789,23.98232231109693,10.97810069867595,10.454058165542666,6.165974573929574,10.75272910211497,12.920640209797218,9.39412526559607,12.19097828744544,19.813044400189312,40.349539535278645,13.34451874047452,13.638242062864183,17.821605913312307,13.526833794013571,10.932302381654171,21.40265237613968,21.54144605003225,23.481670625183057
14.66431369289647,21.37050520148853,3.3767470000000013,9.311690366623052,8.46517306056641,3.5302355000000003,10.68820111647168,20.179172077245138,18.11619236477862,42.904067611056426,45.06313739401708,28.170703789216223,6.225043630540023,6.298825848209343,3.58755911606978,7.287409852139781,12.201246754127244,28.45396193566785,30.05387232786084,26.35362444181262,32.31133908604996,33.21734398589757,25.483680257565783,11.124019972321497
9.11423725779151,7.78016121847422,13.914647898411374,11.834249347659885,11.374972712903036,13.44651375961383,17.510592563211986,11.506998642114077,15.412511292078571,6.261685350308072,9.71752603728742,6.4971471983256,9.337590107587191,12.262871513776515,2.53759,16.363285849481976,32.584526888023554,33.89879040513609,20.954720514334237,23.12364663717865,26.96751651575165,29.40646171170589,29.29892446397071,5.59354857858017
8.767919640265962,5.429277748348055,12.611715707741691,7.297044427706255,12.598042875673126,11.014628428536838,40.5924376180159,34.23229146581292,14.77556528753008,10.4092517861908,8.129724336802589,8.874819893180419,11.275882222879984,25.684400721417067,17.68754682147688,18.585664744786655,40.190655100309776,25.1159630026697,40.15736957116019,25.550826091831876,51.86488638185983,26.60508649823959,34.15184465875208,48.22507274894081
4.03029,4.240566000000001,4.240566000000001,4.433319,4.03029,4.806241000000001,27.37872124867312,50.12050624348827,21.663392118629798,3.41292285,3.784968,4.39668,4.129056,52.1334642875839,18.727041046399606,33.596105730487245,30.603014710213905,45.26838770520836,13.23097140979421,13.003376106604414,17.862994591963744,21.1510938584332,32.39425784417096,30.69956938485084
3.806385,4.004979000000001,7.421916598733014,9.298275444129969,6.821923199590232,4.1870235000000005,31.155295918479624,29.99214675939936,61.68137645134644,10.687565879141944,3.574692,7.695150192525586,3.899664,3.529556999999999,5.450731386372291,3.2768010000000007,6.094695860957922,26.273985334806756,34.63163008228474,26.9635772868644,48.25093727906206,25.81284736300239,33.267953072403195,2.301885
4.104925000000001,10.71219821818469,14.090358823850137,14.730829679479688,8.247713524180536,6.338244450639436,16.908430588620156,11.405959224020645,12.889754298323329,9.235390817896173,9.561300888958236,15.08407254298349,12.741840433766448,7.551830762399914,10.134687115330971,4.461079008461507,30.30652592846408,29.67137983801187,31.913789016259404,24.55958256899276,21.359963777507964,24.928174640840567,35.35757609348498,28.30069892942629
8.349592708262321,10.214059824103872,7.064545314184256,11.791404199462349,8.349592708262321,10.678335270654047,8.477454377021106,8.811700488353418,12.951699769380657,7.152155631788905,5.776002795876631,8.315746990256407,11.124968730323134,11.898130411930232,6.63099376825884,4.987197758059103,6.622152294549324,3.787348841852626,4.312835550070471,7.372428038494738,2.9447858400046,10.934220461002669,14.830318761156214,13.30060289769219
3.358575,9.245438257786686,3.533805,9.39426486262597,8.786986773929495,3.694432500000001,12.299241611286488,7.83769680491365,25.65401417306871,42.38457670890985,33.27928350706093,27.8974891819791,30.677018303591943,25.213677286104808,4.839068686910784,72.51184627734797,42.10014352132934,33.67804615320217,29.49706524870235,26.141675202182928,18.32580196273863,46.93199103987188,20.356451504083456,21.38857947415086
7.044826819582239,3.455276000000001,13.353201718806153,13.960165433297338,6.214946834103319,10.158248032411985,11.487216860240618,22.82964036477056,13.924032372973569,10.747019918278076,9.907484698667906,16.12272988127219,14.87659085287081,11.768073340465524,5.4437298151317295,8.474372008999975,13.512566851448602,11.730640630051791,31.4202235470324,20.297807317343395,18.571853947725742,29.28783556316924,31.206663844503662,34.02726676960363
3.58248,6.367448645465728,5.068420322732865,5.902391982308719,7.239981593545777,4.588229688225088,10.721120894206855,18.19007008907436,29.50143224121165,5.124695849165305,5.683342592647096,3.90816,4.794600044919803,4.466759608238655,4.676319347064423,21.664857993011037,31.605672407139654,20.47144611592784,20.31162254509619,24.17287112503081,16.984311691851314,23.031384454671866,30.8551100916777,12.629269122782038
3.507845,10.096974512116253,3.690863000000001,10.555927899030625,6.552071545013918,6.902856045013921,19.146615837776015,13.4849810558888,12.041505497318347,26.273496661993413,18.562660902735896,20.24851208825788,24.13227773532207,6.332178000906642,4.849113750629614,9.442755544211163,24.925602971803933,8.549962384415055,10.99786421349956,3.3053445431607376,3.2115224208364856,4.178372322519632,1.6970760000000005,5.803294892388378
33.28375312091063,6.672340473571425,9.104114947142849,9.517938353831155,6.131372377616182,6.97562867691558,10.659653448545445,6.216379974652413,4.580742429217684,5.90385151240842,6.744753610207143,9.210068719629794,8.864712976331425,25.823420489155367,14.974472519425166,22.89728985635859,16.41204032221564,68.97301460833035,13.628944162883654,9.95153490263561,12.206189219044212,12.148909791851246,21.80497660955245,26.615734776448168
5.964656101615009,11.363800502471952,9.146707362932355,9.85152513922295,6.184458381663415,4.648023556372731,11.41636644206,33.33223726822696,64.54362116978986,55.47443853065929,32.20639764767771,37.62508464468353,31.944012368136608,18.567052893552823,8.61774812246313,11.517865242218637,13.948588172036295,22.196396722327894,20.93139599702372,24.32186692995858,17.790201076472805,25.34474931942741,14.858134766609435,4.803399696338941
3.88102,8.394159153621846,30.560440820735465,71.53282441688205,3.88102,8.77571184242284,10.072990984346216,22.923457853998023,44.538675628442014,24.636005151769144,15.579878749647149,76.44831408051603,26.687916096071092,25.534634609195553,12.098238469268608,25.99043822933433,25.65165948883512,16.5305851524733,18.842940883095636,19.017911649223947,26.481597642289785,34.93303546875298,29.128925349913423,19.98144791888487
6.900629680530015,8.961598152689119,22.4590665015892,27.49719917123903,7.689207426416234,9.627847523747205,13.385493220921088,8.835437818993583,8.33145562610981,8.922544297536811,6.165377641889244,11.30824995925511,12.02012211745796,10.677761120105,4.7273025703561835,8.29385219506619,31.65209195825926,22.528608565767584,12.795287553786574,15.041722737885566,15.10909017312694,30.57237300583671,23.80538240434313,26.40657238841686
7.607929485128355,5.0929772926644885,9.593167287723745,10.029220346256642,8.865882449230968,6.98497417312832,12.49147510239477,24.66442960534311,19.45861582080048,3.0337092,8.562496422100528,9.946334227692535,9.340905187746033,3.321936,7.045320077948879,6.1162615795586435,18.06948921855121,11.62089904627095,8.040358101247074,3.745235935026773,16.675971111053226,18.860461876314805,18.731276687541545,28.17331216696741
3.58248,14.376959841623064,6.295974538809026,10.137583816578308,11.617282742038448,7.990531521613595,12.559758074924297,6.9191025061550615,15.987192727830571,35.31231317209296,25.56035565120256,30.672104274603992,33.1721946913288,25.796722665676832,11.788103756369468,22.036459312752076,32.96123910960239,19.97733369168319,16.29327269442348,27.698077822302903,13.18491670072066,17.745273089511397,17.41550917182819,32.61926365966201
8.650660717576308,11.652908016325602,6.775882390737946,8.596119568664541,10.312719814358966,10.2258666522796,9.90538594439335,5.33498531017826,7.502861842096703,42.82290281884589,18.07858466618455,12.08190312736989,8.862653193659204,7.6776002801153895,5.8776076635298695,7.937166383876197,6.510473937709779,5.038324263068565,18.17914754248772,17.063990824588814,13.67096323264626,19.146793709667133,19.95891746834272,16.608458192953982
8.96503545028131,10.895974195304357,4.9276002600538185,12.6995671122067,10.255048230689152,11.122884825041558,10.97275348825221,6.414486250310549,6.656020697142046,8.926918247664881,5.927580526679083,16.353506768290043,31.812739928065408,20.998542295755808,13.73493161635085,12.246368138998843,15.359435500519156,5.354559650689533,4.038266651064693,5.310317779616259,12.042057209266998,23.74561875588444,29.90430074140914,20.81387840507488
22.71024242481064,9.233475112458928,4.514494242608038,8.614551158177678,14.965503065755447,6.017982736967856,10.782129237907498,66.96227056710669,12.885968649441436,6.431887649096537,3.3644160000000003,9.573400191730515,8.748835144207433,3.321936,6.233947768804841,9.37913757433244,30.76538470125444,10.012068583429626,3.504676128015712,2.732131206243316,1.9295084169117755,19.425443553397763,31.65001131503046,34.278104883923795
4.17956,9.27850051410354,7.443852111809085,9.236365579519893,11.502728258616465,10.02833393158368,13.261835968860852,62.859556224419904,38.73803601932057,23.501172251164405,25.89737719300557,17.893275277143893,29.072838402411634,24.563427054608848,11.560024559672726,27.928958465039347,26.07422354632547,40.869336383777,23.853579781974982,25.615600293625164,32.345373778876024,26.564206730195373,55.96786203018324,25.075272871614448
8.090073304821278,55.86294382343682,52.48324575141408,33.82341662077665,6.46687112635566,13.350453784583,19.693241962424004,22.06437882420239,31.23589555457105,39.62986706113151,20.60411664633134,35.75594986050476,24.66594193144566,12.715236011451328,24.69861326526616,15.801293989170722,16.686436105617894,19.09762730929825,23.443620115018867,19.846084972497348,16.477302448837122,24.49899940085924,27.301145152779817,6.0326958581653
5.288326827537122,8.303557501064123,9.79773093896317,10.243082345279676,9.31189304116334,6.598204716465336,9.06776493853752,16.877418041873227,35.796256070137325,23.945222143689968,44.26225255856517,123.41213220026457,25.44971795825409,27.830530731758888,24.310629000746307,71.10180585828473,5.828398508037236,6.725846629329218,3.529802377462519,1.783425775498074,3.200701964283428,22.69994350797941,9.902755623132474,5.146739913943306
3.657115,6.326752718416445,3.847921000000001,4.022826500000002,6.013029443123064,7.985218602232539,6.931081470522016,2.9094937667983007,3.2755416540978657,3.983592001775408,9.861049026870042,29.178687029420708,12.265319141761042,8.461888582784237,4.646431842413276,5.176434042340726,15.50593912683145,20.994106739157075,2.4013948107331573,1.502253799200001,8.035711191401267,19.680094581205537,24.80835505987009,26.6570512891938
3.358575,3.533805,3.533805,3.694432500000001,3.358575,4.3206075,36.36993070178403,34.42844951773464,27.705513485314373,92.86232744098704,3.15414,3.6639,9.32782659692057,7.87399865439952,2.5952624999999996,14.063721313249486,2.102162625,7.984359239302721,49.74962020600177,20.12568732964967,22.43055687034861,26.44196611098846,30.15253002255793,9.453922084390648
23.078210753122157,9.483869577532614,10.217982214174112,14.352753802695997,8.773657619016483,12.473225867837789,11.863352742986734,34.936163870730496,18.633944054661924,18.729159228009003,6.837435430040116,8.008039749882458,12.201290004276418,5.10934341214668,8.762183460877784,3.7489366117975877,15.557944355100313,30.401238271181526,17.243909942715955,25.980097275095904,22.15596538633955,26.26798828234729,6.844497363794532,5.174214799973608
8.142973959903761,11.417693607194249,12.848967738796873,4.1870235000000005,11.926703772045292,8.39830998319998,9.90617301928249,8.56855883170767,7.146927406674162,16.195850774999997,11.200730498964274,13.010949569503952,6.358765035919917,9.420590646689162,9.216089278398634,11.481174533248884,24.723338006154098,62.04584685121334,16.687918731254925,14.122409183696272,38.3744174461903,10.366151009301287,5.355123770801652,6.754565261774619
21.225417095571988,18.941276931669197,11.118280650499466,11.52922697109234,7.698374598993344,16.113899850516848,18.727636072154493,22.1368203888819,34.67362554912843,41.13805825015783,25.22261216588851,7.431273535705655,12.672885082934458,13.201593980492403,10.742554588232878,13.555883843078623,28.65681480440849,24.588678132094035,20.73028894757492,20.328885546556595,19.77595811424364,26.35601351962953,5.943490704780338,4.956389717839136
2.761495,6.579369301506743,5.612580801110233,4.048377932232717,6.436889299028059,3.0376445000000007,14.329546430214624,15.446648102902005,26.32442141315647,39.2429240948838,36.1008877244083,20.18944070432534,5.653265437672153,56.94685167246694,14.540352335439135,4.812244386879144,19.38674399530645,10.945721788305214,13.661746547470758,12.8020071636604,15.162076078871744,5.670135643006078,2.936317881347553,1.7811284639824687
12.158369873490308,4.319095000000002,4.319095000000002,4.515417500000001,4.104925000000001,4.515417500000001,43.87646363251066,57.89426165840088,63.27030165127031,91.853179310447,22.3091349829634,4.4781,4.20552,3.806385,5.738329434364499,3.533805000000001,2.5693098750000005,1.8314040789000003,10.246660031053358,24.6870979194075,15.817618177566722,18.499571458316133,14.020971969948167,15.512029923531069
3.731750000000001,9.141210315085427,9.141210315085424,7.574249011275842,6.435119359435718,8.069866727172387,19.499699330800382,21.450368840610167,20.71261243721774,39.588797523420666,73.11477374545964,32.20998157846613,101.07941187059333,10.563971488027661,19.07101903141495,43.75818806804985,29.618388536124566,28.005280460387308,26.218021739161465,59.74925251356753,23.997435910132097,34.97742381294492,12.190721308657189,7.749042752334603
3.58248,3.7693920000000007,3.7693920000000007,3.940728000000001,3.5824800000000003,3.940728000000001,4.5232704,2.57377824,2.4269673600000004,3.0337092,3.3644160000000003,3.90816,3.670272,3.876677063361181,9.422621708305986,11.84357483037484,9.304027926528388,15.191971493711554,5.9257847708798685,1.8353373984000003,12.125047426234572,22.168245837388177,26.346958850455017,18.088969247942543
3.88102,4.083508000000001,4.083508000000001,4.269122,3.88102,4.269122,4.900209600000001,2.78825976,6.001316431635223,11.330400639821116,17.729400985407846,7.723827170498669,3.9761279999999997,74.44885908950883,9.375329717668397,17.659259279664408,22.156614255461992,14.410729618661671,35.259850877157895,12.38673514835194,9.114420311290411,13.834269805673474,15.241528081514062,22.513215700425224
21.99727315540672,9.300201674217682,7.856050035794679,5.445185912262465,8.83903464904986,9.722938113954848,11.16024200906122,6.985803248375234,20.1775998788053,73.27227541871174,28.93585880597144,31.4995370401694,7.43621942416671,8.196195765482598,5.416030178665014,4.6553093821310485,5.532432141700753,1.69821105498,9.278456585424584,27.139527844676703,30.485250610923845,45.70147834407634,39.95974514984381,46.039570364624765
4.950489539092263,8.68712650515845,10.606305104928463,7.505623732992253,5.235415181252305,10.58680638475805,10.97520621278459,15.865122070909242,9.06928807293269,8.150091030910843,13.097677883458948,66.88229875258511,7.057155786407884,6.6692723017717706,7.084646656220869,17.059681942811245,39.08997009864915,42.22996464039602,30.599907988136337,29.93052062130013,20.55983034813626,24.93302835486565,29.981138776102146,4.717211772532079
3.955655,4.162037,7.029203592719415,4.3512205,4.588155,9.890585926165343,16.559948804344298,21.214457199761117,16.120967551856335,31.952188701725888,32.1020274688009,5.014723454802279,7.0085853829035445,17.928817940756332,30.657344958496125,76.62765948792496,38.35984538643337,19.48644327561347,10.134385695151527,4.094346264024597,14.405065575267663,29.669177898486502,9.206014768477443,4.13701220518612
11.506530504654936,2.827044000000001,2.827044000000001,2.955546,2.68686,4.550821333072257,8.424849962619092,15.314222852466427,7.874434445253663,31.002737963677745,26.605797936553184,18.839629644822825,72.57310007109939,6.07447094844409,4.61514041545972,14.246439494070293,30.313835302612407,23.286182364803523,46.93982191971734,45.42682723433439,11.9785219081908,8.932555674642565,26.95636421167378,20.82317866743246
3.806385,7.97653468073815,5.990756840369076,6.055459922529084,7.58100403541229,4.1870235000000005,9.57184161688578,2.7346393800000004,12.632898472220782,5.940269649330513,4.398321316976243,8.270186220449771,7.766783580944133,6.854653223013187,3.2931975,8.069562568807457,19.30884363160837,28.259389612600568,15.34456187957434,18.61913010144045,17.03501736174331,25.20686810745918,13.075483983314731,4.584559752640634
8.844325567032831,7.882050273277855,8.100533055307215,12.498670699302869,11.362427908457152,12.34478666732694,5.8125827607376825,8.9058063012187,53.18702290373702,16.236370253806893,9.27690353431517,7.335248271292263,11.640874758387723,8.201101889430443,6.65007199886099,11.186449760399547,17.026299729915873,38.51502819143397,53.98978464796433,22.804426483328903,23.15289000938836,19.42184977115912,5.497079747016425,5.348544710498115
5.274699597047628,10.37494312099323,11.408920367350762,13.30493258250153,10.040620710748255,7.803977592142641,16.45100946896444,14.690080826596706,16.712576236967507,69.01818351006048,11.710006370792934,12.787416271028698,8.868821191751236,7.592157731697365,7.1812873544507205,14.496671234050453,5.217182854801767,3.5926457554338525,7.416813319208521,12.80078155423372,8.00358212914078,4.520650298895582,10.182939620950176,5.233883564157364
12.491015915037655,8.34270517395816,13.8981040071328,13.958043192815838,13.124399096695186,13.146657138581196,17.403669274527182,10.450667850957526,6.860009030228181,11.07721308130423,7.412411909466061,11.919053044162002,15.408813935269293,14.128079937540805,9.652148661620007,6.319850199100691,7.0281268103888985,14.022054252309465,11.685580879366256,13.925576732343345,9.332094437763065,28.37201103236189,19.545643376755773,11.35754013174451
7.712535834088282,7.999122138877836,11.531573397421097,7.71100967770521,9.731122941567266,10.554068503629258,8.850898064844243,22.065895252243624,54.300722402102366,60.74546715479609,16.750195197772232,79.17288277007785,36.09857052509577,42.27459375636672,34.59808020341219,41.8578269692462,80.98253743206644,54.34599878688488,20.34386249164849,35.295674857284446,32.857492012682066,28.34809801259385,5.111184394144699,5.19631507708622
3.731750000000001,3.926450000000001,3.926450000000001,4.104925000000001,3.73175,4.104925000000001,4.711740000000002,52.86381383786704,23.349497174700787,25.289853103930813,22.75668381584968,4.071,3.8232000000000004,3.4603499999999996,2.883625,15.546683725199756,29.494687936580764,31.989707475786638,43.54596984601196,13.66104073947596,11.476740091510305,11.358635425859967,16.980191856849448,2.25675
6.222024360566807,5.004497067233669,7.403404302551509,7.739922679940214,7.036293345400194,7.739922679940214,12.584873082381408,16.164003721529188,20.093844192092263,20.02695543649749,5.690351485815774,6.965321626400164,19.774537801393166,6.524562920280179,9.342018399770547,20.69667634194354,21.557135087406667,9.951542001747928,6.910191696488746,13.23303830814852,13.623765779162891,15.2721129457679,15.849528721118311,19.491431201102795
5.357209239427707,13.043774511872035,10.837645669171344,9.874188078448489,11.877695977588202,15.415361122459796,11.058883641421303,18.631912401105275,19.97453010814449,8.960398386725423,65.87196355478667,12.47129794894578,11.268890298449639,9.775902256716488,7.61100860240806,11.120800084330227,46.31160281019464,18.662851038826687,32.90515234522432,26.277887316700237,41.78950603549304,30.97823904093134,31.00880751938353,40.59349270029862
6.655396031817318,7.002634085651267,3.062631000000001,7.32093563499905,4.408617412726927,5.467343274249477,8.40316090278152,60.14463538351955,10.945384044542164,5.635910366943483,6.771225227906827,12.46508621889357,26.510441937655717,9.461513808999626,4.49944457893865,14.879383623497006,27.1384588659318,13.278501460202984,17.286913226963268,11.13186441836968,12.836177118441082,7.996967226249894,1.408212,4.0248047148934765
6.467016976580865,3.690863000000001,6.804426557967694,5.124497512204036,5.151829431433813,7.113718674238952,10.213520818767192,18.285309288011454,27.92807697167234,39.453613485177634,20.50886675590704,16.474023935751863,56.13040826598427,23.103277366935707,11.128888564147866,17.447804367374133,30.27365836277584,26.1901401665286,22.054297253859232,36.44349334699558,39.70435357391737,39.04277425972821,1.7766110570780624,3.910883784256412
3.806385,7.561770018653782,4.004979000000001,7.905486837683498,7.186806216075907,7.6398823135632465,6.4670628000000026,12.99344855472971,4.868734538381605,3.2233160249999995,6.749348446401722,7.840152235719169,3.899664,6.664129400361294,4.2473693334838725,4.523987461086392,11.777165822916404,15.31587530309526,9.11962893167836,16.26127220574854,16.62934760866853,19.706701927092944,28.673913486622432,30.1021427524984
3.2098490791586918,6.372298317948118,5.268885056666274,3.3660385,5.756688424856448,5.673175319043848,4.431096477230663,4.678243687841929,22.173297844896496,35.213510447372194,21.893881323879192,21.15111612922543,10.267816125150636,7.697670286603988,3.1749304736311035,2.6342910000000006,3.9782435950151833,8.705582337950677,24.18699902690104,19.979260228207597,2.030304369464707,5.492800495192215,13.47180082383339,13.262546395813729
9.87670474931276,6.744298589246111,7.3524304579366,7.686631842388262,6.987847129443874,7.686631842388262,8.822916549523919,6.344506901691435,10.236733789882916,5.917436000979062,6.56249991286903,6.992586065484322,3.6062482814038948,6.479640065484318,5.399700054570266,23.867934721668707,14.775662066062113,16.52581512317601,17.867712373730786,14.796246721659264,18.30673752465429,15.369028130500796,21.619891170354943,7.537378904575751
3.209305,9.439241894496206,3.3767470000000013,9.868298344246034,6.875952926423325,5.5468918595328285,14.604109223323828,59.43950658249582,11.623553146162624,5.37911279393246,9.30551155350681,15.78711892781363,8.386062589511457,5.404460016202461,5.357123049136042,25.750388062275373,5.615143314060655,6.901203455975207,11.998618942294206,16.17807804593511,13.44644384505018,8.699453172767319,17.927375769785407,20.9555066808314
5.361797929819984,8.896459108054767,10.671867398575303,10.84760083576833,7.049169445603964,7.444734945603966,12.806240878290367,17.779073954683806,24.457826598865694,26.007969430010142,29.13137693853419,45.57040364230785,30.159892240412056,17.309717334893012,13.22869244552417,13.721678341263788,17.294837934655376,20.133213739526525,19.765041756509454,37.60380715451239,25.97552613508323,20.944650814763392,18.98901982907143,23.524270868968767
5.762071639913959,9.958776703043872,12.487673167648996,7.559554416880636,8.077139868313585,12.908414325052432,8.677053765462992,16.935415280172677,35.93286577218272,23.495078602337376,15.28392002562425,25.009424129119548,17.03570126481471,37.847744533879,9.171074771883461,54.31684979129713,14.76351068536538,19.847678675136887,12.581037027395691,18.028092522945315,15.132772513752576,18.04568290120253,21.761805441558145,24.58346600468234
8.234976805056439,7.28034808405267,9.865136123770627,10.134129077275627,8.124331179005214,5.070064702305466,16.881531374106938,25.8437796733182,17.07931506024922,5.453470256486325,8.805245465844854,10.079429577579576,12.586292694834139,5.415990730587971,7.666900047292818,23.251744934463588,85.08666058047895,23.54383444934444,23.944049324694877,25.64955453936921,26.98584929783336,24.809632546098253,27.60632054864502,39.7723652830397
5.340672286783606,10.652257836505653,11.26987083828492,16.415226694048656,9.382166619094043,15.846416642396248,16.040659759212872,7.457544671552397,42.75568646641485,21.0868695899,123.25658617050152,12.6070879196463,15.504568348687252,8.668184597281915,9.589289052859606,17.73536658622336,48.57152433038021,34.63973997859925,7.502812945050349,42.65984131472735,23.920711377853,16.726268077266752,15.045623954757124,15.827088445252722
11.43511942816086,13.745355918497513,12.482823101903772,9.027183641927968,13.71042670065784,15.645603916505712,19.98079860243743,13.743739744968485,20.47779013779528,27.67396058171428,7.71678066474998,16.343659806848862,7.961330188472461,10.350286894995234,7.469537711622907,12.42058474862362,22.18502622074361,21.9280180538952,26.72579665858261,21.044283750679828,16.80397041341663,17.442747771561024,16.32230870567219,41.23651524668658
10.923391143316673,3.926450000000001,3.926450000000001,4.104925000000001,3.73175,4.104925000000001,4.711740000000002,2.6810190000000005,13.682664571636188,19.658073694322542,24.14287377012619,12.88021256062193,73.2467134215492,30.219208340034115,45.91967086868224,38.022592530542795,28.94859641288752,17.4561961823713,19.70757805728421,14.36278788593796,14.576604964335786,16.231542907376358,1.8054000000000008,2.25675
7.736626777249657,12.664639516912509,11.492781591918018,9.319907527699712,11.368391302647264,12.002954454974622,33.29698059377671,27.038702850203247,8.535366265208548,7.55204556764718,10.46721110005808,9.302204564020402,11.646984291091577,4.24633703968845,8.79065398552975,12.871929229877635,11.611586676047748,8.468576859427866,15.222435919575464,20.166883189471104,19.704387358977083,27.45590446762902,25.801447348864183,22.57432673640848
3.731750000000001,8.154507822112928,8.154507822112928,8.525167268572606,3.73175,8.525167268572606,9.785409386535514,7.360852211120659,21.285004893800508,34.03021192256556,39.86841871599021,54.53190487411916,60.8440804187406,64.15376167181633,6.378264719907265,21.921813584522912,4.850890631745651,2.2027534119924903,7.205405698100881,21.814101223538373,13.52791424568077,28.557849548578965,31.920064787752302,27.7401378789896
5.811194878263463,8.774373113312839,12.278249992294024,7.966627646620929,13.67567710898798,12.445940098035347,28.412629909409507,42.64235114824514,38.574753295054215,9.747651930598982,7.387491594318103,41.19198973979084,9.542063686193545,31.80230431360677,14.326169171975518,8.953917992635176,59.15990668173328,27.7166565349613,28.960454879505686,23.549640288753736,18.054577346877327,18.02160822068372,23.12952109085043,35.23283170623509
3.657115,6.3827369308044535,6.3827369308044535,6.67286133675011,6.066237578863736,6.231188863958426,7.223504657440596,17.580745082065352,27.18743249685049,25.16797636364653,15.411054273252704,24.7520337410486,5.94065632478342,5.7491629787060194,4.687547220031068,6.6459020865326455,49.49540644290995,18.9162848384131,23.874570250028142,18.60856308601813,5.837710599558346,24.39727120055032,36.400413168557904,12.368058389656412
4.03029,4.240566000000001,4.240566000000001,4.433319,12.969227783518004,6.293605465511004,95.05894347927904,49.97811748360956,27.614682258537005,14.647723248130484,14.060075376250545,14.769979715723494,67.50440815654426,50.927181181768866,3.114315,11.217739790048345,19.17942875469822,49.38632064007247,24.601058457678803,20.870223550368006,17.508999154488205,26.76536286969523,12.261658415152718,22.08454200075744
41.35024913213999,10.479067049763248,8.67942013243544,14.864920862789395,13.51356442071763,14.864920862789395,11.32171867545862,18.94857790600088,7.800463393607956,6.479255701684926,11.567345270549064,14.499743877343317,68.62880987063127,22.94489218723293,19.252163918470263,103.71244845476359,34.094411830649726,16.889337145240276,17.230815737852083,16.68730092632294,21.268412327319112,21.63704496195637,12.382272787246436,19.51652768096907
3.806385,4.004979000000001,4.004979000000001,4.1870235000000005,3.806385,8.027563500000001,14.725347866456431,13.903116249377788,17.327215319721663,10.377342051530754,23.81318781975164,35.32629931150907,3.899664,3.529556999999999,2.9412975,37.909653379526596,14.313961825240654,33.38369254462617,19.45206387259085,24.55988414534903,21.427182058052843,18.5101535129874,25.37044823633531,23.7989819475757
2.08978,6.603500423670401,3.079749684734081,6.443169380453512,6.694681533837237,7.364149687220961,8.45276311924493,3.757044343906912,2.266534089673266,5.49192739232054,6.287179179603666,7.303288946004256,9.966966715251537,18.80632607608008,19.325056283218032,79.2261776833791,23.380010679333136,25.237238736744,11.838700392316923,15.426849172537402,12.470915284780396,18.49053350932795,22.05664133069002,19.381857077673505
5.665707481834152,5.961309611321153,5.961309611321153,6.2322782300175685,5.136425819204339,5.4012635294551785,105.35805754074704,20.81925904980982,2.22472008,4.797824108480465,5.320838330765986,6.567308659941127,66.67539536124838,3.045108,8.691343571896654,7.5169249996041385,12.011364560413686,28.77332653333644,33.843370771706134,31.558810628190905,19.66196244362151,31.979745373928,35.468596620790954,23.26506247675846
6.271019204573646,9.9488016602057,7.904980513092385,9.999912620472386,11.910640105376142,10.207421945842622,37.94000377258828,23.3446928103354,15.562610623655033,9.648600625176696,10.499494593377053,17.314867098615697,17.76194575265815,17.196720667083014,6.66478887789284,9.370784297546031,3.994428475120036,16.57519155086891,17.60902705006139,25.38387194776696,25.79233872928004,25.451800636337136,23.114419903746896,22.680141606656704
3.507845,9.065541241920508,7.599719903214918,7.1789369263103975,6.526306296645815,9.477611298371436,8.82649961611678,7.752214608485757,6.13969488297394,5.919839125516337,17.967038073904128,28.34496749237494,16.977824293362776,20.41869128837155,13.15747852249052,3.019797000000001,2.1955920750000004,18.75579811787727,17.775406129067253,23.477316509217925,19.47790199942724,25.24551799081504,25.59262971572617,5.210472614627489
4.104925000000001,4.319095000000002,4.319095000000002,4.515417500000001,4.104925000000001,6.4635175,5.182914000000001,2.949120900000001,6.2516691,7.096865624999999,5.875012521831227,6.656865261908679,10.223958408853708,9.57110215477785,12.902106663459751,15.234910405365595,2.5693098750000005,15.364884314829018,22.555056899306745,41.54760194028871,19.20586408691891,18.7509794304638,23.3912511308604,28.51026018852018
3.657115,9.798898001688343,3.847921000000001,4.022826500000002,9.313002233009582,10.24430245631054,9.811085128746194,8.999333903904162,32.89953756597201,44.37314736831501,48.601782526378,29.57487880576624,69.30451832942585,97.58584813159294,21.189946432108957,15.952703807588728,4.219969472071289,2.663899315524312,9.275478116966289,22.229316729292474,22.92241148894451,31.410733822785183,23.664672648234266,28.117708870473408
29.535235137663943,14.733937578335036,6.761710028034893,10.757655904978051,9.521743450600791,4.515417500000001,12.347918082235674,20.589525109335757,15.429418587222177,8.281616921890128,15.840960080297425,4.4781,8.962287958427073,7.589310753975831,5.962469732127678,15.902010832070452,33.496637692696936,22.328475785891133,28.839766175471045,25.784379985138592,23.50394637949933,23.58616510370126,16.2051464001661,28.662564784511503
5.208526420079399,7.693220561513202,9.41439995688603,9.092390186262016,4.507455710039699,9.842327227653575,11.297279948263238,6.092463267737967,4.003483437604319,5.795926862341133,9.51969723956404,4.15242,6.533251362931738,5.696502831031797,2.9412975,7.7026908738158415,11.340446025797943,34.72470981565317,27.376812152716774,12.325269958468764,14.818796750633483,20.560425480903067,15.11441088360538,9.175561023701553
3.955655,10.05232579584266,10.332815738501838,10.802489181161008,19.365019786804243,4.937699471014637,11.389615092629176,7.055349060454724,6.652904907273704,8.31613113409213,7.470195893453409,6.060156112109665,15.336742601045986,20.998477831540587,5.940568018625695,5.01174539886618,6.146705620850705,1.7648075669400003,3.9219440365468903,4.033999580448231,1.959222122540219,3.4634544596920347,4.751076808387019,5.938846010483773
3.806385,4.004979000000001,9.666610268148528,10.387857746067432,4.575083460256293,9.260433337691536,34.64716519253335,6.784543928696375,11.912069690139242,4.525211689961341,8.868684874112907,20.0577962220718,3.938033744555861,10.047006529742792,26.48770632499269,4.600299218528229,15.427204553755391,17.29829246576131,14.810269403792413,59.41075745886441,14.79458375235728,18.77042904275041,18.32290563190169,6.818183690788187
4.104925000000001,7.264642722088845,6.142529304150238,7.15493428992377,6.504485718112518,4.515417500000001,9.863205944074034,27.91527733519627,18.97684776782032,5.5081167694743725,5.983366028238929,4.4781,6.663884182350848,9.13079765757292,5.863745225346356,75.30796336726458,17.860073728036074,30.554824622452045,29.14877620027752,30.06272144457116,26.78702825811669,25.631396435737567,36.71118835133316,14.737530263849656
3.88102,5.080575680890219,5.205209141001494,6.6144971130031225,6.013179193639202,4.269122,7.592292338403586,4.320077086769313,3.190941671196946,4.791144276420392,4.979701060365413,6.559831847606401,3.9761279999999997,5.5758570704654415,2.99897,15.735830543476302,43.18159104780729,23.97575122565084,19.46959407590564,22.28542494612548,18.76254943408762,28.530606400667864,50.35982577376343,3.636428524216592
6.1752792451321845,5.959019827959427,13.381623541031257,9.361131197660118,28.735595294932818,15.895146384417668,15.760924413880462,27.248362403469574,15.271850725136709,12.236635419078556,13.495807091268354,5.856637222432984,13.969776943527473,12.522731043465377,9.533140642923922,8.734153298831556,62.54448238974527,25.488633919957472,20.795418184855823,16.040021776806714,18.86425353137448,30.78693974268048,31.185594458756235,7.909855951097482
10.31005849695424,6.219490176732877,12.363250232400068,8.839846862466569,8.888329609699209,14.669726734528176,41.32725851635888,15.387118937787106,5.924604809853056,10.174700015206865,12.555948845383767,13.544695091128554,12.509729433478332,6.719323826400993,10.492911587717515,18.817170114831207,20.88730047910835,37.27332667182122,12.165232452583265,11.98549343564749,10.247615847488513,14.23297521054732,12.68367721334333,12.80384701669992
3.209305,5.710606301045397,7.266512501742328,8.410123129458551,8.631402366065059,9.494542602671563,6.54154632111509,4.69839940600626,14.149640040859587,12.652624607745654,83.61875132288289,66.00117745416385,17.78933915598953,14.1414732521804,5.527046598284494,9.466510555059594,13.403280132935212,23.811885557786532,50.9490960959324,40.89164346295978,16.29575533992932,41.39719758452089,15.15979805047526,10.637215959617697
3.955655,12.474756940315856,13.080577527652546,9.909241074150652,9.083621658332486,15.309634091769391,27.608467660229923,30.987657701386347,16.874031235827154,36.42166980006698,23.563822300953746,43.14216027683872,26.0663702864696,32.94078966380459,12.00491899395822,11.243287962772582,15.88209163691479,44.706859355845424,19.000226528223013,6.4150858776050645,6.717466324075832,17.43205802614178,21.880565305323994,5.43151310201294
9.342241149092557,9.82966242643652,9.088929913740628,6.146320344727768,8.168904524298794,10.276465264001812,10.017836881253688,6.446174102536888,28.84156532485654,49.50239956140499,39.24607838727318,35.64391568954606,53.52433549466731,75.29056493563091,22.644151147694036,13.681671192211553,25.376829437379868,7.040162447836311,14.28568666815195,21.094374474335996,19.6560387235128,19.3717415291338,24.59921235517053,35.74479038088383
9.717660451573298,14.692483264086972,3.7693920000000007,10.922971342516822,13.53930338262015,8.611624915723937,17.0948421839691,9.035723363627664,20.900348133353088,68.4978736663694,16.401483458138358,8.540454461874976,14.306129459246218,11.13824004916693,8.789685421064892,6.3304637967519435,8.740150966508233,7.384196119497285,6.18058862575448,19.59791776274204,23.90186518755447,17.952060816885233,7.600864497966158,4.734382364735042
3.657115,9.86946882218879,9.595762102998393,4.022826500000002,9.38007367398108,4.022826500000002,11.843362586626547,54.623626236459614,18.564344989475725,69.84605999927071,25.19797153626788,76.11448162781998,4.840866462186316,58.06647682570693,16.008393557420806,32.72085877617159,43.50217850204938,71.77583759399505,21.61157179664009,15.295537040698516,21.47647193837917,18.030470967371585,8.272279617351101,4.7286474890236585
2.38832,8.06576428500205,5.289346142501027,5.265896515600147,7.665809031200294,7.640766579640281,13.002129824478724,12.88483680333751,12.49469641565919,6.491546465966431,5.995023192126341,14.592387256691552,8.329132711643734,8.369154817327763,9.914955793337423,17.39616244138638,31.26227905400117,16.01638188135454,11.13526969613305,20.317799485522325,15.391892618827498,19.04093179161432,29.66690710130609,26.934996525538896
2.612225,8.845370276103004,5.242683067496685,6.929619811787532,7.616593436620983,9.24743256138041,13.329684331323602,1.9403307,5.516762386046366,7.1189945710131,7.89504123817458,8.422111031215398,51.58181103730015,2.4222449999999998,6.49613031171351,6.78363603181215,1.7998722012494517,3.750657765813407,1.043231805,3.4532910375775625,4.519136906438434,12.445587852734803,16.969730748757442,5.083928070036661
10.06687,4.319095000000002,13.214101019003968,10.786284147541762,12.558856340375671,10.786284147541757,5.182914000000001,9.980113047694688,8.508054313498135,3.4761251250000003,11.794404215309328,7.481529249789897,26.988280766633,11.64548497016653,9.704570808472111,10.19755203733646,21.238391692826717,23.14570615438529,44.635482425551885,26.314190882962667,18.277266194772285,17.989733222819687,8.210061160706323,7.59488150228252
9.454401506118238,4.083508000000001,10.226920658089757,10.69178068800292,9.7198006254572,4.269122,12.272304789707702,9.256910489350211,22.45137853932557,27.85141742870924,24.312087865740427,37.48584390668911,91.79218587359841,3.5987639999999996,7.510755028762381,16.90891499855499,2.4291657,8.605462594190467,64.36922459598026,18.94554815243721,17.917104096243133,14.245676398614084,26.28063050892367,30.33826219391485
14.558008405493712,9.367345072431975,17.129908232884638,13.51163158408706,16.750748925791818,8.785701863728242,15.7917324193281,12.034320663034094,13.078179150234746,71.82098448662953,16.580555014945578,13.14346104549996,30.613924000406172,56.313310431554,3.783404291934119,13.40813374095499,10.484446032188789,6.621355479917298,6.387040981861297,18.458187819568856,20.1804224312529,20.9938076814134,31.81056003225636,9.390246381273403
28.648102133520208,7.822996711529232,10.802797495770584,10.5729611993824,11.380526590067037,4.597516000000001,14.618229622713644,52.320569142494,49.63616864394135,22.956342849450216,13.385374498727996,12.792062250513975,14.623239030722246,48.02997131565346,49.797965791182634,12.861640028179098,21.48949184526648,13.153352933238056,14.651055929208658,18.694253513824247,17.316554674449634,20.639748485146,11.939556978393831,4.377013819561268
8.708161148833465,10.780466307618768,11.157996292548386,9.493246318881315,14.972842910338311,10.996074937655331,14.177374691294602,19.91136944097901,10.13716072065888,6.39677406538438,8.356212397215602,25.4184580000598,11.635326564955909,10.50043852847198,48.91141060194817,11.543495355295093,21.78162109732732,29.58534357479552,23.90528649597614,31.193900416773136,43.565055822841295,25.91111799569758,29.55393933096932,12.265766017183534
3.507845,7.396279451204763,5.358300403042144,5.795551735857034,7.029521792467335,7.73247397171407,8.875535341445714,5.050252960814358,8.909705665263044,14.580091682810563,16.57674260996059,21.271604520981583,23.001314660300146,20.871722217441675,17.42067567368817,25.930821538216044,20.217294674170915,9.131627436842193,21.80928377795862,16.339549443475544,2.168703418390741,14.010111379092413,2.548959872328067,4.251054680820168
3.358575,12.067960980897777,10.78329418483846,10.294334544169669,14.160045637320431,17.023210201052475,9.048488338602544,18.114908624272758,13.411059512251802,7.316515229226622,68.97898167266085,10.483200006670192,13.34914360655494,6.674031744859165,8.436758366977704,8.946740310238322,6.014736003827024,9.559834796951822,20.974200806523022,21.81327792239515,18.7552675350659,28.932047102050586,41.10176485433309,31.841065206369382
9.80871748453079,14.05272754928306,7.633139189134198,11.90825434640661,12.343813158201831,14.691487892432288,44.67045296669964,43.89972998071016,49.20963834603726,11.075169181629528,14.030396656957825,46.56610450338217,47.122533857735604,36.99644845280741,38.56975901064567,71.0358729110984,32.56224717529472,30.6861613265879,32.66622680971616,35.63986275483943,34.953536111055755,33.5813172718012,22.486373128617164,15.025600507032022
12.01313353516943,5.898287142188889,10.956965148778488,8.36568844008355,10.413644562888644,25.27519111751627,12.420339332231896,9.81314744285088,14.704531236345655,14.300275880399804,10.004630322994815,8.392946903880647,9.234990402321953,11.139451096248015,15.646478164742744,9.670764245197388,9.919800422546894,27.33859147306713,28.078802436027395,53.55125821606688,58.76022087958693,26.75047313318625,28.786260507070395,33.44739791602723
3.43321,4.928786140042561,6.903464350106404,8.82293087016315,8.020846245602863,7.676021808762435,5.387962512034052,5.7624549287974665,5.151221017705168,3.2604768122131462,7.140949110870429,8.750014086112214,6.508291611937419,4.537064264198531,54.687102436450765,64.09065048060407,75.55630019056491,56.499641129818855,17.543165439217788,18.8786731059925,14.321805813037964,33.80582455310737,77.69000108873975,39.274764428157575
3.58248,6.320220566530523,6.320220566530523,6.607503319554637,6.006821199595124,6.607503319554637,35.37747247361455,115.49430450825152,6.675540672026569,5.086685406748051,4.502802302418581,6.699825623776201,12.478967977204642,22.90449013276555,29.792811473418073,25.18285858239414,29.386018752186,11.915239699617992,8.145508767427724,12.610506489318716,27.2652075595236,17.452130010239795,20.698609245769656,2.573730992026849
18.88782805086001,9.32575855395041,9.216061729007947,6.943583107148547,10.254765681634114,9.634973625781036,14.90498974154452,10.68963158018965,14.49711158641911,9.273070983023883,7.017072551385811,9.922070347106253,8.973716003602028,8.122043882889797,7.744936326607809,4.945073376238198,20.172226857348008,46.28913712018033,16.084570659921727,9.73801133959512,20.75028014100992,28.74195181031499,4.237588112812069,3.536860764736064
3.657115,3.847921000000001,8.139074943033854,4.022826500000002,4.268870417498627,7.611791615991949,9.509420695058592,17.428677527143915,20.997040221655777,38.15152862480275,81.98845909687334,24.12848761939437,10.006277856869975,13.693314810366834,15.700775241168094,24.24956078669289,31.042910297655222,40.11776053934915,19.100976759230814,13.660196287833651,10.507671450928376,11.600258328076432,20.21580936514284,16.582661076347474
3.209305,3.3767470000000013,3.3767470000000013,3.5302355000000003,3.209305,3.5302355000000003,7.885376400000002,15.285599295757017,14.850189940724396,19.55496727669728,10.052856,15.11612918232776,3.287952,13.72794013053628,15.691193395878093,2.8226004094137536,2.008733175,2.389682058775068,19.94013301983929,1.3183043544000004,25.613993114121342,20.9262041512762,21.001041968250888,62.38998754497412
7.295827351417028,12.53196382229937,3.8214578819845135,14.04989255880654,51.0737208023594,13.064831933447827,13.18598774005684,29.86931773999208,66.80861103467126,20.31419980588746,38.21358386870798,60.90075992115007,48.78163016762385,9.766147254860396,51.66701077296547,39.199607093134695,74.46157926695992,35.22888633495192,27.08197034036496,38.28463325517056,2.98450166665355,3.393502079388243,3.732651172616127,7.724159401715417
4.03029,9.3081046227198,18.79007538341257,14.57700367541951,6.657338572258949,9.73120028738888,10.89331434966086,32.51518217001756,27.97893407797991,19.36066925266269,26.1031467876127,30.381557603238555,19.79414530673605,18.48437503351247,5.990137111298621,17.12007035611113,52.60635738172878,34.0337217851104,22.16339223561669,32.69853404764859,27.074438531829927,33.329607645038095,40.15805758850764,45.75608609754728
8.703883140471051,9.935891609455732,7.268536579033581,9.386023689573188,8.703883140471051,12.362869895414038,11.878716882573151,10.951652510463646,18.150840983195906,30.48445329489932,36.48270539955288,20.952090261209584,21.41370759092701,32.4006638213063,30.143009581811107,47.761412389626784,21.70154646201444,14.576389952132986,14.042419359075572,14.682849217899577,16.020063208828148,17.52999586576789,23.40071906775568,28.837091017961427
9.64073275426882,12.677969973098154,11.894410404007402,7.793068581242879,9.64073275426882,10.058688754268822,12.706173346627397,6.159873154700345,20.938904132061648,30.553562441728783,35.50536022235258,70.1902044092716,9.292769555949498,9.331543535934092,6.6823849231534265,39.83231717224071,32.69891792398576,102.71699649627716,22.055325609975032,23.455847371181505,14.047239164355911,16.80044576081223,18.05082824967028,31.299684577005745
26.66722227539499,48.04079351735512,12.051378174783387,6.420453214979563,5.836775649981421,4.564851857489781,4.935383524387462,15.711912139985245,18.40283299487833,38.23161083176476,18.32257979158114,6.367391618161549,6.441460317415065,2.2838309999999997,4.5102357295310975,18.221832169280084,62.49182036232926,27.44643928551178,39.494339532924464,29.569567109495264,16.40109158201337,41.58363069990702,44.51749917969235,10.10713340661282
3.2839400000000003,3.455276000000001,3.487220000000001,25.87608466967481,3.28394,6.664121199752888,4.748141475236291,31.415168026695525,8.651834011705676,5.1302718161734,3.084048000000001,5.936475636173025,3.8381393454161854,5.617688945246234,4.681407454371863,3.888535199914048,14.84149343651759,9.832908291717889,29.68856671987129,20.111168026716403,12.226745691382764,25.883672141470623,23.202387510627435,32.74200845799745
8.391872850784285,7.731734453985696,11.117971582854334,14.377508340029673,11.878599008725775,11.619470636138496,10.88276671377291,16.76557459647844,16.369942872059486,61.994280705986974,48.87050857893305,32.32428129664046,39.10341894205686,35.173982392564106,22.474373873923085,20.432807181147425,17.59353116450797,29.04813700349517,17.475313276089572,14.768192978407908,23.48717969561006,25.53932128698581,18.70452953403532,11.476272232033024
3.43321,10.241148864690931,6.928749435140273,9.447396344000598,7.439944095850159,10.706655631267791,7.230441327042658,10.591258691581398,28.323459762113167,22.562781988287107,17.605949180296808,29.29623454237824,20.270686756859913,31.94264514451874,7.612602291707701,19.20213915457261,28.366995096341352,18.34800355328844,23.716432764086573,26.68689845788729,20.65110512140157,16.146705055006247,3.599403783921184,5.886159941013194
4.03029,8.360081705294748,8.360081705294748,6.156025567668713,6.183673209585891,8.74008541917178,10.0320980463537,11.218760508583484,19.806653381874483,69.76252774504435,9.655237101705088,69.54240679655506,19.557734787501353,20.211402087365858,29.83719231942994,33.542549704454366,20.771633165774052,18.76357940449084,13.915563873094518,14.622210824052551,11.101077853423767,16.808708377779116,22.292862948403386,4.449848292537874
3.209305,13.024355597670525,12.67318181205341,9.834660218763055,11.192438867525134,12.179240147298758,14.09122880001638,16.96092480848221,9.72010686582592,45.65088494061705,68.84225778479008,26.381750764944684,10.961150399058452,13.469776509859134,6.634132247532571,12.005421918219678,26.47503503647827,19.31990559827614,24.607048380419112,24.207703925398626,23.47593315175581,17.011366394696385,3.0436755104859983,7.140616624013183
3.955655,4.162037,4.162037,4.3512205,3.955655,4.3512205,4.994444400000001,2.8418801400000007,8.09360951619982,18.57725644953308,17.348926011224854,18.78419915721928,74.49815071530895,28.78361931676061,54.530320113662505,3.405303,23.50065559471367,19.033930023089468,36.24879125620433,19.28738208394397,17.335726751995868,51.03542162785212,25.64211171392441,14.767911360022271
10.359089557061871,9.193307617854456,19.31465087816768,16.901078552951393,12.434653033091836,11.236678447191256,21.01867694350279,19.4211791505458,28.854513665956205,56.45463256864412,32.35499549061471,36.91427099655632,35.66227434291464,11.266381217166678,12.853759826435843,16.487566199778815,20.909699164691723,40.27010051683792,24.709253313663943,8.394351581907676,20.405883833636672,37.8909815301408,23.372785646611508,16.009432389823928
3.43321,6.533884975355972,6.533884975355972,6.830879746963059,3.4332100000000003,6.830879746963059,4.334800800000001,4.461401460032317,5.106743820000001,5.09069521383407,5.831897333375577,6.774426195335264,6.362069818227901,4.2869821140149895,48.99332777465064,17.166854724636405,39.50687305319178,14.63625397108206,1.5295203270025663,2.5508718936184773,3.0956795079894404,12.93480420703916,25.14537298884235,18.539929936576662
3.507845,11.576567262232198,7.145358012300195,10.039050571998478,9.360923735119352,9.32319815373995,9.722430284818117,19.62308531977732,72.1198866493651,67.71032105490796,5.27188845864734,14.739799550710163,23.81573272751785,17.17031612532631,8.139518366137208,9.471736850917253,2.4591924284083326,4.720859123088,4.225832974631201,3.748906859926883,3.3014683024316445,2.956922008395903,5.3229595525815965,4.6682083179549085
4.104925000000001,4.319095000000002,4.319095000000002,19.24279715902093,4.104925000000001,4.515417500000001,10.1921620729186,24.21282835529498,12.260531879491571,3.4761251250000003,3.855060000000001,4.4781,4.20552,3.806385,21.78337369714467,3.533805000000001,15.283058970872071,16.554056338573783,11.796648450263032,14.68200053531202,12.703655047253788,21.575916865542943,17.735467195230754,30.17731753723869
22.771965092334952,3.926450000000001,3.926450000000001,4.104925000000001,3.73175,4.104925000000001,4.711740000000002,13.465522848084523,41.4790116903981,57.03332783108919,19.111167296810496,26.623776992610683,22.53821749341859,12.86643570107596,10.122357859675605,13.202487509473869,34.954588387033326,21.97730728749024,18.779294418346428,18.84813917274497,14.602075017822257,18.406718773361955,15.97193718364103,29.889950732314173
5.525520000000001,39.79287952973987,38.95347121139497,31.491004529852272,9.158055592405129,10.129909640498235,39.54475544654864,31.88990396528968,42.44535406584789,26.75624328312284,4.829632752633733,13.186245615809565,9.38248225119134,14.759119800939121,18.036707594326817,8.781392619260764,5.013333087719259,18.423986501889978,10.624451689512838,3.461645348997996,3.840070091776597,12.64135005619146,12.382335470032327,2.4920768533305755
26.75434522536324,3.926450000000001,3.926450000000001,4.104925000000001,3.73175,4.104925000000001,13.177907568043178,5.929561642681299,2.5280910000000003,3.1601137500000003,5.740878309572849,21.843667990580915,33.22943804369106,44.44967988774849,2.883625,3.212550000000001,12.444989820740457,13.590850352422123,17.143816061078397,52.25849419642415,16.966316649607204,15.626203087031344,22.59647307972128,25.246368631442856
3.2839400000000003,11.908094472808411,10.888622697321304,8.186125887717232,10.348690993321894,10.465988304133829,32.340725893650905,37.34588083899563,33.89387713013964,47.46670290716899,142.46364858804745,56.77059543805884,25.421279948105724,25.464464378861024,26.32548668953828,35.31669276622713,40.867128034095806,28.87794767062788,27.386844533881963,27.92160312289707,23.1055624685502,29.288193535854308,28.89985692039829,5.672351957327686
7.08265295543178,9.513952982474748,12.085368355435394,16.347753491654817,12.254849115157002,11.2009935481914,13.941608070725373,9.985708951379223,13.44093009669431,19.969669681916542,23.277133214169275,37.10705815112684,70.27399089615929,23.916308071053482,8.34815294064023,8.821952414476137,12.434804955601091,8.008350585807328,9.214207547093087,15.806037546935752,6.730996257458485,6.470961281497286,10.955620343653822,6.693829023371355
3.657115,3.847921000000001,3.847921000000001,4.022826500000002,8.67130973527838,23.8656165,102.03945308673973,11.129235495515646,6.354363847899414,3.096911475,3.434508,4.175074982205648,11.529031764096292,18.563226056800733,2.8259525,5.295881055261598,24.15409680653703,43.87699412616423,25.082269312815257,13.382652859189092,11.07538344449782,13.223632016334214,1.769292,2.211615
3.955655,4.162037,4.162037,10.619627385243026,3.955655,4.3512205,4.994444400000001,3.116025368182579,2.67977646,22.15291698291402,89.34951591028796,89.90252382080925,53.59955612132252,57.55038702669267,51.096237477633196,62.68446072156012,53.41201901483696,43.59389929796822,27.626485629730663,29.62373165391392,20.177309163918125,23.22037912956364,22.01899188522533,32.62621647385083
3.507845,9.70748087798192,9.70748087798192,9.290989030326648,4.027688017256139,10.148730008799278,11.6489770535783,25.380535702421284,23.821047392075485,27.63009582007907,26.904650236919192,13.79302571215555,3.5938079999999997,8.555127776012611,5.723334077279894,4.362348096739767,12.927592314938352,9.31831819628217,18.330069573870954,6.969511573955327,10.873794325897885,18.38943918888231,26.284765577667343,10.869088923911145
5.959145796754921,3.847921000000001,6.270057751368222,5.288943438215207,6.342817596214073,6.555060376430414,8.008496651915511,4.281257615025145,3.777130202531641,3.855012071476791,4.875779455359601,6.50088632373264,3.746736,10.699812485705298,4.506871212216728,16.639622336802425,32.12410313753383,20.567191309454294,13.723344709981776,15.012330891300405,13.38281849720414,14.483565483309658,11.725363024174383,3.9131160236884193
36.49005541811418,4.319095000000002,7.8799861286050685,8.938570523744056,8.8295924159245,10.44974382814096,40.50387089422468,8.42988584087635,6.110328012418251,10.309760212884392,16.58287096206792,63.88552507295377,15.587470422518654,16.4710884794887,81.65985753428392,20.299526556678202,27.51319240011709,27.97010802085595,43.68591159476865,28.715838444189664,22.33469632742336,34.78651458728098,27.0473703812128,5.454504106863594
10.043626806429105,9.55600291451738,13.298280766969546,13.922874533986771,8.86588194036529,16.576031587438173,22.85420759511245,11.427761527063254,12.140297559833716,11.945119669358268,22.994746744396668,21.83094718334654,19.3647956625882,10.301143853350569,12.261796355711077,13.064957886668905,54.78041301414831,46.11570619451142,37.9345109816464,33.56008988751038,13.10380113006644,20.187893233456283,16.279071210565274,7.599022229191983
3.657115,3.847921000000001,3.847921000000001,4.022826500000002,3.657115000000001,4.022826500000002,4.617505200000001,12.104275694533722,16.779052099832363,32.65743310575145,19.876641059574084,23.52190190794712,3.746736,3.391143,2.8259525,3.1482990000000006,5.86249654330755,5.501659635856303,18.548202966417875,23.867235629720497,27.92092073163409,23.51136087509151,14.26114485168242,2.211615
3.43321,6.454784274937478,6.454784274937478,6.748183560161908,3.4332100000000003,3.7765310000000007,16.953599129924974,22.45966866,2.32584372,5.237834939083318,6.4293015938343885,3.74532,3.517344,3.183522,4.74045952573357,7.20202229479907,28.5473755854866,19.42459978203658,18.1585619144531,20.30755095813591,23.75622394164895,28.55084000750014,30.09329194164789,30.811913006649945
6.268036019769577,12.48821638556914,9.348428399550713,6.894839621746536,11.04005042523761,8.822523666933561,9.521300164917758,3.7825088400000006,8.040684957253971,2.7809001,11.146507187119566,12.94796289412878,6.682466698967795,7.76655309574003,9.171473716674551,13.385630445805095,11.722408421594974,15.446993892169129,20.400535211205018,22.6717855520743,24.96155921466334,26.31943700539247,38.71569971131142,33.4936515019624
3.955655,4.162037,4.162037,4.3512205,5.483341684778258,4.3512205,4.994444400000001,5.904072704973392,3.9011422295081446,3.349720575,3.714876,4.315259999999999,4.863382554357405,5.135663684744774,3.0566424999999997,3.405303,4.995856531942915,15.227822344863185,39.76115993254109,35.17696299856505,14.20048966378825,13.392378954872973,17.660555667377466,2.392155
7.046597341970282,10.660534343889031,13.949132174015588,10.833484772616828,11.515259228864736,14.380943662960386,28.732359814307863,69.64480494531834,38.9168117537422,47.79037022687502,43.08746701439461,21.53275286947554,11.287487297807473,8.883596569906558,10.244385199173733,24.224205168837475,46.94354820282205,65.22741590796305,27.17226556758951,32.94023361907247,39.48681967728213,30.80130624435004,36.94745736801501,59.89683763406136
22.595275087339022,27.974213570457287,17.787167441962332,17.678300615294702,12.762854868916143,10.914123135138183,30.571357135756163,45.39090227643816,46.616655701127776,52.44298396966239,41.478926337165326,30.23078266290608,38.84681183245405,24.8411802062395,16.08505111481812,73.36835039180261,91.7500386714805,55.32689036984914,22.847697312537484,52.99282876213468,22.7443784168998,35.45573692439532,49.024574852942735,44.90809536716976
37.44392273920298,14.847400330602722,7.199388731021086,5.815779336670113,5.0648832493533344,7.526633673340227,8.639266477225304,2.6810190000000005,4.635411085432344,5.229803119621051,3.921928669362783,7.464430089263033,3.8232000000000004,6.344765575873578,5.287304646561315,25.528258699210944,22.876446629288004,17.577642631087564,25.51064877772458,27.399783190602896,24.952306164894765,29.14655234155247,22.58358772259021,35.135077752581
4.403465,7.099547452366443,23.44663054349052,45.06538003837623,25.06963858678542,6.992513712288946,56.504256471904576,21.916033488467928,42.93530652683188,31.12431798575733,96.5823136423812,14.493845610518331,6.912857624543131,8.872524020284873,15.972466195584264,11.987244293484189,3.8972894705511374,49.87939355391367,11.894533122606916,32.81100835157081,19.5186124474737,31.352309168656788,38.5680188647234,16.523552573154642
6.874573678801243,9.2902306215316,6.630331552286593,9.7754339087195,7.679447446815109,9.705250377588506,33.31329078204503,34.70261810971081,82.07359085093385,19.41270514616924,8.723765723017623,18.997742003257795,41.57412904437042,31.83146569276503,6.290079279930162,12.860723672137837,37.39690792870213,25.740110940784987,23.529014051755365,23.170961701728217,23.806747947644546,25.7570737336306,27.351118444813284,12.09519966064365
3.88102,15.880573800044164,13.07684349001292,13.194202251803134,10.894189751952124,11.850385373729289,14.864090530787182,25.71652789422641,29.822407149626084,11.276772102211485,8.009455632604439,16.002895790674167,9.259288352149174,10.858994304325478,8.070401256132367,14.340294099245686,29.052930001253845,15.696691689598566,21.788022361337607,23.78202626978785,20.29088808651313,24.83239398659774,31.49909682583717,38.99669627885262
8.633482882991935,6.502879454554215,13.855617719676824,15.080079309961896,14.987402325302044,17.89411838084106,125.25348908104765,23.85814210694481,22.22085041582087,17.521389143873368,33.00909110538826,20.33799285690279,14.910651600891555,23.517619069244944,13.970448021204096,69.79352853514666,28.98648099205017,14.885812270407174,16.670587237165268,22.81342498290964,12.503613280388343,27.381993254350927,28.40011256487641,21.20612456539054
39.8740796741494,27.13374192100062,5.190440970345501,8.920606322785122,7.132233379476288,29.536035727066817,72.96346230175625,42.06584783906366,27.91223570380458,7.902001744972555,15.956744862598631,7.24748619643965,19.108482934404535,8.652755533947404,7.210629611622836,8.033120866554755,4.464129710699477,7.384526259980916,20.926872684338814,14.791864632775996,25.696910395853923,29.381190014725235,32.80483863785091,38.32642792119713
3.806385,4.004979000000001,4.004979000000001,4.1870235000000005,3.806385,4.1870235000000005,24.226329600000003,14.64018138,8.017018233743203,28.62774293103425,29.440988046692,82.12283035522157,24.754303293802856,12.399364208318532,68.06132937457123,18.44376883120718,19.74004392732668,27.98671992257784,33.07892042461619,10.659232692786802,12.107284259078543,11.07266987152576,1.841508,2.301885
5.531622458333503,8.783956376266799,11.21264070847714,8.94791637281577,9.984062644772736,7.105798786892392,14.988480850172571,14.334088160729191,14.526824270356022,5.930462148020737,8.826843499139686,8.417613974663574,10.057858504328372,7.935812843702834,5.409485911174464,11.112318941309963,16.56660089956885,59.62824870064273,22.29752719305804,17.247389894954086,15.431850768065834,18.59605683312571,12.146262035542575,18.45056555821256
9.770502572587192,4.162037,6.941331344168414,6.046168944739071,7.257502619621563,8.467523865794885,6.662021006501047,58.58811311213391,16.101625310539504,4.28174210762954,6.609017217894379,6.716603723361136,6.08224947748437,7.821860054010895,39.9593778710702,95.51712657917447,33.43811729423423,8.193552868053306,8.527239122551482,15.938422655507951,11.195159400444952,18.569835004699485,12.999448813757756,5.567910786613752
3.43321,8.870923692554507,7.914816475726421,6.275447589437062,6.613649295647165,10.25668955298866,16.475709449412417,25.31071033863671,30.66462871009122,35.47844469474797,25.36240008807205,12.309329219905074,5.756384915611504,24.922807089243253,14.144731841735922,17.291198394492472,54.8955909502143,21.68176909148664,16.250163897726168,21.769421045219875,19.42398831995908,55.13357622609167,19.80570918198528,14.376189332698706
2.3136849999999995,6.644461597210862,5.474999764652289,5.234815714884719,7.20416175433585,7.924577929769436,3.9179316000000006,8.102917971744995,8.522017940260127,25.29395244743325,6.765647560593667,7.85908555018456,7.380706429738546,19.72295546128083,13.743660771405773,19.500033876523172,22.482166535206478,13.377792296432425,14.7727316364027,17.961071353474825,10.9553501943427,13.525741650780926,13.113455484735722,8.469830552352162
6.06666379646815,3.847921000000001,6.3831853858490994,4.022826500000002,6.066663796468149,5.6425787465147,8.166875340188737,64.44738503593287,34.48839788090212,33.102700172555515,25.688744116964912,25.7992720100769,3.746736,11.667253148027811,5.043108477919458,5.324081088114719,2.2890215250000003,7.731733295540317,32.23740297281588,19.29156551259276,45.63298174470396,19.43044496426673,17.459104792241416,4.105642138444876
3.43321,3.612334000000001,3.612334000000001,3.7765310000000007,3.4332100000000003,3.7765310000000007,4.334800800000001,4.12058988,2.32584372,2.90730465,3.2918830808112034,4.594033559267813,4.548982409378497,23.90355124560112,68.05881239953924,22.30522830412745,15.335889975,13.16249063211968,35.64533897205225,16.963791614246688,14.616214153716374,16.974735242920026,16.968402366031146,9.992071621222706
3.209305,7.470870448018184,5.014396379207274,9.80789145362788,8.916264957843527,9.80789145362788,8.965044537621822,5.296957597273595,6.040364224168178,12.219580083779237,22.684577836453617,25.37397415934795,16.735441052882774,15.788882447438056,16.845513823498994,7.8986214655976035,17.481057675233156,60.27568680714623,22.5611962025921,15.711895644614913,16.57701984293785,31.449937612658427,32.712897258349784,2.4114292581117827
6.771692796634008,11.867546681017917,7.569592173255175,7.448862076297411,11.27907329187653,7.448862076297411,9.08351060790621,4.865019642242625,13.76732711190762,15.266716775717189,17.63035331636725,12.304443591138028,6.937639418527806,6.6984572561605615,48.87918601873729,24.222777584203744,67.91064083393573,56.216050729367325,21.707195706226443,20.257926361094377,17.537577495482346,23.97105879730757,25.7891116943152,38.59669954932024
8.210132561431008,8.227394899259549,3.690863000000001,14.046121413179495,8.561891361322997,12.41269520762978,16.122504578606037,4.6538127707117445,5.766248605413399,28.104368755909825,9.365777188582896,11.36592061759315,22.519375312626035,32.46334861766527,27.01929693146854,24.444068608596982,29.956154249779075,24.924909503651328,25.494699110176377,24.8210037402122,9.871845976248464,4.6978192375304015,3.493081817097427,7.72208615241273
5.570152929465011,6.004964414899818,15.86236725661944,14.60758668283182,13.279624257119837,7.947651496666064,18.111152297223985,19.16330095670418,25.19308347823584,29.453129902283603,17.87325485891239,18.18564598162948,27.897247135245443,54.94402776172188,13.070772857830143,16.43491680628389,21.40823498245509,15.18542424340702,17.67262602007501,19.66625297892811,7.7219105550614655,13.194287909396955,19.7801461790283,8.030760914384723
3.507845,3.690863000000001,3.770723000000001,3.858629500000001,3.5078450000000005,3.858629500000001,4.429035600000001,3.33809586,2.3764055400000004,2.970506925,3.2943240000000005,3.82674,8.350283787289053,19.854559637886585,11.907154855782409,20.43230343104915,32.46961135820423,23.972262377257493,19.474172803293964,21.084951796038872,22.89643059132604,25.59104712325797,18.922678974715936,10.200107027537191
2.910765,4.020951,4.260531000000002,3.2018415000000005,2.910765,3.2018415000000005,4.0584852,23.172128633175003,20.148692294766672,24.783743527453645,18.6763960452044,13.152970218269742,3.4549593897750768,48.998765867971365,3.2479524866129528,2.7508140000000005,1.8218742750000003,1.2986319832200004,2.7129078900000008,8.76447093598973,17.292052684184032,19.60362403364409,20.94214323629991,1.7602650000000002
1.7166049999999995,1.806167,6.010517778394212,6.283723131957585,1.7166050000000002,6.283723131957585,7.212621334073055,11.366611740000002,5.735639809560373,23.8570280546847,4.564089265447312,4.749147376348441,7.992478837927714,10.744126336130122,28.24559867896734,37.99943656767602,31.71955728772554,19.50419640339068,16.97316796714267,23.74499600263608,23.390514595213546,47.44453717434077,34.99512630599199,3.4545800905120747
2.761495,2.9055730000000004,8.353353551996799,8.733051440723926,2.7614950000000005,8.733051440723926,10.02402426239616,3.3330167339441914,17.848926789732197,21.57018462978045,7.455885815005407,4.03951044761363,6.928119612649184,7.361745842593721,6.134788202161434,4.808527907502705,3.0541994872162204,3.542030394705544,5.373875827940839,16.332114461384467,11.60768713942164,15.468475308711394,3.727051107378691,1.669995
5.352514466697353,4.856627867843699,6.716983603531097,7.022301040055235,6.38391003641385,5.8877659133670885,8.061293603531096,17.863412436766865,4.719218900940247,5.406011089926818,6.47551984277689,4.071,6.54035368157498,6.586341517726103,4.487732923798448,8.264398520989774,22.233159917072,41.71908819207673,15.955672231868595,15.283937926878863,17.15523502458448,12.971066369655214,1.8766833527573683,3.860625437040787
5.388728648654548,5.409599893072302,7.491838417168704,7.832376527040006,3.657115000000001,7.832376527040006,8.990206100602444,11.390401931147704,12.140534587391734,15.722136105757931,19.84995786561924,21.984055021763645,28.916072168495564,27.55974926758324,7.795924821441843,49.296719625296355,3.992187235140937,26.923015554056867,27.64479953957262,25.34018958664315,22.10654744899315,26.731769197033977,40.84819093331079,4.3059777529181495
9.591563315111989,11.463613115536235,9.17567605815514,12.708595403905475,13.84717129821536,10.550719646623188,11.892724162309268,9.064614177476445,30.795802196068525,19.057862747548523,4.124980548771811,10.463523616485803,12.660545629526816,7.217301994169635,9.040607298483785,11.737432165277909,8.134345654134487,6.119716003883528,4.547639539192697,4.677572097455347,4.883705755222282,5.615282101349648,2.2600750232733406,6.057786519184251
3.507845,13.947027811649544,13.947027811649546,10.512050670927165,9.10681684344723,11.9839936445455,31.53973957631315,24.77132499566444,4.250074461024695,10.558529632595064,9.47631928817496,10.42517421910132,9.549016473906589,12.29140768073998,8.405591197834049,9.886884369438226,4.289012817601352,5.036128888378149,3.1833845367752907,22.150683185248106,18.78372239554524,14.133759055835796,17.632299394915858,7.897157282971862
4.593501436686286,12.221965071637625,16.23638333540852,14.80603672850306,7.666277365977629,8.821050052627278,17.269448957237827,13.981337887693966,8.41354184464235,13.544420583721749,10.490392607785004,9.805890591716407,17.15865445793001,27.89695433168282,20.902240991172558,11.58733309187196,16.508589883139823,13.08016985552038,21.49392834229436,20.907275728482745,18.80660715370309,21.28262090019417,7.7989468252864285,9.379375654124289
3.43321,9.530723691466877,5.764475705987956,7.432726284604537,9.05812582246852,9.96393840471537,10.468404662065671,13.980975892378018,56.13801234814596,49.44006245054553,98.34311404046504,51.10417533777263,48.94959477887338,34.384662960505075,18.328632018106262,45.443341172875634,65.62671926602822,33.46392537242619,27.15676742287605,26.376172169380677,47.80322694924993,25.818688934352835,20.53810731700988,19.219559367100214
3.806385,5.194129656676711,5.342773488761302,6.984230158319081,6.3493001439264365,4.1870235000000005,19.095369067343302,12.533868826135798,22.05561381270991,18.63495302269345,6.453877480573489,10.176513595146336,8.72884484767309,29.85186484344319,15.068714849424492,28.888528433967426,27.09759585465424,18.71573497071817,16.86816698022634,14.72194538302708,16.892008897724242,19.6288779228889,16.018392697687556,3.839695343955513
14.520756564442804,8.130604042460261,9.820627978041909,10.267020158861987,9.333654689874535,9.744147189874536,20.526685233012348,17.755963728730215,46.69947691889448,78.36699410856508,61.1081604923103,104.50020865619302,44.59992488673762,29.517907241796266,15.975065132068899,30.592000129652728,26.319251475952488,21.905699996359584,37.213366142971466,19.24985285630948,30.81558015682129,31.89681116975023,33.01759525157786,16.5247731414933
3.955655,10.67748993815439,4.162037,11.162830389888676,10.148027627171524,5.102630500000001,12.81298792578526,11.34975137115236,32.28102030573916,51.055213946255456,104.29730608082326,41.34714338403316,10.396714470208924,9.409989254286318,5.73047701090086,8.736128131217228,25.61003781302882,28.87475105055284,44.650980860300095,22.853613112798037,20.24363106075025,22.5488965585762,24.933853935208504,14.58729708315478
3.955655,13.843705570283724,13.08092760311652,12.527738914853373,8.60383661048878,17.161233122103244,18.22644420991169,16.82203881907837,12.875713337645385,12.107879630219376,17.024775939359866,7.629209101203321,14.608155384625718,13.299199589867449,9.316775226879862,39.581785892732185,74.84756879294532,37.36294966548173,27.851094542023063,25.05818671109748,26.243212800483988,34.05574631153748,14.020337034646031,8.646668923072019
7.4827724316577795,13.24878255735594,9.06646760752471,12.318286235916728,54.5261784785628,11.15151863955654,30.877055609363257,47.67018144710668,17.040472758783974,10.662980537192796,11.82535963797059,7.373515528221341,8.720736634369713,11.123173271491895,5.119413989917973,6.245476190764139,7.611581818395098,4.271861782589181,3.915802287580634,8.146861200590932,4.440960060405137,7.017741542238837,21.35820289599395,7.254243437929498
3.731750000000001,3.926450000000001,3.926450000000001,4.104925000000001,3.73175,4.104925000000001,4.711740000000002,2.6810190000000005,2.5280910000000003,3.1601137500000003,3.5046000000000013,4.071,3.8232000000000004,3.4603499999999996,2.883625,3.212550000000001,2.33573625,29.957673543840198,18.018736858390888,45.2516980645651,31.47410018225096,37.19575155835834,35.484581977864934,18.90080288402922
3.731750000000001,11.772136338070188,9.34223163096772,6.645279921061669,9.520484243657986,14.882433552176412,124.74356876390488,15.3087690388595,29.84948800715953,14.377105364781276,9.28363732319482,11.13519379932229,11.462576028654363,3.4603499999999996,6.114501069954446,17.813875562460648,21.92844042814299,14.635556450666003,17.937959488305925,4.227000078579564,9.63296770665925,13.964763390523231,27.462561952881583,31.20948016257964
3.358575,9.61999680953878,9.61999680953878,3.9836523587177526,8.617117885777306,10.05726939179054,7.560306987021154,21.24815497387321,20.542162722962185,7.74243507310156,3.15414,9.974151462932769,9.367029199971642,8.478028743492853,2.5952624999999996,2.891295,18.6127248353046,18.869031716773037,15.36726927957772,3.755710357728632,1.8336383052105307,3.065127988174149,19.90586405167736,10.926611666441516
41.154716378816296,31.996255548722125,34.33815611188115,47.6098282808494,6.127890994260257,8.131469214740209,28.724824924593246,25.877700798616107,76.03804881640278,43.81012410022896,9.079589567785186,4.4781,9.905006801220201,8.964948285363654,7.07998998891186,3.7514937319910504,6.051340092620467,10.926877311721048,13.842016458105958,21.709124211660352,21.101886835844336,21.498903077698937,2.1082774692181103,5.846705403498037
4.104925000000001,8.17994008512004,6.474256148942241,7.206309529023057,4.104925000000001,9.00023754837176,10.330707446826722,13.08359932921286,15.577858484871628,6.928695269676277,7.683997274499212,8.925855419872821,4.20552,13.832574489539864,19.01830172695437,65.60622488693987,21.456104988921805,12.231082010578136,14.648768769812696,20.48615065582276,17.86605207764439,52.57740294047613,16.93121299565646,7.316479690261311
6.03911,14.342910552651068,10.132701323634242,11.585949186808437,10.208418538629264,12.056976138782462,18.092563218679707,59.82855923767139,22.941346519739053,27.13781259820678,64.51843785535411,17.90619777596765,13.965749118133571,35.934466066090486,24.813008067752445,9.951901172349595,9.164521265049464,24.1243252831868,22.44001073046279,25.75055900827172,25.66177205870761,31.498661741249435,39.270530524646624,2.211615
5.123274875937192,3.298218000000001,3.298218000000001,3.4481370000000005,3.1346700000000003,7.682350895802604,8.940754508988233,22.066270278090244,4.361065161433897,2.65449555,2.9438640000000005,3.41964,3.2114879999999997,2.906694,2.4222449999999998,2.698542000000001,1.9620184500000004,1.3985267511600006,1.251878166,3.19831299820925,19.477319991532188,24.58143387527313,6.237705111134103,1.89567
2.462955,2.591457000000001,2.591457000000001,2.709250500000001,2.4629550000000004,2.709250500000001,3.1097484000000004,5.72576848462834,6.967555329934341,2.0856750750000006,2.682659298492025,3.455189131899955,12.438913719126171,24.05392624758535,11.33016290094113,23.111261947861607,46.62332108612487,37.34404662136129,34.46969740527879,38.00142795277302,17.904828861568333,10.535752863117873,20.19662268500816,23.239068193883043
7.5111355220614255,9.08010964383075,11.53243740344843,13.16894872256082,8.938199877903525,9.8596938593261,13.325384836888984,26.113373686241648,22.62265459134293,10.137913830632565,6.575771113694143,10.521391173572017,12.265150948213309,9.694623123975118,11.318111083460096,26.30354513613279,20.744975255315023,3.987759999126903,4.781109154000403,2.779029428579518,3.15237944595012,5.212689152990658,5.219410554716482,6.094913481940748
5.540639525735055,5.829716370556016,4.774409539197787,4.577699908231107,5.164522938112546,3.888152830923174,7.470547718778426,3.620301168032476,10.88388211068344,14.660194854547322,11.756875277850073,7.109060292313465,5.676418043757022,3.045108,4.281403269886178,4.769767939545831,3.760202106143605,4.893123060281092,9.027963612139468,6.347566039211934,8.820390212435912,11.315599832473747,3.7407866191744086,1.9859400000000005
15.24464898424096,11.300922346455527,17.538592835721918,12.051099653180035,16.267883058122305,18.335801600981995,32.49925672976044,24.160418733289244,29.36655683479311,31.39626205295197,33.43318214403547,60.14244757784856,16.642637858557062,134.35656853864953,73.63504402025194,52.56991418044918,82.3598848079952,47.261949825974064,14.368822383552818,20.012698339183952,21.531516813339845,35.234963187252,36.780003346006815,52.48183598631793
6.95151678885133,6.683771097050512,4.6348621431969725,5.998944483868231,5.3037928049830985,10.504998272672143,30.136898001654288,54.64338601776777,26.738472056417777,25.50723711770391,98.80219200009134,7.093240931480323,7.121870164704602,6.445951931480322,5.371626609566936,5.984349235619842,30.205974284370296,30.13578553951048,14.41857858051859,2.8555138425383118,2.0818941513297133,13.415809198595865,18.953691076248298,25.091892219064167
11.48255530784412,10.78853636455935,11.965013667928073,7.097082330065048,11.371707205055603,10.058390919954851,23.91784073539656,44.25407053127421,64.44632630410884,32.929185495054696,30.546385820476488,15.552187987090528,61.08872268500872,16.19034103688467,14.233831987449609,14.363356637395697,12.354933277645394,41.719735058922936,23.0752329106954,53.66714585923975,27.96648262354196,27.353706274134392,36.96448757777204,35.3270495758922
3.88102,5.345687541626183,6.818230340190061,7.787925570594201,7.2798643579603075,8.227776016918478,11.938252639479678,15.63612158939858,20.28286934298566,26.146208621543025,28.7728878178542,26.186256711778142,3.9761279999999997,7.121202698249773,6.088828507236644,41.92393392782968,7.034789086095169,1.7315093109600002,14.715199435001114,18.322919052913807,22.23886180078809,21.760911664386107,22.788000483563145,26.3705849527262
17.412284546309134,7.486443184322888,10.85426488957986,7.24361394141969,20.430689090971075,32.69552042774389,40.52803384408172,100.44270662418148,40.90786262772836,40.23685269424183,30.450450580823784,34.73042590341992,12.347511308431947,15.973502010946229,12.475559652668233,10.37533936333518,7.543557689995143,3.7742375530243617,18.116469765711475,17.700315741932112,15.05985202345838,24.41057861995533,28.625084649065727,5.782140854049114
4.104925000000001,10.30098962331495,5.406712204239082,9.347898487016828,9.79019674943156,10.76921642437472,8.445765612717244,12.664259788779283,12.75492633650486,22.220765341086537,39.86926823774739,26.18207760311355,82.52728678836735,38.39945934132234,22.125772729055104,35.39253122323479,77.37195809723686,67.48662732512463,57.80761513498609,29.15742161506668,22.56245751601,31.463010753462825,30.88940855224719,12.44139757135515
3.58248,10.210240239347874,6.350470079294651,11.12407537010442,10.104015576383045,9.507485903883511,15.069302223781298,16.337519545166092,13.356952860166308,7.40607450006835,10.207437997301623,13.62703097255863,9.379903519617173,12.085309859518203,8.132891607390771,18.578366177326977,10.02167935660794,8.882750355365785,20.69674184083051,15.732846478381028,15.906142545963837,29.09203698497528,17.091205426307447,7.475508821424915
4.155972077421911,11.49150109588814,12.969475579728671,13.55899719698907,12.32636108817188,6.280107422473561,11.859747018931168,8.519294670348883,4.401500923894931,8.257410904883072,10.476740984008664,13.446939368914776,12.413773282586364,8.709919392190246,8.210684179453198,7.6453958005533105,35.88255614714376,55.84001749478435,38.19370269675199,31.859707322053723,12.313162412697398,16.005636088328473,12.193325591398215,8.0849358511309
3.507845,3.690863000000001,3.690863000000001,3.858629500000001,3.5078450000000005,3.858629500000001,4.429035600000001,2.5201578600000003,2.3764055400000004,2.970506925,3.2943240000000005,3.82674,3.5938079999999997,3.252729,2.7106075,3.019797000000001,47.18041577193544,10.81593537429358,33.39833537559564,22.14043620881313,21.03195103669489,16.70623849810651,9.167563771946362,2.1213450000000003
2.83613,10.609077678056131,10.609077678056137,9.57476958779612,9.715221009797656,4.21602216471864,12.730893213667365,14.704523372895144,10.883078039539663,4.318705488377841,9.469259415124482,8.530055031662677,10.3301011801358,4.729017281959633,7.791415049060756,8.46566506207133,7.475058279052024,15.020579875383875,17.9962365541352,22.824724729857515,18.32658276844866,19.9088424165048,17.16345713241533,5.494931676189296
6.988361695805584,8.359433168202177,12.54493303266419,7.905985358301201,8.541608983514216,12.896369768506595,15.557156471726154,114.83807389946992,59.53671803160944,68.33472158604681,11.19713031014655,9.535098222923004,7.667710785110168,15.416031064557526,11.856218735072165,46.904714087479086,136.51105010607202,53.25705895744397,61.72062797757521,32.78795304229784,28.62122084569112,41.394848984608025,39.69416256180845,41.01520104467966
6.857927698351842,9.150706608598457,12.743039005125508,9.18680432000764,7.228651858422837,13.322268050813037,19.4812217935214,32.63395641446996,28.689750258198515,34.10285367394415,20.77669922708392,31.29347373522019,34.5234595353817,32.14102002352447,28.52597819764401,32.77153805526401,26.51462951359664,16.512112068750586,17.92642371932596,25.600287511866483,23.034547156241995,31.74133531797749,29.12383218166019,27.58969670342902
7.703361064305972,10.102709261191944,16.64020866594763,8.669864491687399,12.95682190602712,9.52170861658519,18.63215327505813,17.54737429067318,69.06533186526502,61.67286570790771,67.00248525899566,70.07658230922594,39.47347433182028,26.407569609305177,22.9535998493255,32.7674435540615,34.28857082666687,54.68067969839178,25.42445466780748,21.71154029365812,21.23297815133316,23.3223000749869,28.98394265155528,24.906294800595827
3.2891283198232024,11.89063968649932,33.60716461875297,6.290850366249704,11.250613669382917,9.368764670071506,16.21416233258962,32.674148337319096,24.13842830487123,9.527224211845622,88.93816253152251,29.089402469420783,20.517727801968494,21.684404168346543,32.22973160580969,24.849811937199647,30.218575952691715,15.00080934710168,17.9346056693321,22.1708150617998,21.105517182240938,26.634626959686432,18.280496575702426,3.4584984047294456
3.88102,6.931129489150873,4.716312775366861,6.419220043576037,6.587437117788018,5.096082785990784,28.45819249668227,22.70560680504155,18.97417237353042,9.211035585108815,3.644784000000001,7.186295037586928,5.362498191562558,9.79467199618502,16.31939510195225,15.248822575729628,11.94990082439196,2.737728131182408,1.7901330316882136,2.7059587782140158,10.459055139406752,13.53294706731637,12.072772428996704,3.1653635158529
3.1346700000000003,3.298218000000001,3.298218000000001,3.4481370000000005,3.1346700000000003,8.734892014770459,13.895862408678305,32.739018919923524,18.194147924060943,11.917897552140497,2.9438640000000005,3.41964,6.725068357545726,14.630090312326127,11.194905020725944,19.887007694060316,14.938509097458224,10.61940327713273,18.550332538009776,2.551885264553775,15.413507413159756,25.32174967394519,26.70845874043731,20.904711187843983
8.536098574454098,8.981460239208229,3.298218000000001,9.119637003176804,8.5360985744541,8.039351288285983,8.607787068443095,4.897901980680223,4.784849050699632,7.228523474639993,8.016509965574283,3.41964,8.493747435226112,2.906694,2.4222449999999998,8.262138468443096,49.2203825453664,57.215518536056095,27.407697272796355,43.65215157024778,23.25874149387753,34.55429263214404,27.600757688514047,11.737506863450452
5.080756976391378,11.108832294504852,8.261477776812983,8.442755818430465,11.739756454787884,12.913732100266673,31.084037882605656,38.29298433499177,28.45066036847346,81.80533749549654,38.46133979540092,37.88108187696004,32.79626276270225,32.706673616929265,30.24170114547914,26.718216713495238,9.9731957769971,27.841833457744062,12.042839794083354,48.72584356159314,26.918500132514488,36.93389111919922,39.86495444920336,38.9643802842328
4.104925000000001,10.375368425414974,10.375368425414973,14.177383142528145,5.936367564785519,10.846976081115653,12.450442110497969,23.111268307168302,42.07709346419741,22.08743382624135,23.427677597439445,34.09619598785681,27.331645870227167,21.772982659198448,10.058255952597353,21.671809353717805,36.546054781504616,28.091150948773084,36.83271779890838,26.845941367658494,19.22394380002085,27.492090207101327,44.70995875905569,45.66121133895019
3.806385,8.68451229893972,6.9828638265980025,6.049775113903502,8.253875325438575,6.188394146447359,7.8689420502150895,5.929871125110741,5.69446295683348,5.106423860520923,5.473225419554806,9.004227627751172,6.2884130978838275,16.544348729070794,3.4099380094986924,6.409381142265433,38.02519487174362,27.904664964859773,20.289353564737315,11.907857205033723,30.900217722170545,17.152221911352036,8.253938725339273,3.646679505517988
4.03029,4.240566000000001,4.240566000000001,4.433319,4.03029,11.622411860970749,8.776647904609451,2.89550052,2.73033828,47.70523035136832,44.197005150428,4.39668,5.969217698198586,20.921651260747257,16.782589340948572,5.421235729554801,2.5225951500000003,31.31818361216126,23.89339235015776,19.317161919801087,14.469827781817646,24.929816022574933,23.620245633252672,2.43729
21.1773122163874,22.79651672873105,3.926450000000001,9.73527796696483,3.73175,9.73527796696483,11.174406014255284,66.20329487412427,27.196564395950816,49.82813353279986,27.02282231743544,42.71629160854443,92.32433445659346,15.655984922529047,54.73058796841947,91.85168085749856,24.144988461671694,57.5195730830065,17.6646567042938,18.217572700073116,20.80400098167958,26.88103014531904,26.474526731213032,4.648633851154005
3.657115,9.310885986160296,10.111762925455952,9.082880660274252,7.891655987020706,12.89396754859289,7.661086233322266,45.4019815931062,18.24815990705631,6.340337478647526,7.230531303779827,10.477656204031236,6.507480220930782,6.4253141039231005,5.0569606646493375,7.439740246155386,7.336774096864632,3.520846535297315,3.151652908833913,4.498762419783997,1.4934680532975906,13.447679552088948,21.52586798750419,23.05108220301356
3.731750000000001,9.833274214775832,9.833274214775832,7.473279304293656,6.028355207472947,10.280241224538369,9.544596175725683,24.89149812948314,19.30766038357519,8.183381670498772,5.461103043119143,24.316189969742123,46.769875364380496,44.04792454861688,4.274023463930807,8.045406175725681,20.878517125638208,39.31950672047797,11.13943116818934,28.135382413931264,40.39747427428164,20.9195259190182,23.88100803989057,23.39883736797892
22.46334392342475,20.8086057072014,8.655219663871634,7.477840237470391,11.528189995672273,12.681008995239502,19.61970684864167,11.651945782775304,9.658347115239453,36.28466685555477,16.172007495203328,26.053359442474942,20.925528060429887,19.60143275859857,12.148058898485615,69.48236779793554,44.909324154692406,28.93816263392063,31.99687854370876,29.648163592808483,27.98061108341929,36.55647880103617,32.46821366168143,38.407964706174674
3.955655,9.23649117749749,9.236491177497488,5.315786170102829,7.682385998124562,7.48605892783419,7.20875167745345,22.354129682502037,37.29725801611931,69.71805969218737,22.671878849902217,39.88650620502324,20.62325527791931,19.60139013050401,73.16819084357635,3.405303,28.19304578899278,23.762246073653632,30.40398545681437,26.61123229235264,24.461680853556143,31.98473188745872,30.68031704402276,2.392155
3.88102,13.469255010385954,10.442748543364312,12.02278280851166,13.769194208088454,15.950564042250562,16.84542653943612,13.423581995263474,15.903024575881226,30.533409872259504,18.24289274066614,10.985252060135387,13.63383150867234,13.44593001908725,9.940697986501169,6.967038937069359,8.947998088656652,5.22888927271642,10.872860072241725,12.86197217847454,13.723378762080165,25.567709480491207,25.324040502133027,6.87288946534629
11.993365177756878,6.26625719598227,8.494008231743866,12.24151710933923,9.750164482011328,8.700980915331423,15.142927163567814,18.267766683443767,26.42092176709922,9.246230596981132,7.630338540678929,64.01160436637376,12.287273731520086,9.922430866520164,6.995762799259451,49.67466422160716,22.9219037973791,87.01373899658311,25.063090556784317,34.35529789079342,17.984104909751398,20.567696296753287,24.9706882240216,18.342413492128813
2.910765,3.062631000000001,8.292042457224655,8.929292143627002,8.117538312388183,7.6275988155299554,13.527863694731275,23.056901591232304,44.31072820562997,6.206347833499817,10.146516212655728,41.69511432495209,26.777439409636234,29.36834565593646,86.62164502029036,52.88368959582739,46.00527242509448,39.671960484760525,23.489392637259048,16.462703483497577,14.965766130735666,36.47402535025587,36.7712887869267,1.903390461156197
4.17956,10.939797017229967,10.939797017229967,4.597516000000001,12.138701937118844,14.543063097459326,9.91614421221761,20.218163747306143,65.78045996227642,13.969415610935991,6.313954469101249,11.342539356707247,12.626681580596674,17.560793001750834,61.6010962697242,15.852429692589338,24.816556090502925,8.924722619386367,4.039460137965715,1.7168614848,3.666993658634947,3.173497932490708,4.073040018925314,5.262216025233752
7.917189567299586,14.144432580094964,9.822623879772175,14.583039164053078,11.472278620798246,14.161290405547616,10.01414997998911,18.03473519420197,29.185792834532887,34.21230465658544,40.29945375207729,50.64533586148344,19.98997532064386,26.35656187455261,27.97061227198281,37.546338845060816,43.15850550802718,32.77012996885436,23.98644308619481,23.679285160806455,13.148267000612872,15.52662588291258,41.83893692715592,14.452351908147133
3.1346700000000003,6.343995656109823,6.343995656109823,6.632359095023905,6.0294173591126405,6.632359095023905,7.612794787331788,22.926176343498778,51.22051769377782,24.813428910901976,23.51049533771587,37.01547767372946,19.416281417386053,39.60805731061964,28.068722023922877,23.96631578325451,17.506709959061773,32.01455721850665,16.17452107127436,18.74680782459003,22.018943390089262,31.760670968693617,27.739886663339952,9.873627569723174
4.17956,17.03319357540889,16.292962218260225,8.01398934074994,21.359704607443245,14.90687513094781,14.44328914758243,28.07029840019449,26.718029127513663,5.323131446859798,69.51713465447591,38.82388890898365,5.792653589779185,14.425237747817448,38.371731390369916,60.08661718492178,35.86153097047438,13.13038394629339,14.265364833118245,9.088019604554642,16.812310545068346,23.57614907976856,39.39516666627682,6.777125383238577
7.103427185258055,14.190889382056518,16.772899131780452,17.535303637770472,8.650207009158855,14.236068957567664,15.053042188513665,8.063474337762832,9.546157612101489,9.951193317003774,14.589184850832332,15.806448503926411,30.23538924658594,16.79499062936633,13.29410551490976,25.06678784634007,25.6963810892388,19.074414503863924,19.63821370189597,24.702714420121627,13.450603562274914,15.56351939203318,12.874881195318965,9.154227759342696
8.017475717454602,10.528533839586222,8.540814483081881,17.394966847793764,8.489359765340348,10.33046920194922,7.974289205472102,4.979361604422017,32.097183251620244,59.32213525454246,36.593951401361245,102.52579298108192,19.952593891084202,15.232490991457178,9.10513326807345,6.1963288350261365,40.78101734009774,42.566197871875765,19.159797168376198,69.89005110436136,36.98575791031204,23.804774818508704,31.297388536892687,47.78718780246135
12.870000586189258,5.896260561561865,3.847921000000001,4.022826500000002,3.657115000000001,4.022826500000002,4.617505200000001,2.62739862,2.4775291800000003,3.096911475,9.997961147427072,16.23253196829569,4.056128340788926,18.00482352249764,11.964091089588313,21.144062232003435,28.73994176319689,22.494797811315795,16.312730437604962,6.840517636003365,9.11668976870687,12.160713573384813,12.47040997926558,33.64590557496251
5.102489171142548,10.202879435710216,10.202879435710216,4.925350152980723,8.914047457560788,10.66664668278795,24.56112921778285,25.86721023681858,6.569243890920315,14.773191096805938,5.460875649964055,22.631267400962056,13.759573624006435,86.27945046632009,7.521879107701774,25.28801039073814,87.38888178874407,15.90892471566426,26.23923893913484,22.393244594172607,20.247197421080102,33.43174420849074,20.935128859854903,14.929032384991768
3.1346700000000003,3.298218000000001,3.298218000000001,3.4481370000000005,3.1346700000000003,3.4481370000000005,9.390020838613331,19.66002375047998,60.41152705955189,9.749638876069108,10.239714328345926,3.41964,3.2114879999999997,9.753404086142218,6.567486931957423,11.042460000000004,25.219301553104604,35.95846762731453,62.67678354545166,8.645288538955253,2.876913088127358,23.426960496780623,25.336863567578167,28.832530357774832
5.153425600244391,6.7007705915048135,9.002017693315835,9.143883733205682,4.667395450183293,7.539984238004057,10.802421231979004,6.146666957204579,6.242166809656866,11.663480771692203,5.8163485969113,23.379303651799614,30.17234658596283,73.31192722330476,14.037227728818577,31.920370155317944,88.62536576236045,16.92407067612665,15.540786391130863,19.329725671834808,20.65459170914092,22.26461034382765,1.552644,5.17396208518904
3.806385,4.004979000000001,11.310838,15.538448637384237,3.806385,4.1870235000000005,4.8059748,2.7346393800000004,2.64721122,3.2233160249999995,3.574692,4.15242,3.899664,17.358126018646985,12.086040170464388,3.2768010000000007,2.382450975,3.0492885485345838,8.707310869531335,17.930266429002828,11.429839804062288,21.459775667300445,7.019369516214091,3.4411401173916065
19.745464878159016,6.000187199769686,8.466717261714916,9.464237123372476,8.19118683011503,9.31186559661818,13.526275994716816,14.643359817463406,15.271229742505188,6.114522919905528,7.8863660266478,9.382863623162498,10.940444601403046,9.967513134464392,23.00162721959266,17.284641884571176,26.38322586341917,23.97074022357729,22.81129848836328,22.221447246953275,15.56339860806915,25.37799064890657,27.334263764234056,5.83051063463978
3.358575,5.393761044571033,4.678393335120636,5.938085770548971,5.398259791408155,6.386816424658767,7.330954504825716,4.171373699646698,3.933434379880754,4.916792974850942,5.452776077969539,5.740669969433758,3.8588138323580976,5.3839278951668925,4.486606579305744,4.998378071472079,3.871683829237653,2.590423067480601,1.341298035,4.364525740817983,7.77329574775308,10.630297536726276,17.37982637786804,2.60670145891914
3.88102,11.396167114205092,10.182099079199018,5.284524356550533,10.831067918459382,11.91417471030532,16.174874096430592,13.261088335132014,9.789687134309691,16.737226341783288,10.670052754432383,36.74103313133839,25.37651132612608,17.551651090927482,19.389380653303107,4.4160118691882095,9.268492429470006,9.69276762798254,15.249039041894108,30.04600327109477,31.396978813075915,21.645857496472267,31.54919511362017,35.53661030515782
3.2839400000000003,3.455276000000001,3.455276000000001,3.612334,3.28394,3.612334,8.458771200000003,8.38659096,2.22472008,2.7809001,3.084048000000001,3.58248,3.364416,3.045108,2.53759,7.220782763854202,19.763366315744467,12.397111857018508,17.611700939919434,4.112024270950664,1.1582002080000002,1.4298768000000002,44.9071856536,3.976199727977047
4.627912377307373,5.749692420609229,6.504255630913843,6.799903614137199,6.181730558306543,6.799903614137199,6.145067694426459,70.62228705158168,32.701051871238114,4.323862340937519,6.254447597360554,4.787851010601189,7.783018124183997,3.7371779999999997,4.776791795055056,30.44168077924087,48.88943164152642,50.20593212969325,21.716377564638027,24.894752625706435,27.02125316965428,23.226632899524056,32.43262437120068,38.07910275066231
4.845099356869495,11.913685087111883,8.634789328961508,10.347197385671468,11.536727512731549,10.486383122362035,31.759583154530315,7.059554379454982,7.236239421925432,8.689843045463746,9.70023142726816,11.846763462861675,10.39652825358814,12.978969903065563,4.3987204617780975,11.404074174700032,6.134368453304352,35.02218465758561,33.35646874341156,19.032835963463818,15.029763803010823,20.127446198667226,27.7745676503222,24.7839080498645
3.657115,6.073106579031061,6.073106579031061,6.349156878077927,3.657115000000001,6.349156878077927,7.5436216421499,3.408899690659282,2.4775291800000003,17.587115033336516,55.27097458791464,32.44644377550994,75.324977149336,16.710955607459756,6.577700117016182,24.508656243544106,41.64775865460365,38.127640497198215,4.689439592573783,6.637668183276266,6.660488356131604,11.049221088899191,7.403934928410763,4.382486763342861
4.492389736413202,10.00326173300686,10.00326173300686,6.800917501513263,7.461336870826838,9.614023614305784,4.900209600000001,6.646596019144088,17.316147323238553,31.712283346878703,26.52872477226649,21.58241962461449,90.94826556655319,35.79596213391453,15.557231686472402,57.38395945508784,40.827760854940806,29.50640813595904,22.72043720856924,21.19942090510862,29.63787354819507,24.464373853922105,26.540194526065594,28.0772775913281
5.055460958252748,9.133380999359389,6.726237999679694,7.283631949631647,12.52491683930591,13.425762679622991,9.80462855938501,11.3252104489683,10.14622669205658,30.919536353074616,31.541933279345308,40.69877817371717,22.833481085464165,10.792125136730963,5.470167039326046,5.109389508881255,5.719583674291552,1.8314040789000003,12.299803749753355,18.07886449304497,15.927413482032271,26.791570127346446,32.206748334580574,10.50410275965882
3.88102,7.0857930789825465,7.0857930789825465,4.269122,6.100340007879658,5.140997717381296,7.902494678982547,3.2200499548188453,11.538400371340208,21.84069455629932,23.67388561763716,14.930373388024716,6.899464936409751,6.244654606796788,5.203878838997324,55.25588838204882,17.33859335150008,34.07953955823015,2.372955097878608,32.89361978275721,2.319231985450221,2.932272597974143,2.721233294920715,3.593272822041965
9.006694422880138,9.476608914508668,4.4798283519784565,8.807593980592126,9.00669442288014,9.907363865168154,11.371930697410402,54.94300293647488,7.705535309656224,7.627032595375317,12.42668489420408,14.364598243472033,19.55226173857386,27.561403781992084,16.761043401870488,21.839719994906044,55.98138164790211,15.880988100697802,2.798397132472184,2.159644326928553,17.9045537056774,26.594452130075123,56.21955010539741,37.84195988881578
6.709094384998261,36.20701558247514,54.44753844492004,48.283020998154704,11.28727472457866,16.037223897009905,16.96683050053348,10.338182502429047,12.87316198283813,9.55826945995002,9.27463213856649,15.673710653024578,9.456185015583078,9.773405260258171,7.838547076659318,15.576459016649673,20.560353425532035,16.445651351450756,14.398458328712175,7.522737109908999,9.35245028997482,18.002865660703204,21.06734785126753,3.715621170207771
3.806385,8.537131285518887,8.537131285518887,4.1870235000000005,3.806385,4.1870235000000005,4.8059748,15.337269840739472,17.804088781480132,4.744719107133354,18.240317852878185,23.293196251582653,76.72803213557435,28.246747973071706,8.74221136710874,8.185366336002438,9.084509316836147,17.19792680126635,24.613774196166624,30.16065920669842,30.52433070871645,25.751970252577777,29.579694275052027,36.742367475990285
3.2839400000000003,3.455276000000001,3.455276000000001,3.612334,3.28394,3.612334,4.146331200000001,6.495319719339814,11.826209764093042,42.751494639718985,37.906126102604055,3.58248,3.364416,3.045108,2.53759,17.387590271236235,2.0554479000000003,1.4651232631200002,1.4731544520000002,11.875799024635572,12.415881123406333,18.797328669118382,16.4981144197543,3.2555523764049497
3.58248,13.863019222206905,10.783070794528324,6.83867947513394,7.680593197159107,14.493156459579945,11.461309708148264,9.856265331538076,29.74047570466572,36.5758330064785,29.28714919950881,17.832745629321987,10.427751336314518,9.77447031746688,7.665937664525922,7.6870983231738155,4.118328271623895,5.211091868943033,10.49043495707657,5.894183545816483,4.646850713710869,27.66050290546337,17.964471051252115,7.81680259035577
2.910765,7.225536862719557,7.225536862719557,7.553970356479537,6.86724577861776,6.901151028007606,4.526089903526348,19.712717608397103,13.92627350862429,6.16419324043534,13.603110063463122,4.254420212350298,7.035534015089814,6.367809721991012,5.306508101659178,22.080654452763763,28.14780986432218,21.64113969291874,48.464239514397136,18.33196426160724,3.5624441056439813,2.9901019564131714,3.322335507125747,1.7602650000000002
3.58248,3.7693920000000007,3.7693920000000007,3.940728000000001,3.5824800000000003,3.940728000000001,4.5232704,2.57377824,28.63212177098228,40.018934710702176,14.916182188054652,14.47749293292274,6.728832,71.09886399951826,9.828665673991427,16.293790040553503,34.0628813744819,8.797386172934345,25.10778819852205,9.265300312068453,5.418856649445375,7.168093419484756,3.1401006345801434,9.261757566527251
4.104925000000001,14.10293703174903,13.00177963421993,7.165187585152935,11.262389488453318,14.743979624101256,5.182914000000001,10.396296416941947,13.058806832135629,10.73158800907811,12.58774544982558,11.118300341055216,9.1569663651509,13.886172315178642,11.824651352096868,16.11053878637929,25.65471812727759,25.210626553637635,24.203598902363385,47.85229573994168,20.22050098612452,29.69746632419424,29.29449919382684,8.105745176024046
10.246928069490606,15.72904619019287,9.000898434543647,14.86005689118549,8.40897647274993,12.82975827925338,13.2786732617433,69.17682875620231,38.99399148859232,62.07617304577279,50.07704853385812,12.771415987031466,6.818479788293181,15.22966126029459,42.28758628132376,15.427475282629967,16.928218768437134,31.97347006293537,6.026847392985672,19.84866476234727,29.44279505024877,35.702921704739346,42.42581688794128,44.93049671265096
7.845112180431853,7.147367663499257,9.107373999292683,10.635998227515124,10.58005101406138,37.43304638158588,76.80002370753085,46.680822399600025,48.85214115134355,92.33661636160022,35.04058486692363,38.72422398118539,27.053327283453665,18.430290053143786,8.254589482452804,9.196161581985786,2.7193250857933933,8.74283046626044,22.909066389420733,36.19549313071303,30.318472336987693,23.41821368183886,23.88150682079653,4.788859824828627
3.358575,13.400056156600424,4.823704011022267,12.39091267716341,12.735590562058247,8.884732638111975,25.75181742113818,14.469923516845675,32.99697792829446,47.52952940334509,9.19722513434606,8.468280507222207,11.007439586554288,13.125638470307806,8.143313272293074,10.017875596981328,31.2881770148348,27.53803366798918,16.292083869316713,19.11565342233776,31.590397761558968,34.619548350806355,19.8073616390489,21.649381032645763
4.208166220733744,11.92395808283578,10.743958347568809,12.56236860003577,11.420335090941608,7.39506337122847,47.9383264458197,25.35246374590511,20.48177198225292,19.058496310644067,22.24300041019828,6.022380849378593,10.461435025130855,9.21941225646548,7.016286005291885,9.237845144325943,31.64155436481687,27.038023938717213,3.906163074798939,10.37705708181137,14.129965127340972,19.245159649408468,17.813104974031855,31.1349473934382
6.804642659667784,7.159667494085235,6.563330939844074,5.147196570939095,6.804642659667784,4.6796145000000005,8.591600992902281,7.142061150023127,17.107531629252108,5.76229512498231,76.51075586259292,61.54778094075146,103.37174520909667,26.895561131641582,63.060789226109875,22.363121071181496,27.934359154842618,15.772988127068173,11.766790399572054,4.372126107388721,2.34993068587584,6.534097452006781,3.292048464598169,4.115060580747711
12.228837777390495,6.840678128847843,9.559325188220894,8.633567294777997,7.738082471382851,13.451721555129552,10.245337551012224,46.20619797822828,13.889109929039964,9.595031523754573,7.477939004885123,13.340550302607816,5.97067471801815,9.049182551152743,6.585422010106502,7.336598024558551,18.35507849440645,14.621457655524171,17.920784989596132,34.479524229411666,19.04745681080271,16.054059286538777,11.887516698414275,18.25814119249216
3.657115,5.577766943751415,10.051729216448251,12.543160716948982,10.786347706943042,4.474945326207756,37.42899108380231,31.331713440120087,58.51155333124764,40.54559260774474,10.708785434233128,11.318542464227692,4.588914941811356,10.573573496932196,8.469299446656834,8.128970913267183,14.19480850736458,21.566510644538365,21.369155596553732,26.231690279326287,25.2779810770028,23.39315240866549,20.27159184735569,6.895808802347087
5.777953435419961,3.888513610535083,9.227655131715933,10.46993030693374,9.518118460848852,10.46993030693374,11.073186158059116,71.69040770160264,31.165484917380915,37.47789845712241,37.82255230642356,28.31378735424537,22.47239438703637,27.769720865117762,19.779463123278052,19.38450375197218,22.64156209081496,23.809352832809555,43.72212725108824,24.192544483460345,16.20023012904842,22.720228798074007,36.07469830117712,13.217141471152535
3.731750000000001,3.926450000000001,3.926450000000001,4.104925000000001,3.73175,13.140532024616508,32.733189292177045,23.20162787374343,27.860564740751,21.199865457655648,3.5046000000000013,4.071,21.006316204261545,25.318487708032094,19.41426077800175,24.724467233013172,24.022707012970717,15.83653106289836,15.145827601634275,4.271367055452147,11.587629006938108,15.938652924475976,17.260365221065992,16.44173103732306
4.104925000000001,4.543001099624777,10.28551422572528,11.688308223456454,13.913386319996992,21.305056202656274,8.226001525234455,15.646268152116344,26.74046244703023,7.319967733909364,5.849018856081659,9.121081479822571,11.176158627431182,10.115458387327758,7.442915091644169,10.162069285676422,30.36382975924202,18.98326130536819,20.47404760629468,27.56819977830125,13.08765676730484,15.327512938019586,62.047423175231344,32.62592318192796
2.53759,2.669986,2.669986,2.791349,9.41919,42.30739321433876,3.2039832000000006,2.20025322,1.7191018800000002,6.26238135,12.300745985364316,2.7682800000000003,2.5997760000000003,2.3530379999999997,1.960865,2.184534,1.58830065,3.923314059116227,7.815035485158298,24.821804183617893,31.814851220625226,37.64849202869415,44.06013117450317,25.26038505161572
30.07530399990103,8.652173156652712,11.515647826909174,10.006808345657412,5.5963600621638445,9.24620506246412,28.39219116515769,78.76256648365305,23.577365443164595,8.11873023153624,9.603111492715644,8.889991188986055,18.85796821706375,95.77757168446455,27.952582079636766,36.26854821301446,33.96984108080685,24.214417407105497,20.59678725178381,14.961632419910666,15.9655231306317,15.672275689240402,22.267821102126,6.533383840102803
8.82298578742666,6.552399340782152,11.503001414886093,12.025865115562729,9.872810461915243,7.174113356160013,12.761623513133303,16.542337960274633,57.64117639174072,29.64855271574402,9.27653811868404,12.25589261499661,57.85485533091643,157.65062786136957,11.220247581494212,5.551247124713683,54.28489039345528,47.2176237995882,55.57345444064988,26.3664813504898,20.569194061307574,26.649152184419787,21.48607891958347,19.466084208326595
11.499163934406372,4.882038580440253,8.87469148264151,10.39118978337526,8.18164612881733,5.382225233340957,9.836116868508324,4.242245359029721,8.63397252013748,8.907097549909805,4.526238692493373,10.42951218185976,7.86379002949123,7.813660459685374,14.564407981189765,19.35537154378151,28.44764413091978,26.236237485993403,27.933532394426287,23.61755566733857,20.96419003550518,25.393492608114816,30.57744793578478,38.286722473414
3.060035,9.368026705440196,4.516989840786694,9.63919146434934,5.64957306742141,8.584315528154104,22.667049155651792,18.404676384433845,13.652547412438404,7.060726115614553,13.259735485062942,75.00378394268098,8.493333413678057,18.664073440099905,19.756075890048887,17.042228591303434,18.18047033783236,18.88731047739085,21.76682706042407,16.505111372712744,13.000844145061423,18.31675652265977,15.952243328339604,25.851103918690523
3.88102,12.447761384449691,8.858014475771022,10.60097907693609,11.830517018278632,10.166563349972106,4.900209600000001,7.879640472424487,5.097379252456144,5.143813550093581,11.380470246743986,12.435439165372662,5.007310685266068,9.903469140535291,8.953452664106504,5.569143159235612,5.78485856731884,7.554307081458613,17.356148879817034,14.07087371239919,16.70802909129637,18.35643111044564,37.810041524969904,58.807796248192176
3.507845,3.690863000000001,3.690863000000001,3.858629500000001,3.5078450000000005,4.4377482638786825,21.733302764484563,14.163060177209491,10.644634883690426,3.227343239785995,3.2943240000000005,3.82674,3.5938079999999997,3.252729,3.1532966809694782,3.019797000000001,4.159194075,10.183735562006207,12.442124266897158,12.838107741195572,15.86819826319996,30.906330072438315,12.18781007651176,15.849493236174228
5.860461992140899,5.183542211210872,11.061005443436493,11.136694963503524,5.339224268392894,8.478015355036202,11.47136405580634,11.890333497628996,19.421372159377025,4.50659118754227,4.797459681368212,9.125322327750638,7.09341567599518,5.7650694559356666,7.480048703857265,8.742781304348473,3.659318171608107,5.374177087554263,18.26379657494342,11.708397292051364,18.135449022164288,22.299952487875256,23.93447999137472,30.860294099285223
16.299353059310558,6.469676301018299,6.469676301018299,5.045933165506376,5.237901109177296,6.763752496519131,7.76361156122196,24.131011490592083,20.241275377897782,70.45203436460893,21.450353490771946,14.73728536203509,6.299549576348398,5.7016756582227375,2.9412975,16.505231631753166,39.504442795746506,25.80022853358868,54.50442360600676,29.91833545092862,15.734448609883652,20.921625167610493,24.230609998184185,29.496798173250625
3.806385,11.12437494523873,10.870104517685172,11.098372003319408,9.12294848521075,11.237499333731826,47.26674364738664,27.361497814971827,12.656097504843231,33.57800945461478,33.99650444337473,40.12987435575781,17.53943309273771,12.87181397987361,25.046447655195852,34.63923831017284,42.24368018765944,29.40940855074201,23.794721065277862,30.37482396755676,24.17037914029473,30.41799271985652,42.62667282984474,26.364531073174216
14.67291561379384,4.649183000000001,3.690863000000001,3.858629500000001,3.5078450000000005,3.858629500000001,6.7609476000000015,28.485145260000007,43.52719721308471,7.157682966085197,12.039297477343052,30.65038279658368,12.133812681190976,13.563029016714433,48.93732580603923,27.853501822418234,12.92412408645261,24.50924718416242,15.854363721872266,1.4409373176000009,18.360376208013136,49.2712449840305,35.89839523151135,31.24786003584097
3.507845,9.450996796433474,8.403699742536478,4.679805599078325,8.982352327188835,9.88058755990772,4.429035600000001,10.85491093779414,6.60988674,7.395695977925802,12.123311289874875,13.547600306407457,23.79343176667196,11.395439640346861,6.9409086164641,7.7326337425364775,4.376120014122858,2.948337210459252,3.587239089833058,1.4409373176000009,3.1679514040084147,3.911051116059771,4.345612351177524,5.432015438971904
9.766817904614916,13.175493047318044,4.514921682394627,14.348031885384902,9.766817904614916,8.3151228972553,9.544314977719129,9.265871930891224,31.59735455049988,14.134874495475326,9.645760124654249,13.67949269899962,13.62155476511814,11.603405698158891,6.244181268230803,10.16378555732964,16.295692341338196,23.11434208465786,13.710827063069482,14.35540770138534,12.117564114581354,20.57780448288532,14.030751665284615,5.890657029911471
6.732992572335149,7.918908129928455,9.29954875974406,13.775191982519004,9.894834229954853,15.360338723678046,6.473333265952392,8.262629007009318,20.719617931512072,81.34018006062973,24.76695278673728,19.39779748689065,76.47180562137049,27.714658909143882,16.97143274771453,33.69168866667912,26.840733828670224,22.04305255555322,20.397802072678243,23.089489704221197,21.53103595583081,24.50983730136449,19.78261325840824,7.573138244072609
6.201418416012368,5.566972583881964,7.544925362391246,7.887876515227211,7.170796832024736,4.269122,9.053910434869495,18.04814317133066,21.526361244670973,28.66634833286861,26.117532348798346,4.23384,7.346523869015066,6.649284335150208,11.2494901007873,6.173120751047383,4.488266926226392,16.049481012106206,34.886667705590035,21.329673322568954,17.577005992534925,20.178629516380216,23.952692931261364,2.915439938226747
7.002974793097754,15.987818489850875,12.27497033120586,10.520096917822444,5.749970796166792,18.2861722072836,20.038695797569677,104.33514911342895,32.437795129190654,47.32468259333622,10.249709692666045,41.56013417022081,37.821277037713294,73.28851594692455,32.77459857508593,20.57568917868205,34.97105733851892,42.406378135379065,34.18726452415235,29.170287344793387,24.932386064704463,27.2508677567844,34.73032041993687,35.561908968761635
3.209305,7.409116266804838,7.409116266804838,3.5302355000000003,7.041722071756662,7.745894278932329,6.449805754321246,21.36922962399386,36.20935682763908,5.26762389810095,3.528118787266733,5.292839410171944,5.251119005927523,6.529596830174358,5.814842770728836,7.6561138446412995,43.60235290922073,5.980542337204367,12.959962818792434,42.75562438222259,20.99987236743628,25.81028764014675,25.649997945897017,13.869700077267836
3.358575,23.951109299183926,13.376110573156533,6.152737226534265,11.716976240830329,12.276315988697078,11.982434708924933,5.818242564859386,7.560587334526496,9.922148516666772,11.003768991388483,8.825925072236423,4.581542317752499,11.390313803558012,5.819911642023872,9.786730646514762,26.05236873255389,17.210776614215902,22.576589695543674,19.54549226853517,15.949448624105134,25.92733019676596,18.051918434697527,27.47111895851808
3.507845,14.238082444768304,9.92173824244377,14.885268010439589,13.53206182767235,3.858629500000001,11.16179361773919,5.550160292679464,9.578707194528572,13.641784100401598,42.79446152843456,23.29573032342708,30.4614856847351,89.53587184251046,13.380007666052434,11.649340182083156,4.217360224068745,3.652486003168282,29.37779036313545,13.888204208378973,10.383510742942486,15.318045229812524,26.62645478627485,22.26305136870934
10.601674887041185,20.052296507180312,13.235697364125103,15.898436139588794,15.555838649909484,13.624444881512431,25.24906023074908,16.595676436606418,21.01095375415525,12.652529971628164,10.704460199007718,14.90080053829323,14.231667459417771,12.478539241837058,17.915785615429982,24.21773649155129,12.30265902305988,14.80666947005693,30.779431511760027,28.365004915413337,26.488309482101755,35.949420265310295,39.28436155153603,40.7407120574364
3.657115,8.405236175804223,8.405236175804223,8.787292365613503,7.988447605103184,13.528441456354996,21.705106373142332,5.739178618553262,5.411810141202629,12.458135686873923,7.5021942726186435,4.698343517198702,7.296716747012633,7.407469597459315,5.356967381359971,30.40281083361439,12.117385521326192,1.6316145430200002,13.073188785710236,13.192922835265236,14.844743281648013,16.81780912071954,14.05237766461951,4.699991261469361
5.830070918311226,5.043467557809542,8.097654283976242,8.465729478702436,7.696117707911305,7.097295166329045,7.542808768357159,31.26218268831724,19.993669248934463,29.12371778300244,30.6955064202734,62.77440884701105,56.29824470482942,22.190720044603736,13.735310736247067,34.52006707514805,53.919700374022696,47.7765074751052,14.11212154638394,37.054842915311575,16.282238468127762,4.943532556931201,25.122469808606684,4.027241233970051
4.468478124608043,10.262858726270284,4.309809573122594,11.287718139719573,8.485950082645294,9.334545090909824,29.256246311290063,21.82760505715625,22.895712106472097,77.98254179457572,13.639760232262878,7.602735696927872,50.48709642573049,49.44331186165812,6.5573250638622715,35.13078696709381,67.49160597189619,67.1159684738694,78.40218526058453,11.101007630057554,17.7839700832699,23.042523826614808,6.844161730772242,5.1318196151965605
3.955655,10.44523323377764,10.44523323377764,4.3512205,9.927287784168827,10.920016562585712,8.421642345696895,5.059372159949446,6.7252862334205545,8.406607791775693,8.048440344558882,5.499716089421916,9.910153086627439,24.04338272995929,5.993106555025168,5.274683697652852,5.873788831529122,8.609901345803447,15.49950978425458,26.38934913548615,28.40612693350094,27.31570559387751,26.10578824176218,10.302199188328302
4.802584898497107,10.019772752726976,10.882496387777415,8.88130094640665,7.481834618557456,13.275121442953754,46.876644888235326,27.551429028957827,32.30122376350198,35.5899298475416,45.74679090862757,51.02049970441732,21.44842047321063,3.0169644026800904,45.356009901939714,26.563691087616476,21.876688253976035,23.30530841444768,25.344886592267265,49.7862912939762,19.91633091546045,23.85480682145857,31.281986216140847,4.833171483228479
12.86999977870931,13.541478028033277,7.588585608596186,14.15699975658024,11.149388935771915,6.040849390846698,15.706659080608382,42.92071041574808,15.372794304458273,41.09334751206294,68.73793041797586,33.327481846649434,117.9346156132149,27.82215159520953,5.7718559474373565,10.636613991738514,8.055449861492145,2.450102612752248,4.0232080590300505,16.059607231477166,36.462948495563786,20.0769517758944,3.4892670116159765,7.783043344436855
3.806385,12.911999042369189,9.955603685284771,10.580613158628871,12.271734627045094,12.273126698693131,14.931279370177576,12.482228169034514,25.91623617625348,14.955954945465605,12.500590201371065,76.3993735699259,31.914710677855812,46.754687781085636,66.41769402220308,7.260893489255146,28.93986093741193,26.58496541210236,37.31794327840255,39.59973620113314,24.80618733769252,35.19033382135496,43.13191433846916,43.78314134254526
4.798417366822062,8.18586970337605,9.39244667495724,5.782827655256402,7.321260125582731,18.38827268426336,25.06030353748611,24.28761413849455,31.955319754162296,79.88685324557481,136.22271148413253,37.11766982995273,33.78751155363991,36.225870000351115,6.897908808993763,23.17150769000644,51.80158654103407,34.16659875255318,57.679944246867166,30.50711281522896,24.37333251015046,27.63531967633206,22.48468053074589,16.914639024926466
3.507845,3.690863000000001,3.690863000000001,3.858629500000001,3.5078450000000005,3.858629500000001,36.65786467519397,24.795156862681026,5.324416739999999,2.970506925,3.2943240000000005,3.82674,6.016612020602288,3.252729,6.0625207026524395,79.12099111806651,18.064322443816632,20.175293195571275,56.22401265586634,37.392662155631335,33.20862978120512,24.22763329085008,10.508228533543194,15.704313003210435
21.1228498401209,8.033362800288858,4.397624,4.597516000000001,4.17956,4.597516000000001,5.2771488,14.077166952747453,27.798022711879984,34.055508353081905,55.33177664838293,20.156887181329008,147.3943901102536,21.57028883990116,19.99087489814621,29.895631400017315,21.053699992519444,13.263952463838889,27.10222729191403,16.41066598271967,12.389715645477544,20.804488359348525,17.32172545648595,19.806153525549323
3.209305,10.4864922873365,5.031223871734733,7.324614623590596,8.83323102012599,10.978706329509436,11.38414412966109,4.901757844269415,7.366042443819224,6.940261525009056,5.5284065938162295,8.94075558777334,10.290556701182556,5.87894359385861,8.401953941554403,4.518868640835525,6.635954840398751,14.975002153861402,2.820485980092148,5.274228870000394,15.548149616608017,32.868574982004404,42.61841441613043,41.91720551761431
6.986709186580625,6.413420798026395,5.881852212788025,8.734932118152512,9.100468775665522,7.671945838919543,12.710454392046833,7.232353594152268,8.85424199603522,26.512670053786827,39.86320868694759,34.738185669227455,33.426776608017626,23.781805402458673,21.769734402182564,10.319025110737435,22.28096715600456,27.64521658979313,19.932869388661665,15.190340178007313,21.089165662168,23.489506398319925,23.579358881256763,27.37081167900491
3.657115,13.543626476594474,13.543626476594474,4.580890980924068,11.8573790000419,14.159245861894222,8.918121021378674,10.25475856464398,24.745082519617256,5.157180867533526,20.26609226291036,22.552266262735227,12.66796685496144,8.777477003491857,9.946577671578583,23.567797123450134,51.52432252146938,24.29625533257834,30.42548218597493,33.25172420047622,28.798341944907257,22.53205610343768,3.948186297675147,5.671855183200474
3.767262959965507,3.2196890000000007,3.2196890000000007,3.3660385,3.060035,3.3660385,3.863626800000001,5.599057828472451,26.74873536835037,89.04844313997441,42.34418060928065,13.777244212740742,29.555653496088674,98.23975540109281,5.79460451020969,17.129548606108933,20.80028807793565,28.97034718146445,11.992861095274652,19.998548838703314,25.42668851888597,27.465191250047845,31.02462048283653,23.614084849670824
8.915563855728722,12.137822186644511,6.159687257844036,10.524753891868617,11.535946706315034,12.689541376946538,16.014273785296812,9.522498163993918,5.050418870914482,9.522295210815242,10.150180510995089,10.996558315624698,6.890117766292381,8.267159211675722,11.152996435180901,7.295551965341558,12.759791975811156,14.179318044518087,15.536456001031494,53.2541676658574,30.48202395641743,29.7757201429917,21.675491916958364,21.989652863673548
17.124578823808324,8.565670506990818,7.193343550538778,7.281196136181472,5.749750757454313,5.6073731059634495,34.035069309248385,20.7986677390297,19.226903604731586,6.89388458967035,8.001414382251625,8.28528539628537,20.55294562744437,20.944877478973016,14.563369787287481,22.142779917071266,28.53814000806461,21.67268289782242,21.161861046115902,15.56089770027495,11.574255452221513,12.051818906168348,22.644678538291146,4.791710180991991
5.8499236355567525,6.155137042629281,3.533805,3.694432500000001,5.43469886296396,16.08567483832422,21.155647955088405,10.223931551373896,10.59433417806128,27.218546028810387,32.967460283155134,34.5025920694128,12.790557176873277,23.19151510718409,8.171020069272876,39.234175237885026,29.18025825450333,6.503848462906014,2.336256024436653,14.65768487280911,3.4057313565216827,12.346679296330016,13.07849651012058,3.537700854704281
5.708682539484602,3.2196890000000007,6.006526845892496,5.14651823487576,5.855829625011523,5.793965411194218,4.978361938357001,5.14301238,3.86737293493084,2.591293275,4.808436289710492,5.746081399531455,3.8887893076794118,4.611278230988172,2.8193907643559415,4.9144310557302235,4.000674798577408,41.758473212231166,34.70048483271583,20.910987744568533,17.612450772979983,13.567016588825018,3.1177737516813893,2.117493546469792
3.657115,3.847921000000001,3.847921000000001,4.022826500000002,3.657115000000001,4.022826500000002,4.617505200000001,4.4486739,5.713485659999999,3.096911475,10.82561089499526,18.647121258955902,3.746736,3.391143,2.8259525,3.1482990000000006,6.75828288530267,49.42250684432896,7.24971203391744,12.20670474885389,8.305125747031443,6.10855436105071,14.463085923277063,21.418329739963344
7.3134835326703485,5.810753293274402,5.541567108520917,8.044831885937382,7.313483532670348,8.044831885937384,11.156442000000004,29.474075533195048,10.71886293876689,32.583342498085585,38.80228908610029,34.77137880310678,16.469871573034126,8.770444294781818,19.425485191175945,38.003650687165276,19.85118175930922,9.293812439174165,2.9207509409126176,3.004200967795836,1.8575199716997672,19.324730273483546,48.99007378291527,25.08057554299389
3.58248,9.87896305335964,9.87896305335964,5.682713135048823,7.541537125110961,10.328006828512349,11.18825700366506,4.849237716011601,4.658569173748606,7.950858149387812,8.817586857544141,7.075405700088767,6.374323664897919,8.706253690150906,7.255211408459088,6.980855238362761,10.46930825112303,39.24844394414528,13.26909256502153,3.856812491489808,3.3114046644104413,4.088153906679557,16.793490945326585,4.560692411628367
4.104925000000001,7.185790937301531,7.1857909373015305,7.512417798087962,4.407652302837169,7.012917748406637,8.622949124761837,24.45152445445439,80.91762977329945,26.100354811427927,57.4502247197788,7.450331700583102,6.996833249243262,18.771137387485844,20.722481546365852,22.11165147931542,18.20715410797261,51.40142662365242,26.14092970044681,25.49884768552219,19.0942442410632,25.17992300199436,21.778533324598435,35.55845976618112
3.657115,3.847921000000001,3.847921000000001,4.022826500000002,3.657115000000001,4.022826500000002,4.617505200000001,2.62739862,8.26728606,15.973035975,13.29744697570285,14.049972449520336,3.746736,3.391143,2.8259525,12.921058542469426,20.843832297194464,41.03298676355545,18.566952442407,20.84402365850322,17.83416944635982,20.32329843753592,25.884668064613106,30.26857604183504
8.860175099027328,8.105049648045732,10.674571764210306,12.007931749321015,7.703146359712885,13.704236104614228,11.186934125032767,11.634617402512497,18.95166548269916,5.489541246474526,11.700059282990802,13.590977954989317,5.258776890386877,10.360712499758083,9.626942718117434,12.21847869332307,28.49357665499104,14.43312074455128,4.97545021009184,17.18883829543971,22.36294722580212,20.280628560189843,6.027303266995262,6.488418318165668
9.621836452206368,7.17382030886915,7.17382030886915,16.710180196012747,6.660044747883919,6.630633912636039,19.16236810152357,15.487628878340349,46.02644191507205,4.7029760071457645,5.512507898764526,6.748252304276135,6.175567050503992,25.050846515789303,12.995773957636185,5.869489343620214,25.9091878388468,23.37005515029906,38.46131517449883,31.200374408783937,35.012699598209934,38.70758698510989,38.43983034669677,43.34944208794767
8.969058543327245,4.5003881711924345,9.956653766233538,10.409228937425969,8.722120116160882,8.321749539765998,13.896568519480246,6.79850193525797,2.73033828,8.01338574810933,8.886930634324147,10.323202251992695,63.65803918098933,17.201893568148577,5.213291630914078,10.422416057165249,24.31530614459265,27.58667443644005,18.48008517630761,20.08025665260338,4.887454253087678,16.231215366575693,22.846493193869986,5.722644726648125
3.731750000000001,9.380570863913771,9.380570863913771,15.141607019153616,3.73175,9.806960448637122,11.256685036696526,20.467609294850785,48.40825272873144,115.00607031497378,95.54054412407396,44.29049971232207,43.55746196026762,14.55985294250316,17.163166718218836,57.766419430496676,49.91264663992942,37.16512534931537,24.801347449473703,28.51666935373585,6.933159184985676,38.14097032773753,12.188096732290909,22.16194354494913
2.9854,12.449844002179631,7.256417776240921,10.775684793854532,11.074070986490725,13.587271376425065,15.595824536418336,4.768115973031934,4.496137878313535,8.450100253737983,4.861170802377987,9.790766721792094,9.993258555068948,10.249278594942426,9.43524991686956,7.538583166091847,6.931361703817152,6.509770576431436,11.617241413308088,16.208965091157918,12.023813627356253,16.894176374497572,18.131242711202887,26.819367785997265
6.0227612355549365,7.3066763848106175,6.918802733502538,7.638798038665644,6.575721606221418,7.436045902754602,8.768011661772743,28.686449318125003,49.24024346617876,37.090562548204886,7.387164755477097,8.581049968483494,5.7926804751172805,30.70464429488774,18.87921469702255,25.956524261481754,66.24973042028438,52.13244801269275,29.258020045170127,28.57302963040701,25.298079976503736,33.36035214164628,24.160223303274662,45.40201577944379
3.43321,8.83802437649819,6.84728518545126,5.857758336094516,8.63627834023629,9.49990617425992,11.497259979855585,17.51704960039669,10.594068620825372,52.84084846482453,43.15315949491279,9.421394552985042,15.007536919027238,4.499339282737442,6.673487808364405,7.434709179855589,12.707575076843485,25.610906102916815,23.35130006983436,19.602422657760023,28.74113315965685,26.83584519055313,18.92842182488783,5.222729589154753
3.507845,3.690863000000001,3.690863000000001,3.858629500000001,3.5078450000000005,3.858629500000001,4.429035600000001,8.326387616710903,36.16071313923268,41.63309809085702,31.79376204120017,103.2859538902886,29.979519854917147,14.599363022998999,9.633089733164319,22.236170591582894,22.02274171163106,13.830246404861814,13.811132445774836,1.4409373176000009,6.030626724459375,8.47502900181734,6.084843243268232,2.1213450000000003
4.328830000000001,4.5546820000000015,4.5546820000000015,4.761713,4.32883,14.028112863230634,25.80966106137565,18.25779123550073,2.93258556,8.047247895963975,21.704362639075665,70.83247939877604,31.037724761196134,19.474582319454772,3.3450049999999996,18.04485975355765,8.165942540979996,21.080177222756607,35.16446106560041,39.82776598560479,16.7576654149772,19.9425340188046,31.32358037279119,22.761931735270505
10.035896363371055,7.719731737689105,6.295052609857836,8.07062863485679,7.336935122597081,11.039485999708162,7.554063131829403,11.259176895892647,13.03621298286662,6.495871883641586,10.130211522506668,8.00392922465136,8.645248011963591,4.67503811499473,7.42207302557729,20.596862335905048,57.40533907598343,17.273505647386923,15.149918287260268,24.700010851113408,11.284312036243268,3.6134650342217993,11.902404496731217,18.94122323478303
18.899014842544403,27.16740670632764,8.912261318998294,19.68992384688916,3.88102,9.317364106225488,4.900209600000001,13.490073091726888,6.150059088182199,5.406324846333151,5.603857472771659,23.44189987726848,36.56575285294257,17.030649142790367,6.5452557771005475,24.372588665836428,4.2571148232872815,55.67063350653925,16.288611316744078,12.5162792726291,10.08068526553525,23.13086286369664,25.60657403063507,13.07163376780466
5.077310037566086,11.645956635379529,13.29730680534038,13.901729841946754,4.73571130812094,9.691329003243066,16.26696845404467,12.0765880373409,14.01092290805328,10.86816561290591,7.209780281723961,9.398720031468564,12.746649806301614,11.900728851491172,5.746786007353596,7.681083125607174,7.725578900886991,1.674580050587109,6.289447541061396,4.556567169752624,8.21080328627473,16.527623616766352,19.14141044380102,22.339521198599428
6.601206379565742,10.64518921964308,6.945617147195261,13.348903971501512,10.386400417133183,13.7928724744219,15.831818840206008,27.467252572993427,31.540425529701672,10.618231991672724,32.7745637890681,66.04250449201918,32.85142969618728,42.01239797678017,26.83669688968375,30.573953524652055,37.92638499070558,31.373792580087837,10.140032281373015,8.700780481674936,18.33150885251836,31.438475364279764,37.325506195385785,30.06355678781777
9.112987243846776,13.94256631508052,13.942566315080528,13.470217880633006,4.336640078706379,14.57631932940236,27.30244493744828,18.63460218133428,5.581504204513478,7.102969854723246,8.55828367248219,14.455853880399031,9.336309460889662,12.054371774011752,5.965989385946506,6.546626448321461,4.287794613473164,5.105816155307222,11.642074909674765,13.869300542048524,15.542957147364769,22.429345796035523,24.88525966669429,21.466276551757016
4.547929927506632,7.901094368433174,8.731996005862767,9.128904915220163,8.299004468381966,8.043067548124675,7.98569029474654,4.68576074474717,5.622198299852948,4.664681468057295,28.264995692918728,23.51342674397801,37.02950054425764,18.897989619416418,53.240114302582334,24.211554525432156,21.830587977558213,32.243407064871334,3.314333723646772,1.6248867624000007,2.857315009834468,23.13631480466183,29.0723986956762,16.978141216287366
3.43321,9.825780241818416,9.825780241818416,6.72920173474842,6.3858807347484206,10.272406616446526,11.790936290182104,4.783441005639844,4.871680351527546,7.908055176214823,8.770117901788337,8.723376445360971,4.6173544268009925,8.659384089897069,7.216153408247558,2.955546000000001,4.164990210371194,16.071534429709107,36.37639163102044,29.174008847252928,36.86358649218193,22.78620566303971,29.48969064269607,5.647424406454611
3.657115,3.847921000000001,3.847921000000001,4.022826500000002,3.657115000000001,4.022826500000002,6.465757627687141,10.139351870589776,9.615914208394514,3.096911475,3.434508,3.98958,3.746736,3.391143,2.8259525,3.1482990000000006,9.745039307809384,3.353996955919774,5.640825963151434,26.6721919925897,10.084630821664431,19.813013423662667,18.966453302915887,9.917284541107266
7.43192165921967,14.842085436261048,5.617746731000814,13.83698251903707,9.743144999611918,9.232585183790707,12.301779599510004,20.61140347989141,49.65652627125017,6.051695295688511,10.638296382156032,20.47314627986108,11.769864966671829,17.31717730052309,10.26199900511092,28.278348384334645,90.41699319869676,30.191939461006385,27.000574984356053,21.76385065803251,17.185649055121857,29.709848385169416,28.87600561493433,32.56003781249239
3.657115,9.798705480466175,9.798705480466175,20.0376,9.3128192582943,10.745041184123728,38.59245848391293,30.920150031914712,48.51355101348998,54.771872515091886,43.63681844747031,40.58609352213032,27.295618983214357,43.95240047206435,14.885422510125508,11.159516279697506,18.325222161669405,21.354283954276703,29.716637137675,30.050462126810007,27.162325916845152,33.15216773807411,4.505490423775582,5.631863029719477
3.358575,9.205659289222805,4.565051234404148,8.276447018772966,8.74918031620349,8.276447018772968,5.478061481284976,6.285715458475933,5.9271719742134925,7.408964967766864,6.375719145493944,5.5350192006656735,8.986915106561044,9.315698666413931,5.297173457087883,20.784284897651442,9.405626692541247,6.403791242404075,14.992000047157648,6.491412298591975,2.2215367153274403,2.9560152401835564,2.099031822280494,4.550112805865124
8.227815217242007,10.499294959916156,9.905220166239486,13.29039986946031,9.783337759410871,6.959434654075919,14.533181216943802,19.64021354298101,18.39428937048749,24.45147569435757,11.346744552582717,11.93312469668154,9.436890021138788,80.60990605461622,32.2627268195762,8.432401253880622,12.393215501059446,12.196757471087018,4.825203120985801,1.81211680682012,4.059572835948562,15.166998352497096,19.90639067158668,7.306615810375232
3.955655,6.258720209131576,6.258720209131576,28.19186249384548,4.73059989593706,5.690768105834062,38.93671115186829,24.63720138,24.085901934291773,84.79502242546829,33.40818250513574,33.13608741808823,14.27375516513066,6.083073083810505,39.87179744136413,5.02546729796531,3.7231391386815567,2.653853578052215,2.154510801688345,5.50655470472291,11.40195923578098,21.07507499937965,15.871309729301258,19.780202323321607
3.88102,9.026215058729472,9.230249335511264,4.482430562090054,10.323886018372248,9.2871954852117,9.404124061997498,42.534145762402886,97.8240292268618,74.01484519968957,56.1812605935566,96.12721334019716,45.72894595975579,18.10434075598752,52.16328946087981,13.744626639915618,9.19992661720863,18.877335431363036,20.948397821509435,26.647649244262052,21.169159480818465,21.29150946290557,20.42486989165492,2.34702
2.3136849999999995,2.434399,2.434399,2.5450535000000003,2.313685,2.5450535000000003,4.550422800000001,1.66223178,4.562561519999999,15.106922072035522,7.743951349879206,19.018108946772504,2.370384,2.145417,1.7878474999999998,8.50178543869121,14.901213447171749,38.72969930827304,26.453043672765396,37.98212198045196,18.52634887353068,17.694439669727707,6.610465238467734,1.399185
3.806385,13.578716824586447,4.004979000000001,9.407496797139274,8.552269815581157,10.399223373239083,14.387852550548518,6.144248105767958,5.793774060519162,9.284424519976897,10.701708508672448,26.019827204686703,23.513038048091577,14.89454808547465,9.9723483816929,9.624190930021207,4.417471169265617,67.80458442471691,36.68388410867247,22.960181733426943,15.800732366544317,23.15573120835085,17.308436137774788,4.934405544629551
9.33537914917417,7.735557169447055,6.952975204565543,8.905327276798046,9.33537914917417,5.087275872376126,10.534799747146884,27.981950744778484,7.1381710633485085,7.905368797687036,8.767138679224438,10.566968374855412,7.895328599580511,8.399655436805492,7.213702069816403,8.03654378928907,4.601668503259909,2.5057893100418327,14.725816159491677,13.121736604608182,17.72339088394587,25.85899624780699,26.724224816651457,23.9495975972859
27.69261400766502,11.900294546356836,14.030371255697766,27.79247721586012,12.397573823761368,15.666569542840872,12.079130324516484,30.36073573946508,31.117990719709088,38.10359716799,35.60463192008985,24.21087709265802,11.295861805020996,13.453915848282316,12.504913371367651,19.55364300710126,19.84389446707021,22.247949137063262,21.992656602356583,22.18433425400073,24.8111857352953,32.20939541560821,29.20593253420452,27.15015664969496
4.17956,10.508263563433928,10.508263563433928,5.46866089643996,8.931259435127059,10.98591190722638,104.3230636099433,12.924703595643368,5.4213114062406405,8.457336315356505,9.552577059870584,7.1513560555238485,7.527413495612474,9.260851359810664,27.00661241921671,27.938178499944254,19.062546610526898,43.85864830198416,37.69178794612049,13.27389568152659,35.70878889637807,24.528046638037345,25.28848592808491,29.65099742760693
3.58248,5.726808501939386,6.9501938156515015,9.568300443075731,8.698454948250665,9.056702948250669,7.315660483233445,16.608375184684025,21.495669062714505,22.48618467715596,17.791440617203552,23.21731223829509,42.60016674872135,43.90332171361567,55.87206134863392,7.488235129363616,33.06675631555126,21.57401220590012,25.53080224416247,20.022985938593543,23.103214733478804,42.37575289123458,13.526075925160814,5.260330462776094
3.806385,10.230931046894002,10.230931046894002,10.695973367207364,8.916717540369419,9.07848121520067,32.989595705565634,23.88983318259821,39.02623461530528,43.74009851231391,34.50914977509266,32.867641679497105,17.061536364704285,72.01036845380028,46.725639374735074,3.5083446711654793,7.282653560898364,18.252675817165706,12.687239768775571,18.20760131165417,16.286874905415925,20.466657384143065,26.466465487632,15.295238026169008
21.278096752005197,4.285637491815047,6.473527729537612,8.546821051957672,3.379993270903844,7.9831403199516515,16.243531305164744,33.111146125636566,31.82654639944995,26.7408099914864,16.373060321674817,75.61451087433777,17.7061417786539,3.776899156948946,6.0039652017884455,6.847330968343248,26.08078835677258,15.793305933254103,15.17178480899864,20.98479920040891,7.681199620825304,14.406489719538422,16.277217946783846,22.14946135788534
9.955891821790615,13.19834270471024,21.072607802021853,13.442782360158942,8.72683899648917,12.930978596110348,34.68511766449542,41.53522334700844,22.942828462321568,30.0505851886027,33.76280241794603,6.580563741387529,13.145879807906022,11.23163556844221,5.484785842643791,37.58305444149108,18.980815819127084,17.37517715359848,16.002712824392944,24.784865606684143,16.28041516420968,50.92747691648013,30.474347802061303,37.8168037274749
5.448047484523301,5.482457854761421,8.480484880475124,8.865961465951266,6.87272974880874,18.12637414917605,51.62828675007994,27.37161880106556,25.587199305279,25.300398403145223,11.511575633848112,6.720423945453841,16.754997813569037,20.04333788956507,10.177753150411144,12.110858576261968,24.37782902943965,11.765963004803456,18.065615386350537,21.16785095474709,13.883120023750571,20.53845716003478,18.26609167192681,4.874208064285101
3.615279624691132,3.678757904596474,8.720768956313226,9.117167545236551,3.1346700000000003,9.117167545236551,10.464922747575873,2.2520559600000003,6.836941923983764,7.018712039989956,7.563828526265361,5.975175933239617,6.424945784866212,13.095646148657211,19.658402104345868,47.97316613408073,9.427105378303883,34.96130544718815,14.512464564149957,23.277995433949787,15.779371952810813,19.27411072690468,3.216522946894181,2.745663473447089
4.17956,10.529372198421507,23.125857532887373,6.345824370624314,10.00725456874771,11.007980025622482,6.8752337808294,57.99209652650722,34.44361615246162,5.558190103185804,8.900575031025713,10.91700498408841,10.252491637230856,9.279454236475148,6.914111524869421,14.613789720622846,28.66002178979844,47.919439607100976,40.2885640783431,21.913358675726528,22.946473030207788,29.31740286627721,25.76159921896513,19.60968263627688
40.44753157473852,7.782613458691026,3.847921000000001,8.136368615904255,7.396698741731139,4.022826500000002,23.864546435105403,49.77104367878149,49.60016607519801,60.87692626062098,28.53343099839152,99.89647999038444,35.46126848232871,38.096630113213855,20.54428179644606,96.46236952450377,39.73341036329933,31.2442078999862,24.60239554975406,26.60579306176169,17.467704460615717,34.84064640144034,31.91971763109125,3.342358700562974
4.03029,11.766236826253335,8.363131162888623,7.736983264110552,11.182787066273832,8.36492086269486,11.05734092303176,6.877458588236203,7.064801129811448,35.816417683434,34.61391417934863,42.06915133137257,49.466922928660445,34.93363805071798,16.764763118857527,44.33517853873404,26.202912166829396,31.075641898346365,26.543313918375848,22.65075200830395,17.235335847370887,28.329605908919703,28.68549471460464,9.817173323826642
5.047993762013133,3.644902646849777,5.533562643295982,5.785088217991252,5.259171107264774,3.694432500000001,6.640275171955177,5.720255983667963,3.5628493719397354,5.217714169365954,31.1961031903742,26.704500223307363,24.56325349805045,8.259173858612721,2.5952624999999996,22.49903872180136,19.90942960159513,11.64190502587364,16.08943598980003,17.91663807496417,17.015004303747777,26.351423141021307,29.01455438741029,25.88257371773521
8.02818250165122,7.528404997939116,6.839425598351293,8.350802988467253,8.682997633490887,4.269122,10.687636556537717,8.288980049664573,23.530280477025418,24.140354994750098,8.135868851911512,9.472361054717329,8.895782555734536,3.8011614043868054,6.372260073113432,20.99043548207531,15.470965772402357,14.78611492464578,11.37102577256664,22.39348687652774,14.261169900949284,15.333452105031578,33.68525857085769,36.19999602993536
8.750002589924197,8.787819970414931,13.675249434596047,14.296851681623137,4.741995295369072,13.36248191508183,29.79850198537257,31.281134923960597,19.755260323558367,9.029139883345591,9.020830561459116,12.334692975386124,9.196950639556485,10.082765132706834,8.407005838488127,17.179374526319837,20.152207555567507,27.526717653101265,20.91322293829146,22.854514692022565,19.630027984153177,32.05702002191636,36.42224385435862,45.77279348689062
3.657115,7.760916651314484,7.760916651314484,8.113685590010597,7.190129668645516,7.704599681009538,4.852284939078869,3.807993321649488,5.090531144288275,12.459938999014318,14.433544557767163,21.988080379942183,17.359369033025022,21.84645359344519,22.150658051413437,26.804665245766436,18.22950480402298,12.298961573849423,12.972070998884323,22.6047431081516,20.74121153272344,22.197394301784296,27.31324782176326,37.4226366959382
27.06901702664036,12.7258303056081,13.815368161746052,11.26941856098095,9.893835146433409,10.863681265508358,13.753624581045065,37.18813041708548,9.89559098688333,55.52315592978445,27.7015007520901,21.878741638086925,4.281984,62.81070975237937,88.69927088206141,18.542002344992884,7.963772623055794,5.319013238456582,44.027051076142406,21.28136092668822,40.867400422894605,28.059220720910844,5.502316068296617,4.607793419926619
8.634255051544496,4.963030432232751,5.979979601035189,7.219450275940239,8.634255051544496,9.497680556698947,10.901685508558796,5.090119722046844,3.1955054994852152,5.791631514800465,8.10869170058092,9.419187328957634,3.5593986236238986,23.597723708054218,7.248011087334519,11.228335619037392,39.30888692680753,23.29097784770278,25.837781038920813,29.878616303901605,2.5549502794478136,3.759484333905701,4.110405106176644,4.720508199757477
35.73139900428175,12.183421344971093,8.648112494648602,9.041208517132628,8.21928047012057,4.104925000000001,72.79295058246626,40.55962806489186,31.17874327876473,29.44660934640428,26.062778805733146,13.092781350809496,8.420701572550403,11.238485047847044,5.247923078266002,7.075728404712492,4.633833982074555,1.9379268095704576,3.282494731749804,3.3762802955140843,6.407014985017968,10.859799486958131,22.037290670690087,26.871988734761043
3.657115,3.847921000000001,3.847921000000001,4.022826500000002,3.657115000000001,4.134146500000002,4.617505200000001,30.932608988106058,32.46372091039083,3.096911475,3.434508,3.98958,3.746736,3.391143,13.112672577945743,52.54270013290178,14.5945293599736,11.75612932721264,14.287886988487845,18.61382728454877,15.230874923489734,20.27506001541431,17.308463699520033,11.37033388871078
3.507845,9.771571696654172,9.771571696654172,4.725507392704829,8.236269869299074,10.215734046502083,4.429035600000001,10.913873006006742,19.29350370171137,31.455116467350035,7.488231275378308,4.973024816799775,11.141045221517379,21.815529346323512,3.92853511784976,9.726084653561179,27.502483699248348,17.150692423627035,11.723097118462912,14.87266907499579,8.225707984890025,8.044976581968704,20.50091511277003,5.6162677294819225
5.020013892599809,12.823271559774554,14.94013896078496,13.025143671001183,5.049735451258283,15.619236186275176,9.132578162424974,10.991159938818958,26.49553723518329,61.13058213613334,75.2724438255402,8.581520431239015,9.451652494413231,25.590224427080074,17.633431608208777,21.475983803152765,21.5206574572714,46.24841490861549,22.27500719451337,27.38615582949474,15.202846892849372,25.16656377478071,20.3005468264498,3.5224914239705845
3.657115,7.464973601801319,5.2947420407205295,9.316876217181932,6.178091055800918,7.300095372541196,9.826060946593902,6.249712389222122,54.030418583439165,24.87451204659956,22.066077509865085,10.729661757920582,7.26867452136327,8.066407685303524,6.722006404419603,3.1482990000000006,6.9843966052120185,3.881071393706937,2.009682790943568,9.485266256148082,6.937520270666172,6.754616917448513,13.544231864598792,12.363696933145714
4.459124999999999,12.54946014243302,9.426202469881687,7.67428922996261,5.242235786346642,9.854666218512676,11.31144296385803,12.008632423183895,22.258574685872208,7.586464117805418,7.94809306647049,7.610865352029033,5.878385541721877,7.847738356035254,6.922699409698985,12.859912553055333,18.771330123749173,31.92622325129333,39.87253768079862,16.523387110051427,18.29344095621218,14.909213683443536,21.18075631077768,16.322246208203097
11.987537226216231,3.3767470000000013,3.429987000000001,3.5302355000000003,3.209305,3.5302355000000003,34.088428424298044,52.24593014578946,7.568774925126177,40.61629146779937,10.749977821108772,13.459726048514732,12.008500706317077,20.26425863060406,20.05941093951487,22.58345982616789,33.773201524251185,34.24751592555408,43.1484293820762,34.25839324941191,26.15078667364441,26.768485368426497,29.161898772464067,11.266087309871844
9.52408640426533,13.07071411660419,13.070714116604185,7.0469719408488745,9.524086404265333,12.247796400719018,8.495327408618857,14.357842608060064,51.11308037236851,122.3997613715534,79.99609164478997,73.91767544430826,14.26503706811789,20.350570475496017,17.75302677482438,57.979768160292615,25.2014343622078,29.106833627783747,29.20493122368423,24.409528228558077,25.61312693645932,27.457561397979333,26.68407079536623,24.37566040503305
6.668108946790591,7.836453044193176,10.571262247687493,11.05177416803692,4.32883,11.66403416803692,89.2679902577647,66.94490990881866,38.97593381269,3.66573195,17.80664511439487,81.22845745507543,30.378511157446766,8.862837276185964,11.083561403915457,25.437795898568577,102.1911826876677,64.24323764068696,25.04502798864563,31.707277625622112,53.28238336649786,43.8695282178821,41.47956249705815,35.010621940109566
4.7714594314047245,7.700494598250055,3.926450000000001,8.050517079988692,3.73175,8.050517079988692,96.91473374343931,35.222147918885845,34.49208330267604,57.738551359544765,40.58580189196703,7.983983880980519,4.374420338016385,15.397870597886527,17.026772587032216,32.236869255690465,40.817959752208274,31.038711791465357,19.09343393671276,23.895894075557205,12.203182973305877,15.92808757195582,33.31900238204833,34.07080108549463
5.883495557614139,6.64441089508419,3.7693920000000007,6.7882347525475,3.5824800000000003,6.7882347525475,4.5232704,18.27789671614932,13.769190649214496,17.905701894239602,95.51832821005188,35.82620456043927,34.14456505775333,19.531586875681544,4.768594660880473,18.408651949221987,25.59311323382861,13.261867614914715,13.78642457657393,23.65929953552667,30.312511693215512,16.898343734600672,17.33666055718873,23.383124077995024
3.58248,3.7693920000000007,3.7693920000000007,3.940728000000001,3.5824800000000003,3.940728000000001,19.730578260383805,2.57377824,15.48942311346471,23.36278847517982,23.056810221404323,3.90816,3.670272,3.321936,7.956771121490677,27.417005797256895,22.86808803374778,16.62261966850824,18.506031102460867,19.553973569978258,13.210915988196968,20.46345711174828,23.92999020703166,8.424579120651481
5.794596778178206,8.585332133066297,6.096923566604896,6.475139534182535,7.023051834969848,6.374056455996027,6.284308279753683,48.89687789958414,31.913607470482766,38.82634987469793,44.95564825643088,76.30509305746543,20.097580215189478,57.956849293634185,15.070921999348537,23.544146679965145,18.181836556657355,19.521260254323675,39.78213963215256,19.527402369876587,11.938477743487317,42.22148515806394,3.947575706563916,8.78319668737629
8.220610388029925,4.617397541077486,10.200324975926172,10.66397611119554,9.69452373745049,3.5302355000000003,27.53517717111141,28.045310191348367,28.473925913835497,71.13738624534054,6.665725169969102,10.824244077218715,3.287952,20.70045252682875,71.49274604627439,10.57425810690767,4.591833315920879,11.721721312910216,28.84231917169327,12.907288962251885,16.303613825040127,23.015612408953697,31.41614994418723,4.0800183672222605
3.507845,20.015306576240484,36.89586937105685,44.55306269625539,11.547452507342848,7.854691495821747,15.230868420606232,29.39475073206513,25.988437119340247,6.148704945577557,15.056413104056324,25.755071112899,29.250091458773984,19.64041657170603,10.463504348470599,16.78058203358418,19.510870789117345,11.13863284910664,17.94601972466454,27.387417383193345,26.41549961638115,30.46356668311436,20.85245979655476,7.62480335967913
10.22160904416503,14.81816365457979,16.5598384613461,6.948102703937335,13.27834764135041,17.733677879816522,20.355178088137222,5.873963232144316,62.73270029771693,10.410076785551285,14.960448684949286,11.82952631537083,8.735345563879484,36.19164287791283,7.8287242593602375,8.999875591284164,14.588498044729546,21.49324510200248,45.06196168296518,21.68314035387678,14.814936704676985,22.12199517823092,15.74769042975121,4.445067154809115
55.26217495645698,10.218942699231658,8.502808326713932,5.6000420669662,9.712218267864795,10.384416681258037,4.711740000000002,27.417659672877715,47.32280401885976,30.40399239193546,94.0555335785993,15.53753560684882,31.56548126499856,50.93934166326473,39.898011484343186,12.33066154062406,33.78403986754688,22.37832655256216,36.08049156098311,39.28902512274684,19.302552515873604,25.34403542149497,2.7260010082476747,5.380217706554611
3.58248,10.372205224386253,10.372205224386253,3.940728000000001,9.857880998383626,4.882038149757545,11.006032474851962,12.297993218709394,12.607784933196974,12.49702616492889,38.79823437408089,114.22336152627466,43.0334189018011,16.67632317633742,8.759806799247228,21.512401366041086,42.3437578076588,35.511364337809425,31.73132424539919,50.329734443560326,26.219202285929367,25.466978957574124,26.93407244655151,9.722597887378782
2.462955,2.591457000000001,2.591457000000001,2.709250500000001,2.4629550000000004,2.709250500000001,3.1097484000000004,6.65438004,19.466369317900018,2.0856750750000006,2.313036,2.68686,2.5233119999999998,2.2838309999999997,1.9031925,2.1202830000000006,1.541585925,1.0988424473400005,0.983618559,1.0117219464000002,14.309097877286062,20.05288325346626,30.43651208287884,8.0208279637533
3.657115,6.335791009122264,6.335791009122264,5.612299005828113,5.381383184708155,5.901294006887771,7.768807211554868,42.891556287927045,9.74230203613784,4.543020964806577,3.9279698199911928,3.98958,59.38413559146614,12.7296880783782,3.7395110777299063,11.186699199596255,24.703876258738244,48.3215286612723,19.7050932687324,21.59547314018545,10.209206727965904,8.418261265293374,2.7861224169515486,2.2910548763243392
5.11209264774909,8.798484232582434,10.54201034670323,9.465913347853094,10.640795023684952,14.660595791909902,10.61442107047189,7.610735448197154,9.028988416637404,4.843562144468114,9.948673788493004,13.8073729647643,11.133589106089843,5.613229807418883,9.853837113092906,18.1990708943922,17.669732861953992,12.927596630898186,9.36258833889178,9.848024508189576,8.181166080533844,6.397864505353213,11.061980253748708,12.953852220281703
8.393077683277514,3.7693920000000007,8.60090532537872,9.232385451605266,8.393077683277514,3.940728000000001,10.597172866190396,6.029878940803375,5.685928626889458,3.0337092,7.676841116866957,9.15608474539365,17.239437324720537,19.95602551914048,32.11101611004907,82.28614181140394,76.70714817492474,64.62693238281253,65.39261318487515,16.019542137155526,18.866616217881624,19.381833075675,26.22509939518505,43.42581105515805
4.104925000000001,4.319095000000002,9.509169305585608,6.765896915054587,7.855985277179458,8.412352343514216,11.037908059309176,7.885568465409984,4.396404625299425,6.123180161509596,7.769209854448132,9.024839729914495,6.1270117467290826,5.931985823735026,6.07053407782049,3.543751089018759,25.942980407887397,23.8864368988326,47.85898046347251,14.480441214871943,12.08185953142697,12.897897820931815,7.516667566334531,4.624828992302102
3.731750000000001,7.588525450910946,5.879556907152504,8.954400672872978,8.836461234603131,6.40204505557141,9.025932432874509,15.552041246112273,6.224670217377071,3.356602944836066,8.298589681192507,9.639775892294324,9.05300692493728,3.4603499999999996,5.5730906298012375,15.598384681149346,54.196568437204526,14.889659251132263,11.35979479295856,18.16057104250458,17.582640776130944,27.582802597506447,18.11852290191547,5.343788809858811
5.646673430899816,7.444373218563242,4.563631602651892,7.029832715248376,7.075230744915476,5.523990506931081,7.204802892729081,5.083091862129709,4.484014001385204,3.4797265668109585,6.644564525659752,7.718433539907791,7.014866714304682,4.233457823340349,4.762008398167633,15.98267073385658,10.47346795051177,3.15660004638255,20.70197777872584,26.464149495007604,14.640331907557949,3.080661734624066,3.42295748291563,4.278696853644536
12.199659999999998,9.638382231891248,9.638382231891248,10.07649051515903,3.73175,10.07649051515903,22.0884122782695,20.458239173124635,16.399987565213127,7.757232161050112,8.60285356234921,34.03005019949702,21.104080740147356,15.5631988903128,12.946159373083434,24.960144948808086,26.19975930886669,13.633429805877553,41.56553546755436,44.16962129374045,23.22037654823868,21.45131039464876,35.82905715485756,5.539716309088507
4.8398900000000005,29.916762455641265,4.240566000000001,4.433319,4.03029,4.433319,68.56186026615364,21.93541218508686,41.80496002749557,38.952224133064426,41.54842407268756,42.531257146688446,33.757298664127845,64.33852765789958,16.70288152817353,30.382269793133265,72.50924220170663,45.42401017260767,19.29738472937724,20.375939289622377,19.715052605487674,26.47234133986812,66.69881706008246,14.60984989954802
14.985073686857634,7.422827407418549,10.13582312543362,14.236524765631884,5.899721299875849,10.68535186630681,13.628223305957867,6.76501501186567,11.40716554350813,75.15853885097299,13.95927442012094,12.062988807472845,10.866399240736989,7.6030573793667875,7.189155501854216,8.963224283869408,6.882359029927128,2.357697067608483,11.533927527773772,39.89724692475938,10.147774206666336,19.6875881004158,10.77851824834667,3.3135168508691533
4.328830000000001,4.5546820000000015,4.5546820000000015,4.761713,4.32883,4.761713,14.92685358021633,31.114519703171773,19.448886325182205,3.66573195,4.065336,4.722359999999999,4.434912,4.014005999999999,4.945794129153828,6.200626982591988,31.027790544223503,1.9312988468400003,8.556093514864616,24.446943186174007,18.30023864206912,26.265431817318973,30.09575277626136,14.86898158849405
4.104925000000001,7.268209434584983,12.32921516703252,13.446586822214828,12.224169838377115,13.446586822214828,16.761867572830386,49.62722357004003,12.28593885363982,10.35164927677116,9.34201205526627,13.335458005502309,15.848720502132906,32.03659032093841,21.99838418900187,9.349032470352027,18.65269330259602,22.3256146234753,15.65085467993481,10.848939661197738,8.957325499490544,20.551194446714646,62.64212406949759,30.634243962784936
29.81865709754368,6.6257593981287695,11.71326512420106,9.587877986348309,10.033525534086069,7.893976822834316,14.055918149041275,21.846569397104865,5.904865021013848,32.67665045327813,9.216384006238496,42.032612331002426,8.110257008010867,9.700458109289418,6.470857173332484,7.848298626473539,31.783732200320447,19.75327869437427,21.686680896385838,27.824393198531936,28.1064785449116,30.322499865012777,28.13810209281261,20.992943580349145
3.806385,10.24061970360538,8.092085986888195,11.56067933284588,13.423038877951678,13.910765850306593,9.465276765052542,34.99187086459367,29.700110736834255,7.785691691088157,17.22269381556862,42.5585820005828,32.80723302072916,26.766438379296613,27.383913366499115,26.544485708466095,13.301797877207,35.32057506444426,24.203974304174515,11.167868385657435,11.99288539360356,31.17110250563839,12.186942485213644,8.234944341267907
3.955655,4.162037,4.162037,8.318023027965262,7.561839116332056,6.334621763982632,7.043384140531624,3.4895821654159884,6.609472734948595,6.403502851693918,7.101553257077061,7.659176180598816,4.5355911631655985,7.495367245870398,4.3106110677245555,5.423198199008417,4.7330238469042,3.3736993980733136,3.019935522572021,1.6248867624000007,2.666956045907759,2.4289356277265326,3.396678132265563,3.70064394023432
4.2204535583214975,15.88879727468845,8.555673881617873,9.85584965785699,14.439189250362272,19.88545868423161,22.37783222885716,4.636319016072607,8.176611276005422,11.706445018947957,5.858480367192135,14.213878712079756,9.330378187903493,10.257191458559353,7.34461832682037,10.566738322065099,7.554477809352833,7.552852401150307,37.22214543172896,25.15813294699485,25.55462304444081,23.55726759542938,27.06853539458864,10.171710442160805
5.801768247403306,13.854813056021952,8.179203986215278,15.28128212525922,13.06987671865036,3.5388573623262465,14.38743777490128,9.980549637857044,4.179797341340251,10.799433757468355,12.536327095139372,10.994099090439684,10.392914738656051,10.135426851687102,8.805234425848987,8.841723595958168,7.234296747695631,8.310467022476262,14.023549346134958,17.52007780492524,15.38957762627513,12.130193503500768,17.34884917480632,15.013754543467645
8.94222106155727,9.40877172563852,7.82792507319165,7.632838743090087,6.438125124485782,9.836443167712996,80.07170274608163,16.59846370462672,25.0327487050822,15.867289986915331,3.224232,9.755150248971566,6.082805133948335,6.666491803381247,5.9424064809711785,2.955546000000001,5.597017455347436,3.989554042171652,1.971133948966343,2.9532115392848794,9.603231428049268,23.2767314996053,20.86666866329891,2.07621
10.913811124005736,5.4487143961895805,3.612334000000001,3.7765310000000007,3.4332100000000003,3.7765310000000007,4.334800800000001,17.121256409914405,25.276073116537336,30.451985180920595,31.866734504555524,22.31764942996937,8.193136180481748,3.183522,2.6529350000000003,5.02823406617016,10.94890678654601,46.43546873168663,17.741731576236642,18.98317616510825,19.1498215929934,31.058464076730047,28.302996643318263,22.26113404560461
2.910765,8.249149090515415,3.769883466888465,7.721733337754918,7.840100375283243,8.624110412811568,58.93347509852629,82.34119602557516,15.71933373605552,6.6391395450694,7.362876874179046,5.619678533198301,25.18191253671673,10.77676359168275,6.058259380900687,11.56136390926435,16.569907258570538,33.85656352539983,32.090368450804874,24.03401543236946,26.324332268633672,27.27239118853937,19.6951452313082,3.5217540516418206
5.610785772868947,7.134910309721222,10.647833570805156,6.171864350155842,9.24919978683014,10.890465715565105,25.46351376117788,50.75341600473069,41.18179358819215,18.27794400375233,9.138221860524483,11.747696180794412,11.032619021963447,5.557221335172302,8.321284794729374,11.666763977133982,51.97267109074634,23.102506968454467,29.91784121195404,48.19925746466814,38.06867289228981,43.62205396916816,47.31059670325802,19.381802123142133
3.43321,12.995861177452197,10.35432772585309,6.287079321767748,14.48675830914878,11.031121625589105,17.34644854153571,16.515684088482963,36.08704259130332,45.62299123912912,39.12701976617228,35.62036281694748,87.78125720407319,17.46145105703769,39.136728025853465,29.304308742932367,39.37242542904707,14.1407623370695,16.02578194153427,17.806910655852477,12.948266967178249,14.841773611545827,14.451978793341334,8.433730674488064
10.796158224656992,11.98502934783529,8.453100510652325,7.551100557054919,11.18499884909777,8.83733235204561,14.38203521740235,8.254081182978165,49.356241976560575,12.422492783121603,6.4467894083947135,9.81056933814816,10.44163752399795,10.562313617588874,8.483979297584607,3.1969050065945086,40.83085775979012,6.676786393521274,11.335876665461871,37.66901755808537,16.031069298401064,11.414947918631984,48.27291275545348,11.212196720812456
12.920175590352494,6.111294957379583,4.240566000000001,4.433319,4.03029,7.859923716462582,28.567699582236084,17.855081684498025,19.09330859700521,4.86121905,5.502535155930452,33.20358153337568,22.239480781678264,13.548434635267856,7.860673268686984,38.94417708554156,63.891416680895496,9.090868828246268,12.634097286504286,28.694211271085376,16.98367701970761,37.01915399048403,46.671484622603565,64.68447767753135
6.128977639371232,7.943586463491056,10.393636519676637,4.3512205,9.878249584816636,10.866074543298303,4.994444400000001,7.09687809302218,56.53934808066069,5.998841048133526,6.652778982177069,8.387371364595381,6.455123116408117,9.013697952084911,7.153368382172453,8.503884425189979,14.137403666770922,35.952759246954955,17.66718771433306,17.975873904516547,18.435107567511693,22.623892124422248,27.33736811702026,32.14968039112309
3.955655,13.52830761547398,10.429439748639604,7.32096887238294,12.61204869467502,4.621197624762086,15.614195565201896,36.40471248052573,35.92249988518663,17.11717072788496,6.529665036858885,14.026344484864074,13.172566994481047,10.530575676471592,4.023182177543659,20.85919043069825,32.17464073096982,24.208671341402415,20.21979339035782,24.311689777235216,18.10775258311621,18.984773180448983,24.32612042457199,12.84143281054032
9.155276265975791,11.192083715876109,9.137678696304894,9.44767068906491,9.6349505452213,7.070054741698403,10.860157547659096,12.773512955845538,20.117343805588764,37.44730811995689,74.29890304963136,44.20533912539644,20.293121967602257,8.711340521156345,4.897413954046932,9.157159403898632,7.102263442592703,5.466218320196468,21.291305666007897,27.376448239087,19.176666891019703,18.42155889236616,37.131845972258056,43.94986129515185
20.722001952833526,31.180689874266832,42.6830377002188,34.78717144837094,3.88102,4.269122,6.098109600000002,48.20455638775561,61.87591063772918,3.2865183,3.644784000000001,4.23384,3.9761279999999997,3.5987639999999996,2.99897,9.84069036566287,56.81912859054515,24.882530371711,21.340505651901623,16.390172146631304,27.32769966818607,33.562370983150664,33.621348470088385,2.34702
13.4315190304322,8.38055472894384,13.57759571074076,16.861455763509834,10.14133812854634,10.181961978124184,27.774546172447337,23.769555275519863,12.496599784497208,8.1149960718648,12.437868072320084,12.371724525497598,22.160069279505016,23.34724016007878,16.994866662567823,25.286496664142234,12.48880435524142,11.015945833473396,20.578189610202827,17.03588310300015,8.197629912551113,18.42237814187588,12.306707216688022,5.960710673305129
28.77174106618999,12.941134881919597,8.647506686015998,9.040575171743995,8.21870470158545,9.040575171743995,9.742048457471991,18.04605697109028,24.481412435964828,57.56211491727658,7.718435719749814,6.222796186067375,5.071188965838761,7.620980723288326,6.419742136840121,7.2579060126262105,5.171383225267412,9.679193177174088,3.2822647898236084,9.1895391505116,18.83153159454269,12.406273566561271,26.49532401951813,1.62486
6.250017943094117,4.569858084206177,5.23860733472988,19.13485692208942,6.250017943094117,5.4154923773061645,7.891327002932747,17.297400334762088,10.962375601983537,4.93381044077312,5.869582068297084,6.8182013924663085,3.364416,5.795471183596362,4.829559319663636,10.509278319763542,21.488483227253266,38.42782009356381,16.32519527130076,20.93303843155517,23.87320483237568,20.723836354311523,32.470513527398545,17.9271210448156
6.647242889631604,7.832807698070118,10.74335526020424,9.058228748360117,5.659306143334604,7.311967178594765,13.82638831224509,18.53166169697977,12.191219194605,6.232513811690576,14.005803221125005,28.653881066256726,10.055988974996993,7.086210170016675,7.890029877422721,7.429242456571929,66.94240178513459,38.26552032770246,25.98112783667393,28.45995230387298,31.034421916507693,31.10092015687154,32.615052912818136,4.501951832474559
3.499174751279131,5.677958340031309,2.9055730000000004,5.936047355487275,2.7614950000000005,5.936047355487277,6.813550008037573,19.657704299904783,25.32990197842464,24.615150993642214,3.2807722661234644,4.928839408586627,5.828593161266028,16.162477714642282,14.588092027973738,17.177311559709587,32.48597809923308,26.15803350475316,30.19840284739659,24.622260212082036,14.631922902667307,23.301681952366422,34.53542422026679,7.551532720758157
4.313855761673577,15.139714039162804,30.512838904205903,9.189245462227808,15.264638766284234,12.82870841041974,32.06016544969709,17.44019640130277,29.50272317354063,32.165408402915354,37.68894747033684,102.98830279510832,44.656336808461,26.561544298190036,16.663082010230326,61.55194920344046,52.07614756533735,87.37098316171807,18.7541180945366,49.44752862793259,23.104272982601465,26.182426565844658,29.326838804092347,9.231184708464378
9.868185230453513,22.85709737550991,12.741643713668216,5.739003112338922,3.73175,4.104925000000001,25.040979584768817,21.03809201469477,4.335743340756168,3.1601137500000003,4.7809022619178165,6.887889335646892,13.593145467616479,4.720537334368347,2.883625,23.981623012622485,51.71704792518109,13.226939391306672,11.33766103170867,7.300136740734541,30.954221710791227,17.14481979855473,9.914088879711084,2.25675
2.9854,3.1411600000000006,3.1411600000000006,3.28394,2.9854,3.28394,6.343620132996051,5.738582866845065,16.615202000958394,27.67660148283657,18.732638654890955,14.984335811236964,18.308482680775796,11.16100594777147,6.0653875,13.567172585167203,23.962944153175684,35.96145763524628,23.19343422855672,14.56787745355001,14.274279659435456,19.90650133060823,27.21294795267421,41.06150968390661
4.901575625498643,8.037965819070221,9.609232626221551,8.677109239364935,6.892712626296477,7.308202551316423,11.531079151465864,6.561279335358882,6.187017412486359,13.86123238089021,6.005671866247636,17.58758157916778,11.721891637423568,17.936170185433816,16.07130724428331,71.45308962855893,21.20034117102942,57.81000461406856,30.573482238776176,21.839551636123662,15.727598797955906,18.366581460993643,48.17404216949623,11.636750097046717
8.339829489927544,18.074325085951298,17.792268605549413,10.167714045310891,15.831699310926089,21.036044187080225,50.58011442223823,37.53499840216749,66.4194629704065,51.73708391543328,24.51554349584773,11.005612169121514,15.910427560510698,13.885895301111056,13.94327324883552,39.55944725913944,50.28126061823718,30.73809843557797,25.89929577226575,27.02485613364974,19.63080594558195,30.78909559992754,39.5724766053254,12.171573233159002
8.015829831467286,11.832250565536658,5.911677718029512,14.767373294004416,11.027591655424285,12.370080136697414,16.36477601961555,5.886085762398498,15.184292026552036,11.36843654823563,6.667113190383863,10.62206485096504,9.73489781650301,9.106452401004121,6.263053781578252,5.212055718029512,8.402757448695903,6.679198220921137,3.227951414842378,3.999678481873032,4.301203230275416,3.490212704483937,6.4948849844992464,5.482703585507481
11.302499966038855,4.162037,4.162037,4.3512205,3.955655,4.3512205,4.994444400000001,50.646421488450734,6.020878260837603,3.656082459509988,3.714876,4.315259999999999,4.052592000000001,3.667970999999999,5.939800893739489,20.407795234508527,64.21294055543274,30.50236020357196,9.302863757108591,13.30614897850038,12.203557475666743,20.78919215662758,19.62215233451823,17.349697176769954
4.091359776820107,6.446597416728038,6.7321674688190445,21.016248864404957,4.362769330460316,7.038175081038091,6.707864712546032,15.411590163824942,32.203798505081814,32.46060823403108,15.618122602890574,6.980008344831163,22.218577973376597,24.818812512233183,24.54807946196309,39.29666226039435,16.799018800643946,36.91195105560098,19.808492636535583,21.10515023951137,1.8737167704564155,22.31113643551756,40.207617705204974,2.80248762556277
11.532336476234017,21.249946301435624,10.738677331084236,10.96714705489974,10.11050325315117,11.375171583981391,11.587319982746498,30.154408706804865,36.630206616126685,56.05786959877566,30.89968039744211,36.50324094597972,16.19155113933261,12.405031489946587,14.460580182944529,86.81171617258028,13.433568792232412,17.427848337475712,3.6650884631377294,4.638292985355427,3.702746040720287,27.749940951131983,12.664870650744856,4.315416244116661
59.088781903418045,14.375514612430282,5.894593584858342,7.973838813794712,9.761153717443626,12.678684558217634,6.586163914980827,15.590534014324522,19.286214148656217,33.92535005498454,7.344747387216662,11.198637246145248,13.006021094047336,18.070031264031176,8.029782639003132,23.42316233550719,27.32995728176264,20.083136411388345,13.482108586971108,3.706596975338632,6.206483780773524,7.27914940328721,1.913724,6.467307620478639
5.570335013405384,6.785971123432751,9.584301311450591,9.43606394261457,6.6319485196734,6.6208271422370455,24.999697890741217,42.02931727811861,28.8669992565416,40.28984015506971,36.69217194965543,25.152247874000413,13.037162076674955,8.891073347223955,4.983686531296401,7.8417010730050265,13.214880070235903,21.50863519466548,23.550408114391296,29.109117604526837,22.314801498747823,22.594485918293703,24.03812676113076,32.599586656564085
9.17145701238628,5.453069994582581,6.98701665673473,6.663139718777228,5.036881510431794,6.021671114604511,20.043664376894935,17.796499733075102,12.655416410440315,13.29203914922668,16.87543590588676,19.275422500112672,20.76471386466585,7.85027295825287,2.6529350000000003,5.21463108426044,3.791381567254646,6.680056950996216,12.992704890034652,12.755860746402352,7.682106812853098,12.637278637729665,16.04923524382932,10.51958715335632
3.358575,11.49212431052781,6.594549131480848,15.534349348572958,12.667649923825426,17.246940392059003,24.77855142618809,10.95003812017338,26.138044170460688,31.35995377904592,6.705615008759594,14.929912873345046,10.891601762734165,6.351478274770478,10.743957205847034,61.43849349628633,25.27298497513798,21.109859773971746,20.879204910939656,26.577921788405423,23.51622808319937,18.121213702929456,22.439073566309407,31.34682843392402
5.326857854781571,6.842577469565201,8.080374065838487,9.224099842857116,6.032708806375429,7.412415733766215,8.508164146583828,10.829223613464029,7.389132838075067,11.188752140807736,17.83830550436357,42.15812747361023,17.117094739183884,11.6795648135193,22.668626857956482,31.072947251938498,21.68158434392392,22.70992704891013,20.408503175859423,20.79114659194566,26.63226592064157,20.757117570880744,18.48284394171256,34.32061091287838
9.422665732118206,12.611346392047722,13.698298965703332,14.2895358599838,16.27406054399355,8.209345923011398,32.51348715416542,38.883976671615365,35.20759161682303,30.246609100739008,10.399268640244902,15.083839433943206,10.56622505501053,14.631204146224837,8.556637286060088,10.26966446674871,19.012079173436646,28.894247221410225,20.772521251035805,23.05244709137538,23.48618892699725,29.82174228090049,36.31555967705126,57.69427207160472
7.021421885793488,7.387756940704453,7.387756940704453,7.4287058798643715,4.13773026939907,46.04973987652565,55.68578075665679,5.044433706123983,10.232364079685809,65.5349925972509,79.14653404060732,19.445651566575258,30.71611864535145,7.068777542005786,7.76343903914923,50.84452896727313,3.341896657213098,2.274891166655568,2.804111677815979,13.058925263014688,13.818548053731195,25.137631170214604,24.56016702111664,28.15797903206164
7.452292017884911,4.045383708933443,7.165688350622835,3.5302355000000003,7.445846130983235,16.460907047792713,19.402419256153188,11.854144022440837,19.57003330618973,27.78266264914041,20.21424287283436,6.628397129821349,55.86934026103195,16.95424272732748,10.028720372275206,6.409902321455133,2.008733175,7.553176368697342,5.312541197216792,6.352522660302534,10.977405743829108,15.304751151451043,9.610348879473824,10.150927463810756
3.657115,12.24034911608708,14.184835829705287,7.3382372968674705,14.10787813232261,17.183461860884908,19.72362578814616,4.346443206162388,8.826669365431554,10.024381186437576,13.28403783288424,22.361970859721783,17.263728094591684,11.531264376220472,8.972799219161072,24.80185391020367,20.791683276639407,36.4672739749654,70.5141007143361,30.1081093095183,13.204906324209343,19.05165337197973,6.878440502320128,8.215742661410564
12.268173319773252,13.510962333435398,9.301019252225505,8.499069487003771,9.060136027027252,13.056187005840991,8.412637109969669,6.469628696293817,8.342545613019803,12.876420845699812,6.494850000128915,8.576388179211667,12.616326068839022,20.767895604648196,12.300542709538359,13.280058391859187,11.60012750575248,15.303373272658888,9.851580241876103,8.568315815541322,4.177924452254787,1.9821460522395145,5.957709532507316,4.679513959701288
2.462955,11.43587927553072,2.591457000000001,11.95569196987302,7.744779376565002,5.692725294025642,21.77635308990173,11.8161429553264,5.371384530202364,4.575351081616236,10.207231088903448,10.78778056961517,3.36000210934383,10.078351908487996,8.398626590406666,4.65127058076509,14.346415101059227,15.566374321833234,13.23721492483962,14.770393771466056,12.849468089509752,17.912337341224323,19.9591577731615,3.567913911340385
6.361155196238306,9.372142925186576,9.6146303219225,7.480166227360927,10.092620512365322,12.855038245560522,22.99039332234177,22.25918904208268,18.867696320403795,30.61131506858185,35.02268185101629,26.894661227402946,16.208403204908528,13.150505163255964,4.915438106184145,5.542368363880077,40.95938577789906,18.42370163997617,14.933631304186816,14.021903391973032,13.5654178794208,16.084918582456176,17.665884498938347,19.692373129570807
3.507845,6.472676935726458,3.690863000000001,6.990601833230486,3.5078450000000005,6.990601833230486,4.429035600000001,4.565719553055358,4.0297319504297695,3.314949927172868,5.586269874571829,6.932828264360812,3.5938079999999997,5.89290402470669,4.910753353922241,5.470905782528209,2.32288622797693,2.6538412979634667,2.5380029280219487,3.935434425051954,21.97922061611878,18.813856000198435,10.575036693503469,13.6622463175709
3.731750000000001,3.926450000000001,3.926450000000001,4.104925000000001,3.73175,4.104925000000001,4.711740000000002,9.963385151442235,21.359785938696568,28.92235840633788,21.52448177857461,10.578226731053316,3.8232000000000004,3.4603499999999996,2.883625,4.764513553168372,7.058774145098135,15.608062861145935,14.26757738396318,15.993922466422442,13.10595430798286,17.66795314033707,19.715917933835733,2.25675
3.731750000000001,9.97986391379419,9.97986391379419,8.707520703050127,6.608372314406329,8.419858471609494,10.985278056113977,24.347375245125352,22.32553470927101,36.25163551525807,20.89517021385048,15.895552494450827,9.85223487152651,9.545011554703873,21.003962241432752,27.43571832511518,20.826231409251072,16.314392489537457,14.523062201996511,13.663318867748249,13.387086290549018,9.049142035249783,4.588787915283279,3.047485203205477
34.74195226626955,11.55897557211228,9.34025962952379,12.548296886113151,7.060347619659389,8.80123219151459,33.58019000158142,28.188735178257968,25.981146260030133,9.541068974692624,8.996874495221116,7.065116613911637,13.640906177292473,63.22776170776819,14.537875814673978,23.831126428158836,17.81598097688014,13.470246246172149,24.06633207688621,33.05612128865213,29.46874720583572,25.848244200116515,29.10619853003684,5.250624164414114
12.69747206449894,12.445424083159594,8.545627626406807,11.405176481469043,15.27381027555023,10.323169203075487,16.985227260546228,18.104757425117324,5.672354797874587,10.314289972460813,6.561505102467013,12.8810265177053,15.379905694323941,9.416333003922414,7.809610007964457,13.818516304485371,24.66845916222853,26.48723225152252,22.895983608495573,26.84451716345653,27.23342858660183,21.7338783590383,73.2208806827029,26.49664507345536
3.806385,13.163218701631484,13.163218701631484,13.761546824432918,9.693264875824475,11.953822805501089,47.677986853817686,32.049180498731694,13.857229861595352,5.736251732931795,14.994985888438205,36.35467166849951,21.533474472793344,15.888740857284136,9.304376950790047,10.76990621042576,20.168012965406625,21.48003095483809,18.980419569552897,30.78213628957896,25.016637180244523,28.955825960799302,31.501239220701667,9.328446524669582
10.960890890370228,6.313680036320184,9.38584360597912,6.1703831464212495,11.2541567719228,9.476240221744614,14.20959620246253,17.005248531743547,32.367269839744814,37.54216394619749,18.75753099282681,14.926308150577428,11.22949770270341,5.700166084229651,6.656862965688365,18.820434604559313,9.461474984102882,14.29065847832844,13.42358192792248,23.636046618037064,19.35004241762489,20.622745171687896,24.46153717122424,4.744370489859625
3.58248,9.00488894334191,7.577026140612297,5.93108220986552,7.653659065634016,9.414202077130176,12.14751473201029,26.860543208502293,47.40989700665483,7.247379532931204,8.037421536206,9.336398754178685,21.704067039415346,26.02176081635111,22.697971221895756,7.367636408188835,11.495859429024668,29.86618297023345,24.420724468729585,29.77456340812918,25.18792428479297,34.61059335842783,35.34064069731568,4.76527612292448
9.30823805257998,12.462590764583384,12.314329347402266,10.23906185783798,6.1188530046686855,13.029072162973536,19.941567317500056,18.73061058147149,5.107677874867096,16.65173047891076,21.253408132036093,19.32918902633759,18.487137049257132,28.92391635696905,77.71371955871194,26.6351960472649,18.661129824893408,42.91960474451541,19.82849348052931,24.48290102724948,29.779241539633016,23.811900731897715,8.426499742572672,11.762032458930053
17.24204889986413,37.81100451169513,10.946260096352065,12.35175108574881,29.24415613087457,6.034256522370303,12.898401989363204,14.760468459386727,30.632640014510464,15.322253551147451,11.895921935727252,54.22351662109083,74.55611840921904,17.858175413381378,13.031519158131031,9.666587806238205,15.477430929649334,21.610354366734583,17.05926750344526,15.900055333866447,16.219586038617187,17.955581204787343,4.830267203581787,4.5323455914441455
3.657115,16.4665377424782,10.110419757582958,10.09818293893398,13.016090371185632,11.045476830388486,21.52839858022999,70.32884645361052,24.987489409432445,7.990744979076379,8.167764187556612,11.408529255911397,8.54367754292079,12.268351120696996,6.980710037883012,15.77079039667841,32.075429562719336,42.12469232758284,35.81094609688103,27.481952893817283,25.142817619933265,33.55078882333321,25.559156044394072,9.464238447029167
10.662985501824672,19.46193075104793,12.722275005482365,12.75731293150937,7.282744922054329,9.75252739139858,15.26673000657884,15.848172776991191,10.831300243617168,9.611916995892324,11.355419013157812,12.921259420419991,7.557428921003529,9.622374623420109,7.816888737992488,8.865712624894368,56.64844859628105,38.21163042547101,20.932078748620054,26.08785002974666,32.26040841783642,29.56643563676948,28.100361313781868,40.66709257004154
10.263937112481402,15.685233405310292,12.56856730498716,7.798868103846536,15.113148775113014,15.34287324530253,8.801201075641666,26.98208357658605,53.410362306693294,113.94294273151372,79.63692514014602,46.70344961573,26.41651846192307,24.416936589003885,12.702785313890272,12.248735553140838,31.754616615325624,44.19017847043176,18.14805393903388,9.601607104683868,16.76965169451153,35.99378484357757,24.469835600376097,7.667986408397733
11.745805600345928,10.138746735645446,8.937746127371964,11.085442934128984,12.16776692768912,8.019975352356921,12.645602888526511,33.46731096543812,27.697395233377826,23.066539024737367,44.647522258700505,37.39512226759573,93.93675312402559,22.089723678801253,7.428390016467156,10.563360306696342,6.691532928317001,15.81559677498173,17.77235460134547,49.94747484626878,17.476982443182187,31.38437553423472,10.099665730583103,6.465249206103382
6.519562466091027,4.319095000000002,6.859713551278386,7.17151871270013,4.104925000000001,7.17151871270013,8.231656261534065,12.764376900000002,12.940675642516773,3.4761251250000003,19.948393967811416,26.69870870570886,87.87306001900005,38.48003339263053,27.34364813069267,70.45674474448731,55.3313474406689,29.49113852295827,25.4413932365103,21.44790715708007,22.083635046405465,31.46198434444072,39.44904536329705,17.86780864144969
2.910765,3.062631000000001,3.062631000000001,3.2018415000000005,2.910765,3.2018415000000005,3.6751572,8.213752012009136,57.29758721720889,30.26689052111896,56.28832667858352,19.24564417887561,13.491868620749425,9.261445692635814,3.993469618747446,7.825436055825485,12.442697967141187,15.45250820191279,17.589501370101278,16.500617287873276,10.840573478395235,21.70138650604725,18.91436354675582,4.7154914895894855
3.806385,7.44422680515376,4.004979000000001,7.782600750842566,7.07509159167506,4.1870235000000005,8.93307216618451,5.082991889601682,9.06427746,5.991316197859379,8.803348634847389,28.648874884516832,21.12191688794635,15.257433849021197,17.27315778196205,15.449470965580552,17.527325876141184,28.86876127150841,46.92041981043829,33.237682283849225,19.25453749048823,6.271307783846371,2.519243212006258,4.278612701684917
3.806385,4.004979000000001,10.028656801698396,4.1870235000000005,9.53136803467203,10.484504838139234,31.54659538329327,44.98473301018989,63.63158605609146,32.08647780081518,32.758689867820635,28.445026940609736,74.30027710772522,6.666469191725252,22.450407649005697,8.205264655935052,15.063543058831796,36.80197139714184,13.507883994757336,34.41659042219276,23.132930154184308,26.178732495052028,27.42092782387586,9.411580906588972
3.731750000000001,6.384818151286463,5.71435411002652,5.506804358998067,6.493027525299221,9.06867969666022,18.789775530079563,34.13169616834525,18.64188503336878,6.7574983861066045,12.737054712571142,28.070309637317006,23.225856859089227,39.036432241038135,18.563004040101866,20.391051641268767,24.203268351370895,16.708839597496418,14.185834806499726,3.2779360035199323,14.552934675290992,7.798941045578623,3.8606165952972,4.8257707441215
33.879505613088554,14.295702431422171,10.855595165223354,15.569523452856329,7.813438190119424,13.78245701125533,33.94632378814211,28.90568691212415,17.060702303891116,7.826421835643105,11.8714960856215,12.707039323921563,14.129649192676785,8.38308231077441,16.360292509028184,22.257432242384986,60.56437767258058,42.285033562258505,22.82665505051944,30.39578754883317,26.808232117162635,27.09095550285852,25.9633191008932,82.55803793806042
2.53759,9.407474710816691,2.669986,7.120410932846441,5.005477513477773,7.120410932846441,11.288969652980027,6.423517029815494,1.7191018800000002,7.571391507959884,6.079086013813562,8.469164561500602,10.405788297246922,11.536647912973098,9.839572222170471,14.105761642851885,14.154764408316948,10.360885478471143,15.374403151958756,9.529298717406018,2.476393072560144,2.4929655575137604,3.509609963155972,6.2026008668480594
8.393910652844667,8.5885910515235,7.411247055438888,12.34805712781364,9.769056910522574,10.271553521357305,28.037727432403024,93.08196993167212,38.09639504397914,55.97702451242498,36.931034135044285,29.626303075000106,15.46091441696443,11.79235081259859,7.772406584556976,10.777526897060524,7.460889662172065,15.893527704997014,21.03529194710684,30.28273362397453,23.8005780917298,27.00558214174599,38.436985572864586,6.573057744070077
9.515075360336036,8.939744788463198,5.468062286325156,16.260749502920138,9.439175360336035,7.5313536981848195,10.32996019893026,16.589958518593157,10.988817440676964,4.150760015136735,16.7245570524443,18.946963053677,13.340926504650504,72.89024753397412,7.293908232986936,8.125898788463198,79.35139582817035,21.37127507267249,55.386852742851126,22.598749950678343,18.19633343389216,18.209513652225475,31.638165865035173,16.10010739994282
3.731750000000001,17.236067962573685,13.402060534840247,10.370617736485272,14.17133296154556,12.291810156579634,28.103536739289225,11.768958141056508,16.369791978012056,12.211148151580709,11.437191361708196,16.148483940917043,8.869077670440248,11.534252986036305,10.584624979386927,12.56225080166877,36.80336905693704,24.895343140394807,21.53503591524816,26.181038749955786,24.99946075799969,26.758402829668977,25.748227715255613,29.59830721223626
4.498637179857016,11.62645115889632,5.697305369786071,12.49085051085433,10.213417031081168,8.637869236911312,13.088340492743711,7.061057242480967,6.761729963206655,9.61589028996761,10.449646425267211,3.90816,9.61897487509448,126.19438151967972,24.176683722625302,7.599952943899864,19.393632494234485,20.196387368413347,36.40621144696603,17.54971740414692,20.79730896372552,19.64441474700829,8.163294863285826,6.86705040661413
11.366706928182946,8.49059865814589,2.9055730000000004,8.876534960788883,8.069577237080802,3.0376445000000007,18.509281905789496,21.453816999346884,26.83915910324497,43.55712369376904,28.438016058958617,3.80217206832607,7.278573045872116,7.482698892565835,6.235582410471529,6.9468534475739085,3.69166755487569,2.846710658016222,10.065283303455956,17.9080601908543,4.174995057836753,19.39785084377716,18.412886234748825,16.131643377217834
3.806385,17.593388620198358,12.375580880930482,18.39308810293465,11.070642151282584,9.629156041278852,38.82501434423803,9.338667649437786,4.971677494059854,10.574911358930713,12.207408692075536,18.241079110348405,3.899664,15.504917243796143,5.8852756211648805,10.932592888456236,5.455294352427481,7.057766662492593,6.677781480659919,5.339520561913841,6.596551579260265,16.749498732081832,9.668368626653692,7.86083135474561
4.467308306539024,12.879907019483277,12.263029757820478,8.353597202221877,12.225433621950469,13.680329717615004,6.874216837320962,23.914908240153597,17.921831128515795,4.3597574961661065,11.08453220441348,13.567269141436366,7.980500307112393,8.995149371015668,5.125370505875773,23.77876426032505,17.268935092674692,13.71104597803097,22.700452953549835,20.803880288777336,22.74436015642765,20.882326375489235,8.759053727285544,16.964339710258233
4.03029,4.240566000000001,4.240566000000001,4.433319,4.03029,4.433319,5.088679200000001,2.89550052,11.364091968683434,24.13634800599192,22.754761040330884,27.541573415196048,15.779805057258926,57.233173491430385,3.435593537977281,3.469554000000001,2.5225951500000003,1.7981058229200009,9.8039079667104,14.663093660104089,11.37343911021005,13.866672050214294,9.346969112585152,14.989111960005587
2.9854,6.289162729529961,6.289162729529958,6.575033762690411,2.9854,3.28394,88.68112746020708,27.912408724328348,15.749236618712736,2.5280910000000003,8.591910967726337,8.299178551177421,13.701086991933026,32.68520268627175,27.415901927426027,46.724894656154106,57.74237880944196,22.983842195863044,46.16742961711419,23.236799047177897,25.53557287211219,21.54345086071186,23.69524720063244,3.6147328986404346
4.17956,7.383148133313216,7.383148133313216,7.718745775736542,7.931996079504478,14.68518033432847,8.660742817754976,4.475024131527268,11.91097609723364,5.675177196950294,67.35491549979173,25.38241080571396,64.4049162337836,25.849403613028233,19.37400900573949,22.320735478233708,28.754685211930568,14.038560943696442,17.847612419999443,20.89404100978622,17.78645328646977,18.33598852001837,25.80963785242307,40.23663701169429
21.72095528867466,25.689222478495047,11.68425729744668,3.612334,8.527528542227527,9.654945558186007,4.146331200000001,11.04081466654014,14.693184374521191,35.07452820057089,22.268352801335983,40.46274639481397,30.782481978432802,18.178697111450862,4.467048987399738,7.556044349884703,4.846296914628197,54.54806121755661,17.453733439542702,21.281582096617832,14.632284899970818,25.945449091312963,27.20624090006056,9.915301379449344
10.176094287180746,9.971013575754917,10.707020945642354,5.452880123206715,8.877446283720499,5.285601484405832,30.598744262163144,27.568457887016294,10.00896362982463,5.359021196098881,9.556679852308877,3.90816,10.425468929791501,9.436014702658508,6.998495452938727,16.419185821640575,21.240727576736045,12.785613447695091,9.9654102945426,10.207879920869903,11.274202281615114,14.869547456084376,15.679453958847567,18.91783526031224
11.969015135822431,6.821287373576051,12.59348549073491,10.385791258847902,11.969015135822438,9.874332599124005,8.457763270295318,26.24915333115541,63.29313917257832,98.03219168930453,11.04626144825473,20.793341438649524,64.92402474695446,7.630136626681746,5.946979734234061,16.396326867483108,28.99011704068518,16.041358540927497,15.25472417421074,30.135714258211294,26.109331884018435,22.009165606478945,23.667768143342126,6.936578706707721
3.657115,10.180633131548904,4.423622102868083,9.740585180757996,9.675808348166312,5.527499837041579,140.0032548319447,14.72466317165653,6.369584384302654,6.108620859281815,14.628494887451264,34.03116500154705,56.87184018072643,9.16462542800623,7.476760996310331,3.619327175073886,5.542473468555271,4.316842542917703,6.823564827879508,25.12840907795232,12.811841431425146,15.430259692657517,4.681102536820381,5.189603049020843
8.262974849842172,12.708239685601091,9.199765370481282,14.026465992721816,3.806385,13.779606309827056,53.76093080670613,16.90786643367431,84.74180998682642,44.37848822193813,88.02439007946184,9.538449444976834,8.005631798686132,11.823963068244833,9.853302556870696,62.56672839846545,40.42445404638671,45.43846650068311,46.49416334750105,28.04116145441937,28.33769213058584,27.137932433574896,23.060675984554138,5.287618714063245
3.060035,3.2196890000000007,3.2196890000000007,3.3660385,3.060035,3.3660385,3.863626800000001,2.19843558,8.9940051,15.697365763017986,7.087791838461415,3.33822,3.135024,2.837487,2.3645725,2.6342910000000006,15.308225264094428,10.659956931359996,23.52451593080764,33.1251836510692,26.165607654493723,24.703892847720425,22.408538586675512,24.76417922442917
3.88102,12.53148921292288,12.53148921292288,4.269122,9.271257893308784,12.75960604410304,12.537548664496294,11.76090142755112,27.4534384217064,103.52168428763784,36.91117385021453,46.540833420292536,9.33942913450993,10.38195663215747,14.545289699906016,20.481864284365518,27.67447000480436,21.991857075730927,23.93894667314504,34.06898348551766,22.717649575377603,52.76534740970984,31.589306640392,37.10114959131044
8.556298914031796,7.728320530104115,4.76095618355391,9.272778805434976,3.657115000000001,9.272778805434976,10.8032574114558,10.736683750237454,18.78105101349825,22.91241212397692,14.767842190275571,34.29533812050078,23.025668098360498,21.530671683969782,6.513935524479114,7.25695732599259,2.2890215250000003,9.874959887895017,22.376359185149123,26.410329541226616,18.705152396212007,26.838041255137,7.440503272044493,2.7363872880681743
5.986217856474239,9.851545609057569,11.9250985588405,7.06657416580861,9.582009453259522,5.240476865757358,13.597075608898937,8.142575561416544,5.452979177145129,5.1766122694808985,8.403450254466513,13.319620701527738,9.816825495197103,9.08818116829547,8.650652882490542,21.736109823096143,39.72018574898095,16.385589041898008,12.798619172775975,18.2498643386188,45.50382373734703,17.855262260561325,20.448959603350787,41.887569447702205
10.982730000000002,29.549474634272016,11.431390918804558,7.753752044404512,9.804634090007024,11.95099959693204,13.953342691051228,14.642485327457964,7.006621878596612,18.1392376765544,44.0485364065993,102.29472597377512,64.31466011849871,13.663856860951558,8.995361610138742,9.352956206294639,12.628848627298144,8.691410842131887,2.5323968935394205,6.903077404441966,8.375040153846442,15.752732006233908,13.33165050020552,5.929284647316501
6.503127661264312,4.319095000000002,6.842421278373756,6.713769939492285,4.371391962362701,4.515417500000001,8.210905534048507,8.162670935443616,20.570837539818083,64.28295599105618,41.66059809046567,6.574402734549896,44.4507118653178,43.17989502808386,5.025144101886059,5.598344682305799,23.753995344873875,30.469707119752407,39.074110072680256,31.45328273897378,15.956445019289278,14.152653502187745,35.8444894722287,3.36871728785855
31.5760501265901,51.45355314201169,11.358301566890898,8.773058824398108,17.835209720789972,12.494162327422275,16.15889330420953,25.788346452430417,51.33330471103557,9.618439841317231,10.666952817087791,5.670101630100597,9.761255707226628,10.532269069397286,5.416035897287799,7.793949037221927,52.55845372710783,22.864720362415248,21.766080072861214,19.665950790035414,16.77139486936615,16.596102973178763,10.065727802352283,4.384760919350305
8.740586565784156,6.849876798810187,11.175056982631828,12.377629989824126,8.502070538842055,8.704483174915746,25.41305896240466,22.72956242224025,11.600036734718826,7.912891536753195,7.207497856839357,11.448685233602356,9.846087549987521,10.434035198033559,6.9383974580157455,5.785548281791966,6.4458163603103324,31.057842765447877,31.858481872953853,18.90379464354477,3.2114708772240164,22.422515886084017,17.687764898032146,6.804805563934929
3.1703960126734625,9.001205289671036,8.61017481361518,17.843205705919107,7.833461901331271,11.418274501651306,12.181532152796638,11.81218490688,5.730488275772404,8.116027738696022,4.425938254694453,19.25234699159512,23.650537485718434,31.3825143641534,19.197490533570363,77.76022347307655,25.774467471001334,16.239923365574214,19.69337143536037,30.01984546871098,22.32225973704973,19.47069740056337,22.302607302464946,13.969910409521898
29.63179171810076,40.98188741354196,3.926450000000001,17.11176842329542,14.196710619195764,8.995425342292387,57.00648851851131,36.47053761572444,38.45517646994757,11.031613665085546,29.2155440270473,47.6654217857026,33.18159818664904,32.998122776626914,10.129215076655155,10.547132024220263,8.460406530125969,4.966025043522996,15.604250524310809,25.4614297316462,26.84194617356788,21.47011682994898,15.670498560626749,9.136040557922508
61.22461698293397,60.62806564518668,10.75066837776184,9.469053838428897,5.801264023611068,9.041408942518338,114.20198787690586,36.568785613358926,26.05890182059008,24.629238946653185,48.060173908941785,25.233484832603164,11.067526846585485,25.543807393494294,10.049475667903113,10.902401960404067,7.994413306512744,20.612086612126603,22.981445174087327,24.352710081890528,18.12363739259146,24.78858296720369,25.01512752664244,18.09674056864202
5.631802415689366,4.193008078027146,6.325472702244314,6.612994188709963,6.011812898827238,6.612994188709963,8.612775242693175,3.1360402480703047,4.158543251106824,4.23277970467554,13.21716968015306,9.69029331040106,10.854535951134284,4.1650967141829645,5.388173259903447,24.14987192334742,30.006735812913067,23.693367434761463,20.894740471737165,11.15999528312259,2.120283242044249,9.677489318946796,6.882250752044822,2.7163674222932377
6.949295911950917,10.448725079798756,12.812868854209675,5.304799963103692,12.39259395809017,13.97037663202652,80.39642998000059,29.92138257761963,16.182449909969645,66.68247444430025,42.8571246300677,13.854918973910596,57.35538884336764,21.097791448901138,9.813900939853339,10.065658319772927,33.75930988220733,20.220250471492555,20.675252047101647,28.27486554548206,23.169120741887685,26.69533369686802,24.28339501823929,15.113832015404
11.26788511812572,10.157435701726014,7.792733310313104,10.07164180559945,11.26788511812572,6.75635082433884,12.153034653794782,13.896713318848626,16.0049055618622,29.05333343084488,42.49319513589607,55.81729087414397,44.242163428304266,81.67583013487176,58.136923514130224,39.21171050418372,16.607440435787243,35.08343112669115,11.756305164009902,6.011201124320294,7.78527222488692,16.56334181823756,4.781993995914252,6.326110449216519
3.955655,10.374359445471468,4.162037,10.845921238447444,9.054800207871958,4.941647839858859,12.449231334565765,7.0837155155772935,20.050881936682103,44.58051126320609,9.259758843891888,10.756285525732997,4.052592000000001,9.14284269687305,4.508313025686035,6.6398179922702685,21.362063870248356,18.207115182110865,10.239661374227094,4.050218518318312,9.120041199972132,19.46993901540472,4.380662234954656,3.0413492723564874
4.09422867464697,7.752084003554573,9.444422981266706,9.873714934960644,6.707913356134197,54.22565140619001,113.18136001517269,18.8850973008452,10.507333808610802,15.897549534591672,27.27330575915238,20.297094752661888,11.735117970125343,15.31028243541053,7.518785442505349,27.092841276523043,57.1077829916162,34.36817299489008,34.2762380018182,31.19229156333629,23.55459546322508,27.66647100207569,2.397226317532427,3.934978993336386
28.407370403235404,22.22399118458197,38.030495232228645,30.27892793368017,12.299300424210552,6.133242438056155,12.302999480099198,43.65315924003618,44.72503742147872,5.14208778136859,11.55064735491078,12.981210231664978,20.451137991798735,75.8394814302007,7.238144506098,13.089406201744856,26.52677683000606,33.8552084088376,62.09529349063688,11.380250608198825,35.352849706976684,26.32461716459376,20.10720819190505,22.682803095807152
3.060035,3.2196890000000007,3.2196890000000007,3.3660385,3.060035,3.3660385,3.863626800000001,2.19843558,2.0730346200000005,15.173902124999998,7.092081230088934,4.171864558492112,26.053922107745244,30.98001041222959,37.25575293643148,18.74070791702079,27.851917410530948,29.259949980274524,26.77827128029884,23.346242049110227,20.21044208499828,22.7668671125918,21.053050020075133,12.16673446353085
12.706973736273511,8.565595882473477,12.213221637086704,16.409679925694594,14.917890841540538,5.086215256413496,16.681498237114287,8.71061080776972,38.41952573575458,90.48920500041318,16.020224266177575,32.842449453128175,41.187570694720854,39.68131029663654,17.044018001969683,28.812059171358925,12.15154185762381,2.9082150461423213,4.158080667734844,4.580738127797505,12.934743345019664,20.6384524483858,12.431607089503938,1.8505350000000005
2.3136849999999995,6.238015300975062,3.5531096767573715,7.223298148258097,6.991929648258096,7.691122613083907,8.828071173278921,3.953832014223818,4.275991407739322,5.92089315213856,6.566333930538039,7.627559616281559,7.1632733787687695,11.31326597928841,5.140860003028793,17.216250953517164,26.23125662750906,26.169826590070578,19.36817420984591,26.402187753290463,18.23196060009325,17.428893065360754,10.581787438075564,6.803515075397457
5.781697396576562,5.837296248899324,8.789955347578509,9.189498772468438,3.209305,9.189498772468438,17.255573676318498,7.470158930916769,14.322500722617262,7.074395129383759,3.0139560000000003,3.50106,19.503643877110118,34.94426335880762,3.925559507993439,5.37992265564746,5.228900747805388,9.485025631374205,13.4037626145106,16.82827579695817,23.85669555267728,24.98562264042474,34.19539613030631,15.72390657274189
3.88102,11.71116713427793,24.9683838523384,33.09701712125353,12.254233204408012,10.46252481829479,11.836047862915215,9.182088642795394,22.78511161662161,9.425465825256854,8.975409458661238,11.651928067847328,9.744471551929609,18.64886973937453,18.64997746597926,29.781061246799048,41.97402852737618,76.10508866140053,22.831570682001207,26.291183604389587,26.36778164525955,34.09187861937636,34.32264006007539,47.21393196415988
4.238967590901728,7.6352943972486065,5.912522514113004,3.4481370000000005,5.619339579528887,6.181273537481776,7.095027016935606,13.111896067869754,46.26791226924529,35.52414353349577,18.929288370767697,3.41964,3.2114879999999997,2.906694,6.579423974206782,2.698542000000001,2.5668096135626,2.167887556982031,7.616508837671316,17.376932486306362,16.125715895695933,27.45673492064288,32.31571314238636,26.92159253923265
3.209305,9.33803053281041,6.899323633024333,5.796508578589081,8.874987696472703,9.195918196472702,7.910052523125592,27.828172870141422,21.62221474099026,24.664583905255693,8.334771054078711,16.556599538995243,25.963610634459094,26.88013573776923,18.398379855433436,13.856340859962303,22.906083625552125,11.398072379081412,15.954891007695696,22.745409736292004,10.787707423350115,7.3701464475664595,15.3276797893444,14.178988765844297
4.819202513295212,17.44685641284368,8.787154981608229,11.290913932480432,14.225475523704976,18.23989534070021,13.106496663093267,7.448418989974898,21.558032265915816,25.54930778200472,17.617704439998107,12.720560802688013,64.60884285845178,21.025974133874353,31.62920310666627,19.643978290498858,4.280059816062159,7.138777505962588,5.533549687020267,8.669517291315206,10.869510514482077,12.519078187791614,14.14456836213244,6.793163446040857
9.056051549570164,7.805356897038677,14.745117713406728,12.86610718241252,15.688673534809322,12.625121760678525,14.67340643864478,8.403144469651563,17.08962551138766,15.455389867369238,13.16093151279278,16.8539214639648,14.38188440936569,7.258149009436919,9.963641900867321,13.505901564748891,9.220699590573172,4.348039811388191,4.07065590363107,6.444525103004909,2.977270468450712,4.556021425985219,7.300381896826487,6.183029486236443
5.732394971575383,10.603405276825637,7.24191482847241,7.571092775221155,6.522435265000365,9.999072840494724,8.690297794166892,14.26462564190428,5.12657811683746,8.698082234862694,20.302403695023056,25.579856920775136,17.134067496607347,18.045483089599504,14.213913181665225,8.092006036751888,14.684509070199288,14.102746766522502,12.781303489710297,13.01320887306755,18.020361425465,26.88814795270971,24.64704871045448,17.750417012931575
7.537943123223573,13.413477747507317,8.258168624912885,15.473191789003382,6.884265057312988,25.90646778091012,67.64479774292451,20.592033094809373,6.351189097102234,23.81439484032212,9.572546032440387,13.78345517147317,28.95255913641185,13.404041724623433,8.308015403380724,11.980115257028158,8.804374005561014,4.740202458714825,12.859107741333435,24.57790979648755,19.72447843736425,29.90030278076941,21.199529954949345,16.543054742165275
7.855887844795132,8.265760254088793,7.502700128531231,3.3231787844795124,7.855887844795132,8.641476629274646,3.2039832000000006,5.643943075973685,5.322006929037574,4.81011403394821,13.439554595706218,23.77308331803233,26.46966870579804,14.629439337227815,4.202461612269023,6.762894753345376,4.917071619219498,1.1321407033200002,3.137368356938314,3.227007452850838,2.7706629645689,1.8417078603806003,2.865012134179113,4.750793834994684
2.83613,8.868382891882398,8.8683828918824,9.27149120514978,2.8361300000000003,9.27149120514978,10.642059470258877,25.445943941787547,26.231061543172714,33.50031275497787,25.03889787784294,8.134512229190683,6.030839855698212,7.815637214258489,5.923738828443609,12.057625110736785,37.99845273495653,16.272196977164008,21.65841048385016,22.701622782099506,28.812299069622668,25.6992159239786,19.52144480350304,44.95347358043442
3.2839400000000003,5.818136245944102,3.849086040990685,6.494307481795457,4.531547567876821,6.082596984396106,6.981763495132921,3.9726811292553847,2.5627990471206568,16.428483305419608,7.679680346613933,6.470993218841902,5.665142430310709,5.127478449656221,4.27289870804685,4.760293292136083,3.4610479535179484,1.4651232631200002,2.2083433336154936,8.845373472074137,17.07312886447458,16.713225686590594,28.93660473284966,24.55437058207627
4.254195000000001,4.476153000000002,26.71301934513476,12.416949580130227,4.254195,33.93175065350612,7.881620045295871,13.88861581257359,36.99077129677675,17.612663257152622,3.995244000000001,4.64094,4.358447999999999,4.141217238552936,6.782215891454533,3.662307000000001,2.9445530787853142,15.303816720898588,9.577019110056405,3.4613109460943927,2.3963451282863844,16.562735519336716,15.921624862536811,12.454374964864698
4.17956,16.72591686280434,24.56177173001264,12.68310781179308,11.179856577351371,8.938250188177994,18.486450127253672,9.612239023381202,28.399087750442902,41.13935107339002,31.2199219619154,16.794009181772104,13.707292724964274,11.67130329350332,67.05792375920998,25.295621369418495,35.93915177101096,31.496252616808707,18.60500349279242,13.890423504822824,17.723691987631355,20.474768733706927,18.942213988285346,7.094540695376061
3.955655,7.856848085246156,4.162037,8.213977543666434,9.986257340336582,10.624102001666264,35.14294418090643,68.23219637329693,24.569099180555057,6.920483176741809,5.839955403769608,9.82543011701034,9.370734656931216,7.573014045376726,5.584612173950689,5.564608179689312,4.936599130960827,10.52678251253456,12.902130630620269,14.057040302081615,2.633596588682496,2.8191642240112507,10.2619713982974,5.869858844256853
6.663443934321004,7.011101878720361,2.5129280000000005,7.329788327753104,7.574243934321004,7.329788327753104,22.67011588610121,25.414789794959848,8.958449730401103,20.66531619616148,6.257842999188422,4.301356932623206,16.4005554767505,6.178829830006748,5.834785907638275,33.883345020313364,66.47386924846143,55.775522928055246,32.61024419672585,21.020417936093587,15.010009401358094,22.367696142715616,32.072432270264166,21.175260383343414
25.33086411432463,10.166968061966706,11.723204230482194,12.407718639758498,9.880131563498336,10.22432426797842,38.766702255393895,36.6974851869281,38.35009226156029,43.405939401379314,10.389068019990022,27.595343812265327,8.925936053997452,12.404572301027441,7.544390838856337,16.999037082814922,19.68603476134315,31.489023298882127,25.74431954015885,22.460315814248816,28.537581716581272,53.91259564896454,34.358677583780775,24.662914126544205
9.286134286689398,4.600518931770292,11.578848989725063,12.465730827929098,11.741752227675684,10.364813256196388,8.000694165488769,8.435683209135345,7.954503418239926,9.943129272799906,8.720891330108305,5.30592878413674,11.626315764920651,8.517094161536848,4.327913388669501,6.302114609229846,4.88882570291046,16.671987174331907,20.615980134157,20.364617178226407,18.027702372959176,5.231336715408797,4.492580382177006,3.832037964311864
3.507845,3.690863000000001,3.690863000000001,3.858629500000001,3.5078450000000005,3.858629500000001,4.620699600000001,17.473393450616076,2.3764055400000004,2.970506925,3.2943240000000005,3.82674,3.5938079999999997,3.252729,2.7106075,5.199975000000001,6.634084341310639,1.565018031060001,2.075289227307854,2.3091681841444154,8.71099347914397,10.277587441390253,35.412446073245945,2.1213450000000003
24.340995043565226,7.7012720896320594,7.167244128111208,6.190323379315397,6.304296356676784,8.237430565145328,5.182914000000001,17.956636165837875,34.025933310119534,35.36175729181497,76.86547044851991,95.71769994234025,21.290748768803564,11.01999099689913,4.300312002105271,25.479216380807543,42.99054832571867,51.59388990791785,17.423207665711953,26.67479067073825,37.59444566979949,28.230657952530343,39.4900703312896,25.53383343695709
3.507845,9.495993050129703,9.495993050129703,3.858629500000001,9.025117361693518,9.92762909786287,11.395191660155646,2.5201578600000003,5.944211269033644,14.47990249207033,14.792144625952808,13.899509106449838,3.669330524131279,8.368745189933989,6.973954324944991,9.87018314282253,17.02209783519511,16.101748661544,13.821066934771046,12.985045413747986,3.3131319178904013,2.728520027201894,8.819924336846162,5.457877297783036
3.1346700000000003,3.298218000000001,3.298218000000001,3.4481370000000005,3.1346700000000003,3.4481370000000005,12.378300000000005,16.595415389178296,50.91151110221224,25.28042254854967,24.49814816558568,15.85188674413752,11.756532490806844,12.230732816799698,48.69487380881284,40.73682843349937,44.671805658198586,38.25025386164571,37.30549883231751,28.542724529751048,22.56899496333858,29.983429138164645,44.19478584854405,59.03991934305724
3.2839400000000003,7.0808160128094935,3.455276000000001,7.694235692743554,6.994759720675957,4.29351840662454,23.088147983419752,28.248308452889148,4.738631767134294,2.8876618050882445,6.782431612256308,7.630646968010135,7.039258188293766,8.054445115840164,6.7735416023405115,6.021575759538433,2.0554479000000003,6.061272505656164,18.737280936702295,18.859465534765864,13.29433735911962,20.733978304371632,18.19823232635379,19.15850352553129
5.227989388287044,11.444450663896363,11.274568132685744,10.072396489604095,7.920866732499872,21.281235254674765,69.63393366199632,41.50000364055347,5.43496126227729,10.394077710593336,7.777823698572291,12.968464785100853,10.595137215636289,9.231176497384206,17.041181417580244,66.91374849092665,106.56129596551834,37.747855458393865,21.9219642767528,31.207895788448408,40.63513888553648,35.93498382621363,64.67411789634558,21.459622002636312
3.2839400000000003,6.1895302985306895,5.27811219902046,5.835641788199196,5.738240805154957,4.882795593256684,25.168048694540733,27.48492865284553,20.817284761095912,16.421826288662306,60.53103931439215,72.87733994917086,15.19432958971199,84.8268211321787,19.81997958734633,19.231497441071102,22.97460442307909,23.12495175602424,20.269867041728865,27.86876021904662,17.146522319341706,27.08338587210425,35.608893400653784,46.90226765576925
3.58248,7.954090065885053,12.149751692816317,17.669893571374953,3.5824800000000003,3.940728000000001,9.421123006811904,5.415226051396693,5.054917351851782,3.0337092,7.007446864570837,13.230281528200363,21.311116098855894,31.819246435812925,51.43522828111892,25.413071774332906,26.561814174599,10.876011590441726,13.905678932768549,12.764467217829882,8.85360988724983,15.685540004649704,16.470086992027554,4.0431928696274015
4.104925000000001,4.319095000000002,4.319095000000002,4.515417500000001,4.104925000000001,4.515417500000001,5.182914000000001,7.053066778296109,26.389950149282694,31.95717584456828,19.256375637473592,4.4781,4.20552,3.806385,7.5378513678393455,20.313156932930863,29.84966259838674,28.60481540571697,24.28460498884943,31.2710066923863,21.19473775541036,25.61592036639481,17.515990760663712,2.482425
3.657115,5.575095075825121,5.056942853077585,7.273054079052726,6.611867344593387,4.925667494181313,9.722543425584233,64.56980970315509,59.9400641718028,50.02557357316875,58.4319085210358,68.75727536036275,28.531008199942967,21.313688606039545,6.194001773432031,11.020861503890343,15.36285014145354,31.764601917941185,6.712185327680412,33.54287884613088,11.772016557825348,17.75223629697897,24.32507922258515,22.17355229343332
4.902789602547534,11.601777388297805,12.985639321918365,11.299844809247308,10.501560112058602,13.342442379377909,4.797634224322739,66.64770126054837,41.07802077653742,55.459926434853415,106.37288467318434,25.64787844774392,10.524325456546539,22.699699251462864,24.357880724838218,14.728380732247627,48.17660049356815,33.968388256766914,25.20546424003902,23.58302439799837,34.21320890022208,24.03762650286053,23.147235298724485,31.851291951727447
3.507845,8.553340499958173,3.690863000000001,8.942128704501725,7.919145962584144,3.858629500000001,10.264008599949808,2.5201578600000003,5.507168851731144,6.8839610646639295,7.634386561946137,6.452509577575163,6.295433373755548,7.8376917854990085,45.11674196198283,13.598875013843866,20.29799524154014,3.6268298520509408,2.5753913929339247,2.648974004160609,4.898057737042872,6.812627905411549,17.840563726260108,24.803782399624964
11.50337688836349,42.87911984417373,56.05158312667502,7.966523974707492,11.22358032330641,15.504271846917613,16.473810405397742,36.93816930313661,15.697374447787002,21.223370993864915,33.28145343588578,26.4523526139292,32.56411427603201,9.415568681070708,6.442076225017517,11.984326085198278,30.315155635917137,27.848934705863456,24.624840980179933,28.000334606354052,22.041762792343444,18.93286547189158,21.16979900829397,22.452382445557987
35.312990645522056,20.143158323819808,7.504005775319806,3.612334,7.131906315386591,8.414452908293882,9.816830104913349,11.07824255670865,20.83165288323829,84.26882032204763,13.77513366373826,8.834549014357762,18.375633484931903,30.857430965457326,21.037967976242008,24.68461508772933,27.476871260877672,15.632445293857788,10.913195696443085,25.92357956472905,13.357026998175089,14.223466731724066,22.36078678091131,21.72843696448216
3.657115,3.847921000000001,3.847921000000001,4.022826500000002,3.657115000000001,4.022826500000002,4.617505200000001,2.62739862,2.4775291800000003,3.096911475,3.434508,3.98958,3.746736,3.391143,2.8259525,9.851589928855912,2.2890215250000003,2.109452499660557,18.27803312637427,16.788967425108872,15.51475557270941,22.620164099876305,15.118868127725523,2.211615
2.462955,2.591457000000001,6.9448816467994,7.26055808529028,4.1179759401055565,5.212469671909654,10.37827397615928,11.874453423293934,10.035057866742411,2.0856750750000006,3.4787464012917404,5.620760757459848,2.5233119999999998,6.120470452062877,3.1820723173542933,4.318904091059729,6.7164543810116655,15.213402226243955,36.58710434267608,20.85214895979323,31.13217409570371,22.983457976676096,24.62512529860201,4.809456277488849
9.996364431133005,6.086447645835544,7.640939667162102,5.2804038838338725,9.055890701173537,12.061032981552646,34.263490069033715,7.1103829422391165,13.86982438048662,8.46510315236399,9.38789007445534,11.986935854871268,7.536738821626398,8.663684661635063,5.907449082356158,13.845766409230427,20.950360691956465,16.133103988375417,49.64849190101386,25.61779468687068,24.34627333246881,14.212924508624264,4.002618552703559,4.939223515183284
32.637129133520986,10.634654043711636,12.421647899131544,10.739013344340862,9.16461555054508,14.096942859165424,17.809929139647966,23.97397359599383,32.01669387197935,54.95452039610333,121.57618391435878,44.35961655602885,28.600482734828912,11.492283673564772,8.710770681543917,7.02801664281265,22.309368375192687,17.638248348286876,14.886145834670126,19.56861717493648,14.818271434761384,23.950731509194025,6.34809041868377,3.469669159320126
4.745697617170077,3.8741476867627545,5.615050090432393,5.870279639997502,3.209305,5.870279639997502,17.83243224643481,9.703391290903337,22.7015114405719,32.03429340474825,54.99540879765698,19.17618787221267,14.867643295279535,9.367651563506826,3.849778050274019,4.492390842606848,3.4881825692959403,1.43182500714,3.3741564472658974,9.71855325698422,11.553624751176518,12.9050679243662,43.78101373328636,3.227282734170383
8.85936345787358,8.070221896614,8.070221896614,10.869380344821412,10.041651007867744,10.586831612452922,15.135516317635764,6.364874859908826,7.146024722624449,8.32318169571743,7.203173263093484,14.747931993860195,7.385366916686683,9.35213254720213,7.807618822102275,8.112811904059981,12.825969004178036,13.29451782571473,14.7475691736334,11.29516366382962,16.63375380870753,17.95321706479224,14.771487101465054,18.17983394965697
3.43321,6.290918149609929,6.290918149609929,4.243253995765366,6.686127849273766,5.021125655374311,7.74345443262822,18.831813693428817,65.46261484962413,74.9550988740435,29.99621621353052,3.74532,6.1254920525127465,5.544137482714083,15.30692418493553,13.210922758590026,5.3416783008320055,31.930271647067773,36.1915658683285,20.172781014365555,13.7500050438069,16.01569254845275,29.43939663780396,8.581955005742124
16.68787794481869,26.171466360808296,10.133415109140415,7.368931648288765,12.67284548647034,10.594024886828617,20.37565762990946,22.731962332078844,24.642213437216583,36.92601642827103,35.18609047822916,23.65102169852758,19.387915124724028,10.646717352630231,14.399617888745842,15.034604691295772,23.18560951895552,14.284067140874177,4.198287643073546,14.627439124136584,12.283657169343202,24.5072617611266,5.526710753907824,11.713145125406898
3.955655,4.162037,4.162037,4.3512205,3.955655,35.74074833821261,34.000821921270585,6.602833636874744,2.67977646,3.349720575,3.714876,4.315259999999999,4.052592000000001,3.667970999999999,3.0566424999999997,19.64470680871236,48.22785806666965,17.341770713001033,16.380655912940796,6.218825588539612,1.395104796,1.7223516000000003,1.913724,7.5306824750319805
8.00926532188962,7.332865935623301,8.630477726605093,12.912419192329688,8.009265321889618,13.14122195842416,15.083837378365129,5.631286640686326,15.3263213209689,6.949100362962059,12.604485193281311,3.74532,8.616630338141652,8.277545992727106,7.710207330837739,9.776009303039213,7.477463899483499,4.309137302676635,6.995096554351131,4.907358200303484,2.599476946878601,5.201714017032001,14.607440733855189,22.97155776658572
4.254195000000001,18.108232007351734,13.199758906150722,15.347905026919095,13.767435892706455,20.088439345812635,73.3332503524828,44.05146442074415,26.298226724754205,13.180926484472144,6.014495892702338,19.311423632628664,115.90726143390036,15.891737360972444,9.205137275456837,33.331180192975225,53.29063251867209,47.82238616740875,48.41754972761089,35.930739672787965,35.10716055712827,36.39425736679491,29.87447293244385,10.875780294205644
6.285221924616884,8.52767774948359,11.999664296254403,9.473452964973667,8.13782607437979,9.433842910666147,10.282467540823577,9.90405396396422,13.86022006591085,16.78648101349994,20.259326793056964,39.519142625069605,12.231640401535604,12.200992735081277,3.2175651415338815,9.04469587186365,22.513728455069376,3.530872180450785,3.236782280996138,4.684748277881164,5.257657282113083,17.207237309744407,5.5175015396752,5.208186502482828
3.88102,9.257383961604155,9.257383961604155,5.006720019319602,7.904281923561456,7.46538008371827,8.568958009137495,5.357549809272639,5.960475512708884,6.504213461139265,8.272547273749465,17.120757515698248,18.369253472446683,25.780523646811172,20.00160476056948,21.869203855374675,28.71705871176869,18.184618409030872,21.59192261376277,30.5863784806832,18.36459719794657,28.94823002268283,18.75802818747134,5.320735334806293
6.921564588879124,11.53604996707399,13.03179096824086,13.439303746966656,4.41697513039655,12.723855315987386,15.431137526936572,10.200254788732362,6.956648804883035,7.730469080000362,15.8262503703473,69.67549564522228,14.856312358336107,8.953193705650943,9.676257847097968,9.361159083497729,11.12405808808395,19.19073109715709,22.679083850079525,28.75546210308333,22.74790283931793,27.540508693649297,19.31420379101833,4.725141624917208
3.88102,9.877001663121328,12.208405577257327,14.65907062963719,12.319174116801316,27.196050334213204,31.955323583801945,15.616723843468222,5.988142966700431,19.45152958772396,26.340027484754383,9.8740508215762,26.09574609032786,25.426741607988177,7.4440161497101425,17.04264594751314,27.114973860494374,13.675809426799155,6.943395986056573,14.738132413860756,9.354510524474431,17.12860188399229,14.565286869235692,7.08445750043681
9.27551921576165,7.053224956737754,10.691236189824556,11.804278827477049,5.519231516596498,12.562546739245189,14.752933685845242,2.6810190000000005,53.14479098215855,9.894635228912827,10.47741623255246,10.442807960462067,8.184408943190101,10.83470524260986,8.384344367402207,53.25961842617746,21.707132267981827,20.317852396005705,24.734173377474846,25.6742171081048,4.231330542586477,23.74844776128696,57.77244588941018,35.527235426772606
3.806385,11.059307554612673,11.6540544856862,8.199370960929928,11.206900191951773,10.490181750513347,18.04085680232078,25.427963481276,51.82840045877904,46.51906482274632,41.438689955407696,118.89563680327574,28.52374251357137,33.45164233554297,18.451141515973976,19.528483770781104,13.974070781170134,17.16758161382881,20.91719262960035,4.775058703089358,4.099797876389853,2.748314347089817,18.04680225957416,26.306062468607475
2.9854,11.136792222268314,9.499902369700957,7.731481052210448,10.584554591412038,11.643010050553237,7.190737508467921,6.522771138057111,4.445952170031672,17.993532420777367,23.12876045539485,27.933603167268533,20.938004097539856,11.575153429849388,21.09609746380691,15.604220908809552,16.797210775430127,24.837434075129558,33.429800057280715,23.00577601795377,16.300904526021114,5.3067104276672685,1.7668841053250703,4.224630789938028
3.731750000000001,15.379839077061074,18.19739139673873,14.45084418845569,13.550174046174252,10.535884167821958,25.486949054014424,20.85453617062024,32.764896303770826,20.20892781076442,13.571382335829508,7.525541168174477,14.834355562270767,14.064804464197804,6.578864478107833,8.423323531123788,13.853504180401572,14.980492062916216,11.714008214050564,21.240873258867826,24.404736181688666,20.574936049425364,33.32555196382992,36.40226726079914
13.464006949996104,10.830005807098276,13.612773155337369,16.684017024742577,10.31075846037576,14.261234644054904,18.88669128391307,11.07943722857884,5.316528464996993,10.271461158868158,9.480698372204694,10.268553524848132,16.567175156282072,11.303888875169209,20.17074026510976,33.49114287483811,31.620110349069154,26.11115077970985,18.196320092876665,21.54432268942585,14.43955777425888,25.26300596789699,19.74210074796109,6.223114194410025
9.874390027085894,10.86239929826512,11.939531214381589,11.795620099619487,14.662099584632973,19.473914565941826,10.183394457357034,12.034367496552784,17.940049796840167,35.19366136477237,70.11728266440063,23.73357327154041,77.9488083683731,105.76865054081037,30.668985256855127,56.48953871568616,99.35940860186936,30.94751428901421,28.99218611203027,39.577461963655175,32.039328913024505,34.07012430469427,39.320687880280126,35.387206326910544
3.58248,10.51640595957789,22.60521713352857,18.87112493794608,7.063679825471717,36.23443154620125,20.2166670864562,14.99192729626941,15.721497635849657,8.463889537226763,3.3644160000000003,6.451942327496067,7.552305030222261,9.268027190522055,27.37310484678165,4.840502047328128,14.865559163100478,29.91852356509119,54.28599917400699,19.237868653267352,16.643917272282376,18.472665242413846,9.50251150854896,11.796569606295602
17.17918037008208,44.13249509012692,3.612334000000001,3.7765310000000007,3.4332100000000003,3.7765310000000007,10.252920777265778,14.5047104004434,9.522572881477544,2.90730465,3.224232,3.74532,3.517344,3.183522,2.6529350000000003,7.3516347004503695,33.36253686424215,47.32467215641657,21.154727184244653,35.51437606673268,35.36857601078744,22.80419116364671,37.16856679964401,5.798919663605582
13.836831631306518,33.00382032163885,41.08639482636743,14.478833787369089,21.001256751787075,27.167845633705063,13.070095508346796,18.262102120212827,6.682120255006192,11.146308820606862,14.412907387017157,6.697802071708987,16.99222829793948,7.751991705678908,13.048654577584996,14.216488118900042,23.56099890124993,45.38064018776646,47.55428057190191,42.77179991034801,26.4902265696248,50.20264853715316,29.31618384334797,18.2310891572468
16.748210735998715,45.9934596504644,43.64167596558895,8.581329749098323,9.752133429768753,3.437370173582473,15.51804042441148,5.961992488211132,6.97589435783515,5.41571115799234,6.257749273579591,3.01254,10.54955668481686,6.188681486175771,7.526214403112117,13.36871945147211,26.1214813515464,15.65091528499008,2.815437641334868,2.756735092214341,2.0763565547957947,4.483561591047166,4.981735101163518,7.275138077247472
3.358575,15.137154629126345,6.411605580295895,16.028821114732924,11.051134068565313,8.841435668004564,17.275346865595285,7.87258950589659,5.540476855694961,10.41743222139432,9.76850411359946,28.221225300752216,91.85482355688087,24.357120095523367,9.470100595025647,9.43216244154594,12.544197174739065,19.69395742412468,16.867942508539155,9.271500179808005,4.009335082200178,13.25602691365032,20.364140942296302,25.978788123280168
21.954201676397545,48.21464274778316,3.847921000000001,9.562952074974516,8.693592795431378,9.31112818520295,26.96872368642921,26.18519588576851,29.037533819678824,12.171295987019697,16.63368303907831,10.047225399920393,37.918871545116986,14.881818981775885,5.302567614282371,5.907412922714584,5.441398763322277,1.6316145430200002,1.460524527,3.5711162502777576,3.06610991185464,1.5923628000000003,2.2123138341076545,4.565168493696914
3.955655,12.029614128972923,7.883928428279241,4.3512205,11.433104337453605,8.242288811382842,6.2705214611243125,18.571600235122958,45.69514826913974,9.56195146747879,8.62645283473178,22.72433621314264,12.034911691961076,6.956175653810908,4.578959469356902,61.03279358938818,57.2356020172343,26.421132553643925,25.87683298114693,13.315520225453607,6.390315002851065,20.558424129547827,7.823532984757134,5.080508962632638
6.522592138881577,8.683107887271259,7.37848617627927,10.33550924660818,5.542554759254385,10.87452980540314,12.894536899888442,27.45554845546557,9.44696650780903,8.648228331193959,9.590977859421152,4.4427258434330135,9.793515533599443,9.46987965412543,5.04018483459031,8.791729704469393,23.23548406386286,28.59750294925028,19.60957687935785,21.643961871282286,15.803469495347292,21.22608612762126,10.028262092657313,5.32516517325228
3.43321,6.094702533304815,6.24072421173451,4.234508082347679,5.376143076626518,6.524393494086078,9.819183854081412,17.588969066697352,15.538335817037348,23.84220183278164,52.99703163314295,6.470472886696935,6.076618015332775,12.483685217970114,4.5832516280769955,27.743466938934567,32.01239000790336,17.44801857052516,15.719593490097497,13.523082157142976,11.51166277708967,15.414047744586885,19.305398136605376,19.79895944577401
9.074335824612906,4.083508000000001,9.54777943285358,10.253800235982492,9.3216365781659,9.437707749257608,5.524697763754695,12.232099917246334,24.69685840221249,33.99428130953286,33.10364529684227,10.16905808527189,19.68281705319706,29.705028116962495,17.309531472171322,10.339296565846018,27.176724857226407,37.26071308253821,48.237386568274445,28.722266849793748,22.594519794403592,21.393509567234734,27.832850338797808,116.43350662040098
19.711647163892504,55.46062126661099,36.50198261513682,7.805614113664545,5.023101987615262,9.230740318219397,11.249603353090926,7.164360003852969,32.56857432559285,59.35098156751289,75.51312789661776,16.459798299400568,26.79478522499737,28.192454805088836,13.507850035453801,7.000994408328333,2.333096610317691,6.740282519954442,10.843187937733934,23.329245827816425,13.477586271606503,45.38027686008969,23.141502689298783,22.610825318806288
7.580960062728488,7.932277422469468,10.488077638025256,7.995949603502005,6.459356320569548,9.480379021627837,6.451772648296421,7.161363425236745,5.290132533458382,5.012794258411487,9.36125937939444,13.600359667995722,27.960095359946543,20.938148259347255,17.113428885973516,96.72210931275907,8.651705894882788,15.63697225296087,10.23862647564625,12.58600603772672,12.05903170123055,13.2552610139022,12.618328069311382,3.7430331604642624
6.578242278693696,10.041362261541426,11.64064792582286,13.047990568138497,11.861809607398632,11.584698704500434,7.345890803480987,10.396468047422635,19.795898397396744,28.57490452947608,36.81482098548774,52.01371874664884,42.67582419975012,31.366222489315867,10.5826763525001,8.051951651151686,7.424414467903596,5.292122632721685,5.851508732570312,6.185085406999663,12.194576817434289,13.352694646289631,19.85539894675505,6.653150764956447
7.296369130524394,8.633071469836988,7.130030936348708,12.742721956982091,11.064399240947768,4.308767895969775,14.626428681057709,27.21852025722576,33.54010113221317,19.478585552257588,7.950493090702537,7.178944629650438,20.147021469376412,12.50302403805276,9.008066452973528,21.03229645873877,31.989994955456908,17.31689337485068,16.368107848576468,17.909059478259852,18.323827938827137,21.879067216934853,5.4786559132874855,4.0975001723150415
4.269282037364868,10.46407953105914,11.85817976498467,11.522706880294322,4.359013559102356,10.996170112215369,42.29924326884459,36.41467011869918,7.635028471071797,9.543785588839746,5.975414290273085,80.7774806755853,19.3863843120315,20.670277777595526,17.99732316934837,21.965467731047326,24.49136013684563,23.67578165042269,25.850112818414388,27.0723182943532,16.82979964454411,30.363107592231994,22.91998912187661,5.854037194192063
6.56804726731071,10.602476128720118,9.013123497400448,14.18470792314225,12.698416417978828,8.593554148415988,4.961572312888111,7.162339342066977,8.636452100167519,10.177075694683982,2.4723502805292945,13.423495867483275,10.323673225260158,11.957357092235611,5.884742679580895,7.6410738733027745,25.63839443704413,31.44664394906475,29.71425471052857,25.018790823872187,19.14328670229369,19.019840738884422,22.80514893416846,4.528025689814115
29.3124102272729,9.650081340454827,4.162037,10.088721401384593,9.171564910349629,6.041591552491688,59.187100577209456,30.191970780480133,35.83106420460487,50.07748334276262,53.741176488321656,38.018648945070815,112.47733157899164,20.210641820405545,30.993296259155933,28.264378447781997,8.634158062622687,13.095252800149238,30.59731750681963,35.8778635425967,22.44315288973308,49.3702931637219,28.822246871254382,38.22597241424339
8.343677239562021,12.816017199148009,3.7693920000000007,39.863054652961296,8.343677239562021,3.940728000000001,16.29774075881335,25.765048924711238,20.09697980569798,49.55519035352376,37.84630586722944,13.523923931356382,12.70072856162165,9.689228289620718,5.202357781649664,9.276411102165314,8.810979510809817,21.795916476930664,23.696526553752506,34.12430547082049,25.09460878529584,34.922691168061455,4.538395040692714,7.374398994809272
8.755880357827941,13.302383517270556,13.517629549851302,4.433319,12.84733386969338,17.408236440611617,55.01578728559426,48.00246559362936,41.87531576361189,52.209826537913074,12.768646850837554,21.33759826326547,37.17014160584669,11.514626764708702,18.543102277403662,22.211299642916853,28.842350489268284,32.97531439596709,5.130778283768766,4.130324358343583,6.232645964612795,23.774725942538097,48.08768713572486,32.958359381832985
5.073551040826934,10.959675478772162,10.50226584269145,11.68544865030682,12.120301685870198,11.457842545989076,7.793997591110993,23.426414251260987,43.15315235802258,42.982216361320056,43.04786969447189,31.10468945540181,23.84854101198488,11.042921612026902,8.379440920388506,8.967007209904496,14.629471197771606,18.53997736288098,20.40852951910404,18.891018698811337,16.06159035920577,13.182943616503437,7.851933294208312,7.734208882416676
3.060035,7.136696083670627,7.136696083670627,5.413564930100554,4.655510140338094,7.461091360201108,3.863626800000001,7.059627783081544,19.87757002729079,9.609858134113496,4.122404718525465,5.6589111132190455,3.135024,6.289515030913329,5.241262525761107,4.313461392018868,14.407760811081046,18.53166374973849,23.08937405268369,25.54399730448413,21.09036477657827,15.988238730913444,2.509604058905838,4.10185762885652
32.872260177372816,44.15491893918676,9.78295146389772,10.22763107589307,8.791837666027329,4.383229821631503,17.683719475802288,28.570824334419388,23.581430613604173,8.783709624773993,9.68501897903548,11.73549294730008,9.525698795801233,90.59735273055703,7.184699516123229,10.620139459363722,24.93231900166056,22.61452802342804,24.519081068456632,23.126914929560453,26.08988176880172,33.42558160083183,36.41920035497395,44.744132941211085
3.88102,6.8315915831275005,6.8315915831275005,6.024842066998125,4.751624991899896,7.142118473269658,7.098676466501999,27.508863766254454,41.44333052479882,38.15810285433394,58.78418555454202,43.13554613910524,45.30423131986799,17.358152150409744,17.904178320339714,26.382372485451373,27.679888198108657,26.68975507142316,22.81867374148181,25.863763212513877,6.6184358146611535,24.29039963646355,33.77924434678742,45.55126406157562
14.621084739021828,8.527270972064745,8.527270972064745,8.914874198067686,4.17956,8.914874198067686,10.232725166477694,60.14982870073408,35.89938059672271,41.05049846618368,10.459415112447838,8.198945919032264,4.684089370082337,69.3969673138912,16.7216042481962,6.976858068052972,18.43911614766841,25.790834094433663,38.85596883146701,24.199010296057857,41.60811956090492,37.12783165584472,40.49916515399485,52.16853382097564
21.775752329781003,14.35335990254829,6.642478142126034,29.62403408655171,25.825298485181804,8.782665944613539,8.498473598976446,22.59921428879736,28.360532979195256,64.11286840044565,80.10927082384839,35.65084731959956,104.58977534786013,15.128399770196458,6.169641366050833,13.772802920727877,10.732650719036904,15.41544262429059,16.914995455088167,17.531214665952792,21.32011825327363,10.630315623011724,3.660609587131253,4.828414982126739
4.021515227394266,6.596540023913089,6.44871461074173,7.0509275024064655,6.409934093096786,4.269122,11.072016524501333,29.69730051086584,33.714449060176875,21.48432490496682,14.180076257526691,10.824691307666464,3.9761279999999997,3.5987639999999996,2.99897,12.152300548895859,27.316322395237695,2.8597792757669454,10.937786296817142,18.394934414074772,14.368434226950487,35.842914159902946,28.22624994612673,29.90380268155442
6.570216901280733,7.914236401243638,10.743739227808586,10.831605768942593,4.21245857418902,6.898558970141161,11.760685942744324,9.221556906210646,50.63933271712517,21.90983971707342,32.65487995632986,9.097223227970384,5.740809452548565,9.130775111009456,7.890311867154686,6.4752843282902495,6.049333493699425,38.07756749558126,47.02934357760533,39.57405867328004,13.765001435253268,23.27916818003304,24.98522718879967,7.450440013355853
3.791205,14.284540621302432,18.129208020447475,5.422135250847522,4.121173545762735,9.570075553220589,12.00502110688906,11.761770880786374,15.039325059271604,30.27710993024352,16.178493078383667,7.727986960863031,5.877850925876696,8.816610166779903,12.133385509161789,27.95812897874199,32.40341504869264,33.277792326622674,18.529645310742087,20.782261654964724,11.605174109329532,19.72880422487041,16.881814809238783,19.91278587297173
9.098741616060993,6.830124939529885,9.573458569942437,12.962060716077175,9.31245660902944,6.648344340985618,8.384485546696792,6.536852454947471,4.498708003886937,10.423793138194592,13.916239006152056,22.89739813880405,21.428263024922952,24.38442063263301,20.918038939161022,7.832829739043812,3.3538180618160305,5.248834846063219,10.558230401064014,19.80233698937173,15.979283703203691,14.992857179356072,3.212687925481115,5.50240105635309
12.524393819132786,12.969398805717349,5.679861410923388,14.878494891269192,14.980401876210076,10.097578718707297,18.914385673266988,8.997960150754354,5.4106687654181895,7.869783114251375,11.389945232166124,8.49671684352663,12.646174865944127,14.327805682042664,8.241786669254736,11.17665166502479,14.770161553025664,9.25049918616306,29.1234635592794,4.405477788721387,5.523991632237915,5.616119753961832,2.9183531149701487,8.018355906036794
3.955655,4.829488878726979,7.863553128075032,10.19131253256281,11.632355624968312,8.48117335058451,15.029170563759996,14.951500022587709,9.156043289580625,5.010414878741451,10.463867252556105,12.68984249996543,11.415127911879384,8.150050793690134,6.869855668056548,25.02053549208739,21.38971382788609,46.27468634521174,22.496265737632765,19.81745248959553,16.654722069351497,9.318610363547956,1.9751034965861625,7.034586603241706
9.301512806303023,9.68032912663188,9.68032912663188,10.120344086933327,7.484063049752061,10.55432673312954,48.25410237936167,17.556550994770017,29.423074239661663,24.690341968157817,8.640293765919361,10.133304879603296,9.796535056429894,7.0054992119637545,14.800362658898395,83.1878734786201,16.13378237517928,3.912483122372648,16.150583938822766,18.348742163248524,15.498897196323512,16.418674438500016,14.36376403004998,5.5638255310844364
11.69412811979228,9.622628917972706,16.30565315359325,12.391906898044647,11.017252193375326,6.452557882654306,31.254279778139573,9.341228351488027,5.605571823298215,82.7214623542016,30.800954902587787,31.572856021472106,29.17901581805626,75.47738847146235,18.900191244901183,23.577731984967258,21.996789284282112,16.61824226688181,39.43568876977788,14.93303909888827,25.318359813483656,28.39736149671572,38.06083749339666,7.862986827851874
5.219386461450791,9.593720253448751,11.607329121481785,7.388064852623261,10.52142295055696,10.029798446787328,4.334800800000001,12.084254299238482,16.22233729549824,13.580174632218668,17.055122170006555,76.09233967904343,80.10765247500312,5.313015495599772,8.524541109127302,9.28943465179675,6.863488080809962,26.177941295066763,19.78673161341881,25.71583967629068,22.487465761706275,20.43933277959598,20.707770955829947,6.671379998447454
20.723995743036017,3.266676298681734,7.1435369736346646,7.894883369679864,7.177166699708966,5.3350423498544846,28.30278386899353,26.927688031851275,2.7601727684189568,49.45815460411448,6.740295683204943,7.829636399682507,5.962291797425165,5.036779055295077,4.34716883167507,6.178604376271197,4.492253884317839,5.415653042546367,15.7919465530814,16.34664578252177,23.082983410263207,19.28765434542394,42.28445628929963,41.05071964136224
5.798974037775839,14.049762944497337,14.551002533244006,8.241830000047617,14.661681153385016,8.928408147114844,18.511966117143515,10.678872912110172,9.702534780846957,24.44796612715798,30.902489589369583,38.119682284701206,28.94589669010987,72.0659895198376,23.657301845598024,28.926167175577536,19.09121748149336,25.33688375641956,20.26053159118454,24.30737958859473,17.83985694051489,27.114644292607977,21.55666226362092,28.97133573160986
21.88467106293632,8.259629590231299,3.3757257812397814,6.302367019694052,3.060035,3.3660385,24.96452808341053,92.9785308064195,4.9293671429202135,4.851780891607442,5.102131983325128,5.279594227896892,5.193836317846551,29.409678064094052,27.086766967845733,4.932287232804041,2.193769590813961,2.2915173512235585,8.308705914405763,14.239175998205736,8.777835657345808,12.092083056631278,17.854908761145346,14.608477377577486
3.43321,3.612334000000001,3.612334000000001,3.860021000000001,3.4332100000000003,3.7765310000000007,9.695004000000004,2.4665374800000004,2.32584372,2.90730465,3.224232,3.74532,3.517344,5.662356831213669,17.019534007532123,25.83988944296278,25.97119900199541,23.419842178722487,7.104712216965361,3.5883404253998927,5.014927331816902,13.56288610849684,1.660968,2.07621
17.441292753790634,2.984102,9.107899218583478,9.52189463761,4.687992043936776,7.193839496660909,130.43922964728904,30.737721729927827,12.59077732326157,7.33028500407745,8.129364591793518,9.44320129349752,6.158049674455646,4.837670358875274,6.688934249560742,3.5802606232903167,4.424524780650329,3.8619765898003857,7.79404071628542,13.444911799880222,14.99157635387489,17.52266134109168,20.442644643472043,1.7151300000000005
5.632827462528873,6.671997816997029,9.156276831161218,9.572471232577634,3.5078450000000005,9.572471232577636,6.515829971897921,5.022199147688788,6.349575897947812,7.369220622434764,8.1725446096315,3.82674,9.051583210507088,9.396912979823295,17.78225113862941,12.59835723592698,21.09261278491529,9.731370569578546,11.809875078242456,15.432841976058567,10.457772599665937,17.159555052305304,17.053853873242343,6.975168645607661
4.376639972782059,7.134349299662727,8.514001787036246,8.901001868265164,8.091819880241058,7.218243910180795,5.8019141848482265,5.813444856569706,3.2610764687309706,5.371791071827422,7.599274322313342,17.61442295441194,4.216903234051804,7.098031535409817,14.6351942467919,19.896095150663374,27.761141869309355,24.579429392412745,32.747249165046334,41.67986527237144,17.3375500357841,17.568847483318397,12.254430957989795,7.810820379021933
21.415185,3.2196890000000007,3.2196890000000007,3.3660385,3.060035,3.3660385,3.863626800000001,23.67414359593602,43.05981708,78.07015026660017,2.873772,3.33822,3.135024,2.837487,2.3645725,2.6342910000000006,3.3498013804293327,19.04653582374269,33.89732974821971,33.358177610968724,30.85599359695188,30.8176142162495,21.47446189048065,1.8505350000000005
12.184959100008824,12.820696096531028,12.820696096531028,8.93185186781587,8.386715035720774,11.575550054071083,10.551943577696605,5.927463977950287,7.61548168869207,10.31844491059838,12.409180624676328,27.23201699261424,57.36251184973797,10.233982734050453,5.54638073010604,15.248310306045338,25.47922745380372,13.405805707150549,13.688831832756367,9.571169639299754,14.804370216544273,25.84036948717359,37.69903846822972,46.86078402313012
6.785417940792756,16.742421924048834,7.051841440297183,9.678816272182251,12.999428321316842,11.726539932776255,12.719420280608452,17.455597745675718,18.59063519811374,12.498760403617606,20.04022970741832,25.04393509588845,24.126851836662215,36.61945384031086,25.53267502429812,33.367187281944204,27.426841143694983,22.75023970320993,26.330306056689476,21.60603267867389,20.67191879623993,26.461218514270275,49.33119981768362,43.42503050768102
9.407961086320972,9.898811229955111,4.004979000000001,10.34875719495307,3.806385,7.547969151792584,7.699310621977963,15.091655475034356,54.53654382774815,63.46124685060295,14.63074824563413,19.29850725492972,20.785888099422124,18.986398175762375,14.39570039637506,33.85296255883348,42.96642914794565,29.80051290953999,10.772415651530425,14.6628413880092,16.954105558425642,21.09310532750345,27.16282097352185,21.21396725025292
6.8031469947206045,7.849636710321258,9.322969941486186,9.54577055851422,9.074039600418711,9.72787139167653,9.77520130359067,26.059330225120934,22.10731404512059,5.956237225919678,10.037126198659964,8.39009310521283,10.477253688880749,11.62887534315163,8.258662339385618,14.548210644007764,5.10238523846763,15.226585619825329,19.57782137417112,19.614200966973677,21.09826276978661,28.431404067538903,40.56273402287913,4.511624405256018
5.04959316943958,6.206728606382341,6.355675006718252,5.087402412602723,6.465199453623873,3.685952191260272,24.290520954473067,28.503017507917217,28.535669710194025,36.8954492011402,14.31636388071145,13.125041826342768,5.8984866559249935,5.3386765797839635,2.4799175,3.925830719127394,23.90693965303675,20.00762733584158,18.088223014176677,16.882723872685666,12.905890693826004,16.815725276562855,16.872269587395472,17.17320024685426
7.301467690137891,7.682413830492915,7.682413830492915,6.542335248448595,26.54140779911001,5.904072729575842,8.974691806761921,29.80204307625852,25.477838176061592,50.06002491216117,43.72386099166862,105.42387217203162,50.55679751627476,71.49940878878665,3.6961425537582846,26.6309475954164,56.487640233826205,14.222261620577807,35.860516454241214,2.999265152243148,2.5751266458653284,2.4212348242295447,2.9709771655771324,3.596756352902029
7.318144466025817,2.984102,7.699960699035862,3.1197430000000006,7.318144466025817,3.1197430000000006,12.06699683884303,18.844468528548283,17.044838420073926,7.212809648940015,4.92622180946501,6.272115712272851,2.9056319999999998,6.82164167432789,11.337482051791254,15.292326720444972,52.17787279432218,40.78842309795787,26.45887939447584,32.24893870359464,26.125139709558123,55.96189124242977,31.95064014803977,36.426429985542725
9.196096380084578,10.576091563825583,10.269491792740096,12.819817610880447,13.873780227659394,9.480197279089774,70.49199458595987,22.58831767136042,21.167955551040397,33.27104949952886,37.61363218739622,30.59072680495416,11.441684035794344,12.86477802928416,11.970865036950658,20.88303057495629,52.23930088739632,43.23566923317328,26.707030225482853,30.447341420875837,20.86740879242149,34.42571964132275,21.05425062317755,8.39007262779402
9.034905762971224,6.205504260241804,7.855898205423156,10.51353362319518,9.658957839268348,22.15309896768468,7.446605112290163,5.364085204397199,5.41232094550266,7.458584111110698,6.520849786439437,10.426644915565468,3.899664,8.862648178230648,5.16341882426277,5.52733819797457,5.982287520305688,24.173711351465247,25.751468243263652,22.432992437467508,16.138539724697694,20.89763235249776,26.45390195871669,12.834742037036277
6.469316523385402,9.936427999186078,12.581237080313326,10.3880838173309,10.17179043620883,7.533764254876273,9.718946126606788,56.30214016867468,31.17852508619004,25.991401755238435,16.65569326065274,20.54026090101971,35.69407625435955,26.695833020848216,18.17676237685074,20.114570274856828,39.94001673095782,25.022101690532367,21.846499496822545,53.40491219752744,22.96271751865956,26.44320828035644,5.422853431283143,5.711019849269233
2.68686,6.893544819255435,4.4196742457766325,7.61456390804926,8.079147642012291,24.76828733489251,6.599976732311284,15.512707978543574,19.53230089589777,57.62222925618357,6.152916037021379,22.61063909366357,8.06020050672563,4.10415106644927,5.062689752683837,5.640173033936265,14.731337406695198,20.172342036451724,13.951830110803416,22.023954319893093,21.9031063706062,18.77816788083062,11.465679598012445,6.706192813082218
6.175774589452656,9.47309170438978,12.129020711834546,9.82242810647543,9.921253455655645,8.64157175766308,22.649697067951543,18.458089183346207,18.657467279450216,8.66170592461871,10.82590278411678,12.575543638115455,8.67810736431722,3.811550334658337,5.361237832692828,9.331098903062902,7.215218162368744,4.563438596180857,3.019185810867417,3.604094702098891,3.149304099782824,4.219945707974763,3.9116958639250856,26.37038052452712
7.667839561812309,3.690863000000001,14.100150716928695,10.165072640613731,10.795001449719946,12.447814607475008,18.31346753290386,24.84185579962442,6.783495291467373,12.153780830903544,22.788806997648475,28.717725232954848,36.01028995205535,34.22272707679073,27.427534492518372,17.85261333771416,31.767095901943712,48.48108752110887,38.28959476235787,37.5853063151069,26.58512265135487,25.45457604033784,14.621015295193793,31.719870947097608
8.45185404774483,2.434399,2.434399,8.425621927407228,2.313685,2.5450535000000003,9.818091047110906,3.1623232706736557,1.5674164200000005,1.959270525,2.172852,2.52402,5.663939529339821,17.17648931957157,1.7878474999999998,16.933185960170526,17.171518715059545,15.426363886577356,17.205673012261652,10.273708922460578,16.6787351817267,24.71288961471364,1.119348,1.399185
5.821535086058228,8.167026702835576,13.541505323605143,9.278018933627802,10.929510634723512,14.15702829285992,30.814709573856604,29.074731383992816,18.63859127465884,57.25681967351414,28.32928128243512,10.411012833159502,101.2453014290088,22.482040135387198,15.820071570647647,34.02868475659936,61.70156108773487,38.69594147703328,40.4218312739404,20.52582513233593,3.170294376320887,7.259425508840632,52.15543916455525,19.273650203868225
3.43321,8.262318153173224,6.453990982494748,7.287503883330288,8.834706743585057,17.698664416728807,29.4799437492505,50.46200910511712,18.79683635158357,15.22741065525816,11.04885289180108,10.652464529029292,16.805978731765503,18.58097321558828,13.709539862457266,26.59231763263181,26.945105288731995,17.12054611156365,11.035606009840532,22.915183288503304,14.535397626768216,20.72403166523972,8.34583311761373,4.451859304401045
3.43321,4.677134000000001,3.612334000000001,3.7765310000000007,3.4332100000000003,3.7765310000000007,4.334800800000001,4.92035148,12.184759639382936,5.661627215342929,15.014578020191696,26.616179558816373,28.4690643442791,3.183522,2.6529350000000003,2.955546000000001,7.966453385412156,19.678516017793655,13.714634380145103,19.274107827200908,20.896676279167583,28.659921171813544,24.847734241615992,36.57936731628475
4.104925000000001,9.20891851093017,9.208918510930168,8.000932192708488,5.372384888257632,9.627505715972449,9.71711398286252,12.043252633284473,19.34903090208589,5.086087242152704,7.624375493774871,9.547939553030526,14.626874783492514,16.098459927018553,4.641088734116799,8.874817901934273,31.317611894033774,51.744844460538005,49.72351354427544,24.915779285940488,26.07631181605665,24.55055432167393,26.96112062092984,7.021013812077939
4.047828026849917,4.359486936129959,5.263697872259915,5.502956866453546,5.002688060412314,3.612334,5.593068697807932,2.9081004485073056,3.130344058013614,10.890889108890388,4.698176613256782,5.457477884086161,5.125283578098307,4.638856201473236,3.865713501227697,11.48508067963203,2.1749790151104924,28.51897105358592,16.897847554111596,39.38077854575292,19.585780628213858,27.183096207870506,13.19265728938068,2.736618500693915
3.657115,10.015466865871003,10.015466865871009,9.005286073461907,4.722881753681691,10.470715359774232,20.563694151399638,6.737997591985764,14.535991060573444,18.241522919617392,75.46982112896313,10.384180522090146,9.752099968571615,5.614719999726801,7.998113680659996,31.79488326238284,77.52714859403676,16.310072441426197,12.962134818288254,9.47024183511885,9.778638120016138,5.218243209373981,4.605158318492151,2.85613007238458
5.028245550946898,4.527745707499959,3.612334000000001,5.531070106041588,4.30322939142558,6.488091436609725,7.630282946999853,4.029167960860465,7.554496477118284,63.74155178264584,36.38718881047553,44.73591476945654,6.191364074199728,5.603757761602069,4.66979813466839,10.184939426080721,16.677563988481328,18.52169806537768,24.922475988287054,52.37514537645569,15.99090617665083,37.386865259756405,48.3082162488532,43.21441864310389
10.805280666105464,5.397264121714976,13.400769988014387,12.014028851558546,10.662640898169848,7.932462090003906,12.593005453158698,4.558432710741919,8.287980087951892,10.785304155079418,8.553055139194557,4.730051874665804,12.019231533973914,11.809994888009669,9.841662406674722,3.0840480000000006,7.971746549406525,5.346132642326774,1.6313059761765902,5.23174920345297,4.491905881752548,3.1399210342609787,4.6647300944295065,3.729115105256666
12.577286728950412,12.36861881007455,14.983041276520652,11.551918209961649,5.540608296565594,10.087077462814564,14.340890713058474,6.588097549231139,13.425436897519408,13.844337363851489,10.66677821632449,13.18869109807024,30.185861590091147,15.742180667917673,10.318574427134996,9.37305391341505,7.256630306947305,7.293919236530731,4.767795158394903,6.257009016659123,22.43296184670555,46.442363074654295,40.98747197690784,31.884919913957244
7.643096892161775,4.350589527466052,9.026207868084374,3.7765310000000007,8.57862731264217,7.12105225321741,6.697218487891366,6.163184248439098,7.800016598827229,15.765103390754568,10.186271366873106,9.358502522882366,8.788854543228659,11.707047383869694,13.887108485806284,4.767627749234854,2.14887735,21.71782500141896,16.487749472934173,13.60276392333356,12.402443513595474,16.84579298788513,17.16845820700505,13.436013472352402
7.077315463891776,13.28658590795439,16.885231613440517,7.516316973832316,13.360647036717404,15.191176169275574,12.716952074017811,9.403955716315595,84.34263380901074,41.47114933113362,19.88428070592057,9.612413519507992,14.165687051102246,14.051007568020813,9.725916600773832,12.006521032878865,8.598032454638455,10.38086281536672,38.80601421265676,12.843399453481204,20.71992525448987,26.274450350773243,14.975787638700474,20.11074290993576
3.657115,3.847921000000001,3.847921000000001,4.022826500000002,3.657115000000001,4.022826500000002,4.617505200000001,2.62739862,2.4775291800000003,3.096911475,3.434508,3.98958,3.746736,3.391143,39.11298545712942,9.234499581621787,18.50919088507983,21.94615620901465,26.8142649729662,46.70645123838597,11.947615865863822,15.69553066959983,25.007369142422856,31.27165799834173
4.328830000000001,10.318029581459228,10.318029581459228,8.869884313230232,7.814551114255954,8.322128138132868,12.381635497751068,9.235509125786455,6.643384666205051,7.039185682913683,6.871233244767526,8.524964851915586,10.789293076642474,21.00015226384236,39.02470212626549,20.42602786224854,15.282420971654966,1.9312988468400003,3.9163317734518825,4.02822696697908,3.107331390291089,2.318476265100436,4.503367695002422,5.930347580628328
4.403465,7.083934698370498,4.633211000000001,4.8438115,6.869676986206575,4.8438115,19.71407897848793,30.163062630994357,14.902181046652904,3.9609823527930734,11.241821288557912,69.18128068854307,12.895176180382974,4.083213,5.308386762068717,70.33171029158471,20.726522389608032,31.694714195452445,17.470899881150494,27.48904021925551,16.781372282027046,22.49502534900216,30.89130590533217,36.85503484365629
5.85242984460517,8.2764778109938,11.451907922561404,6.360994856784702,10.884044719789763,8.71214405914204,14.307252443946002,18.135040613432736,21.35831923708117,7.968393811489368,6.062651276498694,11.873503330679744,12.341626350063779,4.090904543700515,8.410398192564818,12.454376318024998,23.049104985113114,5.312166342845495,11.292044579867971,13.145835817555234,13.933591811645169,16.022496979172317,14.665290670516535,24.92000478293147
7.16069677764781,5.063774804596656,6.299036576626091,7.876766455412593,3.806385,6.4008692732475545,7.347084731031977,4.421537356943334,5.2495422806392265,6.063808225799032,3.574692,17.328331990722717,27.027703503130493,4.773701732073004,4.366880005500319,18.78305866290121,5.935439763376892,5.985710920298509,3.0056615432733143,2.174824046875464,18.467201508456164,22.55097184869284,17.904977018631133,17.370910179440543
4.63496,4.397624,4.397624,4.597516000000001,4.17956,4.597516000000001,7.289620800000002,15.696810663212304,10.981449244795767,31.00358693334789,23.92619209106305,31.192935218218885,22.552208461354862,24.112283923590855,17.53528677358779,18.146027219384536,22.994881587802443,46.46384292781172,39.08953729732093,11.821943518668586,18.274319302851023,24.640493884400648,51.47295156059352,39.40594052515311
8.250223115056613,3.3767470000000013,8.680669538450871,4.538419123011322,7.104559907089199,9.075245426562274,10.416803446141044,7.895192563884159,3.5026768212481443,19.91379351684107,8.728135621096646,3.50106,8.452402495741792,8.820838473821212,21.706741839748187,16.013640215659297,16.141030694342394,20.99757320409691,14.295752154298926,17.272747062796036,14.308522149085515,16.906115807588883,22.171402051950604,25.323278755289973
5.998125482510881,6.105407800941402,11.75796739265498,10.818319868776268,10.640635576718886,4.859388168557151,16.515568002210365,46.06881350772602,14.71452542347536,10.17034843118626,3.3644160000000003,12.962310735693354,9.944757261923938,26.902229929455217,21.0688172128439,7.463300830658627,6.075625139706656,32.84806368038795,34.08134181274146,23.15344360607494,12.784746036608956,12.183417795782118,8.46721399825246,3.095039689614599
8.988674025843471,9.199091217260182,5.320734633502911,7.995373519382605,8.988674025843471,9.887541428427818,7.936224193706402,21.78754947759179,8.34880584103045,22.622738200479542,6.364533159005627,9.805826210011055,9.208949832010386,3.549800376295882,6.566019604931362,12.280475974395038,31.752148420499573,21.70221941511816,22.85872308920384,23.76002806432352,19.094403107498927,26.6338204104828,24.67771099935916,9.908547195475675
4.03029,9.092488419054538,4.681649856277686,8.814083663485192,8.641621224721254,9.50578334719338,17.949123859885344,38.44557645199608,39.91273599140784,47.86102683534736,24.65001681409235,68.21630631961567,118.28346800534415,19.381992641446715,16.517486691907052,12.785179069372601,37.42986003430284,28.55548807884468,25.75617289343476,27.30232102825821,26.057050541630705,29.41590769270133,25.52142962152417,25.081044032123604
6.185646536682279,12.351660784661709,12.351660784661709,6.6360067353310335,11.433355455634814,12.74489545621777,32.14091066566499,24.15547540873335,26.05328659787136,84.31426875289608,29.550857048136766,26.46632646971883,25.02809700081137,24.39440113362098,14.138424095725615,19.34555538097695,26.70435905928145,24.35350390549869,16.141783787585133,49.00995830636275,27.667751335227813,14.500541064950816,5.605372633277237,8.394542151887068
6.881600000000001,7.491313220142676,4.711740000000002,7.831827457421888,6.532789111308404,7.569837576236982,13.747604982828369,13.681184199711156,15.294682033091718,4.786392555679885,6.686461386573628,78.60483168486628,9.886321512625774,6.057677175940519,3.947199495703664,60.343207633278205,51.71605857658185,57.46770479335745,64.02914194500576,25.46923222848028,24.13065432493733,38.431983738900456,35.727759430665735,42.92375575183684
7.742343385918836,13.774429632723615,4.397624,14.400540070574689,13.091400064158805,8.696055674767978,11.968035462348713,11.813690159137398,21.153504826238485,7.930837494788386,13.065422914638544,28.35880486791815,13.412216982727124,6.080181229844493,10.509758515945594,16.728098529322047,82.86760701462467,51.962623811593424,24.22101260010596,29.988451398052373,12.678702889580771,50.19329826067533,31.481370213486706,25.86943114317655
9.928812307378584,16.43914618690044,15.7187534159457,16.892555972285972,12.949291040359242,17.881225917015083,14.100775455333595,7.073891537869605,12.800390290804437,10.701220268005788,11.636639896408925,12.073704035426484,17.303981028297923,24.542970146455126,16.333799872328367,16.16858258115015,35.43485398449993,32.51396778833434,37.321993563769546,34.69047175570578,31.094764541218897,30.820198167530148,28.99724901827232,9.979198147195332
5.956885,7.653692088384078,4.004979000000001,8.001587183310626,6.778772285696589,4.459492334522189,12.332050480786878,10.45633265681803,17.421701045492124,20.336954834907047,6.831394591284962,7.935458363613843,5.806179213222245,12.700317126686835,15.603252952466436,16.04725627133382,41.96607549636688,40.07085374940292,27.812126325875077,2.988051994228042,5.816986221481351,17.222271840637205,33.84367820298789,38.88805850502379
7.957038347957047,17.027490463390162,10.288941458509289,17.091979950222253,9.08224837556887,12.839279657217055,20.960064556068197,13.195170642046843,32.84827096618738,34.56060783540902,13.380905664053866,15.308935002901276,12.95126617690122,31.693582524925986,31.82421216666783,32.17746589612683,21.94692213413369,18.121607229775737,22.72353116199344,24.48320156305189,23.011627002367543,25.660144539647945,23.414168369693893,7.671592495230367
10.21300383441612,12.16099720344574,8.103518077567285,8.755969978071315,13.702785954398886,16.631176593735034,122.6359727762976,32.998897551493585,28.303392260344392,13.159590762431105,28.405148462825508,12.371190123994104,11.841211401702237,21.247729635063482,30.238312504536925,13.282594381740244,23.803034749685494,60.93143683632875,29.768881132594213,49.63944628184011,23.61443149982188,30.93535350518531,36.50990771205449,47.17316255438288
3.657115,3.847921000000001,7.689406653402719,7.235705410118639,4.569864690374613,7.436510342001054,9.227287984083263,11.120687770697032,18.547528134702105,23.8704562943001,5.663204635279925,12.808597296056185,12.177079886127936,6.7766145788440175,5.647178815703348,6.291332716420406,2.2890215250000003,9.339604302390349,16.254443070778073,17.153682401247575,10.456652171836032,3.1820624978919745,13.796412977364913,7.681110723107527
3.806385,9.387481325695154,9.387481325695154,9.81418502231766,6.13165835632961,7.000604261158829,11.264977590834183,65.65643710637518,25.304555823060618,43.52195302327781,16.796091371602913,9.733076055191065,3.899664,8.05749839023457,2.9412975,7.680666539205125,5.584352386665873,1.69821105498,3.5631310317785228,3.819874995778918,7.622190668104862,15.803601656210084,20.15844823973646,12.494047902490026
6.447477118400025,13.2553975931385,10.476509364213255,13.857915665553886,10.081939137370275,6.954806114446579,15.200491981124754,9.050916935083494,8.776380571401038,14.26580271556483,10.855218779516347,13.63468232604414,12.226528796070683,9.913147932992954,7.029105749199275,8.402709452012072,5.357245429617994,10.90432191822442,17.335959248701105,14.133783962771492,7.7772461315104096,12.224805932518109,6.094893558978784,7.61861694872348
4.328830000000001,9.212117480662627,6.036593289301744,7.860254786721828,8.75531826674547,9.630850093420015,7.751995817779834,9.18785634853049,21.437920138276148,48.12227323868437,71.09032873810193,11.55823541835626,19.715545800624998,32.979728761303534,31.915029906180223,88.31590391394951,27.295819501410254,18.75848107778216,29.02961059769383,29.030488620860883,27.30434831036939,28.95052199018128,2.970336489156811,5.294718161312476
3.731750000000001,7.500479317994265,5.043334161873208,9.242592144616752,3.73175,9.242592144616752,10.608888374690537,5.273925579698174,19.838169492514627,18.61955680998036,18.314585734157163,95.7287294279364,34.894629759472394,27.656193291600385,17.559906694904896,28.88201679573973,23.591106331600574,15.376841013986148,11.618117686263917,2.5794055467681485,9.956169415944148,12.315368482487596,1.8054000000000008,4.952879836287464
8.498537260966652,11.587624647858023,4.135636846138695,9.058862277109151,26.03594826108936,12.114334859124297,4.659208276910957,11.819016026194689,16.565323602560255,6.035568464626563,7.981234992907813,10.702836489800951,6.849311870811054,10.212083930832046,4.422935922522173,9.066843886717278,3.733058940700628,4.913442062480533,7.40794910798938,22.62521430583011,23.927705441803464,4.6905570851158025,3.583338358606091,4.06077373180757
3.507845,5.779352727690272,7.084658807496691,9.863037467109526,7.229585475481113,5.49619530921169,14.164067701377892,6.441771980494775,7.057662902540207,11.172699926058424,16.612403701063926,10.885524760769776,9.186127601418574,3.252729,6.928580038878592,6.053643608868626,22.7879339570246,35.12388289244782,11.176456140263175,16.654627937172513,12.57929737006856,24.03296232921372,25.45328347147843,21.135907092922423
5.93213543893631,9.11637827289531,10.108346389696788,8.549463474040747,7.80198207345464,9.53075910348146,22.701366719039655,13.452699607220016,17.799335624849554,4.7953364553993305,10.66662704439202,12.684379751235538,10.56829108037723,5.713190087614452,7.377707112914057,9.545852806678491,18.212696127060145,21.28504083429164,21.22073456357742,23.961401580401212,16.047304533054685,17.850181247779858,22.65864661956625,26.45958566132872
3.731750000000001,8.78021790598688,6.353333952993443,6.411467599952442,8.135149509000119,11.384846219895373,14.928561487184265,26.257270442905725,47.34410344446069,32.46665200774937,42.07341137828812,30.989979630690048,27.65876775265198,24.04072113430485,3.248576662141179,22.045941325779545,14.093929732907618,10.328103126,3.332636923704624,4.592348640724756,13.95914535083992,23.06707126570024,14.049989645730488,2.25675
8.809091840637217,8.445783520395072,11.383112759554123,10.958253496776416,7.012642320952208,11.61926537171789,14.937194404497932,61.88066833979196,10.79813850186368,70.35025264240339,36.33788480454029,28.581275645255,34.227041696929696,39.57522265794957,60.01894243269986,30.309750759217742,48.160028930160536,17.849347674189296,11.8373918526498,18.204420787024155,43.2363661289042,20.9481468884349,22.0623658905698,10.229376381899526
7.034557240572595,9.629234241386524,6.677350416177411,9.064715540147914,10.456175532129793,5.393682619172111,12.502722854554918,4.418072652664029,6.708354264898869,6.274777583175122,8.594688413799542,7.322713866891764,17.14625401402788,73.23768005176335,7.437773268603714,17.29096151492422,31.52303406550544,12.027595598691915,2.2848113326089634,4.067621387540572,2.808690298042912,2.376159514634088,2.975133099437056,5.194044309408066
2.68686,7.482334100156268,2.827044000000001,7.822440195617915,2.68686,8.110646714561819,41.46328037480156,50.52270017471627,15.083429579040128,2.2752819,14.893358993895465,58.77936476830025,16.18499377052965,22.529925730549934,54.41885941144457,28.12050688232241,33.09129554762788,20.87508774516705,25.58347755873286,26.671022758155853,26.109878667032888,35.07533234023681,30.35365307651509,38.9266887175458
9.869915522872027,11.204571236714646,11.453840135896566,9.87774732552356,14.221575064578536,9.158423505658668,15.04945913696249,20.45435079058494,32.617494406686085,12.8916856998446,11.118305613952067,12.224208056163365,13.269441064205129,13.187278696245555,5.222853067658344,17.885150328644137,19.1085271598511,16.192105117279258,16.66879320113096,13.399016339418475,19.59049708482649,24.985121577209867,25.34101119941241,25.62225897749261
3.955655,7.647910382575991,9.818139441052985,13.908740679248474,12.644309708407702,4.3512205,15.964815388354772,19.90272657121037,26.67439764575045,40.18977502040475,27.10905285645008,26.222817654874387,25.252559616206064,14.00526674466746,15.610546138151566,21.817078161474974,10.044373279234234,5.64123348778668,4.007038781806393,3.2023588610777023,3.770050589312,5.505522361573885,3.923357556338884,6.464421449437584
18.191971801045906,8.46496332861778,6.618146397170667,6.436280444504747,7.825808176871836,5.953589655603797,11.971229241030258,29.778441039581388,16.17723268504959,20.3754291085754,7.967604104461093,3.98958,8.691931750321192,7.867003042536077,6.555835868780064,12.784027120211963,23.013267221675854,18.64075763889047,21.394505134849556,19.371520139969373,16.006206592676808,22.09820920644136,24.35722694913499,4.865286961977912
3.731750000000001,5.889928435821444,4.744566014925601,7.1840161834472624,9.264089230849216,7.508441526861501,18.930619806323563,5.427278202738441,21.72695632547569,27.480138928410952,30.3579491988671,15.643299814707143,12.479939003175966,29.92089102883388,26.008666842568413,5.622273534871771,16.726492023389184,18.830476950637152,14.360315745507512,38.01659392818724,15.249769669937685,28.04521438507016,29.693957526008774,3.949530995571079
4.104925000000001,11.804667592485409,6.867659556662502,12.341243392143834,11.219312174676212,26.805623833770657,64.39334356764412,33.89140836965625,34.7643761057798,27.05772729299777,16.641967854528104,110.10187694640037,24.425184958712876,9.452799654935808,86.00071598268629,33.99294517224503,37.64176959010626,25.25619863444116,16.974769333578735,21.356249013972363,20.726281853364952,24.320349202191498,15.682639131934328,6.866179340277604
7.170227401801106,9.930948232464962,8.885606383167918,7.887250141981217,16.08213166061374,50.83261870860659,23.767775454471977,38.088439280768974,27.60496481819702,21.81743925299012,15.353452414349354,43.51900779500185,39.427300163949454,40.35622673839516,24.322661810787395,36.6977115248659,35.1851502627349,26.7305310632362,22.49129822816025,25.51777525762425,21.68265266705845,33.941567175059745,36.82625057975131,27.5763250430218
4.602017212386429,11.469563213297551,12.224138886340098,13.29014753775151,13.192279506328774,8.878959042335962,14.668966663608124,8.510382125316236,6.995946446167758,60.89236034156294,37.7410184287354,37.29814651810688,36.14706565641633,28.415285933877428,24.077474859908797,10.31965411033934,8.811614961077915,9.952010965501444,12.682314761818034,25.60774509573834,18.585411076536023,27.01708077280379,22.47509651901991,7.120805164923385
11.05772928523106,7.555468890700444,6.32363843649414,11.840367693888345,8.707660049843254,7.423628178792405,25.58640865186731,8.155303770210931,32.44109044730224,19.0387296545534,3.855060000000001,12.383441388714036,11.629666695487959,9.749926874482941,5.957947973386465,11.924191962753472,13.632045546012767,7.664031473406488,3.1290094722000297,3.5274434517733955,3.915572718336896,3.985172846650282,20.58993672425494,36.65166134050903
3.88102,4.083508000000001,4.083508000000001,4.269122,3.88102,4.269122,4.900209600000001,9.273102913378748,12.923824109095056,14.275274836009109,16.051916480686458,40.27470136304973,7.498336364164034,4.277589030585212,25.29086587466415,18.695855287252655,2.4291657,1.7315093109600002,6.204710053072661,8.066547778904996,1.3687820640000004,1.6898544000000004,14.38212479255985,27.62110270612057
7.926088783249941,6.826282370822657,12.023729462144477,7.123124726380116,9.254398662948327,11.136008165351765,10.371141285346496,15.951250480350218,5.875646556622277,6.027060101713924,16.992033790142898,10.463184489199522,9.616178889211785,8.581351487461179,7.48697094644863,8.902213492992196,10.379152735714188,16.35126380305263,49.50893251920013,39.51959301762533,29.46395436112896,34.991072498572265,30.97527981493723,34.38497329956637
3.806385,6.856721361300294,10.648208008218312,11.132217463137325,10.120197693761206,10.13842845844177,23.300232370511235,47.08373892526544,39.96502919773288,57.18808049644956,72.94762148446449,43.5878807559533,53.955106195839164,38.343580828327426,7.820152763360931,6.767800396746606,53.39885165618503,13.231921706096497,17.08761466496358,21.60425932469596,21.272341706229145,22.48687620220048,33.10019291569738,6.120119553934641
8.946653225113979,9.20409285100048,5.107780157305361,9.56976658828904,8.69978780753549,10.382439284310044,8.67586604613679,6.994882013951499,28.43127719236179,14.592289900981228,8.170235506207243,8.651706116190459,4.710831324160832,14.145613857590078,22.860504038024136,90.68149447469008,29.343720362007907,12.713112267091526,13.881929059082324,26.2807594282458,17.335656390470415,24.68960577788668,34.88304824541021,30.55170446457463
33.369736498081245,65.8572551577129,67.0746657770271,6.648039278048133,9.821633644925177,7.946713569101122,30.49770312760136,37.65855211771874,55.23859711577948,56.44641744537397,46.02037411367776,34.414074668322684,4.471026163008566,16.85886021922371,21.934770608210698,36.30355692617124,45.81107400661755,68.71796743123312,36.25618518328465,77.10265238160964,38.9071612370531,29.96766915744575,46.328256974967886,64.03044131148356
6.63959982945917,13.126514460939385,10.894054016930944,15.995195583848158,4.8848249475259,15.115511649924269,17.032734346782348,8.134555643074188,22.42237205947908,29.568781062214534,29.062781457444903,24.133432499687125,19.62938527783222,13.645976495312256,9.074972556182637,19.68881616687353,25.963038000344486,18.60132193639068,22.98080094270412,21.86354527640948,23.66095956942116,21.222108927837745,6.459345172415693,6.780986498350864
3.358575,10.379511036253367,7.819221929770892,8.61120268824828,9.25388700107925,6.158547234618261,12.455413243504044,7.08723307285333,3.792850743171511,4.223710414246827,9.26435695797821,8.616614220106944,5.1081922083359395,5.370677976637071,2.5952624999999996,8.492327211480028,4.651438349695225,21.439543108867277,21.70079010082601,21.439974770534537,29.79495429517775,17.26981345408485,13.912655465473495,5.965684404758696
5.03852938578892,11.4634842971471,9.26354960941897,6.583544426772731,8.826984201229221,10.690840173268205,13.4261909534173,3.6542737739034656,6.22312941785644,7.012914854533763,5.7136253269336175,11.600390380488273,9.293597753367695,15.80967004981196,59.017017678999494,54.3607377880154,45.95659543256127,16.74345210164034,20.742496832369422,21.606371896963484,17.437169115083446,39.37039911497215,26.69687180613284,16.334278183347873
4.104925000000001,10.769039752749077,4.319095000000002,11.258541559692214,9.677754801398528,8.19348516892303,8.701065683317678,18.60831716263742,25.903210709284096,32.09533122262062,28.57033042250813,18.715463293203666,22.55893014271459,9.897140371864957,7.908892831188746,8.811032524976516,17.857419462891382,23.370042790611848,4.087518088632288,2.9452537818680358,2.4304802482349217,4.456489177922006,4.951654642135563,5.0663461334384845
7.066161931368001,6.911197071022573,4.293026178503763,7.225342392432688,7.0661619313680015,7.772778124504803,15.30627379232935,26.52211682712531,38.053514182244605,49.38282921832483,37.05269945155925,34.30144959409798,14.064350042784996,17.263091452997084,9.346626661866122,9.591944648656233,23.72227988554313,18.731694140518325,17.299738805561258,22.876416873235986,21.00640691640768,23.55545040257272,24.75087565894114,14.97605301778944
8.669981606245834,9.122328472658664,9.122328472658664,6.506654,8.669981606245834,5.766750642498335,86.75491291322356,5.701154582708533,5.873518448158541,2.7809001,8.142243595430871,3.58248,13.41844755865186,24.94195933552091,24.001011617489976,18.767058292055292,37.442772846541736,54.930593336761085,40.532642808042745,21.084219748609364,16.99622719860603,27.360340996289818,35.21022653992623,11.951194184670507
6.982069314827024,16.220482258326438,12.984987935233525,13.41030614654928,11.65381454585439,11.27255191763918,15.255990046975334,10.517100066506888,14.967560624992611,11.453277911192702,14.131158309551306,38.39326238047328,33.60515915378654,31.38673424804947,36.024683381450764,36.87405392408893,35.24347084840581,23.47702347890772,23.765897269891205,13.236901794920142,4.905692049079925,11.601530253396122,6.473058739320543,9.493054377176025
3.818225283744586,5.64124923974622,4.312675619873112,5.897669659734684,3.818225283744585,14.648362826364826,108.22924161364766,26.39249698621909,23.78721769484412,2.40168645,5.0351646106825765,46.140653261089966,16.630284885394012,5.491972255484221,4.251404199022734,20.23271310017847,43.31998908643162,38.33358499588781,27.793482842384464,21.28700337202426,26.473009902015725,26.58842838957192,26.00843725320084,5.394466557749282
20.033639312689672,3.7693920000000007,12.563096450415758,11.713192353917949,7.245488734537886,10.004446827503822,10.49296121748762,58.84959643819227,15.665596580978752,7.558689165466493,10.727524763002412,10.107927994066271,69.58729897295156,9.87393074462505,8.037140503958133,14.202567611818301,19.716017218318324,19.16133825782209,13.930308258733351,12.154160805507717,14.870913805019734,18.839725263824207,20.118028126815226,24.903191868452588
9.290707150796925,11.002091653235832,6.563350219441651,12.833745362382023,12.315132353365168,10.219777865876615,9.09581436011225,11.389670724355083,6.294031789794425,5.9175272045779295,37.08728102663722,95.50671747192604,75.83674971064296,25.64148628879407,23.841756561674803,28.835426262674236,27.85041566563122,39.32567023358113,23.82357007813412,20.554151455267775,45.37361077803755,32.15651914223259,43.79299165367106,4.916006593464392
8.723842911776954,8.930071856075074,9.167280698089725,9.075741223384137,8.960427447945367,12.458900090592458,13.990719153520836,19.657587122347334,21.240799962216144,25.33463055243297,14.537447720809404,14.63278516649553,6.513806185707733,9.560075412392804,4.28138827604547,8.625472969252725,7.08921711766356,3.25384551333945,7.6418941992835006,13.721622571074144,7.542906111398957,4.702349615330211,4.722592276845385,5.268947959458029
3.43321,13.033720456961056,11.73222226716068,16.597997071389507,7.827800994623736,15.845659891115352,10.91616460463606,19.72515166660597,54.51861557554876,12.650613076337567,7.934516954759946,16.21211703599813,9.243971912580278,12.321577988011434,11.20322709422182,40.007296977687076,28.89067798903497,9.17320298047072,11.031223405918498,7.283930048047869,8.260643634375512,5.2505892944953,6.864333390940239,8.119704596438913
10.92301262036286,9.326762029922286,9.194887959583042,12.10075162813486,11.90537937679296,13.095917314472256,16.277651526176854,73.17927651411841,40.43041851659204,8.893283102627548,9.357321298263871,12.921550142522731,25.880831311714164,21.6877434519861,13.358111297689593,16.71845158840924,66.71696190379436,21.24504092608885,42.908111628079816,28.449494522944,23.60518549187554,32.17248383550853,17.999454690068287,25.33626240508592
3.88102,4.083508000000001,4.083508000000001,4.269122,3.88102,7.437075991253794,12.033137193975952,40.79374234381336,34.72869557284346,31.19197790388289,20.563459098904268,27.07828990246195,18.24596482663624,17.671659233218374,8.75367658067129,4.553796515614786,55.979108294853845,40.01506045411056,45.85720539749493,22.068664579282707,26.27441248906989,48.07300021980653,33.23155215966923,53.8844704777439
4.124566170259786,7.687317509829347,7.678964825981364,7.9499297982278945,9.631242066301144,10.59436627293126,6.050866770963866,4.870735745410182,22.71342046615445,8.155910895235923,9.044992549221949,4.764944140528222,7.613868974252199,8.930788097842878,3.7031819863618693,6.221684189917482,6.104208455322621,14.925304115195257,15.632955499400898,21.7363230045638,16.331690290592775,20.836759807160664,4.659541616265852,3.962245913644934
3.060035,3.2196890000000007,3.2196890000000007,3.3660385,3.060035,3.3660385,3.863626800000001,38.97508536814224,7.266333419999998,2.591293275,2.873772,3.33822,3.135024,2.837487,2.3645725,56.10067119985325,10.992651537335764,16.81726181603845,12.562974637792207,13.555269973767825,12.468926097288856,39.84932252244758,20.09211062433483,31.16376437968708
3.88102,12.539192328390127,12.539192328390127,7.0607878868432685,9.379536117455409,7.0607878868432685,14.829447863082832,17.157144140119584,31.96587823243687,9.737356231068969,9.994878093186328,12.851207405328848,14.351781519133002,30.241433913423165,12.475302252702603,22.51725196804022,34.121807977527325,27.46976046637348,13.031422740763087,13.667374938150967,24.503399419696468,21.38364863203621,44.65730870632871,34.88280211072675
3.43321,9.879746102444273,9.879746102444273,3.7765310000000007,10.07294133703381,11.163725470737193,4.533103859821352,12.75902449832456,25.78999442330132,26.65929969750061,18.81306525674876,10.243463276764157,9.619948120787209,6.363400695294746,20.293310353588325,24.416289497877372,29.816916587347983,36.80192438086496,27.5331674476611,32.857526681311114,20.277126478951285,26.780765230066333,20.121949076575905,18.484614875315355
4.728357002335542,13.479774693314836,35.67028468172936,61.78816683862404,9.99894787783234,12.637293783270149,57.56460695761598,39.0918288388243,56.33493655602657,7.247321459493027,12.20333175947854,10.988935241470775,6.84714002114947,12.049249287767946,3.22966,11.186387446188661,37.76382226714907,61.06890037867047,56.63108724374687,60.42572434145585,25.855416734127413,32.011553587623865,16.093840702509073,5.64566478300181
3.731750000000001,11.367135009452207,6.92660286056004,11.883822964427312,5.372841297758703,11.409945554489116,13.55759689203644,19.472819858222824,30.79211978409576,36.1828730809415,22.36558364778821,40.3367415270638,39.76456328525859,32.05333603066604,18.970483192060133,13.242786531151738,2.903597810623914,4.723849198717058,4.314532310571173,3.532725039018662,3.901658510388708,39.441589919340586,17.205865504478496,14.412461905025271
8.028901380971487,6.669652317697409,11.810964495275613,9.174575664788602,5.72090350272685,17.922718141211448,6.108156903563938,6.302164849443361,7.604628364508859,9.505785455636072,7.832839302744416,9.09875272541018,5.861099556943872,7.733939816598652,8.426410434897116,7.318070122573667,2.714773138964752,4.226761071469769,4.383072054192697,2.089996643381076,8.906417872142873,20.52252746311793,5.430736492192841,4.367516038198212
36.152775266460985,10.082354683831198,7.883059962310649,10.631996917665086,10.636848020902168,12.396466396930068,11.32356361366674,6.65907136113664,4.664707172982229,8.677169316434798,10.583544433742665,63.86583194741944,27.309107063112496,23.13280105655918,26.716911190371814,23.729734122558217,14.752722212615293,16.516219654058716,16.753225998919895,25.000020643122248,14.836155377668808,17.515548405803905,29.60928021034693,11.873472380782935
4.765631500014662,10.951657426476244,12.539749598668672,9.946316160070964,11.917943833445422,14.099786667305665,54.63879896730864,37.4347807532192,57.63485133245408,4.20957426662893,11.192503774018316,8.7664106182394,8.601896882918632,9.651610940087627,6.987081600049849,10.25979512618345,5.869948027552773,50.52970949099877,23.994201350576034,21.983322319830496,49.28407435039622,25.98722813479135,18.89118706761516,6.834620537018142
3.88102,4.083508000000001,4.083508000000001,4.269122,3.88102,4.269122,92.66800654314169,34.04504153492142,42.65045441274806,54.90503911251017,83.36671288787491,40.17788417978189,20.57481173988991,3.5987639999999996,13.758422637341972,3.341052000000001,25.308604334188697,65.4158629051742,28.67889189366191,27.27836453073528,23.66648064372311,17.93883182206263,13.89709234269773,2.34702
9.14744181374847,11.935560535840374,10.147467602541973,10.074610448555392,10.802958875302958,10.226075200734082,16.373213077282177,6.660758565898041,21.44780794441853,35.4970314180395,31.94895830172732,4.15242,12.119152309139558,9.618241442175504,5.9516110692282815,10.183454370874216,24.37201106263122,17.225747523331638,23.32963211328896,18.816035063459744,15.34381769604717,18.66638161315377,16.642085831430233,6.5563456794412485
4.104925000000001,9.069431147059571,4.319095000000002,4.515417500000001,8.61970728852769,9.48167801738046,24.77261203722316,45.65424403066003,34.79518385887714,50.02529056607259,34.13193267585612,29.28378606895538,89.10820967839112,22.52015414000318,20.242883975572294,23.422039846799375,22.09439032428809,24.63279771851818,13.584033534912567,9.366878723285874,22.0559245228732,37.0462281327151,43.69803005994388,51.461469591980496
13.669681400692244,10.051141966480111,4.240566000000001,10.508012055865567,9.552738232605062,10.508012055865567,7.941143765362963,9.33022661273086,56.406250259467896,32.55790161839206,80.76724792688783,60.07274458786572,33.66406975118001,12.451947591037472,54.033651779945714,96.27047755123432,70.40429513524185,65.90489692331249,55.120940540170935,24.550403985967343,37.50927906460484,38.084200309003926,50.88664170175857,66.51865058207326
3.58248,4.754484793670471,7.118707498479599,7.236311164279387,7.327460868499303,5.176571686604771,9.146043916251866,24.348322427294388,28.863775128097643,32.04930954744203,28.15433750027453,45.81741933382782,25.890931593855747,8.770700792513841,12.409353806953222,26.489548268330527,16.059911458216515,12.0628284931919,10.862973492569386,13.515710201799768,10.750408230569002,13.253455480286451,8.215768967954078,3.4120932019138985
9.085694304242574,12.24120244698069,10.710190821903597,18.413888662321945,17.344142531067103,7.933401765314302,19.04480014768191,36.46056554602896,26.160383359488517,15.543459874057026,23.030307923162795,33.38964792480949,58.46523478767979,37.66812842474061,8.71873234018271,16.70313467619899,49.77725643825988,31.697307644820228,30.10096615222522,41.53932914374063,36.25690873643665,33.0850951769416,37.84433567755771,35.30029531979441
6.584014191947944,15.758113885099032,14.7336617569596,19.858177900109915,16.62893069473541,12.589237433272617,12.738795649071267,23.89030626335854,17.416078950088618,17.312192982785113,15.78838930654075,34.89392683041063,37.387709116395364,33.29196370484265,29.56904928890884,66.08256475238029,14.152317339383425,41.04269753298551,22.07008949343906,31.06669806124836,16.624980978492328,18.932589468044203,24.778186894335803,13.63035569980782
6.064767952478363,6.344723464269279,9.690050649250846,6.286882220035327,6.379529557330272,8.016513594644259,6.069533480660668,7.77242606385929,10.974724526878278,2.591293275,8.648970827430505,3.3879,9.435240902651461,9.655644603865719,6.711462107104618,6.725001432663055,3.993005545656265,3.3243334248194536,19.12134957639866,19.77758775642547,17.1427220103665,17.725660254987893,11.974900621932216,4.522323076596954
8.3837016172705,13.10200105833076,14.472818129910571,11.864341198226136,13.298328034295372,7.891379077968576,16.33068752369793,7.968287136453014,9.021834318972356,17.36677209900208,14.278152159147268,8.398316812965597,10.165223321277479,10.698918341406518,13.672962021433666,19.08022531261974,5.861097837169179,6.646370243585451,3.942575495499252,6.119420173122153,5.110553255940142,1.550950770029361,7.207198385991367,9.008997982489207
5.778654916582991,6.753160337992687,7.426170720276314,8.467325698130843,7.697568816482584,8.467325698130843,98.55518057926515,10.603990199821366,22.904026122512843,25.13827374229603,14.061705901991155,11.29337328162757,71.10162697061833,32.236031898011014,18.229814538350976,12.119505843783312,14.432349197665458,6.938248827000535,26.49616255901331,41.65529840638231,35.02906403548323,14.92388386730043,17.43258380356222,2.914376635948139
3.2839400000000003,8.481955123366355,3.455276000000001,5.045560692199498,6.541273391362491,8.867498538064822,10.178346148039624,2.4038289,5.4612065376577705,6.865440974043725,16.863115978757758,13.50507795136848,10.91323952838563,7.273718984423307,2.53759,31.706882048611334,36.18144201527435,22.645062783219316,9.882006488652944,13.851809449737257,16.444226641882125,22.098146435463505,15.002217188248116,5.79428635037319
3.731750000000001,6.658301520360221,13.694874033423291,12.984746893785164,13.055869344179536,8.815845528663946,12.486475975602843,13.803593082166568,17.700852346882833,10.248318307079336,12.448927556958648,9.556949161927347,14.769597703149406,14.075486177578984,10.157054701569395,12.951934394058238,32.214906122255485,15.777073464832563,15.879750924538545,22.372361251662817,16.071235547802164,19.409097345814303,26.321883049179373,16.86305045862041
9.373130262592417,10.377693766820522,7.613693346736904,12.59021636797318,11.577982298526708,9.167576410911373,9.761910581519134,54.51559660733901,5.851974023597992,9.80444591916148,17.916465801359543,11.18691463568665,10.877923863523243,5.1744651627591045,8.946622685225181,12.755718285097148,31.195604434597293,21.868479064138786,14.755153904187662,33.03027857065709,69.14549210446825,44.69846468573307,16.63953182557672,5.964639918570773
3.507845,3.690863000000001,3.690863000000001,3.858629500000001,5.374985,3.858629500000001,42.955405954881016,13.556095705560123,12.439563138635265,61.440865285481244,61.1136335613469,27.021883084431884,3.5938079999999997,3.252729,2.7106075,3.019797000000001,2.1955920750000004,27.58135308531482,6.665404445915349,16.552344401201008,20.730392248703502,37.20824331828694,18.132737740236912,18.78185726476922
4.104925000000001,10.225571502072318,9.151666683513714,5.357456505460723,30.72477491806099,7.602893853355984,42.42251108745484,28.1801388396513,26.394348334309463,8.22981805582826,8.647693074559054,8.096780023467568,6.558267145692626,4.516203004603254,15.940075880009298,32.781786101478886,25.892866248175704,17.3583660235855,21.82188750817357,17.21062073142101,16.216599608145835,19.547894337897205,18.16624543835484,5.41428197553518
31.49238994041392,27.897736106092783,10.35377189081152,6.645800024461545,10.10833808496248,11.620351816763748,60.11251171143663,42.06658074486441,5.095883437398315,51.38570149367694,13.184625304865332,6.511813536660343,26.917240885823617,13.569547538790223,12.385589906534777,12.853706990602557,22.39520363172411,16.448060105486537,9.952367477051052,37.09893317568355,17.761094804966266,28.75066254928894,12.45223610735566,28.90062834122414
4.403465,4.633211000000001,4.633211000000001,4.8438115,4.403465,4.8438115,10.511173200000004,20.30082438117959,31.137013556679165,24.92172677896895,14.747790669398553,7.105169723988834,71.08664141871667,22.06079262297943,7.783381557981746,8.393201986359475,18.94486057242004,11.61970789085404,19.13555136000224,19.53970172153129,16.255962309211597,50.98030910797909,40.96176239468997,21.85268765267544
3.58248,3.7693920000000007,3.7693920000000007,3.940728000000001,3.5824800000000003,3.940728000000001,16.400649367507196,20.953001621478556,11.335231219044298,9.379382166738182,30.43642433378902,33.40567833094467,30.1239399697172,13.967537179678082,2.76828,3.0840480000000006,18.23616914910963,15.293597649830396,24.271609768587677,30.22109566653408,23.9881552442002,36.41068202682082,38.5718963036609,55.8825921005716
11.012336491368856,13.43103311439268,11.932218480337792,17.641871719018507,10.921726303130354,15.737377762100596,12.98706323898244,11.227175020945673,18.783811514678437,13.581325211789864,4.370222883410126,15.94632903776438,15.762567994379372,11.862412149702124,8.855136107285205,19.61362159238611,47.62220442021357,22.829490850784875,25.087707411157968,36.88398571918907,25.805197963252127,21.12635165675639,7.56046280404175,13.057558982442323
9.37894991333383,13.452189213612796,8.217113783061551,10.316844904667214,12.785138508805549,7.082779711000222,13.287131366943765,8.486109815735217,11.532152778921724,18.56066148235927,38.67543897505941,74.70490707366086,75.73270645041744,33.69798631332438,29.255548581272038,17.532784108822696,21.885585621285887,21.283456541255852,21.253500774597125,18.19654653088032,12.943187588335917,22.897939876261333,33.1546707922942,6.996056581119599
11.178861707476612,7.808820439242187,8.490489066838018,11.612682380191004,11.178861707476614,9.303875986232889,16.109289824603476,19.622778685911623,30.187070685228484,33.62452466058506,37.80115733536896,12.467559723353268,8.877714389729208,4.971735024999958,13.417388087211002,30.278648827085572,49.217366031896205,37.36428168655608,19.510109554106453,24.219962645658192,22.174417410116003,33.17930711208708,29.018977978904328,27.386712034227
33.49055715051299,10.523676908573734,12.992236125750097,17.76286748317417,13.682031979648228,13.990564623891622,15.35221192162514,24.24091685328287,35.20869408001743,87.66243962816525,23.284428220725506,14.326906180099934,9.74863281471241,49.72507780581243,4.975805437283349,55.43893633585832,34.36732406691418,24.54867258351836,23.224438439777213,29.72424997467299,22.82543153365153,29.3450109908836,26.134395796912788,28.170599278275127
31.798171787569583,22.69933555304748,24.109571125929577,16.30505196656744,7.818799029667418,4.104925000000001,6.723358567105175,19.42706449096796,22.75640854099044,4.717558092737126,5.423736066104701,4.071,8.010405962410255,5.734235460142235,5.568073112667918,4.795837254536378,4.893857392660015,3.48834154948806,1.49033115,3.2117722706283933,2.757582252559731,3.77322316800434,3.78269170447151,2.25675
7.254533592233146,11.07477097738964,8.554259539416625,13.75860235360379,12.325385118582645,12.815515890843097,13.58153419983668,21.7995528762252,29.677185079677653,53.4014397485148,42.40421093315237,46.95930694274238,17.959086387824858,25.640137899011222,27.862711416185128,30.70423128983895,37.3328159743557,27.894419744449863,43.08345407278075,20.88487544405993,34.118124887464425,5.954395042463384,5.092231283367736,5.799079593671782
2.462955,2.591457000000001,2.591457000000001,2.709250500000001,2.4629550000000004,4.093539086110281,27.248380642903577,17.09638565840901,17.285123313572797,26.906603475241464,27.88281221339462,18.74298656556649,10.997999705369983,32.05134226993645,50.62159964830145,6.629552476857004,15.826556658644993,7.556727472448358,7.204425094265237,31.6048458655884,15.867209006946132,24.52574045233961,25.683538077816447,22.48077462730791
3.806385,4.004979000000001,4.004979000000001,4.1870235000000005,3.806385,4.1870235000000005,4.8059748,2.7346393800000004,12.73386582,31.93391889710754,16.05439014099636,17.97676618767796,14.084313074754204,61.270823911190256,17.404932319604903,9.000628566190993,4.830248554561853,34.11144789761931,16.434785145305465,37.82764325340245,13.41683041857862,14.32962460419115,21.79730127819104,29.14317328740996
6.105707710093448,4.547126186614379,8.569569443645193,8.959095327447246,7.125169912977289,5.761850057930568,19.09672874377842,12.26271013012551,5.517618047945195,6.897022559931493,7.648871900113064,2.7682800000000003,8.083112623258229,7.552295234707593,6.293579362256328,9.468115449157285,32.207426221201345,20.28519789363412,15.153682164609984,6.312260707148528,23.85455287639471,22.82969959976209,28.556647499268472,2.8668181788944938
17.07040316271357,12.80013661209047,6.150973412072853,3.3660385,5.84596646601965,3.3660385,7.381168094487422,8.416727286575027,29.514690784440923,39.66320775028994,27.611271417515663,20.8778187990763,20.27329677038378,8.103327712436535,13.244158640934643,12.664569869725831,74.77756256856465,41.69417297338422,48.02336783913045,18.23322119074046,14.985674834527773,15.505576675550005,2.60360985586563,13.73884219149414
3.731750000000001,3.926450000000001,3.926450000000001,4.104925000000001,3.73175,4.104925000000001,4.711740000000002,4.770524636425524,21.646163433255623,40.858208147046426,23.407275361590667,35.20626084675308,29.29285563959621,11.631064138912693,2.883625,12.1402853955962,27.102062032182072,34.25719479660472,26.50255374957759,36.79097078463099,30.67747086738088,36.166471261323856,29.553971828837355,2.25675
31.8661350915178,19.127697036525884,11.542557063464995,18.485017764577083,16.083492536565,11.09686792779909,14.842697890461537,12.530579925776635,9.559823098419644,7.356703130558308,21.216413180822947,9.128324558445676,15.385596969378081,79.98768451822666,21.765489739622083,17.959917576898135,27.816623671473288,20.19532058919866,44.76804944107744,16.208016917896945,16.795433464259425,18.96555016753294,28.189002278414783,32.22687929899339
14.409358766979004,7.180041315172737,12.06957660366328,15.850294643676902,8.586970347725408,7.50640682949877,16.709425776534125,33.50440441807121,26.50895398997191,11.56435180415022,12.980382937621622,31.549313348859744,27.312988498754184,26.495969995121474,69.71614901491199,74.83898044872602,35.56717778265633,92.76101800993376,66.13140779991667,35.110812732333706,23.978956948336272,36.516394434762525,26.914032062804075,27.60531524492816
8.862460741638905,3.7693920000000007,9.324849997724415,9.748706815802796,8.862460741638905,4.732725111245836,13.811000070493064,6.367100056297447,6.003914313335738,7.590590891669673,11.19011547594626,27.14448718281324,78.97362856525655,17.768785184467983,53.98605500150347,22.53027687210761,6.570743451232386,3.9539691349607136,2.9642747452411067,2.851796715516997,2.2792235892895643,8.793894689104588,4.287609465520166,3.3275824843273485
4.86519,6.246937192340279,4.636901908132333,5.306729823833999,5.182720455545439,4.235590647150201,11.128845718348352,16.651638984763828,4.022163963254525,11.452069099993237,3.224232,6.476914594612761,8.44716869726909,5.6343693723886705,4.15784128129129,8.30279868141443,27.07896975973177,47.74453501925827,18.758761555595846,17.661598860920115,22.052432737257146,21.953480206500146,22.24865774040221,20.169481742787514
8.586421829527636,10.899513424412325,7.798913025511207,8.518910646574875,8.586421829527636,12.089560877223835,4.994444400000001,8.750255382420818,7.445570880749759,9.306963600937191,7.755722817315515,6.92040707329525,8.692865733786281,6.453018977394832,7.679412226748465,10.58730834112512,11.91956885974196,4.127965774132806,12.12001230483735,15.407580037868962,11.680010130357608,41.97195882459753,23.876468196195088,5.500806748121703
3.43321,3.612334000000001,3.612334000000001,6.468247842551442,5.880225311410401,6.468247842551442,7.424423610580787,11.384237801595788,23.6910607690966,29.30330362373108,23.813311770643896,78.69471158056685,85.19417031458873,10.87218754610849,13.317293727081315,5.729326971879071,3.935754667173093,11.12143628436604,19.608055810163503,24.00899396926997,27.414388068340568,49.2840076788357,33.80259637027041,28.02891373662316
15.156248377539308,12.150128898298457,12.854627466516275,7.747664536842926,12.217207922722077,12.886537792187127,24.0806939212133,38.00774083310337,38.508774219607794,25.33024788236898,31.424169373558087,9.405577985576482,9.629573174312007,11.32868371016047,5.442574261418582,20.41687410077245,57.70710113362018,28.735546670264945,20.03750016633661,17.388658492201827,15.311175792906717,17.38804838269847,3.748855595829845,4.259405943718892
8.463660419654389,9.75048438713118,12.186440147135215,10.797327526040576,9.874189293554425,17.11904513805379,21.61840506007411,16.002193193610516,6.580231686803082,12.250267693282844,12.452894215388996,16.23708389645961,8.756201113041879,20.247738957623607,9.28427899628638,13.17726304112028,113.58890289091624,24.812280184773165,14.202463061623265,37.71864376162763,17.95449881263833,15.627162960204627,33.49136029065315,9.34340733827939
22.36158891084424,7.321434396993572,7.321434396993572,4.515417500000001,6.958388063258351,7.654226869584186,5.182914000000001,9.359563617268238,4.499203675547573,6.02673199495343,3.855060000000001,7.590968796281836,4.20552,6.452323476839561,5.376936230699634,14.705040841668822,30.840597202868228,54.79348931808686,32.36146914871102,53.19640699075909,24.37405669761392,46.45263697978248,30.690288981888845,37.70786334289152
4.719435382874824,4.832747372582444,6.1619415883105,6.4420298423246125,5.856390765749647,4.692138000000002,18.186269923667915,14.218270579157943,13.927260104215122,7.693537949999999,5.499914806095322,6.3887899262723415,5.999907061194895,5.43047143733149,3.5492190508635146,75.30577915747746,12.413055912555931,10.27164046930796,1.8847783376460183,3.795041828697875,5.7051119500955805,16.66712657101727,17.02108336658249,9.901736985724686
5.122167334387532,10.870825511500682,10.107383782917172,17.567293201227702,15.631771819010392,11.654774791555475,19.07340709364372,10.914061308841028,7.0307038618537,11.800671329080991,17.679429317181974,16.4027426766821,24.20741909298532,113.11468647811895,20.044386113134138,24.060866864865382,21.53189747737193,18.63767732940109,16.699954724945044,17.17036506562936,13.01807810799196,19.324266221083125,22.741426269572543,7.094382685364611
6.293603176794138,10.69078897716141,13.71701888443816,8.768505218229448,8.517969299199004,9.295006686367907,16.460422661325794,6.011527412885992,14.825477237024506,40.1483956347268,12.243289582804309,8.469665210454155,34.35277824793204,8.280630164236403,9.88871098047186,6.579701152966066,14.932087519364948,10.410298339516224,18.26558602064207,9.915713017701222,9.102215235324268,23.08539284363088,24.883771193253548,25.50397994633641
4.593117322385841,8.579009356974966,9.57800965852496,4.269122,9.103067030829504,10.013373733912454,12.61165159022995,16.46462525834384,18.634026163197465,7.708642672016075,6.542710494578903,7.600118251278522,7.867050286427616,8.44102579222372,5.996702218656247,19.42104935393191,28.4186816014924,23.588987562229963,26.12351522909684,24.75568605469949,13.694324526147485,23.299682670564085,35.84605401695987,67.73135495397018
4.403465,16.064185177299827,12.589586831424432,35.23730315681479,8.048000033528439,17.83677938995003,43.15252354816668,25.21519363481908,39.962914137058014,32.068599689617194,13.976362875743115,12.035845577626167,14.40198035387731,14.867507285681338,18.67366498315819,34.176898352069514,72.49194134560722,57.30470729612964,55.566325707494016,34.82830749255619,45.94530258884106,31.361119447436337,34.153914677746755,19.646469471063003
10.67651478403424,10.042211857840297,8.746219078021918,14.947000507444493,13.45397873714608,7.764178565580795,30.52056584278256,17.26419174687729,12.751404471876135,19.18555343343161,9.105352697688357,10.564749483644412,7.564059897069117,9.841837668806912,10.724192851254605,16.901131167914162,48.87291077601176,8.948061216273725,15.040918369505638,11.830717440353304,14.771725348884948,24.221454596440324,18.84278409940881,13.369009926383564
3.955655,4.162037,4.162037,4.3512205,3.955655,4.3512205,7.782506637718244,26.182377771467262,28.387606574862467,9.094856251944387,68.87409704012337,102.8559375716386,119.46977091260759,16.577803935406195,3.0566424999999997,12.864026593062116,30.47066211536514,51.06024243509746,16.490147128651245,21.505247579285708,42.44588282632282,52.838186898408985,16.57941021475444,10.78661934489678
2.3136849999999995,2.576635030325308,4.710175485204927,5.221676979758064,4.746979072507331,5.3922235440988935,17.040941388596135,25.171296184799665,30.919832095225217,3.218500207522545,4.458032520267755,14.669876745278655,36.778642502502755,44.70499937221663,8.793124086367984,5.581608349541551,2.9711773558375434,5.131745296396204,9.525746771102916,21.7996502709436,16.659621952513078,25.20930882174613,16.678128720844168,22.43334547997438
3.657115,7.333633003699448,5.242205801479779,9.367584905672482,8.515986277884073,9.367584905672482,10.752358326511022,4.022149196520868,5.769193612981101,17.552239084745118,16.245142947738955,16.762778035547775,20.59624012662099,20.228956616635408,8.058567841415488,5.429855947876002,19.552982445340845,13.447561207830017,13.827200585993143,10.541095221826076,3.003470550122866,3.707988333485019,5.407390935790751,22.20154132539916
5.779708329806286,6.081258329622267,6.081258329622267,6.357679162786917,5.779708329806286,5.857067126612047,7.728471661471177,21.90538222958712,17.99995597942877,12.32122995,9.424869582949354,18.186601036711856,16.16510813162826,11.352166198456423,13.279305860378148,16.293540574448084,16.802086110595074,18.89327262246207,17.524188140551484,22.726783931902027,15.76047970864728,22.71043391783275,22.0614781750718,3.1512140136110465
5.234733611246502,11.561563174506167,9.635381756817758,4.59950617299351,10.988262521224868,5.758206972371151,12.991806251163723,8.351426961632741,25.81385430462817,23.97752155316708,13.932307622322144,5.710618484996182,22.19841750226976,25.784054662919075,22.3457046766918,33.43348435533121,43.73421829357525,33.562559666463166,32.005571725922046,17.754370939874303,23.638623346764472,17.236038686418382,28.49751315913129,14.18365115338473
20.98270039864512,11.6948822621034,12.79395549063402,13.580044381134378,13.313943082206857,11.968745429376796,14.131607114342325,22.2093586608603,15.943491917457209,13.765828413661865,7.733543896435893,15.334877497169876,17.09473412178577,12.498788879510892,28.969483337619494,73.3384493306474,23.914352400503628,22.59489938933844,14.725362497360315,17.727960829677524,23.274976820226453,31.1672854228058,23.906335238170644,34.273304458739965
6.083736381570008,10.354075320939195,11.914381146480109,7.803919839433599,9.259672606989827,11.998366274016568,11.914244842222743,8.056595831315708,5.114479064419211,8.255019204356673,10.127898336126746,10.441118727775702,8.735720525274088,8.13317124956844,8.854216393825116,8.23940456126648,21.64428320037724,25.45643406469196,27.4464283682974,27.74710297188356,24.009150870251023,30.079980559285808,18.1880543472507,4.132240464384318
3.731750000000001,17.785952669078313,17.623908432160487,9.171413336845331,17.21202257384384,16.650143442714175,22.919241013883404,59.908152270462764,38.00386551386025,5.507630713532174,15.226234274789372,11.396862625530163,7.834154762392249,15.43040433985483,7.360957017659315,9.564097499807065,10.58037015368856,5.486775446906599,3.3297668009588586,7.7931559147112255,5.55569940386447,7.305169370219638,11.320932320632265,7.363536330160491
3.507845,9.049373845819494,9.049373845819494,7.678229173156455,6.054244782104304,7.932869151366886,10.859248614983388,20.522820901970437,27.99860446553676,24.4952781355626,11.158022185343205,55.17924132635248,19.61243153542738,7.545832764870065,6.64595261779756,7.239086196474682,4.368975855965471,11.293257946748607,13.845568966736003,14.913929007451909,16.304240442022913,21.751322028856645,22.584098425367227,25.250838383882314
17.830668324046574,3.690863000000001,3.690863000000001,3.858629500000001,3.5078450000000005,3.858629500000001,4.429035600000001,50.30024542333578,20.612079382218344,16.06577922977253,3.2943240000000005,3.82674,3.5938079999999997,6.164839665161075,8.474008019349151,15.86165433668364,17.007096408894952,12.70998574548796,22.114239517699204,41.46649782325367,19.81816694970123,16.20474359659707,10.37584696141992,2.520588452698953
11.6982614410885,9.939896538011729,11.380061462055211,17.12247057750242,7.913022696473781,10.881842054007434,18.6415022055084,6.816181507506297,8.511601001932538,6.587974033891724,13.300969877953593,13.105359753914724,8.559673327264612,20.560158410475182,24.449381662014538,75.5348536239994,31.101402998761877,16.29280177122108,24.72618969226661,12.595690789080148,12.04304829415878,17.894397436865297,5.302811782371761,5.834127940178891
3.806385,12.668579801602942,11.069702048499607,9.830093262091738,7.733231520463161,13.244424338039437,17.278655761923524,16.261868334096587,22.014226684683717,16.31804442278041,11.30749271548031,7.191609117469142,13.617311215657264,14.976517315030405,13.45668853665088,6.111175198683177,7.536186906396817,4.86277343965029,5.086314108993583,11.78357863539737,8.779013568222265,34.84209277511243,27.529615043873324,23.52054020432752
4.03029,10.26627996263116,10.26627996263116,8.442161760262875,6.893749114473483,9.30119949460492,12.31953595515739,7.627915372831287,59.79269044319062,3.8538008938234776,8.42988349636331,10.644227158851235,4.66244342541971,16.829053409764345,8.312560938276457,3.469554000000001,13.91788315743834,32.41902073743717,37.3221046144528,45.66119061926746,26.21770840464092,37.76783663365424,29.34740207949892,41.5795462349975
3.58248,3.7693920000000007,7.1322554968404175,7.45644892851498,6.893146343098261,24.007488704544105,22.5743331341671,12.611966599852812,70.4291858955534,55.60168670240708,5.079595493075634,5.153397637018292,6.94470557768984,6.285601576103535,10.455876541211955,10.793646259588495,19.17499326845691,10.29121065679978,8.281932474741682,14.680261431489074,8.919681641173288,2.951499870518182,7.53066910138902,11.494453163160632
3.507845,8.843154416784529,8.116504834630488,3.858629500000001,6.0444150918447885,6.183818750857722,14.352498438749496,3.532580183614572,8.83923972043117,5.766611723230383,5.676494173210759,4.749129124307196,5.816076282438492,13.488696219177799,9.453758076456923,3.019797000000001,9.48203267608214,11.491354249200862,17.668168193506585,40.75476401090089,16.76478749612378,19.25116612513921,16.990755341944848,7.501175973284198
3.806385,5.622788617968319,5.946350541561984,6.216639202542073,6.574042776193733,7.231447053813107,9.214246800000002,9.83911543864485,60.192965012088976,3.2233160249999995,9.208203533027763,9.46684281628274,23.33111990098662,20.4929551114665,30.74179436017397,30.63655061092316,19.2930837767437,12.462189817770197,40.45404254315298,6.42365440695957,1.342459332,16.60804819938812,3.1804855170202098,3.9756068962752615
7.350837530480062,10.32887617125077,7.855660878095531,9.13939231792848,7.8591324955113615,7.718389799688436,7.968697072491716,19.640239228877007,12.862829821299822,15.011109594063726,16.734992436671952,72.52656918831363,31.925699429156296,125.67273133867381,11.710268071864075,7.270500477471992,4.600956036123201,10.914314950080806,11.447993842165165,1.9167373101696328,8.41393219819553,15.663270769721304,9.67913658724899,5.439510531126121
3.209305,13.34698525699294,7.7317420102551,9.121170334414291,12.685151277307334,13.953666405038067,75.92004433487351,20.53550439640676,18.48063853213197,7.23699831109071,7.855716631975328,12.174928219550852,9.015897885692429,11.76259482077589,9.802162350646574,16.489843286108545,47.44713145266554,4.525643783657081,3.51450969456648,10.12636015620636,11.715910329896854,21.82613943197732,30.705480152008896,20.41613959929913
3.88102,9.57278959673771,7.327174398072281,6.355956326032517,9.098105815081292,10.007916396589422,8.792609277686738,20.039950882789192,10.82280749027234,7.704441424316566,8.544308069815475,8.631713992878442,10.723985770464536,23.99550434275421,22.590721754248463,82.82614144610541,28.704753523056095,35.79037937567524,12.577453528310272,11.861184643704968,13.650580211351818,19.936530055515444,14.449484110858196,5.50201656010845
28.459411094301885,14.363308330962674,3.062631000000001,8.114691063169733,8.972242211629373,7.378681794322103,8.032641160376635,5.299887554459157,4.997576677912467,3.3244528437251324,8.307085456117605,11.17558310498193,9.573941122842184,6.211166761593912,5.700402812970473,10.808948893026665,32.92182283922338,14.438706137355098,19.42954978305057,5.565982774821837,13.46380348530356,34.40157668739425,3.470732582296979,1.7602650000000002
4.17956,10.330313073863968,10.330313073863968,4.597516000000001,9.818066144581453,10.799872759039598,12.39637568863676,3.9234001291409486,5.815196477978247,30.084026780646777,10.931164727085193,10.710617612270674,49.64534805514487,21.62270367292982,14.52482166056094,24.333543316557815,20.99183597918832,17.404131427623334,11.555726356583676,14.410189877452016,8.9088694807061,4.274933464375862,6.3141196844005725,3.147532288983804
3.731750000000001,3.926450000000001,3.926450000000001,4.104925000000001,3.73175,4.104925000000001,11.571667371692763,25.99484307190228,28.76169231169514,10.1919975889211,20.96873906921392,16.75369767049974,6.4336552762273636,3.7066799999999995,2.883625,7.604823795203927,21.419162647433527,20.53716824457961,11.386894359350103,15.555868667397544,18.17281292887569,26.35161609393228,29.272234322003904,40.66427894678853
3.955655,11.676983938844854,6.838468345402485,12.207755936065071,8.554244200379108,12.518654526692634,7.49244698904232,8.082218838242659,9.10452282710958,8.096567657214129,7.085273932808107,21.939878011785915,26.321080748456506,26.880144926066777,31.827698787276432,25.481374599621184,2.606712187994257,4.951332632148692,45.138741218748685,18.07376188460899,24.777224912519568,21.74065445151928,11.413570606586244,2.392155
6.767788958334362,5.288083495471557,9.215528128624896,9.634415770835115,8.260867083334805,3.886064989583416,42.00479482005407,20.17208716865964,7.225447617573495,15.709976441795677,21.7785178264163,27.296843283892404,21.985001238972153,73.6135550429879,57.88169292004077,13.596217246185779,28.91752653001772,52.38926147814588,25.12874811634759,34.518575573583206,18.65331781397607,19.02851471138602,9.73663231513754,5.296678451087936
2.9854,8.1833352660145,8.315334190557312,12.491977741988045,13.814932965206578,7.764600293208341,10.502540087375856,13.78851838230947,7.987811131789811,6.586170789133269,4.153816186932809,6.654870032768599,7.9681461343011195,7.9279963493254595,3.151768700304973,10.038687653947363,9.408334279176744,9.455708512876264,11.15206621082387,13.711345577948665,13.585163501453389,15.004966007578496,13.455319918447996,2.2401029389745792
4.328830000000001,13.08527407705625,9.304257714428516,9.635212462164912,5.559137510806495,13.680059262376982,13.841861281454612,6.898961087753832,10.919370213356837,10.531384465210046,6.518734455080023,8.362557142081219,10.111475839564939,10.341886332864977,7.708574651084535,18.110536313734404,60.4076307479533,31.18849741685658,23.086078932605243,23.126315083596044,18.430597441422584,20.65947611277433,19.44793521710977,6.0327975530226805
4.425336508237444,6.845544521625413,7.210431336828591,7.919650795305937,3.73175,7.919650795305937,9.09038178243812,7.293415837947403,6.890119200000002,21.501710617628152,43.99488190384714,96.93757669062454,37.07018756135759,34.03627363853131,2.883625,20.857463817305295,7.923846995135869,14.552004514110854,15.465475059653295,16.428514803325637,15.58643822312958,21.07750499860794,3.483166573285831,5.785103246371059
4.646297341890807,9.730464626117232,4.319095000000002,11.066022836878751,4.104925000000001,11.066022836878751,5.502354000000001,11.471658228323498,13.18554951008605,21.9843473266537,12.476879135440848,44.05489569289099,26.36031531707604,14.59049309736406,14.550077120078209,22.945486415489867,21.6128349310553,12.339975422647832,12.278039243377105,19.78316349036005,1.4477502600000005,4.380284138377877,4.474112961069681,2.8098161790881155
6.848391475945535,8.346366550531483,10.887258514576406,5.036948449429163,10.405306698090593,11.989855471823,13.297229774793404,8.91100215544999,7.153107687799196,19.511092497024503,34.64394872829143,45.67891820781836,40.851267384881616,22.79635387920914,6.766592673497425,18.458836929366946,31.041614762772248,15.14124696825894,7.812710479645789,16.339255743992627,16.841921729015745,27.332780451332432,31.29702295238433,4.00049882395688
6.1610972110362265,6.482545761177249,6.482545761177249,6.777206932139851,6.161097211036227,3.858629500000001,7.779054913412699,8.640890081152452,4.473439605704451,2.970506925,9.516222176952756,14.941828292446914,14.351229654940315,46.441877538310656,34.67103123568703,20.361282490771625,24.8871787709456,31.072693175396648,30.933495549077985,24.17573463711432,23.97962628295544,44.56197942169727,26.11166638108296,12.727942254130848
10.180585926451874,10.711746931310236,4.68462958778683,10.598541926451874,10.180585926451874,4.597516000000001,12.85409631757228,15.07067314402336,10.607305272760398,11.58253907888684,8.536216980641285,11.106093737947498,4.281984,9.440179677255372,3.22966,16.191742521472158,25.03448609395393,11.560614608681648,31.382257415174735,9.555111760988348,13.844282130861773,18.846846232365152,23.08892780137368,27.768022292370127
3.4117237809901386,5.8971526770133575,3.743555155277584,4.878640318178306,2.38832,5.52192269480068,6.338206919249477,6.843351589286997,17.40879110360286,23.002191694002043,30.814404856191707,65.4002202360565,20.64894633293499,14.32042280285638,5.66448482069224,11.859883772688617,13.81963875919488,9.71461825036956,18.463379911503537,13.788867306367216,1.7704597674739022,2.1857527993504955,2.428614221500551,3.035767776875688
4.403465,4.633211000000001,4.633211000000001,4.8438115,4.403465,4.8438115,6.43062061280621,13.36321592219312,40.27516603198417,3.7289342249999993,4.135428,4.80378,6.276524612304671,4.083213,3.4026775,17.949001035282393,27.88567794920694,40.53354943076288,33.75767371898304,30.631965765774225,17.10578541711737,18.603252572189053,19.441347176875496,21.91327066122926
31.852726040180222,20.44442888169857,12.563433425945291,14.455041401139464,4.104925000000001,14.455041401139464,59.55826199725177,10.129811666375142,33.270298596519545,31.00198235988479,32.02744588061488,26.40414025724059,23.07368332416558,17.866936464730284,21.70111711405034,20.570123150769284,20.582242992322,20.637803481582523,26.034318950847744,19.042463267201867,25.78914716790603,33.85973384805155,28.672520437944407,32.943491098826094
3.657115,13.13098983313506,10.231856582846389,10.48027109345145,10.462578592231838,17.425017392586962,16.894506828613977,21.21275555750401,15.811733834768363,30.68829017123917,27.41910179416756,44.101574856302015,38.01371138218665,17.654800239353055,6.108212387293502,10.743537136201414,8.23180098000946,4.419778818486811,4.610956158669548,6.3690021567531465,3.186682207578968,4.555563864506954,7.663751810465842,7.786960274526128
10.894180550432871,9.226130200401144,10.607819694134069,9.619318684566077,10.14963123402448,12.709870030287776,10.19201520495392,14.3361872602583,19.88385819242865,41.64984766143742,40.202082095191166,61.71051673794108,24.096658055768543,15.232836266568507,8.9284210956567,9.946854806312171,9.710145788291648,32.748352633192624,35.263430750460124,33.681656660954914,26.852024168861725,23.232271295836103,11.665627724135788,6.259282241544042
5.580696155455622,5.884037509142112,4.94380356821382,6.1514937595576615,5.890137310911243,6.479151042002369,7.436938587341851,3.268677929249944,4.764657416418824,12.445019245150489,5.531607213725343,3.50106,4.050876610219801,4.7712462748829845,4.551469740249596,4.685998788262415,3.6866904896021735,8.094378768368522,22.6708842383616,31.45152878565777,16.29647514028074,21.97025950803707,7.074476581633831,2.4812099322390258
4.254195000000001,12.69266947116715,11.487300226038291,6.351544433052832,11.310841607302455,13.269608992583844,13.9644881695658,4.634684345934141,10.544274130502348,3.6025296749999995,11.328994238727702,12.326779988498958,10.924413786888438,6.1804142713682735,10.009051873436473,13.54705121755916,22.7917753212574,14.06748785479849,19.137302077093924,12.73449335262378,20.041386055166683,22.16297258861612,23.22544590630027,21.33562827735879
3.1346700000000003,8.58573308961844,8.58573308961844,3.4481370000000005,8.159994258728268,3.4481370000000005,10.302879707542129,11.99055505455796,13.579682898715236,7.145800731686196,4.4455023950982495,6.908294857298961,8.125940929412451,6.9987298328310485,18.51622023289834,7.024690709687814,21.40343883407952,34.309041874417865,24.54768553070802,23.39471577492878,15.293439540417516,26.291686496881127,29.893282622262788,42.22626012437531
3.88102,11.285797349193937,16.233898790418177,17.098423120834973,13.071456462600056,11.448534049766954,18.385941879075176,27.01998602477794,58.17413045390827,71.7651275610975,25.06054682286997,25.197677049710737,12.883538039341122,11.303563264509396,9.322097613364908,15.263435162981088,37.891261993469605,43.77389300567512,23.81590315325746,22.907105578998102,57.88041042689101,33.5219007142089,39.83978270314908,32.92437692278089
4.03029,4.240566000000001,4.240566000000001,7.598639195672975,6.907853814248159,7.598639195672975,12.0744362523132,49.55779893345893,13.596432791593156,5.849696207247417,3.784968,7.535840524634354,6.258225747143301,5.960750038282668,3.855505679427556,13.69390063705938,42.47777203343907,26.00136414923073,13.563306532716435,2.509235613317107,4.277599659260638,18.265051642250064,17.707683871835524,8.264169750168817
3.731750000000001,9.022658556381687,9.022658556381687,9.43277939985358,12.813003999866892,7.495377799906826,13.613719661706126,23.63918741590328,10.899806000637094,15.989507640725243,14.260116832942655,70.62426446276991,18.867858578753868,7.194782053611082,21.458917501277213,22.786572391688026,26.159926894979613,10.78183208767634,6.0547732032758885,12.767955372731338,30.833970720467875,40.655973176281385,13.153833404954106,5.05268574408414
3.955655,4.380288232770446,8.090559189868,8.686483623667463,8.104232151834893,12.223511947434847,38.27074881842353,35.097084948131155,8.876731251876041,4.624478325,7.610931064331899,21.9551636306028,14.494335890643427,7.5148334498832625,8.377944890162903,9.047540388284009,27.64695877865972,55.84281847510959,54.1692271913667,24.7953197633421,19.085198036180337,22.4476826695342,26.95291554053844,26.157587454572937
13.119996238637068,13.339775715298147,8.92472608616696,13.2835070666259,12.71181932037153,10.164483100920918,36.42793373784422,57.78753018528971,15.527564189723984,13.551109057095315,21.626102798885974,18.4309038269458,19.281982422550385,14.463591714597289,9.02129494009223,8.659202311416589,15.68286791273499,32.251417758764305,26.40772655553129,23.87418192552521,29.32294518554531,51.01165547270069,15.114667257384498,7.0398728255108125
3.4767475035197384,2.7485150000000007,2.7485150000000007,2.8734475000000006,2.6122250000000005,2.8734475000000006,3.298218000000001,6.555627637530568,1.7696637000000002,3.978711745714874,2.45322,2.8497,108.62983904224544,18.79928251266036,13.182158537859584,4.098003899336691,3.2800461119610795,7.570165518299567,33.76619412625431,20.55439392965333,14.025972970845752,50.65266468439342,20.119452553521825,13.819414007545056
3.358575,5.480829255783851,4.368243966764508,5.729957858319479,4.415990770555574,5.439168521416697,12.597866579315683,5.575555511141895,11.899835841968091,9.023807313041614,6.293819831608729,14.760678901547855,6.519434673877752,3.866483271718346,4.753666162601346,4.939463372967426,2.1848933929576724,2.6419037672708963,3.881246823945083,12.977649957279338,11.275226877831471,14.596497907505157,16.256349171945114,3.1501385279298613
10.155854629413144,3.455276000000001,3.455276000000001,3.612334,3.28394,3.612334,4.464692599309736,16.06730327569751,3.08170008,6.273093599999999,10.410905435627493,18.418239807388662,5.2534752380172955,3.045108,2.53759,2.827044000000001,9.18324694897318,9.57050788637521,11.310461047581652,36.9274271235961,7.128998534185345,9.313307342780108,11.238334817892472,17.19085876808832
5.473198965839018,8.238905966340194,11.250081075080676,9.749703937994491,9.065346359304291,9.247046591492564,10.568960021404482,42.20127992845423,17.637821242351777,15.18563930742972,17.79725787575815,39.42145849384214,31.297698917627834,23.184711527764016,27.23174742606904,31.4437564255801,26.17434073324154,49.69184879406512,16.084100864676042,15.27454938149238,13.567883942007642,22.82563512131973,6.559732241208389,7.23024942609255
