1,2,3,4,5,6,7,8,9,10,11,12,13,14,15,16,17,18,19,20,21,22,23,24
9.7528044572008,11.111789868962466,10.592974920882387,8.55849512004056,9.7528044572008,12.972864840942783,11.375675481193689,6.317192588010777,20.36408324701644,37.232468664381614,25.964757904959008,27.0830289816386,10.856271567417542,11.001444113355351,30.980904855942004,15.026022385499415,27.466489290930014,38.10172283236208,42.18989461428741,21.755711802792643,17.131782406387146,22.02821325499208,27.37298504832352,16.164885446016985
4.379768870754491,8.802711305806616,13.27433430797311,11.24665986666388,7.984896371406439,11.123374753719734,16.194193749180616,21.14256776056069,10.221301979497808,17.196667721243838,134.4480487179466,29.33259511021849,8.153909123071202,11.698568101617163,11.32222315342782,9.815361995452356,7.896533468591588,6.140349479704349,15.46216801237725,27.45828173962512,27.0593544837722,28.924833502826885,30.92031803486036,26.52569602325155
10.31396935766349,10.34265985805879,5.503078278015699,11.345366293429844,9.163342342491823,9.9390443859978,5.329508366410745,8.8514416551267,18.89645122448185,34.07375194950255,6.957977347668592,10.459326936527424,10.173781357294645,9.682411945335955,3.946861664554598,6.586548936576854,14.521525074403405,6.993995851765336,9.019707774008271,12.947199119338688,13.4452933617643,18.746023864742032,21.788563184866835,7.576233383804044
24.706163565665047,9.87867203439618,31.59320043276118,59.6910273099554,9.598100915209796,10.557911006730777,8.7582125229631,22.697598678419123,22.76791874370888,6.62916123839441,8.398608167968778,10.971935694304449,10.30407873899896,22.473099383028377,91.92650168519145,21.200202259843223,56.82489577109453,19.96337995924268,32.184289846917665,45.016719534241744,22.921357773922267,41.52770178890464,37.31825384506558,39.26733658262456
3.806385,9.564345042857038,9.564345042857038,8.149794749557186,8.776124113638266,9.99908799935054,14.220783990745892,21.64283023871541,23.047301205463324,34.15592781733566,22.43656660923428,22.399605683495885,93.83893344004886,23.735462662487237,23.357986296978673,18.5997846702727,33.88669308306409,49.73768958521485,15.774885443816345,24.124406246806178,16.973770767453484,18.283426545848734,54.32027324920311,34.518065992317645
5.016423612843143,4.633211000000001,4.633211000000001,4.8438115,4.403465,20.86405988306421,25.493859370184374,32.95678092044794,65.93270942909957,51.348041698459376,10.537381169142682,4.80378,4.511376,4.083213,3.4026775,9.449784656703569,2.756168775,27.79124792348511,31.10701627358301,22.521242707774864,25.223688581152,35.15737815627751,34.56853359472406,32.64014655954155
12.431974102175092,6.071135947780261,4.481033589556052,6.485628317524653,6.147901461104759,6.762691607215236,10.916617018601242,19.752376632400367,12.8465569556503,3.2865183,5.773681372167949,4.23384,6.298561496910488,5.700781354842594,2.99897,5.29254125782062,3.0597709064527785,5.6438264562505065,15.17941522634101,32.16484126201045,28.80300043533673,31.83557852143793,26.14247455339454,24.25318856956794
3.43321,3.612334000000001,3.612334000000001,3.7765310000000007,3.4332100000000003,3.7765310000000007,4.334800800000001,20.18846835476903,35.929959182806165,18.128589371350227,5.244235381555788,3.74532,8.643242941106218,50.97568901814666,9.866932806176639,2.955546000000001,47.94706398242347,33.73222658639821,14.057668536024348,20.105327450173466,14.58445815317063,13.245748367492888,12.234366131306638,12.127868675524333
37.6261923553416,3.690863000000001,3.690863000000001,3.858629500000001,3.5078450000000005,3.858629500000001,10.202042469372335,12.369560319552988,14.52389352552574,9.414996525,71.27635807596273,3.82674,3.5938079999999997,3.252729,2.7106075,12.625230978696187,23.309155953094837,11.202115124917842,10.889924653519408,25.123827024350405,26.500135137322705,22.33476452721292,23.69865689318922,2.1213450000000003
11.185530925374954,9.014639365905024,9.312163530853743,10.697294428670816,15.078567339469506,11.168949546066676,17.86813189370323,12.781152797873904,8.830552710990592,28.676498579840413,20.37725466586725,12.347088116752394,27.563851735274135,8.94466600886483,9.22277048268993,11.599277900424271,5.494705337986129,5.565219889058628,16.098629576338578,28.135173785042127,24.014150782501947,23.50264996530172,21.179534163275108,8.655217995038742
6.608865959572452,10.148579801186308,10.28155394025553,22.23450327982483,8.633184945953486,8.312131270038286,16.488894987652735,19.257551339952624,63.61486929996098,51.86018244180648,73.36222821188765,15.739352877329893,12.808049105767338,16.596305837808288,45.284813675436624,39.76103866810505,23.686894918630216,14.43504494137606,58.71786491351568,18.29704132458508,17.449881013182644,11.28354982174348,10.302403252962767,34.89653015666693
4.104925000000001,16.396772233060585,8.344162276964257,12.653520189342592,9.460593029679703,17.142080061836054,16.495914257654757,5.446193400075282,22.091025420429265,26.168162155493064,31.345539224675537,18.9184263299941,8.693595345257583,22.240602854685267,14.866205908111581,24.423124276454867,20.012165535988245,11.238515848474147,18.770640150374245,17.406496338725592,16.876792665213095,22.52155156707723,24.85041080672866,9.424140314268472
4.573422420901275,12.569253304335843,8.86951195918701,12.494325065501275,12.955991450524683,10.54823194361154,10.307241814835985,8.351610144354627,7.853023814961764,19.958147024861777,23.666411271145083,32.99375189049102,20.576653531370827,28.283849194461368,10.750672677549971,23.460403452567718,22.4457101391296,21.65821650001621,14.567259183513864,14.315298805587275,13.616576085354897,23.21072254895149,23.31866129996631,22.48157408745919
8.952829160009696,13.252012653375363,8.553944679418182,12.875672652868635,12.989188992653188,7.694587786392559,27.243753634732712,29.973923805602546,21.001261476976776,11.152881065793345,9.992846584401423,15.619490705598988,101.33129139908078,10.35922425057206,12.413698281226527,13.282155005589553,35.875606653419766,26.05129070458636,25.459011376903337,61.65280584826106,19.70288262607252,32.49836858460107,31.998753328154805,7.9266381899068925
3.88102,4.083508000000001,4.083508000000001,4.269122,3.88102,4.269122,4.900209600000001,9.57532752,8.545996257587198,3.2865183,3.644784000000001,4.23384,3.9761279999999997,3.5987639999999996,2.99897,11.756084028327837,20.944851471978268,3.793724492081151,14.127470259996567,20.18089592353414,17.187652187208215,23.07280914267224,57.48021452127513,14.018184448309151
9.924946649317414,6.162512908773661,12.459785848501388,13.02613975070599,11.841945227914536,10.396436700256316,31.76342369784423,33.64361663362164,6.402830271926449,8.404625276217429,7.7455467169465395,12.918485703179496,12.224107146632406,13.617527941894698,45.524036788993286,33.924869012939105,32.2711137968633,35.126576135873954,31.72005255217188,31.418197952359407,24.1404615729584,20.69205258167811,25.94632190830578,36.9885494011977
4.17956,9.68566122670463,9.685661226704632,4.848807025235963,8.748487731562976,9.623336504719274,5.565587194183889,6.613465541738315,6.236226865560729,3.5393273999999995,10.537739279257403,10.986830635364065,13.012101038062173,8.535898286194236,4.818400779384398,5.958006497868183,13.561142362080764,4.071538402209916,10.795295069523414,20.81188527856745,14.255164403041984,3.311878018900132,25.27087700322741,4.737981953926119
4.03029,4.475486607644519,8.938978152890341,9.836492975823893,8.942266341658083,4.433319,13.666267298026472,22.24733513694712,22.06311878929625,7.572473724776821,7.559229663313562,11.402460682665408,18.438048196908586,60.045747066107765,44.55112389383705,24.926411918596393,2.5225951500000003,3.98957424379807,3.571230141507224,8.67947250314511,28.87491426663837,27.88131351029205,18.95994980685836,5.407773716496784
8.575029805523913,11.423772055915846,5.9193522375011325,12.0907109889184,9.528175952055657,6.0530792359774654,14.047540498765832,17.378067924450125,21.875419749329065,22.920267598788246,11.675828479219245,9.79394626765288,11.260913720185588,4.718728582028699,8.49347466163689,5.933422954577631,6.987255568057989,14.045542806382985,13.918309668416343,17.613944017111383,12.297702856637724,6.590542839826544,5.072292756814319,6.647067126498437
43.655475321694034,29.07240771799888,8.117259254710776,8.486225584470356,11.39533864126822,12.823684345190648,9.740711105652933,5.707197373700056,7.6531602531684815,34.91647697371802,34.27688027769834,30.677122453805666,13.363169130802126,24.87032505776469,27.518846943265586,20.744900529372412,57.09048129345883,47.37557429261493,42.10133830673616,22.866163269442605,23.65062602709208,32.75588179809186,34.62214774679435,34.05485856951795
3.43321,8.111480492668651,8.443101640429708,11.80507213914828,6.455835443383604,9.403764148015751,12.278038703546146,7.710158578153602,5.821949251133764,5.047007423748946,11.925902585415216,26.201319298312388,11.423511521525418,15.71604188505774,57.22975408539236,6.636665857637987,4.173169385114067,3.183458392635344,4.582729555926836,7.4491030742674385,17.974205797172814,25.07255896703837,22.37011652089041,33.00387728750785
2.910765,8.264535886652583,3.062631000000001,8.640196608773154,7.854724189793775,3.2018415000000005,11.676524864081774,36.65736033878844,28.666132945472448,17.968900024180723,5.2661457509773655,6.607550016055184,6.665816365057985,8.67426592890083,6.06955960120428,15.930904798162269,21.57208761459521,18.48959610004797,18.805956936765657,18.92664442696491,10.166568329888008,15.184962759030292,18.067436075840977,21.10646320540515
3.43321,12.934063077125575,10.955664224640804,5.844857073052259,8.318385044858909,13.116220301748433,13.826908260872692,11.344755767555572,17.395743458861315,27.3297414775837,21.79432110990397,23.52663253603532,10.93917536812955,10.875562291774417,3.4625931719326473,18.41684208198229,26.532628162174223,19.63334228863154,34.07523934658879,25.5260193848664,4.335466847282808,3.746321794935149,3.445530679540934,7.291791032105338
8.212906281816494,6.355464039999033,5.669681529999274,9.034196909998144,12.074970594213491,4.4934854422724735,24.95100393892493,33.23165522774545,12.162844971984743,34.574948634664054,14.874838272400948,6.11541732982636,7.969005071673861,7.6156040067752935,12.228761328950446,18.216900140785405,115.2763522970938,71.4348165156016,32.051550295530014,16.388575670857342,20.13399859642784,45.89178242449573,30.36880638597357,28.0493786614327
6.274711425454315,10.182751920769231,12.712953714060898,6.725835170285481,11.60161186670492,11.174646473946996,12.883408211588325,65.36752554535926,75.10076447731676,49.88436834536722,53.64550195067825,131.2035750059245,108.14660511495178,37.12947867705699,12.35095787974993,22.381976655922006,34.123459802036614,17.71990022711939,12.000327457668384,11.50142782385172,36.02378392628288,31.717397191609948,29.41467679895293,40.28164538396148
3.88102,4.083508000000001,4.083508000000001,16.163238857071242,3.88102,4.269122,4.900209600000001,8.742848400000003,28.492085544519387,10.464040487113786,3.644784000000001,13.527414851461828,23.803327400368353,18.343150791308805,28.19981722618971,19.58291048012956,32.137930687577374,54.771683594185376,18.86405895480782,18.963068963031656,17.497218879524826,29.10081275964984,32.29984757592737,2.34702
7.277676577519722,14.787985298476006,17.767741973255607,14.839737121124005,10.82462517364458,15.778456952041036,21.927860606675026,22.02683982705595,22.911015977276836,38.153339260795576,23.56875985189485,86.35210605399344,43.561718889271816,51.20765608028997,20.53985241521171,25.053757599554245,24.66373211622989,15.260162082850814,19.110162768211943,17.926246658037257,16.60033129186487,24.96128737478762,21.77373996380331,35.73090390119737
40.069981497345175,34.990909631694976,2.984102,3.1197430000000006,2.8361300000000003,10.457656453537252,7.113273780940422,58.60345144266395,37.8318200212542,17.63581055031901,115.58381963856412,36.26274630503956,4.338906292946438,2.629866,2.191555,12.693957823767406,25.30413158606673,25.40806149454269,41.34998766064832,42.583051352533765,27.915103238712245,32.48652179377513,31.501218794348585,21.78455176478016
7.002813117937877,12.610654447255364,10.90330228109656,12.205119005842311,7.612996098268032,14.134558109889724,24.78043760966996,28.980539608847984,47.25659267934898,11.376389852205785,37.43510297429323,49.38499935634066,14.937158183678294,10.217961303464234,10.381032071255946,10.8721867805931,14.236077854966044,7.547431451114503,22.02862755941912,44.857848783861016,22.08002096114742,20.80548964754168,44.27563996673102,51.71627089764956
3.955655,11.32696562839326,6.693309100432381,11.841827702411134,7.762646705147418,10.080272328145012,13.68819075407191,28.034262629772915,23.980961527396893,21.033438802538896,25.650288817793093,16.863564384247784,38.89063165585128,38.711156164925306,30.90101939253383,43.79101850919639,38.73066267326409,40.07422098141753,26.590386233425452,25.34461408423576,22.34109379373449,31.410568342845075,25.40659829566685,13.129539510793412
3.731750000000001,10.010728443224911,9.457612221113555,4.394053934285481,9.514328685709623,35.11808925080781,39.55721829242297,8.615411630154684,10.75353883127343,4.921779722719492,15.24903229935364,13.781206312125445,9.747486147572866,8.822377508567106,7.148874154542016,3.212550000000001,15.038655143612656,21.309392393551867,15.928087169573706,20.480965813572983,24.725881130943527,25.48516221028888,16.601024867798653,2.25675
14.743932987490084,10.752259139455488,11.853751227673484,7.172376463959852,10.342421630424491,22.743132019131927,54.84225301718177,38.80861715993976,18.517721004434737,5.629867877100989,8.05149992429657,10.890689302655288,68.14698182045939,26.306592197303637,14.56188153695038,15.439944556173593,32.32721257101074,62.22895791615057,37.40075944132696,19.4629439905822,39.14237752972301,17.027588543357737,8.923206196647916,6.254507942509674
5.24142630344205,26.08577460839875,4.476153000000002,10.392673718762966,8.031424235545762,7.795828619325255,9.927836127484142,15.88530746239767,3.3479409265532576,13.951842190925955,11.54579653459605,5.413555070907087,8.711965964763413,22.407835778094,16.081016088648074,10.490333816120197,31.31939447373859,46.47124669566779,31.231004018897377,2.7172658522510518,3.332138407674208,24.02387213470812,21.35748681240178,33.185415350993
3.58248,8.26130386907517,8.26130386907517,8.63681768130586,3.5824800000000003,8.63681768130586,22.524618315094926,4.096960560000001,5.319137633148038,8.96227462423471,18.77207935746004,15.255679022782669,19.35036847356981,28.49947974777458,12.5386308129869,49.04131630287278,17.914276792157846,22.37227261426937,25.42204830977592,17.499256086955896,8.963079934339063,23.33736459221666,26.392267058912527,8.183705418199306
21.892150523801327,9.115125557087683,4.129805424532308,14.891649804974154,5.216431045005026,9.170625861577854,39.50354120654502,30.658625637808605,14.386060137440822,3.753225227163359,9.207398783025994,8.205924098192781,9.829692442113407,5.599478471859598,5.326624741886872,8.259672121498074,5.645366728485464,21.231519829961748,6.5822275071806455,5.075999555369856,23.202626167326407,17.18738627681937,39.20628577923301,24.81914781751214
7.927418736623879,8.341023192447734,7.105693603255067,4.070829247324776,7.927418736623879,7.686975862961491,4.376124904218721,15.30950770920511,33.589942421199176,36.47170598678844,34.782434405996035,25.123944885539643,31.64224850834348,70.55098498171,26.44819591647533,15.101590922961838,21.993949720225174,18.076904035390307,20.174325915753275,15.163603891651867,12.962900747655468,20.010223004630063,18.40103329772723,5.209133675637783
3.955655,4.162037,9.957006349826871,10.409597547546271,3.955655,11.188837547546273,22.266261289170476,44.59203933580082,17.243162813579733,6.74168344189067,55.71343247121813,113.9610270562282,29.39818756282442,25.13761096751017,16.412141208161575,16.186297638932768,24.630878434179102,15.86266055030633,47.66037848076091,27.25596433721838,23.150267291172742,30.862770955503887,27.36659026267066,26.896582763369413
12.137226095550153,5.956804986544464,9.9037415782879,13.35094870510516,12.137226095550146,4.297262044726933,24.42279075902913,56.96849102293723,20.87182876822577,18.33468881834096,6.59618527057413,10.862795763018484,5.241895238494981,6.512900103016374,9.378765619288748,7.868510565276968,6.914664610327873,3.1336167555653005,15.44805779462461,9.568485363312789,3.89626318912388,9.696189773411117,22.33865824895045,39.18522474231156
4.072035,9.832103782209057,4.004979000000001,10.279017590491284,9.344561445901167,4.1870235000000005,34.15932453865087,36.79681601667,29.58276592573943,45.30536800269573,31.83593047481193,27.703322912204072,28.622796653137595,29.278776828690425,17.19901799111863,30.5651972188047,35.928511408558066,36.08942658855355,24.814760734983576,23.184903058867743,23.478289201621408,46.57434541268504,52.799124140284064,28.70066663218002
4.17956,8.904131217675852,5.831512660169589,7.80979903739291,8.073236408961105,9.308864454842936,10.364394161404508,23.069823873121496,30.01869683214008,6.341977980641069,4.656486003770086,9.231931690753322,8.669988022620512,6.666410710442439,14.157503325726207,23.492374299181172,74.49825025805546,31.704488641618912,53.42389209340724,21.31971047857821,18.08398769996896,19.242834463199777,27.02237497530968,8.200152993351056
7.206574678016643,10.250159109519409,13.724645522547204,11.926881303886033,10.36600845193299,12.694546097176536,12.686614805595177,33.02201060878092,39.65313161552461,25.86325891079981,8.719933381321498,14.229910459139845,9.4167671981391,12.095423890268869,10.07951990855739,28.350557167948615,61.50037471242888,8.33907651212228,3.6707735634246,15.304605379661629,3.0546122575795813,16.594603646693486,22.5828531185712,28.919144838896266
7.604848178458816,13.157812620936708,13.867209372271104,9.455415135348082,12.280619084902767,13.845183992531489,10.494715061435016,60.15314164132438,63.83897674426725,9.426070341392316,12.304639501387436,9.406395091272811,12.353667603054047,21.38155280765135,7.926604624744082,10.015106620091336,30.28697741882533,33.89287812340099,23.639554151909945,21.611704302416936,15.167976325626778,14.835708566022332,19.91854248632038,23.201116347542165
9.836435672104043,3.926450000000001,6.846082277962807,7.462502119657226,9.836435672104049,5.936330701631214,9.96707810033305,4.475217486981474,4.783898485711706,8.329672571422652,9.237696109454234,7.098116862200353,7.803200604910377,8.09183879916654,7.600882110262215,11.04560863433605,13.685239984685522,13.954977927901124,14.93828128104504,14.55180807893444,16.329660849029164,20.4168179883122,3.953336834396077,3.095787825935968
7.507867691150855,6.404564316326542,5.470177934523816,8.063282762252646,7.507867691150856,10.432307324429493,36.837021720914656,83.72287688814225,26.995384104342765,31.71932595432872,41.05692314080806,40.85868212475926,24.31463000940184,6.961840949976247,3.33113166249802,42.395158822909465,42.692692103947095,61.420960536767865,39.92817157532566,37.96243051834396,24.58125132590508,24.728638497324063,11.9227001629416,3.144016619016318
6.602448654598299,11.452551699018558,11.289110296986482,9.44703731875523,7.229492861817023,18.97562242569913,74.28343750539847,13.699787269752926,14.608677009262903,48.631676434147806,7.5962437846582755,7.627353036637723,10.553147820109473,49.42312000259156,26.44224518921899,107.7313424819868,14.63555656603387,7.523652748646863,19.003872843569937,23.23335444705566,33.1226179001787,9.285149088361868,5.171768050972331,21.140447362119005
7.530735199377989,13.308043490323406,12.821942278041034,4.472333304828949,11.712035712974425,15.363742919031177,18.31147709726527,16.455588144997222,35.13299917361227,45.13980043678223,32.75072135212514,29.685940822555928,13.413776356398238,24.555005711063192,31.754511593963315,22.949094245251203,41.29356680451232,24.67724490877884,21.814788101666743,28.946338555958427,27.021672582469314,23.469362090431414,25.31843705054457,18.205865451052617
9.22613754161296,13.502288860256645,11.169438853214542,7.167887397887129,11.847344322429985,14.116029262995571,9.359719944984477,7.368697725241934,57.55736951076057,14.57285340508708,25.866334205913315,4.958664179744075,23.90657689815264,18.55448070602293,55.697608125012124,60.766517991522626,20.607380045195445,5.880990278354107,39.89579335617269,19.30226369190191,10.80490770873321,18.486628522355087,17.95328400022369,16.894801796890512
9.237053837679095,8.965497570792742,10.335525771107308,13.38346637402232,12.166787612747564,7.081336652575317,15.156385874655603,6.636220765817799,11.723274773074555,13.342122289794863,7.688202686416323,10.076786004740832,12.464946044364304,15.462399024305803,11.145136815343383,13.952859237609625,48.5124404447827,12.28572111803314,6.693480765537924,9.603160634617144,16.14135512616009,14.729516875932868,18.72009315994508,18.674943691429284
7.6794930839896915,11.416527424394484,6.371639394801238,10.279779608811252,10.594575019207449,11.648296331449885,18.150319094052996,29.233939932350054,40.97011041828836,15.761130767893158,7.49220645703488,9.230068739636376,10.722641570205045,7.938643043605364,18.28215050127402,20.031932096928088,21.117840853917603,16.35983829507834,20.43311336406079,17.1084102180105,13.654419245883997,17.549400677118992,21.704122406727805,15.643612547474389
5.872130000000001,3.926450000000001,7.549042008424659,7.89218028153487,6.436932343953479,4.645961468790697,9.05885041010959,5.154560749884673,4.147548411465612,15.53687205235393,19.02917525505049,7.82695565110896,7.350532263650154,4.600550822658077,4.4038927635441025,6.176488915983812,4.490715804823768,9.372006799324833,19.18715422215948,12.881129566258576,7.1131152058495495,2.481497835457895,3.408361278700973,6.076696525233422
14.988962700559632,9.070987489903782,4.004979000000001,9.483305103081229,8.62118645734657,9.483305103081229,10.88518498788454,2.7346393800000004,11.217985481021731,3.2233160249999995,8.096418586029822,8.21117825330041,4.796535388964592,7.994191078630455,6.661825898858711,3.2768010000000007,5.396078978075557,21.432947475256423,16.27975434421459,24.15901812664629,21.563672845926977,18.47202835469042,2.4767919005165866,4.287147189114331
3.58248,3.7693920000000007,3.7693920000000007,16.865404769286844,3.5824800000000003,3.940728000000001,4.5232704,7.241626766434417,11.5638538398271,23.174213622001734,15.22822235487497,19.467842692780383,12.68928121338774,22.008651194079874,2.76828,3.0840480000000006,2.2423068,1.59831628704,3.841835631117588,11.344937002898588,10.971597517338742,15.239466008747822,10.85553909557965,10.051718672483664
15.604460184318285,12.97370544302894,5.42780537943497,11.272507798044902,12.330381206184525,11.140254820473883,20.997128565381576,17.329675824116574,70.6952798321579,14.429124950102745,17.203776847049717,21.211560494827225,17.544304174293583,12.1836246299315,9.528021841142586,60.82717817291421,21.858283996033265,24.776197765230588,25.40424186745765,19.84563831568753,25.263798166740248,19.144167245792616,26.397668170427007,32.78467980655159
4.104925000000001,10.074275187350086,9.178827494352555,11.042401768548308,10.696978131148455,8.317244208287418,8.949941031720057,21.107716910525387,16.232163969235863,14.91026921468185,26.04820180195532,10.181410339779823,9.816392403887058,10.573288208763879,9.634986849283026,5.639473264436182,56.222925993054126,38.27094269038411,49.563215122761136,23.52727512021567,20.71265029217264,25.77586353760616,4.632198658646319,7.448309955615059
4.666214609811571,3.04553717446802,4.243907817021063,5.132836070792727,4.160015807631223,4.575908047195152,4.293775618723248,8.398454884201191,8.03312146872276,4.452605499830141,4.382184155301302,5.09041593797626,3.9964744104010617,10.404593550419166,42.87563713836955,4.0170021423595275,11.079584897011747,24.53548924876168,20.3297672047751,19.23493457462222,8.947655212596882,18.031932809448417,16.19148195851008,21.75937871217489
3.657115,3.847921000000001,3.847921000000001,4.022826500000002,3.657115000000001,4.022826500000002,21.916773849730948,12.396560524861815,30.84259075009367,26.39833063570794,7.051247437227288,3.98958,3.746736,3.391143,9.88642991737898,15.290342100503844,35.4900372580435,34.12658634726456,11.824778900555604,18.73280316454392,36.56428817285411,13.668731162296222,25.6947984531076,9.591816658353617
24.72010646579762,5.744247537270471,6.952058109830814,6.1631885796969,3.88102,7.110221869545349,5.0813811858840525,4.437669834461744,5.3494950074814405,5.473695596265695,9.552741943131387,28.204277754059543,3.9761279999999997,20.688181495055073,17.742732206436596,4.082208487707483,32.951104965888604,28.98246445976004,27.17529039658205,28.81890325227653,26.20919480831139,25.22687272074464,36.36900255424816,36.31070381712712
6.764628131398831,9.350491077653016,13.126539553764635,14.14769079005136,15.554020139097288,16.27739587214698,30.17030639856527,24.642965982100407,8.713106757641548,13.579919324999995,13.492380911664402,14.030767725670769,9.860005244580641,8.758207952828482,9.521012200902337,6.18892193812739,10.627078802404922,12.7065298326496,11.683303616601137,10.795066432622198,16.011223755931017,17.090810921783536,7.365415452657237,5.701048430354734
4.598332973734311,7.535252395042833,9.006346793183896,9.415726192874072,8.559751084430973,3.7765310000000007,12.764186151820676,38.8460904329294,30.97580053829241,42.14522375303283,46.74202946339018,16.99444777131257,40.84305294924821,27.072742896863836,16.55588545736443,68.40106373187126,30.21316982507744,19.70003482397036,19.06322623610064,20.1153186838004,5.3199198159376415,3.0168073279040137,2.3373840568462287,5.176450260545213
3.806385,9.904875770632591,8.429901577974444,12.528236620259063,8.788432523831569,7.0479843440443455,14.380236816297367,5.90475235630458,8.91396384694887,10.831815836028731,10.65466245740563,12.489808481501122,11.668411541398312,10.141018599366468,4.232823373742336,8.436421299138065,2.382450975,5.081316101504857,6.525695238923195,11.348908314735292,9.7923313212915,9.459167434349723,14.64227570900028,6.401175333012108
3.88102,11.82335633751984,8.192700724939892,13.588202829142402,14.02666784952056,11.019938619544108,9.961429373657063,7.197370187721219,9.502429892238831,13.206356365298538,24.58651666382304,14.079576435820242,18.81927138173996,17.112191789949627,10.838788792811334,8.810947269279234,7.001043203599659,15.775342399192404,10.042277104659169,8.771704734788758,4.369104929575845,3.678159915257812,1.877616,8.482530359591477
17.372621211894412,16.665378052381886,8.603122896402901,12.423824455915002,16.247629041894495,19.36011247146196,37.85308799799368,69.40979098420917,8.771238661156078,13.77746649853532,7.779628464944797,15.631009752784175,14.226171015984157,15.90834078988887,10.067985861713069,13.86220915918895,6.121763648951828,5.782993344998144,6.430804849031019,4.098473053536553,6.728895787418153,15.86195740985805,23.15419863227225,7.813234859667255
7.78186110927728,9.303926449777636,13.800934703886774,14.428249917699803,9.479275112684864,7.592940307496689,19.23643164466413,48.14192363868423,46.03454855405318,62.77254843886429,67.74932563971565,34.56258326080454,21.95966057228179,69.94740235966567,16.345048173703628,28.701525835714826,39.798031084586505,56.69840011242987,22.38116720990786,25.57965926449369,26.397129934910044,29.418891910021024,37.91741281977516,47.150412355575774
12.304029802867143,3.690863000000001,5.230648518641151,7.8830689237211855,14.213615952057836,9.761140654791072,22.706711981143787,9.8755111433648,10.71689253368584,3.177050468977757,7.8755040554612705,20.57323097900566,9.308657070487264,12.49238272911156,13.874165516160962,19.84393530035153,26.706521273210928,24.769051818746927,17.188131495541185,40.84790988931118,21.252750691010608,21.16420938858928,18.700182174365235,28.6945048942777
17.4766449570397,9.18170803102407,3.298218000000001,6.894267911047497,5.593570440930109,6.894267911047497,16.312284305557924,29.895780136797367,12.340038776937604,5.494723205829368,9.329995467103934,17.800089676968522,18.3783238232857,8.271070170925714,4.843080763958985,46.401664435638175,17.19282336537402,24.571201954212643,28.50044290617465,28.50192793019385,15.715491133810536,28.36026137832741,24.57720799410619,19.58408935566152
3.2839400000000003,4.445176078187229,10.404829350468376,12.171395559484337,11.064905054076672,9.304259449576568,6.905419387649349,12.635632040072815,11.226506050181731,37.08512511299014,42.062285643124994,14.768318566658577,5.5331227077340035,5.662281835567887,8.550153905422881,9.525440003074701,3.686872041877272,5.331743399659883,16.58598657584216,16.60025688228669,15.665177126223828,28.27344191059268,26.140483323164823,22.33032285306283
8.203814060821635,6.4820287204238864,6.959764369719871,7.026391842575144,8.203814060821635,3.5302355000000003,25.02403289997896,2.30567634,5.557711125567528,6.947138906959409,3.653569018065697,7.958968913791212,8.404856144525564,7.607173038216424,4.93589509602386,5.029220924258757,5.937254200542713,3.660115235607453,1.281684789,3.369927071147527,2.4930321250818053,2.089324592271071,3.52962969220306,4.961199807532452
9.209612726127515,13.95809712457621,14.28469946627299,20.28156180725272,24.488156728832283,18.331952455098538,28.815469961489114,23.42488649757678,10.643600579041376,13.015188751394785,17.08414898987559,13.999636085724095,13.215281340678033,11.481031325324112,14.24737812906182,7.986090264014575,8.116411631633612,7.674189871235512,10.8801898443375,16.759193014322186,11.9200481214277,25.97858901169508,17.83557846352238,9.99449944293386
3.43321,8.946606003778351,7.976738366727742,5.043971662054774,7.811641378007397,9.353269913041002,21.229531204534016,44.94170951753979,21.47033228279101,7.2004718380146215,7.985400400066626,7.013431459182556,5.406071960357008,7.8845746374395205,6.570478864532934,3.3523100333388864,15.318341677417386,18.1192014880192,50.21352282793505,13.707908179351408,21.20910293921716,20.08950169420429,23.798628309680243,31.362087399010964
15.276394770600088,8.696393572266091,6.385457403054233,5.950911850122069,10.911692690444076,12.002861959488484,5.166737820916271,17.17422625854625,27.22914124507253,7.5663059118800176,31.84891875988477,42.13337413820543,22.677658227277153,17.46000635419576,13.234487895706673,29.832175282217403,55.53196906801523,13.32090404491816,19.52936164682508,8.147394031836873,14.677609628336109,13.652586622366272,20.904178157523933,29.81799440525388
3.507845,9.099898970942784,3.690863000000001,9.513530742349277,3.741518605055755,8.999448811226612,10.919878765131344,14.26564646429168,28.18764746335801,30.0562838560503,19.837808059203983,28.83692283545697,20.572775871964524,32.404011283153025,33.46301710289203,33.03657430911033,69.6852455756718,29.082373001231243,31.423211213615804,37.961458291498985,23.861089818386365,30.673237356540124,30.616641378592,10.566201171016834
3.43321,7.537316462003188,7.256960571860105,3.7765310000000007,7.163565232482367,7.879921755730604,25.607345672543044,27.672757857419963,7.552928336912369,29.472430338104136,50.83468592068114,61.97092234757165,32.52060814600097,19.325310456958064,19.428151071557423,30.54785594156268,7.07598727706363,7.469195713538359,43.14800027570356,14.827320704424498,17.560593904692595,19.51160430244057,7.786840129609181,4.332116523991313
11.002546459558932,9.045023290714996,3.7693920000000007,13.546423137784604,11.440007681458866,5.740642604333742,14.063967354929304,24.85747566568746,17.541801855648856,7.108660481997884,11.154492535328266,14.131515925068936,16.86285081550675,19.46970957964241,13.218812676204566,9.095160335028178,18.03826586212158,20.64963998842448,9.668498719759343,22.62411547070654,16.23974899082463,15.502125169594514,17.518086959885192,8.548608076089714
4.561381034389986,12.854549320873144,10.052918349264068,12.800294793957676,8.582777445729599,10.509869183321529,16.89806647025744,24.07661764927403,22.131567861384447,8.439974938374537,7.8864848629292945,13.956449718876014,10.861672757494306,9.374453299151005,6.846640399016298,11.212626679081396,4.990265513170588,8.955055202949994,20.52201528473629,21.372268440076752,15.573408446847372,37.0123366932116,45.70351221463179,34.454906324235154
3.806385,16.705061322109636,15.751750122291831,7.480156580735741,12.667711068386495,18.81944232387564,11.579589433453972,11.898713470303344,8.526627214875296,10.709500609532974,11.959003820578438,24.11797700409813,19.917124336801937,18.840443218017665,14.882316528911701,34.34332275375277,51.787588108213775,29.548994375338072,36.803453423037375,47.42523133390829,18.23404796631185,21.20610158435839,15.40092203328384,9.13572718272716
4.17956,9.514483437161624,4.397624,9.94695995703261,9.042690870029643,9.94695995703261,5.556250223845181,7.814608014223143,53.04037546193024,92.47681384105658,27.24270998203836,19.732681548119608,20.43720031846079,50.605317713303954,40.35971174214668,32.780783767378246,31.592734060196733,45.868857768931086,44.48493656989152,43.73798811714272,15.23216885928648,18.17083693222795,27.31157229963187,21.805777246853527
3.507845,9.40206710265798,7.507888127383421,10.678124368973236,7.108350490191307,10.96102122891684,11.607196918950924,3.0744567983843587,22.486166948843533,29.084420240953467,31.6397430830318,75.89045030585405,23.059021466066483,31.117926799380765,40.841097589917645,29.27840606118367,24.318106844238795,21.306156736561,22.91138829267208,29.844576218150397,19.173155751726235,10.088095983058668,3.438980632408759,4.298725790510948
12.33776742634326,6.392775135423362,11.03267814519798,5.637261155480342,19.14551442081872,39.50039443252264,12.00139092006823,3.6607188279266016,7.878367823737266,9.847959779671582,8.15940883259041,12.411198048321252,6.574515687197692,8.263225019397424,9.4913681260288,13.860862460461577,19.497182096588173,24.78346789512227,24.00925516913562,26.81681180569374,14.712522785989403,7.726674090670287,2.9394277857844457,6.242284074245649
8.985538430354984,6.800167134502614,4.338588417032067,8.512975818347504,3.060035,8.279024122058983,9.771415721929309,22.583105289652185,17.720516817365862,18.90963713464041,55.76869241939318,8.442620646295044,7.928721998259696,4.8096417951594495,4.172381062229496,6.662328901315439,4.843953595811784,1.839669774251509,9.942310412506629,7.197636854447596,2.729462547900901,3.3697068492603712,1.480428,4.680148401750515
4.82724,33.47576649062481,32.60348852550654,9.63898461138709,5.360406642949402,25.040160291340538,15.8926184628234,16.140881911350547,44.174166883384906,46.83831041842891,30.797254125438528,28.402063332193347,16.928586211129655,34.23745257646105,5.644621428399407,10.054362195333681,52.72368547643941,11.806672602896883,21.224114063214536,8.658499616931417,3.004767486622542,4.631848857769104,5.836909846040689,30.339890069477043
5.476289282539021,5.762008723367145,30.479449875918824,43.996237316185066,6.331845959436762,10.941775358076512,37.499164645268166,6.767137885732592,4.405457978270105,7.825225511471073,5.142949934906211,10.080805811879,9.467191545068975,4.7276615819619705,11.144183906975924,11.794187682479139,32.204013475612385,71.82235682388247,31.89336567993455,25.38762570377323,18.742209785854183,18.97098639370501,8.52219824778984,4.03609683960461
4.328830000000001,9.853108873061958,12.346175677892887,10.567100836774715,10.62665991338893,13.508839640640929,12.28398913472006,8.441113782368957,19.806118333110614,21.005340181822195,85.31396040630003,103.24026037841406,64.06717298213515,56.25305685790193,38.43229808645824,35.22522503551611,31.776348319193357,22.35734268855788,54.00134241065636,21.86697577132896,26.156353224614303,30.40681830347588,33.79275443607657,10.514507186074914
37.01731420842,13.37173849863461,12.719434578960431,9.17464693166033,8.392663639241237,21.22637262276002,27.335909324596035,69.88626625203915,27.464605669081884,49.605162639846256,35.08397725280981,40.15853233019007,15.216950228523952,9.032951089104,6.125627468155321,11.954513209926986,24.16652110905415,29.20882427825969,25.83521703934763,22.60710576579474,25.231712929999,28.06629873615996,43.92258447684417,26.619700053309195
3.58248,9.15453478152621,9.15453478152621,3.940728000000001,8.467949503150185,9.570649998868308,10.98544173783145,10.440654277761295,6.9644086410591015,7.367818573508949,8.170989722353971,28.2053559712792,23.19843204366938,36.656223707632684,44.89918005635032,43.270979036582155,13.04820499747611,6.988852096957529,5.072951460234324,12.625979042474953,10.21415892087676,3.788367962182296,4.096747111405465,2.16648
7.116268190001303,13.650003564538308,7.264302693271228,9.877801501779214,12.440700638774755,14.270458272017317,27.00138427744596,8.691079693225324,9.059955974512915,19.0729907665473,12.183474255951545,8.053625249934518,8.437008611549718,8.129994097748922,7.556101592936204,8.568541514282353,18.202462286514997,16.448459908074156,6.902845402938266,17.779948014297773,22.999145615179167,50.01141730555275,18.7974452744446,8.17549844132436
13.749506356372594,2.827044000000001,9.152514504953167,6.931715381665646,8.839677361822964,8.9481090656887,16.705305663714796,15.56591790457119,31.25521180693134,36.52371642754376,9.832386500288775,11.900812043272,49.5971176026752,8.06604020609321,6.184856725641536,4.406313539458672,8.636305908647786,8.450877766562598,14.196427692718856,26.217972143051774,12.41539443273878,5.947582491571573,5.4598757602602594,3.095344221933777
6.020078655489459,6.700157663135782,8.89224796838363,9.29644105785561,21.4475792744073,27.252250647432746,66.11160552646204,67.5926217788185,20.756831466954846,30.791160187721072,35.82266222309082,30.58294497228464,26.665876448995487,29.748828901476422,9.514412635830801,14.539606860330908,25.74012134797928,15.9224916828351,13.24940997942844,16.06237569878371,9.97482480173204,13.671263776192104,3.0807637038610807,4.130936111338096
8.322521813714607,8.756740343125806,3.926450000000001,9.15477399508607,8.322521813714607,9.720370997543036,8.496157352932437,21.50271247621089,18.34821478618398,17.25562832656196,3.5046000000000013,9.07911470587048,16.09179259255698,46.69022335742599,13.018279554415596,18.889970908103713,14.341179053483726,2.3166012372734555,11.742178805813705,16.357130682817854,12.521063163896011,18.38627759303791,12.29802314440544,3.897253977268839
3.806385,13.896587824075723,17.53673905185466,5.067719249070942,13.20750082453477,13.427381220649572,12.632363167069496,6.315755543996836,8.116375099785186,11.184351834594674,12.40356599173701,4.15242,9.429899188988193,7.055979234916292,9.55219563176453,8.268354810914879,7.652398823216088,3.366115908361527,4.635126893834682,4.685339006553341,9.221658810877887,21.96293651624601,22.14874580450938,10.89590436257124
4.884128264872384,6.117209739869198,7.682421566448659,5.167996364022534,5.99982677762014,8.616052546741779,7.110734400000001,13.991926700604903,21.901108557265093,34.45397126807476,28.81199398664208,23.0941775673196,38.285799008285835,56.686435218887404,4.463848809464337,60.64846074851429,8.602645055386239,6.312568266945274,29.974930505743483,15.195240723145538,15.804177366909697,15.903781895671507,2.722760072176272,3.965709222138676
6.77453338134356,11.96483745117082,11.96483745117082,4.768726524386435,10.914165829428782,15.93178369895131,89.15459674962754,73.29205205639109,8.062176134217633,9.629626595515,9.815921333834916,20.25000372943552,9.61968670385165,10.544518655314329,8.787098879428608,16.361427445328314,33.21904995922075,38.76046618529467,31.18177583812356,19.36372601289533,19.43534948885066,14.88405732066382,24.022310410343955,37.18585776086766
5.306382799165029,3.455276000000001,3.455276000000001,3.612334,3.28394,3.612334,21.378192831594067,65.91717073936056,21.610402798744136,2.7809001,3.084048000000001,3.641899054583516,5.603030354359663,45.91371797156772,11.156264866688277,11.343165492081342,9.143463525360154,11.340599915547902,7.485461371682198,18.962039221002332,9.873649145343208,17.783020655399636,7.791042856610553,4.458604419344156
7.835576848808319,10.937870856842023,14.449902398123166,16.16502883253176,11.19879589748381,12.25890077576556,19.04054535543888,7.362732353637909,13.093112662154404,9.563052739483496,10.752733825381164,11.45576781089426,22.228560329179402,21.944305843609737,20.333908295596117,41.60342133888993,41.10848386149333,26.219861365783448,4.763062009953526,12.850033106807036,17.271617780598564,16.935037859806453,5.59584645981542,9.119720258521625
3.1346700000000003,3.298218000000001,3.298218000000001,3.4481370000000005,3.1346700000000003,3.4481370000000005,3.957861600000001,33.49000704551017,26.688426384702925,31.4700560576094,14.697199845235128,20.47801595432937,3.2114879999999997,2.906694,17.6197705985345,12.941744122004174,8.53464107158325,4.67379570293895,10.007372046114392,8.693558434479762,7.463363861753308,13.026323810122973,10.731430520391472,1.89567
11.609652265693835,10.109047031486217,10.248580840624603,9.87736097159898,9.162909684602525,13.504640266590622,23.8014744,39.73064981937324,110.79623031341056,3.678110470810816,11.529653350132705,13.393031669346067,22.424826743543917,23.91242001232224,16.838330726742775,10.038380950348593,18.899259700878137,22.62478681435136,22.5373804010136,28.294026447159943,19.0654744481292,7.608320010385413,20.324241755047844,31.39244446383025
5.121046095774925,8.798134771227854,10.649809072465157,4.019949609577492,9.828410076251608,6.762391472394865,37.06679408695818,18.130571587725065,63.7971602961578,32.349636515358974,66.06683198171297,50.01914866459871,71.52942994385849,20.63705881460124,4.622518401046092,11.08428263004877,38.68304768090469,18.495186919735595,9.46531770560685,22.73610498817469,29.47423678952552,23.392569583641865,4.896831819946414,3.717735879541553
67.60332564224456,56.72461069471417,88.30713335690926,12.726052968330771,3.6007188118879427,9.228028420350666,42.39761022673635,24.51098408266271,23.8431549662714,32.09480527196227,42.29459007568778,29.411111803809924,25.939278344443604,33.68166011468669,74.26533502088168,26.549521170251907,60.2483112630707,29.51867034142745,20.63043557249464,22.71024924065736,22.15951696114228,25.694646058737664,40.646707924254265,44.98760408906896
3.731750000000001,7.837940519620705,6.886998259736811,8.710063649103057,9.637750033880216,7.200043635179393,12.958186535229018,18.111723538513704,19.111447458200026,8.533513764893476,8.416383855611146,28.02377405496953,30.891326810193082,34.39088936232459,24.80885672402738,11.61833744124365,25.733440207970396,25.432443056216464,17.799085976347186,16.82778388103966,16.34677660130219,21.646795588056857,13.493748083568434,4.336473984112634
11.135606399601356,8.748492985138114,9.787559717804704,3.694432500000001,13.036753505265986,13.132199426408508,20.00194772219182,20.821334998899463,14.33035907384075,7.319212087013002,11.566446813714748,17.662862620595593,10.156977710091013,8.014596166133398,6.6788301384445,11.222944321924635,37.34070695314959,19.50399839432122,18.991384352143207,20.07361227378177,22.112246844305503,41.80350037546511,24.40851781808443,6.555398525133808
11.260133501820638,9.729423215923877,16.355657764311257,5.664578263829074,7.052511508702434,7.757762659572678,4.900209600000001,18.093220743927212,56.98090506409081,5.703627305746079,6.623228199477069,7.693648918584472,7.225339853974982,3.5987639999999996,5.449667983997335,5.661756438759216,57.24695424933464,25.19413361252401,21.391770603128013,15.869332083138191,31.778720136063065,24.7837352921145,29.19336679331353,49.337282392891865
3.358575,3.533805,6.553231650570087,6.851105816505091,6.228278015004627,19.98401901458444,11.736749769038497,9.795209451375968,16.409495885236776,22.449414480574703,53.813205478560086,10.595159508605429,10.421019856247995,4.740480041835956,4.812760284321757,6.492728650842028,11.924856762358749,3.004719169151038,8.29425311847545,5.702648789096628,1.971715370844796,12.714865918972675,2.3961635771553933,3.766508048599636
3.209305,3.3767470000000013,3.3767470000000013,3.5302355000000003,3.209305,3.5302355000000003,4.052096400000001,2.30567634,7.482948812130984,2.717697825,3.0139560000000003,3.50106,3.287952,3.7750384968098083,2.4799175,12.597750442003571,15.292359381906412,32.14713495341786,38.900880194422086,35.42001631619424,24.47616959167008,38.34071922036391,29.54871202753493,15.426739878569313
13.44147215109186,12.198234943868606,10.631367159627088,10.836326350020192,12.147796298066591,14.785619366201049,15.05478449898524,8.955170832170646,8.85558452436451,7.229976802951545,14.4919659691987,32.98697379112659,43.87512412325313,33.49970334093329,17.00828092527124,35.18901763259934,71.25894780267315,34.94811985712254,58.32089323345146,23.449050876021285,23.12021717853409,21.148548744468137,32.71402017935776,34.2626578679376
13.114184118060626,26.047960865646985,12.771774862299416,13.707464186938145,8.160733716727384,11.435299394370729,16.734108345638244,10.413381618884046,12.122971960988478,12.635402268077325,14.012796466172714,12.09371180684415,22.485306810811117,23.52000895817806,20.22062566206654,28.423205097805916,25.97310397148721,15.984291276577224,33.00379985177838,3.050148794435912,4.0794834682664805,6.496841997952803,6.742801858581927,6.099723021184777
14.395129927642412,9.850002959990782,15.600991964191929,12.239963865251877,13.25012068385154,12.344424624672646,17.74149423389096,5.572100373675639,13.783588757111074,15.533007652200874,28.93786675589566,28.690362410063727,13.337226108470144,13.74903348910378,8.81811488409003,8.448804517989265,8.927362007862891,12.899044227161868,31.159323198162834,26.008902505476605,16.717870541051983,19.57643615348972,17.47114355791964,19.359997792398847
8.847490631842236,13.099799836335771,9.351516489752331,7.484726003001155,12.45022298494722,22.71272510676976,123.47846436860216,38.47539493858199,38.81317260444864,7.81515836490735,11.692383324993909,13.074715259759715,8.476671322305537,8.388040021095945,8.362831118142628,50.22962060373547,62.06939732663228,28.283242708936108,22.596891960357578,29.79251542637329,20.36612518772253,22.021420124988303,24.229176558418004,7.401262060065536
3.731750000000001,12.477962575653772,10.07719409808514,13.04514269272894,5.126135731921171,13.463458412305291,14.813503858946609,9.165384620305977,8.801807675439244,9.720569690488952,11.137355026203364,6.560151389214651,28.5838312768892,19.91976638192397,17.892051620882814,28.291686209644492,10.346064837207257,4.224030242421112,3.356630580074861,4.653179891918704,3.646095174592475,5.163682784876105,2.479996101134985,7.018464349948757
7.912759137617563,19.305473803834136,14.311498148484931,14.152597150306834,15.80522114112846,17.86784408255848,20.27079826280924,13.352528716124134,13.798632270351646,32.841439043392405,59.05019929145107,37.88037297353209,11.053489919678942,17.90724288891646,12.382440504110379,9.867347890532743,16.89200116899916,29.57104591665486,30.64619108070083,26.88934993365134,23.040869779241184,27.62533419018748,33.259835654447336,26.35107069818274
6.93094654962705,6.461400040166377,8.954883376316113,5.596511825195273,7.457577557261982,10.230864692382664,19.98480538603923,6.682008228337199,8.465266016484888,7.207133692557645,3.788899207170196,10.146312091619167,9.52871048604235,21.0524064656456,15.421865924358217,6.682818121467624,37.45250620921431,13.697970390550704,22.304596508001865,19.53349194604699,13.447142218671454,17.85904289720948,19.26128270974904,5.146871362044947
4.845673509041747,9.870984222392185,3.612334000000001,10.31966532341001,3.4332100000000003,9.427419733854096,9.455514618320874,16.154930408835213,14.235090628217424,7.977305470313662,5.5530978409243685,10.838153921093031,10.936198116413935,52.54492207238501,31.20530064543442,8.619092158254487,20.78391726300563,44.6574451195027,17.54565066032055,13.255389498049254,10.563632002285267,12.2423098625513,12.925151946904814,24.70466806307005
3.358575,4.031121128320118,8.25830821904111,9.41356797568134,4.540214561091187,7.853803755040974,10.805138893825536,5.985767763583143,5.039064101850303,6.046130742000551,8.036880168961142,13.285470546365236,9.445864020336302,13.931639517940898,5.51713486924366,13.560196056716482,19.166112872745995,15.729296353105235,15.593238330828488,20.71865790966208,1.6846204516854175,8.945929103783694,20.40074213212857,14.652038163143748
3.358575,5.900085395917273,8.754314229216792,10.001673856219249,5.607519177937903,7.702371730459245,7.259218677526019,7.717079008397862,3.890080504132493,6.641609689071963,5.266191923628639,10.464213983188602,6.685960948431667,7.576331928462425,6.660654535692573,9.951610407186783,16.882890610739896,22.61648355694949,27.813745416781803,25.05559931794339,16.42728651806971,27.605063260134603,18.4327079072464,23.60341599594186
3.88102,4.083508000000001,4.083508000000001,4.269122,3.88102,4.269122,23.101531304933303,7.19996586413026,13.249569526880626,14.94542374134486,27.935444138167203,15.04024665675038,31.983129537727557,15.704179883771257,15.482969622377,78.13988639226626,24.385419867765368,11.765988029149907,3.110075974055849,10.658831924257749,40.53422894875158,20.34971109692069,19.600055916617205,2.34702
3.209305,7.79824875187805,3.3767470000000013,8.152714604236143,6.5711079848990135,4.223607365635424,9.357898502253658,6.251717985786484,6.269473616521248,6.098315445922454,6.6122610563132,6.939267598192173,6.947400782771494,6.872536277951126,2.4799175,7.275703498033511,12.214448415300652,20.46949896202046,28.619588119355782,32.061200273624934,32.38648915241055,31.75150434760552,2.772460260923831,15.111191566600375
2.9854,8.695914474627092,4.403604198778885,7.507389683187539,8.264712103984424,9.091183314382867,23.018745371964823,60.36779497856689,78.96150483551416,32.539792127338146,7.761642671567981,9.016049567983009,8.467246550801434,6.328543369298584,3.234051919088173,26.92401759867936,39.49546452390954,45.94974648517213,30.050738188022827,21.626872451293007,25.616578380806384,42.93447620141816,3.998421982322899,31.0613068976101
9.511875292199578,12.704928124648838,10.29212199071332,7.409036349062844,13.23995732349595,11.267146696001474,13.805992674807213,7.459306601081551,15.82216376388273,24.78694417048946,11.121113640609211,6.114426701022769,11.895928330878371,11.196754838627406,7.710184285631711,5.62742829036871,8.287009652024507,4.6726893774469485,10.58979527968894,20.66602468887576,10.85236484719254,13.504353263670405,15.10868675496826,5.188607834029447
9.950082526392174,10.334914777468263,3.690863000000001,12.208755111407976,11.09886828309816,9.681426446654806,5.644228006258396,9.033466809578334,22.7406656522136,48.999800489558965,17.96731673138672,8.322445075069885,9.205968731314774,15.29470683783108,17.814147685713223,61.19319325182756,5.139671874501677,13.316810961733529,21.97101184628125,27.10284895424701,21.59329405779463,25.05384999654684,43.33678382239,35.704664805270546
6.464580287911033,2.9055730000000004,2.9055730000000004,4.810276694503562,2.7614950000000005,3.0376445000000007,3.486687600000001,15.953146277615588,81.78662140017268,97.77771639018049,34.131105479567566,27.959970637957426,19.32846893197627,72.34786190542427,17.939921020302187,16.385289466913,21.95918964817473,18.70298266054102,59.4234024568761,50.128687182959226,16.067002683051275,19.7749749421429,19.653692940535336,13.47775244728546
3.507845,8.972770048256615,3.690863000000001,9.380623232268276,8.52783930206207,15.993603617429244,101.30011398988869,20.31273277288645,8.345921901609376,48.751739565776205,8.008753431501772,6.562522561923481,19.85170675549267,62.765557655592026,14.617252297310838,23.054359666760128,11.910280787008414,6.535607157726035,8.141717584306653,17.165112820276914,15.30076812608277,27.707374281101032,31.7065008324108,5.157151830891291
25.593963953740456,13.598511295782316,8.84727944690647,10.332283534816897,7.577696100127231,31.5789121259761,12.168574455407786,16.813516197216284,39.0592901776069,37.58549567850021,61.97975959947131,86.60807622593059,41.53544741950215,40.48271283718391,32.90369996856341,70.04204913907422,34.58243457487437,34.59091857436589,19.216858506029524,40.41608191513442,23.45741522139632,29.38388591900142,18.939731449009948,5.939022410878637
6.789584039667557,7.928534258693202,8.731960233315288,12.219010372381357,7.109331600353778,12.429338962537951,13.061187692665134,7.761076074826123,8.66334422558831,7.382624110391786,8.957891944497185,11.761631620224408,62.665221439215905,41.35475472817537,17.897511699179436,17.478552951255143,37.45954528104812,19.48251203541657,20.344646297335597,24.644760618663778,16.141407560153585,20.35135595909581,44.90793614615094,39.20785183022859
6.245632449685088,3.847921000000001,6.571491534016485,6.870195694653597,6.101825924702581,6.07925980724982,28.315841616237208,6.251115530832884,22.295975382661293,12.731194398599156,16.345258710982357,20.763737029905112,89.25732342107223,16.33442264774993,7.850511303329205,5.376674891468032,2.919090204230165,5.760071998496495,19.579108416792632,28.944458061605125,28.967286225326188,36.05570294183971,9.1889302120714,3.777003022932089
9.209879054515625,4.397624,4.397624,10.394359862822768,11.157168057111605,8.326736,11.930917407761784,6.788790607639659,8.557712894690514,6.3517596306114825,7.749444250141072,16.02868367009867,16.987310728875222,47.28261125824552,7.210119734437001,13.792834169478159,20.981305867089084,18.107015859836995,19.147231078854304,53.13738219864218,16.784034570187575,27.61019979476345,4.571576166760715,5.7144702084508925
2.83613,2.984102,2.984102,3.1197430000000006,2.8361300000000003,3.1197430000000006,3.5809224000000013,2.2411501200000004,14.265478452830694,2.40168645,2.768607884469574,3.148226517234572,8.034277544884732,66.91331024138799,2.2396034788014445,2.61393640084864,52.20206052816391,20.618392019051427,18.77849329282255,36.50445906813761,17.71932466266078,33.8056433603164,24.8852109792082,1.7151300000000005
3.43321,11.127534117694797,12.498981184518282,17.007182860485347,8.879319845841367,8.168963219910292,19.52128815290492,7.195099548802718,12.498259030190146,33.322105992785225,29.8938945289098,23.57619211680717,12.39052630112685,22.740734417049467,19.608424130087066,28.057681362422,45.12179593218639,25.207182028257357,22.60055021705424,22.684978333296765,14.250010695072971,20.81956185249073,20.063698216512343,12.121741354516203
3.955655,4.162037,4.162037,4.3512205,3.955655,4.3512205,6.3680364,7.699523040000001,12.95423233299757,19.38682183612338,10.990380290785795,40.1904628856641,60.261992985769574,19.377565631067124,72.24008877003327,59.83425021382789,35.52312993000111,43.57400176478886,40.99900887723262,27.38920554381617,28.674921882575305,24.329791204414743,1.913724,2.392155
5.631175097162603,7.8449720740291315,9.7649686110437,5.620787147770616,7.977333793514521,10.495583550190716,11.059677806276014,7.732744213011413,15.016690883863903,25.60383510514852,35.82585416195658,21.944194066735506,83.23873260457913,66.76569070852642,13.481787239756557,22.964243411817563,5.972073780418436,2.279729949457787,3.1858696446499257,1.5635702808,3.273194001412413,4.154486108117173,1.841508,5.770119594607183
6.4929478462179,13.250955888863144,13.250955888863144,4.1870235000000005,12.59388369602695,13.853272065629646,9.352960614872124,16.43613817369795,16.76649196569546,9.90638627190768,10.565783004131683,14.250366422628309,12.131114314008355,9.224876821980688,15.922828011520627,18.292597815463022,21.82356868438438,42.38082866539793,30.301851575924548,19.469146489198582,18.366047320796973,17.386142148006442,26.9191513113089,13.7925272046712
4.496791050463361,2.827044000000001,2.827044000000001,2.955546,2.68686,2.955546,10.524896171759044,20.23174710873104,28.94637829782269,6.254430879468506,2.523312,9.678155695893096,28.205286003401604,22.174301606048086,58.61933255961693,25.330049091296917,18.10180756103732,27.9737949402608,32.25940286023103,26.176250776886786,20.515309443760017,20.067024991138545,21.889948181497253,16.258418587528197
4.537373667239505,11.920510761566495,10.601680555166666,6.369888067926911,11.468681461852432,12.615549608037677,23.69888495733724,29.844147748814915,12.180177461012857,27.146523621595687,17.927737676353097,67.42616445987544,39.2518874370338,24.093146866272516,20.93720879139155,47.218161838867346,24.412777311212377,24.017140844556423,15.952615667025082,19.33555289459304,23.58450508076813,30.12543494595003,31.542065138140448,39.9488204893467
27.003602907432374,88.19795238309541,74.0729933503296,4.022826500000002,3.657115000000001,4.022826500000002,59.29592978100244,72.15530172120701,27.04692111345741,5.618169996897077,22.622363535925462,10.450387965599097,16.575948236163196,23.856047604702447,22.878998612554362,3.1482990000000006,13.53618579734823,8.71892890386979,17.430624997995242,20.23666264295228,19.36474449140742,14.740822945891184,1.769292,2.211615
7.325265959502163,4.083508000000001,4.083508000000001,4.269122,4.735352979751081,4.269122,4.900209600000001,14.878626166267743,5.632148630755333,4.572716614599749,14.11941637364884,25.262503649154382,7.434086081679647,3.5987639999999996,2.99897,8.036569976736207,24.484280934122022,10.80510574613937,7.053333250783776,17.377187075913813,14.264952707370364,19.64790080062359,26.7296340496482,25.51206702429937
10.260735123291928,6.198651702636082,12.669785004118868,6.480408598210448,11.998252826377264,82.25060833566218,12.379974746113785,6.441777854182204,12.42966867801896,32.298025105349126,29.80402100659133,22.427067546883343,29.1970471154457,19.52726420285116,21.795634071681818,31.80924673064223,23.153529945309877,29.289561877657217,26.879006373843392,28.52893908698085,21.958733933915774,30.200255136730814,32.74223973155174,20.59535042477808
8.1944565165256,7.208470469412298,11.556952212843433,9.552062238301287,3.73175,12.860793140738698,33.09855226339231,43.39929601949367,68.02353890670385,82.75048964095441,26.084189385180284,12.75450559412102,11.978144384044088,10.217443068660735,17.244920438318104,8.294025543321075,26.055693198151637,24.29425396330294,31.10640206535537,50.517213762158335,19.63828227808353,25.476995644609246,26.94121421030495,42.06532739387355
30.71702432945434,9.372419060641834,3.926450000000001,9.798438108852825,7.394171754508707,21.642182538005347,14.017227317295934,15.562505376889323,19.776964105360246,74.23109007053127,27.463664233887457,26.5301809938615,40.73083207779458,8.25984038928089,5.247010418964075,36.675630392383795,21.576513876415,31.66371773615517,45.06493440939214,27.32808688227948,18.188265668356536,18.774917482093755,25.21449006331237,16.55554486393696
6.264078241075785,9.278645100796318,11.245315157333016,11.488666352057708,4.032344143367453,9.294817636664522,22.748595747557246,8.091600965142627,6.508402829265068,7.145769804399718,9.444841678423442,10.090788137452916,11.391520716093243,7.910550262348025,6.6435921771116515,7.259966566838546,10.612342077910172,13.205179372895572,18.777768087416337,18.78570474514301,15.817167088767423,22.027026114270672,21.669987568667167,15.559932538203368
9.082927152720776,4.587221934289546,10.000399564740809,8.03668961323432,9.038866152576816,7.821504596756748,14.983801999760429,20.89317638287653,60.783605701097656,7.890260877320728,7.829922006232897,9.400670533395786,5.0876252303420095,8.857447746150514,5.715545142546989,8.38411473045348,12.830783947177654,15.879753580514198,14.320859513486846,14.57883294285311,13.808781908390412,19.1035411951662,21.22475334135675,12.775364451120796
6.813159443645882,8.5422457478957,9.994722936396515,10.521666525258889,5.969897396730971,11.98078359324983,26.114860497791295,53.67426850848268,28.43193234951069,15.69042245788276,8.808197161808563,9.632570474821511,8.13774674572799,5.8807659643020544,4.646716455168425,16.39520598497173,35.62514571954485,46.17911596799463,10.85938281264099,26.999087684443044,18.4766667898369,33.45330827251404,13.155254016570458,6.586632733622797
11.70395906589285,15.064041003384434,9.853759837317655,14.333906717741192,9.365143647037442,17.512398377240064,14.558145388948605,7.498310921310842,15.745823096288763,9.014051118610409,25.332834271169187,25.979279600579435,21.6326134118501,9.758988466893248,7.750144564293068,6.239695198781498,28.50987018483128,24.309337202034985,18.78409399753112,22.873738505360983,26.299189020578087,16.82684610967765,28.01994828107754,6.300043863453747
3.88102,9.708915382473393,6.640511355669724,7.209675859020182,9.227481561854876,10.150229718040364,24.40734554719913,21.66181414783303,13.295938433539048,32.4927273999208,12.669621891299377,10.218270564461749,9.453609568509027,40.39855141895552,24.595340554344855,11.373451762425935,46.310487685555415,36.18158464298059,35.463074992228215,15.711504809462276,27.6658607648434,37.8316899067991,40.32624308813908,24.1950499679955
7.027488258729024,11.096498745061051,12.506764714516883,12.282580668807569,8.537554773978448,10.750744182036447,16.700436820767266,21.80421395985371,27.06058465011392,28.244044942854096,10.407812845843686,11.631272155469649,8.536367326157748,12.26497144425244,14.60776421790738,28.186724796778147,27.56491776362205,21.967017372698788,15.58339253772437,27.1675471821929,26.48152824579769,36.46464764939018,2.619644234386449,6.864112411684397
3.58248,3.7693920000000007,6.371352049824489,3.940728000000001,6.055417237436497,6.660958961180148,7.645622459789387,20.005732565853517,12.76643106,47.24190867711232,24.48747163583232,75.79199181101305,20.107202910520403,25.037691915186496,25.78612312437438,30.16830962551403,35.577988283459284,27.910679155129703,19.479996988166004,24.042281028428807,20.672580223497725,22.21312067241732,24.72470962039096,11.90730981303139
5.968754694673114,6.135659827382363,3.3767470000000013,3.5302355000000003,5.831412232636128,3.5302355000000003,7.362791792858836,15.602961511516073,12.105592645421533,4.938145904273229,12.965344498810524,12.780930379554215,5.974316405926025,2.975901,14.15554270179512,10.82200351764916,6.893357345688607,2.6016729047661435,4.293691651957524,8.357165504112274,4.192327057810833,11.576559679587785,15.357375975529248,46.63825627529484
4.03029,4.240566000000001,4.240566000000001,4.433319,4.03029,4.433319,8.691635253699532,8.436601481033463,15.906474228326978,16.528937092452527,3.784968,4.39668,4.129056,5.4844176374663665,14.78881114903526,32.770631886761436,36.38945870695076,20.433468367692925,12.471082971791224,13.994619407875044,22.76932457917765,17.467358868487405,1.949832,2.43729
4.720980000000001,21.77081151711824,12.523791403359809,7.5339448006620335,10.57339136928472,36.38563229338721,11.42012007473656,8.913703020648962,5.545767795528577,9.245031492726415,11.651899373397336,13.3516389456932,9.266513659440632,7.888210513545178,7.4089007706757215,11.310914877063007,7.239609759559483,8.940297344083001,4.187563280382246,4.820314359089739,4.968901509317575,22.6971538281109,10.991524123579962,14.59455223149926
3.806385,13.02746749567056,7.656865602220938,10.565006070847677,10.429151631578078,7.687070495346297,14.537395014138394,15.329456362282643,29.907971324916687,33.08777019500697,11.627822227540662,13.507066223910869,8.902963887043366,6.499538081956553,9.567505241936866,4.397266207499606,6.799251578739601,9.535570176970223,23.993850665516447,31.12922894533652,24.829196991895984,33.569096754241535,25.98523616838737,4.732749994474471
18.643570015982345,11.9835321942206,7.783071330018978,6.68412378140901,34.019646398407104,14.692921991599976,10.159688921710575,8.606273627102963,5.661040798328289,26.729304703796217,17.29010788787497,16.855452272214137,43.51352377408545,17.1282740439522,24.951771079073676,28.225153963169607,4.652405972788966,5.1513282133807525,4.784075633889588,4.920763509143578,2.913599758745929,2.963147511588732,6.9049157729702495,16.63906774646307
5.386700168223783,12.22215927964654,13.35504068935057,15.744084372059152,11.727441059819183,12.499409769526654,20.52265802254075,18.536905180801934,22.70942787521733,20.349317783776574,11.038872372028994,13.425961238872668,7.408518681196505,13.484483988419212,5.57944005433992,11.791602480207182,7.497981353926619,4.981742172182341,10.081477219647144,23.09475748730783,22.229509818083287,22.83677097850093,23.99858856163329,16.80409990553469
3.58248,3.7693920000000007,3.7693920000000007,3.940728000000001,3.5824800000000003,3.940728000000001,4.5232704,2.57377824,13.44810953694986,22.65597086055925,17.893959012096083,21.958454849157444,70.23621211123293,9.814484900517694,2.76828,3.0840480000000006,16.498042494054687,13.03262809834087,11.308007293668345,20.035023483531827,17.891879466002568,18.11848064621985,16.07881311171425,7.433594195791705
11.59200878927525,3.7693920000000007,12.196809247846137,12.751209668202778,10.48047648656822,8.863536775373303,8.271774032497477,6.084071883873753,22.04303716578294,27.556338408146544,7.7106588856878835,10.84652099268624,11.707103356317614,6.2278164455530245,4.552592554286944,10.263185114336043,25.413989671580364,18.73976382484956,19.26708794659833,21.576777443891046,11.126843361502011,20.441746076736024,14.008488468427002,16.790053345520025
3.507845,3.690863000000001,7.858496293733573,8.215700670721462,3.5078450000000005,8.215700670721462,22.74206125499456,6.391154658373895,19.572064743187592,18.84474500839358,4.410285311710478,7.0675367385531525,7.651849133492643,6.925631970360239,2.9378093862110957,15.215781475817616,77.06474030253293,26.24036559685113,24.324769253505472,16.294555683336537,12.431144687263007,11.879728879958924,7.479832190596133,10.614370607622554
2.53759,2.669986,2.669986,2.791349,2.53759,2.791349,3.448354800000001,3.0281882400000004,4.0020966,3.31008525,2.9317752943246744,46.86201255847952,14.222964328535841,5.825853096280318,5.397941585834867,3.784273287763325,16.238115719176005,10.479205324143912,10.901744048766872,13.219163249379774,11.969764648499783,9.27798476946322,10.752845582210742,6.182529174352242
9.262283187680127,12.010962423904909,4.5546820000000015,12.55691526135513,11.415377510322845,12.293759288587692,7.881745552279672,6.751237018406332,9.846968214299478,31.945951711481445,78.22097516498916,157.66031468893078,43.25591126206686,80.49638744404761,5.3553245972097105,7.394473196057837,7.144988559870252,42.87773575819747,18.216976413796026,22.08913928227618,3.314243627217655,3.017608990427733,5.081487374765813,6.01735933078012
3.209305,7.230854676551954,6.129681054679969,4.393655726240536,6.872299899202269,7.559529889122497,4.052096400000001,5.751453657554053,21.70335307477273,22.13098434072443,24.52701625474645,4.071916347927625,7.040711991593787,61.01969011480997,2.8899667667369853,5.91615382626978,5.582161897815593,11.197636975995977,1.281684789,6.809203826169009,11.20191290978542,10.25581742041854,10.393245025364266,3.364843389667285
3.209305,12.699426320911678,12.340856340158254,11.81425292166322,11.67266998062967,12.38164697292205,16.544769896387958,13.083657523464645,9.967409813979684,8.355494888149416,17.29657504953794,13.166948401846817,9.772841965617294,9.453543240249948,9.597746203085167,8.223107393512944,7.539848542068701,13.650578250390303,15.77621854649964,22.72095936721519,15.936543942505976,25.936163004884552,12.14618436965652,5.96695707198236
38.71455902314179,22.65619806589806,6.4544849603786245,6.747870640395833,6.134427854905303,6.747870640395836,7.74538195245435,19.42927097248509,34.458629990347994,59.74717939010106,40.02688072014073,45.51578224522097,20.888730950232063,49.60587777938941,25.062148261782532,20.821443662135227,39.293026387808965,48.194321717280495,21.22535660288808,49.4260217531248,31.07977599810516,46.37448472615159,25.68204083561213,23.22863022389993
3.806385,4.538872209969845,6.941391654834144,5.861506749450876,5.582352082750928,8.094151082052042,9.322621763746694,13.007951940351411,15.145487678630984,30.910481158917737,6.9104214771669605,4.15242,7.538641611454866,6.8231686807380845,24.083550007574793,3.2768010000000007,9.020365850928604,50.717865782469445,33.522541136846165,22.61633727988197,13.091385062579004,22.92350761794926,24.911453955781745,14.364471956873688
8.83882729799251,9.299983504844295,9.299983504844295,5.318254574498126,7.425633034903644,9.72271002779176,22.399964313261226,7.295212139340901,6.855307959429445,6.687067264274398,4.475549209009186,12.26355413297472,128.07592770912262,63.3122525329592,21.087495845764682,29.978865419639867,30.70052946099034,23.99786700730505,15.277811425765984,24.744742438783565,32.03059538876243,18.68337417610017,1.769292,5.345219670327486
28.796363488280893,3.455276000000001,3.455276000000001,3.612334,3.28394,25.59526547375132,12.966448618174262,12.752614882913166,11.119207473741564,12.115739488551068,14.696820445955094,3.58248,3.5541105309985057,9.157261592125407,9.492289551790968,4.112064000000001,27.731908410773094,29.896537797710117,25.285814789306357,22.697678185403905,14.573176879844858,14.750862999011716,13.984997385740469,1.9859400000000005
21.96030252828355,6.22442760819511,10.703137829835942,9.484476771680685,10.91053280583755,9.484476771680685,10.047860798666107,13.886812107164474,36.35757840049569,34.03260642122035,35.22301052508774,4.306291727199491,16.656859046007714,27.975944361946382,11.505840789173854,9.392545632851453,9.5356866257521,15.736190779563842,17.86260709935671,23.202777947274157,14.846229919916947,22.86763985670153,28.76914832812439,8.409275676902462
9.246891228131163,6.778296239540994,10.837005591751884,14.157678180485476,9.246891228131163,14.157678180485476,15.070135751316696,14.169552092305072,26.007942962929548,44.36379639601813,27.887945588650464,10.087517703415816,16.268397105536902,33.73024353699473,24.897457570920796,8.233917818238558,20.20159530217065,13.863875929290469,20.350234862620685,36.97345824288495,23.13180253295813,29.14409034230596,29.36738366403041,12.611272975185615
6.0425457459288525,12.491246120319326,6.357809002238185,4.1870235000000005,5.54562113572244,4.870294839033815,8.954319339035688,21.68743475772248,24.59776321266117,32.09936464558442,87.44017283285444,19.65729624102,10.926984559588172,75.26785016566907,4.573243094882421,6.657571885229085,29.293054883607308,33.68141632763962,35.36898722087016,19.17183126874573,4.01523718730718,3.681598620451084,14.680499404637033,22.54435949240268
4.054620531420573,6.910280496440141,3.743193041370012,7.826392514597445,7.114902285997677,7.826392514597445,5.873833448220073,3.932037609784489,4.820022894114063,18.617965410261096,8.868090001852705,16.879735457430826,81.043625967454,24.499591163679813,25.90533136306083,20.494724948130926,65.95558531436085,52.79935922675425,39.01899613208632,26.62753033538049,23.457342872612045,23.903203629692275,27.162394068168084,36.21286684740389
3.955655,5.431838567434784,8.225402015791303,10.192307710199998,3.955655,10.192307710199998,11.394244299871309,4.575946346635731,4.478445133157453,7.846392257893632,4.848252605644269,18.806674679537394,10.455224985789165,76.33466908385768,17.591295252402286,25.794546470638966,22.05934357675043,12.824053164701493,9.357467549432164,10.959584537324194,16.88440435170134,53.07126941489181,19.634251404017963,4.435667364722241
3.657115,5.11575475440346,6.101847674495038,6.084657151100575,5.263736286571875,6.6737516228435965,4.617505200000001,18.31370864212915,18.036073520118222,4.230674905637654,4.314657052643723,6.180427208961648,4.165342347829651,5.252539264808829,77.5067306561149,34.35730598836094,40.18917540772058,50.58605464392348,23.906913528162686,37.11425402330448,20.35005494931245,28.412224630148376,23.939591653460266,3.66900466509188
3.58248,15.22153350692283,6.684226447874575,13.400261792235808,13.072671513661366,12.94056580053366,14.093848604985409,9.01500901268776,10.116587931594394,29.02435932981073,32.707566041074415,39.82265275192723,99.3925362175869,34.91257157572889,28.247078558964567,45.058959911879406,43.33822863942992,29.60215774618473,33.81392436410905,9.253947411336007,16.105218821511787,22.58697390715124,32.50100687420162,7.280027937148501
31.20137254890494,7.221814794855669,8.695630684998946,13.413872179243056,12.194429253857322,6.839384409310098,36.291517635235,21.91842542241091,16.857734061524937,7.732784453814307,8.53785832225588,9.927017502167798,12.493265069564494,11.307561671758604,20.287386807108675,13.870399033560147,28.119742057769685,15.766848133657309,19.73029375352654,45.64941928377355,21.589132341563893,23.379153375670818,17.191105863048215,5.185486526454936
5.481508782395797,11.946758932577472,14.369595572258346,8.55702604949639,9.318106705738323,14.78411692580855,19.31355230229701,39.84055398293118,62.38604985586515,61.48007174227948,6.286893986618907,18.62240178736176,21.404523102580356,16.046098616721334,18.800292811807708,9.783593260154992,23.23436807365917,40.99960195359702,23.0433842292449,23.299809327802794,40.19056313948837,21.34802469991937,20.72942333628658,7.209429465706225
3.58248,6.150465323255943,5.753619769379953,4.217317325428721,5.344926627143603,7.694037476286162,40.4085067205699,67.39211931158776,22.98651976575455,15.113109007468182,22.66603540052488,19.92926238607884,11.333915872180249,82.24916013965927,9.260500033909164,27.066888913948674,45.95896140759549,38.802783396986655,40.49181988950098,14.252482098977612,20.234259537879204,54.16746363198381,36.50491723791916,7.117826980718347
12.722257642366277,14.551752645849682,9.549040847132288,15.114192751200918,11.764469560939542,6.819980600394884,20.689240794891955,11.66787651209604,7.212480233507821,11.319370322351745,11.640677802608844,16.60666069764143,16.787663454908568,6.882677110091876,20.80667834512333,14.10630054197179,6.500296931651802,7.310628727605632,2.476057304619256,5.655807421608646,4.206826182799434,3.0131032913650624,7.570738210315118,29.147025877860493
7.5387418667221215,11.406252039169148,12.95787060514757,13.546864723563369,5.8267448364205725,13.222435387040608,12.946899750345072,8.940316906995202,23.640047598572806,38.30718077490463,18.77906392649824,8.930433731151785,20.648620526517295,11.91380991986604,5.699624065671855,3.8603111554350993,8.686141671187965,17.563771138178563,52.34244077285124,51.47550914212545,17.597426359663427,21.439926060160985,4.245829797626753,5.842368330267171
3.209305,3.789357000000001,3.3767470000000013,3.5302355000000003,4.423705000000001,3.5302355000000003,39.29776116535575,25.11229865197565,8.616530722986761,31.05419403229578,8.631578774378717,3.50106,3.287952,4.790448981061738,3.5470885722785814,19.798209006399933,51.30941885555114,29.756903011778967,24.58986533893099,5.2900418613455855,12.512084956743248,27.29992414239795,12.364120682743248,16.009739343630272
7.42049,4.6165898761035855,5.833217298668325,8.387835143797805,7.625304676179821,7.370292208561837,13.018211796167154,32.552218630401306,23.785196118359625,2.14887735,7.161155695890614,8.066230819823613,6.785040588021497,4.765623497297447,50.81537712260388,16.30938718686421,47.93694454683344,21.924996871298948,24.206690878272404,14.119696899958726,12.869510351671654,23.0325874398006,21.66336880284899,17.9094747601544
3.209305,8.412934615699523,8.412934615699523,8.795340734594955,3.209305,3.808535500000001,12.714929538839428,4.650284646587685,3.5726940633403808,6.770958590310082,7.509065607401227,4.687785447316667,6.854319952979486,7.414254172964341,6.178545144136951,4.448459102775461,4.244603115955053,8.764212549535118,3.193230149547372,3.2844652966772974,6.083112802072183,11.704092210742951,7.480041691475725,15.495533713344894
6.752266138829586,15.851240767067,16.483255115633842,12.188384701559569,8.542097013193208,16.386307900162006,19.779906138760605,6.990834156317892,8.067992072895276,30.617436323276365,13.845404219725127,12.218017035269174,12.000994885676358,7.9039992427821515,52.823703289071304,29.167665045095664,6.028901196560261,6.19522831680569,5.895373364549326,18.125388211211742,22.798122498663087,28.10407413015459,15.636640741902845,8.623697833790441
4.58668651680302,14.5003570770759,7.7402756446032654,12.267959663401378,12.087731465984549,5.688503342780386,20.715942195083883,17.76021505822838,9.909893787644988,6.894693452830754,9.534250755956856,13.340579748376534,14.697423050119735,9.239513446688955,8.675795724341599,9.601011910488035,27.391466016224125,30.234414002076395,27.132277853535303,34.96351526974812,12.634399605840668,4.30172703731646,4.819515869601885,10.703145176072828
6.323869096173772,8.467889408000135,7.031386887694404,12.022448815321908,7.760301180882018,7.667457555619523,14.58595585215908,24.09613753487837,24.31633637640054,34.886081379119304,29.1916845577152,36.07268512464457,44.55896906527612,37.290958871565174,8.51309446364846,7.670396508342755,9.32932605217565,52.80935084211866,46.22811186466321,29.5638506725734,17.969560512529956,14.809434626173784,19.25094518248143,28.26823093014539
3.2839400000000003,3.455276000000001,3.455276000000001,3.612334,3.28394,3.612334,4.146331200000001,9.14091156,13.971882967688348,26.95260621395568,3.084048000000001,3.58248,4.692419724038653,24.625164285214453,5.729975233090669,19.03947959046147,8.94236384393472,8.810286629253198,38.55785099851896,12.272130161070478,13.795996304033302,19.202553090483523,17.55725153636291,1.9859400000000005
3.209305,8.433753733157856,8.433753733157856,7.134920051527811,4.52009938237375,8.817106175574121,10.120504479789428,2.30567634,7.359636053361802,6.885670879705669,8.247307180050235,8.53673415314131,10.79451076015953,14.415863892808092,19.59058175910241,13.698975663424482,24.26613723749639,19.865901760006107,18.381351321287948,18.137174272461163,9.393679633204563,11.307948369452197,27.70604371039432,13.69336248792476
8.481825,24.583919839899934,3.926450000000001,4.104925000000001,3.73175,4.104925000000001,4.711740000000002,7.835617508207464,13.050546716211269,3.1601137500000003,7.289918350689532,19.092248302723064,11.92808194986123,14.220622456064126,18.83285319599682,6.0280009275790265,28.43077170362329,27.15517994971809,25.81437727095415,37.79514958535336,28.192794604664112,21.386719371331264,16.86777377084022,2.25675
2.38832,5.832112392351246,5.832112392351246,6.0972084101853925,4.6416033832372685,4.725121386312749,6.998534870821494,15.025668915805928,68.70604046695632,47.07407124298734,54.07006029466466,55.37663132565524,73.72340115306706,22.579152166449916,46.963904978197334,15.510729790009178,53.15595721281086,22.98048668034071,23.343772650649083,34.470575415257855,21.43911177430285,28.6088179089996,28.498323399983608,3.352040556084675
5.483775,9.36748772735038,5.160493787891731,4.515417500000001,9.969219582275691,10.966141540503262,34.757861280932715,82.627898466169,45.30540738555168,23.64535727039718,24.67101127196713,10.87551227157348,7.1626840951013815,9.244185430837454,7.703487859031215,8.582197727350376,4.237725916279674,3.1395757285465677,16.265435655075166,31.95205394207842,28.927261736075323,38.62861177572567,36.96300494022402,27.97862905911649
7.588617015486287,10.82882562747444,12.059873378441448,16.97895967749647,16.67511788863316,15.972447930035411,12.400349726104889,21.049877554264057,26.71859649057056,34.23862442514774,38.101906266114966,13.396765970210003,10.544070633513801,10.286948192012328,10.177604878892733,8.649094276562073,8.97731104399441,26.013745446586608,46.69247022174203,45.00231915656455,22.69205863609469,35.54256705887422,33.2028550376102,22.69072319724028
8.919429710804177,14.235943526049194,13.49162426319468,4.623692971080419,13.530028971038483,14.883031868142332,16.189949115833617,23.738432807006475,90.8251232794515,54.95132275359427,48.5479593039238,14.760031604769251,9.138008620713213,12.546026864053863,9.72617482403659,10.023620856903126,7.4354267131445955,8.98169529108338,22.139808876607763,29.696666882695663,31.89588367877837,31.790636133364835,19.520211581727413,10.323094633521464
6.387316226818459,8.777327593663887,31.359253399146727,40.23804029664412,8.442609353802256,7.127956489347154,35.93579813555691,44.2890648302042,19.422307790459467,6.20148486891771,12.519672110311667,74.84846484251932,18.20653994435868,17.13643471746994,20.841756961318946,39.29846903978513,29.87593433751954,23.87056423445901,25.52735837043194,21.248562816417547,10.724160175630749,13.207388050568223,6.082415151889979,4.562760907652304
7.048233391642672,8.44811039662575,12.891228604808738,9.04335621045604,7.090796209940829,12.147042342110485,11.652518710443909,8.80225873825866,4.774857748592836,8.08959565611736,19.3877789472842,34.79757799183143,19.840441706309434,102.83389968312423,36.23506690250279,43.299546812658406,11.948773060038846,14.314046460439863,22.80144714680957,18.56023782618636,23.362908131282,24.97110700860776,25.45465067853131,11.113047626495955
3.58248,9.679332277029625,15.71544874328278,15.846317380037062,12.211621374692571,15.400790343270122,22.486910793026382,18.852128579716418,8.952064952591734,59.01928285923545,24.486542089137185,7.896068482463669,18.647814329627113,21.020451876466105,7.05026493775303,12.279650786562529,37.562947870628015,22.802635423246603,19.620572155633045,33.23941289527351,33.31599554934763,28.022993344331528,28.20740394285877,18.225139301095364
3.209305,3.3767470000000013,9.590735756872842,10.026678291276149,16.65456208297832,35.32275679127616,5.888876400000002,7.338414069527556,6.175107985668583,7.718884982085728,8.560326130101378,3.50106,23.209735734987596,6.70976932105654,4.139414531580684,7.153669352996923,2.008733175,5.72131203038823,9.096730228887692,36.860534363234606,15.297788606201918,19.286035018014243,25.23841957518963,5.1876470183100345
6.541065174586651,9.183308262957585,9.400965597555745,9.371146047162282,39.275946359385685,4.104925000000001,14.793855717850796,52.8589112364013,97.04417630691304,62.71754077674231,58.67858945931652,52.664268787201976,29.366883664767382,31.06153510669021,29.461463361586716,11.50186525298471,43.782983905442286,34.16518340882169,33.15192066499793,22.534940649931023,15.68771105860946,29.040265049389262,29.03918128304334,5.424703060235157
9.368257536284451,9.857036190351469,12.307418270409393,9.664065851839146,9.028149298775787,12.866846373609814,5.088679200000001,30.66090392227741,34.69722319508687,32.16464846917571,19.635469973693738,11.490213056292252,11.586124379532722,5.896680764769303,9.038693733527555,8.891137983727125,30.365064768062016,39.70664245839449,27.048452719119396,51.92519561691965,22.819164055405363,33.925083792037746,36.17931090964786,42.73169958498468
3.58248,3.7693920000000007,3.7693920000000007,3.940728000000001,3.5824800000000003,3.940728000000001,4.5232704,36.11353599612352,2.4269673600000004,3.6818848701511495,3.3644160000000003,6.847720850310629,7.8631537713546145,52.68922187322107,3.338557083649939,17.96733201874117,20.87676441991388,22.05943926239423,13.826605786296522,33.80040816382628,32.5902073220946,37.237918514255554,40.74285341728747,2.16648
3.806385,6.7925867320304665,6.095684799022849,9.529938319725058,8.663580290659143,9.529938319725058,10.938711810467025,33.38759567946251,32.926152677277486,65.2870016959468,25.333278797702988,19.558561020105905,7.066352873651436,20.947597981218976,60.15441852299237,49.71321194001826,16.28414817088936,14.097114218373427,34.6513179088355,18.51192307767169,9.96618022850719,42.98059789109594,4.191392203860391,2.301885
7.357242770080474,5.358074765842566,12.478449326016372,28.87301946261181,6.096220689713966,12.79579336108186,19.894121479992183,19.78287600545493,35.24753122757142,39.32214252743076,38.1571163758288,20.65791815114989,20.51244042085397,7.36015751017944,18.1474546188281,34.2543635825195,33.4115736762298,54.493551801447005,20.000985935472464,24.5818377584134,25.65804929052861,22.254402327411533,29.381661985871503,20.54888414390104
3.58248,3.7693920000000007,3.7693920000000007,3.940728000000001,3.5824800000000003,3.940728000000001,4.5232704,3.6823435887423432,16.682977198126917,31.356398594330813,33.315890654914675,38.348666357990986,24.862916119030974,14.139107325063494,8.439463744588531,3.0840480000000006,21.96971889600973,23.8540207946124,29.92575122947033,34.22612188890757,22.98016551877476,30.195548432686152,5.607759545399456,2.16648
11.79076794941684,8.168625348120477,16.68654383081348,7.394037095571135,13.09291500025393,17.445023095850456,14.610866197131744,26.11602409452533,12.036471550704828,12.605270597828383,14.823417464077888,21.743327322732128,26.022861412270515,18.639601421325374,17.540159079576426,29.99266010103453,13.195728547796769,13.705766532612431,22.0717237197179,18.262861633488267,22.10883296622308,30.96574084866989,30.82399254548554,23.30844691086932
6.777308312587408,3.690863000000001,7.130907007157187,6.684379934450545,3.974911187512488,10.238039143846152,12.901472408588624,17.99673544349055,6.45563034,5.7391479028865175,6.364776502256001,3.82674,13.714520781908796,18.03616829216648,11.13626287066503,12.619723534387933,50.49704047596306,47.894812309745,20.96594021706137,20.58614054169967,17.840557335673267,24.42053402509419,50.60418501740617,3.3923927079144143
3.88102,4.083508000000001,8.549973310313996,8.089610922458665,5.617605873844848,16.680678248917506,34.247611706173814,26.19749457306416,16.151090042255614,25.032502088772777,29.06160034130185,29.21270994847352,6.3483180316236325,5.209052719383404,15.563123444393781,10.704232978971072,15.286283502706777,19.089048650249143,15.244002993393847,32.2076336967704,22.598907849866603,21.01687366888671,12.696151229897165,5.552527200211604
3.806385,13.229887915625044,10.146514719221145,10.876347144023956,11.08779451495707,8.589874087471816,24.14074867689182,26.510348012468352,20.16999520756324,8.786586659036143,7.1434233692244975,11.43629265525089,12.708088186814676,11.344595127807677,7.109419368516431,28.236302845646193,41.83992791917544,27.272548509355957,28.54929740458016,32.61757784679851,30.07632174995455,18.76987761647235,6.083164090430148,9.782744406816304
10.857604222581674,4.319095000000002,11.466921051061435,6.863166886575521,8.638447675938544,11.98814473520059,10.309015424261698,31.408468318627204,28.57376452476788,31.334442393490367,21.64123407267651,11.889069158876625,7.154123218256873,7.245867492984777,10.710705639788348,5.479254619566417,5.406882931712443,25.66335215383908,29.675688253841354,30.448088039306825,24.873323446587737,39.52854500512397,16.085862388177333,3.849063162505334
7.671593413322083,8.07185046097367,8.07185046097367,4.7599737254654295,7.11420265132377,8.234376141921578,9.451631745509983,7.892647946162351,26.67872018000585,37.62773812114762,92.80084949287335,35.045081152125746,31.532465613215162,18.33610790545409,5.21019771681166,3.405303,2.475880425,8.242146585789756,15.107256046753491,43.84211802852376,14.875460398639811,26.94076445636156,7.012184556101272,10.387874667128427
6.16320077861101,11.677444828689069,6.994411044682895,9.000359596053018,11.098397977679689,9.77993741897555,14.012933794426878,7.651146290504191,14.64238885600112,20.79513088197473,21.148567024419584,11.304599328882931,6.439882612758784,9.85578520666992,21.007811997976837,9.554273041654692,11.664007130524,16.421947871644736,13.73274052153964,20.92655256971157,17.190700442869048,18.20463578616385,19.42808525456728,25.759209011578484
2.83613,9.452445459310326,6.694090270245123,9.882102071097156,7.220718200674321,7.66574544211955,18.26360215117239,51.97947225144917,29.633814274061542,23.018540524455283,14.076701455034495,11.8183152480867,9.203883783070005,5.761408215188437,6.163500159600908,5.476982948382373,12.009568326253287,16.349195144126945,31.390100327819397,37.06107051671064,11.25664817347774,18.604440786735005,15.163249527393136,28.049891950641445
3.657115,15.42015447581936,5.863119527729559,11.54906894693181,14.655518716687816,13.373772235551508,8.991440801796847,9.490421037487602,9.928447770614328,9.572258191842351,8.46205798718126,13.804182362321653,11.580803861586212,11.924156313410425,7.96732788274704,8.007902537420897,19.1224905546153,13.3105175922184,10.54061599168131,19.33126615343001,19.13390659654776,27.87150482854577,18.057430432794284,6.835891168297418
13.727631715555896,10.781836405346638,16.187559597958337,12.136464632181111,11.297513883306474,12.556337579040791,15.578906951034872,24.954279928902316,15.343612985073,10.457335971451164,5.645743099032595,3.98945524776796,15.150335450374108,14.54272831263209,7.370744945879414,12.227394601272875,12.33255537043691,17.209719602119552,19.8804319521044,15.74589463204962,16.57103468108046,21.422139089537133,42.299211885569775,38.183406389491694
6.633577873280416,8.260288357232591,9.314971943896763,10.173271618078235,7.618917036405877,15.227044642471338,47.62337357714804,7.98233333875014,9.076427077237776,8.225994796629553,4.597688598686797,12.120794004836153,6.1361812699755935,8.209212689850412,8.585562420092273,7.880075773707487,24.40310085648565,23.123206923181662,14.805949068035448,17.050798748987482,14.333568443689709,21.08760749347039,13.11226712876833,6.719135807028739
7.910352465876602,32.90593704471359,15.87402988451387,8.730826776731927,12.10169260971494,15.873394212885644,30.54652256946871,26.373051350629428,36.873733926866265,82.72987710358032,49.98916685598618,41.033590562103946,8.774817344421155,53.173498595498934,20.77441056241154,25.781097775500818,28.319978284577232,47.59576257584647,4.83891135537251,2.875705256851907,6.492891666572266,25.22148731438694,22.539978674243063,30.9169661613296
3.958744279596383,10.990723857972249,6.890531269225424,8.464215979896519,6.671109417927553,11.615412839616829,13.57360893213009,7.723495660968236,5.7303632960186,7.195660226758948,7.5205385026063,7.144202217528987,19.67617732072524,24.857598301754244,9.642417534967274,22.35885466663624,30.678863940065728,30.61781103027364,28.550150658082323,29.681882307672627,35.83642345334943,25.25888560109678,36.62812716934748,45.93944220946717
3.88102,12.575461064720422,7.018596704910047,7.294174579390761,9.581676162408977,7.635119226930818,19.322136723544748,11.231363396082052,55.60885851849894,72.9100515299122,35.00041482610878,33.76228824422592,11.450913302862542,25.559037363115277,12.66991164954799,26.203937196321252,74.84899921033208,19.16744534653624,32.25500274426188,31.685239656304844,12.859621467481462,28.320264395610423,21.081222203453446,48.91695335132003
11.655610637832822,10.231648674390948,13.187402535232849,8.032139057211886,7.322749081521169,9.344802103921374,10.726207632327148,6.986271185770084,8.401064385390344,13.106027166823695,17.085804915500237,31.60104084512448,13.530764871124457,13.117368906074503,6.665956064891549,7.0033121887794,8.167777179002602,13.498119053329225,14.915014760278709,9.908848449279962,6.334271516859644,3.2273219251925025,5.638919929133349,5.243635873087945
4.104925000000001,4.319095000000002,9.73522446900872,7.603954139352078,6.210745435921871,10.177734672145478,22.664952018120022,33.803142364617166,18.815868765138895,7.835173427358273,106.84042913373334,10.921621162458324,9.479226830830425,4.4572749529213045,6.465537264606528,19.74410740470165,45.41362594008507,21.63236640619927,63.95153107386411,22.844217513403496,32.725980025340824,42.541627053315565,43.610304531816425,65.61453516394806
7.596747411353159,14.263126574856564,8.523528919222526,17.83854681342682,14.239301582340923,11.630691230757858,17.712610649851236,10.438795677807018,18.949401056875832,28.46024730006576,34.90020455781048,67.69015244965406,131.41689159155308,22.992323973918076,22.82043526774846,74.2658000301031,37.95913847225675,58.89275250992942,26.398671430104155,42.27721138382844,17.184885038135214,19.02713748612116,24.60693258965529,33.59235667651324
10.26311905785404,15.480977825241158,13.51043280033416,19.273655954978445,15.82605971853808,14.04559358596977,20.566711541987974,16.995762470215396,18.70715202553216,22.00916560930627,79.9874097579255,12.953293031952738,19.61807493296689,7.36991335048228,15.321275953789643,17.385174032220554,33.129073394078425,28.362593263277464,22.19711992272269,19.25182676323055,21.467594474800155,28.78361187948837,29.104996085711093,18.33457075603939
10.770754580548864,8.778045552258787,5.695821441188281,11.847830038603748,10.77075458054886,19.09482862812933,81.58241907202088,9.701709674792324,13.769303980778728,27.3706698671024,25.67495450799716,36.51515398245793,8.752898209913091,21.97286030502446,24.61643017505131,32.374727060718584,34.71977238929842,36.69842925817102,31.213192042695105,16.79533461524214,12.982766632863276,22.65133524776754,23.90190888316217,3.715501919186964
8.378627046095312,8.008351006113752,9.807737501702638,13.068341143961783,12.34556589817712,8.174938645293297,10.805540737026275,33.45260591970212,11.508149391618716,5.882054349320092,11.59409666959243,10.9301313399963,10.486393788832816,9.033201724855653,16.479837693584034,58.518551927022905,31.11150345618005,56.33295239634503,21.194042816058637,10.873404992317996,2.51740697348156,5.375444819538307,5.184907886262344,5.624692451329595
3.657115,14.292235019615632,14.922774406538364,10.393873594231229,15.740911846626515,14.44162316088138,17.401006895302608,20.69046092796764,21.37439142705369,28.959465726368656,20.44916052532272,13.812724161092447,7.072061117559811,14.59611825778095,19.765111633085294,11.626419013320842,23.120507135073336,16.16794035971798,18.26103023070282,21.4282507960544,12.690814444571066,16.92276759296325,22.98429496440842,32.5840612678935
7.433469668635702,7.627710287783113,16.751624448681795,11.885830826608773,10.947497762683904,14.77542248645582,17.66332579307842,17.370933884073885,7.731328017027152,20.00779581264255,33.112345141375485,34.39655496634161,36.382141798626364,25.363712006825743,13.41338263881599,7.622558909741411,10.27594747797931,7.480942415179136,6.134458462273047,4.161992043420098,12.584116043930774,17.95428863577192,18.55167079396577,20.03240377866541
46.94897959574358,13.09010427210473,8.69940928609994,17.21915873458995,11.96214671863193,9.381737793497082,18.3382305140551,32.20379803913016,39.12601958015656,13.11924172334454,13.18531944873381,21.739806951772547,8.84822681512291,23.278917394355997,17.24650632507461,36.534799919865854,74.40567941132375,65.63595018608909,34.05318527055688,25.63402057358108,22.285728923964427,41.39092113565111,84.30797593426642,40.16810984562907
4.204813868911777,15.193197005701236,12.198101197537111,7.756531782519996,10.145515707875152,13.272902838538077,10.379636387900607,8.794234026226098,5.764098248217789,10.856925491840585,14.17586336616079,7.766136751764831,11.973982146656152,13.840014783774539,4.612490835441009,10.9229466555299,8.024684059186518,5.080609420625261,3.865811993646576,6.131034518423278,11.492493603383569,29.418946197846022,5.004963376549536,4.586724013498022
24.706740751877646,2.355870000000001,2.355870000000001,2.4629550000000004,2.23905,2.4629550000000004,4.570219365151294,5.797931531865564,19.501279711473494,66.47578383226146,13.295929691042852,6.703385672775749,64.36249758424101,17.96525518669908,45.65540577709743,1.9275300000000006,1.4014417499999998,2.0148266754000006,15.333798921064265,18.683921982792665,41.18774676783793,24.93547494026105,19.577963152381244,10.84727548472259
3.806385,13.564627531221648,15.168037508622948,11.447137022916657,11.463282339885469,13.702260867313145,18.751385574027974,10.884002614319265,5.5174303946351,9.041995416900068,14.35620952391536,10.169449825195793,14.546143280832377,7.128167088456568,11.183940827464978,12.972447174455596,6.115816507994317,11.23049390936992,11.088120488114862,14.099741784799123,14.911517540565804,25.072049173652623,45.06032677214254,9.080569021142496
9.00023027569219,5.128462939570267,8.121626779983117,9.226784995642394,7.285947310843793,4.1870235000000005,11.36376900896093,8.595982393535948,17.62374415061843,5.755105230759009,5.644608822152353,9.818433028027842,7.689272178603687,34.9653677606953,23.17937268644788,24.902821262081062,39.10816097191989,40.28913515072794,41.0073102567104,35.833660928148696,25.77469166681246,29.798397699938548,40.42264251180433,21.7830703997276
6.608599386178626,5.790329677603839,9.213601793153826,9.214951874660816,8.377228976964377,5.567153343665204,8.902346826249213,5.700831425035801,24.858041450637398,32.2115009649584,19.459938811849828,21.28552949645936,16.87252924310967,29.159705568219486,41.98199239882704,45.06183136115155,90.08591198195964,70.43656601347207,31.097579433524167,72.5609784751327,17.366421256664374,33.43908507351407,49.54968100350894,50.763716082799085
3.2839400000000003,9.630486909957952,9.630486909957952,3.612334,9.15294210450549,8.600985788829666,6.954263066929999,18.74894539881621,14.5878074414755,6.817567120206652,8.595806498144286,9.985027750369625,27.22272957716775,17.52162171440044,17.903136597765783,57.96875914493136,16.749608688510094,10.072765365449705,18.525281682732075,13.28957024814864,12.34823372433601,10.50399633735649,1.588752,5.535178426835335
4.403465,3.847921000000001,3.847921000000001,4.022826500000002,3.657115000000001,4.022826500000002,4.617505200000001,26.85256355227077,13.69979083880451,3.096911475,5.391596243016385,79.91885521129423,36.48092878717132,16.463604016772997,17.527577562802147,58.27491213699167,19.629939978751725,16.145714331474483,57.98008293335141,33.866959005797206,23.90285522825176,24.587582730003746,27.987699202381062,31.83666919490081
9.17328137854654,6.135643596696046,11.109639360972684,11.767024313478462,7.0693303600502295,6.490515551418616,14.731009150727374,6.126397544181853,27.827745135602623,13.985533622971824,30.795398858685143,17.37905892807714,10.959441976477246,4.508001332690675,27.236465624126616,21.018328056044105,18.90746040915105,2.9107276377923745,15.111916796702392,19.80495397062893,19.162398233466487,23.453160010376624,29.156405065802097,16.388697306352903
4.17956,13.929865506113384,9.952457177727425,16.41498317526896,6.738604072060994,12.691851383718776,15.761260608523427,8.649428682499144,7.60029957833995,6.181093338820562,7.475235466658541,14.442685498449633,11.381303475940838,5.45295863120851,10.230235561401823,10.583601892377457,22.05760566420365,24.397010392728884,37.85601478447722,37.32279210779642,27.86696205625185,28.917896167296792,26.89912820591091,19.34234486166929
11.415002058149687,3.847921000000001,9.351025642236507,8.895345869749464,9.275365204387562,9.930540595761856,14.077241694082431,20.675939811067437,25.444671413816955,10.43771328833312,17.966930414195158,14.159721261974694,16.734449281231665,58.866396244839216,5.395781168967411,20.949824017834132,30.493270265269352,17.895820648807938,2.469985465218973,8.076631150460083,8.54589067708668,11.123773758538444,5.250766011732064,2.46637951685762
9.627220353508667,10.129510111083036,7.067244555541517,7.097441176754336,9.627220353508667,10.298900621184105,9.148824133313424,9.546091437582124,18.06775223911132,3.2233160249999995,5.065562082637794,8.481966957155207,9.863144330551174,5.982966942387948,5.59915827092028,9.670079892557395,15.310501230766931,13.793123742118604,8.441858085160842,14.567662750869609,16.031740972124187,20.74664196403037,22.578836923949066,26.563758862100144
7.794404151985164,11.887671041962072,11.887671041962069,9.130752358439358,4.811806076401433,13.374239725687616,29.06966843702548,34.836218271765105,49.81706666038185,17.52760294558077,7.319962160125198,12.325308818863752,11.575072629889432,15.221432705525523,4.873241376191368,9.726276307059877,9.285846650951504,12.108373351289345,15.49271191062402,18.300499364339544,37.677753243872345,15.912836963809392,17.855632641427697,6.531196604401122
11.68562780036882,8.833626141364771,9.632476892376834,9.73685642442583,7.8894362149809085,10.627091516978128,29.023844700576294,20.32158249939652,21.95525620643942,52.2194458341882,23.411666726710443,29.921385115282632,56.347491802471446,74.12618614233322,15.565819831544871,15.208565025748594,64.43271777793359,18.3003387054176,10.4513145703099,8.51148770105179,12.980688583267735,16.07496292489767,33.107855766545335,5.3529968844310165
6.955670525824159,7.411745074997596,7.318575074997596,7.651237578406576,3.955655,7.651237578406576,9.008245093812508,25.62103696246102,22.331340605269048,3.349720575,6.53228188512182,7.588004209989991,31.03379574961066,30.466800587955355,45.94181850590115,57.50540702977381,72.82632046864177,54.20828116862543,23.79822922264511,30.80022460327718,29.40249039031669,26.960496907006256,30.55427843561184,28.59903017325917
8.959783100218331,10.652582351183195,9.623880888532732,9.700580339319872,8.959783100218331,4.819362809641552,23.49855472044033,14.253387030145324,23.709191882175663,48.28573446078946,53.18547583176146,28.002870140279867,9.874688044041257,45.68173171193878,19.04577492936794,13.414061492729655,35.442933794926475,22.54470355733037,25.55232681360875,18.920456409838724,14.094490087080368,22.718485688134763,26.98229345182176,44.89535390489068
12.790854155985032,9.48162872272457,13.145330296253537,16.857932670597194,14.81576118947736,8.17830582335784,16.107407190593875,10.504489767765824,20.5447995474142,23.5096708773364,9.264365392958648,16.71861091298895,10.479744769919972,14.874743348363475,26.166476839138387,19.13568391797569,34.84330036924656,22.15464893361332,31.27824568983049,18.53493920825298,16.511234394777947,18.42411867314328,10.323417059790394,7.334628752176627
10.347916444250872,5.256725558379571,8.61518417861483,11.38270808867596,4.996061481104551,11.115115340518644,11.618760670055485,19.963734780658072,9.247927567381277,6.403481593719175,8.929198728458289,11.28863612100095,9.10613616475225,5.760581816034394,7.996117252375673,8.346875055230315,23.483557121503928,37.284268476995074,17.885156555245235,38.83258443360474,16.647404326870628,14.33613966582536,15.046623875487995,2.7449245859737177
8.692727039973619,10.494125831756026,10.799002277782233,13.699604258734526,9.630961281273732,14.630132269842308,15.04344476619464,9.187673531451654,7.493161941880278,13.745101676665673,9.669041864114954,17.7070553000524,15.921433364592424,12.448281550025394,8.99822996448962,13.508640986539925,8.294100519331787,11.721484466086842,43.66790730762537,27.921357723154703,17.785679424192747,21.82298414486175,15.205466432917898,9.815867611985569
12.388133030564257,7.528509827288978,5.37461312228004,6.4377504826350105,6.410798232318891,7.870714819438477,41.21659095602205,66.91973529933693,56.4863891498949,8.004362023897556,6.719661664026525,9.878582743201331,74.8874787021703,33.27222484284008,35.561218232150416,4.076996350541844,21.576779898308647,13.022865394448038,12.954049433951344,12.320753787475606,17.83409831457134,24.83763350403536,22.944441563963576,2.07621
3.806385,4.004979000000001,4.004979000000001,4.1870235000000005,3.806385,4.1870235000000005,18.254398800000004,13.62412610106687,4.781091419999999,3.2233160249999995,4.95017637047422,4.15242,10.401953751332675,61.837797789186055,51.7842445398123,46.683189833786905,58.36369755921389,31.70550582753962,35.35071137901197,16.912260315225545,1.342459332,11.153842409960845,16.949470226877384,20.620858882971
21.824001412948228,17.400883009224568,13.3919389643512,15.940782541993736,16.153701989422014,20.85526985739296,18.440173078188973,24.349896816387613,53.47461262418575,97.59672057759838,88.81594742962497,31.935140245814523,38.164719438481825,30.81875601149576,58.49456106537157,43.000689361524294,57.18162315391785,33.64967589323758,31.32016011668488,35.692819543585266,22.02987467546712,23.464506838537908,22.903002175324467,25.407855731043387
2.612225,2.7485150000000007,2.7485150000000007,2.8734475000000006,2.6122250000000005,2.8734475000000006,3.298218000000001,5.3711262,31.4667276625741,16.380394601473476,2.45322,2.8497,4.084341835201336,8.502229180234254,4.590481808549814,4.2423698943407295,16.37129011752235,20.30419732371657,28.92015640096193,32.84536818908932,27.885511688901044,41.66766132589342,32.238158211876694,23.806483855558
5.331364590874311,12.507578000583775,12.40442991123245,8.472250970066908,11.06804811726122,5.837775342471582,35.265885990207195,27.86458845434917,13.126837317034129,20.561776755628262,12.301503034591454,10.248388767148723,11.339280916972756,7.810726437240372,4.402982848128465,39.76720522955406,20.337738199827637,5.581588229641327,2.2723451880862537,4.325225601152948,7.319208855276041,19.20176118952593,14.35553546322127,12.065861811247308
3.955655,10.203560179959767,10.203560179959767,4.3512205,9.697598518143575,9.231872490422042,8.261178911991223,12.12162478855127,11.547359779094496,26.2244599011252,84.07203381190565,25.442629824238065,86.67687351652926,18.483245870345424,5.678480346094484,13.284239506633007,75.16665203012082,38.735594207357,54.20008838156082,52.09767145923657,28.26509593465034,33.00281584373338,35.63737488974716,30.552526530414788
2.910765,14.209567260518847,8.970316500705783,8.126723906388525,13.230736584607282,13.248685097281646,10.939228475342505,7.207603237051447,12.91505298228532,5.439990928745591,8.911785961756769,14.732684312183329,12.901303237058634,11.438958445474487,25.220542078173054,23.650336687366234,47.58214832105235,32.10210979169434,23.5347495168753,14.840117493240198,10.81927219969312,20.597898232131104,24.304359176836712,8.029111791965232
3.507845,3.690863000000001,3.690863000000001,3.858629500000001,18.333645,3.858629500000001,26.806018833991207,132.06706896133136,119.76574446265305,14.669764168008449,26.96873449914533,106.80531650192223,17.992073267861894,7.916073409632699,6.625551688229417,5.327741560305405,8.141818227237902,12.298254228256663,19.3583556230926,17.991773474462306,8.233982350390876,6.987394772303654,11.78756345460754,6.250758386000389
3.88102,5.066048403110056,8.25930471321773,4.269122,9.017026652620736,4.269122,11.384976260526358,6.205422960000001,10.172192904731045,4.670374968529482,8.468164160722083,9.836756348313529,9.142448013536503,7.047946108417098,10.751864923284229,3.341052000000001,11.895090883650708,24.09401479651373,31.304914462118276,13.806561221034308,11.125883071771732,50.36829862476591,17.81742474896472,5.452984497434674
13.83160956318846,9.5016733092451,13.908659726131908,14.54087153186518,8.372491611353057,9.026582512558893,16.090752292167917,12.091034751776345,24.61174817689062,14.220296344995448,12.414340912580544,14.420699039866289,12.355243595944014,6.832416653410542,10.890722954411087,21.854178901773615,42.2742305602448,39.24635167121288,43.7234306989355,14.586973087575398,13.26550790420317,19.252168997722155,6.716812093497433,7.132467601644865
4.881391903896109,9.220964323726744,12.77781942337991,7.095129705741288,11.492766066684435,13.93189877622352,68.78070207414989,17.560289739861044,58.99367412501472,7.434656000106984,7.413394804201039,13.248227501325523,7.40367899161696,10.300997931309686,9.384161146772245,9.332965525723713,6.557968023796378,9.474687831303266,53.02772383698972,30.855022853488517,19.18304917010732,20.232658423179394,26.93428361104997,33.563608653178605
5.628217040545914,11.52962882109846,3.298218000000001,9.31080111382061,5.628217040545914,10.225101695354113,5.881868041140065,7.872544902472354,8.691800016398753,12.39390493520885,12.509978464525632,33.626304636507804,18.68988907917877,12.990126706169487,8.467477214593345,36.601101792269525,20.14843571542335,22.887136252584146,12.059901890644444,16.48844874635553,15.798475801338189,19.71148970526048,19.425013394537604,19.63840872294189
28.23133902958967,13.684813452245264,7.618309532216469,13.699432975574096,12.454029977794631,13.699432975574096,14.62103816352707,7.207752647143523,18.900047762213514,13.8991752957373,7.181524296413025,13.14281305245526,10.67716847960226,5.206392242294813,7.267998316336426,12.696295829256249,9.238827261236288,27.57622775296384,21.5353496749293,39.21159134575063,17.987533656002498,26.48401271565499,30.363774459805587,44.3984214060834
4.1687678688035845,6.57181081742382,4.240566000000001,4.433319,6.384413769660933,7.17518080231097,8.83955328392036,17.29165571243793,61.88892562249593,5.523703237481544,7.793660559907,29.43709663645048,25.226274942818726,15.273466340893242,5.0404162660862175,5.615358888765107,2.5225951500000003,8.350834123180103,44.45680036696907,20.284128945776317,19.69960416297297,9.969730708083825,21.935614393508104,32.019609774199274
3.88102,13.812545689191618,8.718594612555814,9.309570873999508,13.127626068239966,14.440388675063964,20.37535716988445,12.500497831976368,26.146640980452887,29.08397060821819,19.98512848421593,14.867417697528056,13.524974979833956,18.43491535959287,16.390868877823582,17.767717322626915,52.96249750744607,5.047584887711048,3.586902962600849,5.392509159676535,7.286817522796542,21.05903278845817,25.38577205196236,27.48876626531908
3.741292421955788,8.603408748982657,9.094663323880924,9.508057111330055,3.5078450000000005,11.790117111330057,14.65104398865711,6.209926312554064,2.3764055400000004,7.319632396036318,3.2943240000000005,9.429478126938896,8.855509893125223,8.015056407898062,4.391989339104396,14.083389862450804,24.557379298043905,41.49920351875775,14.864829335162456,19.577140367915487,15.823587081436274,23.46517343572512,18.2779035538396,3.789698940806576
3.657115,14.904784536137466,13.24694867218804,22.551156947125712,17.477910514789755,16.1354716117321,15.620660565594475,11.03620407205449,8.46429895964223,23.28188408635717,15.574724703395194,88.13511408409984,47.490929571046216,37.53646005040096,60.367366153129296,36.35495330290911,29.63391656237981,22.66827938148398,21.107921236494025,21.497876558784423,26.221743322396325,43.65792798160791,25.347483603221107,9.821042682990615
8.187992154899002,12.457293081069794,10.557571590924589,9.146769515413734,12.601249592799476,13.019833861433758,147.32630270242765,47.14414151989261,94.39066287274048,27.78910994988078,21.13965576305932,27.46643210685308,20.91671272677522,23.82844847831848,20.86497744276912,24.04662807734903,43.26109141520717,33.73697499767085,19.735097977565324,4.016831430235391,3.5339823604450733,5.230717749801189,3.931559779012606,5.037740057332854
3.88102,10.058932765987263,10.058932765987263,4.269122,9.560142711475498,10.516156982623048,12.070719319184722,19.886923430720422,16.908807111269997,15.94121930449131,7.281218305371665,6.205105734561742,9.265486989631508,8.864859605186371,7.387383004321975,16.191383232447674,42.41116087106013,34.933149482657726,25.726876470914007,22.99147746716223,22.79493857136029,30.945475829949363,36.116787047756354,32.699729704102644
4.03029,4.240566000000001,4.240566000000001,4.433319,4.03029,4.433319,11.883796483144378,25.77595284,30.17283648445985,59.21839224947695,52.28844370547858,114.62721012360902,47.56558496270512,35.21862778367881,104.6998688516834,3.469554000000001,2.5225951500000003,8.753592007440929,22.20935664529085,27.5569600616324,56.47888004502023,67.53511698593441,42.14905153020633,2.43729
4.511240806066873,13.421887212365975,14.515433734500371,10.39281750227278,12.538956873646368,11.470233561378445,13.74689743531343,21.76217343927017,27.27738042474882,6.213282466325088,7.587605034530648,15.049811084605938,10.659248541864057,64.35166297611143,38.21503524126502,18.264827887510403,40.32217776574893,40.016147626071934,14.923782232143829,22.73505261674661,22.0329484987208,24.409258165010247,25.93051003419647,11.240005900948594
8.234572033397324,11.381194904895832,6.558534377010031,14.099901606799484,12.81809236981771,10.158719067123071,14.920834386839816,11.462029650782885,22.933333163405564,27.004919962693982,62.453231324645415,22.640468622659103,15.99423795679663,46.35401683844638,25.97871230198495,36.32287389510893,21.818442643545023,18.28072682919418,50.23058228583461,17.561330172734113,33.915651081836245,19.42784779623637,16.339127905381435,6.2039884903391975
3.209305,8.946934917611609,8.946934917611609,3.5302355000000003,17.391417361229284,9.353613777503044,4.052096400000001,3.6887234497011914,4.619452113716341,6.589413093384207,7.985693976050028,9.013799766832332,3.287952,7.884864506655455,5.640992485346317,5.041506239022931,4.117356135813367,3.793723708732207,1.4738876593922976,12.25299825256237,13.807329520628148,40.43301913161962,30.152528340246228,19.1860974483208
4.79200671612394,10.958172822210305,3.1411600000000006,11.764420250039134,11.525441011683505,6.444414269576528,14.453257300596198,7.422827917873056,7.938525001635917,24.87892163403562,22.96089026139613,19.33931729594508,10.670016512084564,7.982135771158912,21.222101127624725,43.353036503227464,40.10080476697695,19.20660571434136,20.48570849067169,18.27980407912224,17.600123921222316,20.061282420612955,27.14271967685683,33.925451796424824
3.58248,10.360798155342996,10.360798155342996,8.373953474829772,9.198247592526233,12.318250477317598,7.329294676049415,52.76144108565475,9.15315813038876,6.085348263613688,10.516767205931233,7.302374188158945,6.439245063392384,9.339739320891185,4.682720770584271,25.85225196131431,31.265230545893814,22.637800473570152,41.78097362565504,29.648563233418137,26.056964385142408,29.81526804994444,37.822171623153785,2.16648
3.955655,18.456994949307123,4.162037,4.3512205,3.955655,4.3512205,21.031542131495787,23.053020532545062,9.471163422876106,3.349720575,6.61457930306719,29.48195095139724,31.05377104500594,41.503167996294756,23.546822922677958,22.507707753064878,32.50878275433333,19.33393237511869,34.34006626780844,1.6248867624000007,14.784196422971853,20.13285309125969,19.780828492645647,8.474348383140965
7.38236807940536,8.006379073014129,5.482192725341915,10.367909451865756,9.425372228968866,6.105934064519856,21.900764298833764,33.35570391689795,36.64115647174862,33.011276618784244,30.651045976656214,31.01534147711308,70.57938297967821,26.19355720382702,6.669309111783877,7.619490567655002,14.552316172263854,13.490157899789368,19.55532994562303,22.80134434767367,22.037007808171847,24.749950299735023,31.617957773359084,35.20941749272216
7.081498113074411,14.457874858481812,13.884478531416624,13.397280276835149,13.415020157477882,13.487248461373136,16.983977083270638,16.83895012414827,13.92599757564508,12.862887910488691,8.1870481206164,13.894654231197912,11.548054163855456,66.72019578443829,13.094766140756894,10.355608964975056,8.930525943143552,10.589338697055052,15.756969973400842,23.98582331565237,16.24861909748268,25.72931616153428,23.49272931031379,28.701321127184247
7.123798923190382,5.575348461483357,7.9965777112642735,5.651028124770956,5.137298295246324,5.651028124770956,6.690418153780029,13.435062270347244,6.047731440841058,11.04083583181278,6.220891505518194,19.34652240957758,8.053960521864747,12.95444875789155,5.724063364157812,4.42254374982075,3.3166202314733164,3.390748533581736,5.25880082529186,10.684933851579546,2.053126146054762,10.125102548526126,5.778558654670992,3.403266221672832
13.020084335442956,9.99156246126026,14.076274093993565,15.14574864848918,13.376547677207697,9.799118444614404,18.3744555948438,2.600347715059605,8.797887337441958,14.933534016412231,14.770495122751225,12.905804600832337,6.808911182665153,20.493440303674905,14.762824176008301,12.359730280507335,10.016072999224573,14.623988181153484,16.80596700128545,21.519967968116823,21.43114327950312,20.085070359469707,18.65577892636989,29.348832776904164
3.43321,9.102640408093915,5.608809057488697,7.168269876074549,8.651269809345457,9.516396790280004,4.334800800000001,6.415313544766274,40.56235678618975,5.518382966581356,5.228956954420469,3.74532,76.93883896492228,19.661019450636157,57.12063698608721,26.884169068080794,5.41490842157668,7.282141337608597,19.664283391840332,28.17323865714992,22.76218596053732,26.5763064298342,28.53013899610923,42.43378895868606
4.254195000000001,7.1876090382112245,5.681244572538322,6.096966519974047,6.831198672680087,7.514318539948096,10.6261716,18.71153177717523,22.48256380088476,35.39283282020321,29.17515038831208,11.694088999502222,17.30931089868258,5.936120019798248,4.83613773762086,5.880771031263729,4.18609990514566,1.89800059086,2.7281431429580736,1.7475197256000008,1.7528605976405087,3.161417522580415,2.612262718552556,4.1311201459290645
4.587547629019201,14.354695243665793,9.91999018872488,12.944190099496014,12.35493888869489,11.064270911435642,20.151180037882543,11.018699271670735,9.76244750606421,9.647889738075882,76.29796229498396,15.123466665608028,9.843494238654179,15.805001805360327,9.649236548204058,12.493612710834443,11.481735168965356,8.396671416545722,15.843830476993183,15.624671182046466,13.185879455374147,14.96753194703939,18.23157448593384,21.99795520449717
7.169981178956807,10.74259027444115,10.742590274441152,6.87414603551781,9.196593624725171,10.67357140978399,8.402331485508299,5.505905194151611,4.85733634050783,7.208511996654807,4.342381550706009,11.13807256102839,19.693143036272566,5.79473467456873,7.6708593139245504,18.6702551144098,31.14786339011157,59.83695818964091,24.53765599640476,24.247636018355823,17.950405610987325,21.670758749880832,31.656260517390987,8.598892642781975
13.238089830045377,7.862236381569969,7.862236381569968,5.775916893147689,5.452791710250192,8.21961076255042,22.981583708132646,17.989608328329645,17.978580970428734,3.2493483523814644,8.91923984860041,8.151680095091322,11.365510036271797,23.58045424682292,5.177040428911578,19.752946405185995,69.6492407222543,27.28862118756436,21.545033256464844,48.80922999598592,16.51164797682294,27.23021645452488,25.54972962839008,20.31394620245946
8.608041310129881,26.18848200944053,10.691025097282676,4.6796145000000005,10.16089162138436,11.176980783522795,12.82923011673921,75.16653640931929,31.03670861428524,32.09045693258461,37.53314746491112,16.116651058468282,27.6157293961409,12.311053213424096,7.8515980710697315,8.747202352322189,17.47700417170359,22.20883685940777,26.81183100172006,17.449505594740998,16.019239213415382,35.50647078871849,3.227185284606003,4.521077141010005
3.657115,9.64501111696665,9.64501111696665,10.083420713192403,8.665870548092897,4.29830805514511,11.57401334035998,14.433369943667648,8.335364214438826,6.490115688126203,4.610476693900074,7.756866337180305,19.33330905698152,65.49177231430882,36.06765690241208,25.89855054799808,55.02411472604933,71.69704582796146,66.26561716029505,31.14527193600301,51.68740692297147,23.30403677870279,46.83936891990476,55.38526811326037
3.43321,10.197201591806092,10.197201591806092,10.660710755070005,9.69155523188182,3.7765310000000007,23.14223248902052,12.064086912686824,13.641715233773647,84.5014461795499,22.89963666073491,12.22860570750744,14.416237837619695,20.294724186622812,33.500232408837114,5.961912488194729,8.223303009137252,22.970967315542563,22.029750034787764,27.094865400746745,19.27340617268545,19.9045366737017,1.660968,5.860900990031299
12.010579843865925,10.95228593756937,10.95228593756937,11.45011711654979,4.104925000000001,11.45011711654979,14.254548383691668,22.462009871437253,7.051758078721407,23.964345642903325,72.35323775189582,33.55574885715539,93.26415811542459,40.1037495907732,20.09474980335061,3.533805000000001,6.515211268383909,17.375271601642957,1.7538054972275534,4.275844841834933,3.671179914706761,18.252550470611748,24.74604138485067,40.44288973611623
7.242125,9.77171805215173,9.771718052151728,9.10480304460912,6.004421838458691,8.271490037174269,11.726061662582076,9.41884525780486,12.726241364058597,20.394722358166284,29.40718331258247,14.999416398010595,13.160351357503874,8.611739500506367,7.176449583755304,20.97500502668705,43.54872851430414,11.863877809402068,10.153252644559512,47.14854477478354,14.780360855817586,17.366544474528926,4.493081478525061,4.700096798659146
3.88102,4.083508000000001,4.083508000000001,4.269122,3.88102,4.269122,8.861265600000001,2.78825976,2.6292146400000003,4.440067984321028,5.667006449839681,4.653120190250684,12.31234643299145,9.646753099466563,41.471866918402476,6.845903745089018,5.622824202107186,6.853138837987531,12.538567524786515,15.719166180970712,11.18934996064542,19.79814793881788,26.48534948782208,17.67750539894581
18.079411335225007,4.240566000000001,7.116889970106313,7.440384968747508,6.763986335225007,23.980126811728137,50.8096465570353,17.799494305737582,36.65046270188615,3.41292285,6.352265427863485,4.7280371315424246,7.396525453644436,5.286272589960837,5.2267167135829595,34.90645642057534,30.748067011895188,20.708848228207717,49.77503199980363,22.48473370065897,19.884951740194538,24.7342546661066,23.44398889506645,36.000821042696614
5.094678903857169,39.23633835766218,38.40468358995178,49.75838592809606,8.735713048208085,10.173712965511005,13.737187882596588,22.840268678036825,27.44601803664408,62.52018227338002,9.313064188442166,21.313776431844744,54.39032571707456,122.96722377833007,8.898249169756616,7.746001121335317,6.3442838937003145,12.106057362606228,25.96826371794972,38.62539239515516,28.45498962986674,28.579840511606072,25.511353997754625,6.883127675139345
10.895582758622156,9.97362811203776,9.97362811203776,9.632048638348143,18.418185264069905,15.252940531905509,13.30718786627407,28.89661815538436,51.59329549694745,51.55712447213235,57.54165707637959,33.20924395784597,61.379369900262304,62.668809438835744,7.125432612562676,14.457643761117831,28.539545099045423,24.24939851473894,29.134547969827167,26.00622940778496,18.513292436562143,31.77093488149581,44.0107385965198,42.81348393475062
6.357824051147476,9.682953417508408,12.24903068460657,4.589649583089673,12.07872380115332,7.1538702478070615,17.17397537401241,37.46088613380167,14.863027568780376,7.224092285667389,11.34349713499616,7.094747353197084,22.660593796976435,6.5005112421131495,7.732851290097694,17.26176205257148,48.821034028703366,28.65841618412018,6.862682128572902,7.421578348749537,16.919451588560595,14.792082395709343,7.379703250280716,22.30982724814765
34.21606413967935,12.191519921831068,12.619016877409791,10.449577808267618,10.53864298682968,12.049679076410662,15.142820252891749,5.331908709083813,38.62766590989843,25.53577526156874,20.07623826196821,18.54182816366117,10.191452836799916,13.057682179075142,6.369100264235143,10.324650172426193,6.353583244437406,2.7860024761784867,4.208767447444581,3.086848477469512,4.229864118574473,4.685246869683445,2.0224952575499606,7.252853426910961
3.1346700000000003,11.5901161505477,5.963750338460138,10.56877689010332,10.03020518786654,11.385122172084673,8.38407112878945,11.048698923586374,25.048551068424768,4.799788472063831,10.344897059992988,6.183302379470315,8.689902795240776,5.255807022549767,8.511899727393219,3.6853803699539505,17.476967322617632,12.339348029985976,41.8442471434771,33.623004470016745,22.1806400429736,21.95990448926284,4.852557766778119,5.640133255112184
10.595793705818751,19.15334742290014,8.474000872126291,10.855320854275258,10.806970013615466,21.309414780261783,11.118445762316677,14.898147126496456,21.436646654868778,11.09303183021252,10.51586726939536,15.610290275395004,8.968339573307684,13.466835202194664,9.228205233571202,12.23177455885692,15.50922237471394,10.273202926431283,11.70301835360348,4.905640265336968,4.211913359127698,9.895423148791464,9.214494863825912,6.908528018612591
6.514454567902563,3.9563456923423344,7.627137410510447,9.089977900906815,6.978280330478432,10.098716950515682,8.516011622494878,12.66800654948399,73.2817460432317,54.79895270191204,3.5322807417193487,5.457866790076833,9.971077345165863,6.721737176956237,5.817970730023815,6.639678636619315,6.091705065562267,12.05900529060948,6.023458471676558,8.673795851827654,10.429935164063387,13.719146339859892,14.318927606853018,1.940805
19.267028693345857,8.176408213777295,11.025634399928949,14.01567974784766,13.769989914539996,7.327483198665668,12.98893682566804,6.937305714063418,12.108035515559006,17.142051639867507,22.18123976171121,24.812564673052616,121.91921278834573,30.896415441488994,10.640446752144541,10.437569415359887,13.086006051787342,14.779268677402053,53.2114997759661,22.58433546339641,23.19113831017685,29.63485402161424,27.569441721211643,37.74878798682074
6.689866463052556,7.038902974168343,7.038902974168343,5.1472920798572925,7.120690040227983,5.937135304678906,8.446683569002012,17.801978985018774,27.054444018041757,32.55699949191717,56.01754929034093,14.644460051196216,14.170286752938074,55.83933799071227,9.628235110171167,27.244200218136633,30.1825829755094,28.68809072379489,23.79418781905247,6.378720479254311,14.26164343226086,16.077718586864123,1.9859400000000005,4.04565046975115
13.060436630186423,10.799794209290514,11.31377533539939,6.3742265404612,9.834635537429428,13.811199838898174,14.225485358196048,7.46032521986117,8.117798241416722,9.710501028023046,14.80688758421229,31.29468303298912,22.211292853183988,30.210681700728472,29.2596494541242,34.924976743383255,61.61848973143657,21.557872670895925,22.781842343143683,26.922911920285816,21.81708204532553,26.098717464057305,13.137214087624166,5.68761102461031
3.657115,10.061342150053322,10.061342150053322,4.022826500000002,9.5624326219515,5.603092757884764,18.58324941520128,25.041645764218664,15.997005757657334,4.233441095836327,7.467863276969247,12.72190663447233,59.9049799213972,8.866982976718663,7.389152480598886,21.93531501314722,5.9852135092850975,26.12259694413821,19.570941836205776,6.945046285074939,10.959770836361384,26.98745882097236,33.0817511245809,5.78281498481652
4.013845,7.392240024386832,8.630496493721566,10.377159290995907,10.665024357364626,5.288370878041017,11.49643915137084,14.86990048495717,7.521746779344054,6.946058306902239,7.042511385084077,10.775340795674326,7.19785354741197,9.889386222283564,8.2411551852363,5.896776414409766,4.4734891234194025,4.758179286989512,4.2592397709624805,1.4409373176000009,3.761406550979853,4.260781951920629,3.798151450236756,5.977985414445925
8.228371323949426,10.956944001914549,14.274683678422198,10.385264619975064,8.958290467941492,25.28071794550269,129.32696775949017,30.713140879376283,32.70538526886402,39.64978230114721,29.844087435099222,12.756328157862123,10.41835905077419,12.495595335866817,10.913751637948854,7.920728411057047,8.94706696528787,30.723205767044128,22.7588204298588,44.99507322710036,29.519908556137736,20.54199351494025,17.419013001593445,4.389791886567335
8.18957511004757,11.852960126432151,14.289408392255815,13.76728390934715,7.489111477798557,14.967607417778948,21.0888035402507,12.186169143062289,9.84673573292262,8.744771338119708,11.617261842795044,12.95602210508494,11.209766058638026,8.338359135574832,7.52103509508005,11.686580520976722,25.17126287683686,16.65967330313387,19.149284224939816,26.08686479366851,20.16085682263025,27.70859028672397,32.50267435833551,13.476677623128756
7.997669051880105,9.298027451337806,11.542605941457838,10.3440053017234,10.217705454709764,10.503415543932975,15.339638420635191,12.481318376804012,13.46700254033572,2.212079625,9.579004675311632,9.974322988192831,62.2105904072595,53.153868810558535,9.771538344483593,14.004923327225763,22.59732698894773,34.99265677302472,25.19499370361615,20.88390119481469,16.189933187739918,11.905328106144694,5.630482272478766,4.723930519190949
7.986399948770039,3.3767470000000013,8.403081685227608,8.785039943647044,7.986399948770039,5.918782974385018,10.278269211136564,11.190627511020702,5.410422947112211,6.763028683890265,6.072807311070144,4.922344447567945,8.18211409771223,7.405570861586761,2.4799175,6.875248651549861,46.94293799281184,22.36496321173088,18.22671170396975,20.16256700255689,13.01291643373278,18.05359699716093,23.459025906954345,15.74128768455457
6.906258488723079,14.122535334676614,13.4342159080416,11.840566058291149,13.801483890100972,12.290520465266477,14.760939254315526,16.924359270373913,26.52760721903009,78.42925401506568,27.99744018964667,37.45113474659043,48.14847602710693,40.29502306159206,34.516177433221436,51.315081322095146,24.733258179578534,24.43384116522172,18.857471894062964,43.99642407191697,31.83375821130699,28.844414718895905,4.480031013532048,9.811096465239125
8.888998996145478,13.351275987058312,8.579267380678283,11.26260278175488,13.424379076589304,14.766816984248235,8.57271996957001,35.238928823009175,88.25445976173037,44.31796382464746,47.06383559543206,32.705611850961944,42.54686968154642,27.862758677582317,19.247718854543837,15.803424320500447,31.101122004062404,21.61364688407364,8.986956597205722,28.666219143544776,23.3977383496872,41.285138185396896,39.369269216075786,29.367986344828328
10.979054784493046,5.2229164572244295,12.54755964375135,10.404801005387304,6.720651598667784,10.404801005387304,11.046785874905671,30.44184138764422,39.19533921894253,63.05872000697778,45.35932251183964,87.29121193012587,28.690681323818872,14.618817076936336,6.838522920766685,8.229557552457203,4.20651693243888,5.3204784594474654,7.093038549555788,19.510976630745727,21.56855790570114,70.20852933857367,21.933697836929568,6.465996682005572
4.17956,4.397624,4.397624,4.597516000000001,4.17956,4.597516000000001,5.2771488,3.00274128,41.33186547355459,91.10348827877746,18.74560896905866,73.24598002495301,9.36412319467507,10.570917085188416,3.22966,3.598056,2.6160246,30.5033964167509,1.6691708880000005,36.93765523173633,21.23195324187381,17.989743533154748,22.65752512943161,15.826342209979828
3.358575,9.262486519408366,9.262486519408364,5.055586166801573,7.318294757968215,9.683508633926923,11.11498382329004,6.104080353945657,2.7782563028928258,7.45470106818424,8.267343339637216,12.313124117751574,35.61860866010784,58.90626485975242,8.901018436907911,18.03667965639444,22.731705762538816,22.13010396058144,19.092394884691515,18.726691631863943,23.82264095418548,23.73246225023582,14.373269848032589,5.323668059614874
23.59872239033701,11.459807163241097,7.877368976124072,11.980707488842958,10.891552262584506,11.583298191553157,48.52808138196036,33.790628450084625,36.01185516749118,9.017218506558262,6.842332133955689,11.881693377364916,7.670225539486698,10.099439370760178,2.99897,91.01262718195787,39.647006641509904,48.29798659698647,20.616875940893763,26.69781602003853,18.7578204821323,29.79186883348048,33.62606246208986,6.586590893974031
3.2839400000000003,3.455276000000001,3.455276000000001,3.612334,3.28394,3.612334,21.37888005331565,11.711819227714855,13.027415632485758,18.83489127642027,7.462542549408877,6.909040214752818,13.792709575390006,4.182939584322425,2.53759,12.097945127260665,23.01654098080356,21.53112485996177,18.673944437784368,24.307287438647844,19.21147733305247,23.355293101646605,11.048765463557013,1.9859400000000005
6.279071947173891,3.533805,3.533805,3.694432500000001,3.358575,3.694432500000001,4.824483969296176,17.66452402648191,15.444765615486071,29.00104921710104,74.53065308908683,36.99616945084736,10.414016261934202,17.680334894725767,23.59527216875901,39.11837341626199,25.71374554710003,42.359564873415415,23.68200452255158,26.164456451879477,18.503817353225465,23.21329965438075,30.51655002576397,40.039691201290125
13.397057508574395,12.87761971492463,8.179698697489707,14.759770281538398,12.07054234881807,11.112635749595148,13.600197688802462,7.314562951988443,14.516949811981018,30.81321657022064,16.66367648921939,14.959054258259426,11.542336133376846,24.956797463328627,38.048192025232254,34.28586876198887,24.91368900605857,24.122159729671857,21.629295999707157,24.437246112852566,24.93853675451276,27.05047105474541,30.109073817449683,25.208082171048304
7.8832941642069345,8.739942401204003,10.11318362035876,10.572873784920525,6.825063161907807,10.572873784920525,15.476055641030626,3.22085808,18.198658918509366,60.14375440729256,134.8697722334901,26.30335662301557,89.62481324393075,48.37138135286296,47.815955671835724,29.126152513305627,35.00957617396349,32.30470474165963,26.134333709536907,36.26307108661449,46.84514661686021,23.769662037632298,3.3019277905830653,5.812611171731368
6.8779023541715,13.525928688303186,7.272178764625189,9.358888327522818,8.813449126447228,14.140743628680596,13.143699155433682,19.38443773534252,41.20122492487006,10.88603528108758,12.0727297383202,11.667403517554131,4.738219365069531,12.078605969143878,5.249547496936786,12.906231908039379,21.258529371372543,14.230087872723564,15.750936574912751,61.446509892027656,24.32295026291148,29.27656291056284,31.49706593688878,33.942213549971456
9.089999688311712,5.496460853417848,10.649007125134156,9.445653485135344,9.702593692876096,4.282160259799633,9.533852465889966,57.19500345948814,18.180105741889125,8.216332749921893,2.084323925531745,28.16269430202017,23.667486414080262,26.4265977090434,21.028456415991922,22.350528008383286,30.27401369352788,24.003933856873356,26.77907129762078,15.810845330051055,13.19148911277878,41.836412044261074,19.619482557546185,13.514417766803131
3.731750000000001,7.687075428802855,7.687075428802855,8.03648794829389,20.95613417599425,39.58500186917736,60.110992916225136,48.79839904042068,28.765633665975272,5.5814366500566965,8.56736073432168,7.970070692522865,7.484935954717126,21.66020872456773,52.940505352937016,15.548162935430387,29.70306101113477,22.036282569179544,20.76801457795824,21.32334933107269,22.030414445615857,37.52348099198579,25.582274888370385,31.414254712686112
20.10198388080894,15.24454326013383,9.756534242792966,11.409204869445036,22.09333687219457,13.777727814202846,10.148205137393983,8.841813233783475,11.94882796967645,8.128198742280693,4.312782173737053,129.88028292880463,42.42048759723543,96.21787001560013,19.46904676099142,21.51797287476413,18.05495960701416,13.921043067551974,13.440406051051252,67.07010409560822,15.545499552723468,19.901044339957053,16.285258316193474,6.56366690020992
4.962078509547164,7.5161294055479715,9.301253728137029,9.72403798850689,8.840034535006263,8.390990604755322,5.653120849775353,3.0425438276468983,5.331936843585124,7.485901972143939,13.72563413507486,24.02084699915479,24.00058124719235,17.0972595447101,5.332634585395641,7.610116686657567,2.1955920750000004,4.516430544573764,28.43057825973045,3.631270951357112,2.1774631457644165,16.034837030897382,20.7049227609574,27.595862521017285
11.388791615027404,11.634917201205432,11.41301099810893,9.473846392785912,8.03436570948803,10.75741987458325,17.22426760685975,9.420969648171782,4.780934230569666,15.485001918676364,12.942756709026687,11.769282792053865,6.481211348910754,12.779338063710696,8.704549320758412,10.445720845521647,15.694644878044368,27.08177564254625,19.992067342002382,18.343246346227826,15.083072929185974,22.411932683534705,21.56233315882881,35.65950249193863
12.64269114305062,8.605147699886958,10.321952884172632,11.050784868778416,11.973054395750466,23.36404517033825,50.990791906846106,43.39709762615544,33.58475939626181,16.449912245145075,4.899934165461356,11.113479712309148,12.95251203272222,6.907852619673687,19.237078280896018,27.185858450392974,27.520070900561223,25.055718074615253,18.70466839825722,20.377429831169035,19.64284786724896,28.92975879346721,30.659196472685817,40.69506049780172
9.519039353707305,7.493971014456426,14.832749053899176,11.986589601578991,8.480374925760524,12.690362261219295,10.632048640585456,8.848020991521205,9.753826134889064,9.464913430876674,11.80990085574515,11.169122650703269,9.351450070951282,8.980486665659974,9.917972704296854,7.619490915941993,18.12218840923132,13.990799822838044,27.84004811451456,18.332164722533843,14.555649848042409,22.38059055325918,26.25973764738663,10.96889138779174
3.731750000000001,24.575523569253384,29.67929538300309,48.72221364098768,10.242898189641638,13.347168342269583,16.437528400232576,22.804062324332484,39.03093934686483,61.8173554989227,20.22174050928986,9.008832342362725,45.87423097148429,42.266356819542885,32.93780837331773,13.019747761200502,8.302671955548565,5.932110588131355,4.563605897703146,6.023333951365605,3.990319571895496,15.818038581378689,4.565956825354191,6.141312747026329
3.955655,4.162037,4.162037,4.3512205,3.955655,24.364117845525875,31.790219039393552,15.46891751257095,51.20297519709982,3.349720575,3.714876,4.315259999999999,15.95752297647973,3.667970999999999,3.0566424999999997,3.405303,2.475880425,1.7648075669400003,1.579751019,20.46122703697616,23.091515623059973,7.283215233318701,1.913724,2.392155
3.507845,8.208200725576754,6.62713252162489,8.345167195629639,4.795846252333868,8.581300758557516,7.410478498880661,3.753951059626948,5.730576149815751,8.653561811255333,4.100724784069901,7.339470688183275,7.992357731290363,7.233823779941043,5.530549635791572,3.3893973593653706,36.06704465707862,47.72824950298435,21.936195180489115,42.213164002070485,14.444428074060706,17.829550138919693,16.989922174338496,12.16925659339562
3.731750000000001,7.798580235292286,15.769495879045246,17.86941158905856,10.555329329125698,16.42164369601274,15.959214678705669,15.768295907181113,9.924355998759903,9.166589833932754,24.167648319802247,9.739676020875692,72.67556745906857,74.56321403081553,58.32647735754427,15.104828331776957,23.93896222327117,24.01316789011936,17.306426085903396,23.4917800953348,39.2607671988586,23.83666303726965,25.09237970130207,29.894336458419303
3.507845,9.531349357095571,9.531349357095571,9.964592509690826,5.526345168492834,7.466698551180942,11.43761922851469,4.772767726957483,4.769429239755913,2.970506925,10.578263404848396,5.75874,73.28674129626458,114.65293499370162,19.59988243876306,18.017268029112074,48.92374728149717,31.28485516659505,49.87675389003364,29.715265414168083,26.81186030061247,63.547212590530414,6.631739857577466,2.1213450000000003
24.467539302296935,3.455276000000001,3.455276000000001,3.612334,3.28394,3.612334,15.7982829246997,18.008482728479994,26.0649228561446,9.1413437380723,3.084048000000001,3.58248,3.364416,56.62684567753256,25.260021911774526,42.79145795959773,34.05141791175833,22.46977554486477,14.71898077996492,20.97119060919106,18.97330917609749,23.619513863274552,21.0420457636772,1.9859400000000005
17.682188574576507,7.147069417896283,4.004979000000001,7.644826352230357,6.478323567632549,5.915924926115179,11.577885850151471,18.509040601363385,45.23930770834763,17.60696504429834,12.292850896013103,5.799026014450307,19.07989042634383,37.22618200402618,26.3869735134732,24.344194332620173,18.619265970340727,22.69662688719312,16.30907661369202,33.27189628868814,11.406035921976446,13.981342398028128,31.26772729281189,40.32128041733802
14.916916788761789,9.720380644730172,9.305386033201724,11.76917822726462,12.956681351659435,12.488137593433256,11.778798696206824,9.115501100289595,69.26530200969023,6.880796648080563,8.57987903923639,12.352962374495542,14.070505716643654,57.01931579229432,11.796763566321998,9.40764651761154,28.893143457261537,26.75717994509121,29.87861495253247,25.540758459484422,17.890914544325028,20.61971302843789,11.84311655882006,5.348324804958164
13.068613095483869,9.86431743425958,11.585087497533854,14.727631290996994,13.155817538238017,9.346759313358376,16.316539849501893,29.3873494597671,34.16102887980146,25.56360764377181,20.736067964981974,9.417256340403751,5.5029803786991485,10.471053030241364,6.385907617570019,7.431443590362093,8.380143920538371,7.101997544501283,7.610494370623963,14.964383658965325,17.730434495252187,21.002341073183903,23.02609887137673,23.2394361341192
9.295131900589231,4.67276957309984,9.01399644444848,10.224645090648156,9.295131900589231,9.690697400589231,9.331906690600006,10.307396717892493,16.3691567569228,31.26032969443385,22.05576753822552,12.356765888360828,24.619887619450527,22.668979161459234,22.057617963492273,14.603982340821561,56.83663381894054,18.72519402842341,16.303286316357543,19.26414842977648,12.353166454036405,20.250407256173936,23.54194757691279,35.75323773129928
3.657115,6.482748199113763,6.482748199113763,4.022826500000002,6.022168799020848,4.17585939287782,7.427987545721348,17.188963032211944,9.732346158907824,4.746251934520368,5.786254590944515,6.417870531614986,6.454807831996713,12.882916975586559,5.445855588451416,12.404745941826969,27.59823175885478,16.576267402184783,16.77606776255495,14.970750921564116,19.167391137691915,26.465478656178565,16.116855835409865,3.473600228726539
3.58248,3.7693920000000007,3.7693920000000007,3.940728000000001,13.450745,20.519590345387183,39.45345859280295,32.51810817139432,37.074682112770056,36.12948084639882,3.3644160000000003,3.90816,18.056321353987073,3.321936,2.76828,15.007483777076915,13.988306596163232,13.634381012745024,39.93393313980134,21.89446012646387,13.147009728284276,16.63835969720195,20.41230285912216,13.843607860468834
10.33156817989543,8.157923946216085,11.75061596752257,9.026721957212274,9.474635184393035,13.204744752389486,15.394304097181596,6.476450315774565,8.25983641698139,9.226933774405389,8.40645773871778,13.30086379546118,8.250619772940555,19.717593197947533,12.525767349919048,13.57444574266068,11.242482332795484,43.71694691469256,15.34226861379554,15.700188802007649,23.464853148631224,34.82795299565326,26.48592955476948,15.070109714760154
3.292761632121376,8.106489041394408,5.466171238320048,7.974025816003241,6.550934481820636,8.230025111336756,9.534570190964354,13.49298598713681,24.647194107638853,36.29132375077048,16.71013989188112,8.972717962941283,3.135024,7.153508177523695,5.96125681460308,10.459761637346892,14.086213205287642,8.398543263196965,22.54956175332066,1.9261769114152765,3.3062322289538755,16.45009446717262,15.70371511034981,15.90331296764094
3.2839400000000003,3.455276000000001,3.455276000000001,3.612334,3.28394,3.612334,4.146331200000001,8.581768752684654,19.301436167105177,49.097569622030655,5.970888,3.58248,3.364416,3.045108,2.53759,2.827044000000001,2.0554479000000003,4.35473462952,7.778880578317119,14.381083979467428,12.169971534710395,9.65525335496527,1.588752,1.9859400000000005
7.819354823993077,7.035205643636445,17.970632251638833,19.77288090502666,16.863508174669263,8.21829708534556,16.603420225435745,10.258817958084924,7.054868671045399,13.084390881989613,10.255616202540308,17.654952832372633,9.797814404361207,14.130362903355296,8.84443247091621,10.750044204048807,17.889254592337647,15.007109744388355,9.240135482066728,21.14079954912251,3.714851932328166,8.80536708583296,7.475224364421708,7.46765395063319
4.104925000000001,11.425817162942652,16.344748396285567,7.222666315318683,11.050289431334871,14.019894091989404,19.613698075542683,6.467753787435424,6.710430038177769,11.835068167291572,9.657356036108157,13.801932517531332,12.355451923141732,10.311634814158898,8.93407531117788,16.533375430148478,36.42866060381004,24.91916822995877,32.84009418966937,10.32858200984024,12.918294515788451,48.42068953841356,16.0450495344791,7.514263789561737
3.58248,6.755853653814902,3.7693920000000007,7.062937910806487,3.5824800000000003,7.062937910806487,23.44480371945928,12.573661684479,20.217525996144275,68.30406042564238,23.916340453562267,22.570882365509835,18.07960794811722,6.686495620133697,5.092392893671477,6.782242788676954,3.229286379242546,2.7239467575745406,6.361474710520752,11.742747502713089,14.154829567785598,22.038579365216467,25.295997800930607,57.46514731918281
4.03029,4.240566000000001,4.240566000000001,4.433319,5.143490000000001,8.181028660902536,7.612255200000002,24.46457687381549,21.81294813040832,18.86793955796916,3.784968,4.68648,5.176942552525817,4.082573537381971,3.114315,3.469554000000001,46.19512964120843,71.38389573413166,31.026261203021534,33.567288599395226,38.0573718622872,42.69530232748721,45.76222717545006,54.628963080908
7.00240483534967,7.367747696324436,7.367747696324436,6.818904255107712,3.5879507253024503,7.702645318884636,14.435550732218411,15.685930482880684,8.340495277374831,2.5280910000000003,51.4772490005147,3.2568,7.174005270049938,2.76828,2.3068999999999997,26.47582289875325,67.56633816343127,19.525301808933484,12.783869486287516,1.7213559663079567,14.44976001138414,29.03091923640554,24.141215450195244,21.848027277339327
3.58248,8.14396960217868,3.7693920000000007,8.514150038641347,3.65838,8.514150038641347,18.904426217866146,19.579331711008287,18.368795456007305,17.774989905212163,17.970919430116165,8.757499362501186,15.543168491715798,7.177217387945597,5.9810144899546644,3.0840480000000006,4.844621736863278,3.153342966742128,13.758458672750224,18.97476378457149,13.456329366127225,12.795905503926225,3.4429174850889184,4.680793948660173
8.335471240461658,9.04693477659323,10.97290502978218,9.427376843331592,11.260824762027127,8.512143045328576,50.44139820082148,21.137351843882325,76.43701694364064,18.60118250474201,12.506368078741003,14.083862165225517,26.76921606768301,31.455482285345713,23.44281030651895,30.389799081666837,31.92565173901867,23.705751873388174,25.20578478321738,20.94370721486779,17.43161087820302,33.858994696853394,46.90471335642963,27.612468919272413
3.1346700000000003,3.298218000000001,3.298218000000001,3.4481370000000005,3.1346700000000003,3.4481370000000005,4.213413600000001,18.539503737239336,13.891623951894038,14.29657501847921,18.77143143936648,20.28022312200452,8.060362825969966,2.906694,5.6010743118094,4.2799739904661624,18.724141533038843,14.563993714826497,13.559992677,15.17407103741365,14.99341234560334,17.31541094321998,31.23937517099996,8.969804110204368
3.58248,6.431955588142422,3.7693920000000007,5.951097981956021,4.285406567117491,6.415029516253566,6.475817031304444,9.68602889452432,36.15610869554213,13.09371245399081,4.359891625636213,19.499103604871017,31.313675777499675,31.203240543591026,20.586305102837763,25.852748953158063,26.047091362924203,25.100943257828373,11.380487505049937,20.671935919260797,14.92575497982524,24.507332557602723,19.22531050070148,2.16648
1.94051,2.0417540000000005,2.0417540000000005,2.134561,1.94051,2.134561,2.4501048,1.39412988,1.31460732,1.64325915,1.822392,2.11692,3.518387617244169,10.938030849332742,6.629427852730365,1.6705260000000004,24.98088043128348,21.66445386922343,35.753705755495226,14.219434306916916,14.951504657426597,18.95674333466657,10.7860864932216,1.17351
4.104925000000001,9.382551630624524,9.382551630624524,9.809031250198364,4.542413739685815,9.087174829716766,5.182914000000001,14.19792173586918,6.134076320310375,7.551332735173365,18.838379070804656,23.766821314532024,29.987456977599265,27.40832718933495,6.890641787329426,9.172601442540342,26.870809689826103,27.645472878378182,28.168903112921797,33.71290870257193,29.94626179813587,25.41636030444365,31.07462855723372,26.602858147851315
16.055811887687128,14.758885103238445,10.662820806778669,53.10820718923479,8.655404796771105,12.381832121245122,45.81653362212716,17.78206662967132,27.223760683708427,53.539636250043806,27.13301535878619,27.130999612141903,16.90236559231412,12.407375847608852,6.881582583353812,25.642159539988544,10.434467402358434,17.416851602062685,16.683237814843118,24.621982457971257,44.03018827230085,47.04717028602334,21.036606068190057,22.322117313247023
7.447797099753703,5.777199149286332,9.20916359714532,9.627761942470109,4.403465,19.915741324098136,21.11961435582872,59.41923735650009,52.56091427699816,40.39559144295784,75.98600941885023,32.74768262352232,22.715351021658673,38.94131256178156,16.089599375048667,61.387262351868195,46.236413339669696,38.0803164463256,44.083194890458415,17.991162050257223,17.35450256778996,18.363689192666,10.775256398672932,3.451981619868408
4.180987456442339,7.739804036903336,9.050289517381817,6.995570909453298,6.621769879958603,7.82837672937246,10.86034742085818,15.722237437405678,50.27166318574774,25.24529526004608,20.072044308643875,118.95036028285352,171.89305220699842,4.916344282856701,6.646625096349155,2.7415125393118758,3.162618094714021,32.70630630890843,21.68743024297908,12.06506276771657,9.50630618396824,16.580032538409327,22.490930111563507,4.303778798397364
3.955655,4.4167305187123125,7.21835922454774,8.07900745569838,7.344552232453071,4.617490996835599,20.267286269457287,30.39247265315034,21.278293445350226,31.65243614750029,19.98609395247737,6.427819313736979,5.292572466758661,6.810402979183755,17.69256407899986,21.667452343929796,35.134707817053496,28.19544245426514,32.231860760386134,61.62072009945028,23.599348692454672,30.78351500544065,26.8788819111778,35.73083097435032
3.58248,17.63293271077481,15.24819719547242,5.023767131860918,7.766949373099004,9.897443225235056,11.360543528095889,2.57377824,19.318765873914767,10.14869576578904,13.061664122677678,18.800799679928645,18.619088648302377,45.86759679619698,12.470327240445682,11.374877536394726,8.510874563592024,12.743697297836574,30.53923801115111,15.362719064064931,9.42530809575643,17.097127112200152,18.05618701014024,33.12380765775087
18.90926170444362,52.032885661643455,39.851401464356094,48.76667869459675,6.919453143567992,6.586092184231997,33.6232707151569,7.027607996057375,10.842132521815762,13.266814759508703,8.391549632992268,9.582159674687988,3.746736,8.144835723484789,5.346850156393447,6.069093013746781,18.323251149249877,32.695655622763724,76.3824063484069,42.68870303514226,41.3523723468057,50.607471043429015,33.61708446088365,31.916611794668363
4.254195000000001,9.151903086963872,6.554264149761721,9.024755994956324,9.685621868695405,11.389620316798297,10.982283704356645,23.16461762132781,53.55296194975897,115.82238956599592,29.00136781674305,31.910861190912048,23.951810929499956,88.66078580848274,19.47102349464698,6.637784328067918,6.062318778724351,4.321220825474717,1.698977511,3.877204098267666,1.500395724,14.142715047205472,30.309457840732023,3.6178006730817054
4.104925000000001,4.319095000000002,4.319095000000002,4.515417500000001,4.104925000000001,4.515417500000001,5.502354000000001,17.965167695071532,23.98182123780891,30.330729945811985,17.058135957781502,77.06166859173986,22.599894994308727,12.238142285740453,15.703532700255176,12.992852457033807,15.747996004863856,14.217723003078698,14.637568964952685,20.54066224015533,12.983576691773196,12.328639051999367,20.460512489731,12.567919554739046
3.945663225726591,10.591615526714296,11.411594700715668,13.015817439377336,23.39562672348185,20.24477678155925,35.10756874942145,43.315847459810215,46.11040845801747,55.17078882303716,16.73218023342544,19.411379813957,19.542796906893777,78.80160503672467,12.602345855384279,22.240851744951286,43.482715582189726,19.392045672669337,20.99632236043488,17.86727142505819,16.058973966920796,23.82615339043019,35.24266765087041,50.90967046357516
14.759749284534331,4.840659641435293,9.854743490047047,4.1870235000000005,9.630825834245972,10.302686375958272,5.4745193131482335,14.0371264348548,52.60108245898368,92.5023617278728,68.58643000554102,17.30897667540121,11.412385622841374,8.930402137209903,6.419114444415467,12.237329319447621,19.96625508522568,16.49927635557379,44.17971235348929,3.9561087630357616,3.396659038970098,9.719161299370654,44.634591915878765,31.670512625376443
10.791995513180613,8.602870746639669,6.677285733317453,10.113248615155175,9.483497442391034,10.431847186630138,30.300083502652623,14.296551897592318,4.6534805177205625,7.366613837155278,8.90624107633245,4.071,9.715899355999035,31.360965209505686,23.111588648225485,29.636443734659995,32.88186450205503,14.925058862349928,40.3361768681896,13.019645044116068,16.383509400195877,17.719208102516323,11.166913388213707,4.628338282480673
8.181807216072187,9.782759232778949,9.622163994472327,11.738485303790275,10.213454761992942,7.574781688164574,9.71584440905715,10.208762954981989,45.5487917480916,9.036693438413751,5.764600679573147,9.310426191890809,7.508326170520013,26.88549582071304,68.40919137922359,26.024158497398336,43.12528966691412,48.90799620316258,36.816238552689335,25.79280179122248,14.155780341494172,16.984194691760738,6.416166523838061,4.173600639443197
3.209305,10.12143267250164,7.692926832927318,11.08968451416615,11.668961389323812,7.410619975755658,15.178732772259064,7.948207264797885,11.404123226768444,17.045018997860648,70.11999553239552,108.9823686005024,10.101384078594956,9.142687904469046,9.28951370203057,6.89872058898695,20.78899725388482,9.094527460441943,14.189216344704748,16.307479759944332,30.645673274738105,16.96933583095124,13.439591745829311,3.1029664712855887
21.900070807815112,15.336569185306171,12.607680936460476,10.849207183699445,6.231968817004298,15.463650896257692,18.172186936121648,7.839996026594284,13.972089057778511,23.902066422741825,58.799518028477664,39.63902811953857,32.895433352431425,23.271828139498695,33.16823344802635,31.793503695896,28.930330906515152,19.125857173251703,17.064365186379497,16.047541276437585,20.857433858555936,17.960305541323926,24.76269159213472,18.184363044377115
8.492475497842394,6.470689770347363,14.312099835144831,12.415854084135963,9.67266130484945,13.965598154696684,10.08601130345916,18.17926172502203,22.413047765647555,54.11317143979671,11.363991792956543,26.66416586646296,27.91076781005968,20.794005460739495,24.5999477902158,17.81574643899154,25.27167044344896,5.927787178901108,22.4719372780451,15.770923651389516,15.289224149578237,16.075050896131373,39.10219848467428,14.38762472364918
8.927602934826606,8.025971842663372,6.385068957017477,16.932626554378626,6.848221867616931,5.531639777189312,11.272069096841944,82.05934497860119,46.773674623589,14.362855164368517,8.384183625750204,9.739203201629024,9.14638213718204,9.300663956571864,5.090958499166693,6.790463719312656,5.587867836934653,3.9830321941670217,1.281684789,3.667241917903141,3.1486420507249187,7.244518326917707,14.806387436017951,25.163285975838782
20.97153323514744,10.948510612947418,9.737962318238356,6.232168491038812,11.114310872823802,21.521184448661867,66.2506966089468,21.735951864323,30.99792470429809,26.13790173386913,9.750637322059186,12.124702770353236,8.880760096236274,7.278328710790526,6.986378297635215,22.735544054694646,20.971024730768576,8.249468338217932,40.97401305070638,17.963322824468584,14.336095546734375,20.120350381592097,28.808068070968115,27.09790675717074
29.70214023847645,7.885595405212181,11.102253659803996,10.042231258123984,11.727557353971562,10.042231258123984,6.878910920299466,53.5712017009932,51.32628091749137,37.12182813201062,29.193049053482667,32.6594336107094,95.86417054713763,24.980171252678094,5.06438593517192,26.73131901045992,4.536573614239559,33.48650739284436,35.36804360922711,4.141192516770593,2.809112023286084,3.975034837926476,23.765854089428974,15.040290691275649
11.101999481203904,7.197417942461259,9.151082503087686,9.56704079868258,8.697309816984163,3.5302355000000003,10.981299003705224,17.415063664614692,7.6435870485826145,9.488116821636645,7.434255126347047,14.679924713003745,18.77235734792737,19.962659042700146,12.812280454084918,15.57450323493911,21.892208568373675,16.702690224657715,18.66667208082203,21.06823629565524,15.33194749910679,10.91482614311098,13.183579232389729,3.369925104112358
7.210024210568346,13.766104204160388,39.20429691777789,33.06070153951634,7.700784736889387,4.692007157906295,34.85238156503658,86.80611297827083,43.47904497303405,8.671545914914393,9.996983012978763,10.818136635312376,11.510216702089592,48.97741366076273,27.618797072286206,41.1181354122636,26.031049004004107,26.604541981206594,38.00854627257525,42.32656929449471,33.217906705105214,37.3171075788976,48.30060039416748,31.54075683278817
13.159935736217044,15.01895970956848,11.113227927473492,11.332486791958267,16.1635102419133,14.47592930983875,20.40818858370271,29.34077233616558,34.882820688450025,25.592760641703265,11.274667271661452,11.721416164456992,13.667184677712974,8.699070986587465,12.489985186933003,10.515771019541704,12.439760272670178,18.320363506742723,24.076302074914253,8.839003988734426,13.835073735205976,10.37085392232454,16.840525240629997,8.596552477182911
23.76883725561136,28.760787666512144,6.220977917759867,12.636311859598322,10.095387740580362,8.70245120207561,13.337576700002252,23.58659817865216,20.33584299019772,26.85198515575859,30.435252430367893,29.86971372786373,14.37007230671162,15.632451401541791,4.470952787594798,6.769272528100817,32.49003268544971,26.88189434839937,41.75420790970739,27.74752425110756,15.894071240364504,22.51123953219504,19.54314073501256,32.21028619231924
3.657115,10.047019680411834,8.074579191189889,7.263264446578913,7.941991623575422,10.503702393157823,12.0564236164942,7.8339899009112095,15.412568724287691,16.748213527162424,10.297977030910353,10.41689493536313,9.782823069732332,7.364392232769935,5.30923327048121,6.375928891454096,16.85090869749646,25.86495831806175,28.8572973991469,22.28916669042539,17.614874512000792,23.62307675200457,18.82727171266487,5.774583061994779
8.143065931600198,9.113562061986263,9.15073429978166,13.741429022031475,15.164039443343237,12.364455558481568,22.39440562227613,17.38756364715277,21.987032769653972,26.143150223930625,26.595425242411643,29.291947894334378,97.58689617732162,24.546937196778533,12.420588308934297,7.7238822712846416,8.934602074141724,14.54342757971904,16.40275467769807,9.128387928177368,5.969468074878651,14.84343899064865,19.27759519214601,15.618095884510664
4.830979029131932,7.406867772281823,9.21429706601334,4.5042547160225626,7.775787087395796,9.633128750832126,4.240566,6.291613418132412,14.11689250836372,51.20521940428922,10.639500055778171,9.553516116527726,18.531922941858234,36.96364941220647,19.835722205633626,30.39376612808959,25.84746564954846,21.72724004918072,11.268771764199649,13.026687580980584,16.68498391688286,22.536203127647727,30.365657944097308,28.193425151881225
3.88102,8.361064319734878,6.154738351822536,11.086937982733952,10.13588716912326,8.393567456666549,8.704986835786968,16.889248130887783,20.03638485676831,8.290244340000136,8.87608507083595,4.486714866852858,15.064647713820648,16.562177117440335,12.658951577494442,19.545892911338203,26.415050973600422,26.25413251622851,22.38788609307456,48.97515231910759,15.572968636972636,24.08645929618835,63.00801568182314,35.126942086446995
3.955655,4.162037,4.162037,4.3512205,3.955655,4.3512205,10.1374284,28.55014696168694,19.51721424521551,15.345205756079842,17.334001475638594,19.00569711425074,9.605973266266904,3.667970999999999,3.0566424999999997,8.34690943862173,20.481521907636598,16.831945917974508,19.47295552709632,14.86668815183121,14.947056589166824,23.6845575562178,18.100935330038457,20.45083312562465
4.266702477273868,12.327362544555536,10.923167021450508,6.760817397583957,11.479675891518584,13.407804655674203,122.94960308089756,54.956920787576486,72.42400744837673,41.36889761634208,6.562492112330696,17.835527520822513,9.457587661685787,17.105132832243232,24.419818263582467,30.680908198596335,72.70042074407893,31.83622815887294,22.52537958558265,29.997903786220416,26.786467524700893,32.91208799015694,70.00341642969968,31.821359298282584
3.731750000000001,5.992805533156573,5.992805533156573,4.104925000000001,5.695641622421536,4.104925000000001,6.364824426525258,3.2297132419861216,4.103628030517919,4.40390629093661,5.34895039323066,6.213427224459856,5.835218610797084,88.16092128878181,10.360635796731202,3.212550000000001,3.5649538700338432,1.664912799,8.501707779637288,26.66549657706904,11.883226402469278,23.81974663919372,24.233751855121888,11.541886668731069
5.270905035750191,4.252413491694949,5.689630475084846,6.399013550560988,5.817285045964534,4.89646852247155,5.792760342061089,14.434360797087876,29.518923837202934,57.361854415100126,5.463189434471041,6.644154601169131,5.5400158495191265,5.394209769894386,7.60913486024968,18.110714013120297,59.874574865873335,33.33806917527687,61.81586280673646,47.66780743845774,15.886698449409929,22.61423352900707,33.76681147449625,34.08441335158985
3.88102,4.083508000000001,4.083508000000001,4.269122,3.88102,4.269122,23.3444854869628,17.39299716,31.31695744545122,46.65887322751209,68.1778276402467,95.5291174223048,65.94975792911615,61.6356990380961,25.056553143721608,22.22001730925212,57.09798030531335,27.50309278652087,11.94062195453752,1.5942285216000005,13.83628408844879,25.185892036418977,18.86537414864788,2.34702
7.836336897077529,6.112496398955953,6.424910318816747,5.9004153154904335,6.403242045024108,6.227029868072174,79.4295591222262,22.188666969295344,18.609168221021783,3.0337092,90.57170608345224,14.119679922381088,5.34336472784954,6.350543669394304,2.882999987477057,5.38455050079312,16.79775888058536,25.804042618163635,63.44864980005384,27.972894314853946,19.73922058136366,28.45399838006863,41.20019876380129,38.17566141078324
3.88102,9.945912875506291,8.089027794209855,9.15464235505899,11.108255697504962,8.821825607156297,14.025380237197574,7.534536272704807,49.28334423143695,27.79742747281198,8.411683589803465,11.440835430924311,11.380473821317336,4.608884039475452,7.411511997190231,9.562759252634711,5.09539079767097,9.536191260145888,21.020748833981333,20.70662732209787,3.5109627287391483,4.746596122646944,5.374112637844298,4.849943650359013
5.573892773452554,7.728104570328343,5.423868641940285,3.673287783421979,3.060035,6.13128205079781,7.037645484394009,2.717064582198657,56.87259568837257,22.839920298068723,18.650832318979045,3.33822,22.04524827551136,12.639868717222127,3.0120813204347487,4.43771070704205,3.48875015865644,2.4867811130903106,1.6124955148499946,8.686803828654234,7.837204370824447,18.09056992820142,18.379601716830127,14.688844895783276
3.358575,3.533805,11.665762754710066,12.196024698105976,7.513548229868953,10.476158978309044,85.44735121665217,28.28177829505954,58.30691785493308,52.52159305563324,31.162155421757017,22.617399850451346,31.461103344729068,31.755195223792633,12.307180878846285,13.285156505216703,23.292877137465386,40.297044924518914,18.81750856489656,35.97023555823903,18.67520524515007,20.720823813628744,30.01459406421858,34.095838222227954
10.873406984014578,8.824681009482445,9.06250229720994,9.15965042521129,10.873406984014578,11.960747682416036,12.872701573562896,14.260468312086756,15.469862852070966,31.049467947538027,17.246778929904913,32.301061185367786,23.765394794862633,85.14777917763008,10.101489623706838,11.227511613081097,19.97236802716039,19.712042894116863,13.052585827549846,5.234905948960192,13.295485170382925,19.8437878036787,22.837322295891617,35.01944934807215
3.2839400000000003,3.455276000000001,5.745632560894983,6.006797677299299,5.4607251611811805,6.006797677299299,9.642635434082887,18.956864772530228,53.03054262130423,10.934302694792969,5.730307792451183,5.9571547212885605,16.22985785732348,19.743577202352732,17.47590626275344,4.700972095277713,3.417917521339312,8.567733649776944,14.575057111148718,16.404479475395878,24.864062455817187,18.084097143090982,21.03529248724621,16.6762701032863
6.659640667594124,4.876005672274398,8.66461813167279,9.058464410385188,3.28394,28.47113560920728,49.961068211538105,22.22092811738393,18.11718536650817,31.4425152733372,22.73870699072248,8.983601068150598,8.436773177045781,3.045108,6.363384089940007,15.471140885735291,11.931570098229336,11.177285148429402,24.968256163818214,23.07105503167915,16.093224997476987,21.50610379576728,22.106162428859367,4.980039722561745
4.390814999999999,3.847921000000001,3.847921000000001,4.022826500000002,3.657115000000001,4.022826500000002,14.2665126688023,15.781679899438949,2.4775291800000003,3.096911475,3.434508,3.98958,3.746736,6.639359507782353,57.127774125619446,10.892571672928455,12.19976020783669,12.638839640628287,39.92231317437559,15.876698586346404,11.464858912786823,16.419611580541115,16.288892421089887,2.211615
7.228594964937796,6.37184864619384,9.82674177703306,10.273411857807286,96.1336895482515,72.11265331518076,53.07661668045333,6.709796740648521,6.3270632367256106,30.02087535006199,4.365681466506064,51.3342302074408,12.310142899576082,8.660231483440851,3.22966,21.09499079859146,53.75870820917964,26.078867976750043,28.30276574923807,21.44920106440674,20.925117068228573,22.873652259406462,19.147233158080248,5.647977054417948
6.976326364644984,9.094450229901952,11.17248901985614,16.23435705827824,7.933104260420521,13.669302277735149,22.803499091567,15.09530185785961,10.722681146162708,15.884402670172568,11.431433797411302,11.583797781669018,11.696327109516274,16.018264733128813,63.27401518050344,26.584746437228674,19.40818213295279,4.8590348197875,10.28707863658201,14.179581538190895,13.124707194722063,24.25116791268103,32.39157384205368,31.00926540392498
3.955655,17.190190111488924,11.403446261988895,11.62226456628152,14.429023791258164,16.711780657943944,14.00067948416094,12.51462609702673,15.77691902347269,13.323448743171022,5.666850637431857,17.82303708028152,7.3827517491218035,14.410437761296302,10.523534251489838,12.801695066248852,22.011739558067237,53.42779893829339,39.419129372795055,28.14024341696062,13.240524456412528,12.61731429128025,26.769789142070923,19.53784639783194
8.669279178582244,5.632991398916665,7.26100379783333,9.536207096440467,8.669279178582244,6.618470589291124,7.875941037957139,6.228311702038826,4.375592692006357,6.743277944057705,15.58903916867672,9.457395467544265,8.881727917345918,16.2996942613943,7.736853988651773,4.03794965403896,17.769667613194105,34.05928867313676,10.118309994322043,3.561128808459847,3.057534835546333,10.432073476708355,11.390821656190944,3.638613008126272
8.952120074337968,5.1246770811421545,5.537237115917365,6.939097081771766,3.955655,7.2266389241908495,7.469804608651254,20.0879093832222,16.962549154761213,16.58595949205533,14.359586867562747,10.589173178570793,8.372699657744405,15.61087933369365,4.874572330170247,3.405303,13.340036568837949,16.492367165723962,50.74419809806986,11.22378781161427,5.328178046644921,9.977818555637755,21.63457544436513,17.983142225413324
16.04231472980858,7.870992883558295,7.870992883558295,7.79175170862076,3.706487535788927,6.480710972413841,8.441960288215963,3.94727493016358,8.218588875473209,28.076222984183666,26.730433177079178,95.25562619144009,18.817744296041315,14.30851289173986,23.141973956891032,20.156201011182763,15.445331617463868,18.541029256861727,25.48630127182632,27.32766141009581,19.71201308248385,27.046554871122066,3.6191191921395016,4.523898990174377
9.84697275673397,10.36072785708531,10.36072785708531,8.79583106755048,5.61665802456381,10.831670032407368,12.816201428502376,22.86764003194427,5.058838109509753,6.099653422511253,8.006086395795878,20.219451938708367,12.422527073411661,16.865732197974015,15.442092268268,23.8633383149172,64.36424481694725,24.8234750021296,22.903713606049124,18.3358292546408,20.68195871438945,25.67379004789032,22.702098127476606,3.716416786604813
18.508818542843304,33.66133363619705,9.4988973368451,8.338273651297623,9.027877634191622,9.386125634191623,21.25995794317717,28.09359333995816,14.611497130122284,7.676709318230235,11.481895709202206,8.072596670994244,7.2204442843971535,10.47170935081005,6.976087262784435,11.213382560015274,8.152870501796228,14.612737183445129,25.352996750800276,32.56344315914625,20.41092125685658,23.331322332452192,24.287222728285773,9.842853190211208
3.43321,6.547847624918427,6.547847624918427,3.7765310000000007,3.4332100000000003,6.845477062414719,7.857417149902113,4.470935295626118,4.502167989077661,25.037258155586624,34.592321979947634,4.928935561261874,8.89717377851113,6.364298876080354,7.465892569565668,8.861868533447092,10.217429784831932,61.53420512994945,16.791295389765843,20.691341324319676,17.676093321160558,25.52169266632067,17.143376269735832,18.150702282957816
3.43321,9.28202634867219,9.28202634867219,3.7765310000000007,3.4332100000000003,9.703936637248198,15.203305618406624,18.300875842210843,8.617647443043046,27.13323994262053,14.420982997629627,7.486131972418095,10.272764529073072,13.460790055269486,6.816814993108236,98.06766144212071,13.955133353724474,13.704303687735123,52.143357529414,19.058076459767964,5.76895918473097,11.869268837026816,24.76604830866256,5.099333345455074
7.897284571431418,6.775744364586303,6.144427060871472,4.482081081312885,9.591656108197474,10.084869546406557,13.18017252590861,24.541873479790333,36.11305984024367,22.143033213682887,21.28933826713578,34.39384931036222,24.859929735404414,32.07541575609549,3.366783870739942,7.600382226288493,7.601651741508325,17.99239405445754,21.677787192750205,27.73415961036872,32.63908149482992,29.761327069897547,32.92459989213264,6.056652552709547
5.799051122624236,8.041183623261434,10.25783883655368,10.43442770465997,6.852420335552368,7.247985835552368,13.596346501962003,13.340602221358171,9.38088527515194,5.133744978350102,30.00416035689496,48.61656585352156,9.988098521542874,6.51456470705069,45.57001504631049,12.406297491447571,32.849584898072564,28.59956214149172,16.023197014180997,12.184213126395308,10.376699118006483,17.912426680661802,18.17346228603743,25.651840149078275
12.92495856438262,13.590115805474396,3.926450000000001,4.104925000000001,6.141845274678395,6.756029802146235,26.451237507553422,25.850901897805684,61.55172617598397,48.19068417219157,67.61653146624532,92.690879027978,10.09544419094082,14.581855894569205,2.883625,5.287327671244879,10.929224047109589,25.550295270362604,27.29051180904465,25.70826505961784,28.663340714432696,27.604716715171485,18.15948507561931,3.471323705618558
6.132669065945398,10.361052724342406,9.774789976968515,7.154543341921743,9.7374508924246,10.832009666357964,25.459529929579134,21.72852192522129,6.671085622619796,5.921860838044639,18.72720537279323,19.1823316916299,15.811498491716693,14.59865323517793,16.36669603901439,6.896582347805562,6.163503020898725,4.648430622136041,18.989306086134025,18.483939404852222,12.122400987026769,18.31109274135889,12.762976769030493,5.168840217926028
5.3216388105674906,4.971974706949276,6.853919179457968,7.165460960342421,3.73175,7.165460960342421,4.711740000000002,5.403344708486094,14.889609903496757,31.83592087736694,20.15979214916997,68.85989672009117,7.914746095212137,5.856023366832379,3.258049043171953,20.502282961056853,18.21122570903624,19.11221338721636,48.01540300517192,23.614474137485544,20.4370998548342,23.35631369292136,21.029076571196587,9.37477709464297
5.705025178684882,8.942198910005823,11.744341842901106,11.342570419494455,9.319119168514703,8.017065648547584,9.274703999283192,77.73361659651995,35.14513654800712,6.971685706242275,69.2294690719231,19.23824692505232,23.38667653613454,25.23338900288613,15.521299202349239,29.52627006991108,29.921286057466016,20.292281222997328,42.85635603160095,39.62660927047816,15.065567883057271,18.694730508414548,15.230208273959734,6.750128857865773
13.212577381426971,12.78163164992758,7.279701775277623,17.016788220156865,11.74589089048894,13.531327060815215,17.65510089226573,14.350769105650963,26.489256415174847,12.247156834021252,16.577342939027616,19.55901952763356,23.537792609689365,24.29820695294028,13.067026157305914,63.90494220964513,29.39676703883685,15.45654840536905,10.356881747985652,16.891856958357693,14.131518625949353,14.685090789513142,19.8452058364438,9.525889600189473
9.78331202782762,10.293745698844717,3.847921000000001,10.761643230610384,9.783312027827622,10.761643230610384,11.45661777178204,24.962824769956985,7.145278214995915,8.284686503564934,3.434508,10.672704030357403,8.881911144274621,4.682201051319044,6.914302995843638,8.42215557178204,12.50421968994271,18.58642707790437,25.49050750605942,62.12898538862986,23.078350704547542,27.31005799657329,42.02892871452384,17.64641558367264
16.730737528880496,7.596680204681395,5.087271487051828,6.630247475224182,7.2199853184988445,7.94198385034873,8.022533609599666,12.297396571230452,7.40048600699197,14.250305061849406,56.24979442656045,16.692282651537212,7.396917765039131,4.925677490208631,4.28902478214728,8.73522975365984,43.99794382952943,25.25325032709078,18.98504884460516,29.747301208781085,21.455407902809032,22.13368204790741,11.015259861300931,10.688698086593034
3.43321,3.612334000000001,9.46855972819582,9.898948806750171,3.4332100000000003,8.85823102942051,111.74941860812504,22.559300262665527,56.333589821749264,8.320022780761857,52.3326286620408,15.042039372548675,23.5720752649083,5.272874407019504,21.989933564540603,63.43303679627816,36.89282416417768,46.67846648830072,28.275664567204704,12.937211982413755,7.358776199214125,8.184369299540283,42.67775105372236,12.721242236131884
4.403465,4.633211000000001,4.633211000000001,4.8438115,4.403465,4.8438115,5.559853200000001,19.181551771861624,9.713950691265072,3.7289342249999993,4.135428,4.80378,4.511376,4.083213,9.350422158027087,23.381554565927377,26.334196325950145,52.88790330966042,26.20363134501013,21.259030682031668,22.36171318005996,22.56878111305385,25.586193686277863,11.24919552075228
17.69312166953304,13.828945700793607,7.577961784515877,10.385545242642271,10.982474489998388,13.506809260642555,14.957834610891014,12.851432182233562,29.50634526499954,11.129911614074102,8.28476088154806,12.571278345504846,8.928274051547586,9.440898650711505,9.154322146347337,11.614066937012954,16.617736179836573,27.36526239658112,28.57277439946105,48.2185887715881,31.23099517913951,31.2835440913815,16.864715307581115,7.948267063190915
5.041025,6.472226527175012,6.472226527175012,3.858629500000001,6.151289674587821,6.766418642046603,7.766671832610013,4.102776693438011,3.271812345228564,5.457748050634903,4.259755968110335,6.710497826823077,10.592162122145655,24.2501826245681,42.37203928087486,28.308774002228123,28.75626716082901,60.385724888446255,14.20153958878658,22.5270903059271,16.7402251715536,24.187425951097023,15.850526033969276,6.021495792450088
4.1296995091371445,42.11899572401594,12.506367569740252,7.209826020632925,6.554387291484477,7.209826020632925,4.8059748,5.978035648236666,11.38840722,49.50081771012408,20.76240561516875,20.8279276477342,6.830815503870448,48.23513703329878,13.046719120650092,11.7206901744745,79.92234043884149,23.397596331275203,14.131773291480254,28.482399226286617,20.660470468150447,30.94650465672236,41.87682403671289,31.934286375877225
4.181587014574893,7.944225631142354,8.889417326951767,9.29348175090412,3.5078450000000005,9.29348175090412,10.079492875805624,29.585382882929515,32.37940878503811,55.11079725056548,32.8806044084583,19.9507269807949,32.801401153060134,51.293850466172714,16.011973550891042,19.642486804233048,14.963932641638689,43.2008272102577,31.13900447412265,36.82154465754225,31.309714976310456,33.83279181248567,39.87538992742826,7.828618342934341
4.17956,4.397624,4.397624,4.597516000000001,4.17956,4.597516000000001,27.933183477394252,10.038977531581269,39.41870771631866,3.5393273999999995,3.925152,7.288813322040931,12.922866718835598,25.863771201046248,12.073685186364346,3.598056,11.165950378636667,45.020593270776,22.166343619553647,36.80730533870412,14.224293602134734,43.91585933459498,19.763982646025344,2.52756
7.320996566336232,11.398327338183494,7.463882474390711,9.82358802999263,37.31251072526715,66.50300396807309,92.30183049467684,33.65555320459859,32.40514635126507,13.625275206781824,11.789007001414296,9.94159935351849,10.180569648981615,21.927691721173336,23.669564634209344,26.052648075949726,40.30318594411212,20.610102345832747,20.663160153825828,32.39590276476626,17.672498316446426,26.94314130716528,27.346049467655472,22.62191558834023
9.076771074280506,11.608594801747245,12.592503104261343,12.572748830245112,14.759498059059178,13.096811414215106,12.260574795201295,16.688894700634886,12.204707016556432,12.249569712023328,15.32817201198421,18.4152343738128,11.422472107809849,11.99615381557554,13.526303735896178,22.645626711787667,27.159986727812058,18.572217046362177,23.42390135944712,23.01429267973934,19.61490087490373,29.67360620415116,43.81945590477328,18.72486552075773
17.91223552775132,11.035171703078058,10.73703448930178,4.6796145000000005,6.237669851982656,9.043259174361843,14.015981701072985,3.948900923716797,20.39674284824775,21.417400516949765,18.90738959647985,24.867879967420752,23.8665377598265,23.50842694026367,11.065227317940696,30.18394428020025,49.76383655589073,27.92521860281943,24.594392381976792,42.12669128475187,31.82776278043036,30.121686226825368,26.60941929502472,6.793570301762472
5.425907043627434,12.455608159986532,9.287701365071776,9.831859855890151,10.163110573471702,13.463359175034638,26.8525389740024,13.792216610270302,19.909436056097487,15.080150343098548,11.494409414258824,13.352091743836006,12.53935572464599,9.488043486675826,5.804941231828443,25.403835501349675,21.939391235196936,14.942382156549114,4.567353073672408,1.7496081507146075,3.393944944595189,14.222287647645064,9.79478397654576,6.652502068102515
6.489414705328052,13.73058103384172,13.606449104322932,11.40899163595739,14.25577207907378,16.661219098736012,22.79825492676385,28.555289637599756,13.800275696910116,14.41425441414825,11.583151482616644,14.274517572673425,21.970901973571785,12.958288344574173,10.413055295009261,9.77157306008618,9.021396173452564,12.893851803122764,29.065448475302592,30.89209498721989,19.41197584005944,21.17019083765136,6.973059844214546,7.458847545624355
9.1434395530239,12.109978055357091,7.801355136201157,11.332347146598917,13.005753608395487,12.819338057916976,13.170750325333652,7.728044449291722,21.213752584572976,35.784721664541166,22.23662061595624,9.974661330571529,15.379669185693018,9.983203155050774,9.857199033344024,14.446273725544385,53.07836722494488,20.277517340176917,26.947473304835302,25.99229417092647,20.8442194758612,29.2261089282954,29.479680833046203,36.9854709160492
3.731750000000001,3.926450000000001,3.926450000000001,4.104925000000001,3.73175,4.104925000000001,4.711740000000002,23.571657770125807,22.81934546769973,31.795486002423104,23.53283096328025,31.5687153816425,21.928639223816322,26.944068211719006,2.883625,3.212550000000001,20.57282554726605,18.98316245305405,45.10942801097939,25.39492448662014,22.965872672280494,24.045885959079563,21.60337650326605,4.958010019636154
3.2839400000000003,3.455276000000001,3.455276000000001,3.612334,3.28394,3.612334,4.146331200000001,50.61739803027089,36.84315843815407,54.66379311320176,23.51339905873673,87.30854906357489,23.14767485683138,10.404440543726265,8.112964796691912,21.590746236523874,30.17255754939474,43.61735860408648,26.70487481397966,29.446232543580997,40.36919242610249,53.6358623923968,33.00372557418368,10.680645598093273
6.695660958594851,11.555272140534532,11.55527214053454,7.471059957316704,7.779512073588193,7.365227054454337,13.866326568641442,7.890054415297218,11.306887899646204,31.647227471146785,35.136534014433536,43.72803311779382,32.18794340361696,25.7679580272141,18.12567825602972,24.3061369197592,34.52711673078757,27.007531226737825,44.64151816353176,25.0608365144199,13.231712638703426,22.00246443837448,16.598801214026864,6.6414599455363765
5.075984594841591,9.44612198009698,10.39810895336806,8.086879896534896,5.07598459484159,8.315591320179413,14.30871893421463,20.52123369095536,63.42812355724914,82.13780188176509,31.03304027810495,40.3182681043312,58.69679983537537,71.00108477458498,9.238335918733402,25.117011680074015,36.00515638912623,24.81704908953534,49.681605025571145,24.347423741088026,20.599727818660146,22.18718578883857,30.392975726813056,5.332948142396135
2.3136849999999995,7.671934371663891,2.434399,8.713489110515772,7.291507873895433,7.771767517590206,2.921278800000001,5.567983560555769,4.939665152388069,6.174581440485086,6.847676959832232,7.707538033973756,5.615717029966179,4.8729348226385705,4.543585213439832,6.277037213179547,1.4481564750000002,3.3222672583051307,4.766986592466016,18.9260041434864,21.29559299050235,15.478419192278038,16.295720606875022,4.40948895140712
11.024263473364169,8.548199508520339,8.802469752576298,11.47731587419684,4.054751961093634,12.126689820700587,13.91933092463024,7.135152153485924,18.078063180485938,4.833387375376582,7.449551160700726,7.017479161666028,11.294423289707481,10.2224988571195,3.8630922734443347,8.778964926987658,6.382887929353216,7.206625679245192,13.808225587825346,22.851852016663383,27.43768325242065,30.762734871394624,23.244915866507235,46.80979526831791
11.68399128606138,10.28316249986544,19.125172876567905,16.806218250755453,11.707640169876996,21.692292386810248,29.731603323750864,28.48768007670656,42.02827978551285,46.92784551290773,30.390009299604603,30.311573782953765,24.263588718309624,16.93692754480799,48.1705580237754,13.52815335379969,9.560718431451104,8.763672628089424,18.2225280907678,19.840749986010085,16.191328975611317,28.838174440621057,16.158441193820135,8.293307950912412
6.624004043906348,12.810658988167544,5.242394551365485,12.08448366741448,12.730561265057244,8.333382776920718,7.252160247037395,8.143334436834891,6.179835944968308,8.42995088800816,11.95565753587985,9.951426642461042,42.50925058882656,10.253092729099471,9.297991170758705,10.331255188982375,36.47486162833304,22.625576866530608,17.492377760244047,5.229404606193847,1.1055547440000004,5.543077584817021,6.158975094241135,2.6342227195699004
3.8586065021706535,9.974563576423607,10.466646379468816,3.858629500000001,9.713798119535651,9.553686796091348,5.921860941523216,11.872593949353003,16.895790451437826,5.753916260218229,7.365665840517859,10.851969950163005,14.70135887798926,16.924538968373533,3.228106209655563,16.448029270548275,28.49988380834493,23.255600131026817,18.518578887564377,28.723828875761672,22.167780145015364,16.289130751433408,3.382595998341709,4.9694689138156
3.58248,9.238901069175052,9.238901069175052,5.24030143585771,7.363057267949699,4.460557374343084,21.392919756305474,12.64709450072413,14.81826974842698,3.233800548016769,8.246291863395914,9.579025901924547,8.995954760068269,5.51295237119812,4.776711673598277,7.559100874779589,5.49596611122921,3.706687520716528,1.5250823454049596,5.187322099323263,10.574798381759807,14.206807010320295,21.39808504503522,19.86284737078474
3.731750000000001,9.897725229479716,3.926450000000001,10.3476218308197,4.247675357918984,9.49634499025338,7.643093294471861,4.90497133415303,6.023250788374786,3.378561236773423,8.83433326267611,10.2621042950278,8.31603299828895,5.389084473611107,16.66952267436458,17.17421472374916,20.844903901415154,49.65510547720024,20.195852780761246,23.211208382405943,23.835739152236776,51.85355034128976,2.928608249572239,4.128763749287064
4.03029,7.852028927694855,7.852028927694855,4.433319,4.03029,8.208939333499165,9.422434713233825,3.7014972511182895,16.04299947851328,21.960253929418982,6.524904336879238,8.141096859668592,13.209294651692968,10.953459775909458,5.766610275598586,3.469554000000001,4.670954323234855,3.329456241601805,26.930903033234618,6.285330564330208,16.096965189076247,26.796982610936738,29.892221690004973,18.801755875350143
23.45122295148832,34.94763847494314,23.953611299881118,10.497258063918302,9.578283185788823,9.155337260264329,22.958169945249512,70.79703279104403,69.20763349953529,64.94686879345377,21.56919292498061,12.74982286066103,9.901729358678319,10.435508883155618,5.409515897996072,12.959505673690666,19.460047340812128,16.139290258625888,31.223807431282136,16.062110856845038,15.977758639649414,47.64428302663216,26.53657869974832,27.92807299576006
10.49585616109468,10.803330460574392,10.29282845083108,14.078357328073372,16.609730429221816,15.506084509527218,16.679326969989674,8.662575290289613,14.718280777924704,20.817697681802144,21.047680065549446,23.876858039214472,69.9745345811897,33.51170696181645,11.898523062430915,12.78856700126152,7.737807474175449,6.106462487120658,10.313589146899666,17.723724841996937,16.505309388966083,20.45482480911493,19.2114690269397,16.70538972079874
11.926750914467684,7.160950119669714,5.50134323634942,6.697791688820675,3.5078450000000005,6.697791688820675,6.601611883619301,14.740799198447885,4.124954021908402,5.156192527385502,35.84905814112997,4.921733681638827,5.50358580002598,5.114218258786006,4.7050602772707215,3.019797000000001,3.811098824589285,2.716551242167242,2.3744296961872817,1.971054908391059,2.400333263704285,16.346546610451206,2.9457768692477573,4.733538606301963
4.254195000000001,9.887266252086764,12.478892050248884,9.70329858481817,12.3025343084972,13.333031470972951,6.976381791109102,15.027618609731933,20.40747922913812,24.108929749779858,90.42352468665317,43.0993097814258,47.561004975328025,45.73767351710965,40.93236530530437,31.61068625961612,20.00015747464828,5.082775588394054,9.693400814080888,4.167934114539529,8.089028788430653,26.70812290343648,40.33357071472834,17.81775864306339
7.779908987116224,8.185817282096204,3.847921000000001,8.557899885827846,4.069394398711622,7.87763887795367,9.822980738515444,18.076544021874284,24.36598784858118,3.969725702045172,7.306349309639584,6.013497048220691,7.125797506594545,5.876063375870959,12.162704716159219,116.97237054855853,18.696224528149106,23.02305820276657,27.77288502774713,26.728935036577923,39.169733749353526,33.11657785335625,33.19500619983145,25.098075550983733
26.04870867179053,12.986135161874524,14.141820958790634,12.845896790276388,6.175505998326405,15.747469602759349,15.080555400120048,10.837572722222172,7.755701873617401,7.874614762728119,13.99111871088614,12.009207633376134,14.01917984758022,28.873469491854646,20.001604625132185,6.113312761267828,24.834664382714408,19.75679453063077,23.1872674953705,17.491975175597915,14.739625397208364,20.41781542834921,10.171462222374831,25.262365250557785
3.88102,4.083508000000001,4.083508000000001,4.269122,3.88102,4.269122,7.692055758241233,36.55494105494249,36.4274403566056,31.048993280238225,19.04664121215255,20.65106631616889,5.487297515967322,4.908351118901055,5.271361960179212,3.4678102163760722,2.4291657,1.7315093109600002,3.446870511598443,10.16221626591942,14.831186522943517,12.379833818502384,15.902036967042418,14.477752214467497
71.58642863214773,18.301673401119807,5.588889015310984,5.099397616731897,5.64972302661893,3.736255968060992,6.70666681837318,19.085593496044005,29.33958137659428,24.26874380881029,12.045265288661955,6.158920066170812,8.204808696356483,26.66822818696675,4.199819350132019,13.514940305009295,21.884180840998567,33.92809395893928,14.507760753246608,17.07300701205122,10.812904346359966,15.675833099233412,37.87525768824567,3.2122465039165307
5.180871549414462,9.280810257968694,3.847921000000001,6.641506178406359,5.773219790631401,6.350541769694542,7.957270586953038,39.46967563139383,65.74254613071103,29.21635738831484,36.867958352770096,6.5866176975930815,3.746736,26.594785554671667,4.665520869128433,3.1482990000000006,30.59232625544724,22.166875471821275,13.500111652972272,15.771467730645524,16.326415896849223,21.761011082405098,16.43164697586556,39.25832196728222
2.612225,2.7485150000000007,2.7485150000000007,2.8734475000000006,2.6122250000000005,2.8734475000000006,9.750906000000002,17.077945939904364,27.646784410065557,35.99539459973897,2.45322,2.8497,2.67624,2.4222449999999998,2.0185375,2.2487850000000007,23.32649599537732,18.65141172943,15.76567095240959,15.308208633798069,17.518566572045362,25.350553904214312,20.22974704907064,3.937843832929131
100.27866782610045,38.344369674166856,4.162037,4.3512205,3.955655,4.3512205,4.994444400000001,31.05177240186977,22.20179464762976,31.01108992642516,49.477648402930754,73.67091905690589,28.301301088727655,9.105559281122904,3.0566424999999997,10.4364961789324,49.60530596420012,35.25160300279337,25.21518518929753,24.560427239776462,17.722237848980836,18.437380233767968,7.867407973820922,2.392155
7.557098652322256,9.686545112721344,7.223470823546167,10.919160221355938,9.92650929214176,6.568327058533092,9.594881363033728,7.131549545363064,6.580185235128828,5.356180584992608,8.333315589912816,10.82891922779101,7.7422923742368726,7.007491477607909,6.551596095326088,7.6388726240867495,6.13070153696955,33.55784978659277,27.124612528743647,6.876976485875752,25.965571218791403,22.040974938014827,19.150500432449025,5.894090425918673
5.544797782481997,9.86454954009283,4.091156526609628,6.099277560730196,10.341694960860606,11.375864456946667,12.754683780886358,6.60552128946663,13.975324736900973,14.691475995322984,40.18033111655276,37.16030411356982,38.67120055639343,35.10080983103608,20.373376329032894,57.04784601937672,12.109046020986735,19.37634413928596,10.56239410226688,11.020679292643273,11.996929351058462,18.69011004252006,1.480428,6.254068494117283
3.731750000000001,7.58943219426529,7.025896472070632,9.407283840649756,9.623259822944169,9.112708349502546,6.064225733267183,18.39492487698725,22.8530567269914,8.149151386429535,6.271048090773786,6.992409829559091,9.859086743506436,8.675066545762979,2.883625,19.24594713150599,28.5638914138684,19.99079953304452,16.919400024121078,14.651658915552094,9.554401878678044,17.562608465231147,9.434606599130836,5.819599813875327
9.363181310885352,9.85169511840981,8.016362853461233,6.736094589898412,8.366424708906196,10.299499441973888,10.878148977261072,3.146312066328339,13.126076289258538,77.96292966105433,26.54155216969385,26.92367300368528,17.651439250166746,3.5987639999999996,7.235185558411407,7.2715104889356015,16.060464842856394,20.74180799377153,48.02231073297995,41.17369814095906,18.29065199383288,15.967005968488092,27.002656811767498,4.908842057063026
15.467662939510625,13.089597403615388,3.612334000000001,12.435710689133144,7.940367923948519,9.50628573047709,14.80827548443204,19.896403555994294,21.061701798148512,8.612019486515894,9.007848063009462,10.722647017819003,8.86820191679863,11.691731304404424,13.370079513887225,13.72719155434101,22.51906338011062,20.879660017029792,13.23853880524386,20.08771272508804,19.822435138212622,20.450024397916284,26.117345950705328,32.0971330771653
3.58248,3.7693920000000007,3.7693920000000007,3.940728000000001,3.5824800000000003,3.940728000000001,4.5232704,4.300536240000001,34.25509343174614,53.91724379549792,17.225560967955968,12.976161910806011,63.50009722432819,31.710038165222166,48.60268807009332,68.88716268853642,46.98079862275844,28.50208534052211,18.890641487718774,17.62599200562843,13.08100662789994,21.83035959201636,12.649258294004692,24.146118302787897
5.320160673150985,6.740448194420113,8.568790467909414,9.197212036281735,3.5824800000000003,9.197212036281735,19.72861440000001,11.88455053089203,15.170392273291696,25.230546405409395,6.424245011418046,9.12120201945296,8.565998418268865,14.181436481595473,37.34290142950338,69.58823862017245,39.557286642440815,3.927238165086624,10.709416583166266,18.3636481641932,19.605673785192383,46.215964501142814,30.84738870392215,21.691450507741965
3.96650977001617,8.866612116862022,9.360628328548222,4.104925000000001,11.197499940355746,4.879632241053362,42.98159215292944,32.44729213525433,7.906783618845256,7.533688265401251,3.5046000000000013,9.705234480388086,3.8232000000000004,3.4603499999999996,6.874541090274894,7.658695905175818,22.129878401746275,36.29725813680726,39.5071705985835,41.06748143024659,22.956065671539854,24.53385018590424,29.92359112183331,9.472100947685918
4.608352078751653,5.14100624813377,6.602098291891741,5.221937818474244,6.4135856369484845,5.680189414016517,79.14817042047186,65.89922824043192,14.494802268054327,2.844102375,14.813447826782047,21.153678828617853,14.27444009884142,11.524414510858076,97.07445759206533,13.83593670481942,17.90424449683411,23.6574809364909,7.846170512335479,2.235250826993698,5.008265124450343,17.566544760447254,20.20532373965557,22.808639062423083
3.58248,6.105356287402972,4.02894358748922,5.975848401904102,5.679270717113317,6.382872482284923,5.481590400000001,4.168797822026721,16.392130560721412,29.52273077702924,4.754411278454659,6.061014640030785,9.300923474052011,4.808751235771261,3.149514675838784,4.995291507875159,10.763747397705265,68.88911199711073,21.864234896253897,19.66427360311048,20.33798660789105,21.176847404533373,25.81904136727296,2.912373930988926
9.25345838519672,13.97069796167074,8.717039475298598,19.45669695098701,14.338466902786529,13.153644932219484,14.684422249896636,13.506655166729198,27.86679312934328,31.750701463126287,26.629219296272947,19.27639047711487,10.91145494806794,11.763269998976568,12.476659601813163,8.82499413376815,8.324387765907456,6.708712097339319,6.146971087911257,6.2724340321542735,18.4443421370236,19.64588117087683,25.965921859327548,10.718164081736957
8.492048219682477,4.240566000000001,4.240566000000001,4.433319,4.03029,20.405173031249312,53.90022517919331,40.39556987937374,26.216076376300787,3.41292285,3.784968,4.39668,19.967871198196885,3.7371779999999997,3.114315,18.00797995899029,25.93182139679092,18.74635522615345,15.32569957929671,28.40001913475844,24.043033813220987,39.0877572990998,23.18131327878951,18.27277662624622
15.976564700407517,9.3720361220951,9.3720361220951,9.79803776400851,8.907307058189554,8.012715043642165,9.197203354441443,11.203102042105792,27.33657197142259,38.75548739422465,9.895098493163404,18.184561611008043,65.901775584043,18.93242721638867,22.063414509063566,18.116981511716578,20.03987782425849,22.52792502134093,13.467301868524071,17.8793305177573,18.20902296916743,23.544978992089977,14.706760761998565,12.503681718794914
3.657115,3.847921000000001,3.847921000000001,4.022826500000002,3.657115000000001,4.022826500000002,4.617505200000001,6.43535442,55.707879195408864,3.096911475,3.434508,3.98958,3.746736,3.391143,2.8259525,3.1482990000000006,2.2890215250000003,4.625867100410226,10.992988176460273,20.29567424135257,22.17435098429081,27.648354117887585,33.52137454113327,8.440028176257881
6.66328090079049,4.711740000000002,10.844713458966664,10.269344317220098,7.270275595454513,7.463147823695624,13.013656150759996,7.456302815239628,8.851751720929132,8.728120341909515,9.67957895511074,7.269033709953259,9.688923149450128,6.51718124897922,6.979019050528171,8.088764464634849,5.083494792064827,4.517148189860493,5.7051174890993614,4.131987529875753,12.5703075397412,19.87984879015375,16.43880392209486,4.3239575883576205
8.7285,4.162037,5.06993160577697,7.673289398411175,4.962342544973084,7.671818127209581,20.517943605853585,22.99277356083596,27.973617335154305,38.84748372767005,26.691044592981857,13.675435195566434,15.789752710562706,5.534918810677356,9.870778220908893,10.531488837736184,3.826083752364872,2.919717485034818,41.53023632567793,21.495211531573933,15.482221316834163,22.7775706977247,29.996327396011345,33.94029031427494
11.513359563164595,6.297977881648468,13.009271211067604,14.848476655568954,5.985681457765072,11.728789318300535,13.117554681010583,10.38760339656535,80.07007846264928,35.12225898582643,49.18254757295747,52.04627787682231,29.382933272434652,12.253915768825577,7.896623988357172,24.398922311388215,86.12564893857947,28.60639318500081,14.220436705203852,13.259141841585448,25.21706744999344,25.839382129537523,24.357278262032303,27.495934572780847
8.218688627421377,8.69568438787035,8.558936472053304,10.576350918537672,11.476432263366554,7.442147499539701,27.37964717078978,22.88418559689014,5.775741344181257,8.53614441332894,15.144449963589974,15.384128184723291,40.13666635450691,33.95458058943877,8.86815220351052,5.824289347465852,7.049177837013785,3.1598194920155285,2.977269770464252,4.714238947614136,20.29490894943902,17.227154958781508,22.60073628931121,28.335383770537334
4.302574126115937,9.100667526610188,10.320297199190232,9.195567386122685,4.592362168154585,10.78940161733524,12.384356639028276,23.173019432673257,85.84458503100389,14.865817617291231,9.211504938120203,10.700233008927508,6.504747055937976,10.766483408647652,21.316086282840832,17.645929526610193,31.79328497609219,22.131533079938865,22.26632219734044,19.915323770418908,15.762697344735848,21.657656484075783,32.372342571171124,5.230661651282338
4.352938019971125,12.557688122665937,13.184704367229058,12.627593093808168,4.79668483082607,13.784009111194017,16.064847789814046,29.86368990637525,16.539777459944794,25.3581447531751,18.014914141987312,20.70154852733188,28.06245609386407,87.46292088600825,23.64974346901444,31.36043912485216,69.27833656276094,40.706711864287584,19.29187669888858,21.318055018051364,21.231097465208524,19.39002485636464,26.95301273529429,15.978727173200031
26.521052192575333,5.754057897674518,8.832128072134719,11.5446346718347,5.334900670761851,9.311566629792436,14.62482484071461,27.483444773196844,22.57129785206636,8.311497978887795,9.067062034006684,4.590722225713972,8.169390897212287,14.81522415454037,22.272586681507597,12.50840023720502,22.5454560869108,28.36275117895906,15.610282965694578,4.487040873353125,14.32765956218552,25.11035302145198,31.707395996650497,16.75328561225212
12.56722539641743,3.455276000000001,8.60599919365534,8.997180975185127,8.719780439116205,8.997180975185124,6.674868040521713,4.277641199007381,13.749584367098448,57.12467254678004,22.55989228577736,18.41811022451113,14.247304543173856,5.933748676395326,45.30970211316353,12.925946480228244,2.3339953937952638,9.116021219081992,8.619312249498027,13.0440594614117,14.757953458613276,14.854480294019847,8.26037080276605,4.946348146616328
35.8905844591963,3.1411600000000006,5.948861958544366,7.393394684778569,7.788658722468455,5.925732297357652,21.67390450171292,13.090313612476216,5.178842342250953,57.994070926710016,60.2198992636911,35.09671367155724,68.9188232720871,2.76828,10.382112464948266,7.6239035253798555,29.838160706839748,25.2019636834618,16.18648081805442,15.865575911332751,23.031395136444672,30.75454537629232,34.750937552603354,13.42921990996721
5.750051180046262,15.719462805596786,9.647836348648209,16.194836224210196,7.706713509175022,17.390574314233323,13.58730770707024,17.64850839790756,21.80879950159236,15.633925293296468,12.010408865688118,12.632281283488371,14.020178590920452,14.659822975634698,7.894308312050239,11.249885053276643,5.293067227653226,8.330197874045817,16.55185032782145,16.44852044254411,16.758856256245053,22.44888210944153,16.967182340579708,16.069261615241427
3.955655,11.514681162284068,18.403838313316182,22.07040121428896,11.197683918792084,18.681623318263725,19.397254857397623,13.353827345486057,21.30182257924444,17.259047581686342,20.51449050856596,16.598317700483886,17.406406084862088,64.4830572812446,18.261532298644834,30.051115074340522,31.020429680925165,25.52374004794223,43.25593646489905,23.31806470757518,19.642036632083578,24.219654300902423,32.338808229131985,16.15327588775573
5.89743,20.38555302891612,25.07666211271957,4.892128069407315,4.217209274862843,8.109355422529868,7.64970203759592,47.24251701224379,78.76163713646059,36.46933325701191,33.168467715466186,7.239546764361199,21.663867372737805,12.581145425216185,22.57455129526494,19.86442394512689,28.520243337119943,22.19550005060884,13.729500367487306,16.481628470090033,19.662505414536184,26.51157012573209,74.1305265461284,51.48125317554828
6.548731053530818,7.451783173675435,12.516305622503566,12.198553893333,12.777402046522102,34.18019169243985,39.32011070858835,31.76462666258353,64.05845396689553,24.382174499977445,23.040077405818064,28.49974531295237,23.48947424060453,41.2249314007528,33.991800812072285,23.06372154857417,24.35397491996337,4.415864213568205,5.231288834310362,5.3807542295763735,6.281925656714521,23.190512913615915,45.55829336755002,4.815101833894566
3.955655,7.481012756067729,6.651268817050799,10.712590699129816,11.104918817390738,47.13659227234336,79.29956628751141,30.18091379339828,6.063298938416197,25.210045240468656,6.924133549255573,16.695284519696564,10.158658850741967,3.667970999999999,7.525373631620117,9.786880164857443,28.14460616120989,22.0475909327547,17.564369739910553,21.78500014233524,20.48319082404594,20.841832305283404,9.337973907930044,4.299755641165899
4.104925000000001,8.628050835717929,8.628050835717929,6.7678262323071,5.947804871887627,9.020234964614197,12.829321002861509,18.27846024501638,11.805063513058602,6.944089974824895,7.7010701674176545,4.4781,8.401167455364714,7.870224922077452,12.441705838378187,12.340864981839395,26.13160737615874,48.83898101423479,10.76125754408966,12.074310134490045,10.97628680454198,7.998564140981811,2.6793872877616685,4.0922133465895865
31.01385442956047,6.949937782946903,9.036634801773705,9.447390929127057,8.588537208297321,3.4481370000000005,10.843961762128444,14.460383168155683,11.985196679177127,2.65449555,8.065756682574875,3.41964,8.799007290081681,7.963916320421153,6.6365969336842925,4.419162000000001,13.463939976671778,14.305207537093068,14.303898492509736,17.096138251477033,19.823548578799485,25.47111268712764,17.16424013780745,9.836131177084429
6.97543202634845,6.026706990973446,9.702156725176977,10.143163849048657,9.221058044589688,7.672975228983295,7.471628389168137,47.74436900983428,50.77890486350356,49.3932761128257,50.34226355504815,27.981800717934203,15.767607272189618,10.212438887276281,27.4519310142918,34.59605788024867,43.60839878814859,24.583845416620093,31.12838373499566,39.09034033768641,25.47531478385394,37.037797432114,37.10161797784063,17.847771672595506
14.680811718910943,12.264728740035896,8.950195458092342,10.956342779293076,8.018897513428577,9.887000768053976,15.771826488043075,22.802733248994084,5.26827693722821,28.986782506081937,20.54982755006608,7.957939482908516,10.700917421552939,8.334496515219053,6.540075529754865,19.854601555630637,13.210051841989731,16.32148352985599,14.599183269225684,26.50458337882493,28.569706551081225,35.52381140815059,31.66778185587692,33.179159213969044
2.68686,6.834065982941936,2.827044000000001,7.144705345802932,6.495186678002665,2.955546,21.78985677953032,54.24724732793716,34.23168731220978,33.38477952868796,57.19987451213166,79.9791503410868,18.90223334158386,23.801694861753706,24.278447324213058,51.71402981667503,66.42660212753071,83.45285670224278,47.11802939943812,46.68345697352304,24.15395433413913,31.91983522976907,44.09676995931379,25.719810855538192
24.50521404900429,11.74384060991353,11.743840609913532,12.02269637829362,6.525952889131436,8.86697470024904,29.771449255241286,24.14088213924348,20.712551629772843,35.9668043349134,10.482105668352572,73.76164037108997,18.343826934650462,100.28265908588875,9.253597424836606,6.61564488538595,5.803307510788146,11.217410464502612,14.582298768421843,16.656970800678163,15.33645305558806,24.43740689075097,31.041373819906067,31.291000313476463
20.34818046288119,6.898584144287475,4.345403134622057,7.568054109769053,7.041820990209619,7.746003089230581,7.052774088505569,44.2491394569754,45.53709110691531,3.2233160249999995,3.574692,7.681986534774128,7.214387354396574,6.079668821374308,3.1913084628798343,6.062089374180456,33.24056701520938,42.19806188444612,57.7461014321772,34.055945737584864,39.19098502541351,46.04856838526919,56.44280552335131,3.6715102749069177
3.979069487596648,6.848773497822656,7.878264399477625,5.626263342018617,9.196868280170934,8.904261020313513,11.015687529400536,6.607350063545415,7.695896020348527,13.6957801064396,13.331297843872573,6.449068802287203,46.8705282890832,18.25056254104192,1.61483,8.784933120024167,6.611520464452444,12.81720641644193,7.300335928474869,3.7131767222937206,2.0934105824015563,2.5159782202889422,4.035928325608249,5.56174247773183
13.662089634003818,20.650791842289756,49.394741,57.10911009113706,3.657115000000001,4.022826500000002,4.617505200000001,14.758903122638747,36.946132831091234,3.096911475,3.434508,3.98958,3.746736,12.793895638810454,17.867870238390644,8.973744948715593,24.21879397809151,12.112262497351482,7.830962389464815,26.274167458022934,27.318274431734807,32.11935296748075,39.48268313764285,27.7051570706945
6.443614684804673,4.319095000000002,6.643097261663387,4.65833742518251,6.443614684804672,6.659216377737616,17.651664015076417,15.298517621464558,11.820904869678758,7.984661071723227,4.343134369002716,6.32070399408853,6.601521447831507,7.721578474031232,17.09876525197826,20.90853027707306,22.516463911441285,22.61435246341797,29.171296723288627,24.25734876130027,20.70604541061057,19.442253777196605,32.734191860056875,45.24421985517164
5.915163857706686,5.618653256332076,8.039164640830188,8.404581215413376,7.640528377648524,7.350191786560031,9.404946430546412,4.103493772802299,16.76191555226162,32.77995987103737,80.27635841012983,31.35162055599371,13.343995601558484,8.446415325447003,13.427975849658944,8.618251860821568,16.36869623472873,10.988795309857938,10.428720945476604,22.641076472677057,16.745653178209885,20.65862161850509,14.20589102027034,17.4186760015511
3.209305,9.51014315287856,9.51014315287856,9.942422387100311,4.534137001467007,8.193644145163862,34.539713590294674,31.28833220213947,31.030905818906717,20.53667936240069,16.554216714612153,21.32781915747041,48.507371219848814,7.599731884894706,12.927440874957112,16.719717429685137,16.122026705931933,42.87632072380418,41.72219944479603,24.652402505199134,18.814233845429,25.97636366402709,23.41158007041243,9.035793776797329
6.566960995671091,14.632400620983931,16.73177874648366,14.359695765077666,11.058712268697407,14.966219461929528,19.57687207316995,48.10683565760394,22.244109973319567,9.91087020383218,15.33737953419591,17.81614794376292,12.761689877081613,20.234660908565008,19.594360014343447,23.379043178410043,4.868428075320233,3.4839189267760178,12.59552261665418,15.599362304438865,12.734073266789435,18.007753485353533,24.05050719405133,31.464762163517427
26.770895027123984,12.683165547190526,4.741680037594554,12.39956188656994,6.695929334340337,10.16327280428845,11.665669653618044,20.5119849547771,5.420249585989697,11.307690201561527,31.711838291415724,19.74978442783905,17.922289095036863,11.578616917866631,9.193804305553394,14.006005112508538,18.27537179367583,19.559501757738328,20.11458037529819,21.50137889626943,35.801394831996554,26.44057216410746,34.74194250235436,9.486296422509652
3.806385,7.130169794975762,7.130169794975762,7.454268422020114,6.7766076563819215,7.454268422020114,4.8059748,47.954092362476416,17.712706696530173,25.419044048000853,13.16289593350253,7.392662897871186,12.014664959769755,20.677987679374414,20.982818318978758,14.772808739503194,2.692299202108932,38.88968056544473,20.656119591540637,26.02861459385759,18.868426442030376,28.79399672290177,49.26508196986897,2.900625535476198
8.136956166805362,5.503425673782755,10.609997821334265,12.45581143932767,3.657115000000001,10.640296861201286,10.42701460108558,22.22873832341714,47.40985870506828,55.7030548382896,55.77811014363245,26.7166307324919,25.6409974514306,22.574009936641374,8.749950184651667,5.2825370709145245,20.21955195405153,22.48335617249106,8.693196575895575,18.495274784603534,3.078905328906206,24.739280324365392,37.8886075803244,26.011894487282845
3.2839400000000003,3.455276000000001,3.455276000000001,3.612334,3.28394,3.612334,5.2658857311070095,16.262017776317304,9.437264317671303,2.7809001,3.084048000000001,3.58248,3.364416,4.68466980853311,2.53759,10.767817306751212,31.92499168189291,27.728739401927765,22.236588045249537,21.62670111621281,21.234353596939208,21.470214957013702,39.00596064600949,7.036046791931897
3.657115,6.294693456762424,6.294693456762424,5.1597106718290044,4.819837448461482,17.366893009519252,18.0433322556376,4.298079118989352,2.4775291800000003,5.348310376512598,3.434508,3.98958,6.129168084120286,5.547464631692202,2.8259525,7.0452350081690485,18.675376502923324,17.47279482548656,23.46174658778829,36.21628627235218,14.15991134423918,13.92963621655828,2.8943293730568023,3.2272737395651685
3.507845,6.42867054995218,9.21927828051808,10.660484473661718,19.96966358175409,6.535091989844519,10.870998415528712,15.528781746040302,21.33184043880721,82.88484832659624,32.01392138809355,32.48613595037189,32.39735358121735,60.99724476223042,72.4224042974233,39.82413145375794,34.73132932889623,26.35631252684629,18.38951038585538,22.761068731531505,16.196825593150525,18.21823791852712,14.711129268427197,6.514745144734712
5.502300049100179,9.728688064496367,9.158766546896738,11.293068369499723,10.741037606957256,11.11645384310289,5.182914000000001,7.260406454681116,8.395342479125032,10.494178098906293,3.855060000000001,13.519070014694092,22.73145353213002,103.1888432018693,21.139385497855148,9.35599216113626,5.151232454934479,4.190226380110945,4.731256029370346,2.6331707724167663,4.415459725234616,4.400246336170372,3.4880850532744114,6.834443756148291
34.5646071205063,41.7451931220122,12.73260944295312,7.427395125252116,11.701867796147983,6.048037302764271,16.016237630745543,7.906534584959125,7.0226602159601565,7.274762243811457,6.741764118840778,11.77583869708366,11.274915629175222,58.8810698162499,36.88624957862016,19.615992414653846,48.53998647313392,21.245635010806712,35.02048989745422,35.01731284717902,42.26413391765775,28.893368301008586,38.94817210752623,34.961213585670166
3.731750000000001,3.926450000000001,3.926450000000001,4.104925000000001,3.73175,4.104925000000001,4.711740000000002,2.953665,12.275101298052595,15.331237191861629,3.5046000000000013,4.071,3.8232000000000004,3.4603499999999996,2.883625,3.212550000000001,3.540911587822184,1.664912799,1.49033115,1.5329120400000007,1.3161366,1.62486,1.8054000000000008,2.25675
3.731750000000001,3.926450000000001,3.926450000000001,4.104925000000001,3.73175,4.104925000000001,7.191840461943607,18.72280502597152,22.367178,15.938739058709794,22.989125862965487,72.01922341209973,3.8232000000000004,3.4603499999999996,7.694919369894623,3.212550000000001,2.33573625,10.164455365241414,36.58948852925697,46.47459779117187,21.34764726093237,30.681103977543845,32.76156150673561,2.25675
26.695804746949563,42.67107940860139,35.98092794459348,33.81332399283306,13.548113057357616,17.88240346234598,14.96256219611345,29.195576045411254,23.559944019706883,15.128181602643815,78.66548071166206,17.33366085273774,17.051595062711264,10.070028894187267,5.874038581381956,14.328076406861559,20.606571485485144,19.73480915329633,25.11027588879664,23.273471260329742,18.504911287638944,19.344129620191715,28.195366644681524,23.055669519319924
8.790492886567106,14.183332662094411,12.239888521808908,7.057250376268618,11.369084042412435,14.828029601280528,17.019999194513296,11.138632202828434,10.791451089164024,29.87654078781588,24.65374925379606,10.28655622631163,53.67405560427818,22.219236257200393,19.591232414591868,15.598499184465842,45.57155930479066,13.470670039367189,21.559849041121133,19.261480469236258,20.274537849039664,25.82556293685826,19.307376,21.817488980401947
11.917229309281824,9.972688836823284,9.897792414609263,8.47594093217668,10.820867908205754,10.071566052779652,14.72985270833528,13.620753024194755,48.13076865745279,43.80748134791581,41.85252989770837,31.40435073698565,87.74832899183379,3.667970999999999,84.61359326553934,34.00897835676559,52.21124513100948,63.02038916972173,60.97752641317278,15.995274009496134,16.192184207857046,32.4008956428525,5.279714179875494,7.206861993360153
10.385593850533636,13.468595905406826,14.744270671700294,5.04382183707158,12.519450298423587,13.284327456588183,25.465220730610497,19.02460376181614,9.919715092369591,7.950422351283178,13.236627660373228,17.157444768608883,10.83939557369881,50.03236862031713,45.381102591052944,28.211131684375943,23.564640534621663,24.41409345866974,19.306091177796755,18.87284420002669,20.335466394810982,18.96178272003571,22.81624772724652,7.741153920087318
9.411820437283506,21.598497740471405,34.81143760895312,48.33555568935632,9.411820437283504,10.353002481011856,9.781442567748408,17.052284566690954,7.023492910186111,20.655475759070512,25.84740089793362,68.52406178288324,63.55116869978316,20.235479919138186,16.384174033728883,33.760687091699275,49.78088515456112,30.759983216795582,47.36931657601379,25.560587427759813,22.36454587397834,19.6042535667244,29.885964010378043,31.877497934406662
3.9133840414654495,3.926450000000001,18.822462062604284,50.40769415429202,3.73175,4.104925000000001,16.490980224340106,11.616831150955443,2.5280910000000003,3.1601137500000003,3.5046000000000013,17.868483727886897,27.519447376905624,28.01125014726143,19.721178020028127,7.187179301350182,2.33573625,11.020537269260576,15.913443862041298,50.79218463523952,20.613953323115247,24.617852195134144,15.082646039115003,25.16154000042741
6.973026391951147,4.171571873228735,7.003650718117218,7.670329031146262,6.973026391951147,41.77605632223267,19.052163335860104,2.7346393800000004,6.788547290491729,3.4914729756002254,6.102497911140134,7.434211988022096,7.143906880607656,3.529556999999999,5.388247666507704,17.395693605401423,4.36448060987124,9.593147212644077,29.029557031815703,39.60432341310317,27.62773879701194,35.05735791042191,19.430886018816263,3.4508876868818787
6.406451518682195,12.13903608899163,5.980778340042074,10.46630910180052,9.112415837249063,11.921213122201792,13.977934042151068,44.91820991056765,11.57468061656317,8.301970662379464,5.880837955700726,12.331515383652206,11.819827777109802,10.564095746122863,12.135449209767305,17.039604651951333,26.785341514763477,21.55326066941331,19.23301636445791,19.481791582225377,16.074447938097634,41.17377761420428,26.760829443712403,3.175425134735125
24.893090562829144,4.004979000000001,9.20966901228586,9.628290331026124,8.752991210023751,4.1870235000000005,20.14560024464957,14.421662993933888,19.39577240917746,3.2233160249999995,8.220200440717957,9.548717683662272,3.899664,23.25494330354084,24.501499493663772,28.6604472502251,59.22118873409145,18.903052672324893,16.50999156342704,14.320756013445004,16.60608505798524,23.711693328147664,20.861006736093387,5.021363081687508
3.657115,3.847921000000001,3.847921000000001,4.022826500000002,3.657115000000001,4.022826500000002,4.617505200000001,2.62739862,2.4775291800000003,3.096911475,3.434508,3.98958,3.746736,3.391143,2.8259525,3.1482990000000006,6.629526987595942,6.052582773881082,11.614784780580525,16.670817976853254,12.573522012446352,10.923881132151832,1.769292,2.211615
3.2839400000000003,11.074942576023084,11.074942576023084,7.422623687079375,5.605893541564486,10.063423091741814,13.289931091227704,7.562080625049814,5.95741469395485,4.064215900857493,17.130268697457698,7.81113249772851,23.205435497390038,35.71772590848047,46.308791775413475,36.88443384097464,29.39277408996545,17.41322354424464,13.396774190189255,17.090923353276683,3.5180056048844315,11.91333186288114,7.358886168971354,5.615817823575796
3.731750000000001,9.273626918112038,9.273626918112038,4.104925000000001,8.813777649445324,8.424648502028527,41.59530324133928,25.731770955664683,83.64429024369338,4.333810135650823,6.758704660909654,17.389832219591828,95.3318495258774,26.425062922623948,13.087432694006882,27.111265212436617,46.65250642414445,31.21919981624964,35.855717395834624,33.120790388308585,24.37520470446387,24.874905187815795,27.174259688891752,29.502502382091908
4.17956,7.995957497981026,5.244290705407302,9.465849556091973,8.605317778265428,7.695546444785802,8.02944088135533,6.182359607306867,5.80861044,7.287139554958404,4.303003256958632,8.729242204316188,8.816199083503554,6.673695058159548,4.162361019386515,5.329874261060387,4.001085613788976,3.74949336244404,3.929387959717972,11.323398138256914,7.52757013982493,23.96975808463038,2.022048,4.474066475241425
3.2839400000000003,9.61517900487262,12.286890270186094,7.063443946454563,26.82044944944668,13.723553272831348,11.698668285347075,27.38286187798169,31.005600850515528,11.27987481400801,8.582143244018535,9.836190394631773,7.726541152279168,8.47378284952335,7.061485707936124,7.0747752972179745,7.837613931467285,9.239322742629936,21.90488415953023,5.5939325370992,5.549142320082021,15.28669714497531,25.88251501571261,21.51039297986916
4.86728758075812,14.213461376489892,15.97384356620313,9.56064390905775,11.118532337549173,15.122442025832967,15.86446977276808,6.2442719349118665,7.464639329083113,6.726317501573534,13.90592748645577,21.650812158592032,11.312804371602851,30.51568890668037,30.975501629724267,21.88114435912807,20.85478606805594,11.81050014879197,16.666466070198158,17.600601402545312,17.797429525428687,21.81929866051235,28.31133923511472,26.89501223275368
13.47992806768766,3.3767470000000013,5.720277683802963,5.980290305794006,3.209305,5.980290305794006,6.864333220563555,17.039024839106254,17.01971787927195,25.91573464852397,13.518901064649109,7.1772204340166885,12.222925867963065,7.117362302151291,4.2010303801032265,3.828034219910437,2.550883732232516,2.4255405084994397,2.1711999436695755,1.4621891673879364,4.6840839553667255,10.514596970404344,25.873426195570264,15.13015533788728
7.93259585008644,8.296918540356772,12.807728635379194,8.281667487600995,8.067212245291215,13.389898118805512,11.502850572480586,6.095546341671289,6.73268709372503,10.308008345179616,13.450535602168951,26.3315346476811,83.04583931800039,66.81966332947376,49.69787520012766,63.910020850238105,51.08115015493857,18.66977614323988,20.35133497233886,21.174336258837084,22.241849357096765,31.606895819498355,4.06566901097413,7.361316608613884
3.731750000000001,6.074229596770157,6.074229596770157,4.728648872799416,5.092602086107812,6.35033094207789,7.289075516124188,2.6810190000000005,3.910964147137557,3.928376609520864,4.463113208475937,6.655923794873982,59.52385756449484,20.894365347815686,14.856796827595955,15.460973770239809,35.36779854423187,28.00572074155962,24.067503106452826,14.373825099672688,14.46324943724795,21.731426607941,33.2361103045725,38.39030518869396
9.27139117384596,4.757740313330795,6.002430512216724,10.198530291230554,6.887759353527309,10.449000291230556,10.030885463567545,12.968731755453469,6.280946093409099,23.1879823258892,10.417782517978925,122.6979758370204,9.49859522632756,7.369436207076016,46.322313653719526,25.233847654584384,13.472779196662191,6.236589455469267,18.68181213674703,31.1875812530138,32.10070888626462,32.22205234926254,30.07526059190804,12.7834085899775
4.559347651056494,7.146563022223883,4.356726090821545,6.703867927274083,6.0944253884309845,6.703867927274083,7.69487449043634,14.895140189685511,17.495553449588872,5.160870226657692,3.3644160000000003,6.648464060106528,6.243774943404392,23.890078769035263,18.91864716717972,22.28866663984226,44.72123934955117,29.09808794296784,9.187392473610934,5.700592751155678,12.387179394388118,18.95439306223822,23.557516808561044,28.450063601600217
7.721946639668871,15.51422213025987,16.988765161280988,16.219414045271677,9.502570024896874,18.12277175952103,137.96905658988854,21.44220916069097,26.658888748977283,29.141702795163308,39.244256631668335,17.614196786301846,19.342014832124217,36.336746988187635,27.563612651892182,26.816491193592167,25.792175075819177,20.20080627008682,14.34181458312323,20.520424055319083,16.27713614817103,17.828650895950705,20.12973669645441,32.155769963253526
3.507845,12.151527816029226,6.308512489463121,9.538278134294996,6.560865117028458,9.064550079491038,12.952021162437385,4.810190051071963,7.823904062945699,9.130914541707924,6.767636620284296,22.819232456584608,69.84211669026905,8.087920594526132,25.136605878399244,37.09397632014129,10.094468224151097,6.684039696547756,15.868923380588996,20.55372195653616,11.644709076645798,15.13217839440328,15.702277516058508,23.181880664082925
34.30106809872263,3.926450000000001,3.926450000000001,4.104925000000001,3.73175,4.104925000000001,9.717235295244125,7.147032102773671,16.844162405937563,24.75212288128012,3.5046000000000013,4.071,3.8232000000000004,3.4603499999999996,2.883625,3.212550000000001,29.12761176901579,54.32043668954209,23.00585028154831,49.87574795662557,14.960473996220884,23.72092984294009,26.74621223300548,27.91797891041809
2.53759,7.985733475691127,4.119735311552126,6.580466518829417,7.589746691772556,8.348721360949812,9.582880170829352,11.954627872348018,47.37081943057939,24.315152716399737,64.49085641415363,46.07834114803362,30.09652668855888,26.030282650009468,12.23582091089415,32.919213061040644,15.307040749180056,50.75319074600101,31.51237144147931,17.685996327886464,20.047899712518475,10.113650184826655,11.035674401971054,6.47227713359759
3.58248,8.073348552307147,5.652372991634379,9.283992242494952,9.206968676310476,10.127665543941523,11.624798711306791,24.86336925656025,34.1373147172948,73.12688289768914,60.24207927401187,77.89693664465092,8.360679558345172,10.8951392592526,15.86578051136989,19.43803060348023,50.99121333471934,30.19986631689149,21.363151941038563,39.7639170645283,17.473091565964044,23.341091364342915,6.680942566073321,5.567850622432817
8.073277021400628,6.544886961080104,6.544886961080104,7.974727878832553,7.455633718190534,8.654135512363657,22.876059292533157,26.65078425882661,86.39273935311718,6.313566189540439,6.615114119421312,5.662845388822025,8.271120173703725,34.95807637103878,61.7984532657227,26.227757883993547,35.95448579371818,23.23495422737496,24.662913057971103,24.22859789333446,27.07166420438612,31.231637182005883,33.986323809756605,16.517983714636685
8.066033954451706,5.870866412998641,8.971545964061786,11.886347432831212,10.805770393482918,3.858629500000001,13.64345966203235,12.877627304897798,15.009429401412008,2.970506925,10.148027847792656,11.788113156526816,10.420719303876043,5.906994322132671,14.844418988353507,13.699985781080025,29.087557371045545,9.828672247795106,23.149229402169286,23.588614868149627,21.537659117696908,27.54229766607349,14.520457127578576,3.778181660758007
3.507845,3.690863000000001,3.690863000000001,6.106043900700663,3.5078450000000005,3.858629500000001,4.429035600000001,2.810980260000001,12.821364540949933,57.88559025071371,26.97013386289517,16.653356041836552,20.25858137548522,12.478198987547993,54.17083562285333,19.339701690628104,9.711849748096572,14.859623131958234,14.694050667651094,15.182254855227416,18.46142734403072,22.695827629371298,23.09577620133989,6.490372937247777
11.158671047651191,11.740862580572124,7.452550316592572,7.043891034247708,8.731426990351794,7.752366827963814,47.24256100684615,39.66813998450781,45.42355498223405,70.50700481327566,68.27850988995158,28.018400487023268,25.140075939700562,24.34171879351298,19.56987226871007,34.6363453370936,38.44152234694612,22.49470462954812,22.48143616127485,34.47119590851266,18.65253012960618,18.209538161431727,26.53493689410441,19.74961952980545
3.958185,8.938732466243119,8.938732466243119,4.1870235000000005,8.495489534032714,12.71035296981058,15.784177864521522,22.8660846361936,14.39214833324024,5.930692599453392,4.775695849032887,9.267806764399324,8.703679396131541,18.933353359377804,44.91695086567654,7.3135083814716415,21.16448408181653,15.830616694415024,8.109547131233612,14.061502373027778,15.841411992958491,13.897413900427312,9.731451286836874,5.008692917327904
10.521306931076408,10.535638132509284,10.535638132509284,8.621362856752041,7.83760259704731,8.621362856752041,15.238145388823543,18.03228831563972,56.857559040143975,5.715852515032188,22.0727779003801,10.370474281893056,11.65455246481158,12.092693578331279,3.114315,8.620067562962141,25.865282270439664,55.19572234408552,21.48321870520427,19.870223453230693,14.265728934427411,17.415908760232224,25.229798319214648,10.077868413849444
3.58248,12.700370412552203,84.06078181347519,8.60286736322233,4.957551410006345,10.351169624430709,11.881342525433508,3.97336104,49.30132765644649,14.129625030311074,9.47275154955209,13.35221185125661,9.640758773454685,8.725779352825882,4.405808288735115,6.048560529875071,5.889901063157471,17.787864147980724,54.47909655474426,15.801284841023786,22.021858547644072,21.14837668937836,18.15687644115254,12.923597181492156
7.249984613987758,10.995336295943224,7.215012615138709,14.30000214835606,8.392887612042514,10.507085165548547,9.565292821559533,5.70130188023686,12.73078211051611,26.13036030182861,90.313565887536,68.22010587443364,6.105694838075129,7.17649356287769,8.07508732478174,14.070443283763861,24.88845129029079,36.916943681052295,27.333033715347327,58.11439714473765,27.44846112779192,21.37929391747956,24.0389852904248,7.408676946978373
4.267210618917939,11.321276464657451,12.290465676203722,4.104925000000001,9.806908931005625,11.835879940323702,9.283415795468557,5.5136520704717,26.28741931092833,84.48119291505245,69.46210796693555,12.742932106056443,11.967275369166053,5.694681128030305,9.026243575123315,7.981507677362444,6.208010353076884,21.472634485384308,21.14673602739081,25.714971197857764,14.450772559853538,16.955397210273784,23.894304642414088,25.837490819768497
48.4205567640966,38.58413960441777,16.106513512710343,14.427021539374902,12.357980904549226,16.019926685203203,17.21574591627904,21.85738865142861,18.77563916662919,35.25475784739997,8.950762179338144,27.61885941619349,20.536394656518866,13.543992814249254,13.633274161169574,11.008635071348246,15.665058228331809,19.56701576575851,10.759893071242502,13.311143616902967,8.340371199686938,7.320594352997592,7.824044704594703,8.487364357135563
4.10872,9.72617423160553,6.391871458384083,8.023127220200376,8.512584882065394,10.168273060314869,13.118727110272845,50.19640771448231,62.17678689695144,25.76157483464,5.476212859544395,8.22274755393192,5.4745697941726865,8.571602083901789,5.82444618403511,4.600159340936772,5.785831406633709,19.56664578733645,16.35943096879676,52.51841546178469,29.85007820992111,15.691914473396444,4.472140217687893,5.590175272109864
4.104925000000001,4.319095000000002,4.319095000000002,4.515417500000001,4.104925000000001,4.515417500000001,5.182914000000001,21.93527952,38.22271717142343,16.754937591266284,59.092027019025096,9.628267628556069,22.610505610040317,39.01261196400629,3.1719874999999997,3.533805000000001,2.5693098750000005,48.90627324488351,35.70063008895552,60.08854206539547,36.89671033425778,45.49435354290868,12.887216995363143,2.482425
5.661813928086262,5.634654676183764,4.344421718364471,6.059385332088957,5.968377544097042,6.565215298506747,8.996600761585382,7.5752634632277696,10.907089954564569,95.87137134988998,24.304273513760258,5.124716495420235,6.114638179565032,2.975901,5.650092336742959,9.67203214935848,12.582030189114588,23.868722381921145,18.14028461690516,23.774644885560846,21.10578114311664,28.730279916718576,23.77503472175417,31.44851715153902
7.996688951465061,12.784968971044606,10.887866031862613,15.28854576207813,14.138562609537912,12.921590189612749,19.93398291114443,7.943262662333547,22.36369993322109,24.44839391272632,31.980156226784995,45.49331523695352,8.158130608958013,11.408809756191697,21.95810095605568,13.268680107588745,33.87184545707356,21.38356977294319,37.083999007993725,21.54425414240049,32.01644984820698,29.111195917438792,32.009989757888626,8.670680518828656
3.760845,3.690863000000001,9.342563320353412,6.007209787076502,6.681884060453923,9.76722528946038,8.128330355140415,9.439081146269114,13.377409170690242,7.519149055481275,8.338816847918745,3.82674,9.096891106820449,3.252729,7.351584030442784,7.108991450647858,15.2569334134623,38.4350985342889,10.780107791200628,1.4409373176000009,11.05261012536898,17.195887478588148,9.710249005395768,4.336127500377549
8.543857818144051,10.559388032409004,15.708927870073015,10.163211107308657,11.495875168465089,7.145700736816383,20.35681981447658,14.083352147729624,26.23539289157683,27.25820718096893,10.1170686589284,14.155092412281324,6.544144760410077,17.49416370630619,28.19089360334656,24.59409138868018,24.69806217980097,20.71128390280833,22.90257319704909,21.515456405103517,19.659227118616386,16.216898338117065,16.921018212948866,20.00841143762138
19.68336801905463,7.968722087155339,7.968722087155339,5.647552390992232,5.743998613740291,8.33093672748058,9.562466504586409,21.94509516439993,22.745302121439448,17.9091342358911,7.112578391841128,3.82674,7.759176427463048,7.02277310911586,3.653118527278965,5.294840241805341,20.178923419428912,18.03454605338694,41.29875202601023,18.1507351294224,15.594099393104829,25.168102349190853,25.938603828226466,30.372961535260384
7.636536652171949,3.2196890000000007,8.034964651415706,8.400190317389145,7.01246824505759,9.482459160868778,7.80339778752194,5.336902732787105,5.173406466544124,4.176710696528245,5.218098538029584,8.350832437208675,9.115442787192283,15.608737716455348,2.3645725,16.298589766377635,55.706668414448174,38.171721404520646,27.269339302445434,26.23181490735886,24.29961200907512,17.31312419647502,19.58324346601942,4.618142718507147
6.862186916855177,4.281092190669006,8.350645548679532,8.730220346346782,6.647311509981346,6.339913185367306,9.478167544014036,6.483488796957875,16.73930041086031,2.717697825,7.4534687541933,22.89662910399323,26.96366640770506,23.766229548122364,22.015503481230787,26.335273114945405,27.15036424999412,54.70378661709002,16.255518192981704,22.46187042579052,17.35873550785968,21.09332626406782,24.561772956775243,11.881278831717244
7.875334110964203,13.69034720200051,10.076883915554117,10.54332371220936,10.014125149468567,13.799020421262192,26.0437675432932,6.263769131582899,6.303782216863764,10.077674857591576,9.800553484412372,11.64749678834535,10.220970664322614,12.065197045790075,10.054330871491729,21.94133537443809,31.596498137163668,28.84995738673628,28.84264045546316,23.783506430265717,17.878008896667993,23.22772625798088,35.33463639194433,36.601683591992426
3.955655,11.225825002321043,4.162037,11.90956396849753,6.778441901652334,10.669957977264422,13.415531401033238,11.828229867892382,11.51694260466805,57.84319168473124,85.95339560184406,74.22029325604923,61.833417620241505,14.886367887189245,19.159429596551593,18.93988567324952,28.01441325415646,66.8439869838343,29.362187338849772,22.470214421923465,16.41928285142714,19.96237260806026,33.28097503262998,20.09404442982412
12.86983643200536,4.240566000000001,7.079786580366754,7.401595061292514,6.728722782993194,4.433319,9.063588012513454,9.950011715310293,10.15255148231576,5.890825293052872,4.620971742856439,7.340424854174393,4.129056,8.524777212247052,12.048333576325856,5.792552656663708,6.331263143298196,36.3550085126245,17.35264350403064,21.67268513317719,19.90500873299799,22.37468680511397,33.522561730165584,61.69454550285505
7.214125685291695,12.437789666193517,9.79382158544114,6.474530744054358,11.639457481125945,13.003143741929582,9.108617821776992,14.872562534057094,13.643717601062743,3.7430216736548862,12.111986393635286,10.122423038930553,10.808500437231475,6.521085699134228,8.9941262354155,13.764831483216456,20.21385326238547,14.91988880769144,15.025715700837134,16.32818044069928,9.374196862115138,9.670664962611308,5.455408112655515,4.3626926081013
5.901225,8.119617961910619,6.762288332656829,5.650638644466809,7.716992277848933,4.515417500000001,38.48569604344736,31.75293122696683,19.10119582656954,9.128429371502792,14.481796350800044,24.36669366590833,17.83859709801613,27.19971399510056,13.34057281986773,22.826123157758033,20.2391093512454,25.56015379695507,20.033775974998136,25.372411836198207,23.134904979442155,28.42783138072464,21.039544028074136,4.666797701624058
2.38832,10.720974136084289,3.949681141402921,6.132088327905479,11.82796660465534,13.01076326512087,6.419639050246659,21.87829424560872,36.80190974809989,10.016137174760404,5.465481991969038,10.764177888620022,24.23814328264808,12.389358776703816,2.981894778914045,20.79178197073586,36.72260353024904,27.258291473179703,29.56692610895824,32.794378034012844,34.01027857260967,26.89899225888894,34.13659053088105,27.65348814865952
4.039820723287885,13.168446452540795,7.332987671275817,10.474730251672865,13.089524221644153,11.662130722300189,11.37713218816189,9.10014967186094,14.952017347817778,9.57412901782684,9.660692248210804,10.104509442289414,18.56397508050446,22.137698642878735,17.6447248154069,25.90403976496136,34.41130485298175,23.468599520879625,19.38889527180218,3.962002111123677,9.262633439169427,33.184595919501376,4.853454872968902,7.915799232851997
3.806385,4.004979000000001,4.004979000000001,4.1870235000000005,3.806385,4.1870235000000005,5.68207688386443,58.62085326455564,40.11191048653287,3.2233160249999995,10.8295786031435,4.15242,3.899664,3.529556999999999,2.9412975,20.09616469210523,27.13222868097687,44.4882842354477,18.361690998029424,62.98401321109251,17.069031394939238,29.89121919404641,32.51753624293828,10.304085009720964
15.234420411012367,9.81207418448372,14.99412358843055,12.542535973428318,9.874398584810892,8.7995281753129,14.04005813307938,8.203763702638511,15.311573593193875,87.76857767366533,24.02049976206544,30.46702790056129,37.22902417961624,13.339588981853364,8.708180759438742,6.183509897706399,4.495820522733226,4.405443179816212,4.799195221587016,4.93631508506093,4.942162836511859,13.413985335627467,8.026069870318906,3.695908531906988
4.603993272523067,7.697558515576365,5.179890664047027,7.345552259191353,6.039688163064593,6.819130799326128,20.90637964681398,20.869718471023223,22.05255631008007,10.882014202005829,9.307997643248498,32.774913254927206,5.388746144124966,3.529556999999999,5.160098694473263,16.737084939426136,6.368062374751098,13.46388689068846,18.284242345691805,23.71148569886519,10.0889581388532,18.614500637401942,3.2306704869745646,4.038338108718206
12.105674782741415,6.728051517816376,7.820637642974997,9.20577930610251,12.10567478274142,4.3512205,15.284730247426555,72.17510827705729,27.876680026092878,31.4528641606589,7.573883517667241,10.75554790439303,12.957566377424339,4.79867536866965,24.017835261493,79.8375383663187,18.292716186828446,34.13975213149242,10.747231232609868,18.741982900853216,16.066127669174406,41.33893771171459,28.033908435223584,19.10461596091529
13.347231708146566,13.576204576605717,13.576204576605717,11.228514766630267,9.791699314220615,10.365898977898762,16.29144549192686,19.52992029338956,5.284007665272869,10.296653476607236,9.323583759978373,14.076004745090827,11.55566508729549,8.523101952560983,9.970503361106,3.726558000000001,8.076107722495859,3.5833539262239884,4.9677344398872085,3.2074553449414376,3.2417432991740656,5.618161893910164,6.2424021043446265,3.740058939380288
3.806385,9.7286709691614,8.948167518821206,4.731010753267406,9.246257532674052,10.17088328594146,4.8059748,6.642833020430698,8.838287113953363,8.730002813371998,8.980158147537832,10.086826399280785,7.1929077093241975,5.363828068868605,7.1448353661572215,7.959821702041144,11.739374064444522,13.081177265755793,3.692633649592359,3.7981374681521416,2.2145355988729656,12.319799135824022,21.343827008303226,25.138084700084352
4.104925000000001,12.447064817350846,11.960396902053512,11.046558619930972,7.504854373871735,11.912924573885125,8.023566411683086,17.08377141233621,38.93345193488036,54.448338580898856,51.24917512664522,84.24001058750248,127.29604688941004,37.958401516193106,20.82480266244241,18.101105105526678,33.96615619389601,34.37568408278925,28.8233870888132,37.4678634085524,34.64802841754989,35.81229371263846,38.01693902700836,5.997440089605335
3.731750000000001,3.926450000000001,3.926450000000001,4.104925000000001,3.73175,4.104925000000001,5.207726104434444,5.062016213403584,2.5280910000000003,13.142189719297214,11.68295386095913,10.30873274461458,12.096372381026878,7.92103148554297,25.254213956654496,3.212550000000001,25.26256032888744,6.608267727821847,5.438060927405988,15.77627239981103,16.19895389343274,16.077617464164916,17.98399820269363,7.866428393909345
3.03094,1.8846960000000004,1.8846960000000004,1.970364,1.79124,1.970364,2.2616352,4.435526678495639,1.2134836800000002,1.5168545999999998,1.682208,1.95408,1.8351359999999997,10.205727636999285,1.38414,7.088882729537106,1.1211534,0.79915814352,3.5694534303293284,22.61892487144281,15.77837656525178,15.28369452652012,0.8665919999999999,1.08324
3.88102,4.083508000000001,4.083508000000001,4.269122,3.88102,4.269122,5.091873600000001,15.462000966414072,12.41324826373655,9.441239985456688,4.660711760396709,14.27459338132308,3.9761279999999997,3.5987639999999996,2.99897,4.832932074518441,14.83695171116753,25.891359020682003,12.099630713107752,16.96900757545898,17.499948321816486,18.27363894213983,19.80474357454567,2.34702
9.951505629891804,13.414390584389071,13.124063010785544,4.782035236345204,12.127501178022976,10.078319951522534,12.961730906348857,13.441945890764124,35.96840825455919,43.3604810945781,25.61078286089919,29.26452902625573,29.016108262419895,20.947735269078244,7.473539633890337,49.36902815371095,17.040095426651092,12.887372891239457,14.229692683540932,18.5588638879904,17.193123068629475,17.772467413247977,23.21037874198751,32.17860694154401
2.83613,7.512218830752398,4.3991385096101245,9.628910944206572,2.8361300000000003,3.1197430000000006,11.05231517074146,45.533862171542815,15.744946567523836,16.683088626906123,14.573408733546712,7.9791599999999985,14.822629913788864,16.984783723852704,4.01074629382902,57.33977483631546,21.761539946325147,14.958919278362364,17.16861966476241,3.595747429846348,3.087257894312521,3.811429499151261,2.543256681432392,3.992371325007426
7.421339718401069,13.346757821647545,13.136947519070786,10.990140165988478,10.509560271285554,15.94709107518388,20.210074668474945,41.33883380590254,6.363319902759423,12.681834089396045,14.064289853394484,8.182400420969852,11.405313763353286,10.992995858032463,8.490522096128721,7.155768709109303,35.76824320036545,32.48037127686406,35.763587633921546,36.40422054993286,26.7437427633543,26.589444729334403,30.47184252357553,41.4631890390194
3.2839400000000003,14.736095083625203,9.871649679809384,9.96406282280892,12.277200211419885,15.405917587426345,16.84940917398181,4.25729189951954,7.6982764478595636,11.860010109659203,13.152878256458855,8.800959374997925,8.856505230795738,12.986806561301544,10.82233880108462,4.527314926089958,7.375358878770197,5.953808357284216,2.823723659620505,5.753068949375105,8.869013257818734,9.019402025899728,6.775725162418198,7.72315320551424
10.060215438160087,4.5546820000000015,8.527327510700776,5.453916384440286,8.943519229601907,9.8378711525621,11.027322114981086,4.164867166105917,4.922012411016147,7.573534693067432,6.823205610734422,6.324152955729587,21.846454593822493,22.22031992386568,25.920042133958326,29.61791754967027,18.46402971381329,3.990133217248435,1.728784134,1.7781779664000008,3.154255507706271,3.8941426021065073,3.8194248603944767,4.520580948964494
4.824133358915402,6.696378546587199,8.316929819880798,3.612334,8.124547699448412,8.937002469393255,48.10126740518911,31.426909324465104,24.206668219354587,7.459330136254074,9.454780289176728,27.497725615493305,7.378178411537357,5.289389751562445,6.278059585937409,6.994175845612112,3.845772660905496,5.5174642700269,9.648598487706447,19.36913296165051,17.319523898692765,18.560589217392494,16.865780239175585,27.77958406339464
2.612225,6.657588996598952,3.5714779466524105,6.099836324944112,6.522999333265589,7.175299266592148,3.298218000000001,8.683736204105111,21.87546117615397,60.89638595081007,73.20221414760566,74.73921982447737,28.240992928872675,16.70021278355695,4.048555105999473,10.916212200330488,4.082804582684871,7.380947917477743,27.54349776243836,9.66677248112346,12.923218130005546,42.26060879758781,26.721361920531965,9.640905622471518
6.11503041251631,11.783661952850064,8.9619204753329,10.974641355390228,5.020466190844974,12.81095002633487,12.25923335840863,14.106907188207373,9.820222682565277,14.932559221023553,8.998382203087932,11.107636338531968,20.347517035536278,69.09173443409814,17.189659829920352,23.283901620842194,16.15838855884818,11.361007531789117,11.17835022966379,12.999783337543333,11.685264895115324,24.51323094453858,19.413944635276884,7.60582091840645
3.414011571686628,13.408748019350302,9.544289564966174,8.55870205237104,14.504203183931596,12.190169039573371,5.979807546655527,10.181870153724086,21.47688348227208,26.4738667136596,10.451053169058312,12.98995569231615,14.593604213426858,8.134844350589248,19.61032238403658,43.63139510614837,77.91724103088006,28.34302333570259,22.974158389293144,14.0319131404169,16.349511579585425,24.49710508098212,23.74880690653816,39.79857947760839
8.799016786972631,9.258095923684248,7.376427587799067,5.990420875440421,8.799016786972631,7.7117197508808415,15.02739488840314,50.537576612282905,30.49637637601101,52.67062441457649,24.710739086902446,20.81426364334222,8.556597878488345,8.159088293374621,6.799240244478851,5.842815582938252,24.76372389928032,26.016437976730398,22.92000819641767,21.510085293811485,16.97393525489505,23.053664341994907,33.72601256585388,39.80830218286857
8.05272451553132,8.47286666416774,4.942160749625162,7.989481073667563,7.855334539754754,8.857996967084453,25.67381949156004,37.373570651968855,9.443725479048924,8.326412484932128,31.588551123517668,27.760233087899863,19.97017364749936,86.094150930159,22.751217133487632,40.3600133274381,37.11256962641193,25.575013522642674,27.39747959533405,21.13015264808282,15.231579763025122,22.6916400681982,18.475664630033872,4.750459227598725
5.2557975270686885,10.199213088954382,11.978864856377388,15.649760093029457,12.247575367362582,4.269122,17.963202889390335,8.140625484004818,6.527980550783999,9.23146155170436,13.361060000372978,15.520423232756482,10.933753286321236,10.21784109836712,9.400140989554712,9.60363873927876,6.589131714196168,15.108712010930144,33.68712568771131,16.141152163502504,11.286064336116311,17.64805742471262,15.93746273925163,2.34702
3.955655,8.747083871751554,8.747083871751553,9.144678593194806,4.747962122842116,8.055256299286894,10.496500646101865,12.725432843661604,11.733325535609753,7.093651949999999,15.225737895610653,34.17446908413461,32.147344111785465,79.77773578347805,6.423947772078994,21.328227105569177,78.32556396037813,29.32731940146616,20.024615528555728,21.143653863581147,24.434827741305792,31.592862198021624,29.01298049640397,15.875176442530456
11.63413259597344,9.027297546410349,12.241130818372056,8.969612473518604,7.917821046861988,7.733602135977944,16.769603636438806,48.42565709750031,14.48728058465136,5.809896450813057,10.72220752120198,11.382209535351022,21.75449506897153,7.715327408077978,20.749845549468315,24.271263032989406,23.592587684741467,36.1335397975164,16.296818758149584,17.740926232341913,30.032593478451023,26.78351349459464,43.04421081055123,23.468905440835464
2.53759,2.669986,2.669986,2.791349,2.53759,13.184329765776846,3.2039832000000006,2.531677850946409,2.173966350309028,7.431864783131875,5.549974081260559,2.7682800000000003,2.5997760000000003,2.3530379999999997,1.960865,2.2150143593387903,1.58830065,1.1321407033200002,1.991299648722824,1.0423801872000005,0.894972888,9.611079897488342,25.885311547224447,25.634392974748696
4.11125,3.926450000000001,3.926450000000001,4.104925000000001,3.73175,4.104925000000001,4.711740000000002,2.6810190000000005,2.5280910000000003,3.1601137500000003,3.5046000000000013,4.071,3.8232000000000004,3.4603499999999996,4.721325,13.273445967688614,71.42879232275189,50.454817132960464,39.98883722179234,35.39550055897535,22.51102414505481,23.6814140737492,44.58214665557675,30.836521874883424
2.9854,3.1411600000000006,3.1411600000000006,3.28394,2.9854,3.28394,6.069360000000001,18.18450783921169,20.412649396707987,28.99520626470608,26.022892523941103,17.693597215580727,3.8821436901050657,2.76828,2.3068999999999997,2.5700400000000005,13.438027214564915,11.191329971817291,1.19226492,2.83213665182479,8.836826765153445,10.35812906853212,16.500983047175186,1.8054
9.552330917448458,12.73084684698204,6.606583446884098,13.30952170366304,6.278984267699762,13.30952170366304,4.711740000000002,7.273795342406481,5.891848837199952,9.407281233173933,8.381460083359276,9.0983963314808,10.240268833972667,10.82593333031111,3.102326932075232,10.416147420258032,7.218930715469532,3.402479930666888,8.561537018611048,16.80679543789268,20.75932897542525,24.119797827185664,13.364106726617182,5.45671004444705
3.88102,4.083508000000001,4.083508000000001,13.803391491454976,3.88102,4.269122,4.900209600000001,25.7373676564234,13.5686668999825,23.576513674796075,47.259297359801,145.3244110135268,36.229096647303415,5.2107204717064,2.99897,3.341052000000001,2.4291657,3.4956272177995507,42.93358997618951,26.317117624920364,43.23551661163785,25.916555588369416,27.1086874446597,34.9134549942689
6.727753731617854,10.082013694472396,6.242298571249701,10.706078017909723,10.454906307993122,13.059534113318454,13.12935177985056,6.452648640624503,7.976593237572278,15.16224133721354,12.597242374443017,9.99966893296378,6.122952117815501,23.81177488095416,26.332870970702487,77.27284427235388,20.080987531051065,39.26471833906523,65.31748419190272,14.028946006828413,11.941576564912872,35.14686273657312,22.73239825915568,2.9688149396767614
3.88102,7.592296376988475,5.180004367808898,7.708133335400634,5.131569576509321,9.083737869560888,9.8621973958379,22.212591426439868,22.980950500872133,28.190766129597648,15.742631014029214,11.35942793802283,18.434359932546077,7.85063256013169,2.99897,7.288438924112035,10.200985695884606,20.493105627654,14.883258517291727,18.18716706197155,13.039842952587868,44.00513037521176,35.33871934844885,5.119977756607627
3.806385,4.004979000000001,7.61540951710545,6.800167265877021,10.203723314903073,16.321603261032717,12.137926003968,15.28781674340478,14.546388349430186,28.44459551210665,17.93835957853182,22.649427900378747,30.895284203207872,19.90544502899448,9.437794985996458,17.164529037733896,20.315966667565977,33.76918981749431,24.896886549442264,26.110186373714185,18.26732289087012,19.42460610716329,27.4880999123111,8.260849853510186
14.421124291347274,6.5140759063398015,16.512564452038998,10.304916175395714,15.675578849503944,23.213006456135744,34.810938303689355,49.00090006179982,18.13843873827718,4.686181700207968,12.00574244972996,12.778734162747584,13.297206266762041,41.45013035428087,77.71383081491146,13.371030796474471,15.549429423785144,45.12465728081848,20.939850571073123,24.13737445138464,12.877674715074798,27.981346964866653,33.4306593326195,37.599366951295146
3.43321,3.612334000000001,3.612334000000001,3.7765310000000007,3.4332100000000003,3.7765310000000007,4.334800800000001,3.15724068,9.851728254894388,15.786752863703066,6.92035451404733,15.172994702226442,3.517344,18.590605088949346,5.517027475741048,13.612162217129677,52.70065567555937,21.388162391313188,8.8246840004807,15.058557220458844,12.162596988572917,19.169178247359746,20.38866162645368,26.007220677177163
3.806385,9.222924229319473,9.222924229319473,5.67478474307043,7.1876605524327895,9.6421480579249,8.844265131918199,17.697240159871292,19.293074279111757,64.23787700966616,6.115059023740809,9.070638985356783,8.980398047481618,8.128091751308595,6.076662103164949,5.993582400389476,3.7933650464242272,16.71793146876348,20.31898959460091,18.45267766158871,17.465867461072303,7.871543497392076,2.3867888005504265,4.483008202201703
12.697700277015556,15.956807386725016,6.915713399604296,16.682116813394323,11.852393534221823,14.57072508442316,13.097245482915948,32.9389724328391,91.07673116035365,83.79964697468246,34.72364047332588,74.84094688419519,82.5803004240968,31.67504594232936,83.51539279988926,57.75197474384566,76.07140456577001,29.793977464285085,14.188242091094205,22.898896438655537,22.08299473387013,21.55486420803821,61.09045879907731,37.096157286807525
3.731750000000001,3.926450000000001,6.276657084651849,4.104925000000001,5.965417890371589,6.561959679408749,7.531988501582218,4.2857637052391375,15.07940929169941,28.101844920188825,136.1000360740091,31.91360567205524,6.1116059967759515,5.531569316526382,2.883625,5.13544670562424,3.733809288655308,2.661459260953505,2.382380412618226,2.297525693672766,12.142148833233405,9.80056904959038,19.84125824015172,3.307368493890194
10.107720042764171,4.555997138589344,11.456935407295308,6.54408010475854,10.88882290776,9.70274709377746,46.32447549384069,37.62421416391346,19.172088370134123,7.889900834320896,8.077848729506131,12.505426121071109,10.096250869866417,18.339483731392406,9.84026646924408,41.64359706935105,26.7718953841951,23.06371989104284,18.54582229396678,23.948196932842965,18.51247024048809,27.69405380865257,35.2920567160248,39.10659025712236
8.119385068458447,10.934692282479295,6.337282872445314,11.178756246441797,11.983707646959314,10.085816493794551,13.702356138137343,30.205238084942486,42.61092672208054,4.928211252902005,33.891205805251246,16.500182987557054,11.74381818123123,11.653689813268707,2.8809003553599126,15.61443840301794,27.06765639777614,55.04964217546561,55.13698231106644,7.927134135803111,14.91140691927953,25.29050074757693,25.50614387921632,6.562924145802068
3.88102,4.083508000000001,6.981037305398149,6.793484652430204,4.187003351809722,7.298357182916245,8.377244766477778,4.088273005202254,19.24092978841889,12.2559783665467,6.231008503991736,4.901440040312119,6.013759427387427,6.152334154193858,5.1269451284948815,5.711757795325758,3.4825133886049677,9.84377756135577,8.419914642486827,16.325230241167592,28.27599843049626,16.354292831482415,21.440053807482663,4.012391839691647
9.64108060922707,10.991868445305894,11.019716715637964,11.675395029441466,8.961649860612134,7.434374602982521,15.1398779477458,20.923212187459622,19.647947378678417,18.0941892448694,32.260056020163915,27.530043168591508,24.625562992723264,15.919685578473139,9.26573421858347,18.663341963439322,45.83445624687964,27.23606649876964,16.722472913188128,11.651379116657594,20.91423085130521,28.010956752156645,32.52835755817392,6.085658822074634
7.166918114897971,12.916199633782258,4.302101950536532,14.470716156333282,7.749022491167094,9.199599736033708,9.604226103219183,9.45115074178858,4.224459759647101,8.363609639027702,10.45960680909385,9.744396879171704,9.19772326504453,10.711341276653922,3.694189558256145,10.757076849340685,16.264440005489593,44.52054529331092,35.00892861946283,31.05167854350859,35.430731529948645,42.93544159236192,35.37245219287159,7.721427933037398
12.760407493107229,11.840607832679147,7.333702260221671,13.40915768559463,7.153252079577375,9.877226980024146,17.18396277822806,12.33654819484924,26.422770159000176,68.9167918674238,45.39958051548375,55.268853456198606,11.873866497463252,18.364830950484617,17.86791606096555,44.733461610595825,31.474998228384703,57.99326878450668,21.84289427992004,22.98141709318373,24.382124232855347,32.40300051036062,34.782931984905375,44.5618216470824
5.6414466466804285,8.595894478358224,3.298218000000001,11.744071265995704,9.423040100292244,10.212152204135444,11.376332050718254,19.081690081950963,10.557914484717733,10.5425649965577,14.755816736025151,11.647012825780862,33.50088978033332,21.498185551501326,58.94367094056953,14.706065243593395,68.38756144185578,31.53111338819544,11.159934629898656,7.30026650948262,3.3233758851108184,12.98801879155853,20.7293505538007,65.43569043797757
10.715977262902674,10.322120244550462,5.432638978990382,10.901019076653666,10.71597726290267,9.13086176039487,11.294097982894742,18.610183570465477,35.72848985955675,122.2148601747045,80.83222784053929,58.38154051697001,101.92331612604798,6.187457305822964,15.746684522546893,26.9442100649412,26.814878544967154,29.50900720676182,40.99561712750862,25.610316319027312,24.190974267158182,24.67871627905072,22.5972381923418,5.74687866203602
4.03029,13.17822932243774,13.17822932243775,4.433319,12.52476340562265,30.72747724466941,54.87057303628024,6.673980846654254,6.799059759262593,8.962376536041939,9.378493787558115,54.316671240154406,33.791401772476576,40.46172276742487,19.272020864721718,25.62652013997781,39.691229165570014,29.17200049669755,33.0209526998791,34.14298163028979,32.37985375056644,34.23896192204148,38.78219636778218,13.490467407224749
2.53759,7.150565091116435,3.891962115759028,5.985150211642913,6.795991615523883,10.557763277076273,15.852568775250427,17.802605947803393,25.919157542675634,29.7172492257309,80.45055566330971,5.935686160307019,11.969184947426003,18.074631859689706,17.25344559653717,14.001135344181229,17.09682895850222,13.16486766327777,19.604994490912684,17.912072340077273,2.396852227100988,2.959076823581466,22.995458548376984,16.583493339532215
8.404356330789096,10.13279414246046,8.811498882810353,10.349875271939002,9.630341540354976,24.1285922377734,83.85797802332638,36.36175166981757,23.203614701618804,11.795984935882458,9.447919519398784,8.464845415822616,11.790649628567227,18.811368370477847,17.719402251485672,63.17222606414089,44.48828911600064,28.381019130130923,26.535030827893763,26.03215189861534,22.000071883794057,27.841054980785685,20.80368770959712,10.628887297274298
4.104925000000001,9.308828606686154,6.813961803343078,6.88657189987152,8.847233799743037,8.072149099807278,53.3189766438075,74.82103528955226,17.348221971979918,15.956014139801011,12.757496355714103,12.753248606558044,9.834497419626128,9.728078654832109,5.3373805676512625,33.94569507249249,33.581258256752726,31.690638295470453,21.075333660744025,17.345751680434837,23.84445808348779,22.14029357229932,2.924518399891652,5.089587221921253
3.43321,11.935624675251526,10.352267262514673,12.4397649162363,12.690344457202308,11.781743586047162,12.309106854638642,9.591272423606384,5.1571295716597865,6.517903792975657,8.297877112682077,14.563891578724943,13.677393830454735,11.216473979444178,3.4281575749813538,8.652416202069418,8.71763363176799,12.544685846968552,14.05913499667958,17.440844841603074,23.74913987509237,35.57432129619952,31.811715577428643,5.261363623292954
9.55171170386877,9.621385282426148,10.34922786455461,14.175019104753872,12.8863810043217,13.071763673295866,21.31512774796545,21.598994391967324,22.664981467924505,12.241742540322695,11.256390170247476,13.04413964089705,10.348563240010007,10.67836783139793,11.184910957733477,14.5354980052456,93.42682546842286,28.268127573316495,20.7968248719452,24.99637464757929,21.58019959163621,17.087337582549676,24.4222122679103,37.33046544874976
9.21075685598879,16.2817614856356,5.049277705850655,9.506146973063192,9.666765525625769,10.633442078188349,32.55406612818894,80.95238327521288,137.14488078191786,47.37629584542752,37.16114800882161,130.76162675270223,106.93765777778911,16.654766559819272,101.11084012795293,78.25906391560287,29.654344546984944,30.28107784404613,31.08102845633227,42.51980832317727,20.49037688039256,17.49856353343223,4.30487825986261,3.521850777568308
19.689968015473543,4.240566000000001,10.320795731927351,10.789922810651325,7.44499452638294,10.191740316801583,33.26340773833167,36.7803487782159,32.78463249071426,89.27045425857081,30.989161067714395,18.21653334848197,4.936375622899171,8.6085047369379,7.5796978421930765,4.82629947737222,4.988704310574812,20.794831554826487,29.597942238383485,38.00650910476182,22.603068494969257,12.10669811529981,4.745549953373057,2.43729
24.371616783588472,9.027343311344058,4.603911716983586,10.253764745311226,9.321604313919297,5.901297294175789,9.583843052852265,24.51587753338352,12.26624746258471,7.8937040167416574,10.270527659565635,8.376524855077125,19.17276114021113,25.608851195918866,10.708141358256045,12.930054458482836,15.211233357804227,16.95408720990557,8.629350776767033,15.752828775975644,8.903699065442193,13.416822105545682,7.650991355006249,3.842545332428408
3.731750000000001,10.750508754007534,9.259788754007532,8.413469324001953,4.653363759144803,9.680688242826056,26.011274491536064,20.71883034911928,60.46324905759743,12.612351622645807,10.100483289802858,28.55017469693937,7.599995041428186,4.528584129917839,6.80048347636541,3.212550000000001,27.734515348354197,26.041786551700923,19.853943072173657,25.07665124484422,18.110711065478213,20.362008257992635,26.72963450092485,41.99531700142543
2.9854,8.252109055119398,5.464318661417909,5.955572460630594,4.310176426758972,7.010565173587175,12.355830066143277,12.905529345109237,19.752134840521236,8.465208505258403,7.365518826056983,8.555905707035887,8.035111446607615,17.358425740408762,13.965905917367946,6.751725590552234,6.713790601918571,18.109068712462847,15.91664698634605,17.598531127737285,15.173628185984173,19.040609516799343,3.7943581831202633,4.7429477289003295
6.049125596678674,4.547035208208018,5.525795099699244,6.654038156346543,5.650457163898895,4.315183350705172,22.76756241641353,28.984787741244425,39.08712888919975,9.605688870864286,8.337982464006318,24.74200077116281,27.303863161700715,3.391143,4.468949677516664,10.674290095852339,19.38005007764974,25.74537753209313,20.85790291810189,20.89395458392709,21.0220798796372,15.790300361147212,17.629660554316036,5.747801658168667
3.58248,12.046575396045494,12.046575396045494,4.966168410913309,10.361636235355569,12.59414700495665,8.44669458088571,9.827184960234913,21.80578767288548,23.178082151455733,23.69195762398567,24.33250923933259,20.48723857809949,10.61655367359982,8.847128061333182,4.201460459696694,16.938582439331313,57.03120274029491,19.65960658181268,21.303603798925096,37.31127362911796,27.559984939978857,15.09591317497282,29.93738943313588
4.573083758874024,9.29950407461773,11.1189217126178,11.624327245009518,4.980487186600193,9.04999314953399,12.796880763741337,6.979882696042164,66.84221235151041,83.12446663652146,44.6255646765475,9.406060165602897,10.617844733200945,13.678809668370754,71.3774517036396,11.744220293130752,24.62624383119857,68.36596529009906,25.844954491985455,27.86314709139808,7.787887932854295,3.359551796633931,5.112531997086469,5.475659225181306
6.53748771923156,9.618869082309086,12.49520241350415,11.766604817701555,5.506098754762776,12.561986867015802,19.097938695998227,46.99625729485027,18.009320436048952,7.741527447555633,12.12284312333986,17.484336500862906,6.451498188758265,11.011925192366913,10.220877129268542,16.176905142651275,16.645839194442065,14.222544929216884,8.600465109837923,14.013543765738705,15.479506738443888,33.52900454195235,5.084076542238054,4.045344330100843
9.409668081974944,4.683544777027409,13.004734494701417,12.267418349601508,8.601416747774186,10.279377436526406,12.342963493612633,60.24648941717816,21.168072065623345,30.007091851524223,17.385556055167143,70.75849197386903,10.300900841166564,23.40400839629641,7.269649541688357,10.178171073737532,21.995582009520536,18.42575576761149,37.15198363533668,4.665238243048512,4.570967158715587,42.28935545072115,23.84711442887856,28.90012257426967
2.612225,7.704634979040355,5.0012968086547085,5.464146579952912,7.32258696355075,2.8734475000000006,9.245561974848428,7.376305992626897,42.18628738866792,19.96763202089317,6.876864278812877,27.24218384196225,19.64230085979463,25.731532590882676,10.544544871446751,18.94337201297758,28.87581313087427,41.32837165279741,19.85599403158147,21.92631052308606,22.930777564763048,28.132541269316256,24.150722420273738,24.211665996841106
10.257928359564431,10.964500070587617,9.341265389532404,12.064472823741797,11.285026403968446,12.112735851210646,18.16399078272636,47.77590452329453,62.61650532508494,7.990733472378356,12.375619286852915,4.093552504977284,14.62178804623905,28.525196568173232,51.318544228550394,25.537740725812117,23.50896275490169,20.42363877865264,29.018167597821986,26.42366391665205,59.94535201411399,29.42607837545296,47.56315954180384,35.711738786061176
6.917925121584126,9.867687895996728,11.818618169316276,5.306435908726806,10.992868439267674,11.670048845378282,11.84122547519607,10.803557287582654,8.259106595599329,11.09513446380084,14.707557201940332,10.401446010230352,15.389906168966249,9.7174420374009,9.420612729816733,8.073562823997323,4.4800242277971405,8.19131000521107,6.683321421035049,20.51595478873851,13.14079779014754,23.78965176063944,36.688817303720114,34.77199642376852
3.209305,6.109874604543789,6.109874604543789,6.3875961774775964,3.209305,6.3875961774775964,7.331849525452545,7.189165373780228,4.365832524509342,8.761238859653119,9.91834218875235,14.3550527093182,3.4434720000000003,3.1713777554070064,12.94181574162131,5.159971380678028,13.217186205701742,5.706813367265264,2.3190761236601856,2.385335441479049,2.048015278037568,2.528413923503169,1.552644,3.5116860048655125
8.725437512070847,14.387502115621354,13.06360233380574,7.9116131905619875,11.610907839839458,9.480556225650796,10.360565637546513,11.80037881503217,9.440545063155474,13.767357953248696,13.718936745298752,9.256238528626348,13.284578060094976,11.210819935960528,2.53759,12.108941434254941,17.498796256751103,18.047501472832295,15.265014243615134,56.382757478031344,20.61564331243407,32.65343566086444,29.736448377419823,11.76405533843082
5.391018827715005,10.69482733419476,9.31125769648933,13.975639420891866,15.312598200024569,15.78357233547742,9.685116748347747,27.26576520841579,21.95913427045244,10.94200629524422,4.822890315208356,24.24526007865596,31.529515298942073,15.144430442821758,11.832462245473533,20.962958531107656,11.2573348238394,13.273657719846288,9.239325303083447,6.639006509351377,2.130277225800292,8.713072830920398,8.978835080938344,18.537663850104508
3.58248,6.498358009310601,6.498358009310601,6.793737918824719,3.5824800000000003,6.635237367778899,7.798029611172721,25.987007035620877,41.115427128556135,33.89964622052119,3.3644160000000003,3.90816,3.670272,5.726952625786125,4.772460521488438,5.316838371254128,3.865693022405635,6.996548285541807,36.233823156974125,11.722178526346008,10.38009380741856,18.27101692248085,24.906239438807567,26.123388055163097
8.951381070279725,9.41840964785954,2.591457000000001,9.846519177307698,8.951381070279725,11.272806677307695,12.068747577431449,23.60811296838392,14.517393227422009,7.580192242695966,7.852561814942375,3.00860013571635,14.558650080380726,8.300371537895746,7.262658535834826,15.170881077917667,51.978995215476544,37.29419761607967,13.150338086841527,19.52477683775476,22.00999949739244,24.068437501696582,25.24267140770992,24.06300228601185
12.208216619881028,8.69999793219434,8.237110807865003,9.13849970359951,8.132467906609838,11.640993052234924,4.5232704,26.618766884057383,14.259350476733609,21.872652871750702,16.746227225120858,36.10104188504191,27.803957593831,9.813068523371586,7.967181840943771,7.469738172640489,3.952930679192933,19.068113877841554,26.578755449957978,25.694706702346725,28.28061065410674,22.7463965031739,24.006579893676555,6.399827297851035
4.03029,4.240566000000001,4.240566000000001,4.433319,4.03029,4.433319,5.088679200000001,2.89550052,2.73033828,3.41292285,3.784968,4.39668,4.129056,3.7371779999999997,3.114315,3.469554000000001,2.5225951500000003,1.7981058229200009,1.609557642,1.6555450032,1.4214275280000004,1.7548488,1.949832,2.43729
17.960905715201967,7.505804333089331,6.0786175331625305,4.116829939330166,7.133615688473329,7.846977257320662,10.112660804663893,49.66866757880172,44.18694361232158,9.87785990214929,12.5232437283394,13.399482012541426,124.17442283261039,23.860450966808518,13.41923174683183,7.962184565743047,5.772054994627376,46.55061490525753,62.83702206592189,33.83663840937993,21.329002467129804,35.58956613569465,30.579562424032776,42.88465843715733
8.882993018340601,9.34645352364533,3.690863000000001,9.771292320174664,3.5078450000000005,9.502534919257632,23.75049298489866,49.2129816374339,21.923858973586974,2.970506925,8.342289095485087,19.287347662523374,37.54646009081267,18.542782003362,18.405930731388757,13.615582280895108,24.025358373485496,16.33968320692127,17.38209480686435,19.407570136086964,26.61445011034064,27.98648113529962,30.88092159593363,29.109248257228195
4.502549355133727,4.352808281563712,5.763216152592399,6.02518052316478,4.502549355133727,17.3195288027902,30.64440626627949,10.889158041545814,9.04456692,13.264322778765797,9.616146545056717,3.58248,5.6116665167240765,3.260638382997757,12.505415618881857,83.43147169711041,24.67369474467484,39.14102972221737,43.96304249086911,12.989437862167769,9.973263453621016,47.96775496139283,19.58946863296812,13.497803288055083
7.613694987500916,6.106120775486953,10.740305023205307,7.110396067764918,6.732816990000732,8.37506448625101,9.613117497262026,4.608800368262058,5.157932276986985,4.91437207191661,7.150252683913905,12.404336848694005,9.867299521212498,6.439850034588972,7.377280912743412,8.469459991959452,15.594984873354084,22.93332802499549,19.01063282335306,19.34783276451473,13.424526837332332,15.617531253283946,7.530701256915955,4.604329379793044
19.29689865344368,32.382330071434545,43.01703537910793,38.582172104108245,10.366184148725749,9.147922765498777,43.83137613578125,30.464304288926225,32.60510716324591,48.8572970627822,52.938679890160365,70.71729820208124,12.445894899387527,10.32003881382371,15.635776980283882,26.679499362383712,69.6070988854776,32.23992344794385,26.179206296178457,19.624454410654447,12.852032733480687,15.501222278676384,13.69930597343461,5.0422946513743225
20.69495078720333,12.77484756544984,6.693394989644686,4.022826500000002,6.696179808579984,7.162907645138199,8.032073987573623,9.819258759538696,11.2498342801716,4.900854375000001,57.36847188723192,11.201135267376012,4.813119740232666,15.704490925408269,65.80017048601603,25.88980267219411,20.994295031836348,20.420853201954586,43.005889038694,41.05132738692021,17.708351604995954,18.43051798968144,18.41917718359934,20.13636512670656
5.92334965172818,6.232393981383566,4.083508000000001,6.515684616900998,42.43773177580991,67.3822973659413,18.626366759701035,16.46545631653506,21.767581057961834,55.38311444166407,47.528235696244856,98.10017964726384,7.0102900045415835,21.77274448221895,16.845179368513353,26.714112811669352,32.276972969994915,23.39863438557165,3.689348285106001,18.25178407644643,21.53509140799953,30.98314413213041,35.469823845890204,47.24573865174149
3.6419885622635575,9.603606661461422,4.670579377604869,8.21992630871447,9.127394760893086,3.3660385,11.524327993753708,8.985078308478233,15.219714765205088,11.69886335650562,17.276131476941835,18.91811399589484,8.096147573969594,15.147228363724729,15.42253380853316,18.505172496622595,17.65821010840891,13.8846480912879,17.16852324040232,11.833253998995811,2.5382369109954706,2.8934604005712865,3.34838123145282,5.352947308974036
5.942268009995816,8.991546507231556,3.3767470000000013,12.406512477646572,9.153009810288015,5.701422780163345,13.282001208517537,6.575840613269527,4.025616473680802,7.236641177467407,5.4640784327332526,9.027629509784576,7.578930435663944,8.883929897013507,12.663724018794527,18.212869933089483,18.712379883180063,55.65494832399608,26.824801631750308,18.91430539642356,18.40855583749381,11.788763220707628,5.456547349133813,6.820684186417265
10.621746837206985,7.726751165955881,12.502530228101792,13.070827056651876,9.50327714289677,13.070827056651876,11.819183565624874,19.991825678305588,29.91718309265073,41.046527508117066,42.20565452203133,34.36928587194048,41.05904434129348,25.123617748827392,7.343441428602049,10.229342913901466,15.558798312423132,10.281870536648537,38.89304297085923,20.11835610219153,20.242308818845512,23.25718003928792,27.37544839767768,14.227331761479109
8.81243982639761,15.996559536985998,16.698216398140726,20.430459906679857,15.998977791338216,17.80225883429362,49.89225243673143,36.24246547788889,68.58726414452948,42.49097531675773,40.11474470827357,51.24742970004811,35.34718774040991,24.25167876071677,19.11203775113538,32.43684872702374,28.81763331339849,22.342010900042556,36.559256904224846,47.54411806134248,26.77225444612968,27.008565968979624,28.951184314847147,3.842816330996158
2.761495,19.31311963300499,21.287835424925024,30.926720581572177,9.25445828813789,7.150286839033577,5.846986681532315,3.1926807755962794,4.403631200370101,5.504539000462626,3.64676061489872,5.663664813591893,6.6595556905407935,6.027514525466319,5.022928771221934,6.619536656634973,28.114338367120148,50.67211755882295,18.603207860234477,20.73381000634278,19.24939752425397,16.844863465775234,11.210221379439972,1.669995
6.990816567684871,16.76259393240052,12.531932573908362,8.318391416749234,15.931390927488096,15.47597389197784,16.879630239355524,18.5536943600121,49.47097596054402,21.455984660221457,18.54875063908569,13.058473876497898,16.43660588705339,16.087963093224975,11.574781125164362,10.983882050696266,19.68954895815641,45.57692523025924,20.77779751313193,14.567763473817353,14.3162225629341,26.35412046713914,6.353371540817346,6.11187346549888
5.225031259568133,7.778437782788459,9.798410196525207,10.243792478185444,7.0087684256589045,3.7765310000000007,11.758092235830247,13.433788900188084,20.998097009017425,27.61800595562651,23.56394766116679,21.79768571638563,9.090007481078352,13.288738164727624,11.925483629482889,47.42668016967922,20.14515963668357,24.648488475055466,38.88851027247757,17.417637957713975,14.988464840355736,18.551219325497737,14.094068657868366,28.052451771794782
3.657115,7.492072237427502,7.309864675556128,4.022826500000002,4.003459952317489,7.261151804168532,8.990486684913002,3.4982905318404205,7.111114997578414,39.5739199656916,22.5741311804294,31.88550776433236,25.792301204125934,5.13367703607249,5.50225440427151,7.687096141628386,35.22672675628958,31.604474171575628,40.06297982527354,29.32327855793558,24.13647466333109,34.990685033332014,34.108817874589064,39.08139494002853
5.33641667115517,5.2025566873638525,4.240566000000001,8.343391014167205,9.93592893004949,10.211152153919096,6.645946488997447,6.499877909629519,19.46953810998893,35.274161123721925,28.406147596159563,8.274437369422019,9.510350838289003,7.35292133201856,4.931018460788554,6.529610358913465,15.57579848794044,20.48305789194566,37.53382692362488,23.77220424953781,17.62857475210874,3.473191935939018,2.8344875982970352,3.859057925834521
15.969655246290364,13.199209800886027,17.196309416258448,16.585703050937955,25.287711166216283,32.33127010022259,19.04038396557556,10.357675439830768,19.34840104717084,11.093631554626633,11.917397944543415,17.659710386757645,16.744114953772307,13.654500555325429,9.438144988648393,17.226260152009168,27.15443234415297,5.522481743338764,4.430845936305869,5.162007658306451,4.763346014547888,8.195847307883277,6.347574134910328,10.477190306912066
3.88102,11.638271174917572,10.575864176453855,14.816029618365242,11.272039972096003,29.108925450445447,34.17747507716938,8.61619248899999,19.714310357369847,11.405893875625802,12.649258488406693,19.297495904726897,13.29898679013452,5.224716737887055,8.8900466393035,11.595153614372803,19.789129993229643,25.16395745702078,14.298645948296889,11.32656348073007,3.975492560846394,3.7338270846393726,4.969911182386679,8.145355844807339
3.806385,4.004979000000001,4.004979000000001,4.1870235000000005,3.806385,4.1870235000000005,4.8059748,3.6025624800000005,12.099700619999997,3.2233160249999995,3.574692,4.15242,3.899664,3.529556999999999,2.9412975,3.2768010000000007,2.382450975,7.394470426256261,11.66517482663431,34.73731678829205,27.37415622423764,25.350893328711383,28.05430989385818,36.91732691148928
3.358575,8.519675596552656,8.260574420902694,11.886597098188714,8.230695953651546,7.372804326475927,12.077523947213797,25.74727926598087,18.441664388003424,14.895481467969772,17.072105631513875,32.15935839978377,26.789338785736494,21.446097321536943,9.163145098691539,13.429464226156332,5.530515135620757,7.361976021774066,16.125261925473588,16.13633615088683,12.803810085477355,7.704159246995816,14.473368906801236,10.888227393341628
9.240471018067504,11.338173999279595,9.493950006274387,13.197720526216898,9.948201169350074,13.473156577120273,16.135030275256938,8.821178593336365,3.3762519303024585,9.76139150342052,12.001262188207637,10.08051383789182,10.27042735179352,9.063501956950123,9.874775916643909,8.107156104634145,7.777081124682455,19.46337866146864,10.239958297662625,13.93876013323833,13.07930552555024,18.180199508756868,12.367466458517807,10.066904403072236
3.955655,8.830286856626302,7.847497413126026,6.406143881864208,6.52430922733026,21.394190583450424,11.480854727101804,40.895772720599886,27.434576467388545,31.85735677904325,8.539478722637705,9.919596495993291,43.34016643185618,6.26634519359689,4.680626370998055,7.827855495751231,14.77213149330646,24.74202794984712,18.4648767511571,8.272583835259606,1.395104796,12.356144446936293,17.479550543235238,3.6630988990419575
4.17956,4.397624,4.397624,5.293266,5.393960000000001,4.597516000000001,5.2771488,6.031578781370852,18.37496872609877,14.093072968579762,3.925152,4.55952,19.693945380423674,31.410231194466924,19.11758955538766,25.761560439885994,37.08073575993437,37.23826794381812,2.9298361484578885,8.893700526190184,9.646282533283824,22.88564570572698,2.022048,2.52756
5.907224753393237,10.284115293964716,10.69178792463223,12.314320164279474,11.19483651298134,11.256797812361857,76.97682729000437,23.643698439126805,28.269400829262164,30.539381424863578,16.657125771623363,23.74566538030258,24.320658917843534,22.153673525581958,5.864726977603418,9.637294041610025,5.953906768049318,2.241695581035468,4.470828317666904,4.598566269600246,3.9482639688486953,2.292417375072507,4.485775480985894,4.055998467448929
10.624101273413007,5.754808860359596,10.0554667496733,16.241605622088677,7.809631170997527,14.622796751271078,31.21440068926778,30.87597057442788,45.95694003877148,48.43038616799105,41.390920426944746,41.16870549820919,28.36248211197107,23.29300483127806,14.857169579602845,21.130068664267327,21.21639702888816,15.18545204803801,21.066429596272688,55.17446106630163,22.29693444763288,25.700410065706546,6.619797286652977,7.7839892985286845
8.468021839201116,3.062631000000001,8.644049825458517,9.31482402312123,8.468021839201116,9.31482402312123,9.95450235396052,24.940851907953757,19.84598617539964,7.170874857468944,7.95257703159757,5.849726236297767,7.640367201756509,7.852165705441034,6.543471421200862,7.28986227896444,19.013208185970434,18.294387837133584,25.425823710744183,27.809989772248382,14.930337592614793,20.23703836250668,14.351556998993985,19.614163296031805
3.209305,7.141105769375042,6.334457461651818,4.092444926594975,9.720536351058923,7.379276493082407,6.147772338535738,6.67911672021294,4.597884915281009,4.01612281890054,4.693917764845062,7.404001473882461,16.05556862413663,7.730482164946526,12.165270412955435,5.842722902215943,4.248045845640062,1.545838012256589,2.5063769155720483,9.039850993116737,11.307207165210778,14.467632398967789,22.4200057539584,21.525060032997427
4.629901322366548,6.383421636876543,5.697820828681756,3.985710360970914,3.1346700000000003,6.673577165825476,21.22268393915984,19.68023999133252,26.85751598379177,44.40101682736532,21.53002305107768,6.618423635529396,6.215563066410216,5.625660090199987,4.688050075166656,2.698542000000001,1.9620184500000004,2.932833365610546,2.263715575197247,1.2876461136,2.1397075856117174,4.225257602617404,2.935127003582602,3.668908754478253
12.47774936160692,7.546061735682345,7.546061735682345,7.889064541849723,7.022222586436631,4.925910000000001,9.055274082818816,10.907025516345144,18.61382001817501,3.7921365,5.048789276731938,6.68105123748468,15.649960088281018,6.734666175917323,10.198687730711798,9.72203294088541,12.97870600222787,21.544088155995624,50.303438866513055,28.77105699781949,21.02632744413553,18.83899701216417,3.469714336767539,2.7081
4.79698225304783,7.483214777741841,9.660598601066386,4.176228611252244,5.279457929549534,10.170205812109344,13.631479568485986,9.696641395244113,15.746810036000966,6.840489714865182,8.881809718768949,7.608202164942059,8.941344191516752,24.60496351333254,15.074484979979111,2.356515807484974,12.23517727953856,39.82934542228752,32.349251303645104,16.75853583463275,15.537369008212067,24.56545200104164,17.163253615442663,20.00000027864704
3.58248,3.7693920000000007,3.7693920000000007,3.940728000000001,3.5824800000000003,3.940728000000001,7.568898896076594,18.549065817013844,15.651679222643988,3.0337092,3.3644160000000003,4.488244215319013,3.670272,3.321936,5.322119774999617,19.328550451711806,25.912428373757216,24.598150372895265,19.30195397427392,24.93024894809875,8.73899732210707,16.56204689508837,18.305331227757502,22.32141348080928
3.806385,4.004979000000001,8.31536894742133,33.20935474812817,49.78548290923011,26.659837857204725,37.631438531368126,47.79303182834281,19.64399017143477,50.82269014975123,56.38685243035657,80.76887629333413,14.100458424310453,18.69747444159882,4.61414609791017,74.37071430882126,22.99057838504595,22.450246954106102,13.21552589443376,13.310258418782633,13.820618488190007,19.885651477376303,11.109352627904473,13.972021005822969
10.153152321635822,10.624784655886463,10.53102277562977,17.766214542039698,15.329293765486431,8.0227087317565,19.75205116137612,21.85823499766031,22.754331421457348,32.12867787132362,34.91140255786164,17.619386322683994,12.563384215595,11.249463434017766,8.119667915338004,13.401904776516304,8.483059652059241,7.205782805001753,9.913328560383652,24.476299141603075,20.60521107113981,28.00708471802695,35.29782173119498,5.7278477309816935
3.209305,5.885473901095089,5.606726467640081,3.675944385669665,5.593632220049051,6.152995442053957,4.052096400000001,4.018659948003935,5.177739173073229,4.736789466341537,3.0139560000000003,8.703108559597739,5.730709373267644,5.186822604045483,4.322352170037902,51.833356602206486,17.59566127318233,12.145714182597828,9.612420575518223,19.5220019555138,24.69397618425059,16.23810849641321,2.513914262628472,2.9821811178475106
16.05911835603954,5.126761147697693,16.050953477890992,17.031746507653256,12.861973542969046,19.7244501916435,24.5165334208172,35.74891273750988,35.410183121789984,43.76880772847221,39.35253911819512,26.96944767036012,17.63061364260108,13.720629205925926,9.44352737213689,55.45852763480359,18.60248011906012,40.76035727309097,54.84510479710518,37.67869175756566,35.86571994395237,36.8794249026721,39.88344951947914,10.780206830731691
19.43517657908953,12.212145503636892,12.212145503636892,12.767243026529478,3.4225824499327127,10.769468465782497,6.942065513366985,21.97871953523816,31.45309278789254,46.30035357494977,71.6054812225912,17.12687833786286,15.99299106402993,12.992394644855146,7.600467369984296,13.659477534715572,26.91658737767061,22.82751711253228,25.372051615218677,22.467492769897277,23.07076677095228,21.018999853950724,32.06672206728463,5.898676114818863
3.806385,9.9790617967483,7.806668052476189,6.174270050158008,5.354888805317928,13.927918964624304,25.230299307885105,12.377991108305151,19.236386183498905,69.15780680716558,12.786232852677006,137.28874896451202,45.90898742658072,97.38759638112086,5.16139697334234,67.11219352311161,5.936267208204646,15.657303793751693,19.88073080191593,29.50024355569119,22.130248894275045,30.57090997333741,29.793934767580325,59.20471975187682
8.699270824031574,4.397624,7.447288079311158,7.7858011738253,5.789805037285505,5.83740467870984,24.434781485351163,78.19240943709859,42.46289763934212,5.721063039609377,6.798389231747701,7.721455709578809,4.281984,6.413923722411878,5.469364460951656,4.845645850627292,4.329398512628018,2.9423137392222807,5.788983495128834,15.187052718493764,28.76188934101156,34.66173017265722,36.41805219541583,38.48794784481857
4.03029,12.386919597558434,11.635538433375135,4.957008902309572,11.772692179497684,12.949961397447446,8.297980692820843,10.363665450668908,6.560993410941868,5.534628477444023,13.988042245933295,29.45861697650391,35.797654917477814,105.48766418876704,33.84044231435804,38.596678746809296,26.14010254964991,22.816112672951927,11.832882516117474,4.607224264965929,2.72485242974897,4.261697878663141,4.6854395289229895,6.277684328731141
3.88102,4.083508000000001,4.083508000000001,4.269122,3.88102,4.269122,5.273954400000001,51.90545934137561,17.533515298070196,37.041264745034816,26.67224842720876,14.989499376037012,13.855907002644244,24.647981867999047,2.99897,3.341052000000001,2.4291657,4.123490948418644,4.199105165634608,1.5942285216000005,1.3687820640000004,10.548815887563125,15.363526728474689,2.34702
9.265263078903343,9.109788109107,10.958142358176616,5.4151366426753125,10.808907249273878,12.799770507819566,11.558439858429008,15.6504351014784,42.57855480008772,85.49566120540106,28.80749124459044,3.58248,13.779371692780298,17.43478439493664,37.9132486835363,7.453462998360274,7.283175202176669,34.520046263493384,22.13274919319432,21.384080634033243,28.46923346764753,25.6712748072461,24.15341577207431,36.20340951662772
6.879224239949658,5.582295143625693,9.130534737109317,4.104925000000001,7.104043828517492,5.588734284547698,10.956641684531176,7.303304147677563,9.705124627227804,6.586977424106229,9.760381581587778,20.02845931380508,9.801947833004391,8.046669606783786,5.836936868004711,15.284796211656182,14.409607380999338,23.192006634758283,24.50321056427915,7.766702972665871,1.3161366,3.778436163185432,2.7842982559933778,3.888247093322297
6.038215195751774,7.916592610459273,10.975567815789384,5.127185357663476,9.819263628989972,10.94187466423277,48.68031711460031,105.78578039396626,49.6679507587692,56.39373647603424,94.9399119341281,34.29358439108588,13.7056748812964,23.790114618366438,22.959477954596807,18.960298623768004,3.599282865468683,6.8085831686093,11.804937393609444,14.822913153431712,26.25673246109837,56.08895641554715,22.559831638209257,16.879525251816492
4.580915152523617,13.661792088999398,6.48004930539917,13.383339276434466,9.368700111455365,13.014629156031823,10.941904170119182,19.193450507416568,26.85561964480256,12.838762593972584,9.492025889014352,19.031757686367328,23.370575340739702,19.33183538957026,13.727179773956887,9.2487856456492,21.304556259103755,54.466891093895306,28.736105219387134,19.552254866960304,13.86694569110477,19.51643970030712,24.84309527284449,13.878026619920703
27.228252954818288,24.234141316721605,5.162836474150759,7.1267785155386125,6.6360957101441205,7.299705281158533,8.378792148808056,51.32305487695953,8.335844459999997,19.573434556257617,14.0589804204651,7.23937713833904,6.798719399483621,6.153470567588184,4.399027259771214,6.118814800188227,2.480847733784557,2.96068082888938,3.4840192622754613,2.7259465432229586,2.3404591532722376,2.341856391544744,3.514728245998262,2.492023664317984
10.522127788824635,6.599578083648626,13.508649452759764,14.122678973339749,10.522127788824635,11.167766218368667,12.146059906521224,29.27151117463411,22.14604547494808,4.875564521182526,12.057306949570696,13.680352397254728,9.854331980478715,29.614057653202146,30.45743256842549,25.543496995375488,25.226254522458564,26.073676693441637,30.14576381623433,30.744654435229343,24.6806883458462,74.60748345996758,44.587993491082905,48.680450227486666
8.582757674186448,10.26565728366758,4.650463709277261,12.139137284258672,11.035579349326063,11.377900383130704,10.959490718901089,19.925040693366796,20.734478454395106,7.268035248640614,10.363848432410569,19.282480375750257,86.48101665909115,22.166581638668788,7.886498843567958,15.886579222202624,69.30556020156773,18.417505356003524,9.41021575570831,5.455576425423866,13.344867539501353,16.86391318100719,20.854964160085643,4.02317444232331
4.17956,12.011425629482098,12.011425629482094,9.616360168459334,6.499306071967896,12.55739952173128,13.545484616911686,3.8887263585682073,25.32550445409353,47.04723337575288,20.87346995673873,11.273271358988902,6.942385756211907,5.809051271655122,8.608768997772325,9.827530060485353,5.595813129548805,13.47871777899848,22.78090725894475,21.08747694266324,16.48419618778561,18.494666428887708,21.324155213965376,30.47471579245822
5.840248425342205,13.692588161011193,15.634069315275994,15.25181976646748,6.66339877986191,14.158930703328236,17.695246823024345,28.49628686035306,71.29831229912229,40.66928257764746,6.537765744902583,12.702514443967605,15.22295554665491,11.33804035474523,5.758795213943357,9.6342046540149,21.189636147337257,15.242511846790045,25.16598521514452,25.34478363739645,19.75898750810201,29.18377290509507,47.740230702969264,27.922617272476817
31.57862118660015,7.176819093097182,7.176819093097182,3.4481370000000005,4.056238441541685,14.24861571644808,18.68489541715661,10.508285634229589,15.955811292664055,64.37249840146308,12.643402603907338,81.09063628068859,68.5661252529736,6.324875128627342,3.5616387095424464,6.689283404895266,17.47609974212321,18.72701015656046,14.815199413802349,18.36300776470931,18.820395244101416,19.03734394147717,27.73646171197546,2.56444456864448
16.131122420458173,37.81934049807455,12.000044371859731,5.751197820997657,9.162039193835758,10.078243113219337,14.400053246231677,13.562822827821032,17.306395989871515,28.73993119314376,29.72541975342559,13.686023569136538,9.575515990248086,14.884232750279907,2.595766273808265,7.994592776475901,3.116491302851708,17.18111631876385,25.488015064086888,27.3790977457144,21.221111117611564,25.78426972852022,1.7159767148133298,3.1618155465779423
19.44283717996671,16.558180094347314,5.15369628456436,7.017109745517169,6.379190677742881,6.424689913180024,19.245775946641903,16.929940761510824,11.61242741554748,3.463736912566539,5.738001435333188,9.20597699467117,6.259637929454387,6.040098345184699,3.0566424999999997,33.28178886100056,59.308239707572845,30.134845421670104,40.55323244411255,43.9082764193516,35.11121321388216,21.514662174111923,20.908734765783866,20.74373904988525
8.106456047466063,8.529401580377339,8.529401580377339,4.022826500000002,8.106456047466063,8.91710165221267,24.83368989645281,22.1213246856129,13.175786893525554,17.334305543529766,32.900969017882325,104.36549992861504,32.077758629076335,21.356785266983106,12.792097006225925,38.14491573665727,48.31441567950117,16.755108936765616,18.559968753378563,18.98266366720768,18.56137243500206,55.631599215406304,43.92319820025783,25.625728056299447
9.592831482930228,8.566831575251973,7.956233389928211,6.7219987414651134,9.592831482930228,3.5302355000000003,12.111992446273648,6.891823801040828,12.98901863446854,7.38624507533639,5.52232532014897,15.007319323910131,6.590760805821414,13.934295428915203,11.810660475463502,32.12690076759669,30.149948966996508,24.56707144918758,31.188126610533683,24.06760621123223,20.61164321434024,35.67982670193669,31.21097950241472,42.791935842713166
4.58648332773325,8.14448366029861,9.029471807031634,9.439902343714888,5.427587764710918,7.589472582364019,10.83536616843796,7.52500761832193,10.25394916992608,48.94596064441474,18.695810855715827,27.89219266843564,19.320840659353124,14.744105595301914,15.680672289400633,26.11981543501801,5.371382449295619,2.8905787539861385,4.051961561561127,11.26568990456996,15.307775586970983,24.67047914809629,13.353495165487312,8.069082570385829
3.731750000000001,3.926450000000001,6.511917708660032,4.104925000000001,6.189012698313252,6.807913968144577,7.814301250392037,14.649694854529752,4.192774784348215,3.1601137500000003,5.812290186242011,6.751650216341729,3.8232000000000004,3.4603499999999996,4.782418903242058,7.251914650095503,27.07701428839782,17.754482360167284,24.057536647996454,18.06009695397097,12.60630180138335,7.997532243231546,15.376901204903035,3.16486882328968
3.358575,12.360928893070788,12.360928893070788,10.999007341795473,6.792794324274089,12.922789297301277,12.33717875186791,20.484374924878438,21.969298879033666,25.02967920096305,11.032895210344174,7.765229591438708,9.798315357820922,9.060550135199758,9.077992481575274,11.26348185504888,29.21015877096057,25.814944379838003,40.62947195055691,38.286844856799576,25.32180131295744,24.052721010955363,8.090575085922959,12.832973148093076
10.406191236080874,3.452258188627729,10.009792764118234,11.61048152891955,7.810779352304613,5.371355855804065,13.326813581020703,23.51546291459429,16.370916562279586,13.157731711638188,24.960470179382785,14.7880428401256,8.37463075552586,8.448117527672952,2.616618604110233,14.772669098044497,34.972571613410736,37.38681042791077,32.8095721341286,26.844693013986568,25.667365641881943,42.02872270616143,42.375537793076816,25.816754955956167
13.979570184672427,10.851766176312532,12.435551302666392,17.478712446607542,29.213871328917246,42.06402844859236,12.905168974336352,28.539116312725405,9.617480392616391,27.899783366588554,26.946765135636024,95.57926159106324,7.94281370692715,14.590399645292734,10.122610502962122,14.551836844300295,38.9681616704846,23.70677897264752,31.59314201614658,26.85457668053285,17.97416680964192,28.818307681768168,14.281979917410986,24.014459198937697
10.972815857318382,11.067763218439596,11.580335186675908,17.65205912700194,15.795166329653783,11.29014232724492,18.543507447266816,10.093427198517476,56.66536411452367,30.41371582347256,28.85823727223219,63.09507444235223,34.09750340820706,20.130596189704114,18.206556824753424,29.292388620390845,108.80744702578885,53.94215160818624,28.17285518922222,61.490177882516384,24.381980077798367,43.91109015231142,4.479514919640075,9.704509688937469
6.631633419364469,11.540757493218129,8.34190668472262,12.065337379273496,7.680036219236938,16.470650185375938,55.73372679491681,27.7656875829956,5.1603625231419095,7.338259706728477,9.930580251409182,7.449559851236337,11.23728152607866,6.0307035399888855,6.696211219236936,9.44243794899665,6.144603884960299,3.1869991289920927,3.7396918356190776,4.242828145542973,3.868434165352577,3.000670058136441,3.971309916040549,5.240513128098471
18.84301850959349,4.004979000000001,11.358641188211516,5.312754606345098,9.64408687796792,11.874943060402943,10.72304648164083,8.729920239336614,5.148749130481527,8.816758275768734,16.194530196032186,13.546844792161192,5.210252855392781,10.010282579843803,5.773984804154426,22.082631305770228,29.764655396362013,39.19905404682492,38.39377741798995,26.6230899674149,21.29955777184299,29.404899744724982,35.23254395143098,35.60608880489074
3.657115,3.847921000000001,4.279391878566253,4.022826500000002,3.657115000000001,4.022826500000002,4.617505200000001,2.87742185829812,17.54547336393393,30.530385122745376,3.434508,3.98958,3.746736,4.673986910701758,19.46639947551274,28.065917157313404,13.370420490158171,32.7493132453796,17.773507616908645,19.425175061154132,17.734047985724544,21.1886431827212,19.196922718510177,24.04603291169832
6.468180538869201,10.3347897929599,10.7340897929599,4.022826500000002,7.733180538869202,7.712380872611044,12.97673975155188,48.7033957941379,17.51201843184439,67.46912899018773,34.979528979898326,18.98367218735436,6.495805330595133,9.10797026832604,7.589975223605034,7.898104840017256,24.10143185862882,16.940162951058642,20.223979319344327,14.952372907641337,14.5498212066145,23.617915174074664,19.928395517501173,20.11794122377913
3.507845,12.085048813341992,3.690863000000001,9.247943864675207,8.30119534264505,34.158284249844606,20.16197878044209,7.547814655292704,16.56568241397207,3.385395051503717,10.096482074297972,20.93914847246274,20.870994330528255,21.746011816324888,28.144879617844484,64.26351550956485,5.436842795664416,4.456644986079947,12.88650567662443,30.826013701603976,11.827120770305728,15.990269912129348,14.903790045719033,8.760936697731712
11.632147589014108,10.394302255311354,6.73744501573897,11.977697379375948,8.291843966292335,7.492238413083611,9.697075272809212,9.245016690901986,4.337983192778347,7.021684231455735,9.548547402995814,11.656288691961649,5.178623016613092,9.151619248395797,7.856654113155226,7.459490153423595,4.007919254197386,4.149969408866909,10.075756540979064,17.515579725978238,10.158009142358909,12.263730550912191,15.141136228659148,6.584936036811067
17.65680224173967,9.1689321184806,7.4509823587360176,8.60822484380275,9.562001458403666,6.1525404375211,10.223489754096391,10.732181597076032,11.622112706137251,6.236615407274097,6.18456299410117,10.431274318258543,8.77981678841684,4.496412023252694,7.388819308766468,8.231636038104025,6.2784784963455,13.677134719813465,17.519572255462823,19.387383649959684,12.906624611601783,18.014070620714673,20.04708584029443,20.13234550106589
5.682302356068639,9.20316987597716,9.96409597220772,10.500818772139588,5.6408555969221625,10.555964685097852,10.00159334434784,5.219918913567494,12.573826851911084,39.577894832383016,18.217535158479155,31.814187898720448,12.97973535157791,13.12726407495255,23.003723461799915,9.742761194741075,24.64291953307217,14.873400447612342,18.331782469871445,26.776810368738484,21.25881372854855,31.48720660647748,32.43336455109068,45.214899713208304
4.104925000000001,6.748370371439851,10.523798561659696,7.055114479232572,6.413740435665973,13.541850020967711,20.16023469275149,15.641404394885562,11.157164431984642,35.91699977226645,23.704114364491826,41.61243093529507,44.44016952705898,17.20661153614773,3.7666823849442665,10.597969581626899,6.501167436034362,3.7088696586133074,3.901831286569515,4.8367514042489,4.341839240499247,5.360295358641046,3.671775036423896,5.337560869249358
5.3467970258375255,11.466810872894149,9.435416096620491,13.581158316153026,7.760227775722977,14.399465879720696,137.35812252894465,27.738282482240955,57.01096475159356,50.89640419931681,33.83612391193372,13.511175972724926,12.89636866076425,6.255937145348881,7.190474810491969,28.491603565756662,10.663279762329422,11.322413234274311,21.50983718684027,4.873377207244668,4.524707407963112,4.493112724525688,2.8902620552039298,7.758414622707665
5.254750356201582,8.950588675473707,7.994274916296669,4.608466424809268,8.506757832061787,9.357433615267968,7.871765133037337,4.566393310490741,5.60900829584716,7.203677200514139,3.2943240000000005,9.280099453158313,3.5938079999999997,7.888084535184564,6.573403779320471,3.997845162794698,7.641555210516009,73.42836314055977,28.818179338074533,25.42760915481489,19.86612399214896,23.186518767468545,17.169662659853305,5.144402957729064
3.507845,3.690863000000001,3.690863000000001,23.85646110364559,3.5078450000000005,3.858629500000001,18.678328397227983,23.760409239327476,11.32413372,5.54680305,18.00707238769641,9.442041981118532,5.842469666974304,83.2197828666192,47.415206612209936,12.277481490718252,26.46545492790594,23.879552787604094,27.493933677154164,30.98116911763912,26.050631591552445,21.939952718981225,24.238898396352404,2.1213450000000003
5.796792620787783,13.077336582027025,13.755659076326143,13.325213281897032,9.320420014866968,14.961792725631332,20.14035762170833,13.673152047375712,16.232838922226154,16.737246960238014,5.831813249166058,16.650586503759047,12.171372403848899,7.190941307333072,18.529024319867798,20.523057357789092,34.49456691484116,23.125583787883524,18.014316495529265,24.978365898053056,14.827614756036049,6.423270209747701,7.513889842026018,14.251272119918022
24.866320213766816,36.7811930909312,14.463765287638322,12.688497000815882,10.982108145393244,9.216644827066542,17.35651834516598,18.23210169680648,28.146381441834997,48.50453581716395,9.774795674999323,14.38929385007033,14.0834258548304,3.667970999999999,13.405349955981572,21.223729822715153,14.788801027567384,9.25373595390006,15.72113945629098,16.244558611594865,13.87854389997412,24.416361373021417,29.52353899292813,33.62363663032368
9.412003132444452,9.41052412304353,5.409856030101558,10.2596623916019,9.403581660011977,10.579427252393906,6.014784348035722,54.5266346505949,73.30633468214015,74.12749914636683,25.019878763694283,17.509625843962933,12.16218746535271,6.362681235298332,5.696349094874123,8.859583788450498,8.965051101925079,46.42010310366779,17.29629544664934,28.058300932282545,19.73789499642084,20.4743074886884,31.53764547683153,29.298819078703296
8.924942020089043,9.2802689744034,5.386582447564567,7.921180260680109,8.820090347573476,9.702099382330823,8.949045815836582,21.74462653275724,10.653086173039329,3.1601137500000003,8.066005497350455,4.071,9.036234854114804,3.4603499999999996,6.815524359488595,4.824772557188528,21.880595206564635,19.43739029253279,17.88510748970307,33.75461447349181,21.25030697263458,40.09194496279412,13.534319597348798,31.73260334192396
2.68686,15.63160822983499,23.833533645135628,21.40757403539235,10.95807487431764,11.800703329616764,25.31317086346833,22.386948596879805,25.32446053671217,33.81437672397156,29.295760337300862,15.60060100924442,44.070546915090596,8.013043825378881,7.367500152693909,10.683226113257716,42.92355712775981,22.64267031227606,9.725806714403175,14.543731126926506,18.27150296426741,25.238523830326777,28.712857510012128,33.29281801178986
4.17956,12.554619650575074,6.644901497981299,10.775857704984396,11.457444916262164,4.597516000000001,31.114358505957146,29.04407761750113,22.61671194239881,18.625636957805355,6.302625312355738,13.59586360104164,18.48313265939018,31.78035923411005,24.270298674038983,36.69537569045937,13.577787200057069,38.65776120267003,20.5496317053502,18.42864101229662,33.388723902579,30.99270142885265,26.354850039670183,7.215840745822633
9.26364729385802,9.746968022233226,9.746968022233226,3.858629500000001,9.26364729385802,10.190012023243822,4.429035600000001,9.38178642972652,59.319955075238745,40.066074959817854,49.76147490501977,9.534973679859194,9.490661575367584,8.34732755927433,10.91105696329562,28.156881636562105,59.32825257849524,73.09250725786164,21.2254368134193,21.0106256179889,30.366069332921214,25.15463785811145,30.75288268974846,14.786769690953571
26.97716720708017,55.91858415570807,8.42423779524568,5.240138298192573,6.385134542373702,8.04279639570736,15.296488125953957,22.62316748620549,71.8619361899323,41.44448598004722,34.89000040649197,47.62852164144,33.421279692932636,43.353003836041985,25.282593064603944,22.184287641116367,68.40539520121435,18.974270549444963,25.39142141957334,31.784665088506056,28.80763280827093,33.454890504804915,60.22520012366457,30.44844144454047
9.063528033065722,6.950656532073365,14.652356055061546,12.207455648115042,10.85704237255512,9.547747072976533,15.94272613288548,9.779017392173506,9.540531355096144,6.145909169758588,10.34903022353394,11.8960645911049,10.970435038420787,12.91300800344642,5.85867986183401,9.959432671298835,3.9952567865128814,4.761310744602924,17.37897632996737,16.608688925171325,7.260477779583295,11.949482711438195,5.202378205670417,6.681599952268619
3.2839400000000003,5.758762892754646,3.455276000000001,6.020524842425311,3.28394,3.612334,6.910515471305574,16.74711657175847,13.96560222384953,4.63480900059436,5.140052829896708,5.970768438768901,3.364416,5.075153172953567,4.229294310794639,4.711715094071982,2.0554479000000003,5.453940009683883,5.572889690117156,15.889328201563613,14.488174575568006,22.40125374599664,21.981885582934847,36.34333208354908
3.806385,4.004979000000001,6.363474886032638,5.282890275328298,4.9271578384039385,6.652723744488665,7.636169863239166,4.345043761024929,2.9161073327994407,5.290521233247726,5.679795766045659,5.239230025118972,5.047902417843085,5.608081173040031,2.9412975,11.750049136720135,21.1821695711785,13.798390499947663,13.957111139167218,11.241063591376095,22.910173395088545,29.72797887309288,28.72244136313094,38.02414145605108
3.657115,3.847921000000001,3.847921000000001,4.022826500000002,3.657115000000001,4.022826500000002,11.464541198812448,33.911278110244744,3.33450918,3.096911475,3.434508,3.98958,6.512424399991624,16.00425866456598,2.8259525,3.1482990000000006,2.2890215250000003,5.428375875153031,12.373250984226257,14.933431000038334,11.205457679502262,21.68230213731187,16.163701198927903,21.093234426720024
6.084671601009734,9.805999289614135,8.843233784273439,7.135271330041776,7.148228941740061,10.97067479702634,12.757472238744544,14.876122814076414,9.18889823335163,18.049564381510315,9.611790064918363,7.887295979086972,7.097458857928713,9.369217966470913,7.807681638725758,12.54058297648699,14.96969607925133,17.09652578541152,26.433578993931462,31.015929300769987,15.203177299544128,22.96471538609072,23.209166932200123,7.187076780713001
7.763117766451487,14.264503866631552,10.415448868886942,8.539429543096636,13.557173096385355,6.543336865476854,14.45717749717083,7.099567324906278,21.613338602923157,13.781140103221892,7.2905801632761795,15.118411370047296,104.97225333431702,63.474216728450855,22.213877703425382,38.02045176763166,76.10014213991005,20.29617509118484,20.95859455708913,56.23050615760886,25.401644736269287,37.03988501307735,37.67271206002325,33.2682194154857
8.096607626959244,3.2196890000000007,8.519039329235378,7.647125232915355,3.975775477628953,8.90626838965517,10.222847195082451,8.741063583949634,8.39611175974234,4.917690333849189,16.443721248674535,8.832662865773719,7.180050742283842,7.654208385558862,9.889999818977927,11.332360827766808,2.680589173324753,21.074690024152822,28.05253978106709,15.942249640798057,14.235671241609476,17.903428715320853,23.00979758751997,21.46118793227779
5.646276716507819,12.393182953724628,13.918779365147996,10.9058701193833,11.77864495601927,9.856485423248204,11.313531094510983,19.63498802263153,19.369206537404136,28.18495938896082,18.352663198469298,25.35709371581845,27.678191595354185,58.14266713472232,25.770415084229754,42.25280397800156,34.20009719991214,53.8941245805614,32.32911222001519,18.58538365063853,23.126156282242988,30.22530379095528,25.24242487029112,34.56064888867102
3.507845,3.690863000000001,3.690863000000001,3.858629500000001,3.5078450000000005,3.858629500000001,4.429035600000001,2.5201578600000003,2.798284446466614,3.178936441166535,3.2943240000000005,3.82674,3.5938079999999997,3.252729,2.7106075,4.6496872360150086,12.683354443713643,7.268949926986965,6.070416073689829,10.100592192246015,13.63570799972578,32.92809631942895,17.52738095426029,4.172165752788754
8.403094288472552,16.973980226080148,12.750355012481185,10.34697505399766,13.972648001044256,12.43503413896962,18.777633755511044,21.03832946021327,64.76631816840616,64.35092971173894,44.626307043966754,20.60840200660483,16.527632135987883,29.594039764446844,13.48976511757623,18.980577798338047,24.95829648572617,46.24689817271202,20.38842346282235,9.522050007622925,14.001010939713442,38.89074286466602,11.454384380475028,6.188819338323572
3.88102,8.321668666232439,4.083508000000001,8.699926332879366,7.909023938981242,8.699926332879366,9.986002399478926,3.801110106987138,12.625509096859032,20.38551477260552,17.280647950706793,53.700265643880094,35.80256187497954,25.669627792374264,55.05907166146578,37.30025225000723,49.432043086078615,14.13454615887918,11.759868193274768,17.062052570894213,17.498328150087428,21.85411112404869,22.40083132152789,26.204544704795698
24.6271513709894,55.14668786289762,52.06076625170026,75.47249218307441,12.938382927293798,9.930888855610467,17.97742737205384,15.656717814689507,27.219784328344076,9.586595149042685,22.912900541887225,40.38602574435625,14.475395774441319,11.82618995623594,24.41351282972098,29.066565626569894,40.595775577615946,27.36968548007568,21.141197504533288,18.29753409011533,16.701154473078745,28.940121181450973,23.464617407365644,19.997962454565524
3.507845,3.690863000000001,3.690863000000001,3.858629500000001,3.5078450000000005,3.858629500000001,13.623410157914371,50.59880593496701,13.557452698461256,2.970506925,3.2943240000000005,3.82674,3.5938079999999997,6.549214121855981,15.632570661723673,33.224486453726875,38.196204281797286,27.794949259292387,26.486234268330637,28.414440305104453,18.787925353814675,25.33199138637496,26.02758860758985,21.285966158080463
4.497154428971585,8.114796685640332,9.415953652005136,9.843951545278095,8.949046859343722,9.843951545278095,6.614979303492872,30.563686124594454,37.819287778813965,36.80835287280464,35.56077512316235,35.75785581028447,21.230021268993948,29.566677679651807,23.65056776970795,9.362900975240558,2.969614281644247,23.889183617519496,28.452594387287217,32.242162836783805,27.47776132945104,50.146251034184864,32.811133017422634,43.21340538102359
3.88102,4.083508000000001,4.083508000000001,4.269122,3.88102,4.269122,4.900209600000001,4.053921829403155,6.942493734741471,13.271350675386918,28.3476138194825,45.24265534282311,40.42801784264812,15.721280191834657,13.770906892067275,19.231172557010282,16.41572479773455,16.108435064835934,13.142339063218104,12.338267444244874,11.502137398200018,10.955155256372262,1.877616,2.34702
3.2839400000000003,5.7286948093813645,5.7286948093813645,4.404586009329869,4.604360015549782,5.989090027989609,8.956584172182454,10.256617073057877,26.445711835931025,28.79292195028876,12.033957645716916,11.4684337267189,40.486949094365,117.3700583134985,27.709236800819525,19.00874264609809,64.8596766072841,24.31367041734784,16.811260629361225,20.379146753434355,32.52862705097784,35.34507107799926,56.90097972545336,30.97165194298579
9.559218381838049,13.70212529380619,13.865443439757222,7.348313477902891,8.784296925764243,20.631446259744084,32.28938295296873,6.727182395165499,8.634201693826908,12.627464613183482,13.371881411075298,15.076967790518449,11.599369598666275,12.565799370188802,10.911883781697526,15.898741222239002,22.51053432862868,21.693149313313807,16.635075545434212,38.04750768686683,35.1760474852438,48.68233238156949,29.563153373063823,33.15077417864104
11.52342953298283,4.529289935588228,6.231535871176456,6.514787501684475,5.922534092440432,2.955546,9.833713045411749,25.521412866597508,44.51512101572315,36.46153888347485,31.62044390199876,66.79630083484972,27.63880661649282,36.214029674223006,34.08050120162939,10.66073035181227,80.39212851186743,27.90705696004618,24.599483505025145,17.771589657515413,23.533548225918658,20.937190138900085,28.467639359267825,9.74830732458473
4.104925000000001,4.319095000000002,4.319095000000002,4.515417500000001,4.104925000000001,4.515417500000001,5.182914000000001,27.56110177592803,20.728566660057133,18.26426550382373,33.38013492542496,4.4781,12.243838467820323,3.806385,3.1719874999999997,3.533805000000001,2.5693098750000005,1.8314040789000003,1.6393642650000004,12.585954616703797,4.501137609703436,1.7873460000000003,1.9859400000000005,2.482425
6.08772007897777,8.413056514022786,10.707589379178664,11.194297987323148,9.631445939936484,4.897369726696507,12.849107255014395,6.474006336176118,9.686070775151132,8.386921346093978,9.557187214473515,5.749022386895232,9.02965004856445,26.9183608587176,23.784958631967555,16.629966454860345,11.221321812595512,21.359061871959412,13.889828260877945,22.42230692216941,17.293812997512887,8.985895962673192,4.9233994741227205,23.592930941884177
8.87305323452826,7.454555817901534,7.454555817901534,7.793399264169784,8.873053234528262,9.760358557981087,6.123307994709098,5.571794178072857,4.951126768494087,5.242512498745072,8.147842664763788,22.32081621249471,24.919242034182798,17.821529462615164,12.771798671199935,37.70052704985195,21.850411524160688,4.128008120478315,20.18835985488509,27.506593715568464,23.43674360024579,23.885390046232857,4.292734054965452,2.52732602585031
8.881337888059434,11.12598180816049,6.842744736291763,6.258192654732473,2.910765,12.825822831597849,21.60550644067419,33.7469261555475,20.94389979957897,61.03250416571795,22.468101904819225,42.65463436795847,77.21896745344368,38.12071414754907,97.5691217908258,103.20405582996551,26.684910330886336,6.13774693705416,17.082966445651174,19.606057124416164,13.05397389915751,26.26428807504192,1.9333992953636183,6.230601797578864
10.440309265761,9.976063562089625,7.352774084319064,8.499833960670989,10.440309265761,10.42952099673006,19.242104874331883,14.25917971814498,12.80295914696147,28.072631932392152,17.116658069374594,19.97293964529141,20.182721698685405,9.282949273681766,9.792691415720629,19.693285215262964,9.76815318459078,4.388926838453187,2.883573881939763,2.4650868737842893,3.20867247133054,5.778868650080479,17.73634706056802,16.282031419121008
10.201760050357468,8.013359422613558,6.501878106223729,11.221936055393217,10.201760050357468,4.269122,16.149849614703395,15.782028576947518,24.03289719836784,3.2865183,10.50602309677445,6.85839204144189,10.15741658104667,5.197232144966433,6.3291119686800705,8.782384739003389,6.385374358791924,4.551494842946884,1.549944396,4.190634638007361,2.179413909342978,10.3940679673984,7.272112039261933,2.694513074992704
19.49450307733257,15.576680626325182,9.722521585715146,3.2018415000000005,9.240413077332573,3.2018415000000005,12.05481269928937,18.74122538367678,21.94892692357869,7.824949801395717,8.677953150886243,6.314048468098796,12.094188586405961,11.500008655705658,12.366889799044568,20.690185535469002,24.23028106468059,15.70621245990317,24.89407734248577,7.182612615436005,12.60188374359494,37.02781199176191,20.895430578471192,14.279002344229818
11.084522341190729,5.898240504014929,11.727877162003177,7.772374361609371,22.86253951840904,52.704342835131726,27.949676078481698,83.14801420478109,28.185793928096736,3.6381362425241415,12.468604184299602,4.25530510476527,13.103012589257837,12.311172313285716,10.259310261071432,6.7130590467532265,5.432420059426118,6.688851707471306,18.134490074330056,18.783616444992127,22.122943811071604,27.615597804801727,27.459536925307013,4.788334470114235
6.368172486752311,10.682465097424409,11.204575492072712,7.004989735427542,17.40636357638037,33.29527135974482,15.325088011221132,8.036042437124816,3.898330912746524,10.489927440842497,13.63309529638478,14.03724163418782,12.82955301657461,11.10152394189419,8.312869403857466,24.939094560721912,33.4917870737477,39.41574639222272,22.401296056315765,32.242511452784306,27.10350648616006,25.133189484728096,13.691262070358151,5.3395797103284295
4.885916754851582,10.910416019652072,14.186982752830971,12.795240476384471,14.394617556119634,17.614062512387555,32.124618574019635,59.10974676089757,19.361262802754627,71.50228782748783,29.542300488205537,34.76961265085485,127.68236278626323,41.61165411949558,34.98694545855493,34.81655480394628,18.38737582796538,17.80056426485807,15.203534968962982,48.65482927643076,17.653412620361433,22.07105192023069,30.703637027922653,31.754042682895616
3.358575,6.2496676364668415,3.533805,3.694432500000001,5.939766761931294,6.533743438124423,9.344367163760207,11.153251365179509,24.585599430611506,36.3926792077183,29.618051047279543,32.58509374330398,18.08778807929794,11.726490887710824,16.406131200728364,45.13521096460986,44.83612051941032,27.358205089290472,27.195823021481644,30.572753480512,25.893883315619444,30.12513415331405,33.240608605546925,24.204550758679577
6.606632146389123,9.260771617829384,12.538277900692329,4.269122,9.528464904037742,12.232570213781225,23.663756009825786,21.20533960278509,21.502532777084053,39.46805731365525,25.15388624675808,19.0655418206483,5.028099052193016,9.859723277182205,9.208239404903642,7.783105756775427,3.985294944332039,12.064347373086171,23.963525137084428,28.46788256574837,18.83991700176714,29.99571309375411,44.208993168743056,38.70540017183081
7.69441719212141,10.591133306619216,10.84066013271879,7.542813029066839,9.35320991999128,14.202975911623923,8.321654087153473,6.890972074778382,6.3685700406747,9.976123578161666,12.109737684641935,36.26049694644946,15.416439277774346,10.614023578520928,6.0316905125671365,15.96256577617888,14.145428542546998,22.10561654680089,19.937870725770207,22.39019993481222,21.550134790631944,20.507601057206447,13.408477256977974,6.7282913916699885
3.731750000000001,18.10559947252187,37.296668934111366,11.091368612290896,3.73175,4.104925000000001,11.783875588118924,17.978272473191442,34.62307523933231,38.79926328845368,23.202465571623403,13.933817970399945,52.768683131666734,18.254694679472472,21.272004579555258,16.23473817066872,35.234449616153704,65.36455890100558,44.69087558626849,56.33616731399835,13.4225580139202,18.240204481032887,14.919779824031483,26.10316685127347
19.275862358033866,9.323418206895516,8.543149698891298,12.466327471466066,5.89478991827309,12.466327471466066,11.29539847043712,32.702084187471925,34.8878379569359,36.003819494195525,15.17869098524042,34.11126127080125,22.237931118310218,13.103149484815994,7.420250761693828,4.296600013097811,7.093443358763959,10.803238512581595,15.61843279495542,34.53679668194006,25.062000014661795,27.97140179037825,16.928189912066745,32.891354555356045
3.770874374099516,10.924554428174275,11.272571635663464,12.853219801376431,6.365539434741363,12.853219801376431,13.263449525787925,8.041506302505175,14.890927046533292,19.6019702506208,18.28146757115093,12.87015519938589,23.41038688633577,17.556862189950618,24.33363811624659,28.7818456301995,23.268048599474184,35.67103882739943,37.48091771728109,5.7083177536918015,3.531044496499079,11.704073239459856,19.694375684595585,6.346103209938306
3.58248,3.7693920000000007,3.7693920000000007,3.940728000000001,3.5824800000000003,3.940728000000001,4.5232704,21.169996663249787,20.48026992707985,3.0337092,11.910030897445113,6.198361194578152,3.670272,16.45475983590901,16.629650424995425,18.04048409666262,23.614773260622776,16.607707939840818,27.29181700082594,35.1647194922154,10.873158973750437,19.19276622576476,19.216580926526547,3.855833269864565
8.823155555874397,7.187347579822671,11.35036051311958,3.612334,11.84262139639,13.026883536029,14.95259675439851,13.354762792935148,8.856625934780775,5.784572810815582,9.971563605157252,11.08209422739086,6.187640504237131,10.981339840288909,9.15111653357409,8.238985412976048,16.929985572801566,13.952816700533212,11.736214354279042,16.692914187743686,9.96461084717042,12.66430623430854,8.29987687828152,3.6524266865288624
10.05903758388191,10.583856936084446,33.752912726887224,31.142375977356124,10.227100238454344,11.525045308304293,13.513320031959738,20.673021069266245,5.063803213518714,8.045903912818297,12.938852713973375,22.77224920531823,36.034225975552445,39.62403957728348,4.09639502486675,8.65951931134182,4.991735870269806,18.157680010657444,53.40579886173722,45.68487155763232,27.32731791592733,30.22767578529374,20.31024793154309,3.0071533141192344
3.657115,12.311674116498184,12.311674116498184,9.575949088388256,10.952235475030127,16.216397508669818,40.98559240585926,16.449397990521707,4.811081183107224,25.0453367846293,34.957273337206125,28.53772240167677,19.1354656311936,23.044266926485047,29.807876168331326,9.14253466244985,3.851587723033747,40.75573337721333,13.028995144156667,17.493207028772407,46.573684240662,35.04514022700163,36.24331440935012,29.23557700558797
6.3397826097336685,5.1807084381642365,8.373234377087597,8.531326556060552,3.5078450000000005,8.753835939682487,21.333846804535757,49.19942408951346,43.965691459251424,5.044108196401576,19.7084362988016,33.798354647892545,32.60909312360489,21.034512273903776,31.822695210783124,24.546260208904563,45.7675141618282,35.75901515212303,62.20392152212845,40.91643526403196,19.994763791525266,21.04897654920823,11.252272521167145,4.812565212976716
12.93405024052514,8.64582079776445,9.973574232466625,9.970426720518958,11.107119927044954,7.393853020690772,12.409257533433056,20.12819901143987,6.781699668386459,6.704986386136578,11.460469882038014,13.711270012177206,54.71201630761822,96.19769856380312,13.932087235292128,59.97372198221336,14.874722702023934,13.928442968322448,13.320015116490586,19.122650066783493,11.01583911262215,16.301640929382014,10.81701071801548,5.612130477768414
4.121124906972004,9.319801394441258,9.319801394441258,9.187788207497,7.847406985856162,7.798686899858946,7.994868236664755,9.56642847519888,6.000663710750014,11.005768823568925,3.811882420908949,9.111856073550744,9.074727728922513,15.898052582619748,28.342217572931837,23.88395545053983,47.05838659673632,12.200237603469567,6.997713335116166,12.50698382765317,12.06350742677893,23.13877163170193,26.770710784654963,11.091149749638443
3.358575,4.189796746179519,7.469755477077104,8.723702554042964,7.930638685493602,5.523257974197443,7.65172308013349,5.697646679960708,9.735125003581471,6.715809032306628,3.15414,8.651605838720293,5.995847101573715,31.972527693647002,39.048930314116916,9.333843090416824,22.862960307479124,14.18548585765887,12.175898427731903,23.78914420713784,18.44998543081716,37.50894520439483,30.563164621458764,23.866307735991764
3.470432156717256,9.48348971457052,5.2460550202142,10.160643173647138,8.514836785261652,7.319243231084177,11.213329704290349,14.69988922119214,68.03338080287305,82.73251817032018,13.109138546159684,22.712012983234352,27.080040836463432,18.87199673637847,15.261990889117932,5.824397820109428,6.569120901079682,15.712955135513766,14.885304911968486,28.755914932003016,17.705964128284343,16.5494402229735,42.646822594499405,5.37077211606694
3.58248,3.7693920000000007,3.7693920000000007,4.009657752679273,3.5824800000000003,3.940728000000001,5.401923627642438,23.23465983575612,20.318429114408985,3.0337092,9.397649940260802,21.49031233023757,8.370678190006805,3.321936,2.76828,16.959672107389558,47.47777518007605,14.216320793823227,14.596506054751243,42.15359871110837,16.554856069837964,24.286306090261547,22.00072339544898,4.361222755006373
10.16805101771918,13.706862088935193,10.085667967257963,11.356605564638318,6.636829181948407,23.4868136804701,86.44370297771103,37.239143404721005,19.64729989498645,39.71088095252044,33.554595611709324,25.009400494598783,11.584185404301486,10.4847604006525,9.534571180425434,13.462191116736923,59.09914319127865,34.00444636939724,31.11587431427376,46.81247737498922,21.674185564167484,45.78503188919896,25.87040264686967,38.00945872604459
36.69738587106255,73.10768634307362,8.155738598537782,12.669300111076696,8.03427392784939,12.030700312669632,17.02719058395993,26.637539397238992,28.893003089293103,26.56118119402409,7.097766309173357,8.34244772399632,15.249354914085208,7.187589313361993,7.7036464611783915,4.5071907623085465,7.2089364681622365,3.411802503235053,8.393967406953248,14.282474225763806,16.522139075648926,15.67228433130832,21.730809964697382,43.02115299459242
25.28128260063352,10.89111788279824,11.90006176203722,13.912032225500864,11.836980193208746,7.969672139025951,31.404867030677323,32.32449427380702,35.73837497582607,10.709965304176905,11.737919190291084,13.502394268935983,5.78941503817567,33.1287711954629,24.70094598674783,25.4415702361717,24.423664931435017,15.38422274273252,11.66307601927274,15.687610662795109,19.92879093755884,27.407284047189272,36.74611527083089,18.763313411199363
21.458741694363965,12.730153308508871,18.871787884290782,12.877817432139585,16.17564470136739,8.559301636993013,46.88899391314411,74.4420851826171,36.99846090013451,36.02040242421044,26.697726449697026,16.969242391256394,12.448396775075242,11.592641368169566,11.666245332684808,15.03640569822634,8.229136176240655,21.915949477318865,28.223753319057888,26.75057325619172,23.88787518408752,23.46714550338796,23.4796251727266,39.11132061206458
4.661925021297454,13.312969455209563,10.108925874474862,15.063431795015958,12.392520535730869,11.913781542449556,9.501437795053532,14.405210863592952,10.309678492633887,5.362766805880737,12.476715680086842,14.938940623156324,11.096127113916364,6.977953001250808,9.576038595792033,11.788772709142929,19.7218614135048,23.504002930533314,15.78241533350535,20.04674895075004,19.72283132958132,25.59246540414705,11.94495695781144,2.717700787649365
3.955655,13.13520154456362,8.104719995680671,13.276352226717083,9.214794801104896,12.15451421989413,73.66600314317799,44.18241656491034,22.80927902684648,10.625463612942047,69.17782273899677,100.62099626011064,21.360641833524173,58.79241889387131,18.656812998571937,8.838748128470886,20.019726089428968,30.16914080300888,30.266680570690816,50.83660945948727,17.028852009437195,18.41414260264624,22.27712613623289,7.260403713825413
3.955655,4.162037,4.162037,4.3512205,3.955655,4.3512205,4.994444400000001,2.8418801400000007,2.67977646,3.349720575,5.118154031703289,24.95724320381184,13.350044734652121,4.446495633924901,10.420678341221663,3.405303,2.475880425,49.610877781648576,47.78473372221547,7.922868419735846,18.907884711801,31.372315345707,35.043157023042205,9.63369718679021
3.88102,4.083508000000001,4.083508000000001,4.269122,3.88102,4.269122,4.900209600000001,19.854236198765093,4.876795338653444,3.2865183,3.644784000000001,4.23384,13.488686683516,8.831362745995486,8.369217331367341,3.341052000000001,2.4291657,1.7315093109600002,12.106019558477714,8.248800033755105,21.144445555091394,22.9955383786178,21.752453232159024,24.90999519212829
6.536333125693042,11.6126274165512,12.774375344262806,14.7954634431892,10.631527355566345,11.884875898955867,11.009068670757683,9.120751430366791,7.616038929729879,15.64321030377489,22.10632505372682,12.799493759220258,8.754695189780175,7.404772229609452,8.107535022239745,6.474097609274003,7.324101804057038,7.219933362701797,11.068982268448648,5.246100268553187,6.574459716658547,17.583828264970176,14.037898889594334,3.321382771899892
5.319663179736008,6.7395975888312405,8.795893765714403,3.940728000000001,8.359733744274019,3.940728000000001,10.555072518857283,3.2523338500425614,20.078511145117684,22.63095548955512,14.89089651747896,97.22196781575788,20.2379357692477,22.413095992915558,16.37099402204501,15.615348958022784,16.6490370731206,15.070380544273696,12.199267365940145,3.4339750808044296,2.948362443114914,9.834380718972804,17.418896512743107,8.139561097293893
8.204605457877177,16.277649960471436,16.562682039145827,14.050960861382643,13.69065060852184,20.243505325558026,23.14032184568377,5.534075837031559,16.004685693943642,11.463617881202405,13.63251171240974,20.847588872433544,28.117908434889028,28.926767307592748,26.964687346800098,31.922096137894897,45.728888467396494,32.82291786182737,21.201691587441616,23.21368830109523,24.595868428783184,28.223132886297748,15.403454078148256,10.21032929871995
13.956161933395569,7.196117425613886,4.083508000000001,7.523213672232696,6.839285156575178,6.076950706795945,6.35276066528648,2.78825976,4.633304816981657,3.2865183,6.42298084269669,4.23384,7.0068881920327515,6.341882599733347,2.99897,3.341052000000001,28.54247107562408,23.00249483668212,21.59316021153277,56.29380497973522,15.618669552523944,4.545781596880545,1.877616,4.136010391130444
3.507845,3.690863000000001,3.690863000000001,3.858629500000001,3.5078450000000005,9.065224896718457,46.333999038619446,19.978916530179248,29.97839151699393,25.31012005742684,6.932626955378061,3.82674,3.5938079999999997,7.419599221565925,8.910394883160379,20.920589212191672,14.315186303481646,16.702781025010772,1.4009112810000002,3.720494282275079,12.02229477658391,22.629387926410526,20.614914728529143,9.489814550702398
8.078027955630466,3.847921000000001,8.499490283750317,8.885830751193511,8.078027955630464,4.022826500000002,5.598908598600084,21.76031701789105,4.111147858282225,5.309103435173848,7.208884278324823,8.81239413341505,11.99980270844869,17.558938885210637,10.246913932555833,6.954128413977532,4.175673531168331,11.129245851900414,21.86764002139462,45.80698044338332,27.07794890865331,33.7329105843891,32.12537116140541,16.217674822352564
3.43321,8.213033121900637,8.213033121900637,8.586352809259756,7.805775281145231,8.586352809259756,6.585255600000002,7.202919567201906,17.29091982500857,36.58323539293576,29.605153807934247,20.8159506093206,13.040769346121325,22.232983571102572,21.351326657621687,6.719754372464157,4.885705710062265,3.609879673957221,12.197408767749687,16.03243913791566,15.994386238637125,14.204194994458586,14.644054669248185,12.56731240652974
25.323079007469744,10.249517194840966,4.240566000000001,10.715404340061005,6.885783336391365,7.288812336391367,46.83047357661843,12.027411180108608,12.701555993142602,56.9487323876623,9.148329397048132,4.39668,9.979995705870687,3.7371779999999997,7.988935429377625,42.55239012958655,38.56475355716386,31.90135882767757,32.25951642812294,8.649794838885379,16.96678043612129,22.7379228995174,35.02435664659106,14.627562941908751
3.060035,8.403841669885125,8.403841669885125,5.090519036883274,6.19545415796959,8.785834473061723,10.755434003862147,14.934814998877624,13.347496874577322,9.365800488727295,5.608013302974725,5.53708538351114,8.182854097799488,7.406240630184259,5.133514094051068,3.598286331176987,4.999212425374376,1.3652284951800002,3.0108963339076955,1.3489845763323962,2.8103764700791323,14.179597884542886,18.183560067853616,26.148870058520373
7.747170428857061,4.62693774377179,7.322092300116206,8.521887471742767,7.747170428857061,8.521887471742767,4.8059748,5.565836702888439,12.342489180399902,6.226731901620287,6.165330073231252,5.442131594898673,19.374222923762566,15.961749194157473,21.72030085664109,14.764110186828264,4.849024400243715,7.292862916810414,10.586178764453043,27.17135345754413,27.76590823997338,34.04204241200136,28.19633009510411,3.0168338189112216
9.980841796161664,4.670657901121192,12.133921381896656,6.77911307422826,11.53223932990178,12.685463262891956,6.311616349620265,7.940527812800754,11.134278295374823,2.591293275,9.684237014284186,4.93573019377831,11.06471234501849,7.81639377060907,8.911275845833192,8.457002625165194,5.079466663204171,4.818419439337358,5.30369122311216,17.839187270626073,42.63327643732979,26.5980012793136,26.47164299333356,26.97245734615004
3.955655,9.657369351381588,9.657369351381588,5.656929633076203,7.754081568948956,10.096340685535296,5.294189800984452,9.361196747897422,28.02923326524936,41.80392732528796,7.950947369284379,4.83322725940213,9.403418992780267,8.510964875409917,7.092470729508264,7.901484014766754,5.57994852837593,17.12689018286602,36.93008073508429,27.014922435827422,20.59782457825546,26.87461435110992,16.33277229538604,14.864757682362212
6.432454798222825,9.084675791882146,6.427190119167567,12.35832122518833,11.633737752012406,12.797111527213648,8.121673362625689,34.793744038270376,25.32777268423629,8.413147867067979,8.039193530300755,10.11220170279556,77.60843368483738,33.578317695110975,29.315699922791275,66.95977346414709,54.78600629134851,52.736281560728585,20.487005032149685,22.43537060856322,19.66743457775641,22.260037308742167,24.22596015754971,7.035422435011457
26.204849263019167,5.563026458390997,5.779770064878887,8.308442772019486,7.553129792744986,8.308442772019486,9.536647355709324,8.774100733256649,7.500509082446221,5.872804189909692,3.998060413246016,3.74532,7.738226254069172,7.003811262363533,5.836509385302943,16.16583898151938,30.50795974777676,26.123043150274828,23.26014524546145,25.17439980760004,21.58302802000657,21.579901778133824,21.24147802786935,23.148691545224786
3.7626792525573833,10.213845404788431,8.740380709064949,9.665910392023488,9.907699615505658,7.110165904369896,20.782827108577347,5.291116595839063,7.068119398812739,8.254467768162586,17.064838952841523,9.628072131120671,23.162221549115152,26.713722159695205,29.030005130877747,40.36770325884118,39.095744429043954,24.46032004035693,18.43297111231393,25.30028982632519,21.1810465231794,29.931098830618662,26.79919308856181,5.434570112268417
3.507845,9.21029467569388,4.945279289930427,8.055222179039973,8.753585848799966,7.268361051719977,18.96817513416624,12.212558252517644,17.260137213132378,10.202231497281009,5.981470300412948,8.769008237712367,19.79487273153547,11.595090728845975,12.88462979980465,62.18581275567059,45.78318163774712,36.57818805234977,26.82767139954162,18.252295901068152,10.083610618638412,20.120922128680668,19.934983589655683,15.251242640720502
3.806385,9.799741619621235,9.799741619621235,10.24518442051311,5.80908282496301,7.766845862121382,11.443611982475236,7.454769565397575,61.995412369270106,55.379714664293246,5.292336454440908,10.16051347488903,9.542047437287092,4.225949652771227,6.423260763856143,8.017970416053737,5.04615287184995,2.1449608695858,9.848107225806295,12.411786435544183,10.418824477440458,12.621861107865996,10.33911305697984,5.632458556731964
3.657115,3.847921000000001,3.847921000000001,4.022826500000002,3.657115000000001,4.022826500000002,14.592905421835912,18.315564246388178,11.82718098,3.096911475,18.890034666180952,13.572688108220287,5.099139034523231,13.350056935394116,2.8259525,3.1482990000000006,17.59270525898942,23.71265823804423,39.37936568986826,24.008546574047795,13.809003777119395,17.276061054041318,13.422553557683402,16.524681041614052
4.03029,10.520749971833869,11.843078712701306,17.124012739274637,9.75792616777676,8.351695378155977,49.11121586453414,55.81933516066462,31.64384202343748,8.893084170362147,23.226134576852683,92.17435851741044,27.567998686334825,87.95330725006966,34.331398176392526,73.53070226810685,19.014574732653703,32.08214280664215,40.59847214215683,54.39147722725296,41.58225248232213,45.161492143923866,46.09875489666431,35.6921360290379
7.996724871873745,7.366696406253013,12.168307706224525,9.357113822332671,6.236792316357767,49.6467444172776,59.59344543444588,19.596339516338105,7.834707992547168,5.8934839786593685,16.898921040811,7.346674815940827,36.48916525365083,29.508907491616306,16.337727669758006,60.30697521690777,40.06362480223866,21.969236120176213,43.9989407220212,12.67551124573454,13.586360988105428,21.470755784583147,24.39941924791126,31.578638165282666
3.657115,13.016290626298693,4.116491446024845,13.046383813078496,8.632528122368921,26.772997591234777,12.074418864030491,8.157507716760465,36.15651894447742,67.85593703867998,58.26953715918235,57.4467166620849,85.76188739317948,16.691967091097165,48.47759416422875,41.61540169062451,51.58488612914108,44.18595429163008,44.52945883431489,72.10162272163197,33.88833849684519,38.71756884814762,25.735769976674447,23.664632902108675
3.78994,8.983274517251544,3.455276000000001,9.391605177126612,9.31101002973797,4.137722288829692,9.875347845151603,7.645569625352571,13.03967800543755,12.537903529953253,11.66630814925147,11.908681319450285,31.936989328745632,24.49159860793058,20.524285451003674,59.15076754884306,17.984156855957853,26.68585103907686,22.208672449828452,16.10387878850606,10.387526749613327,10.746666231482711,10.045857559831507,3.7189850921511214
10.237280078023725,9.253394668539958,6.957711936551905,4.436620728012615,4.606493761227413,6.643449160694,10.882309568331358,7.485268474582968,19.382070336576884,6.015481249308373,53.35027040691832,13.521030602113488,8.830123466414625,7.992079341129901,6.66006611760825,6.926304203511171,3.421405015131341,2.950243516387664,8.886773782260736,8.65562089864275,16.062007912410525,8.298379536875297,39.16744118755175,16.330961121491388
6.153134777998346,13.032248169561072,14.493726931918502,16.58385505533577,9.280605839879216,18.586608084578856,37.77370581072408,15.665835250173588,13.24887008624159,27.96712558073288,18.371030082720523,10.10423409280135,13.963477921003323,11.195211572124574,11.08277145918907,8.503166633246796,15.45182191914593,52.67035213222745,11.117150593634989,17.879041719482615,12.211475249744977,24.480567798425348,14.316955141958545,4.783788860750777
3.88102,4.083508000000001,4.083508000000001,4.269122,3.88102,4.269122,7.720983223843212,12.593541348366552,13.84305558232836,24.22449364507978,26.665629072725824,9.345545795400392,3.9761279999999997,3.5987639999999996,4.398622910395647,7.461088550805416,12.948929792732615,6.039086049236297,14.796143502418811,15.398248560060914,13.246984053933213,3.646174724352006,1.877616,2.34702
5.057937587989647,8.046138348431235,4.083508000000001,9.965403125869896,9.059457387154453,12.022814409723566,44.10726972602271,43.517976722645145,17.702504636199166,3.2865183,8.508012154892876,4.23384,22.276484173804366,17.077060548898732,11.510882583591984,39.65685964422206,37.88387949832925,20.162297579421114,21.197944093748816,22.798723888141048,24.674891599262644,22.795132927459623,26.97326952390465,58.43296359018163
19.20526529574869,11.908221510658828,10.36070201717041,10.89749813312148,9.540567954937044,31.74770912825941,30.38906400099291,6.3508397134476064,24.2222737265252,11.144008492401271,9.839536057699023,11.724287898905065,9.367408675805345,11.46877843225599,9.55731536021333,5.2947446178316655,22.719223074505223,30.21445399286036,25.153454676967133,29.035226522380075,24.25873514617569,30.5053726453876,34.61178909799752,9.626159753515092
7.578247122843981,17.38218653500727,39.64314286818638,8.117384567116794,8.432719092626769,13.55767449988918,11.885985087280988,5.08397403919556,45.205408653337074,60.75160550341595,28.20241828895291,30.32877477212148,35.06006776865717,16.260056739681374,10.05236043545714,15.281295505697488,19.992441640602088,50.21153100114242,7.402197600902983,5.06287507695783,3.0809608747297954,4.262268713349977,14.211323283827316,7.6952736273805
5.560719968841625,5.850844488955103,2.827044000000001,6.116791965725788,4.922084420210153,5.414292862231169,51.33595374448084,27.19603374597605,29.180248581986977,17.161909398614515,64.54914160801628,9.225941182608928,26.685829171063197,36.59490178773746,3.5566833172820482,4.787054581872357,3.4805051804976896,1.1987372152799998,1.838184902139069,1.431616586288173,10.391671253308813,6.724802168458161,16.525782005863597,18.077871988668623
3.58248,5.927361483256804,4.4167828449770425,7.099210607312228,4.607961366010464,5.74557520417842,10.06529913187143,4.636654390325188,4.624489365073089,18.31306898487749,6.592231594827251,63.94628161383552,10.745073518896326,6.984965876526131,9.132510266736384,16.8716444228161,23.248376664154424,23.009432566721912,35.74387525301162,21.900354855770264,27.06903122448936,12.964337315714545,2.9238773046610027,3.9029077359639626
4.280975905941137,7.403321975045476,8.518318438294145,8.636297330862762,12.51389187436967,13.765281061806638,4.334800800000001,19.392201801468524,11.55781995731514,7.795253742380429,24.11275382659358,12.87564109397481,28.097320211964792,13.652173419378547,10.981128918878943,10.772828657066066,7.279509245697579,5.723161069166765,14.197700467423235,5.563269679855488,2.7690023582966288,11.042767624068352,48.85331837446149,7.567689552484424
5.910325872384293,5.890201054276587,6.5471803467408005,6.329647962728668,6.690828130993638,7.359910944093002,8.990945779306754,9.24287407376256,4.53273193019678,5.751612912745975,12.221845829546028,46.270706854914486,68.03298723282862,50.5421323068642,5.773300755602302,4.012962640020219,4.090145461071465,2.985099588986551,2.111014213531065,2.1072066404855456,2.359762520937984,2.9132870628864,3.236985625429333,4.0462320317866665
7.19574892629414,7.246310560752164,9.84070265782563,9.759207014943833,3.88102,13.834373753740744,18.540578387838902,25.395134584038807,5.659995615527168,30.149726386655725,73.72151034982798,51.33224575147238,45.71097763912072,63.665500835531,18.319400520230644,29.149235977172996,29.46960451252762,22.04453049163132,21.02595166265291,26.75205046325933,23.24463180095139,32.62346987543383,41.13610796598032,15.542434567296429
3.731750000000001,11.752603017557965,10.1644383205432,9.321632294244637,8.698846021387862,12.28681224562878,12.177137509925396,4.549760758619649,14.053533260861618,7.345060908658068,4.770368516796392,7.746842914939014,6.380482289504978,10.357478091356487,5.159602323132447,9.57217547656328,11.958787452866778,7.31177251379351,4.859478507705145,9.954067295390558,15.354845950638373,4.863511451593482,3.326879328270409,5.124720592955189
25.54390981031163,11.213106347927113,7.040008569181745,7.902522951805006,3.73175,7.902522951805005,17.30160946477745,19.397569274573293,18.19455936220936,12.826566092217435,3.7361870010135183,7.299182438370251,7.478406486235558,4.375001690871571,4.598596920384196,25.852716674605585,73.33017423077315,35.69187853039843,32.43460931395439,2.8497620451630667,5.919608369044913,5.105268641299389,3.47563352246113,2.25675
3.955655,4.162037,4.162037,4.3512205,3.955655,4.3512205,4.994444400000001,8.018065475705832,4.557421574397091,15.208197611886623,20.19525612547909,26.13351833840203,60.82057017190079,10.74543600923257,6.356791200687518,66.70609472754323,15.885053386451396,8.651449592221146,42.21590375942617,12.48114201709072,1.395104796,1.7223516000000003,1.913724,2.392155
8.655939465038886,6.359861562544057,5.5355539219080425,3.2018415000000005,8.394795171173483,9.521533411542777,7.961556931307276,7.072896571941541,11.165789241294274,49.92244065093793,38.6745054932686,23.646746367728543,42.971570393439684,54.54711104472622,3.0564007719476125,2.505789000000001,5.417831201526612,13.276529535643244,16.316494022865612,20.07599440647824,27.664673473958143,45.023710765371646,43.19181813948666,29.95928391587984
114.15044883997884,45.34337433681858,48.799456989883154,21.92883540087592,14.920791495974154,21.468934444847637,16.39667478443014,25.23982107038256,16.440319653019287,40.32997144144476,39.96383667711701,29.023876218667624,32.59443503300387,17.472593149345904,11.996513945408887,37.65807612222618,15.355431874956766,14.90098367150302,20.927321251411676,8.076412775267388,14.449554470490504,20.434556174645422,22.36242863325541,11.537324570585648
9.156222375414323,7.921950826642625,10.470895321203214,12.409958935311796,5.666981948261178,10.071844612955756,13.90859456029682,7.747110674362159,7.426219872629383,9.328345985383145,5.542777185187813,7.3767666691732146,16.489942454350164,30.662269128917544,16.85779242623146,84.28832422282767,36.62625233910512,21.605037899167996,10.39275628356265,30.21618494946923,26.630533946662883,39.15352171933481,25.78893140859853,5.857333878928073
8.661657118897876,15.761738763770971,14.465285840367962,14.876695968308605,15.27716994991484,12.915090375514149,20.920245025730303,31.91685509815077,15.638233209845112,9.164294447230596,14.879274722379048,16.890252355039824,10.418565794248257,13.985823970080016,34.62011315528832,30.364734456120296,33.708549780899325,26.205537175099327,29.59412645683274,21.06465247180484,15.393633917686156,21.83298135173561,6.031626724613152,6.961016307283489
6.491930465563165,5.300015940578885,5.081355377639042,7.141123512119482,4.413751561589476,5.998125114933953,13.946687857389316,41.40559116666815,33.774192869693614,23.095723421676528,14.75732295182259,4.361580851776077,6.651021251675779,3.7073437240096663,4.534732068377635,5.588705357310899,11.215327224205366,37.66951221724114,19.05730441052808,26.721724717986294,20.609897767186027,29.830530055857167,26.49235899383753,3.925950044391953
3.060035,3.2196890000000007,7.456624055904754,7.795561512991333,3.060035,6.466704609093932,12.48803906496886,4.223550472753682,4.801035073951356,6.001293842439195,6.088240083736003,7.291843846306312,5.6103363211656925,4.704476038533536,5.476220897555894,14.68693764075189,30.67594150971768,18.849575544865036,26.23399597489866,29.19577726586541,39.57938914636305,23.84882068434967,21.57106330716626,18.81686546678444
4.967448544330448,8.09755953685732,7.575415041327816,8.465431797526987,7.6960276589966226,8.192790570463243,3.338148000000001,64.16346765592759,31.477456698219815,33.317859318562,7.227404222394581,11.66995454202369,5.894030847969492,4.606346997235908,8.055238429843644,4.276480716103927,31.199472719375407,23.482850090693983,19.07083559049804,18.703238946240717,15.474837955379178,20.49802485073712,24.794556639421245,29.072627292124192
8.385165024994937,8.82265189586424,5.937826316301928,6.459057013747217,8.385165024994938,9.307171527494432,10.587182275037089,7.997615999999999,19.866279771661084,20.370534964595937,33.00704397161484,34.463187168054496,26.683085157118022,11.390229036167215,4.537354100566226,28.297282641732334,31.304908812663,23.43434150805143,16.26384745388116,21.775075228725136,22.361062092862205,22.4404605029917,25.55818501373765,12.681380602125715
4.254195000000001,16.13950948810277,13.75526926156265,11.148722570202253,12.040334394589925,11.256121190093763,15.045388936219316,58.95981688635355,37.38168884542809,39.96716224304123,11.92119596639964,12.790046546611746,13.393560453031695,75.53628312081317,26.38845923410155,73.01735648955595,26.999713535733544,23.81715748776196,16.937359292533507,23.721540712644742,27.76872263605025,30.34606481300388,25.186063683526008,33.032600290806535
4.03029,9.658563224457636,9.658563224457636,4.433319,9.17962620506304,10.097588825569344,8.635004656008636,4.408916889707817,6.218779498193615,4.998577949178916,6.642544297197039,8.482103766000426,5.328039061760996,10.435192217700425,11.345955579279055,6.088998939097286,23.55040096030591,26.389484215722398,33.05712089829256,32.76067346663902,21.92909196781969,23.463166753233,32.34445698734679,19.003435343904822
3.43321,3.612334000000001,6.701722888673856,7.006346656340847,6.369406051218951,8.384347437560564,16.239635503842102,3.777065425905604,24.469645466097788,26.28937784015544,14.257621058666716,5.880735309977418,5.355658049458821,5.301142182394273,4.417618485328562,5.483227818005881,14.263211886533254,11.390911352062677,15.87744104024887,14.83958144487531,16.716889283108806,16.55223161539092,24.57330883804977,28.063886236228885
4.640719676922016,9.311336167162276,7.377962078852035,9.68610179272373,7.320003444020337,7.520074977106009,9.057327105943076,10.006614240046392,28.620624211957104,113.5749622617517,47.49645515917719,89.50664968606357,29.363854998948636,13.738580725059373,12.954962760328057,15.755496394982506,24.6913773154325,51.9695152756815,28.193817672895364,32.505615419764936,24.02054927810896,26.235928977033605,33.387149729824266,47.60146309243
3.88102,9.421604269567888,9.421604269567888,4.269122,8.95441728099427,9.8498590090937,7.471701600000001,20.08217334508085,27.312623806956093,24.4691775244213,29.68864095930845,16.82426405434445,24.980570756483438,62.74314233169728,2.99897,9.469215731185816,21.219314200232606,11.971644123301978,21.09118275299861,9.570797440038294,3.1580990996688,12.281576300990563,9.571682548539986,4.71782602369136
3.43321,8.661402143216815,9.267172127144294,8.295136260799465,9.613667454825764,7.431161946230114,41.86471339114722,15.871371037447664,5.065540738953223,11.38244758539333,21.800266952881568,25.80660426306118,81.57902850265424,21.418054895913993,22.732135807567822,20.423200309760066,14.931417643923718,9.54699549421731,10.459925949449186,14.232740492429317,16.592485562511992,23.80615485343632,15.909533796299176,17.828884298565118
9.39790031329053,7.162885553521169,13.713926572643665,18.9556753714002,7.229512539147116,20.13852689838582,47.7390581250119,13.12742996603222,9.081318650630022,33.76153038123459,14.742992656130047,24.651043228552872,73.14897211642857,15.317638117031048,26.402466402940693,34.8850963107925,40.51367206180831,44.76073453204942,34.59255852365244,18.34446136310453,16.833194554124177,22.70843560868277,21.44665814866253,24.71755064086021
11.271987347501948,8.153939975592566,9.477565354022971,9.752646707108054,9.117640673436242,12.399186082252143,7.8103593016636035,53.872519236839096,59.72167903616344,6.229578311966441,6.805329760461186,12.296713470002125,5.877412940386683,9.453372991525885,8.525202882367074,6.177286179746812,26.254804986233047,30.76620533640584,27.53115150814756,7.070232590814306,3.7980035830480814,3.513532805307979,39.56724291227954,6.20804726545968
16.045460970121514,21.278966682211287,4.162037,4.3512205,3.955655,4.3512205,15.685379613331918,16.625496061373266,20.985961219402903,13.677643038281952,3.714876,4.315259999999999,4.052592000000001,3.990135580829636,13.040138693140129,16.48772914762494,13.882473596756492,3.39864460644482,11.081782777783262,22.858406376528663,19.153610841477924,50.46994656716771,29.01747524336787,8.230988424304863
3.43321,8.400512211920026,7.529934355207295,4.459143183104301,7.983957887362005,29.832666453339144,5.901840942082918,4.695684458975389,5.40876856151106,5.709963596828238,4.195537873191891,8.70977224075855,4.576950407118427,6.252456112468923,6.16942200387064,6.695073611788781,2.14887735,3.562026843530784,6.266169217721635,7.922453632192148,6.4050381294691725,3.4763351813114567,2.261411630700442,3.95259634593888
8.794589982877417,10.62701884282831,9.877793232879682,15.459369846850327,6.356222958807876,13.282053672668884,28.774800324773075,5.973373432610179,12.71927992169074,27.72005800975116,31.183735855925303,12.58384222139252,9.137644024692705,11.068474425519698,10.517834356331367,9.476346869124885,8.796509206245,6.270151762211437,18.44364311997661,21.917653472994637,18.38674171181497,22.97591193462369,21.8780559768292,5.157807888864014
8.391227083778865,12.194164572995936,10.067866567106108,10.012659735508322,10.11337148384309,14.101558238052707,18.547405543348496,32.416005348197,38.43885167280588,31.5609277280094,6.376485044650084,29.1165775898735,31.0714191452317,22.61443069960445,22.5240375354496,35.30770603040731,30.954350723649416,25.61833265692593,26.19663369207324,22.37882361957397,18.210985067891897,25.074048308259744,23.75206209431329,7.752563458217978
3.731750000000001,3.926450000000001,3.926450000000001,4.104925000000001,3.73175,4.104925000000001,5.449163586676644,15.54705846673963,27.01532869343237,30.078926775,19.314504,14.462910553633067,12.228053951604231,4.140060410410852,5.801228585488542,54.6991998934388,31.27463610733234,17.182450661673734,22.22449530031741,24.48337963952597,21.288554726978926,20.227187904126342,6.808096252510374,2.25675
11.895557621368797,10.058847012081811,9.097625573051612,6.887888499652703,11.234653825248689,7.88319178730115,14.481062896925796,102.48405631085411,12.353564728757153,17.32332777213116,7.901154906392612,11.4716980574109,6.120546537412801,7.847976936893624,6.903604093875267,28.768358110053267,56.72194081078548,20.857123052561256,20.77141144572413,47.49931433192471,25.31849529253428,23.36982743978332,27.987117388565483,26.54945111294974
4.931999217858667,4.162037,4.162037,4.3512205,3.955655,4.3512205,4.994444400000001,22.879940717569436,15.395305028784833,80.59556806545378,90.7236572710856,82.35912942656793,17.5256550641443,23.562519852338323,21.321304815804293,32.525431192042966,35.23401079851289,33.36933957999881,26.370602730726045,37.87817935068392,22.04535471033567,23.367144245835345,27.93235654479468,12.893571428296044
6.774829151124961,6.968578498140177,4.319095000000002,7.285332066237457,6.62302915112496,7.285332066237457,5.182914000000001,22.089146346286583,22.91558308858033,3.949986542529879,6.219888246273878,6.614673219136328,4.922134620082992,6.660236371274953,5.2258956838721256,4.497253544778246,4.145414155045032,2.9548512097161,2.984499860727967,6.124513842650797,11.900783228408656,13.310921969067811,17.971621154577473,4.005231067676359
3.955655,4.162037,4.162037,4.3512205,3.955655,5.8540405,35.24096699541709,25.78254018799367,20.67421270910657,66.40212644942115,11.02515868486794,13.447919277206744,43.19896766752749,24.83873644550967,16.37654213666023,3.405303,13.981672664761986,21.650594638448865,16.64306006461848,22.274317543394005,20.50132512774605,47.05009846043622,46.46383346636146,34.93374067301134
3.58248,6.518210221404297,6.518210221404297,3.940728000000001,6.194993185632182,6.8144925041954005,8.662843491072824,9.886920967263084,19.428459838521068,19.13763021364249,12.525179089975078,73.23697831421272,26.084588999369245,28.339624656284972,20.68461502801981,23.371167589479793,16.165444043040385,13.930098695349216,12.439310054922773,21.49854357500586,40.174680151710085,28.43244828941776,35.695964347191975,21.510021614766263
6.164407539085081,10.52755332778266,9.840026786507313,5.381199984702284,11.406651101726288,13.4130986966012,36.61364892825158,11.174389921960092,17.770763646545163,20.73342828127268,22.38881560966758,26.346679134554112,16.347906015581636,30.250552676420217,6.821153344612926,20.84816695956674,32.11352082855898,24.063517260244275,19.56840456153366,34.385715572567726,29.59686674243389,23.93878552689888,62.931856423187625,11.885759575826365
6.022251993019888,9.107766560343986,8.955537595086515,10.152774419534625,10.71468888632009,11.62793854204533,16.33462231623591,21.88721979784605,65.36757845176344,21.442717202959024,23.66421105853528,9.545280112272806,10.93402076920994,7.563729679372624,16.433746104820752,42.04772874696246,23.471673349432763,16.70887432565417,28.844369400736824,14.42792478112061,27.35772966968217,25.399642657858337,9.350218780529598,5.26186325074153
4.403465,9.935846573033402,10.148806573033404,9.127552221190204,6.536927263483488,9.63152171780082,14.782003887640077,8.737302943584965,17.192987033044844,3.922920830823464,9.275127967509867,32.393954879545305,62.54619379990583,7.057049533718818,5.703860532044326,6.748890827931858,12.455555447046503,27.625820208048857,23.28997495352153,18.65238084169148,6.651992984037722,17.024276601575597,7.319627792584501,4.048292577819328
1.94051,6.556089477385438,6.465024836563843,6.994866229089165,6.230994131399382,9.354632501358823,6.132869032017855,3.8600763073823794,7.813030100464542,4.18654112988997,7.785097505187672,7.873163045947464,6.954364391427851,7.885723265608265,3.2560619531376678,7.321016740193863,3.900035872244068,11.442607052272946,22.93632551572972,26.56449792848333,19.67788995509668,19.56848854077417,17.064059246127258,16.135347518882202
14.161503008371016,26.186539746323497,6.708372540184909,14.045793387291472,9.09433693588867,22.16192845903561,38.81391703896753,16.85455591339583,7.26136221511294,8.301481983713904,17.419602301824735,25.457143952438965,13.74873420074507,12.084272946482335,3.318268233996346,22.94278317842126,21.773291361737986,47.592761433873605,16.089033377291585,18.75680196586004,10.607124359926246,16.603378560529134,10.65339745456417,3.706216071130015
4.6048104719309935,10.006129908587752,8.969977327942468,12.182638117790315,9.019911353606398,8.574273723030295,15.260629924610608,17.978493168119197,19.4883216538203,25.00331645571721,33.79064039256019,22.269272777361643,11.508504098934873,9.296048239772965,9.811556548801157,10.513117570834023,12.706937339070173,9.163846524297538,12.178203723912828,10.069151556771004,7.922656555843829,4.296288352110843,4.073513293843725,6.78831492256894
3.58248,6.427135521378248,3.7693920000000007,6.7192780450772585,6.108434586433871,3.940728000000001,7.712562625653898,5.537140340782921,7.382965606089832,11.99209737153355,5.086189765083486,6.510658664810652,6.114357702604788,4.362935465924259,3.8023101141574527,11.737241207437192,3.823324738872473,2.3496160115922,1.7109341269254792,2.5091962010040607,1.2634911360000003,2.6597041661721548,4.57547119059915,2.16648
9.348261487436757,8.773165139794305,5.696586869389978,5.955522636180431,10.307813787471176,9.838606848128078,59.54213990568061,21.015409001496074,14.687792314109554,14.601929960816928,80.56524099222992,35.569984069240185,10.14201838433189,7.878687313544919,4.916376669983475,29.62192752243218,20.57921857757284,15.620025575776523,22.11249114555773,17.946005463637334,0.947618352,18.81544779835768,21.635387320718007,2.712267919663906
11.214628802651047,8.560146062027602,11.93077291543512,12.15800901988418,10.53981868504437,13.407116462844456,7.29655181688273,16.786192544024676,6.142927854212863,6.865720480243013,14.25482852383728,12.84936794139295,21.868890254763468,31.881446110127918,21.465357297528033,21.15231156286662,5.675531169653189,5.888112935422315,1.4009112810000002,4.9971538827611655,2.402304596805896,9.460656452784166,4.4757946420624615,6.162155956508267
40.87407878657562,25.370914708675787,7.55940065298709,10.42769180991034,6.246718254711872,13.78045581344199,30.050107386081592,32.64961677164605,27.93840619295092,19.241498573127668,26.136637020186694,35.86910394430326,31.578800815349663,43.125271137072744,7.325238048284121,8.427447336505148,29.446845362046943,16.172280758145664,39.75119641725237,21.460984117286188,22.444087325797963,21.78854002589047,53.43348733315531,38.32236432181791
3.369354892291384,5.693077027434359,5.179892950126996,7.382548259356441,3.784985910637429,66.34746090982406,43.43360676255283,26.98843951791508,33.103210272417115,26.06431054483614,5.692155587563395,3.41964,9.590156405914735,11.116081705395706,3.3016494700665238,4.098134938110989,9.46470171850367,15.007605730789097,18.46548142045789,19.18459689422597,14.60838845362212,16.298182567376394,21.404786060327847,3.468766194901606
3.58248,3.7693920000000007,3.7693920000000007,3.940728000000001,3.5824800000000003,3.940728000000001,4.5232704,2.57377824,16.9829719970291,21.75897996339968,7.107197678581338,3.90816,7.897520371224583,14.4280465242729,5.292997926631625,3.0840480000000006,2.2423068,1.59831628704,2.8690675284357523,17.50041552609888,6.928676688599913,1.5598656,1.7331839999999998,2.16648
3.507845,9.707040514468092,9.707040514468092,9.290591429385444,4.027649969319181,10.148269628762094,11.64844861736171,4.387387710658729,4.31319885568327,10.886905964208175,6.2233120010333005,13.846158202388454,15.66606493725358,16.65009020725655,14.82644130819992,65.23600387609402,23.083160344000788,43.37053883993387,21.667879146099107,36.95976890435671,18.01651212639449,31.104737517161624,20.849589665942045,5.579178056775424
6.783357770220013,4.476153000000002,6.545912291184878,5.143294341207003,6.64284872743001,7.461693547242014,16.754628,4.873400165005021,6.540761154879956,28.34552321010389,85.57285097043531,28.9384885124095,28.550726670777713,20.735261532033217,5.241685549715464,5.839586254363317,2.662739325,3.0263815024681184,2.428465028450544,1.97839050035358,6.881462323497673,19.8983606727828,7.351987082016102,2.572695
4.17956,20.165381210670294,19.900976668902064,14.433614531060536,10.349183983157822,20.36657174684427,15.84981244294246,13.132385904034372,12.707696653445696,14.235828817264808,8.850967803706265,21.30293473516196,32.02386663355439,47.613041587818564,39.2557402443531,12.913328840348372,37.26605795599059,28.50157689755219,25.76670084774744,19.756785473493768,18.89595677542799,26.2336010451882,47.70363705020726,28.15299509817801
3.955655,9.816369332537567,9.816369332537567,10.262567938562002,6.886901663749752,6.769498997593545,12.54629919904508,25.257409805140863,42.15439026254722,32.459853052041595,29.014139943999844,21.769753327499497,16.441314820963303,57.42258842516122,21.54275987505899,8.031574908439827,5.839485971652841,7.034044940227749,21.084443027899905,31.21432301094855,18.607187815628503,30.58473233403135,23.327704075222773,23.452910136461984
5.263547860018277,7.94700237961106,12.815841575446392,8.268793035341037,11.150440490238752,11.875667299723434,7.943499349825627,9.447703622656592,44.87071531936079,10.292552803918907,10.715776315818175,25.9782031762358,10.886323222002154,11.500412218178845,6.156652331491501,18.2957211601936,7.527693394233882,5.483176853457734,13.650687922532107,29.080070828581725,12.711107097374686,18.85043114969152,20.515167439011982,29.161852072291342
26.25462851609621,37.79362161036869,18.436079603001964,8.038640395876952,12.22816791424656,9.72389294352666,12.780938850096485,9.305669540550069,20.250133895198715,16.3414374755474,9.055275675420305,12.373291536441686,6.082239843837527,28.221048692805105,17.130795673743116,23.959431691548808,59.93194692259589,31.738350390912576,15.1814824525197,25.8986123995764,24.35354601450484,10.304716316247736,16.865719985657037,8.668540145989756
6.450768971270444,6.454125347576971,4.621495190724376,5.876616714458365,6.450768971270442,3.612334,8.144796996769292,3.83815077429684,2.868334884379292,5.462628451580378,6.0581134686713725,3.58248,6.608851056732406,13.905789925974359,24.95615579799519,22.05484579367433,49.09288624527535,22.00525869153612,18.49372938359272,34.60823811705071,16.29394365643549,20.687246090684287,18.34333289122551,3.9010579154323226
3.806385,4.004979000000001,4.004979000000001,4.1870235000000005,3.806385,4.1870235000000005,4.8059748,27.426882320412144,15.574813916171598,40.87846436502394,67.68860918572594,23.633963820007008,21.000694010100467,21.101910376903135,13.60179791928287,18.535895976225106,22.68172681896152,65.2795920111569,42.182164546358095,31.052465789209776,17.661273090027723,24.411661460011704,20.0225299437849,2.301885
34.83031916491166,10.499348211100171,7.757886862135739,14.610094941064196,13.69480263158784,4.931202407364869,25.061742563345323,32.48804960514392,15.424169819154992,17.238439118198805,8.983553854985036,14.939784689004917,64.75444324350077,26.30257048796364,3.7799325724388657,8.783705615742786,7.401171966733098,17.409919622603475,8.798903414705222,6.100461019144092,7.431203597551457,16.008711169447558,19.230197665611865,23.86637681226172
2.83613,2.984102,2.984102,3.1197430000000006,2.8361300000000003,3.1197430000000006,3.5809224000000013,11.486528359229164,12.41935416,15.5884662,8.294616000000001,4.8043397250450965,2.9056319999999998,5.412525076840923,10.925797526275137,10.544774742345364,32.793208388215795,18.49428874699448,17.884422221075482,15.961526767776602,12.423047488426246,23.96511531923996,32.79591635477406,1.7151300000000005
8.582065522785742,12.450872902515954,9.435241947044812,10.39809777035317,11.84738039308864,8.470208970507171,7.773765277863001,9.026103945996953,30.72336476407102,56.90899659023789,36.14359252574452,32.413212431705986,32.822634367007275,16.288730073523194,17.43225614622064,16.991446419439946,41.17084768711239,19.601204919816706,20.84706558181592,25.04091920909641,17.845903552024758,26.02526791506993,42.2651872671184,60.28201171033683
3.2839400000000003,3.455276000000001,7.411459359176863,7.7483438755030845,3.28394,7.7483438755030845,8.893751231012235,13.981371977816943,18.11739372624806,5.964944066141422,6.6151868660421576,33.12440300695591,28.718604060550742,6.5316617793497045,9.41779453897828,12.175274654602608,13.09519212877941,36.41187198720736,16.394013400412533,21.430756253509628,12.523141670230398,8.544968105888112,12.239233275012452,15.639705770108998
3.58248,3.7693920000000007,3.7693920000000007,3.940728000000001,3.5824800000000003,4.3581780000000006,16.18131486387622,10.766637781614577,9.363448965290356,3.0337092,3.3644160000000003,3.90816,3.670272,5.135354779615402,13.530900986160836,35.31445857808804,34.77812809248868,14.800599275708684,13.605105272620492,16.057700081336804,21.621256510535503,19.603522619139568,17.22673506340179,5.792543556301374
4.290703822757538,8.240439785408455,9.23400595994367,9.65373350357747,3.5824800000000003,10.40142111526026,11.0808071519324,3.339805771166852,7.366304332448265,7.431779139324307,6.689988732948438,5.4533756132891735,8.9911883727175,16.19374903655101,4.592492876799718,36.670433536751474,45.86018086597748,26.044556199894974,11.324862260905794,12.705755704859357,15.846567734006534,27.63687770191254,60.44793970867683,12.25874000755234
4.348566294126558,7.212590244224375,8.651031460808515,9.044260163572536,3.209305,9.044260163572536,11.093485001161753,17.369520570418512,17.315183196752866,6.96258540691555,7.507598808833098,3.50106,3.287952,8.369471012196309,7.88107023792098,3.5473972999549868,11.711138882412294,33.78909980456325,10.118539222268907,7.709801632588706,27.421892247383266,15.050792284322627,14.106166486505725,17.203394181447017
6.504581004030426,13.01175359644039,14.7996958949197,14.382035442964648,6.504581004030425,16.407015546166605,12.848968020164934,12.981157591202647,50.96881408586931,37.21107196415736,9.52103684806293,16.27142037636357,10.425909437849832,10.425814484043617,8.390811103753347,9.399122118192436,8.761151774886308,5.507745422567233,11.052114204015922,22.017640314380145,20.773455433112936,22.96409826616969,24.886127014327204,12.55420289944882
8.754586185372654,7.984422556822391,7.840856742584182,8.46543347574126,16.127284137894186,4.827348961846128,10.640297250100309,68.13914932707698,19.77009636565721,9.30719497561574,49.59739152672745,7.314910328039216,9.632826237285922,38.3916640241836,4.628084494533267,6.086554947611944,10.499992519463436,2.6721078884396845,7.73345465104541,17.928022312393242,15.831639110449563,15.049331177969044,56.12549960176515,4.275679095429878
7.80280511826227,5.37300799812428,9.757307991746828,4.269122,9.27347453761062,8.313462903207968,6.757089597298963,19.69439677533357,2.6292146400000003,28.805617225201733,33.2423545449525,27.499491730562085,21.00920149631076,13.989067638323839,7.16586668815366,6.084170177828012,3.65650617905617,10.825682262601797,19.595045586692404,2.955309043002905,11.05109479304048,13.989329911512971,1.877616,8.678140555903125
2.910765,3.062631000000001,3.062631000000001,3.2018415000000005,2.910765,3.2018415000000005,3.6751572,2.09119482,27.253530433984128,8.561119427689254,2.733588000000001,6.379739999999999,2.982096,2.699073,2.2492275,2.505789000000001,1.8218742750000003,24.01779161374455,8.999830869306457,11.122071375460813,10.458506624138384,16.179032431936225,12.43897702016723,1.7602650000000002
7.770548058573025,10.25869758861626,10.83523411606757,11.935361636759696,7.614219269490138,14.758493947034166,11.558058407858312,16.613600237225185,39.61670483858755,42.77718260623575,32.97102477773216,13.236622603534142,21.087253421463803,22.205688373649615,21.12561867300938,65.86903018816334,32.27245317589891,8.042169472812198,3.2458472154281104,6.420506844804074,9.903906084214466,15.88109220073761,6.49097973092699,7.648105644465071
7.377195611065825,11.930418185263202,5.77498163422903,12.16864344083078,9.404151895337076,18.568871420956985,32.265543032124555,12.254803235329163,10.533660813599138,3.9099368463256896,11.686873410991216,11.044003390531092,16.94928490623242,9.189992085960776,10.565879318033282,8.33367716610727,13.965192359903153,18.4740654761535,17.551256163189162,23.193860687195382,17.728371032666733,27.49001293677098,25.183059158664243,6.857077319103193
9.490416529057002,3.7693920000000007,9.985568695790414,10.4394581819627,3.5824800000000003,31.583323249199456,78.78682845451453,55.679246900437626,42.17104170026399,29.16565100458052,31.11793544172334,30.30403888700883,23.586856886999602,27.092671059780503,15.379513259097685,27.639156477066642,51.05073069664115,23.05370785955716,8.319054504442963,14.350399096417531,16.806284064968864,19.839877545787893,21.49950926294977,19.872028053910544
4.17956,9.424069848217396,8.51017060308696,5.31409608993182,8.956760599545456,4.597516000000001,14.591129817860867,6.485456670933368,4.596736244023773,5.194272078772286,8.411566476094864,9.771011563140496,4.281984,9.351096290001966,4.026000915207838,17.168047192924885,22.512049153649368,13.238585292397527,16.65869004738162,18.47362308681365,31.46051678205421,6.705289904796597,2.022048,5.416539018697451
43.73601154982692,19.25961003069796,6.6379601914407536,14.813091315551562,14.624995753421569,37.37227767766728,31.395406514478488,8.739592033319832,7.511821180431743,25.419970045562835,11.894929943352809,9.55077308785276,89.7457288206515,20.138992462592718,22.591274505897278,39.07195816244446,68.72427303401149,32.860924103111394,30.440644412035173,49.668417029760825,24.342890659157643,34.97109151897787,27.36159410885995,6.046838794545104
8.986209615078044,8.641989827588933,7.576140227176675,10.439762136268882,6.925547725233054,11.584876635707973,8.395510944026709,18.76641181045474,19.798847119456035,22.243000403831203,38.699157782402814,80.53883303197813,29.144201626837305,29.934964164755236,20.710801967941045,21.7222487646682,19.389713484064032,16.67232170695662,22.351527568071937,16.726957098681357,24.142094880852017,24.03608124446299,48.0304415511311,16.05676638518586
3.58248,3.7693920000000007,3.7693920000000007,3.940728000000001,3.5824800000000003,3.940728000000001,21.749072400000006,29.40305346000001,22.44414325495772,13.457622402939968,5.752134653752344,10.719799052605314,10.187021647306832,87.29869014655749,11.174327182128879,18.80465415276643,60.131922515438106,26.49973121419542,31.123930501619427,23.729823828106674,25.698531848537613,30.604640361807668,12.311519696725284,27.83527784544326
6.071015222992927,5.471222921661498,6.998791124430658,7.636318617938327,4.32883,7.636318617938327,8.765165717981386,62.69442761410698,50.00015388068088,34.77175210851581,23.84564364350265,75.69811769653958,34.36738226111023,19.065699865429963,13.392261397458507,5.226352235446087,59.20159049430686,35.52174031620294,37.12357970939157,29.56742103781364,50.52778833771804,13.367983024694608,10.868013790102832,5.182165158493074
8.94999245675223,10.884870880390558,4.870883087484231,9.143070755889235,6.916749745205965,9.82119516895029,15.421289769083227,20.66170293967321,25.186273192604872,26.97741994446425,45.32577888607058,105.68416130158528,31.358086604149538,36.36128406030232,32.11654405511883,17.211269277913704,15.705896523916548,17.14927421793653,18.4358902707515,23.561660602575746,14.988121901387345,20.276125223584927,5.742668013709575,5.412446031158464
10.298774432556842,10.83610179425546,6.273265956035207,7.725783467230264,10.29877443255684,11.328651875812524,5.894612438496112,12.58980024811671,9.059412951946689,8.72118943993336,5.59927870456035,8.938038530163045,9.850034688148588,14.675738537159301,7.958143879703012,11.789224674704709,23.28894598622965,35.84822798389979,16.833955988866805,17.249228725793493,24.500366143702088,21.87657411788338,18.67556340257736,23.671596601949723
7.772848499321875,8.178388421025627,9.49026611120284,12.094946931500582,8.620688700478642,10.112594497914616,11.473084755715725,8.125490568187274,8.696394509969304,10.28572445059104,6.525106530476629,11.492771892078984,20.341804416561782,22.298300445486102,25.915020613213514,9.06929608005364,4.967149482814079,4.790474656043981,4.207328899683065,4.043877950502141,4.527385724093662,5.589365091473657,5.987683424008323,2.531356395740392
4.104925000000001,10.285811430986424,9.2009538980798,5.366044429210875,9.775771194739162,10.75334831421308,13.991509175477958,19.42432846353785,24.922876753214965,26.218858741766294,54.8991007865475,37.85818100901713,5.525932624574552,9.064806016939949,7.554005014116624,4.64331838592723,19.5599556906554,6.101902579337733,30.040156850381173,24.565507760529755,27.06599222667545,34.4850778304361,27.915512578345066,52.674419682790536
3.507845,9.13813509907826,9.13813509907826,3.858629500000001,8.685004433008261,9.553504876309088,10.96576211889391,3.540085769828725,5.883695730434323,7.354619663042904,6.31334172036427,9.744008488685894,17.606153228899284,19.470385393905516,10.316409255051752,5.491118069942921,34.75776090314229,50.192930050539005,22.93720141724526,3.4709224036249173,6.609930481925336,15.671965382284348,13.057706240449429,5.109884931414936
5.289750274080609,7.889672685302464,10.31424993020467,5.818725301488669,9.802799520442452,8.360274868914882,7.74608689168473,13.424901204673668,33.59182374303536,33.752590753511775,7.786562866205355,98.38697325303356,22.005409336816506,12.978245101426385,13.422874178376286,11.973669231405523,18.87495601369147,14.039886366710364,16.248083502941913,19.08721722649223,21.22538023607852,30.277515969925027,32.31520556476896,31.04290765290624
8.025160155118462,3.2196890000000007,9.531549053436606,5.744444901287578,5.899285158686677,9.220032509870505,10.132636995853922,6.021810956249017,4.0993351456848295,2.591293275,9.143348348552191,10.621061212964667,4.8877616758644225,10.138120213037155,9.78988738918465,19.810618002520286,14.16158251987714,19.749525570936736,16.17033790894688,14.41761568513552,22.46095548578776,42.46082045241312,30.793138519686213,5.83028429968031
4.982748481842211,7.452706919628427,9.171587215455029,9.588477543430251,8.716797766754775,5.737739218364173,8.64858310998384,8.748982228602435,12.805637228896051,18.57893907716228,11.166165725573933,6.454102694258565,8.21311931184224,8.082848838263518,6.735707365219598,18.983937451102094,42.23839359486485,14.82398790182184,15.883725099722318,15.013384948398617,14.450726532969163,16.720112174536133,18.60795491142372,62.78887463937477
13.53940476401763,12.195827399489035,10.363882655332034,14.536273484610216,4.060871689405159,13.623779447091705,16.68511391276999,6.11680203014292,8.270406604229121,26.05370116741606,10.076913002874145,10.4630602728619,13.538634880384361,10.573659687992098,5.230708874147331,14.154331212815773,10.100193925446762,18.95737531563628,18.269608621824226,16.52305467852332,14.55578710114048,4.475732066221815,4.252834232210585,7.489896713636472
25.775844831836807,11.867901168887366,6.467421229157304,9.667241981345738,11.506122192093011,8.666603382762867,17.35232582081525,91.90721725870154,34.09971066989325,43.84566541695156,28.143317158251865,17.57238716445548,17.339719220410323,26.527153702654736,53.1381494268229,77.70672523916441,108.59605382271862,16.74477174111167,19.106597653520325,46.16443254872926,25.2426820825818,24.32861612700324,5.27502355595888,3.668641360942232
9.4788068457929,9.744831814609013,14.556896221181288,11.116835611583712,12.35901676271918,11.121285517214508,14.190270368092555,7.621790089407995,9.041974154675197,9.729782923953396,14.63963867516893,11.313152137039516,12.137507829862978,11.928664214907757,8.689671057104913,8.51316010159663,10.589159887020218,13.94957196596287,14.974071875962434,7.864776930683138,40.15480934761243,53.186428320443206,21.818086005890628,9.047619802924428
9.10350722349132,6.247266653291135,9.452291156779522,10.80536109199346,7.028959655933787,7.174537000601088,13.127869622569554,8.143128921249472,14.492966862249782,6.281400404959407,17.602155504821926,84.9475274384356,132.61079950913384,7.2432537468678975,4.384423947819718,7.744424224245947,56.93444241945621,21.06234439576064,46.51834563968954,13.872600840546893,15.611382498731045,16.186029310182715,22.503026053441687,21.14495738106666
3.58248,8.770421129481338,8.770421129481338,3.940728000000001,8.335524213969865,9.169076635366851,19.7022225553666,30.3880445374667,24.694581877825915,7.058673459375389,3.3644160000000003,18.78479023365136,3.670272,24.643091559971605,20.88377188305136,21.537250664238673,33.87457080662448,18.38604311441254,20.67395894796942,13.610342020473215,17.468592191046852,32.36518697440703,35.08280761277607,2.16648
9.045478286039424,8.552202639857095,8.120949208616574,14.913831808348265,9.7207914043587,14.913831808348265,30.689725856198628,33.28084484461761,66.72561469305288,81.44508495064206,49.668614163522975,61.22982039542287,13.220985490169173,38.86575712733757,24.02894119090989,88.41321150372623,38.81186829689428,29.89027308484309,28.296173257239158,25.69383381325425,19.730974696163045,23.49418864480284,23.0002668496898,30.168517303864327
4.03029,8.97313639603555,5.6603371188106655,8.391468785775187,8.977977232218983,4.433319,11.335672122766924,19.50545232608061,37.33656477515655,60.41271374426178,7.586669177641779,5.868719176527962,8.276366375609213,21.051929673913964,64.74353681456176,6.3736312884763615,18.210821403301537,31.222033462841303,21.196822844621863,45.31126669661793,27.593629836278133,19.36849872031002,28.93399420173984,33.183818864962134
4.17956,9.438161100489925,9.438161100489925,6.51375324481435,7.0103650207484725,9.867168423239464,11.325793320587907,6.131585571829282,4.896722243109417,5.752106317617232,7.401645657588091,9.78562157676641,9.189975046006714,3.8755919999999993,6.93148195020954,3.598056,5.614500379669728,4.002015870628582,3.742492122699704,29.33203606576332,10.329051224752968,2.388723980332597,4.023665560429507,6.772119568401147
35.563826222164046,10.581895148826687,8.489240010563654,7.624956941432135,8.35241269114993,11.062890382864268,5.5234565616901845,6.613043374028988,10.437836855052874,8.516597017882699,8.034547255282073,15.892681227940455,11.646354113580244,9.325742306216156,3.8195073948812355,17.09797198333664,36.64014881237614,10.92283761032239,23.8876707392206,26.88487545154407,8.874192330325684,22.90237542440404,28.88836111663149,7.345123072279501
5.1352985292727045,13.911486040229704,13.471579657499277,8.178290082899938,9.822925275718957,12.050911389942751,32.78747236562808,20.023558519832253,30.908631056818887,27.17671282436632,29.209832239036988,38.22021219105204,38.127504525705504,57.11442269861101,25.90588380761875,65.4784910674635,20.299075834147683,10.119938733253363,11.72685150151472,37.62908546291919,24.57984496674221,26.608597010653384,26.30814442837662,37.96490552754638
24.296527019663564,9.006795456048362,3.8074545228024186,9.98837152445561,8.31266638206264,46.092523880095285,41.04503471117325,27.924103013234426,21.18332959124721,25.00400550041936,9.41909348717352,9.905822999460108,9.302859860362535,4.320141033986611,5.810798590630965,17.716230637725623,18.18551458302196,15.1212506897718,12.675589551360437,24.32315977576759,21.74923438795601,25.226200532935056,19.250036632170566,14.878632541696584
6.332830269071066,5.4817900026937165,7.401644306195547,4.341417377554343,6.332830269071066,6.9661132959781735,14.913245766019644,20.593661574444894,21.194417531791714,65.66922639692459,17.762235253019966,4.15242,6.488022157087827,5.872260794956806,4.893550662464005,6.722090517619804,13.890376779133842,13.470387738433327,8.517454637180686,14.383865028251837,20.260460570393512,16.609954452040007,15.842949349018127,12.015909454228776
4.104925000000001,13.372862609163722,9.03880370105704,13.30786896666096,4.512713505350534,37.58539684164131,30.300154478263824,3.097087820242882,7.502446821633811,9.2071442306363,10.02127579347536,9.820923543784696,7.7925968543728965,11.785400330991013,12.48045473598242,26.506139326902513,33.82805622823932,19.84055699512525,5.07583025662035,4.132041648214537,2.310678446965041,20.188060279779744,41.301074681215134,17.241592188850476
14.697365793675738,3.7693920000000007,3.7693920000000007,3.940728000000001,3.745135885451069,3.940728000000001,4.5232704,2.57377824,54.94916820676171,3.0337092,3.3644160000000003,3.90816,3.670272,3.321936,15.640953549184612,12.192125780921264,13.5073093001926,9.859211224212336,16.38729680299603,6.847126450506968,1.2634911360000003,4.204777073099975,5.1970876804256125,2.16648
8.609589463195528,11.517063559852703,10.87074213687248,4.515417500000001,12.99354425503153,13.391965787895575,14.596061979399517,4.273064932230409,6.028257965918295,14.79692507964502,30.40143425515083,67.6561257800692,8.820575450040637,11.84530313249866,5.070647728289023,8.894243566532028,22.61132797202902,26.670892318335664,21.55072076350108,27.376701904650897,36.25002512641317,44.79475467731262,7.987733644236509,6.248022340125803
9.233715363647908,12.520641023573674,4.994556320931926,15.339298804013549,14.62876417265364,13.70411387182843,63.776336892888125,25.32050363082204,35.74394688834661,107.50526385773622,75.9168412222593,53.13690145768777,52.1668721037011,27.449560280546514,23.554179381590597,36.44938128667552,26.20619474553624,18.06314772671984,58.35156516112892,32.542769108318915,26.93040498844138,23.58836014526212,33.83360283935637,15.089230424089148
10.970874057672727,5.827277815196221,11.290780119292505,10.299449314348132,12.381779225529538,7.385483816725397,12.367403372725276,11.853376188995917,7.18515511705298,8.981443896316225,11.628105707453823,12.737810881746686,7.866937194580918,9.214922956108966,9.567738492454643,10.254228459027384,25.82281374701522,40.76223734238837,33.24226113273119,19.46187916458504,20.601239394940468,25.35055910572917,26.67660797190326,12.58356161834845
9.114130541300923,9.589650395629668,9.589650395629668,8.089465905975691,5.091111965809342,10.025543595431015,7.85465543976162,22.51190236631445,19.649760021019016,20.51430454296215,30.47454533117773,24.98235262470654,12.890207098430068,25.592268945529025,15.07779544728209,13.00079736646602,25.19182738018208,3.280999122744767,3.639866724959372,15.722117894427756,14.6942707190165,19.6760964871827,9.919405340770805,5.511707402446803
2.9854,9.5511781297982,3.1411600000000006,9.985322590243571,6.558640537543878,6.054757998945303,30.96496415836015,21.391239856235423,51.2132900587053,30.609183325670017,8.262174100861358,41.94610733231116,61.656054737878904,14.107020031116534,6.9063471226640525,5.646134027972558,8.845811242189754,20.8703534929207,27.53467998833772,27.64642938574168,21.06101988119616,24.7727153745804,23.251945569187534,36.434334031037935
7.265281028118158,9.530391205485673,12.621087798581495,15.862921908374442,10.25282902024701,10.250410894408208,18.75322161120071,10.803111882307812,15.061229869811992,8.998531306471941,10.605653400992596,15.741612232988686,10.504084118766896,12.263941163367358,8.412919099857685,11.897979577756452,7.181009889532064,6.878124263176927,9.077878669752277,17.49902235447268,15.919311592805023,21.23735422298218,18.070399290362328,21.27337005756216
6.657167112696084,10.122403434460876,8.340742940911685,8.952698252723756,9.620466074074384,8.885978334834217,10.127041304870794,15.98849100739957,23.423260387912283,48.30610915432784,5.433806726993607,8.185989773240912,9.382194668504383,6.632577587919473,14.640619008334289,52.75756145723348,20.605416852802552,19.876496146416223,30.288848176517057,27.676068563815733,20.972719495734445,24.247594632123736,16.073942104999954,4.60540337304531
4.17956,7.17843149617109,7.17843149617109,5.082050639484357,6.235161500842724,4.597516000000001,5.2771488,5.02873901664178,7.844794920000001,5.777396904196749,4.752499684811233,6.321464143579475,9.93960246028762,12.813841445694964,5.271913439148939,5.241260429555645,2.983630219046809,4.604204654896086,24.97666685063652,2.8025071168093,8.751257840894093,21.08505047590886,12.103873866701583,7.532508509292167
6.144821834722961,10.040608821043518,5.536835860284597,8.437035793925649,9.542727391900865,13.244448671205808,89.49617951420821,4.16500904156158,18.75385724767683,25.328354523856344,77.15178433950719,43.1095113666452,39.53512013277745,57.188108208929485,69.97562852386604,8.215043580853788,4.80074309431224,15.959266529950844,12.541481205589069,43.47193003109512,14.822450033680443,4.038561197938876,1.769292,2.211615
8.532515903451236,3.3767470000000013,8.97769064624,6.724162042070742,5.386982187775507,15.323297993796364,26.053641175488004,13.49529367501392,21.889279197190728,2.717697825,8.013145370197686,5.612746969964127,7.006357316675963,7.238869070615082,11.942417217257061,5.298665804876429,5.18913172241941,3.1590540239785185,2.344637428838284,2.809198966121228,3.899345712074767,6.425397243370743,12.42522570510763,17.50898879240264
4.254195000000001,12.928575803439877,7.990028236790463,11.310652277764412,9.83632308297946,10.074220338961796,13.538871937468086,8.34803123704505,6.514758169844076,7.944754852912069,6.514078178031343,21.32957258703373,9.153831861856643,9.116655081017312,7.430950676821612,10.577925657359899,4.6131508086042095,3.288253896373081,3.662723607047687,11.408291648865742,23.037957413046858,24.105407984247154,16.565878501941313,5.680922649520556
7.092910987169375,7.462975908239083,6.621010713616424,4.281256726555188,7.092910987169375,7.8022020858863135,16.182349706729898,24.07168588903357,75.36088239711393,38.01034879531859,40.48664474486633,11.596731833012909,5.080529725365843,4.845688957687619,5.4905724116186505,16.462778493071998,26.51000525575291,37.82402719872656,31.131024788035244,22.58422750969506,24.2883440972381,25.185310098111447,16.85874618614619,2.031075
43.16514043915128,66.34789471214907,8.892548171172258,7.805205833887249,9.64752759168602,7.542100744961433,7.751023331480746,7.10295924928585,7.507989083522294,12.792214235301987,11.01136330717372,24.992235051977307,17.172339766542795,15.935533087683774,8.857113017973628,14.455070361079184,50.99166261184167,47.44807083587385,15.570759627207096,19.616334717619843,18.22855780987741,18.648450310287487,8.154990840529337,17.531383643656913
3.2839400000000003,20.859963610812944,61.0408423402962,9.93026919994871,9.027517454498826,15.468135151895511,41.93773319351452,37.01775186513865,30.396100992122097,33.48947675104312,19.05362834721523,9.848200859453264,4.434294028175421,7.160547382686349,15.232149128555777,19.811819760591533,78.12744064869415,19.749668420852508,16.638988472305247,18.88658697164103,16.1531435549593,22.429006776664707,28.63910981936685,48.839367586126286
9.530771660745993,14.344535892512402,9.570733145680316,9.95264620866878,27.14731554409445,8.863931924442378,15.659500702250371,35.406370473135645,8.979510992834141,8.375385131794204,18.13762434648993,66.9250248065503,17.134309398141088,12.998861853551382,11.456123929016595,35.64864820320007,22.922021282906663,30.9912299410566,21.63021559289491,16.60855008574719,23.295383787973588,24.149477483610426,19.54450717584533,12.56700103265038
3.806385,4.004979000000001,4.004979000000001,4.1870235000000005,3.806385,4.1870235000000005,6.371230800000003,8.032566224602556,21.246755265447728,33.80023321768884,3.574692,4.15242,3.899664,3.529556999999999,5.75811957451,27.050365384557146,2.382450975,1.69821105498,11.10028091018777,20.285359345321183,20.45758094587505,20.455523167151323,12.52926957351203,25.20839400295735
3.58248,6.574284521478558,6.574284521478558,6.87311563609122,4.471082313967036,6.710205211863929,8.824105599600456,9.158521781883742,22.04725779063517,30.10909976675873,23.94097517878601,26.42132152295769,23.98350871935479,14.828196875737692,6.154728798360614,5.378960063027911,2.798491066514822,2.3251378865215693,2.4953484728755844,28.35151624638085,19.72931818468841,16.660971330235363,20.55750902569961,3.7786083087386144
2.462955,2.591457000000001,2.591457000000001,2.709250500000001,2.4629550000000004,2.709250500000001,3.1097484000000004,3.4353396000000003,21.200964584212493,2.0856750750000006,2.313036,2.68686,2.5233119999999998,3.4568309999999993,47.98665592835711,11.661424157696926,23.41202558463126,26.62213229949818,53.68805174877157,25.065686505912332,18.86541539879323,20.763414261116825,28.15600059392258,21.95764716773737
7.777632238863609,7.431589599663023,3.1712074315434773,8.55539546274997,6.824897286342954,3.5773553358295413,9.820106096373882,6.39384486673836,74.24729338280194,24.31243372567345,33.07487005776728,46.46328823681728,22.627628545971284,19.290148868210306,26.26516761537853,28.943948638588363,47.03491656052046,39.73850696059046,41.38085896037193,22.57875064106436,21.32964850517397,25.699383153983504,33.82004342716989,39.342899638868126
8.748004115222505,11.63058375680668,4.624184873358968,11.521331465092771,9.749034070822336,12.398971811098146,8.294830708261461,9.556408955744402,6.702745296185961,8.258781510182583,7.732470882835703,12.216917803915024,7.469482134561595,7.497837873737085,8.87771123147341,7.835368265621929,5.561002103847002,3.961414889797194,17.930494610492044,17.989138672818715,17.7535601130103,25.43583231599292,29.08321087594634,21.268223494200896
6.060091933753768,3.926450000000001,3.926450000000001,4.104925000000001,3.73175,4.104925000000001,4.711740000000002,20.89136737577602,17.227557414791903,14.77592802725848,19.18150898630687,74.26278642633491,35.67231026457718,16.32064401464814,16.96021677695839,15.125590244367272,22.30789410663221,10.884712045225196,16.960165324717114,20.04855751885061,22.63656421212111,57.814981880732205,28.11893710662828,2.25675
19.408438273334195,10.692097082803826,10.692097082803826,4.433319,10.161910450598672,4.433319,8.255794458830971,5.298320195708121,12.39371477527135,34.215409349778724,3.784968,11.085720491562189,10.410937505119275,9.42286241782786,7.421651680172622,5.628950767384752,4.790407912110886,4.533716023713699,12.05789871195256,22.857881167187298,18.617428519253004,30.660973810892763,23.19922036256267,23.984686789251743
4.694415,3.847921000000001,3.847921000000001,4.022826500000002,3.657115000000001,4.022826500000002,15.4145772,11.810412796941756,11.225512217062718,3.096911475,3.434508,3.98958,3.746736,3.391143,2.8259525,11.860006946160892,25.286805235530803,18.47498018339269,1.460524527,1.502253799200001,1.2898138680000002,1.5923628000000003,1.769292,2.211615
11.83068098027131,5.936632255595307,13.252013761116489,14.485248204558882,8.341524422509758,13.39060223754733,15.942811643950773,6.3264333174785055,8.834274146510436,9.988686019741309,8.826683884220985,13.524292854252698,15.451695611837327,13.985215241269428,13.416411408480704,66.17642337490719,8.437898319370642,3.965922088678244,4.698465516659737,15.142294223726932,37.36056149389671,22.37055289707535,33.48617197890144,8.549726126865897
9.221560440931064,9.702685333501384,3.847921000000001,10.143716485024171,9.221560440931064,5.692160132279321,97.1707180747172,27.492332861054617,27.04183497426249,31.19090929560237,80.59754010717933,20.54971910793488,12.297846741674563,8.912298027277505,16.109172522494166,11.256553096614825,7.014801165568112,14.46412088169309,10.563823910348423,1.502253799200001,3.2523167965221447,1.5923628000000003,4.461339912924753,4.658931284477047
3.88102,12.931842181010216,26.07934695696497,13.959666598504736,15.175129253962105,16.692642179358316,12.67023762345357,9.494597579223688,35.29090933738959,66.10015672609056,14.30601037083333,14.591846819231725,16.80025033167822,12.243200190129368,7.181128692128339,10.359684365498042,7.7930975617044895,4.620073011708634,4.626731086868119,13.016609041005378,17.732639580117013,9.270961015229416,4.544987538817693,10.130739832352454
4.104925000000001,10.700568727275906,4.319095000000002,8.366518604058006,32.30743133812124,11.769937053124496,27.085032718157045,22.04915206106839,37.19021695527126,58.89893811925362,69.02479519146388,116.36379360773444,68.21782742630046,19.912444993795,14.980192165118947,13.869706948786328,19.35123944859398,16.671280940657176,14.001910632766034,4.177572778690347,12.972689326337068,5.011449079404784,4.92017134567457,4.316319591046606
2.3136849999999995,7.310154994074492,5.359852596444696,5.093744133266212,6.020871375659943,7.642434766532423,6.724368475378104,16.34708002973161,107.04853444122574,26.10441672035778,6.524766440992109,2.52402,7.117927026536844,20.42427381306074,22.382890101475308,72.1609931505882,105.9291874231065,33.684510224165706,36.017526963095605,33.276669760887344,17.867710459303574,13.095491298863788,27.49423546018529,33.81466627406808
3.806385,9.884892846778529,10.931666939892374,10.268300843170278,8.60887251228564,10.042991417477884,11.895885284223288,3.967928627936399,7.799302666123647,9.74912833265456,6.7562311632147205,6.000283655402487,9.353731136939514,7.125955275278906,8.998431185568439,10.480665078338964,7.054418638653958,2.751251472595565,13.014669468301772,17.92829462146997,19.29006304624929,22.0745351001093,5.586025875561778,4.496940429165999
12.022996191610511,8.772878755007905,6.782977194425768,13.22529581077156,11.233324144929943,3.616737334232419,15.180339539320409,15.2576654957277,23.59404102995841,9.06677736364873,2.593404,13.115995845393282,61.19488395034347,27.917059629489042,12.788000587862859,21.139529106143975,28.376211190433736,20.180104189531136,18.53454017167689,18.49216303810346,23.78061304570341,22.466454825430013,44.09451061109717,15.619431671959177
4.104925000000001,7.048301931053132,4.319095000000002,4.515417500000001,6.698799355959587,7.368679291555547,5.546808257473753,7.911954839198416,2.7809001,37.42577302267905,6.291046351683787,4.4781,6.715324119916627,6.211613948253434,15.82940444935528,3.781914721004831,10.813900512509491,48.40365077505251,24.587033435510417,31.83433546829459,18.42312761908185,23.30334408921892,23.745087786465668,17.37825011221484
7.0805358295452505,13.470220600311189,10.156060999908403,13.44258599178309,5.710387582504442,12.777409923632105,11.79102367787148,13.78277365863797,12.585985488037345,11.31960630362692,12.89641759299081,12.012132749237482,5.230801547462931,12.733584037523748,8.27495780842545,4.655612587836053,8.595169225328531,6.1266366238141785,9.476840407107067,11.181203313527227,14.250127130350188,25.095164409458423,12.778250477340896,4.367546087686836
3.58248,10.769087398240863,5.369406153008591,15.439616811280034,8.460962688173938,15.718407156122431,9.003310028424057,10.110506274650795,19.44472828465736,9.901130276074984,10.771814553623312,10.162649483506817,10.225817263772523,8.81496887496424,9.328339620024913,31.761689318305386,33.44445556599088,30.23524591130316,22.99288501655714,41.21107276447722,22.314494309057984,25.43605957969937,32.92554310244182,20.693777920442784
3.060035,7.199978124602563,7.199978124602563,7.527249857539043,3.060035,7.527249857539043,8.639973749523074,4.916216468220361,8.208426584229246,4.193015745887445,6.426426755843608,7.655215533035513,7.010647370011208,6.345285003875885,2.3645725,10.362998182080695,23.04702007244581,18.159122010498383,14.48667884092861,29.11992196247932,21.60258974389288,28.12985602166881,36.07897341159907,36.69370311604244
9.971844674332608,11.56570358497702,8.424715749384932,12.991240634177244,7.311102508927516,8.807657374356973,51.58886019504483,34.54273025989881,27.65565694733173,26.40186465230649,26.64776149056682,12.261523780367805,20.3714387355991,21.48817000110057,32.572530913763515,48.15971104654256,43.86671899902628,28.228444394019697,30.05046961912158,23.460646497297404,21.517700888917474,23.552814510039195,28.20904821473614,10.936061501605373
25.425169401338817,41.49624071846929,3.690863000000001,3.858629500000001,43.24698232479945,3.858629500000001,4.429035600000001,24.099131840076225,25.77534210374388,20.28125910341281,3.2943240000000005,6.025344303621361,9.77632285298549,24.31541061132453,18.894522675705023,26.26369842175825,2.1955920750000004,5.4201198826379375,16.522038723762286,20.28945484295349,19.352968992276047,24.71275970909072,31.746667760768247,7.161463599089534
10.17731344649596,6.590293182493115,9.250649410842872,14.020165632851404,10.736884611044616,10.583021649536676,16.092711856838136,65.69498105486741,44.74556027358593,9.470193782456406,8.466383604943983,59.19366251400603,70.10255613649633,8.300347613131088,16.302682964646525,7.76085163786532,49.26658105597236,31.81080633065149,20.219560994620085,19.64912517773728,22.663491404919903,28.05068050579496,27.590847063969964,3.159218582418536
3.2839400000000003,9.310313212845395,9.310313212845395,6.951156873440766,6.066292394533972,9.232763549614544,44.62877083587897,17.270599973154624,13.578772313983348,16.649650791043744,19.20367798056945,77.93143016253381,16.291735198925263,17.73110170332289,24.64748780726375,5.657785131830214,29.20327964667941,17.877153438179057,41.300479828633016,15.133761149581634,15.979586487590764,16.005308973992616,26.67825838629641,32.86479305221798
12.101141278756431,10.068823381243512,9.536087023179991,12.754303759565673,7.499892754058965,9.134118053634012,17.18382450769256,12.923825230886324,21.48849456751651,28.55935511723888,34.32277153509148,46.05027876210095,32.10043228551955,35.877391211814924,32.33461015105151,27.6353534866715,24.53822626700541,25.26565924637336,20.67462119146028,21.90301447332273,21.09180432870249,24.436886155950912,35.40469724891775,54.36564155536532
8.754823179357283,11.17935254932706,10.104192810667405,9.439443666189922,8.754823179357283,3.4481370000000005,21.592541145584065,30.77148329738426,25.483874698752608,12.709667827036624,85.32029973909967,12.705655114516649,5.963684672809245,40.59779799964519,8.682088474450635,18.32114350199753,73.23419008912823,22.53284189148699,22.144427028367826,29.24177337162103,10.109281842675614,3.811981507660073,5.634681833394343,3.644603531103936
15.887260381767833,8.601411040730355,3.817919187372322,7.939558311699104,2.910765,8.99238426985446,54.7571051717234,59.649998150901865,14.480613565006806,14.310952451441471,18.1327991314672,8.91806704448376,3.962665487437543,6.470974263308652,2.2492275,20.253956116548153,22.471149189149784,48.03333900706631,39.53647051608216,23.4114140505968,20.2919970847776,27.31464401204637,24.243459558192683,13.215836993410754
4.17956,4.397624,4.397624,4.597516000000001,4.17956,4.597516000000001,5.2771488,3.00274128,15.237779651065615,26.46464279811381,3.925152,4.55952,4.281984,3.8755919999999993,3.22966,32.283423820039374,45.75593683593693,26.04167449855033,22.356143574322207,22.716294880128693,39.552049346419984,43.860138695512056,23.1876321787967,2.52756
4.328830000000001,11.692442087014836,11.197894154172046,7.346849921678225,12.28771380742982,6.465863533600392,16.492608522229876,7.3196804516099805,4.615396863915404,9.749502348560814,8.479482838596809,10.584629329910827,9.94034754461191,12.90613845569646,15.028475404060192,87.76190070451976,46.11663438943753,8.622897187038804,5.521647189512433,14.836931510288874,16.905774250136286,17.821026530596683,13.664029826561997,7.430909930975344
6.798367376214533,4.928847745450729,4.187442059088044,5.411254927612755,3.979800304091944,7.219835465558083,16.331359418031543,6.208476536036661,4.485134622606616,18.11708840654875,12.205378604309692,26.57063060611868,19.584583278994643,16.451487567720115,29.130119730849792,20.18869059610069,91.28835027571888,10.564101842168077,14.743851482218666,31.41118399552293,12.5554307339852,35.83175777793977,20.23684359229838,20.1725095531016
3.806385,12.19431637525234,6.661611665836039,12.748603483218355,9.064740715560946,12.748603483218355,7.9939339990032465,7.343086505388222,43.94622840750289,9.814317474890824,5.945901321572662,53.30564695256245,11.531137883449707,9.807169241535776,7.8717093377584755,7.655793198651716,4.860422454599063,33.86839334389962,21.17758903523908,15.691969778133254,16.349571025816964,13.734989450328833,18.23914034283653,26.26020978471545
8.464210219590306,12.48676288304394,10.941722619908024,13.641713692638938,9.868347189482703,7.283169926897728,11.558266311877835,8.9097105556192,26.06798451699143,21.136776707270304,79.56263168080605,16.84944243308265,7.226525320924967,11.499626418588186,16.789126539498618,24.59722360647595,25.727517741016477,21.24356056052195,44.03049262336884,15.022799067436685,31.401452672478143,9.392109425244952,5.999805087959059,7.499756359948821
5.790264857894182,11.269098260273802,11.825734695764115,5.787353252034641,9.387713427504329,11.354132572549638,11.658685874722725,4.141791489972525,7.777731874780383,7.266486754762334,7.854232258467304,9.375448892014532,11.243765406095093,8.694727185498301,12.44399998058503,15.435464056492668,26.6182342905896,16.69812073520812,21.868359881209244,23.52462059189082,53.86558776187717,26.911444218011088,21.313067775338617,6.505336916315482
3.58248,3.7693920000000007,3.7693920000000007,14.518089923641083,3.5824800000000003,3.940728000000001,14.912090929516795,9.387694445479244,9.479123934336856,4.968170473333128,23.841208155125447,24.447693467785523,28.382617360406407,26.052354814696372,12.637031553751847,14.523454530379274,17.8249796733251,35.66346869987644,51.37044022044628,23.750801748124548,22.49788297440522,20.430464038627832,29.722081348277072,36.27613709159151
5.948483778744139,4.754170817848755,9.142278895386308,12.35338617111847,9.819621864500968,10.104439752205872,13.401852337335448,6.907177621192744,6.633169942898699,9.302256166674342,5.828923258036585,10.681433080352171,14.992977437835988,14.541103952519567,12.133137989882526,35.1186602864884,33.83795914612815,15.050358558089773,18.4467612675318,16.557041417740045,12.973382955677543,21.15221433082597,17.979090021430427,21.07766932526344
9.425419838431774,9.917180873480392,5.73162169276738,8.453544128823832,9.425419838431774,10.367961822274951,28.459468951715746,20.546791435443712,5.037832766049216,9.785631166127851,19.22411955048781,4.586488008517278,47.77581910362321,6.328529701989005,11.006759316615714,10.80239654658927,2.475880425,9.545457006671173,43.88754251479021,24.384473215252417,15.511794946799958,19.39277939396193,27.14656939243196,40.150801582106645
35.64698657532752,36.65618216072676,8.555749730139112,3.7765310000000007,10.832152110653062,10.013949581132389,11.379432504867918,26.32959998586001,103.56120115352144,5.180787752079325,10.593023240281823,12.305026996286966,7.18471434739954,4.220806292414077,8.7160607890366,7.19275948297638,8.61445725074991,16.13337344237095,18.992985801010608,76.48938291964564,25.705565887707845,16.96283224012446,39.14394618564596,22.34446815056375
7.79834914939476,8.629153273274438,10.94765597549665,9.86970187737372,11.344082683715614,12.47849095208718,9.25328831272726,5.450721557144761,7.68510037809534,9.606375472619174,8.426306741157008,10.838349993163437,6.545999313358368,8.994853995131024,8.765882073780245,10.8547755277204,6.65943389416976,1.907741269253432,4.530432047087019,18.879921383859276,23.508124361103064,21.86845446812345,26.746333212631733,40.88217800740029
5.516616222736795,7.985589240243125,8.455645519882475,6.680604114453295,8.57402086245955,12.682480586566143,9.117131515979985,7.748780687048169,29.511137637605543,32.52926699991829,21.888744320503307,13.290734702003355,17.454939996348728,23.231020910380163,25.404497651668066,17.85842959116644,29.173226727885638,16.493153594691236,19.585988105192424,27.01900200126834,18.844055493041147,56.81860001324917,39.99227313158044,43.9393173250531
8.59106944213007,6.957403742642978,11.246384204753236,9.58105646775296,6.49342662354426,12.01396205350352,14.37849506674347,6.530249836883394,53.682060982251606,24.109780103790328,10.694748396751343,9.501874182895495,6.413771018369171,5.805056639310985,49.01016910443601,8.522796442304974,19.655074642711803,17.103695947862427,25.23633749293374,23.92419713556638,24.67094045636679,34.45580044067686,22.54805630467045,4.63159649400026
9.18571529273485,11.2521023891697,7.446560113946876,12.824500647224385,11.658636952022167,6.989335825216051,11.293520622374349,8.539557904139754,17.693616173848906,54.0641197443682,71.29949709259006,35.09544993661996,25.326173541414565,31.643806609776675,18.75334186034139,24.646177459480807,31.44067973970876,49.28907580826903,4.367166245997308,6.905301979158042,18.980129409423643,18.497835453899445,8.339963792846623,7.0504800539896895
25.608019178127947,25.742904348765236,11.565975331453282,11.587033007437151,11.176658382537632,14.364534841964891,36.83517282235373,40.14048541113996,15.495875383544838,4.677350617021668,12.104855632578229,5.69568641375836,63.326548767669394,9.645313625165597,10.658951266121932,10.841584562252125,3.3154760034547266,39.69233763373206,15.967503321805523,14.42521829371865,17.79540351176142,17.39486069026179,25.35102507956365,26.20315940583385
9.356253503197031,3.1411600000000006,8.957108321781257,9.36424960913495,5.749177095061341,6.324094804567475,13.286917761694689,15.932587338774583,5.256503141616076,22.76048708303977,51.98035096502447,21.41013981911505,8.206752763491913,12.629873059602689,8.31879996811203,7.112247573622551,8.082777156300587,33.531611559611754,22.531549023873165,31.783130453010703,29.09706419924497,31.501899524901376,16.974075369490343,30.857240410311384
9.355843614258182,9.380213040577134,18.83961128052768,13.693843424223822,14.458568673464304,18.0213535973506,70.79272266705065,6.2271737924864246,11.916957553720277,14.873943031033592,17.141021925436718,14.635923060942892,16.207661507449195,13.478339564951353,4.440536811820344,26.60401636668104,67.53475535633966,42.41372973605644,30.865412660548117,22.618156132436308,19.58090984508141,18.59514697493408,22.67548607578829,22.521645860533056
4.03029,9.754053306674166,8.751601069097044,5.21933268628206,9.270381241880402,9.935414803974425,7.494564570185092,13.97484733656846,26.56975163835059,63.56685513816362,26.139901381623453,11.310405836075686,9.352498744226391,19.80285333902348,12.646975455300158,48.14363548404471,24.10689309818084,4.135962050302458,3.702267819963837,3.808046900534234,2.009461792882401,3.2067852564997548,1.949832,5.606198932836765
6.307929079946208,11.77744304144364,6.732239309097946,9.381476248653753,9.302844021741857,19.03710395989409,55.59094390166113,41.01735436225448,16.331831427292943,8.814823658049788,8.176006837250553,76.80150103691405,35.02841764152529,21.336838488184775,33.38843432350216,30.766596152890376,27.951833403285995,51.05984213091353,23.426714501501067,28.404688743580905,16.03644780226764,16.42569359000391,28.973241082465314,5.426209652971036
8.278968321485584,10.55365458251256,12.001645539457334,10.205908731711334,8.02047311664829,9.68847382961644,14.587157010556988,19.92811918817383,12.42204933120395,36.47953686281323,39.95126718188206,43.43591124630946,36.99980235757319,37.02231722109884,8.814131115566896,6.914623633958889,32.52196655494498,31.213834015112354,25.758844697175107,22.32740215724464,50.466052946027055,28.41318262627844,39.4021666059762,22.20018977363844
18.613244187547355,26.547383101326357,13.005900784751056,18.973963843790496,7.269561076264668,5.568659195397468,7.78523166115694,5.222705531486843,10.725648912673954,21.69721222077732,83.52496594996177,8.030306515258227,4.508107173056974,13.34273218073432,3.400212007456167,8.329617527987779,13.558929219024316,39.36880940204509,52.552849872900495,20.666814938950832,14.438010478032629,20.808146380810552,20.0859664276508,4.396216777345828
3.88102,7.061132934046392,7.061132934046392,4.269122,6.710994110870536,7.38209352195759,6.091259573618557,4.030741437024813,4.54639346492793,5.682991831159913,3.644784000000001,5.434435077339015,5.747937878110249,5.931348721687229,7.3834625107795295,5.7772905824015925,85.40679823719084,62.703987744763495,51.19409442084168,27.52499520406253,26.38357868220993,31.61169553280088,31.54900797635992,38.70932877760549
3.88102,7.537421267836047,4.083508000000001,5.894031196459231,5.522342420665888,7.880031325464957,6.734983580350817,5.464941281315565,29.88795984335196,70.32565893942184,19.605056686884723,14.120259949591247,12.971217895619342,10.598316089851265,5.535559195574556,7.207493328832079,4.483802948415391,2.0976456686276226,2.4676263154738374,6.333926544041105,9.701050820795492,15.964143547814746,2.5128661637612804,4.332176761754
12.9283,8.890518698266469,8.890518698266469,9.035147775323743,7.97787487826925,7.218749910730784,16.255199897063896,34.84006056879471,32.02094478665691,7.1553312490987935,7.935339003411392,9.217818034265758,21.752419848259933,33.02432216936326,31.959418845366077,24.445558620772417,5.288723097159978,6.146220155679695,12.52721406694849,13.504166224188388,17.558751695501876,18.4083240373428,19.24205723267339,31.20850051586021
3.507845,3.690863000000001,6.492289713580432,5.97384815495088,5.282853661497242,7.438230300686107,10.43087072362145,19.374726523721453,11.296300735121646,23.036156063917616,20.822374595510468,30.82750064801828,67.62610756129487,22.213280212508685,6.0195667064813065,5.311873402020352,3.862083161510251,15.069727804805574,13.72733010407218,16.033471424481327,13.093982846677402,15.824215512558244,23.62920310810092,26.5655827982916
3.88102,17.899896284012385,8.530511696348562,18.40934452105792,17.012298121168794,4.269122,17.917906462656696,12.22222670235622,5.778087764164903,10.167613694742842,12.007540491468534,13.369600077438529,14.879437212586149,69.96122751552289,21.500996409474734,20.05918558819049,22.259740661543127,33.674110922798576,32.351060303964,5.252098210968339,7.258304674152692,14.607579249902242,6.196694721059358,10.288069614777966
6.689508336851503,7.038526163122019,6.753818033886239,5.126088611756108,6.283622780709587,7.358459170536655,6.479689355082937,62.63692041998258,21.9665992957662,3.6025296749999995,6.282320872869239,4.64094,6.853440952220987,38.69896882442639,12.938885702368706,13.790577896644155,30.661339865256483,25.303957308414503,51.17404501013765,27.0016292249424,22.687316159014536,27.46922583777474,31.49546137982476,2.6545138275226785
3.955655,13.278151354397163,5.681631485706193,11.763544346635973,12.619730626079944,7.792304042925016,11.680188055159253,8.893572722137854,7.085336398466936,47.8146161040339,22.392919488893817,11.66688973499375,23.586606389317286,52.790715942495225,23.699131246756536,31.261261507519215,44.44033647521193,48.61798744120024,25.229614379224973,38.16484062697001,15.077792786057271,29.239560305256703,29.953214854012217,44.8471119118126
3.209305,3.3767470000000013,3.3767470000000013,3.5302355000000003,3.209305,3.5302355000000003,4.052096400000001,2.30567634,2.1741582600000005,2.717697825,3.0139560000000003,3.50106,3.287952,2.975901,2.4799175,2.762793000000001,2.008733175,1.837567714698742,6.768047317919296,6.453236479850883,8.552784573561155,8.57310361744181,7.457503622916703,1.940805
3.2839400000000003,11.675156850166168,8.121570291546083,10.7044735283496,9.731339571226906,5.74559722777739,12.29615759196783,41.91033629147978,56.41314590909204,68.70272320491493,9.053809347523426,12.951224220507711,14.668619427020161,65.80160428427739,21.115568761592993,32.4656477792585,44.18125167901278,31.351362263691698,26.332052580263188,23.30307013145816,21.79876687390213,33.62066034044133,62.37746934861988,31.981579710208905
3.364384298955843,11.577172101629817,12.664586342647828,10.021232059696036,9.089344249216682,11.216886853864702,14.504039179201204,56.52813967270845,60.27791779248539,16.840950500631443,6.26546644727091,8.621038724593975,12.33155815181937,3.483684571796564,12.746443516782852,34.15234556219474,8.306448299148892,9.5396710124728,18.783763379494864,25.365446140693827,23.7504488151876,28.13762128188757,25.333695425089825,27.99586276648294
2.761495,2.9055730000000004,5.284415822776972,3.0376445000000007,5.0223786745400965,4.557460747885288,4.438224729110788,3.6082515312217622,12.854834646886774,14.064772796440907,2.829322296473749,30.05493106932648,58.760674219810056,8.67512663969246,2.4250569126301644,3.891096069039892,6.598737656847079,4.227245175365168,9.632293330200506,14.858181890506083,17.294939731273384,22.05966127707343,14.827950645225531,26.867768725688126
3.2839400000000003,13.152875846336306,8.002924579511163,8.517113462328446,9.552804389221803,12.737406023349216,91.93305875531236,53.77872290618923,31.57655121660273,29.21871132828495,74.12383244595433,21.798977658353884,18.539017927343092,26.3930637180433,17.56982125727021,16.06630783928346,17.300433096172213,12.753348964490575,11.251799030076034,16.3613083685038,16.605937877960127,17.734103089975953,21.872460152220047,26.89175316125784
6.075091723530584,4.962929015422613,4.804137458153434,6.516591540556776,6.075091723530584,5.354526053268691,7.098814030845225,8.946384352201077,11.74311753369318,6.907734477698853,6.236310458517116,5.145636394653046,6.22396748908746,5.213441559091815,2.8284987843435347,8.70050457069155,37.3613296348265,52.94920079278178,31.28493555287405,45.593925007675,20.770385030293145,27.81412567438949,33.97501572654366,24.550361569369382
7.986615668256404,3.926450000000001,14.850087447928402,8.551259623327942,4.369979850238459,14.589020975817832,12.545467747099323,8.539087167899295,6.678925324556145,12.658762764768673,7.500473844971231,10.755113244051762,8.182335103604979,29.846390181168786,8.137016734265973,7.594703065674128,8.659586690961786,15.57783142186015,5.227623573235907,3.967125004047831,4.827650383914416,4.264059508675517,3.8638804655912407,8.53517422814818
3.2839400000000003,3.455276000000001,3.455276000000001,3.612334,3.28394,3.612334,4.146331200000001,2.359296720000001,2.22472008,8.160749835144944,5.663460787077216,17.255980538745117,10.261711870071307,7.497691984937431,6.34162140399175,4.206099939089864,12.18847695734948,34.16626551739303,39.71702787793973,14.860375819661153,27.795141728366456,14.39150533036649,10.75568856097238,1.9859400000000005
22.54568386440876,5.109555452065606,3.511797435619682,6.296312761659657,20.86482723166818,11.834710465407198,126.82739996321372,43.16918970040777,12.927404890899814,4.847120113624768,2.855952,6.244277119001311,5.864190685670798,5.307635551151115,2.07621,54.99557963085511,19.911200557458947,17.222332300867027,28.344970048395744,51.74094389383395,26.63197301480231,28.472631873740543,17.855466064930493,17.605451150473794
4.17956,10.158496730829558,7.278060365414781,7.335120810104954,9.654769620209908,10.6202465822309,12.190196076995475,22.94686159712232,80.83740377143059,8.175834455659572,81.27429381131013,22.920377097493063,6.831704326191893,8.952604556921916,5.537392980419052,5.526281996682621,2.6160246,40.19106691261536,10.514393804821012,7.399093388084966,8.761160195195444,11.70761512937397,15.936315268671702,11.910281933488193
4.104925000000001,10.496819741177916,10.496819741177916,6.276834884881308,10.106846329275694,40.34955993027381,27.409373132950645,12.8570710709995,6.75850081276833,3.4761251250000003,49.87530897446732,55.842759455623074,34.75430875567995,25.847782931840506,53.191131707731984,24.36786380324991,22.39412503705483,21.002530577883757,19.21218803297885,4.098027827416957,2.483129500355765,2.9493877961344146,4.826486612773016,6.033108265966269
9.009441921387106,7.207797585905902,5.945740822095937,8.590963133179043,6.850386135365111,7.271540152832265,11.072506089602202,8.504439125668688,58.31307888523422,7.223064183695941,8.461041108780936,7.996555974585452,5.297843635670361,8.354209781649862,3.0689984765776464,7.342917590650781,5.639091602613656,10.55470501667285,7.288986043571539,9.933680889458545,16.66842837991308,18.880471652453327,5.858700100120975,5.448397683684693
5.994730908995922,6.321933032471277,8.28187369540232,8.658322499738786,7.871202272489805,18.918421557874115,37.38793861597376,18.69943921531937,9.54458916701384,6.665477197112958,7.392085612425209,8.586766115443423,3.8232000000000004,28.7063947538232,29.970688791588458,25.08920775807522,28.36424943655296,49.74500780760458,15.551180875705928,15.240982946276752,22.54244994071374,22.50022619521048,30.78799215981892,21.391829965558223
9.66483153497769,5.148965421212979,6.135893842425954,6.414798107990769,4.357650637920281,4.3512205,8.743572810893502,4.574726032433401,4.313779092971959,5.165279056079953,3.840718112740261,6.946504175478195,6.7845277910690855,3.667970999999999,4.920440457630387,3.405303,38.39068157666647,15.828884238096348,22.675074321395712,20.92167422176282,18.80197600100348,24.76624491817712,27.101633786731256,35.294130823229345
33.848364485765416,11.26667809173495,6.346256667564067,6.634722879726069,5.458782414090051,7.894847328180102,107.0299500324433,46.73451189680876,43.67810103861,32.412722343967616,25.589872980286703,53.68044770526341,5.420154605181416,22.28585706875411,6.044785456585786,2.891295,12.137831085864418,16.934900405104983,14.508654932593316,13.548101579212434,14.266393039042354,17.543384530047994,21.93677046677225,24.2732052567452
3.060035,5.482339251606974,5.482339251606974,3.3660385,5.210487718469437,5.7315364903163815,3.863626800000001,3.743395611303869,2.0730346200000005,4.412335736140255,4.893327596475646,5.684168420148477,5.338175559791613,2.837487,4.026285964271837,3.2513774322564486,2.737851889814559,2.324648674619703,4.697545424294449,17.716320003269818,16.77723759721542,23.152715790171,27.85007293128005,3.151006406821438
7.259791905428655,6.790528551146301,15.082325881362918,16.699349725671954,13.808156595333733,12.781384563584991,37.23183465323987,31.819302114061625,34.70494897823148,33.12821327150634,17.33325222181772,85.66813522745717,28.846280786851096,15.420406777800059,23.12741224501287,30.813420985777388,23.509028026573127,16.685803643571226,37.63762644510974,24.47670972462457,23.60483708994325,27.99199821685691,49.63984291031312,43.816172995658086
4.104925000000001,4.319095000000002,4.319095000000002,4.515417500000001,4.104925000000001,4.515417500000001,10.209083113443066,48.31385079791544,48.510468100737,22.598345329180848,26.77328824261653,43.35370885405709,4.20552,59.31056002847073,35.13408960416283,24.80077009189012,2.5693098750000005,6.844241828250346,9.280154936597176,22.970438659402312,22.31313368220193,22.76355534242453,30.759770316147467,2.482425
3.507845,3.690863000000001,3.690863000000001,3.858629500000001,3.5078450000000005,3.858629500000001,4.429035600000001,6.31448136,19.47315654,65.37121072414223,3.2943240000000005,4.009616157088407,3.5938079999999997,3.252729,2.7106075,8.366556259691802,24.526883926113936,11.848306665127662,1.4009112810000002,1.4409373176000009,2.241907230356729,30.610849805097267,1.6970760000000005,2.1213450000000003
31.27456832460744,26.118685638066943,8.479543547425244,9.243741278953276,12.797257628583184,98.3039275755068,12.406758469213669,14.688189097578148,8.1699178375185,8.605752392922001,3.4114249644541874,11.720172803771929,10.257572022425347,8.581932610577367,5.457340853685147,8.82533741523067,6.699690958943256,4.359313919621383,21.05707321803626,13.942397225662209,15.533577866683231,16.662176953724536,16.488037454495405,4.728110329767642
34.992644320272674,16.448520075626107,11.977530488755118,16.926823135079363,12.105537203980507,11.191912561010785,14.373036586506142,19.63382798603609,26.943318544514607,4.1164981162491,13.74867174762566,15.640441921841626,12.469538503085984,16.739576492409483,11.193277845890831,19.174612571266128,41.71691322358252,65.2514131158505,34.95787000321872,30.17208296053168,17.952343235210588,24.14703164563511,35.36704236359057,49.93513837112565
4.254195000000001,10.45434025183848,4.476153000000002,10.929537536012951,9.935943214557229,10.929537536012951,11.24087653816869,3.6856989250040137,10.550851017722172,8.21122620883062,7.390818427039735,8.021814970645623,10.179432732068118,9.21332916258943,6.480381083387534,5.88559977960935,5.249108677543903,4.432901193288281,3.968070121869305,2.384044406051649,2.866673447191672,4.326258911128951,4.806954345698834,6.008692932123543
8.919217667528327,10.943720881176764,11.661598817670892,16.483500160774337,16.025443459994356,12.46334034626757,11.722875161388908,9.719531218629315,24.66921145027195,30.40168384001013,23.06057349738168,104.63531985745009,26.062349467680722,26.106131043656443,33.763046679948225,18.65625369990552,21.450857751145254,29.72339558132833,16.228701058162038,17.777047382788886,15.950561853621377,23.87649910205929,24.927530459732026,68.84142100483747
9.61581181313203,7.04005175493405,6.495807338565592,9.157522362215916,7.084009705700976,10.577392994445232,12.141007611015398,6.765882276195936,79.3072718525743,40.833489740401134,91.1625792318164,171.7967253019945,35.14208539527336,18.16490466114882,5.502762537560357,18.44165434768794,22.229686875071277,54.28664977018725,37.58277018517026,18.619733937948556,14.41201494488024,17.682205496285686,25.94581369668266,78.88945146527979
6.793205837474399,5.828358238406275,9.913361206531514,9.082763057734576,6.50995894834977,6.093283612879286,11.527269816050314,5.929623129664091,5.393530840396804,36.005441342599966,50.14816608327478,13.872357904055514,7.105957452773476,58.67986735902187,9.777242609629424,13.247094626325504,45.504444984561374,17.87025227089432,15.315371551268209,15.148592180495104,2.886685630602791,17.572227115530882,38.4023798794498,25.191473658051493
3.358575,17.2119223570191,13.10380490200064,9.289780384157186,11.035304560445224,17.994282464156328,17.393448395995083,37.25043123985152,20.66018735837681,13.617119277774284,6.8106097710407365,12.097808081246251,10.194949510246825,10.001009474314147,6.686800644575191,11.225472971116426,7.313180397864246,15.916239470415263,21.95591637124692,25.918433798790648,22.63874646276206,32.08874407646721,34.80993707564513,32.75982264954204
4.104925000000001,6.764117539425874,4.319095000000002,4.515417500000001,7.47579422953813,4.515417500000001,13.80808099166519,38.62215215916287,15.342442188092772,10.186755500515824,3.855060000000001,16.854133530212685,4.20552,3.806385,3.1719874999999997,7.049975882549734,2.5693098750000005,13.799357293529502,21.883766669145157,25.13249288223184,36.32518855653888,37.17141770293375,27.671800229605303,24.80278805524073
3.955655,4.162037,4.162037,4.3512205,3.955655,4.3512205,6.92970490474314,20.121916859530288,39.95155626809729,41.813851858926,32.32248800390148,34.38731706617074,16.60499692397551,12.48477572849953,31.89019191566203,59.16437367276981,42.985837461940775,78.51330302844397,44.68610959976719,25.345660915886054,33.06130527850768,28.320694671110864,27.79454690346332,61.79249707064587
9.978347000384383,7.250223854234616,8.579709132443693,11.471545480184574,10.30744704257068,7.224821558822357,7.794809940331667,12.4649340936102,34.92298675092056,20.63995353868382,9.793888631303828,11.37673931919131,5.258326963987945,14.843242597494552,3.9115438141790158,48.48416524826129,15.36336793106375,3.5252638223199613,10.01906715808106,8.475783220386335,12.855442931244212,17.15060143991726,48.16316748991159,37.46586578943048
3.358575,10.332815158750332,5.360163830038409,8.893113434562462,7.601630867765992,8.36179395454259,12.13539145677337,3.852487956658501,5.785494726806568,8.365994695072287,4.422025468786993,9.92346967210221,16.666281628881027,17.705001214930025,13.841047102773452,25.43270406811496,22.572930001345014,53.07698137751863,31.251193693188096,27.87150253059468,20.514359548984416,29.20482004858907,27.39545221147388,3.4895214762024382
12.87659039834672,9.485244246944951,12.822963604013104,9.723343168253349,13.079837179469504,14.387820897416455,13.415026612345834,16.87538499368152,23.625440405748744,123.92906561532968,17.159795059289664,74.86516926034959,33.031188918875664,14.893262361345702,7.4372232866589325,11.366017873416155,21.609198574973032,21.30027493239523,17.797863267145004,17.426755074532085,30.039268953320263,42.950698523577,37.1163984701188,9.948833298763985
7.460432723805522,13.484898002285812,13.479149296923945,6.536232664898102,13.343508435835002,11.7844602892524,17.761455952859205,19.53326999685851,24.958977349296067,97.55597663575516,72.81355441559239,11.495302525587686,12.736941738003129,12.463140361120393,9.457654008473055,10.252792932576936,18.689787670702245,10.70123765445229,24.45721107782962,29.351170238197472,24.06559878801258,23.15078467658891,28.7941997163482,20.8589260742024
3.2839400000000003,3.455276000000001,6.243721000000001,3.612334,3.28394,3.612334,9.193483200000005,26.53376081023404,62.42209408729704,22.5072868053858,18.1454215309201,40.7087120013362,20.573723444472876,20.991714017103444,23.938223591500325,8.023540415769512,20.947580208924997,60.09340765639632,18.35968083247962,22.012816358462384,17.416843952814723,22.282478468242463,16.907689557483813,19.96712084011486
12.462895818889775,8.757361692290901,14.035206300681685,19.27050562178992,13.82479506333894,12.346231331211769,17.646463991986316,10.57517317874422,9.468873740361987,31.58746111586297,14.369729489443127,15.349079820773218,14.153522561034912,12.084984127144809,13.847636551426724,35.40302066559686,27.60968138819022,21.802501128230293,12.194793975628397,5.277518531588821,6.809690716319756,53.68706319550395,8.08896647410354,13.720216640391376
10.539188787856489,8.583731040292989,5.812045572449906,12.865119284533126,6.389355733894369,12.309230905747476,14.766919526594544,3.931809294082036,5.429331740775383,9.90401538309306,9.085289352523136,10.00338329496833,19.722879793313425,14.251043532949925,5.008749376287991,12.89182055927731,23.12283834932344,7.254088476874224,10.61708075937196,18.76613390681185,14.952979207264423,18.52754654639406,22.56008672715481,25.221892581264942
21.775688243634896,3.455276000000001,3.455276000000001,3.612334,3.28394,8.518684356695577,4.146331200000001,7.295007548302738,77.23822656192769,6.943921803752809,7.233170062562594,40.19823929280845,49.586591224358564,4.6332820085184885,3.966751343889684,16.284557693104396,16.176099606033308,18.64783395911616,18.284396776212446,17.61405077318849,11.467906488455656,18.771012496869908,21.8409706864926,46.91057404541069
3.06854059534461,4.516917023502213,5.375769462146017,5.62012261951629,5.109202381378445,2.6271520000000006,7.532227754575222,16.527982462096528,34.64231649892578,30.14225718865756,24.702148891093348,29.89089069971712,18.0200762193795,9.288022978510494,3.001895012085839,12.220539179148792,7.322072396270806,12.571405867594189,24.48248617497214,9.343233670118025,14.667748117867164,24.052416940074867,10.632202088031796,27.876437750970368
3.2839400000000003,12.305014843357016,9.256552172999855,9.07030979628414,6.89049816134234,13.037523773760716,10.627159788925598,43.7520703681786,16.991552752805667,18.78370249212829,8.61719835500988,13.101534394361842,12.304049692096335,10.175612054321814,3.8394947398679533,10.338819532942065,18.362770656770056,15.101398934692076,12.380378079736376,14.911364073895758,7.174295836812071,13.919341000988409,15.577740162050048,10.942966618579607
7.817436229765918,4.397624,4.397624,4.597516000000001,4.17956,4.597516000000001,38.48281246546683,20.01629728472556,17.696919510412126,19.2294716574234,15.054985516586362,5.365436019226017,4.533751259996457,15.814631885287861,54.03961722477553,24.46024596222586,27.27518267538605,29.62251689691355,47.13058571152251,20.491352104175704,24.88841666824635,23.86172071281649,26.737217265934227,32.96940833792055
22.45083902235822,51.42220450614697,9.657445038761104,4.648709759985249,4.789409313268146,5.268350244594959,48.775444245969865,23.201678959439448,3.244607109315838,2.338484175,2.593404,5.224810159928885,4.906778237150606,4.023215383508539,2.395053282769382,4.123056713161274,2.997734829259198,2.136785386295958,8.369666264384817,4.700377668868454,8.537516198236666,31.41044759643309,26.75386739189694,35.150660771219805
7.276576897246478,4.623889208832377,8.82250714857807,9.223530200786165,5.724746116027339,6.541079850393082,10.587008578293682,2.5201578600000003,3.728070304088378,5.223281531813964,7.874634479722575,3.82674,8.590510341515536,3.252729,15.647115115963956,10.971107330196743,16.282482284685628,9.040971886038816,39.8703635734332,8.404494959600322,10.835266301057931,18.330488331555923,5.898147750070733,3.327935054059149
8.573671179148743,11.771927254669253,11.06375379345648,15.25126983112715,14.566888329466453,10.850526899415998,17.056383928999466,11.411849993026832,7.655536889630094,10.072856522885107,16.115395938246536,19.791880284632743,12.962839580348032,9.14689894580121,16.6987097033118,24.04074948988538,26.394577713756323,25.62775359201653,25.89855743957428,46.33830346722377,16.04834326126714,50.534799281487,40.03165796247725,44.56354949779796
5.898826528762145,7.804842870418469,6.77204208952733,8.17538687617646,5.10555087771435,6.29734454759826,10.477968328837113,11.392417317478598,15.644980811193909,8.647868352379303,6.311698639059595,37.83362945037421,13.722274229667361,5.507143436405376,16.397715367249262,9.521334388942988,14.770674208369345,9.090323517529578,8.783299102439814,12.341581941484437,8.730292529193019,22.65951601485938,7.699322958518733,5.010795652861052
13.642929737661287,4.953725591902224,4.344002141037576,6.071308351436033,5.519371228578212,6.071308351436033,4.334800800000001,8.30453671085793,10.21983847076544,4.673903908564186,3.224232,3.74532,61.64571500033781,20.65243203766727,22.48595685942861,20.887319011512645,20.961407450000543,17.416811893404528,16.22619506869021,37.67265005562221,21.16777286246019,28.08689104664732,62.11012150180771,28.99704620391625
3.955655,9.284192931859648,10.311091499857602,7.111843923059436,8.126692601591724,6.498372051268448,21.36702054525568,17.60523093564264,53.75780817373955,8.29864687598419,13.913244849774385,7.053068353447374,111.63236882293255,29.00684974564436,20.483876566514077,11.633671070831383,19.150583882401243,6.559992437396154,23.517953947759715,31.14363782451767,31.60340254266589,29.50844973377012,18.10453689384264,6.263626124268669
3.731750000000001,11.25570083790417,6.43099958977726,10.4872787220308,10.837255824726835,9.44665588876848,8.884884865063919,7.445358432696018,7.662828681821698,8.320623716649408,6.803994607089238,6.397670022512726,11.467007283243873,8.510904360974399,6.827389460328815,6.96677342212532,4.445464128520703,9.21435771099648,12.61189095428524,4.94672663622718,12.24347643485484,21.778260704209075,14.268752852088426,5.792334333071263
23.212281206992067,10.823110992504535,10.823110992504535,10.108624022514212,8.367081001904705,8.298954181676141,11.602942356277184,7.390127522320038,6.272789676374734,5.460058552951143,9.660297414797435,11.221557603047527,4.920271479153466,8.775570558600798,7.948603302158663,8.855272630230983,6.438368674748517,2.38732215458741,3.560526938223836,14.514481985038117,20.56245992985223,60.84836212589554,36.467554639588776,49.44642995121655
3.43321,34.25546395892821,26.69555848496803,36.16077023242048,7.774730449599314,12.07349124850998,20.46860378345522,8.181138825468436,12.387957510467135,31.68259995095921,23.58656392694624,15.317017659327108,13.488613783726842,10.559270088988436,19.374780139857116,41.68570913541209,36.603063669155176,30.195672523899137,28.233980738060783,32.79578031776536,27.21445400635664,30.303738683004728,38.79278629471561,54.457997668460266
9.29735420589247,8.689153272898734,6.775912777882561,7.655396233830106,9.29735420589247,10.227089626481716,11.738920266918145,65.74258312095607,8.631927437863766,7.873168584353486,8.731428297707712,7.875510688388157,5.533201888460527,8.621182990918468,11.222068247058631,13.638942495408346,36.54518142680632,23.407848374041254,24.037742538183178,21.000926148936763,26.7430037699758,30.16685092268434,10.680645809702536,4.958767302944209
3.88102,4.083508000000001,4.083508000000001,4.269122,3.88102,4.269122,4.900209600000001,14.789190778968038,63.432423732880366,47.49201576594015,29.77447985329004,4.23384,13.541256601698507,20.61760825314165,11.148641545088797,20.89625622824646,30.735267895106357,30.68019097757014,47.90862299046204,22.620428127438053,20.22643361123105,30.47531370780341,28.52590514283605,22.38118624039152
8.63058760382792,4.258233119050964,9.931934309560605,3.858629500000001,9.945441699169166,9.493646364210711,18.11969871903511,58.18970148102628,64.08775453382505,24.708213668797885,21.6273730811534,23.92461403991797,24.17384825220118,13.027242375678023,5.8975796412460495,21.45107959399433,58.65230376961796,74.04313780134454,34.634585292746586,14.01839908576642,15.802647256686472,39.154587710175946,53.64332318268565,5.708437074991632
3.731750000000001,5.549240096911227,7.17203019382245,9.43694960413688,8.57904509466989,7.498031566268923,7.964420387449415,19.067686770420327,4.170002047521818,5.1524947038095865,8.056842349776941,9.358958285094424,8.789282563393026,3.4603499999999996,50.257881335214734,19.634399242982166,26.023571135089615,15.349571494338324,19.972392356107196,20.078577808348797,14.340185613878946,27.8238788281934,26.55741639027436,9.240112029042209
3.43321,3.612334000000001,3.612334000000001,3.7765310000000007,3.4332100000000003,3.7765310000000007,11.312967600000002,18.257429453970268,19.56868926121892,2.90730465,3.224232,3.74532,3.517344,116.7730179927618,2.6529350000000003,2.955546000000001,2.14887735,1.53171977508,1.3711046580000006,37.47574887807595,12.415777049170517,9.626567859927356,26.53884391193402,22.00945768340992
36.04041529669145,60.010590418257046,63.54894544003589,12.19121582860593,9.311556070919552,6.993682502921982,9.024462874107094,6.425628290795512,4.72133270569076,10.592781819288392,8.399514105615049,13.380238862579532,6.916037720974991,8.887441215900326,9.101038615949552,10.1391622023213,5.6939520522468525,4.819739576060106,3.7854535663449456,12.596501714631623,14.845400007016542,18.74254445350537,9.035023131466598,7.564683508838595
3.657115,9.581184510406066,9.581184510406066,4.022826500000002,9.106084452038822,6.474862753417471,8.370186770447608,6.633009803716934,8.924149003326665,6.033275550373481,5.062737607012392,9.933910311315076,23.49604612935337,26.418128969954676,10.616300722812422,10.43728614384533,10.432088558922224,16.414487169691927,14.14645071115294,18.34389199647248,24.67425851703329,18.228127765673165,25.35489864505444,22.9967992162331
9.712483700023595,10.21922198002483,4.162037,10.683732070025956,3.955655,10.683732070025956,12.263066376029796,26.45711378883661,20.376037833532795,14.36408145148236,22.98127210990313,16.013209497039192,24.086005867086516,13.625990987431752,13.828498052504912,9.279633067653835,16.75407871214776,17.116321896489993,18.080550565623213,13.385548629528785,20.08180003270753,28.99200319393436,24.108060573968054,24.24571682074573
3.507845,6.437081631564373,3.690863000000001,6.729676251180934,3.5078450000000005,6.570173653893106,8.075881957877247,10.93247324522122,18.84808423930039,33.25115233352422,18.97280694304688,8.049077548943664,13.647423532709604,55.808909261798625,30.343030587334518,56.97249801850798,29.39652082274174,40.46113762499348,51.52539716535557,23.539518642021235,21.2733244139602,22.458469387968773,20.61383503875712,51.29109343886889
7.862812783733911,7.419716672491227,11.464864656682664,4.4200757149980685,7.439766621576282,9.14281352092382,13.699210445510175,7.683029615670329,5.29524178119292,6.859333611333166,11.182734188194038,3.50106,12.19934638712077,15.855940516811899,13.052486911013055,21.06755851390479,27.55476718631681,18.11028279086314,23.88231190537586,17.154443410862598,19.31672637573604,16.248416983829852,18.24919124537063,14.99921913380641
4.17956,4.397624,10.200503296861855,10.664162537628304,7.18781448146858,7.079325947211578,14.013495956234232,7.110416013113443,10.993622167387455,10.369419577995522,14.442960488265484,35.97748699545065,15.912661724939493,21.431830967349313,79.8101713359826,32.58606007326262,19.228801705661144,16.891110986522165,21.718575705476265,21.226204626017186,25.69045167764125,23.450908657443453,31.314298601913624,33.00545715582209
20.32493794444453,8.869663974343327,6.654310104064114,8.983324046947445,3.955655,13.577174334336624,25.506149716267736,15.19161445722388,29.70505869677889,28.539477742296008,5.939384225115076,4.315259999999999,9.984613933640205,73.13371982677268,18.641297806491856,19.245435641480977,79.34861816405574,44.50107258915811,26.447235847522045,26.02900375051195,40.9294394163226,21.5806087021289,8.248200539162738,5.893695724718176
3.955655,10.08964318639462,7.125840093197312,7.731425680671313,8.821101850966281,10.54826333123074,6.7552483738033455,6.521360403861184,6.496335400357972,8.120419250447464,3.714876,20.12131552728752,20.212175184500364,8.309947627460035,7.71122715871266,5.4784646120774045,58.81503290733061,11.850137200676096,30.124281755211825,32.40861398357777,17.98672895014412,20.894246229857703,25.14303136101812,17.922928062081805
6.456218592682115,12.87876844057803,12.878768440578035,7.101840451950327,12.240151823689867,9.970956731007751,30.72643061760533,19.99674744136402,8.292146490012438,8.121255847439741,10.11257722954416,11.6207225142479,10.115968795924221,23.316082141764678,17.441301331541943,25.002616572578077,21.62326026130845,63.44578125472825,26.085172452570063,20.71265832018904,19.075490901427063,14.763690144139655,9.08921692173155,7.402147150294662
27.450670421919632,41.31074233998096,3.5766397960014684,8.478540993100124,8.856692214555693,9.742361436011263,11.182536604812928,43.17909511916745,48.47926360691277,5.310909096576949,8.317589210191434,2.7682800000000003,9.073733683845202,14.064013643724197,3.736480498304905,19.080046475298445,55.524348954957645,28.083684321940087,44.423638783563696,48.83207588510991,41.468295677696354,32.39764224637441,47.8833975581712,71.0308473297723
19.46079715426554,41.35697754405175,5.441152698016242,5.688477820653343,5.171343473321221,5.688477820653343,20.02504942869926,17.728137032588265,14.218264012466715,5.816407667720898,12.797891201903216,21.55800836973461,49.42142274294678,29.92762582459965,3.9960381384754884,4.451852207467834,8.696944302966045,16.30446811552277,12.31884883515164,15.07645782278512,12.395690686860387,22.05451574501297,12.411006123689967,22.282707652695656
8.77431238933691,12.255185124595048,7.543940409741699,7.373524475481197,12.11921412607886,10.412488820165896,44.04479981820644,138.6179030874274,10.219837429975554,3.835963482111791,19.570770381570405,18.934828626471248,39.02761538325101,140.32196487764867,21.952756588331205,19.23919048980182,94.03768761899964,72.87863294432326,80.81549872707103,41.21738502073842,15.326940381295197,44.49754615564512,24.91660143329893,27.33944598823463
11.195352958210169,10.120888581260717,13.91955010851496,15.774986364051138,14.696381453795793,10.40319401717877,16.72534144519417,16.507467517389593,23.84740982210068,9.350147887355408,12.722489678112789,11.536655779276389,16.233980215370003,8.919460785739153,11.825313853970936,8.373181194062438,20.50057538324757,18.153044172265844,20.35465503472504,21.54234452984577,15.055576690466296,41.68443350581673,54.33804829405207,42.573612414776136
3.89873,9.942290162005884,3.7693920000000007,10.39421244209706,9.449284038270054,10.39421244209706,38.588660794947565,105.86070444183412,23.89462366952743,8.607347068908618,3.3644160000000003,11.632011738669071,13.890011881343709,20.04443659250585,46.67687665659601,48.82549602902496,49.9457945879352,47.02578060742285,25.940381315290637,23.82615191602808,16.504863011976106,24.154808794601177,26.85504547585693,40.34732139828967
7.130336512084971,6.392423301927923,5.2824925346186165,7.611293730128795,5.653486482855231,7.843370163293469,3.6751572,5.122681761986612,10.422273380732474,6.03809860091559,2.733588000000001,15.496836222323685,11.88508438976943,4.75828634052871,5.509805486611112,6.13828969301228,1.8218742750000003,29.467826533285805,11.33594230299703,38.58174658963126,29.92783740132549,16.01404958333801,36.69010225778173,43.994300710258095
8.800112619432957,6.131695386030209,5.4067281604523085,7.168329093953936,7.665026875239922,8.431529562763915,5.8433622741019855,35.935566691186274,21.39477774072176,31.295788877442803,8.028123615627207,15.597982509091988,7.852865478506671,12.869458927397972,25.89398785197163,18.071996154967483,34.85273085702142,31.057250854096708,29.78620055306464,29.192996576359256,20.95191709111776,36.49601826162247,26.126256723951805,44.62576392599805
4.598743467067475,7.536634508248059,6.065021817655039,6.597121990303291,3.4332100000000003,3.7765310000000007,15.658427981705568,4.947256229352539,27.51308514923144,25.838723731009825,41.35908883073128,37.41087831801877,28.292319011800117,25.177873758301583,4.8144697934705905,9.576817636862947,5.358756518303828,12.62176203346273,17.84267846114864,15.801978740673924,3.292098525990848,3.727830621428751,5.347887078279709,21.161639148280937
3.731750000000001,3.926450000000001,3.926450000000001,4.104925000000001,3.73175,4.104925000000001,4.711740000000002,13.20590170221498,14.253329915988692,3.1601137500000003,3.5046000000000013,33.92190715280275,10.614758334418006,16.544642230511865,14.19874575676117,39.2852241811694,26.384859137791565,16.71898949166893,17.550765897874573,10.189047231684496,15.98619928599016,19.755996154145592,20.98095476180972,2.25675
48.11657321850229,29.625407908746908,30.762238017842154,7.550465550925717,12.13612039063356,9.52387525893876,63.28242675745892,44.965532292135336,40.12278379286109,97.56827646417818,61.261944682554834,115.5130805887348,38.87271285589623,128.96447774608265,13.648183267794105,8.59093440276491,6.3961696147388185,26.16553867614193,39.136514171579314,17.114564237179373,18.05587397306671,27.09293911705884,34.28553406771555,10.820454095840784
