1,2,3,4,5,6,7,8,9,10,11,12,13,14,15,16,17,18,19,20,21,22,23,24
10.978328201028976,10.746303995055849,11.017779349068958,26.538070590282672,14.983247384318684,8.48256694582843,14.553294841751498,20.947914006074438,23.85129361444623,6.439514202243517,28.02235138737441,15.51341964757377,47.23121630457168,47.54339583625667,35.28552033602583,51.4393564859899,26.304292921713568,18.203837581132365,16.636733157685413,14.548287758978445,16.69827334169229,15.03910358318766,5.836397555328977,6.057400231081097
4.00246,4.083508000000001,4.083508000000001,4.269122,3.88102,4.269122,4.900209600000001,21.07259686978894,27.3807344682254,16.090514266956692,3.644784000000001,4.23384,38.57658742621233,39.473086404852474,8.212133734981462,19.04362601739324,30.12307154242319,1.7315093109600002,1.549944396,18.58376782525093,14.203311993347024,24.46427449446606,27.54874742012822,8.545299896444156
8.349697583668595,13.951453044134263,11.706462401360408,13.092745722979998,14.442253568012635,9.970660305072617,17.637646425056282,12.288081599597025,13.237956198363465,32.393807025036935,81.56800619508705,63.15055490283999,16.80434562592058,27.697768394422155,48.2118921632996,20.413056590546965,9.202817075978468,31.655187774500742,9.171798380932533,17.298977259424323,19.59992839874148,26.282474722146848,21.11477071308356,7.254823821957072
3.731750000000001,6.57740500755768,6.430129729360029,4.104925000000001,6.251252693133329,6.722408353421849,7.892886009069213,53.47656957096098,14.34730355174814,5.293674439685177,3.5046000000000013,8.190624126664659,14.326264383995152,83.09509472578902,21.118075423439464,60.81470251384625,107.1499571166475,23.678602116566616,39.382173626323855,35.93011968820375,25.97719333573952,54.5711360647085,14.600475674450909,16.14800528107718
40.30342562115014,6.547574036333534,3.874970009083384,5.72755662658954,6.222900943622778,3.1197430000000006,7.857088843600239,20.90621237576444,9.56561076,5.269665662713288,4.730898784715818,4.202357763367455,6.729137765605616,9.749600729578793,7.2220312592214,5.357106029727437,3.894970272440256,9.086961534191635,15.622927465980476,26.495343625800466,18.931529591657487,29.627330048006968,25.763215999350034,41.73327809481274
2.1644150000000004,11.343579542462331,11.343579542462331,7.234926459066111,7.050999515583039,10.645875678657369,13.612295450954797,7.745508609902788,11.663004491098844,32.31963288665082,14.183655915725504,5.226294759064638,11.045288570271353,7.951409631554338,7.112946232811396,4.983554951367984,8.186593494320135,20.04095572514388,17.791038928834844,25.275147187116296,15.640965043640556,27.157751825191504,5.088717281956119,6.519788392174064
3.88102,8.843582003228043,5.030058408701078,9.32166945251639,8.641492062167853,6.609826385088827,8.970413009115692,6.208348471098332,5.805378839331498,5.269161263726001,6.249780568186397,9.8139755364292,4.6319313318511215,7.550462222156831,6.951566004970682,6.625039467400562,3.3026507270064207,14.455271376033178,23.699678433943305,30.277269156516464,30.439431378738675,31.29015537781434,8.086846129280428,5.4403560038901
4.104925000000001,10.412197662484967,12.561693715850751,11.377685487180925,10.113891844315992,10.885479374416104,31.38909444656431,10.889373439447803,8.717075249352819,23.07904821453199,18.552096369219665,35.33375962720908,34.71522696807297,33.94200953851261,17.938556639803128,29.873958840076103,27.659544261626973,32.93004376108189,10.465592037584832,14.164057875471304,16.20576947214629,27.31815085607749,6.225174511195038,5.535222007138289
3.43321,16.794447986870114,13.763833008871693,11.725335443836574,12.2573619276747,15.191853508090665,9.947029176957711,16.93496457341849,10.161383918514591,16.357760967275954,16.22154252004219,14.525064720575363,16.35282087977736,22.737507411362245,26.24715537710845,25.64425531313209,23.70414587661077,20.32182259281786,17.47774089583141,48.87937878276819,9.917506165382004,21.71741982863616,13.107419229852509,7.603699487621211
7.427663558498628,10.486767435675548,6.1485893320662575,5.556891040838748,9.966762438865189,8.640293017409713,9.18224518231725,5.843007673978863,8.486546206253479,24.48147011456281,23.05757762362231,22.40367191992466,17.898157955529513,27.76138348301317,14.322008204294391,29.765691613932187,15.049200541353953,28.32846991225045,16.051158753520934,6.011856721961115,3.7141403541263935,1.931960496992952,4.821864515877862,4.491828159882569
3.88102,4.083508000000001,4.083508000000001,4.269122,3.88102,4.269122,4.900209600000001,28.142645136428445,30.826124256645816,24.2048118860806,21.47251889297225,14.46423159168132,3.9761279999999997,3.5987639999999996,2.99897,3.341052000000001,2.4291657,1.7315093109600002,13.289103649606302,21.341124625117228,20.28448751833156,34.20387160262522,12.321107892167984,5.220469402751841
19.748106881632747,8.294440886122434,4.59212816111317,7.596294352218742,9.46461500720882,6.306094463200362,19.086717593893976,28.756542860398334,27.60688022977695,57.10522977044232,5.567445059509645,5.827465620027341,8.076330119019287,7.309826566056807,6.091522138380673,7.883448972594832,23.4823467609601,26.13901695716008,22.798792299177663,18.745821940548105,20.12624984554481,16.175553982602636,5.211931893256407,3.45168
6.814353035485649,3.926450000000001,7.169884498206641,5.630813502565396,6.506092731937085,9.85022944414032,8.60386139784797,6.576244909333208,10.25499460440566,5.7705180477771645,6.565135854023058,4.30284,15.486531764372293,9.728708343984263,5.265636436511637,5.07015339442744,5.441847636276785,4.8243744505999215,2.7214155813978214,2.799170312294902,2.0771706121368347,2.7657399123744435,2.327371201739941,4.120932863356933
27.49155256755601,5.973293930464823,5.173573347173367,6.384152544089765,6.310485051533488,6.941533556686837,11.068271826253886,33.19892782751976,4.189248532062973,15.209694503197545,30.98853945331977,40.61121922819053,57.33161195130783,5.851540684149234,3.114315,5.432504522624482,3.949789961800733,6.532330778985209,2.520188234450248,4.808025257525795,27.97645444522251,34.32369540091791,43.811484075022726,51.99367737522065
5.8263488296604935,12.86846880210096,14.669211941369726,9.468200750361554,13.941813002128248,7.58560565021693,24.83156567168448,84.55218394077853,33.111331867060905,9.269928392568149,10.012426319530254,19.58594849447201,15.047789814627187,16.987983261614843,13.412750110249124,9.49725362944563,9.881306906815286,17.66204825544652,22.42967080755265,23.01479208707519,14.40101260339316,29.524594616572745,5.295989335808731,6.9648895382927805
5.685361013505476,11.221759408134972,5.981988544644894,11.731839381232016,5.7739137574436326,8.743870872299658,13.466111289761969,5.193747347762829,16.1428254249545,28.83922246180949,14.717545206836718,6.202212014733246,18.90599275266744,8.685366417491917,6.667135164961018,5.944924183233766,6.675513565271272,4.948416646212402,8.151988952705178,13.037396466932968,18.97152503816117,23.90465099280759,11.614060914804934,4.670196352759467
3.731750000000001,6.418052213534083,4.480139380785355,5.9862105097138665,6.099801690548921,4.104925000000001,15.460896000000002,13.69365044139723,51.34352365188229,28.31360302773686,14.269905293443584,11.896561606644626,6.2492829967995265,31.600277799269694,17.66604529314452,4.458351106767044,10.297351597685225,16.01497856853082,21.53318283826705,24.222734175787387,18.626620997482604,11.816997236773505,10.003822646151455,2.57498619556784
7.777950325919891,5.963057143571418,5.296847357678563,4.608957081479972,6.511601146123557,8.55574535851188,9.820507715857111,13.82912981154349,8.908307099999998,6.586509753267615,7.304509871298681,3.41964,7.968556223234921,7.212281211307532,6.010234342756278,12.372409512433865,17.677254653516137,12.019677047932516,9.691100633572626,15.367254697175207,13.754738568109088,15.111385074319722,17.288057916192827,22.68480494990548
2.761495,2.9055730000000004,5.215041164937271,9.63320076312314,2.7614950000000005,7.992610728887783,3.486687600000001,13.87521806891895,14.173790624260084,8.718532197666832,15.568935689949289,28.09498303849117,8.379231274172612,12.834261915595237,2.1338825,15.230430251149134,4.172956291729829,1.23203547126,9.963083889999242,36.56321610986994,15.785932048727291,29.51309709056208,25.16182917065807,31.86181250940324
6.444961131176674,6.781219972803285,6.781219972803285,7.089457244294342,3.88102,7.089457244294342,4.900209600000001,5.993514249198406,4.3661682135935065,12.204994171801516,16.320613205928908,6.645209058349217,12.295814898521215,21.583931189986693,30.33909276341756,22.16371998381408,30.78593925520519,29.589422604776555,22.031791858026395,19.95163461011136,15.833587252295368,20.48278074469325,18.639415173355285,3.897545664308423
3.955655,10.383222700888451,20.355819680028397,20.927952795836585,11.17665267743626,37.37733710832578,15.432664250762906,47.85034622652588,33.197094423072784,49.91985510709007,97.46787302198346,45.751758744574055,42.1876967783479,110.71398537260889,21.50073193892694,20.13971722380317,31.55198435711899,27.985942138140786,26.12986491006826,23.355634643594783,10.35110490217304,15.744809263508762,21.84037829818168,8.424403266260832
21.129885464893643,31.705128737213094,6.726651077730698,12.87759051138301,7.389426074896372,9.697802866445183,5.984264009021539,6.752629565113398,16.384194570835717,6.25750035342361,10.994306523552291,9.092071000617072,9.772622142919737,7.779932438185728,12.763970063271817,116.67035649020585,44.640091164074285,8.0103275435324,9.79495772943729,17.247844407684763,15.56005816608187,14.246181023221444,11.53574557616093,7.972499256429005
6.58673324718315,10.472781792432423,8.732877533875806,8.620304063185483,12.435278545775953,14.569366400353545,8.316466673834725,8.93393663871312,2.7809001,8.428779621035632,11.678348547337416,11.245674328181575,8.716442340419173,70.30670174065683,79.01963314288822,18.141065009039025,22.70547273751279,39.51352708367078,9.268640136659675,36.271571045304505,21.7108578242068,23.99926031826752,16.570203816872052,7.353386866804769
3.1346700000000003,8.970529769860144,4.329547412701845,8.030521095072968,8.525710111850549,9.108729117443078,9.247762224817066,62.383532853180256,2.12359644,7.219726335626167,8.006753844172689,3.41964,8.734640557279294,7.905658467352325,5.4519204347589865,3.7533107175359777,6.063743586153927,48.83383056060156,10.35723576081377,15.751752613589876,35.956463113897435,26.65755094507508,20.256197250806416,11.497747413076318
23.066840730595327,17.642360501954638,6.648951210618137,11.18983802239945,5.032118638730304,12.96506777239071,11.430192230525549,19.13271631386351,7.984767358665747,9.980959198332185,8.709081586785796,17.655272189483277,14.3471192096814,9.171795474514937,9.120125183478335,7.151514186101015,4.732993554008689,4.866227925259754,27.237025333376685,11.265915759534714,11.135896223738012,8.477989480790317,6.307247895799831,5.775208165988301
7.779448145271231,5.570190388715102,6.57601423779732,8.557392959798355,6.823499858953427,5.192454991959671,9.822398875594637,5.589026137063558,3.845477181213868,5.130652232410076,6.946812467133599,8.486670703932251,20.907980453869158,34.43237944851383,20.96425025939197,4.063660428490179,4.270890593535848,12.228573973807803,17.833250971607864,25.6618558319858,17.247735998472578,18.77232940237577,28.80460655619904,27.74348299107881
9.99382908378188,9.134160881406745,13.440747757985942,13.920722351103938,9.509943074039096,15.251408877896608,6.654216463306894,9.020763289595555,5.786932608957527,9.0776013805963,9.487507165544534,14.861426352930325,13.087309612584352,8.2742124496637,7.722504292013269,7.763683388220528,31.687227494005025,43.4708841454211,12.497292179791316,10.688925647145302,4.889964475785711,2.1997524757072067,6.180118428164835,8.092086032621165
3.731750000000001,9.22018127822724,9.22018127822724,4.859609830986942,7.848212714474224,9.63928042723757,4.711740000000002,6.295631216587888,18.84095236476205,3.1601137500000003,8.22958328965737,9.559616952632298,7.571947072786012,6.42919280619656,5.534377505532643,6.756287467243029,9.251695229932754,16.94529433061777,14.68888348827461,13.680979217379331,15.956180780688316,5.52720941288579,3.354361464102554,5.29935287591573
4.104925000000001,4.319095000000002,4.319095000000002,4.515417500000001,4.104925000000001,7.778753822142132,30.720183198848076,74.551598941178,35.291657697792566,5.249187802179159,11.450805246508454,4.4781,4.20552,3.806385,4.364200930533609,62.17094512459633,29.502702676162453,37.32792542067089,57.82733487210745,1.6862032440000008,36.30090211669673,16.06772299548976,20.45256485514024,2.482425
3.58248,9.07647786032614,3.7693920000000007,9.489045035795508,3.5824800000000003,26.2389693507013,10.891773432391368,5.868079019715593,3.547261706325289,23.827991804620144,18.92479379161566,27.799513871563253,31.19349978444504,32.25117585390616,17.701385365027207,65.25686545201155,16.780014605908566,20.93249254501289,15.338504858891636,18.48162516422992,14.013619747194133,19.93660968069733,18.83853578897945,7.891823676252972
3.43321,3.612334000000001,3.612334000000001,3.7765310000000007,3.4332100000000003,3.7765310000000007,6.265815600000002,2.4665374800000004,2.32584372,2.90730465,3.224232,3.74532,3.517344,6.679458272625549,2.6529350000000003,13.0185048425599,42.63746052003887,23.17775897832456,21.362185845420864,30.83123448082398,29.29501672697082,27.714774008658694,1.660968,2.07621
6.821910227137706,8.681983259840411,8.988663100064395,10.249720636494136,11.813945475578906,4.791140446375527,6.537398384995753,9.14189974949852,7.839448324954972,9.812111727153535,8.111453420684738,6.474806193210029,14.705627490826966,28.885458034194325,47.83455947056862,30.440484183710584,31.396927507186295,17.81993108755094,14.808470900581,13.581960772711716,11.501854111471609,18.112600602785463,17.702846298146255,14.193506155230162
29.96962153996659,34.37948947606607,12.779102586624177,16.036593069684454,5.717232894243889,13.359970886016187,27.94569827128999,26.462184008472203,12.281872871581616,12.345525987116588,30.30912390626849,6.947444580088693,21.964508814200784,14.425309042749138,14.62582290824523,21.484233941591068,27.03812921364416,57.2390757814536,47.86060249125742,37.32107259144079,43.63573238491456,16.902933552719993,21.249694018521065,3.6077817449104175
8.740884452173365,5.385618051691659,11.38257513216088,11.074429744763462,8.36671084606974,10.149557987129771,12.404714003356506,12.287776752013214,7.899615149759588,19.64195101176121,14.69167340482342,21.02589445121673,7.484529717398051,11.138037608094324,7.12985478434736,10.340428776824146,5.702443327443096,5.358955414758504,30.327581673110934,19.151489642171832,21.741472071108845,13.743057328489002,5.81115005639704,7.925425498163586
27.95330636471356,68.25467500812782,147.12890381393655,62.93864257197547,6.940642715809939,10.603230000000002,7.747496646396549,4.40838962069754,9.09816848342028,4.415004136255459,25.22201362637616,12.11565871316546,5.632118848485864,15.039674349672152,11.5466919431372,23.361736138975505,23.27305575306468,22.57760694553273,61.00817591075477,34.78071301545873,21.80118149199124,32.746103043272605,19.528314477745432,3.763746900943295
9.08334650894836,13.096864941366324,7.241922174541872,8.041871759908434,6.835854082714365,50.32524230250522,45.320147795936585,21.83715739206431,61.65702515422581,34.80614681362085,34.411860916755344,21.717162294244805,12.127447059310748,17.48147593961245,17.6408031224694,79.83724055266573,74.25256561737635,29.842406418205087,15.418293141381575,17.67574626949021,13.753433617913586,17.211802252536877,26.272388309068152,18.282562052463
3.657115,3.847921000000001,3.847921000000001,4.022826500000002,3.657115000000001,4.3567865,16.12071031419319,27.07224560320715,18.151558262649072,26.286641226,19.250220342988104,12.140702776401223,4.480489254863255,19.44276752971094,2.8259525,3.1482990000000006,12.717741861401642,7.0515493493834285,10.451010499286614,10.30931469116057,1.2898138680000002,1.5923628000000003,1.769292,2.211615
5.5522474983218375,8.167709114835597,11.28999907670491,11.97173861603378,7.761292941882076,9.61192993242356,19.000311480358157,88.4882192890299,31.8464117138032,22.420017151943544,16.215661769610325,11.6295438221366,8.609971474775808,33.62491210510036,5.542505752899864,18.461586248646682,66.0697567853012,32.138251293233914,43.6418866432517,23.229110421260664,16.044516400540257,38.9207283117126,32.34439336806957,16.73273354152794
3.731750000000001,3.926450000000001,11.169544210165476,9.843790586059816,7.249924533311572,9.71154579825126,15.379423674505032,11.202602618922056,7.953623264393513,5.70764522054828,9.55119421077211,13.149643271521455,9.435412108385217,10.88660189168194,4.839191903603354,9.892643363578362,6.880904799389867,3.220176033740848,17.49003420481704,18.814326367829626,15.808847011829124,24.39033408193037,27.858655745825047,30.097876749936145
8.200816522894751,11.635902303400366,12.53021189336414,13.524819680715472,7.0030115996999625,13.737346031360136,12.971422798809597,24.242489354398955,28.68895991010874,9.102994353373903,8.535752867914283,30.522941334509,33.405438880021684,15.80615673685123,24.633019092110647,12.018238666737723,16.666661339259484,13.963105645796553,16.848857467264022,16.046455881566068,4.608942922070794,11.217811075012296,34.27227138756572,58.90032626532111
5.929814907060632,6.879230405847379,6.367203324677905,4.649242759851114,6.294792888472757,6.522796397766695,6.104562746105058,4.085376699175385,4.264436054990817,3.4761251250000003,5.911631582217894,6.867046787424825,6.449052635146793,5.836989769311101,3.9240633404855925,4.907833120573929,5.61508943658666,21.800799013722184,16.672357055585696,23.90579101529574,18.71983411458548,34.83247999835529,31.99778681106057,27.308171181231906
3.955655,5.141961710416617,8.326717019270616,9.985787584895537,9.077988713541396,6.400153985416559,8.8161507706248,25.650853012253105,32.422384260423634,3.349720575,11.12431411669455,9.903260414772433,9.300453259090629,6.690571224354176,4.8558093002108205,7.013207615624811,2.9130779574512298,3.634613973727419,3.6254329360592674,1.91181357674078,2.8732126274525047,13.044612565540795,33.31771176855433,20.750173917192868
17.375676862574096,9.023305783203702,3.847921000000001,4.022826500000002,3.657115000000001,4.022826500000002,6.289850177935178,8.45706939391262,5.33127258,3.096911475,3.434508,3.98958,3.746736,3.391143,8.77955926255003,3.1482990000000006,7.430372011060458,8.730169250199788,46.17611511080232,20.756480099151958,19.04920017296065,18.08894461748151,16.785046398910296,21.96109126616589
5.789713079367062,4.162037,6.562388541675433,6.860678929933408,3.955655,6.860678929933408,8.617916551956844,15.111786665684225,8.461319318964021,16.468212828244408,16.10696427407319,21.29607160404261,25.903820563239034,11.538795446341025,4.81948519871355,3.405303,10.403308033313833,39.654448236632255,20.25073441096723,30.96390439604696,9.119058732597376,12.137378632468348,19.95793129554149,29.038979439380565
3.955655,7.882128392769697,10.196818701135305,14.549496916355224,9.576928624625022,8.079319112891437,25.13281240527552,24.93530776654003,23.815496744645262,8.180986496268355,9.807313030965856,12.307878709599324,24.76301977722773,24.500966629810186,7.743282354769076,42.244439727967844,37.80609865501754,58.63812193821772,28.030611026717,17.831882031409368,37.678790778331575,20.41792026032269,18.879346727732955,35.987583131919806
4.104925000000001,4.319095000000002,4.319095000000002,4.515417500000001,4.104925000000001,4.515417500000001,5.182914000000001,18.687231125369568,37.37658706230219,75.77021536347223,91.53019533138507,21.215099856781368,13.322091052424215,3.806385,3.1719874999999997,22.537155568197196,48.08599434052349,38.90759460532005,27.136195231936203,18.424275087665485,15.760782111359973,21.53116985058792,13.282944473887095,6.577914960030696
9.447286093054467,9.940187976170357,8.407162619032986,5.851007773263618,9.447286093054467,10.392014702359916,5.489519071427477,22.677590736825984,37.12979356414848,38.69177610756756,16.8441337325346,10.306130283332145,8.932444166560302,14.504318527516332,6.549595959658403,31.616731811739733,33.57380137824938,40.16426960743082,37.66617731930853,20.20369272464792,2.668968955736816,13.383771787494227,4.5705447343473,4.978918209312733
4.254195000000001,13.228634023395866,11.778989912280752,4.6796145000000005,14.71725954587646,13.5924146380267,17.502396106256736,21.426295825238466,26.79612057085025,23.216343371238786,7.56829853638296,27.49714822180708,34.9129711147177,13.646913397085436,7.379012742784072,12.669640826450166,23.353753450928952,19.791843040213568,24.8843952250362,25.47341553567276,24.43228189387233,31.004923002056746,40.78218683530478,10.50242478258306
8.021429203691147,9.339523287403065,6.684445988558422,9.918981962035817,8.098524716356875,10.911101874116898,15.34895021588736,31.31979289683273,76.50738669839532,88.60928140853747,53.09512910931864,50.69377374215285,74.72957686485532,33.447384301923066,22.89061466492412,33.187761612229345,75.64621084786906,48.37488147210468,40.768038289548045,39.25241694419947,22.47699534046742,16.959278864842165,3.977078191946165,7.139338177435164
12.514167663932724,10.439005203962893,12.33478746157892,17.176481578418148,12.514167663932724,16.555617541246,8.57454671975457,10.623175046007438,9.083025966885751,23.09157485588932,34.33333755759037,34.86865801296877,15.593612210609207,19.042986310440806,31.021305928553122,29.04440421966455,48.68423709551057,13.271689348005792,38.35189312846346,21.75865013444746,16.576529660809115,15.584784154516262,15.081531814937792,7.567856334315047
3.88102,9.3130301786794,4.083508000000001,9.736349732255734,8.851227029323393,4.269122,11.17563621441528,6.359029366632165,6.304816783865268,3.2865183,8.312456688408057,9.655884031989157,6.059221596479628,20.195053934748447,14.649640654678105,16.449910576061264,35.11272336125311,13.478774089489145,39.384397697898,20.69757277963107,16.718075850857765,18.93998541229142,48.31218863721997,25.436072299722657
28.0669329593578,13.53796105595892,12.63143769948896,14.247449898238155,12.262695794047334,15.64173572751269,16.591106610914856,19.211124660423977,8.295801813610128,10.394177243216118,9.498047358661394,9.491456414537687,15.45292633002369,9.155906162114608,10.654357110336369,17.214078212860585,65.93547988134578,52.38209458391904,38.43549448084988,24.34384043677534,16.320524640238947,23.76168751533456,22.397430560665377,11.248450651335933
3.657115,8.325284330573622,8.325284330573622,4.022826500000002,7.912460314181539,8.703706345599693,9.990341196688346,5.684586705718946,9.407113483981355,14.95522186743476,8.618832295057445,5.67765086843565,15.698900517868761,59.568037152089914,11.71023256623459,16.28541361676281,37.861454949777325,22.260014489702773,11.038610221339868,30.323369245722223,12.61650231114514,25.680903477249743,20.348367515348247,12.744435555100692
6.336385000000001,13.000758442179388,8.513070354466853,5.057405274462926,6.69361724408745,5.569754984248098,7.863330975216135,2.4665374800000004,28.094748572205337,22.004106118498463,4.789234320942707,8.826474146629792,8.289210502921893,3.183522,2.6529350000000003,6.965239380927425,2.14887735,11.758624084432515,17.42543127852289,17.898669455268287,20.566790928098182,32.239203889032986,25.44095408432422,25.99547314034045
11.83712674926251,12.454715970963164,11.133944930996618,6.217585083237749,10.477528236302232,13.020839424188765,14.945659165155806,4.493723156168312,5.862676083951425,10.023894151761844,9.728084159199234,15.322888800793478,5.40470755126284,14.069870190067183,11.235815438997674,21.686271501968235,24.8545006975053,28.698653828405934,18.757044452827603,20.85202782078804,21.66820620009864,20.82608614210326,18.569004636483147,7.158420524257567
3.659934173150176,10.636811973942214,11.041589412360125,7.261953478333898,10.49407258199516,16.626960163417166,8.32403596687212,5.986696255019916,31.8556949600018,29.73543542509421,56.42174761534406,72.65586385504102,22.27350933764019,6.414242875774326,7.907378600875938,10.606802606152563,3.066032317408633,5.561073519409154,14.767460979049156,14.625425533389754,13.970591729225507,17.835323792608527,5.397231589946315,7.135390574720855
42.14499079080385,39.12126302321301,9.277031142487823,9.69871437623727,3.5824800000000003,9.698714376237268,11.484401594437848,8.255686945421562,55.8427774299748,8.090192550102755,15.902688500990845,4.167723623271401,9.033082164285661,8.175775755175215,6.911251564339465,47.17827709983093,35.95297218190412,19.957543280340648,21.33816745944157,30.294171541168787,25.641735825855623,32.84220006876348,34.60603670084358,72.11284006012066
5.091014345983514,7.10093097154792,3.612334000000001,5.339603669070171,6.9856478842503895,9.507797453257297,19.6647264,20.20918156918345,28.95434263554288,21.58279337723898,3.224232,9.42922061480062,8.855268055638842,7.876869024145908,14.783375365369709,24.89956285897306,25.53061521789153,15.619265220652604,16.128763294740676,30.04359169488475,14.062073846311986,17.34728218463455,11.083487691188838,19.027522675244885
7.960319844726286,6.495774924716325,6.495774924716325,6.791037421294339,6.173670382994853,6.791037421294339,41.95570847830728,23.59628272622981,14.28385282530359,5.227976328872459,4.987823958936176,7.307523722394942,8.346807688063858,23.948707901010653,12.911899928571458,4.8904089520922085,3.324271308995532,2.7543706940323878,15.682528548653046,11.757500872147643,13.270656822514828,12.985069539092615,4.820920841936259,2.392155
4.328830000000001,9.454855179330234,9.454855179330234,9.884621323845243,8.986019385313858,4.761713,11.34582621519628,12.31178454,19.778720513095102,7.609524597654416,19.194493437657783,20.922926639315857,22.284698163091164,21.056242975103423,13.685937039660478,11.02457060127019,70.2419755919422,13.236707055943372,6.930571733862608,4.2120583099907325,11.154827802386745,18.70901236183277,18.979164139265304,19.31302648548153
6.379245497871622,10.818997763409758,11.961137261037653,11.757600534327356,12.726613533107216,7.286020497398651,12.674203756390298,13.251108227002767,32.462885786246815,92.08267101449312,9.65662610287813,13.389545484692034,10.425295911302253,6.988978013398944,10.253208774943365,28.84032384875252,79.86404386013655,16.106597724470344,4.864700625143423,41.75962248388922,33.15465309097017,35.95772558990717,43.19011053245498,25.80383075126238
12.735663373561906,13.79194059244679,9.139397281104143,11.177081101189003,12.677793581427702,8.479329752003682,17.69858697917277,17.4459645051183,28.27637084068901,35.2220863405817,25.32743284576439,16.18672023330967,21.62778597567992,13.743873648090183,16.45697295504224,29.300606275391473,32.674466907711064,26.49568895145328,20.21720822217024,27.13791053198681,16.127182841545675,26.481309518066123,26.48352404901325,3.895789966467272
5.904935951772702,11.719972902459103,5.171102790729211,10.385367578846656,5.904935951772702,23.004907079411197,36.19417486786772,35.84762569787094,34.21939145497961,16.75198908706922,5.545505067751755,12.151436968740464,11.411784283686698,10.328721423429391,2.5952624999999996,9.589068738375632,16.215863461119362,21.67627692098254,40.21539936151223,22.173789932130752,40.99167789798737,16.823390167366817,21.24052266241217,22.14883394979281
4.875942146960223,9.980601739729671,10.99465690040562,9.364545635828115,9.757951588916928,8.39484972396101,25.85357682483873,16.434492955291816,51.76196132662743,28.3721441680975,7.475488342248003,15.186814593977294,15.57242814923111,7.023629276861292,7.925641875457809,12.718419776153512,63.08799702396644,32.58748980633208,23.998722066434745,35.054209374001765,18.327157890215904,11.335613988304802,2.253581180351202,6.486518809703193
6.381571530666435,3.2196890000000007,3.2196890000000007,3.3660385,3.060035,4.326544864345585,3.863626800000001,19.56407379714667,13.442349908310884,3.15555463422216,2.873772,4.02822,8.581195394335703,8.989765396309124,2.3645725,5.92852875839198,24.2383918702288,18.25318175731292,12.05407405512091,18.113283793091533,14.48914125187127,17.25373972272804,29.349261166621595,28.61551448786405
5.614584493962865,5.907519337126147,5.444436625509327,7.386372757812203,7.155004257812203,7.14430679492159,11.15198060889684,45.63695690350036,32.29407345932889,16.920747437966824,2.172852,7.805459190340584,7.330344283102462,6.634640311789494,4.963344710126618,19.58201552100941,38.74969080861216,30.10671273428362,18.13046032380545,0.9504054648000002,0.8936167977935466,2.923761491198678,9.075516316096618,10.72117975950677
3.731750000000001,10.01324644224885,10.01324644224885,10.468394007805614,3.73175,10.468394007805614,22.690203653976653,22.40481206503011,16.530887686023107,83.49199652929227,17.71290939496222,10.38187835484854,5.978377430272388,6.630132082776198,7.353830501351049,8.192656180021785,4.804508833700695,7.135674269944793,18.69169764137481,15.52591185642046,8.470590010664024,29.05046126704386,19.042871271493144,7.847674780876298
8.071786113474111,4.6220879633773455,9.525145398100529,9.958106552559643,6.600229075649408,15.090456913343465,13.140128550965953,10.84576991621508,14.205942601445145,40.16331156195517,38.4375460679016,25.905890572939526,127.361041979912,13.821616150007511,6.995364107169995,4.415117667344747,4.591673844414339,4.038899383828527,4.340858792193156,26.461413537575982,25.2776474491168,30.394311843289312,35.514854584320176,30.411646284641943
8.868240340414788,9.330931140784257,3.926450000000001,9.755064374456268,8.868240340414788,9.498239857435529,4.711740000000002,6.371252321087564,6.007829728797363,3.1601137500000003,8.32843440665041,9.674444007725224,4.540795200989316,7.357290605372542,12.944153413393122,5.222481002771006,3.943224249716173,3.0190606899609054,9.883317994844862,18.49706200370648,3.127705684897532,3.5563870826629125,2.031309600311452,5.363007004282461
3.358575,9.214739422717466,9.214739422717466,8.01382065611576,4.585673907987432,9.633591214659168,8.578734104620612,4.705052496718226,4.769193098815183,2.844102375,8.224726096309803,9.018513416672429,5.955220213046182,5.845167842502938,6.7673987871572665,11.362730610631667,17.57194269330827,12.41123690118063,19.04205855654129,16.89579793564421,13.14680745192986,19.50112405519608,14.946318173427684,7.973085051599046
5.924532267665746,16.267614053910993,35.33322384291664,35.58142726615485,5.75011555476838,7.859994183742032,25.366492626952084,48.740264233850326,30.26277249288596,56.97122321940164,29.540855187897805,5.511762221649729,7.141864172636139,5.978852776804541,4.712824212253311,6.001149756173424,4.472401649178834,4.498080295952611,9.539932767058156,10.563329639680834,12.688861173394011,19.57187220392188,22.49019880167228,4.321161013699356
3.731750000000001,9.040843333136385,9.040843333136385,4.104925000000001,8.371592186147394,6.535318526077208,8.828139199881829,18.930103072437856,18.61650606674785,7.276316603710758,3.5046000000000013,9.373676784168447,8.350386503479784,3.665226148479235,6.6396877221193185,29.674212695105155,3.580358852011356,9.24402446706779,6.754248549736316,14.52280480431476,16.049641970278852,15.389586935986348,12.373440803671508,2.25675
21.61812273963136,7.320253865587266,12.755036472498224,13.435624923771291,9.590815409478449,4.597516000000001,15.616602773107068,27.597623216466967,90.88144584123528,38.76006826865125,7.566626394703102,15.855700610089134,17.761358833786765,23.630974296066064,85.18256992435265,22.74862026053837,27.919370283229565,22.2853229720598,14.61380884274433,12.701243222409008,38.12739372612714,30.61537736474137,37.04383887083703,30.003602750453016
4.03029,11.537941730465471,12.217686706923294,8.438489944033508,10.007347646860833,11.15397075866366,11.907389710864264,25.755062583257143,6.790417006245739,11.622810305030688,9.100949068508625,11.7993778710665,12.032286084766673,7.561615133959577,7.643672996638224,15.31099472783363,22.455984974092363,14.356559348635924,13.539897317762746,4.878824542897615,4.188889759053507,5.1714688383376615,3.1047770462364963,5.738914301006687
3.209305,3.3767470000000013,3.3767470000000013,3.5302355000000003,3.209305,3.5302355000000003,5.4234989626844285,23.10875078581925,30.741542093278277,51.13105974644591,96.72155019580606,23.63372682731285,14.309659057498855,35.83158600760774,25.299765437711848,55.678266829097964,29.30839997955325,13.624582644041192,38.035671485434165,24.92442382234342,17.527340491305544,22.49008104242137,18.48239383745537,1.940805
14.442443711369172,43.0789587035583,26.63262134969226,4.1870235000000005,8.601345497641395,17.126433497641393,36.96998705161305,19.55168281573909,31.64985956116932,68.94940462460423,11.751189127022132,67.78453874255568,61.362839878928256,17.46583031750337,62.53772820210726,16.638858124517295,70.50986575451827,72.0211889024351,12.304105837065771,18.802809765966582,12.764993035146562,45.88438722116919,25.242557111581508,28.224309059046423
5.398441580714217,9.471164844373806,4.573294985852166,9.133597291304444,9.001520306636259,9.901672337299884,11.761474428202249,6.46837088146571,6.098120847732127,12.895317204727608,77.36039415194601,114.73695721054894,12.802770576888772,12.184827084895112,23.033737452938354,42.95910947908605,47.25573259667578,37.54555637682907,63.58982917140487,58.52378589213451,54.25770121146459,44.00599928793098,18.810911054730298,4.739837336967464
3.1346700000000003,9.665248690286992,6.771143831065634,6.473792080095059,8.635861054718287,10.104578176209127,6.388909681745946,5.018628859639803,9.989827948346228,16.988470384984396,25.08502685648008,71.9128412539721,26.997465226253276,27.17051951279022,22.222653957962752,11.815203318985631,18.540816508902484,14.910191440612838,6.054427041666108,2.0785604837323213,5.538524592485137,22.81511137063269,18.708105880560343,11.266037911960304
5.050950124461683,7.867693892605729,9.85352850915507,9.686783721238909,4.511703416307788,10.301416168662117,11.41447110549304,39.963506073663766,24.74113345833278,7.70206577797836,7.528827461611083,6.098396544671538,8.213266321757546,8.683838423169714,10.943644375822938,98.7250330200787,51.85227486089767,37.39804370901516,36.122360885577855,40.271125257497545,37.3727357327222,37.94882618099533,32.368899246196825,14.705706104147431
8.649849320424057,5.857757011834704,6.606231349112939,43.05397708990873,13.93271,9.514834252466462,27.86192263063016,26.48691304816403,31.68385545640659,52.56607710453914,102.94015020471534,41.12241115676684,61.18213638872636,8.02076936984776,5.401371005595319,5.813357105971442,7.367043428554188,4.545934087968565,2.507474274138099,2.286907066392248,3.050682193366445,4.126815144237086,11.549832487442766,12.481029657950948
6.731052546269959,5.923473227557091,6.50285556203361,4.779380255313935,24.67560914359514,29.325333418674614,29.055554648323596,7.769993452482485,4.559982143163976,5.699977678954969,2.873772,3.8333449341238537,28.320781607035975,13.127043803164248,11.913265675791061,5.794558278962835,4.213026980097151,16.816756451777543,11.731916546209844,11.887630579940405,13.41598107367282,15.224752598628482,19.27176354825081,19.58703463756215
5.307236220473436,8.765531062383232,5.584135501541616,9.163964292491562,5.307236220473436,10.574240279587592,5.8168528290066295,6.823415536903059,14.779237128523016,18.34166192943525,19.664135863073195,19.556218129488546,7.941115053576011,9.021897629136793,8.418875063372791,3.966823091749975,6.527485640666109,12.965085135658548,13.28631534052933,17.45753395583779,15.412812698015554,15.785603353461676,16.438789171663483,28.833345331659515
8.521024371511174,4.386624005906502,9.773654064971511,7.401963537049871,5.96107207071582,10.58944156792476,11.983936877965814,11.351901383829068,14.971248879555429,12.244524082746532,24.715656744830007,19.96942420077324,23.680226052617023,32.45679588044987,46.05304228164812,12.819550611105791,36.41539157415669,45.55194075812359,68.40793251044953,47.4485144711358,18.6550021563954,24.10448791865339,27.16639660701264,27.801691400804724
24.957213095112184,9.915591130241491,8.881952480209115,4.979708516899254,7.354159156201658,9.28567759294589,4.617505200000001,26.615605786348716,11.900710928266324,5.859315190108432,7.723457435429852,12.920159914476722,31.41532062557935,36.76516128226702,19.45843921941631,17.825647215709502,30.410909160990546,33.674161281236,19.99053274057089,17.286876316766143,20.31726921960476,26.08014532730865,21.29824529488395,26.1040741582504
3.43321,9.749001172870315,3.612334000000001,19.129104004383937,8.470256496138857,5.526241888132445,24.02296687647323,25.19494896605664,3.40992342,7.397265234835737,5.713939192599526,7.215820935138733,9.492641262238864,8.067389243584904,5.725774369654088,13.207714551008502,16.96667486115482,45.951577990647934,13.225392810315991,25.383487201731143,13.395046445440492,8.804243182131923,22.77000410300044,15.868646373454142
8.600308300639627,11.58059406566019,7.1822586814932725,11.93156778916408,6.254784859905433,9.348028873121857,25.07189128295584,24.313950710388404,17.880770665916806,9.320377068359758,6.870380017229961,9.78084388289175,9.777133718134854,13.412869314409832,25.31628126362754,23.649108928693696,22.92351922330688,23.012211015242084,18.60413695913816,4.608801182202183,12.096638436657711,25.62876992951428,20.816869093343566,13.349346192301024
8.381275773455465,7.202555894800369,11.52437451857458,11.295588175637674,8.711602719170589,8.069731016814831,62.21829085952021,34.06548268590578,4.594278032956976,8.280189689102443,11.185794690080147,20.839440434152728,30.17240493957753,29.537997143559505,15.818562437991888,8.133215726853145,42.343174305799415,49.99928503328241,17.609920295265848,19.88270410423584,21.28336578530828,52.98186679319347,7.495650341698289,5.713416006467083
4.5418406831218165,15.114833428090495,11.657998082204667,13.966251711384665,10.220243561642937,12.213300334942735,15.360805148387266,25.55716920686644,5.806569870743037,12.645294431390512,11.071247498448995,13.508591461372085,15.349594537590319,7.888090979536159,8.036683125780407,12.800527618984395,8.757447081877267,13.311060627537486,20.609566413397065,34.94785405699059,27.08030435352899,17.531458037576446,37.515673659342845,21.560188256695767
4.907529711013952,8.993328436488083,10.01459608904099,4.597516000000001,9.518004547435648,4.597516000000001,12.017515306849193,6.83806552790551,10.456162104958048,17.16455979330636,13.525793910442584,13.136776575917017,4.281984,9.809858864298056,18.98905786174628,24.00795599455825,20.69050362822789,15.871792646847082,12.798136413304364,22.242095940085694,25.63919835911745,28.534802498004154,22.618466335910288,25.17770526710703
6.433477551988831,9.854637210701965,11.599638336114335,10.823809368129776,9.365977514303516,6.546898511979523,18.403763431437387,15.627645025406265,23.84055453962926,39.58476725049064,23.6925999585423,31.87770276352392,43.37171582906879,24.800833090413875,4.491174853801568,9.490613184093545,26.931627318769767,19.643194216702973,17.818712387386498,23.991917194569787,18.815459299089447,21.28273733530741,30.82519257462132,25.76354624986085
6.597094400261311,6.681492208945604,9.799073259680323,10.244485680574885,8.325505382245781,7.528411280313574,56.11605285763738,39.75235692228493,28.132023561481127,49.18413745028737,37.72133011460685,4.23384,17.92172839991315,18.758372314110606,5.468148241624879,21.570168346840475,27.965746948495145,32.98090060180288,16.842053593715733,25.118085543182733,20.94514480176617,28.26047765124078,32.16602747271146,30.26835656361317
8.889875030011668,11.150665172188736,14.884573115121768,7.045279251399694,13.092503994354573,16.315610049834522,19.22266772278034,8.00486881510099,103.12392724225012,28.34147112886295,12.994294364579144,10.484719063756154,14.726536544356577,43.2818930370407,12.16992498974058,21.200795516414555,23.780553260829716,21.312237617728467,19.37750566635337,36.45522302339148,22.898874231729323,25.533042731027333,15.532829825890248,10.065886778679872
13.324124140329465,16.65255128113555,10.565728655858782,17.016207019432976,9.803457674615313,17.78014051943298,8.86597939396425,16.869902202309515,33.782734502452755,17.93615500375951,9.273646013687374,14.045147938497491,14.156823079798794,28.014261904169846,25.04570693090605,64.68679394642962,6.508565737666349,5.376269798857479,3.612438753770837,6.305448912757845,4.623923033296913,3.5806928555740085,7.022700919434992,7.71232616556298
32.712216451355374,40.75078782353486,3.690863000000001,3.858629500000001,5.665628727354962,6.2321916000904585,7.153472097495136,2.5201578600000003,9.991596993661044,2.970506925,23.78805562296089,84.24966579213036,26.09587686079644,32.234531421858314,2.7106075,4.774168987023384,4.531642444344135,16.031014446132662,14.85167553417801,42.971597894024754,13.885709336072646,21.49388687774361,20.645464748172103,18.91797268347928
10.859074347482444,6.149945342234054,11.676858053267638,6.429488312335602,8.760695923709603,6.429488312335603,34.62090126392117,40.337132460673615,41.997848593032806,100.45638596740496,51.16964389542853,31.923631494718595,16.057849547400327,18.81782978179379,8.575603867069205,16.77181411480291,7.541782021788555,17.85324955191155,36.72598476318298,25.222559549036983,30.400616478562423,35.69926726930105,37.19313286400701,20.041013274216848
4.03029,4.240566000000001,4.240566000000001,4.433319,4.03029,4.433319,5.088679200000001,8.882144590503069,26.78249068232271,10.746301209627267,7.975085546591432,8.586687964258868,15.576914798782212,23.476915317358788,11.601083117836966,12.387411179328211,20.58407186518037,23.295373734661144,20.784021211636272,21.002998736905912,45.25747702857655,47.00129676972048,1.949832,2.43729
24.22721603629241,47.06087262930624,32.770634612885566,16.17536810299926,10.941355702958232,14.369754764653289,15.771657000242898,17.404047573140186,45.151772119102056,65.13601857049389,31.53312337013472,22.269292111015467,37.008376821887154,23.400125688811574,9.471187511943928,19.77261457145498,37.24655105563474,43.75131841532068,48.5203415673752,29.26617914450656,22.440641471244,31.53247807870405,48.58963947586409,49.72224770781893
4.281395308488333,12.85551412750218,11.320124222404486,6.896411278958397,10.57912074199183,13.84712945774532,10.39414274884165,8.887396265071434,5.429480766987409,6.985991239182199,10.680445893438128,25.86530991204668,28.800142859340703,27.497772626849365,13.667906067136991,35.05754585184017,40.53391672014614,38.00463322965531,30.023565596982547,25.97505324343379,28.88019295724646,61.39495418424056,41.93980424718676,48.4228000073408
10.35316335732207,5.3310987123497,10.151739545877067,12.628955597928565,5.444811371827162,10.687143257124117,35.41891565444039,66.38208056329954,22.479205768485656,5.986269631758882,11.708712866299653,12.06325004985194,21.723721086133587,18.175111062041466,7.237689078385024,10.247583179157207,23.5952340313834,75.3008791606447,20.607374234423887,20.02090668405823,17.213804257176154,20.78023729075952,9.518246150304993,22.9934463411226
6.419005537018613,7.565515231643504,10.270865424679757,10.172058812712168,4.362045059668735,10.454890878347769,12.325038509615704,12.927486439754984,19.234905072222528,15.259137471130284,9.16738401541664,10.648981432049627,4.20552,9.051634217242183,3.1719874999999997,8.403435347465253,8.134279306014488,13.280484540693266,13.401865843369368,16.65513939272462,16.69846604198869,23.38717143822177,15.562269911187856,8.339762128131609
6.018327460482696,5.889703899600315,6.996262035782277,7.545645193155878,7.490689939204149,10.475930653142605,11.654565406790026,23.75092063666336,14.579525730968992,4.383958650696272,8.295669650924829,19.23095533703699,7.674256253919822,28.22434470211858,27.48629705453914,60.15841077731324,12.577094531658114,35.21244215227302,13.49923065538319,35.23226521546219,14.725905039519624,12.513681474157991,12.88727110031402,13.769705684994571
8.173790702562334,10.079072342369304,13.94719192712459,14.79881106398279,12.165499623449676,14.047611936661752,59.437663384446566,55.96524909646817,42.17168648390385,25.16390390694561,18.85188051759683,11.466749458939823,10.16603193535073,14.054967373883116,10.569109712737134,26.334493438930657,49.45988583229768,22.376076088901527,21.818531023095584,23.680607687603302,45.22676747961317,28.18347306811512,46.27113068793792,42.56253002916832
8.160225933021353,8.14096650115086,3.9133681750575433,8.976248526323491,3.93078872118376,8.278391386370288,10.30317222151914,8.162346163651488,11.502809902502053,32.256895234699606,20.079832542509163,6.364402327102555,5.760349749621155,7.5667549560743455,14.785252373016746,22.58134456087707,23.29330323066948,15.139345381178432,14.389799967826894,18.640959283760868,11.810718356418484,26.108538234113027,29.79959444672991,20.92026898142337
5.195535038820526,5.321654273022483,6.771175864300586,7.078956585405156,3.955655,7.078956585405156,8.125411037160703,36.04650332000893,39.52857552986551,13.980782234792835,3.844254786659533,6.719875832864049,6.5931209016781045,5.967384890176247,4.972820741813539,9.46080100943628,43.71559652728419,30.361830154439065,38.44720999469862,19.143347951749067,15.065611676895534,14.772858905882153,6.44223430304345,13.341504760887965
4.954629652338208,10.740013475804286,12.189797158582612,12.743878847609096,11.58534440691736,12.743878847609096,11.148275751631148,19.38642238784472,53.350341981482345,9.8106802864032,10.88014952997456,6.407154953682299,61.30920020691724,15.806842382468412,24.60047285680118,25.323012381349216,14.2808523964166,17.211666276543614,20.898070331674734,30.18002444278904,24.95081037510996,53.067021358516,10.856293214606785,6.589521087643115
3.657115,10.213024519411777,3.847921000000001,10.677252906657769,8.606688360323957,4.93024828272606,12.255629423294131,6.973554428047942,2.4775291800000003,53.01724446517818,9.115757422284894,10.58901114709861,7.1273141686323305,5.685945194332017,7.500549562528183,8.35611097042782,2.2890215250000003,4.330577299817772,1.460524527,3.987232296507413,7.378109863332976,7.154061111453575,11.503369554154355,18.06079884686765
3.657115,6.367956090699462,5.626769299317266,4.797703600081385,6.193076418448169,6.502433220260431,8.002134240931502,3.162491832128018,4.195527770025068,23.881307408454383,35.478262077315755,26.81390272659222,25.11499361625139,20.378648596519565,11.303832882957296,3.1482990000000006,3.876302831001423,2.7630286579378143,2.079442450051092,15.14526105606336,19.35317940014881,17.9088188194095,28.22360547438696,33.98680193290921
3.43321,15.105860625120188,14.348900673940337,6.131455118774714,12.557150774215298,13.051471697060704,22.574827738598067,10.560939571401205,5.264910401899269,12.100623515490442,8.988637658602046,24.56343093729239,16.911071366852052,20.991976863107844,7.137602722539704,12.359340511461971,11.723255994814544,11.207322735348434,9.408065819036173,18.741646524384528,14.59468098230109,21.439232912250983,19.977937253829577,19.09668498239709
23.65263527957217,13.904223624659547,3.612334000000001,11.379161961930931,8.612532811339362,3.7765310000000007,4.334800800000001,6.721076276720395,9.632819134664349,19.829038259565586,36.06793975439591,27.82255118149154,20.631667408958442,14.955303796608346,2.6529350000000003,2.955546000000001,22.19447832438324,15.595872984417555,11.441986165487206,5.096034282208203,11.247039215969425,11.802509668378567,12.294638946413125,2.07621
5.064324377715221,11.40065025035952,11.680521677778422,11.43972938580083,9.891870038181956,8.19374879529763,12.129613228397242,11.46751465626839,18.661160748731906,52.85972883744209,66.75216558608678,25.426284941527367,42.54848726439523,38.67314455083365,22.597353306216302,32.98206854142795,32.838883582223914,26.298859255982435,33.72499179094947,22.094184316045112,17.443386766776335,17.664343701605134,17.5914054360344,32.13787269274947
12.587379993527584,10.919464288914757,12.955776113431671,15.639649166725276,8.74056225373362,13.517360382121982,15.900665899007691,30.303559126122337,7.649317485105038,21.592072283577306,24.0619874199253,9.400577638666483,11.390661571819951,11.639469593256026,10.807779810940591,9.954361819528556,10.653824172831731,36.11580261501922,13.961627081391065,12.247865670067332,4.052685618327824,5.65351658318421,4.190604676794144,5.116542059966657
5.638690034595306,4.729198815561065,6.928046485585853,9.327027501824274,7.281111624187242,8.009222786605966,33.269910349723844,32.68152063483255,4.932622165767575,6.165777707209468,5.965643375231194,5.1566123277320814,7.459542027625823,3.7371779999999997,26.319572417708024,6.268087398213366,4.55731395750265,1.7981058229200009,28.478292282169495,24.91194128929257,17.003261020688498,20.60440936539449,19.160524741158024,3.420245945653454
14.71591782967076,13.106697404899348,7.867616093203901,14.013088032197878,14.715917829670758,17.996459612637835,42.91762094676334,34.979549210609605,8.247593209878312,8.484286680012517,7.985693497491662,10.929837913059604,9.290291036481367,12.860104911226427,11.37139105020013,12.668485783803524,48.94341319428006,24.69003634701969,19.802585351702493,33.2000886630346,38.41431812682962,29.550082453474417,27.168721265052326,7.362375791216728
3.1643455831264946,1.6491090000000006,1.6491090000000006,1.7240685,1.567335,1.7240685,2.8158896804670674,11.99952265333941,18.64445688,1.3272477749999998,1.4719320000000002,1.70982,1.6057439999999996,1.4533469999999997,2.6675975,1.3492710000000006,0.9810092250000002,0.6992633755800002,0.6259390830000002,0.6438230568000001,5.352244776864694,15.06474702900634,14.215473722270502,0.947835
17.401006279139494,10.114846315413232,6.271235638039788,12.330598769885384,12.497308125470097,9.298538949816322,15.508238748864002,6.511543551116142,7.448628375567458,7.15833804277182,7.504077642308745,8.753446836799085,12.507623761956477,10.991401017380383,23.466242565965704,20.8492986733937,38.122709497897326,36.5156111858562,35.32114493444057,34.32781308345033,30.73737083616037,32.68443569435681,30.042064616852464,47.95093401692139
33.77500179701709,3.612334000000001,5.888175491968358,6.155819832512374,3.4332100000000003,3.7765310000000007,25.2414618326628,17.105054842230302,25.91340375845785,29.816823857522834,5.706968173056391,6.3671258760466936,4.502231076914932,5.189203495175719,7.491970300255513,12.145563109190515,5.837735400596926,2.496733369668847,6.280927658910732,7.34227294690603,13.893829001051488,18.748223460609733,17.87054466415835,3.384263149027644
3.43321,10.140767512965354,3.612334000000001,6.568650291702124,9.246397020244997,19.92476149082741,6.471379040606844,5.5058641714417575,49.71258836384119,77.0256456628037,21.39201697255985,22.17338160167297,24.721536770017543,8.936979934416494,7.447483278680413,45.41109938221449,21.988748465098222,7.320385262056603,12.540145730806564,13.73708418248183,13.286620819285504,19.99539707864033,19.175927166205657,18.56243676409462
3.955655,4.162037,4.162037,4.3512205,3.955655,4.3512205,4.994444400000001,2.8418801400000007,4.232624220000001,3.349720575,3.714876,4.315259999999999,4.052592000000001,3.667970999999999,3.0566424999999997,9.663178562547433,6.114469992584649,8.25979590525358,7.481595420262112,8.044478862530955,9.508965946108887,38.75673749652081,21.39498716005796,15.4239341065665
11.4495313486212,10.828606922381418,7.256166029903736,9.950368151584312,9.138907705439577,11.320816327944206,31.822212951268884,89.67995714563546,41.760080494745615,52.200039858544585,43.28997096816772,128.7448511722013,36.9641473017203,127.22958760284246,44.214182236933524,19.92831678573583,5.976038374589078,6.925538912399831,23.997844128077737,26.10086936468312,19.6891312921905,33.99054623385318,34.9190558196283,33.57807580395872
3.507845,11.0201627289371,8.36912108231133,7.976663976150619,8.909292281418642,11.059155293340355,7.080077246625775,6.016211795823131,11.402341651977965,17.040357265867524,33.563098543217244,10.229493507669508,7.406736225748596,7.341328353952706,15.343905130225584,16.326416073647774,16.80172838302223,12.04832633649226,12.684713952012364,18.316422540597756,16.88696174875594,19.89256086961345,23.64049823368658,16.500864179983463
3.955655,4.445832131587728,9.837939631754544,10.878508526517722,9.889553205925202,6.72477978237008,9.517480452768543,24.51311598201433,5.643276738832381,20.16086163999785,31.891900556526192,30.127187636813904,24.405031902294038,9.170312972767002,6.599817255190873,4.334087067014379,6.189961256617727,13.577518893706564,41.98527981441386,25.835693168996706,24.374378757570515,31.362290175225915,4.784511116226264,4.186396947641415
3.43321,16.176829719258055,13.46971153990615,11.648347976081752,13.966791695582218,13.0407861638803,20.9835069950972,8.67350736671904,9.870627449685625,12.508601366313975,6.584919959441892,57.58231990063373,74.20602735687292,19.0521999261087,10.564494972621427,22.80404083755066,51.34611097111857,36.37289777461624,35.92286350524034,24.709270714402333,20.62720733974358,27.60470976414941,12.037992259345362,9.17609758749731
6.644753826921414,3.690863000000001,3.690863000000001,3.858629500000001,3.5078450000000005,3.858629500000001,4.429035600000001,2.5201578600000003,4.537629970420392,10.30085938172753,3.2943240000000005,3.82674,3.5938079999999997,3.252729,2.7106075,6.567759000000001,2.5772879543311644,1.565018031060001,1.4009112810000002,2.5611665217077757,7.004554738039898,7.420210281921562,1.6970760000000005,2.1213450000000003
4.4951480516967,7.47130534318744,8.238775850564368,8.613265661953657,7.965682041815127,9.471632988380511,3.7693920000000007,5.309363594412398,15.359937856540284,7.433645408563731,8.243992387569104,8.112356682904684,6.759257819817503,7.637540332532447,2.6208757762889356,16.72077375934563,20.862527204773315,41.03894769581306,29.34775468320011,15.907246710970805,17.428778889164242,26.78957305876705,28.99373136911672,31.823062325419425
7.329653864868136,8.140097852261203,7.171334208106951,11.89341722510114,10.812197477364672,8.724779804630215,9.16084944018928,6.855555468524476,7.324772327392867,8.466989442467746,4.077661295614875,11.79512452076146,8.13443161803765,7.112679292799032,7.046551190738835,5.663978875685851,16.926528160243056,20.02504688789354,20.97385869360671,48.95104554405035,23.96372888224581,30.550257402279264,3.387844388705635,4.8165235006966975
4.473579271932406,9.339027874663476,10.156447486452446,5.775512247814115,8.09904917545924,9.193812442567989,8.71018145253821,14.228093660790105,38.66648196391464,22.166412018921424,9.0652589135278,25.688371431035097,35.71993283948272,17.088102439908106,21.581426797829337,28.594858428601672,24.279548390640947,21.513064544087914,26.718036329271147,27.207563271693,21.85156734804169,24.32928347219165,19.2640667031545,48.23856845445059
8.47259310515849,10.23668219191762,8.51853545747635,13.58160132874874,13.360695163106389,8.109312275667325,14.697295416870146,73.80058806333574,6.674347396848681,9.167850947114212,10.167244906692511,13.469356689668174,11.150760556484295,8.081453742802063,8.757415108568917,36.370719852421374,55.05924640307288,20.30796419016146,17.031181728583594,19.195203883640552,17.798663239556575,22.01846003466156,19.96456127077961,8.784592678422015
4.03029,10.008527382681637,9.484167256983309,18.722331007311386,6.771263384332181,10.4634604455308,54.82337924589917,69.78638728012152,24.04158011567079,28.118113948686755,36.05900226114915,30.3390411045996,88.47996390864284,53.63872136695981,28.339301402806484,26.184851066364377,32.21842256112612,18.42452108136704,19.28763914824495,23.840189147910475,23.157045178603177,34.4744054515625,37.6537001908697,32.79596884785084
4.104925000000001,4.319095000000002,10.261952657587942,10.728405051114668,9.753095501013332,7.621911275557334,8.424472722320695,7.006963046032362,6.259426263103418,3.6935330101939634,13.989036571841106,60.782383876963394,9.992104165465042,13.001270745056267,19.300523666608974,15.638118157287547,11.096095313248997,11.165492665333067,3.2798608759093395,2.318966222493603,3.2586880772375832,3.715364552973797,11.885589250497594,10.701383935000637
2.68686,2.827044000000001,2.827044000000001,2.955546,2.68686,2.955546,3.3924528000000014,8.37659394,6.2071061400000005,2.2752819,9.349234605089595,11.357022016013165,53.228228056931535,26.226574247064995,65.66251249673368,18.252992652793633,34.040243161138626,53.20212183370096,11.231515645747164,14.6385149580927,15.666713432928676,13.025732096367888,17.775544361813395,1.62486
3.657115,12.153480625902224,11.228852948108544,7.245013862008269,9.207419703487831,12.705911563443228,10.058259539019872,12.701435845494949,7.82516140254371,9.781451753179642,9.059611826394372,22.28534251933277,7.656039406005117,10.09602287221858,13.652559532042345,26.020219171685184,60.13975356004109,28.344095379777997,24.754310586169964,22.55024559561571,19.353879419127,46.12156073465346,23.947576333093807,6.896711232078516
5.444780188715344,5.728855676822231,5.728855676822231,5.98925820758688,2.9854,4.185712735862292,5.667035496336305,21.47378755432463,2.0224728,20.102241434988446,4.137293435596682,6.301227820570046,6.141757590856813,5.048796174990591,2.3068999999999997,12.100811386297993,16.79226523186475,20.378392319675434,11.678462870895842,24.10018449183102,21.792692116119945,26.27907315895376,26.475405670997937,33.97615887618505
35.328292339156945,16.797055149456334,6.806011695950189,9.023287214775308,8.20298837706846,9.023287214775308,27.089083416934443,30.053426620177177,32.39618600797225,14.619158660143723,7.703676041072989,8.948714593165592,4.85007115271593,6.199125684675514,17.436000367182057,20.290409818462127,23.380062928527614,17.005258212261797,41.212062519835655,19.03809720434624,16.40399969740998,15.575702571426756,10.85340842065325,18.701264972465864
9.254978257848116,9.737846688692368,3.847921000000001,10.180476083632929,3.657115000000001,10.180476083632929,5.448049200000002,15.293676285388742,33.50223680747712,63.62248981436783,34.681564194886946,19.394554033158,23.17422997803637,39.76274593954925,24.503186522100034,61.7005102463251,13.24098748523318,23.445255115150182,25.76430582816409,22.826079756954783,22.334935229059344,34.97031779631893,34.78271791326658,49.17215184326688
3.731750000000001,13.89725955212934,9.183376095511214,14.52895316813522,12.299729775714534,4.854362811136929,11.585717329407633,47.92039237367313,46.29796073917923,66.68150804914197,9.631541869932972,9.521456808268573,13.531816964357342,3.4603499999999996,10.206289415632178,10.392957508362006,17.631441042224967,59.65378622540521,8.962641594216588,5.721081137053555,17.263359721717926,49.64583190409397,4.74196165060708,4.179490198173796
5.559085852797288,10.33334193575741,6.872753642207506,18.118720397582337,10.302077509562343,12.637594319830397,14.505760436674898,21.03177748659018,18.228570862296472,27.843635633028445,23.94227465200899,23.61615935275756,6.993148399720194,10.12406573663586,6.182385841674873,22.781541429577906,28.732647600690115,10.312014023033145,18.11056931743505,15.559738566808656,15.362406034759964,47.07084906944432,13.344694144510836,3.866107108561173
19.29259458636236,8.229632681944247,10.66309587966585,13.393434018316,7.821551722508994,9.946611290047027,14.857380208781862,3.465530689203287,9.84039376267547,14.629899339303256,10.411599122885375,6.451633427499587,13.17343787867123,3.4603499999999996,9.408610674023635,15.756648502399807,55.329381764214006,19.791957444816514,19.988172734313192,45.52340954171089,18.52177468988755,17.10078475776704,28.75867918673672,38.587391927433046
8.672428331158809,8.165451606823675,4.567509434470613,9.53967116427469,5.024927726679676,9.565431498369108,35.24254217313075,26.21421272889573,4.176352586536158,5.027392618791087,8.144541389262189,9.4608309067187,7.717177369460686,5.5130806497142695,11.368554702624593,9.24124294800185,16.441473119949165,5.880990422458041,3.603942727601293,3.4687783761876783,13.26401164021299,14.386701321986738,18.52204106696773,5.244591046115802
2.761495,2.9055730000000004,2.9055730000000004,3.0376445000000007,2.7614950000000005,3.1378325,21.739470016290745,33.5658985220961,29.860994706033644,34.81997045122918,26.666509489276297,81.76250915165441,22.933373764460402,6.909036921834186,12.411645574570372,27.92132308396785,22.02979346484938,16.96574171647176,17.36691246033655,19.67389695366326,22.294136972121525,27.82351569685331,32.54868420795452,39.640342593628255
8.471291798312315,13.399779552911356,9.933788461454572,10.55567943052699,14.01990455793216,15.421895013725376,23.07623140705869,25.986840913712616,29.092326687962675,47.6290844363365,24.544480737947712,34.668845988570176,51.805767617046435,79.67119241305865,10.833562612947578,37.95252307111293,38.40497178374427,17.01533485506337,39.76567892864492,59.84296744280615,64.58279187275015,42.765784646114426,52.45919914078211,63.5282936780435
5.518739250214258,8.209854988411605,10.885042922651616,12.490284520753946,11.354804109776314,11.975572756400892,8.149607347133188,13.04861187588722,19.100612658184478,21.428861619741948,37.0617036670995,37.83141915541143,22.02944122370063,17.518276954067083,9.519539414326958,9.170778423306027,7.1070751178009015,3.714743338509604,2.6660049420572327,6.071369595923199,10.928915806230854,22.594816376560523,16.786792929341427,24.95504191815591
4.404458402668717,5.072222903390247,6.240134026102444,6.523776481834371,5.930705892576701,6.523776481834371,8.414536831322934,17.275127798649457,32.20963356766853,15.863771024999998,14.629330181297458,3.74532,35.42934336633753,19.02903309259705,26.700399444074062,35.72059626908794,45.226555415002,28.16633899686627,32.7190747213702,21.719635764468435,11.603308892825888,17.612906517921196,17.96080112721763,24.00302917984409
5.892659018789932,6.200102098031147,6.200102098031148,4.104925000000001,5.892659018789932,4.578035000000001,33.1805724522833,14.38036268057576,2.609419757616276,4.786688902325513,13.68844377199028,13.40527555577335,7.759997341750301,64.05670697498276,14.398015668028863,22.522163347477782,24.18270975643456,23.242402598984427,17.273091421199275,10.58380188836956,11.408814675647896,14.31837880721526,2.850835825691256,2.25675
3.731750000000001,9.383954211985476,8.88781746544134,4.364269208420796,8.68286670621522,9.81049758525754,8.283924575117764,5.989261799976196,29.411192827872405,29.521083551362388,8.375760784251499,9.729419092817396,9.94501488900416,24.779905325080573,6.891671857412321,3.212550000000001,13.539716477875904,14.19742610282907,9.315066504755691,8.040974596825906,11.718234403236538,21.96960206280541,18.66730868629793,17.364363416013216
7.310228650257069,7.467047827209784,11.086174654419567,11.590091684165904,7.409477901239291,7.118525893522416,8.565643556956125,5.098574309785721,7.1379639033392,5.48008832216209,17.434843335956227,47.498073672997656,17.276024506765516,13.5985018173109,14.277590039181083,40.60963795168466,31.23589216306637,23.29325413848939,18.78738541153037,20.727737032504336,20.171756643924,17.271205465753535,24.04467224765112,6.371843433982694
6.64158652399139,10.006036672280748,3.7693920000000007,7.30574517639053,5.831493404665672,10.025274932823772,8.989311416221005,4.634452542714242,6.2944753903576975,8.053130453992443,8.931007938895213,9.25056649631311,10.474989096859023,41.74271688122332,7.348535572617903,3.0840480000000006,5.8155479150043945,25.459123972164925,7.996579436587311,12.82245501180126,12.871223390732172,13.064163319455186,13.939005696311517,4.815590776626756
6.493335270918081,6.387104483920926,5.052063993568372,6.367266493007141,6.493335270918082,7.142668798009891,8.901309576846135,14.851341368961233,10.889882864567378,18.09911683092244,16.992152637599034,4.315259999999999,6.508023345141287,5.890363722107045,9.65832686420494,31.780695288380226,17.294626604003472,20.473481720277928,22.79349578252922,15.9942168526027,8.736374618813278,11.369103485238664,50.591898995925376,28.97597140488759
4.913172874281274,10.979582156695368,10.40371394707203,15.144755688208736,10.02678728132936,8.576938421120824,16.56095905569367,9.891381145927316,7.111599495585258,8.678960581931518,29.992436423686367,24.742237429529045,25.63213534790514,29.48690732300769,29.231298636641302,40.306839303952025,33.43639559787387,28.024937146715278,32.058359238156605,27.72856434159777,10.674372335044328,26.93006585522608,20.37204006639951,36.76491570107832
3.209305,6.681084586069717,10.544682920394624,11.023986689503468,3.209305,6.984770249072885,16.582731504473553,92.00585361710876,48.76507367415759,5.999024388317031,9.411783102500983,7.506894486377439,7.96095896185426,10.84931539143324,21.067808508745582,7.6619146532245805,7.391062822764415,35.682779226230096,28.924812366487973,40.89302272451204,31.674132394485223,46.75290742447364,55.41305428241064,35.23569959823856
10.508364745776031,6.180788880118988,8.383920499863606,9.703611476451014,8.197884906887552,6.436513274443875,15.152648705101566,64.00241841005298,28.69726259183238,4.95505133483014,7.30436650133004,16.2631798632343,12.666685423905552,9.744120036992319,23.517708516391362,6.136290672852959,8.502277612460615,16.22130955323014,22.55365721294918,12.683299906758831,13.961928746869644,13.327810936151376,13.930163758462616,22.841479135896407
6.562120941621877,7.224347200795297,10.555391449119318,6.938175674803752,10.031983608667122,8.781828507432285,9.783102098812371,48.10821849837913,45.91059951786845,34.65475269132837,31.22589312813955,13.760338299233508,32.51392681938232,106.89498898663443,16.09162645597211,33.37393581075191,25.354905552700234,45.333942980736055,58.16317402851422,29.77036736842989,19.31771028429822,37.38331740999161,22.09666928093827,31.01860609362858
37.93161323705411,23.41140617793675,9.97887195914082,4.688615314549251,10.056088200015044,9.8032170763688,9.085614132508065,36.54983354054514,14.98126263754871,31.792465039264822,13.886169103521048,10.970278036380046,7.762951962758579,12.127527260048732,8.903347278921869,8.000382045066297,13.98779017094404,2.837431739548065,10.047030444901688,24.06851607912115,25.302658516835496,30.621158879233853,44.90843817935877,46.42274081455583
9.16834974681575,6.256405337912112,12.088014286784482,31.84228312102408,10.574688912772585,20.876033284261133,16.93028616296921,24.38467298703844,51.629407417367545,29.21530986305846,42.78755983648785,31.40913426137488,13.593423918084811,6.683417541839494,10.148515770704345,12.002905224025255,35.1116445197737,33.336349596399856,24.13032965663303,18.496916251031703,18.36739352372889,34.875276589849626,39.99969288011118,27.56779931574625
10.871200402609798,8.785179252539596,4.011202659321782,8.435859252809509,8.349550529273166,7.687212923418536,8.537144933896032,8.814172775831233,17.33479807343095,3.804658925726849,6.562996013669578,9.108600577388907,6.229944011184201,5.0075858825920525,6.45192540898381,7.38389393389603,7.50055056649927,11.278647982902964,13.242200589182035,3.4297920640212265,18.202937139266787,6.734205005963683,6.505687580799,5.049332928769939
32.45564635974991,6.448313520226975,5.77858314017023,9.075327580435031,5.492041827434517,6.741418680237293,10.416897744499344,8.985464888492402,33.12644856659781,18.264180420181194,6.552554007542844,9.000324873158709,13.951861316244129,7.5185535510929915,5.509231405744714,29.917842121708027,19.79368398207784,35.26150287626446,63.78248289323735,9.509669811686766,13.180510057512263,23.714469358730344,23.621967633275645,26.09157643284798
6.0120452382255385,13.457498155910418,11.077292885381434,6.961062757548747,11.544638701228893,18.985130152919385,39.6251775895668,11.82721118548486,8.265194294406204,9.971400239269768,11.90429361293907,13.883267589456542,15.244587563527615,13.0929447526992,3.9596366597229244,11.302090599827896,6.61948979704583,12.667561976619336,16.14627475572653,25.865087549835383,21.91211990976961,25.72241904000197,21.46404152194608,34.9286753259955
6.540598550587705,6.88184717061837,4.397624,7.194658405646477,6.540598550587705,7.194658405646477,10.918746723694824,4.416284794851856,15.58361842191167,21.929721405400382,4.417890480122652,7.135198418822951,4.281984,6.064918655999507,5.05409887999959,11.221692925190013,14.594304269149864,23.7738619723077,22.10987024315984,35.74501438791203,16.32614573189979,27.76872108095811,15.813164416064838,10.448147800819068
3.209305,8.275321593678553,8.030392863994628,3.5302355000000003,7.8649750683721775,8.651472575209397,13.399107277737546,20.69381770639792,25.050348094952728,10.860423480355632,6.280107466789911,62.98916263510741,37.15048125418102,21.7085573218149,29.29134432323146,26.64700496516459,74.82264063788996,18.470970983039567,11.430400594990688,10.92825044958088,12.7690611791097,18.96856873863732,8.643528047314343,14.7353544215267
14.36237130569866,14.315775366904615,13.200217250784632,15.853583777240122,17.59203729811603,9.04907977360229,22.941805127851712,16.928903819828367,50.51136230883591,13.640172407999254,21.42382415877125,37.937683771610885,108.92773480032214,23.858609071666226,29.03285321720195,83.6595655086977,42.69062657259843,24.960704230041944,24.24541530364219,23.1107007976274,27.129450913390123,16.52691531127861,19.99735277714479,9.066031407354462
11.650482424074474,12.734808592290548,17.446401983108927,15.464015233085712,14.789643701454526,14.86275342858178,19.060610142171704,16.288516868156066,9.230373721250068,10.878081206968716,10.516463713746129,14.637276981915088,7.435700436329516,16.209212227889317,23.412730327301077,8.89806507170768,9.219662675497682,7.867628897155067,20.631220807788903,19.253973414296205,23.833208500203785,24.320809789593465,23.83057192773836,8.155239231240289
5.8112824232667,6.869999356119083,9.388397986218315,9.815143349228238,8.922857590207489,8.76199483118674,32.45459507383283,27.19655946109682,36.97662361945911,52.14575677315359,53.6318550822957,50.7771609840368,17.853416407753265,11.225089359510049,9.845528839842695,69.69310986385135,18.41206040800532,17.213831825099206,24.069204633804983,17.601167789595355,16.408898367054967,17.91503471385301,23.77988987149513,12.59392088666643
33.63232309579616,3.1411600000000006,3.1411600000000006,3.28394,2.9854,3.28394,3.7693920000000007,2.1448152,2.0224728,2.5280910000000003,2.8036800000000004,3.2568,3.05856,2.76828,2.3068999999999997,4.204954239747396,15.688663417077828,16.47914092148525,13.108881694109886,10.658707241562276,1.683168573277561,1.2998880000000004,1.44432,2.6278294969849534
10.201200427638549,11.924063425089551,14.91471131847356,15.838043556404006,8.697406574132193,15.283631157035204,13.881575162466774,8.29033319653514,18.758987752297,43.88253196868514,88.27251177616277,78.2781130924401,33.70371484207116,26.982846247652066,20.560700703655286,28.666482911249428,31.038047771486355,35.1832156416374,38.28399231591956,35.27513051526068,20.3345724067095,26.707580119971816,42.876998172691415,40.28961227507892
4.593260550478313,10.465277896835827,3.7693920000000007,10.940972346692002,9.946338496992729,10.940972346692002,11.46264305672077,4.104783517171576,7.207191500083002,9.41082208526481,8.734761802443106,88.53940932988498,29.03904159758758,23.268405712214964,69.72482500501212,84.11183185539329,77.13336554723884,56.541213132808295,61.00639862083076,33.68889011071544,12.7768396233299,21.1416284847657,18.750501986462822,18.15295620411
5.0227967538668645,7.035906429876356,9.037107246948562,9.447884849082584,3.358575,4.2174736226438725,46.49468031341461,10.512398388514368,28.744738275441325,34.90245260277082,3.15414,6.516851578057479,5.876601505377137,7.964332682697714,5.71837994719171,3.709968061529538,5.375924560820957,27.44238595866298,28.23214860613756,8.728702783450462,17.635693750564762,20.58909419840124,16.716135582181202,5.19413001045503
6.952301038360203,7.766251315603552,8.574131762650476,7.647531142196223,9.37748061951602,8.119262739040074,12.483420233584482,12.008689460025808,42.79278539146495,39.31574039922008,5.357698531874184,10.082998276977726,57.08053119576338,21.639385302544532,30.55857909042034,29.953266127125488,17.047399157532478,31.58729216214416,14.552283461888738,44.31183020481651,22.567349802668424,54.15907618274164,34.389441077039535,36.296021098210886
3.507845,3.690863000000001,4.627581868597641,3.858629500000001,3.5078450000000005,3.858629500000001,28.09015580193921,14.966994518793395,10.25704200067618,2.970506925,14.93500703010224,5.796493555743819,3.5938079999999997,12.571811484013544,2.7106075,4.497777030982734,14.737614487727209,20.53792042978123,25.38414586984187,36.8979382066421,19.77467172646877,1.5273684000000003,1.6970760000000005,2.1213450000000003
9.969377197708951,6.5391544131835575,12.878861229143425,10.308132913431828,9.234566784223546,18.323484059070275,35.53774535647417,19.87077853226586,31.38316399462488,50.85795246466292,39.637729264158686,24.27853144987161,51.27443907695163,55.92782685182373,54.6206455868098,18.328591376726546,77.61713643175551,39.24605040488644,66.62754315963255,54.58058422705138,25.129381227293933,33.55503915183421,45.49217423066623,49.21153331183032
3.955655,9.710589221794471,4.162037,9.888308770922997,3.955655,8.833625290747188,10.214009612027883,34.016580515006524,24.88997550633694,29.51775469662042,11.546510392469363,29.35900651166224,48.03270485534997,26.62601744724937,63.43409614195597,19.940719618996056,25.8722979278053,22.296480315039982,21.791344668953112,44.96155019963624,40.21174454656615,21.411276411995896,2.841451330028882,5.581217696974283
21.08600709828337,7.07493509237319,9.55704913991515,13.477500053840696,5.898616209168688,11.197758901749438,15.46982614875628,14.284044181775949,46.81453481494837,23.267184198770973,9.316849453246698,26.419890900921747,77.048354395349,32.842017515466026,63.19031221490236,13.770422525939713,22.795190151896453,21.63232998740298,19.220969508980787,21.42373286703945,22.888280205645582,28.20831594273801,30.924366359049344,5.948358658120009
8.747726527599353,9.204129650778452,6.486760825389225,6.523351263799677,8.747726527599353,3.940728000000001,22.225355580934146,50.37724274480921,48.29055504773904,36.26607421020237,24.27037489903152,4.628619332598832,58.751949805981624,9.225461014187271,18.313227545180446,49.59320377347599,26.848729354157708,16.29506863349923,15.276007540482636,22.286404370848118,13.254000993196692,17.868197470458245,19.66113281562242,23.30814232161969
3.2839400000000003,8.85904730226464,5.665909714562808,7.464195775374589,7.485971027681368,9.2617312705494,12.049170362717572,2.707526290550617,5.704001770920173,6.633616157138743,4.837939211553962,9.185188036908492,8.626089634661888,3.045108,5.784613975935603,5.238644415886701,3.8088408470052255,1.4651232631200002,3.362557565711637,7.993832402098041,5.985914236296865,10.25750465199406,19.643342464431,16.592726769799967
2.38832,11.305588603672236,2.5129280000000005,17.496798994748232,10.74498090431658,11.81947899474824,7.349511783429818,7.646798692486384,18.646572482879566,17.809016371297503,13.76195847427178,27.138786275515056,21.957245779333398,10.793757884426789,6.527501990666276,21.239433182631256,12.438844462388156,17.863409405576594,23.286906077286595,21.914174996145668,11.22256203355729,9.129891255839947,5.198362303116006,6.497952878895006
6.194140766749535,6.677205271735882,5.236262342993726,6.980714602269328,6.346104183881208,6.9807146022693285,7.6294376575144,14.342360908917488,13.510875145298431,16.41498168554101,16.121472955210493,19.053893475989927,4.817959120503305,5.884569334144391,4.90380777845366,4.87369129693484,2.772036500121658,5.57377661954313,8.130522491405168,1.6504838862276348,2.141583032622034,2.763189078641714,3.0702100873796825,2.926753236920679
6.51836359547503,9.031557392086686,11.323776570734884,8.726591176684217,10.76146705015032,12.699805998396672,16.194551261157557,37.59514738429144,30.256730307258408,36.74761999804129,33.14767641410832,47.93936209234314,19.19448269849924,24.804445475327295,26.292052757557272,20.09547597812976,24.073655002551572,21.374260782682427,19.99765432596307,21.957680350977743,14.329578300614118,5.159818110816715,5.733131234240794,13.475421717383774
3.507845,13.9600112908051,13.9600112908051,12.15855048634642,8.51894548126643,11.008623855383572,44.16736517425363,20.33329847448894,11.728812157921755,6.304413714091346,12.460175366999591,9.732210962963736,8.567591082915195,19.488236386818194,6.897748630610499,20.329416858399178,42.04905878609076,16.619112068459795,10.715436024404584,14.501482304222115,11.576754270835062,11.702903416091877,9.132900786699745,5.8436662482579225
3.657115,9.77027842988716,3.847921000000001,10.214381994882029,9.285801813529115,10.214381994882029,57.91406143510115,21.39557720404332,8.716803996686783,15.510645092894592,16.1933112373105,24.274807418526866,21.285449162593885,20.67520545063777,25.45369481153475,38.413965979121215,51.07469381724484,32.0273928759588,7.435853370021894,10.887522541418148,13.992785927529752,36.4892072873692,44.19533144090791,13.132150895344346
3.209305,9.338386078829464,4.707747,21.786809673321716,8.875325612110647,9.762858173321712,4.052096400000001,6.376342626718102,5.663677731194094,2.9357927919496305,3.0139560000000003,9.682173395029794,9.092823710114939,8.229847385775326,2.4799175,7.64049770086047,2.008733175,3.959708771191941,1.4873949302271987,3.911977547750751,16.4506892239854,21.217135547302338,3.4216367854536727,3.498298987878061
12.520232996423989,9.75419217617901,10.54325456876774,12.929366932844848,4.568665445979296,13.603678423422078,5.941319271106474,18.07902124323541,21.74118130910496,24.490771499846105,15.32762448735192,14.123296841354982,9.596791951637243,9.7622800253919,8.72734571708689,4.877088698789842,20.69986511713026,26.62334853485329,15.546840770071206,24.60805360093648,21.261708072574,32.16251532758832,26.76964055267345,6.830096648154957
4.03029,4.240566000000001,4.240566000000001,4.433319,4.03029,4.433319,5.088679200000001,2.89550052,2.73033828,3.41292285,3.784968,4.39668,4.129056,3.7371779999999997,3.114315,3.469554000000001,2.5225951500000003,5.31493060258584,10.64667569832944,13.924251169209109,20.547007126864862,25.678887547714886,17.468997188262552,2.43729
3.358575,6.9817061645008405,4.611274113906513,8.650790423969953,7.864354930881776,8.650790423969953,21.343055497926954,70.75930524354814,42.19260013910661,118.80988328201448,13.043971230983315,8.579296288234664,6.7981150933081045,4.633619307272532,5.443958076135999,6.770183810063443,9.61515528937274,19.553634441486448,25.44218718573307,22.868687131447167,17.07272187801366,23.572979013143573,29.73881582178733,28.39459726807494
4.104925000000001,4.319095000000002,4.319095000000002,4.515417500000001,4.104925000000001,4.515417500000001,5.182914000000001,11.467010509559993,2.7809001,3.4761251250000003,3.855060000000001,7.981131484921638,4.20552,21.868416285219,15.681701971466905,35.88696517733012,21.375396176813545,22.5314473314385,19.191481772366394,15.447906314583896,10.724576539396612,16.682429016870564,19.25500343567394,27.78796319056857
9.100327179873023,11.941377910872609,5.210240195187029,14.094740969874175,9.100327179873023,8.189306072013851,16.476151459763553,8.672072617367963,3.031178731382599,10.850620837551894,12.033454741078348,34.93278448491096,55.33696060617734,72.80272257892726,30.867666070326973,68.24863002625904,90.65092591251256,27.670745681123712,46.63193047943507,30.48106399553562,38.22880096630103,29.60495920329411,35.08885179710062,39.63775449966044
25.941022082670084,43.97313908991882,19.397957875467142,6.095352818046661,6.7786397524804896,10.113397748840194,11.318276617258269,70.7414885540738,37.09174738786254,54.01152410412082,39.35886955669852,36.78558607444251,93.78793815263836,5.138231301163299,17.00725428433298,22.633542866677455,28.825890803810378,40.09661436535485,28.751086332637996,29.452197952916126,23.798696941412867,46.53358510725946,39.26013146300306,10.876077160335267
4.104925000000001,10.283245832399691,10.283245832399691,8.766723361937798,6.423819106511525,9.616984534325356,12.33989499887963,7.021502236965805,3.9121137,22.068905572506072,12.349766257011128,16.825499548802544,86.04792907996807,25.44631965601952,25.173654255082404,6.63910667306761,74.49455533221949,36.18493906275313,17.49178793509626,25.56397782288857,27.79528637459249,35.91955126799565,32.8357488168928,4.663835266204518
3.2839400000000003,8.379263767533397,8.379263767533397,7.3561924678766335,4.34753615564677,8.760139393330368,10.055116521040071,6.17948968060834,6.520760820000001,6.7438593759398655,6.480156768291255,6.599225459652658,5.979601361678827,7.187331573446149,6.153816929199018,6.855761264345507,5.329013837651205,2.152508305081077,2.9255919896824274,5.347110686641588,7.093780294659855,11.668112904475027,3.852824512194168,4.816030640242711
9.990506294322891,17.481774643398744,9.40690332152318,9.156711035458317,16.61490978504839,16.44355487525636,16.43197185138247,8.163139934693943,19.21033451619824,41.02585878627128,50.84690267319218,19.267914471024124,38.75256463537348,32.727653504157885,24.979165503842953,25.706244622888374,19.22197995896488,14.322025499015725,10.87101956835656,20.345800792043736,11.536280685071311,36.61563051325066,4.985974645276799,9.750067206625948
2.462955,2.591457000000001,2.591457000000001,2.709250500000001,2.4629550000000004,4.4347105,3.1097484000000004,5.323509432400888,10.60945509514328,2.0856750750000006,2.313036,2.68686,2.5233119999999998,2.2838309999999997,1.9031925,2.1202830000000006,1.541585925,1.0988424473400005,27.778091992255742,12.727473641092944,19.49321922562087,16.10544574179845,1.191564,1.4894550000000002
3.358575,3.533805,3.533805,3.694432500000001,3.358575,3.694432500000001,24.4359498658039,21.456132566310117,42.82186125131327,4.236694875,3.15414,3.6639,3.440879999999999,5.036910130643365,40.69121820991781,8.610848911780517,17.900081487753017,34.719160391062644,18.78337896962505,43.3786040757638,26.367854156550543,26.963589900279025,24.07267093782406,28.975267521308343
4.104925000000001,10.170905011222857,4.319095000000002,10.633218875369348,4.104925000000001,10.633218875369348,12.20508601346743,2.949120900000001,13.798707581756396,18.607769002195496,14.898301290451684,19.32421908708996,16.092523308198775,37.695221292722614,18.60586322839304,39.22753520629815,32.07444067409567,10.277891469936806,9.400503163032605,2.7246511158338054,2.8743049122161364,13.614288694955892,18.556217659031194,23.648261079656884
6.791122216581227,6.87422303325161,10.128846273153538,5.485407386632492,8.337740698352805,4.3512205,12.154615527784248,14.22333566495602,18.39452145448626,91.1422004802558,18.626031446050487,32.5274175678505,29.49556375636471,25.977657959911525,13.332052042793679,20.56530825415401,31.31972970248833,22.24775169682661,20.62631462706576,12.332368372625057,11.057856258969286,13.552770163162965,12.012491405683498,4.886306543726497
5.934701345218406,4.996244432527468,7.492431441758226,7.832996507292689,3.73175,7.832996507292689,8.990917730109873,5.115906493537723,14.2474421603591,4.30811329017955,5.255172707772219,7.768260998967955,15.232836413563936,23.31898394199583,17.723815514582245,19.065925215855728,40.333893842309394,37.91983631652574,34.275516146227915,28.47057865779219,17.805113796201034,25.12166793112292,41.55762789026552,53.60757658578656
9.465815242566812,16.47283786133548,14.353320055758836,9.74475773423746,13.333109001686624,16.537322658099054,19.46282673869567,38.17740378158779,53.29083747133811,75.80650155348849,44.87035024746071,56.64074550988546,90.79278882894741,37.85678042938016,38.77554838354124,42.1511945359292,30.53329359857481,13.528915572445657,11.631735554300311,27.53827921427577,25.665829976652205,27.98899405165308,41.76007786079962,57.45501439239833
4.985840637131928,18.977015393668275,20.97454292214763,21.927931236790688,14.94807179923134,13.988824438066096,20.79290550441512,21.91307946745632,26.004565198733623,27.96094443098277,28.24033288723353,29.418482077065697,20.238618347499823,22.009186318042996,21.158398565085246,18.51029048483691,21.41027385723292,12.72293913619676,21.305323544156785,23.706146622890493,22.371049516818395,25.206247136307542,25.466071827549847,20.595246825399776
7.041507917917677,9.978543916170052,9.490193777950507,10.94266196595275,6.606095280385484,6.495206086381104,17.571471265646515,17.162206346338138,12.50307147693802,4.621749231152305,7.640789806376447,6.38151464676277,8.567873996372654,27.105237052961492,19.514052754245856,18.291677056667066,25.818207326037708,25.0009761184603,31.36255825352819,47.59131794942173,16.381827075396853,2.428799839301396,2.8749776401299947,5.057425622858859
4.49728535992314,14.774909750653483,9.392234382676362,10.41643258468519,15.130653993643971,16.643719393008368,19.104095303279177,53.24077636308573,27.078836040921026,27.09092703369445,23.52306205771026,16.50616799306614,14.507628592986006,18.147623197925565,11.826126623028312,24.38298590284997,29.441318043995487,21.392918753095625,25.70644161945677,22.061574906812933,19.27164538008216,56.06754312458946,25.8473686789535,28.23197957337001
3.88102,10.419806009995268,5.235562183635505,9.387908202289566,9.903121414458312,10.893433555904144,19.2430656,9.579664287236811,29.132397640803287,8.386143270516287,4.534415471570155,27.284685128591672,36.25442065683442,25.94990522523561,6.594811547062917,35.886012312150065,38.39575333252255,23.040864245176845,17.256227543554157,24.51782448290838,27.99309981321244,47.82319358307689,52.8063669942457,41.71221470212958
9.463726421140771,4.004979000000001,9.95748606050464,4.1870235000000005,9.463726421140771,9.561497850083734,5.455339206600508,6.614323377038602,6.411244480940093,5.618685813087558,5.98968359479527,17.872345136409756,12.224278837896279,18.945311424645453,7.312879507245142,65.01312945676634,50.51208928827472,11.33077265277182,8.815487340881452,20.928313220953427,17.50718361348307,19.19511006433481,35.49544059398482,38.160526686515375
16.597448625304317,4.162037,7.038830921827011,7.3587777819100575,5.930313821456099,5.019566562646679,15.966214706192414,24.59573383180791,31.466015954031352,81.65859069441892,24.19699632099656,30.168026533659308,24.318258913611324,10.828901519201441,8.508549605016219,3.405303,24.036358925110367,20.142936686740857,28.270006349163417,29.935085717673903,25.096176885863283,31.74628912097763,29.05678190936102,4.045609057248432
19.51230105820529,3.690863000000001,3.690863000000001,3.858629500000001,3.5078450000000005,3.858629500000001,4.429035600000001,2.5201578600000003,2.3764055400000004,14.706527398264882,3.2943240000000005,3.82674,3.5938079999999997,3.252729,2.7106075,18.527188535837148,28.40401321589722,22.08903044175164,26.992938274241112,23.87216704779076,18.167686092240256,26.738861558677986,30.273867479045595,30.52318185554365
27.7588881967542,3.926450000000001,12.05109810110297,12.878002700629423,37.1851854283964,51.51355953572518,7.55540444033837,6.792845132689271,8.026507557298407,6.380140933940414,13.112652360842413,13.07869295877496,12.13838571992197,7.431146131127138,22.288321179941907,8.018395895331459,8.63817727612675,49.97091189626546,40.62150457214402,31.53751801828484,19.74415906445844,27.43664289751146,32.08933724413439,23.61612002768408
6.749558812983209,11.962335842199566,13.403016703432357,8.653879452698924,9.509355387201763,10.502517271708232,12.661684546786285,12.415933531156886,9.01331654747431,23.004723530658584,16.44518771885123,21.19818435029282,11.548169024349972,89.67989009501501,43.41425024606364,52.37823918707785,48.72811369133397,50.87565696590508,25.566822466266068,29.53297451890697,22.52431498337952,27.105234265907693,29.9268862794104,29.18528094833769
9.481962008860233,6.912297035096035,6.633717395541851,4.022826500000002,9.481962008860233,18.15576620974625,4.617505200000001,44.92447154418206,104.5725267902385,80.74977444595234,54.2201551351458,5.433756944345512,22.85427648996627,6.210023590633124,16.91466220894623,29.08657579952149,55.01982097240202,44.69566906808502,38.6770453331418,29.417904528992203,26.97682821610452,36.93870303008487,64.5306593084029,48.61659636643047
3.507845,9.576530928954108,3.690863000000001,10.01182778936111,9.101661626691918,4.977392825338383,9.886654952302898,17.738778568415203,15.487207359684914,57.315572111382,29.250870094361808,6.04577469488605,114.92252047631496,17.728899755731838,13.44383436004233,3.019797000000001,5.696812754524896,4.060688131425346,2.720987886052584,2.2765022895893274,3.210030143419247,3.852289641739852,2.5581579413851303,4.2740498534628255
17.46697131444943,7.955353495272589,6.218145697163554,10.435827559417964,9.48711596310724,10.435827559417964,21.362065111679755,8.323882379999999,2.32584372,12.67491069327778,9.800639339265931,9.749193682420406,3.799265025087567,17.270089653955488,12.407432679782023,21.851027418603362,12.996369573158365,11.750772629913804,9.955103700705571,13.605328632427186,16.01753687992749,11.334202057354137,21.1905238880244,2.07621
8.56094012038622,8.598285689545513,5.459504791340931,6.969761314351276,8.17192441568375,8.989116857252125,4.5232704,5.541273090968804,2.5824243590257967,6.92013417564492,7.027989890084943,8.163826639997659,4.610654602802552,6.322108937487067,11.316014954251616,7.299264712502875,8.18124964797682,39.33791100067289,20.492450209338696,19.049065139025046,24.33386422617,20.359199485457776,20.730477219167405,4.941914765215864
2.462955,9.420029701702733,7.631667453451522,13.992481338548606,9.758104235668384,8.67585471894467,16.269840244356462,12.079756088525864,73.398455765741,36.60410589571621,11.741342606517604,19.19252148306542,37.27294892733748,22.811651622910848,14.592714357105594,20.41423936537668,8.361936557990763,21.217583162072792,12.43023763614786,18.16580171230064,14.41263789512571,22.905781972825253,21.5997595242673,36.37314784233612
3.9362254699175914,5.648524512080066,12.04150873640913,12.309798574890287,10.19123360123892,5.031537875496544,12.40582576081679,17.02082267755658,30.545377010089684,21.608265521808047,28.48924464093336,14.068570911291433,7.881014584331416,25.814912533567455,15.685765659520222,10.922134434429536,20.446436538443244,16.39167410250916,45.49910795444158,12.38370096882687,12.034882843252063,17.860171893645976,57.76825033596695,10.53199239336295
5.1926778120090935,14.503887477524785,15.999828232615217,4.585137268394754,13.53918459345564,15.163155090139544,9.237350657929207,8.275725380450181,9.434816394679885,6.378782234036362,11.750117037099836,13.48682680462764,8.369333014066015,11.948001480576567,15.461147701580748,37.900014130920454,32.092888134040656,23.803802605719763,29.832651606939507,32.898752344588644,17.871346397792877,24.625125488697872,27.7132167066068,31.97030294482593
9.369663264768672,14.15222370457882,10.943196307661498,12.82739841311908,9.129616365891884,15.059558189005962,22.956856488639332,17.85927823594482,53.65707900822751,115.7768917388144,29.52855921877265,14.673229686189906,10.655433820232378,6.36139997569117,10.764519265375919,11.992390260863818,5.714309879924146,14.837147017122088,4.72140595617712,22.4863938508404,18.180839696738868,26.60444422731708,29.3637980779719,26.46235201788743
11.199620728189636,11.394317987057526,11.394317987057526,7.024021524426804,8.038610114715995,11.912241531923778,6.790996350009209,7.32406666352727,21.80024213825415,10.43936287517232,31.61637169599188,32.70084964049746,40.08483935561333,33.38672589313105,27.149475661453508,17.97352654697577,12.7468208224232,9.466120976958528,11.188796826308735,7.665201822607343,14.16375168208454,55.68244267839268,18.15415158642692,21.19652492976971
9.9523652684138,9.380199108504955,9.380199108504955,7.755788877153108,5.885499593944831,9.806571795255184,5.3713836000000015,6.2374664121524415,13.003050585556144,4.194566127958288,8.372409121640787,7.691691448416304,65.12871030947544,16.442594202726532,6.888914071047027,4.4647872723008115,22.145118409074925,18.44963199461865,20.53849668916173,23.211412696103984,28.257255364058484,31.00281289101886,28.227963920157748,5.391324055602022
4.328830000000001,4.5546820000000015,4.5546820000000015,4.761713,4.32883,4.761713,5.465618400000001,3.10998204,2.93258556,3.66573195,19.861703720143986,8.499340878707518,18.371213988014908,11.922426910528484,3.3450049999999996,3.726558000000001,2.70945405,1.9312988468400003,1.728784134,18.04847534077212,16.470604633456407,12.91331772817582,21.11225859060813,10.283027034534358
3.507845,10.89969664935003,13.059764046420405,12.46552249695974,11.046911706597378,13.305626655740864,49.132555171929134,35.03191858184944,49.02175315161548,70.1750981790614,16.688508851287725,7.597028985421693,14.118521739466294,12.990086187111194,8.110632691434377,19.033293966419574,18.01327082596946,5.60267218921744,19.24850426213918,2.657656758615351,10.689535477898795,23.69318272490827,16.067718344228986,6.376213454167087
5.886020036874574,4.473865657382281,4.786456762303803,6.14782224905317,4.252021079330266,6.474622040562031,8.181958733152415,4.655602138657385,4.3900419453649855,3.852270582418398,14.03101966827326,12.221733637919366,8.504112563333889,5.868399055074095,5.007428413258504,6.2937523510939455,4.056017014739388,1.69821105498,2.232023971796561,22.164669172190088,20.97848451014744,29.242350766735143,2.703893076838333,2.7510438941866315
3.955655,10.06670770660552,4.162037,10.524285329633042,9.567532117848218,4.3512205,44.172852333268615,3.391666646889272,25.147468038459024,15.418139272939152,18.74235518217584,4.315259999999999,156.84106970000698,22.503572543556857,7.393093000155441,8.236397214495424,13.418242326643131,15.819887361849144,17.40099320444294,54.963524515910485,26.04137451333716,26.797500660430785,24.92667254040237,8.91542375320991
5.918485087792973,12.884388096969394,8.629496441363829,5.136261712848857,9.56014856424428,4.623678680708389,13.402346855621094,18.244994736862385,26.52487604976969,38.51683670296009,29.7611803781738,26.380290856221105,24.882882812142142,12.346179115233417,4.867874330416378,8.230040937914643,25.301104964126107,33.07690395452761,19.209802391032163,28.76878433294984,38.216047477288974,77.12248974111887,41.59859525800654,29.76328837728678
11.653199933089878,21.6911039322605,8.767793508280135,3.858629500000001,8.333026888034837,9.166329576838322,10.521352209936165,5.9867363607777255,3.416491440857229,5.570721677143071,7.825799164415327,9.090574786947094,6.085563509727463,9.046887864384555,16.72728631128191,52.8229149385318,37.89073412726823,33.14432318302076,13.59368975526472,18.68170558186906,22.92548854106865,22.94058512678324,25.29096366415421,31.7158272800756
9.12211754725107,21.0627793975377,4.004979000000001,9.937472634045362,9.283003222900344,10.21130354519038,24.4937801140969,49.49978036667913,4.602376406630746,6.596188669384575,3.574692,7.954369840691148,18.233565164646087,8.60787571578032,7.173229763150266,5.205523069804035,27.019505986532607,21.96323949834121,19.22278618375093,23.814745077414187,29.42731518872201,39.5749657925556,17.322155978384856,36.91654884629526
31.48683697285739,11.35403091296025,12.6072903388923,15.427477656361896,11.703268607404873,12.657600275879608,22.500564712331595,28.52764757666245,37.86284876930546,62.48690070773167,40.50869651338063,16.394718783504935,11.500410409719043,11.54869797474115,10.089963691113708,14.240489685783103,54.4546827520437,44.10543474474941,32.38861582909395,26.26880184130455,34.5415420985802,30.662255290755272,23.76137245185968,35.50359251526966
4.104925000000001,4.319095000000002,5.476832084165976,6.244505352975157,6.934341486686619,8.37918563535528,9.585049544481652,4.981872118522161,6.572783691582941,21.30897507602688,35.39891126558177,30.272773741847807,17.408413350739313,23.751078974717103,20.44966291896358,59.43693681879677,56.604525891370265,53.41797427524668,9.92782875270946,2.848458646590318,1.8358209471724127,2.471774019704432,3.3547960394088623,2.482425
3.2839400000000003,3.455276000000001,7.003398485683415,3.612334,6.656122527715641,7.321734780487206,4.146331200000001,10.808375361216232,4.58569998,5.636525576879199,56.74079440009005,3.7625851236993566,6.819236992821716,6.17204088933632,5.143367407780268,3.6564752304195007,13.578738481606663,12.648880262335046,18.68682168427051,25.623662862225828,10.137320580214066,13.58369584372922,19.6511003621573,23.825025774616925
8.972632666795104,3.612334000000001,6.791480921812843,6.269271200057797,6.706505212197106,5.992300066718041,11.328924027988256,7.384376764894859,15.32084347263266,16.660443414203726,23.747562259083388,38.60616943059868,23.36698636292845,12.428987286291045,6.155131975287812,13.399314216874298,28.31140152880866,24.77689563401833,18.87485746453856,3.582309037300637,4.56709203720919,18.278813337405182,27.20052812416112,40.49428471953037
2.462955,11.132456331644034,11.265732902354385,5.2172732397312656,4.742975672482968,11.77781167064322,21.98608452502389,20.469584272754243,20.66532826327903,8.637909805024618,10.055364904580772,8.131573054088989,7.914347841841658,17.67933715189098,7.404517955542314,31.663241432246632,25.86268951891913,27.935277386662538,44.045990398948405,22.53482210505428,21.71142370140671,20.1951029933095,16.420206798042077,5.0962188517051
4.17956,9.983210331609506,9.983210331609506,4.597516000000001,9.488175108554486,6.98639279884952,10.17898494432622,25.701866377030026,13.783422493133116,8.824917293723772,12.302170735100868,21.53751997577948,5.76526790528637,8.79812600975052,3.22966,11.543648175292644,48.84247972301084,10.968169571906529,19.84512069015141,16.942680690836337,1.474072992,4.131293952404594,4.5903266137828815,5.737908267228601
8.032021553692177,7.40434771459728,9.666664488496208,9.287150077166451,9.949284933531809,11.546781917691732,12.513302924975688,13.215265578576622,21.05379991042737,39.90797256549811,79.45041817281061,6.760148636658188,36.57897909371193,21.298946585916237,19.721104513644843,27.44333384641733,25.99883672157444,12.368538844196628,23.93155014308707,26.3726748861116,22.954326191968264,26.879048848313406,35.58817794550254,53.78173678800471
3.43321,3.612334000000001,3.612334000000001,3.7765310000000007,3.4332100000000003,4.767260601822797,19.38886048819467,26.727764413408707,26.68365856920073,31.082618568444868,30.79618744703849,11.744947114178052,9.665430188801622,17.948270403019784,11.485586379323149,17.056177995772785,38.35999930691967,34.92463483586813,18.305337926200764,4.392003432394859,14.252798525232915,28.80827965904933,24.496712915118817,6.770906219934681
12.663108509336226,7.981881727345877,13.323792431562458,6.803306246537312,9.62981059869969,9.525452827135522,13.657535337853176,7.35591164101036,6.352998118052773,19.12407179837013,11.892310600072284,8.275730115505114,12.973429745533394,12.352963014357844,12.967049310543537,13.854671343437847,10.838185234457711,13.503743513193,10.146012755294418,18.121879023277582,13.121603602739658,19.95887854147493,2.701645199525048,6.172685636248322
3.507845,7.981752775512676,3.690863000000001,3.858629500000001,3.5078450000000005,3.858629500000001,9.578103330615212,5.4500199529988205,4.034049440744787,4.524548081948237,6.549726325554245,8.27559641638429,7.771864460604378,3.7263509874431158,6.283799482490739,6.530524998146735,4.165040002923642,15.602046864543212,12.71981710501174,9.357883506757178,20.00723081259305,24.78511902154366,22.73512514000784,4.58755888299564
3.58248,3.7693920000000007,3.7693920000000007,3.940728000000001,3.5824800000000003,3.940728000000001,5.034374400000001,10.769938659356258,5.427305428488189,20.371837376583283,12.205786187191771,12.478735765151647,64.27221820074577,17.223751802695244,12.719009970257428,3.0840480000000006,9.388498193406171,45.5463821487334,16.448583568363198,18.31845807656017,20.89529334203853,36.46223557282244,32.263860707182104,18.54501426778498
12.088660348211166,10.646587344272689,7.263147336480434,11.631479071031048,12.088660348211164,9.505270694861045,13.077724740929838,7.042334898063111,6.982755716965118,9.13754219052976,7.898438261703136,17.185936947802215,18.827729900308046,27.795242952841193,9.174042711197284,7.799033550545063,24.047214872488382,23.748301535134058,36.00945785602641,13.204309544772268,14.177216140019867,12.616831846792952,14.138537419360242,21.900612429593448
9.101129589567206,9.575971133370716,8.19464301150601,5.062059303139707,9.101129589567208,10.01124254852393,8.926105807414253,3.721520172508593,6.165601609223167,7.707002011528957,8.13617413237114,4.985439993922832,8.60415874019635,8.960564387410875,3.796722357563285,12.53968484083436,22.51932071734601,12.343737797394091,15.133482848640416,2.553956630209883,2.9783335685606542,16.38670552661869,11.423403690776787,3.44455563514463
4.328830000000001,8.524934448238403,8.733895103408846,9.130890335381974,9.147215905177374,5.6355484670763945,16.473257107037334,94.72708651400043,4.5470868576826335,7.029276320172154,7.795542736926903,4.722359999999999,43.39733923450806,7.697114167016208,4.2657820417540515,5.949139514085613,5.195552062735941,4.437079896318179,13.169197589620545,3.796820855903234,13.029482439606118,48.90294573892799,18.95503168897037,6.184266972017879
2.83613,9.186092403913722,9.186092403913722,5.182801791384523,6.587145984335496,9.014196689670069,11.800454158450693,76.71068391143685,27.14959970030106,2.6285742025589944,9.619238233192108,20.630307030716946,23.883110296060742,25.64360807733613,27.52172002102799,29.539668994315925,43.46243498665605,26.57706823848672,25.13173127827278,28.55822399113914,23.4788535536087,26.46558359334373,33.95317396550501,52.25404050717751
6.39717576284128,4.248972590925977,7.061870636667563,4.269122,6.711695233196442,7.382864756516087,19.7732790002516,14.441117366672083,2.6292146400000003,5.683585554293169,6.303157262480137,5.434732523174248,7.68173921436625,5.786103952924521,3.728083317641507,16.037033068868716,37.4398994242006,8.115817046492015,12.200265406847196,38.28345608275351,13.282180885435444,18.69977297377124,31.133444251357105,22.781057484388416
24.94097495201692,6.854973755251702,3.298218000000001,7.166563471399509,6.51505770127228,7.166563471399509,8.391495719123313,10.626673892594097,11.204961961207124,4.699191097879953,3.624140779634919,28.911005251865163,36.530429015478134,28.576090046518583,16.761338238260436,23.872768444428008,35.643231606134364,64.51063263252895,20.50119822385812,19.705817981817965,18.989442096641696,19.29390750902721,21.76155298914661,21.99734077764469
6.425615122899367,4.319095000000002,6.6773471413264005,6.591582064612715,6.228275122899367,6.851102635189305,5.182914000000001,11.378915023947354,4.784980092349644,11.661825489895616,5.849162724114188,24.172488164985936,51.415850272279386,5.775309659415775,3.5366031776695874,5.4632840247216,3.381491297009009,4.7158802885484326,34.65439767573725,11.96559844687809,17.84820854121113,12.662494151717032,18.68139892343737,3.267141349767157
3.358575,5.6623065945185065,5.898806771687228,8.639436204436928,7.854032913124479,4.188932870443693,25.07738339576675,25.60963275770517,7.797507210513156,18.40500666759493,13.845133068036652,30.18178722317648,13.177605020504704,7.282830519442698,2.5952624999999996,8.573880144016288,15.670695915949617,35.550681602108895,18.461113741590164,21.020646122194368,13.73556205291148,11.602169773677344,3.7997376623179298,4.749672077897412
7.0795631995913775,7.4489317143526685,7.4489317143526685,7.787519519550516,4.800739230474648,7.787519519550516,13.47103299735215,25.506628698113445,47.91206309586216,30.42540084714504,18.623843160590383,19.506609107861657,22.19695062268477,53.05919786169903,18.747034274924484,3.1735361746780644,4.431162966289694,9.911591166686875,13.413559177404576,11.633339376308989,13.27021464898347,17.096464316976345,21.72797559861496,3.201330937821108
9.731333043499031,9.08491902417113,6.221072254452652,11.700777493386424,8.032951187162652,8.731103649176285,10.489792698250907,7.6420413952852675,5.986847456419805,6.149967151022538,9.778315452077807,10.757153565121138,11.295427457918116,6.989337932696437,3.1167961296650035,9.157130212215463,5.200072385210125,10.698834183534744,16.438858030350197,21.300922921913937,15.26169497856776,41.942303479921925,21.67773528487871,5.963204693708456
9.715518899017168,11.210324393037242,9.692587598459443,10.687070788918888,11.231431386362496,9.498469829747792,12.63115547537079,4.960073760627194,8.976881997848357,61.30931492478192,18.46083317529047,14.921172197675624,67.51207957978997,75.33527988281472,17.172563978343526,36.51281815048748,28.51559155904916,27.322256157016668,15.41494702472517,22.572884636720424,17.122538990952226,21.98683126478388,19.857449916556607,31.232959697321306
7.728145351691344,5.415953125799343,10.09203006105719,5.662132813335678,8.245771314654897,9.867492429084262,9.75762352230942,6.890938211938387,2.22472008,8.122340272093155,9.007762368546915,8.03945033728851,5.413317629333115,15.861745395703393,15.857371163086162,15.735197129365885,20.17459963280611,17.605303467128582,14.820832453629404,15.267777293047688,41.2929082843941,22.841559549676184,26.08008693405592,3.919131328233038
7.72034314486702,3.3767470000000013,8.349162545190895,3.5302355000000003,7.935154485098782,8.728669933608659,21.16745105422908,21.56080243480514,32.53197779583484,13.942300632469973,4.426107071436633,6.781815014448741,5.488706916524621,5.1669766703639795,6.1317102839399675,6.831132991519823,3.487709252495687,10.09831815690346,29.83848750680933,32.29075363115543,14.238572671628244,11.243078343641514,15.46782032055574,12.810736975513676
3.657115,3.847921000000001,3.847921000000001,4.022826500000002,3.657115000000001,4.022826500000002,4.617505200000001,3.46351302,2.4775291800000003,3.096911475,3.434508,17.923934144657764,3.746736,3.391143,2.8259525,5.782014588917727,2.2890215250000003,6.448669657634127,15.444003239755796,13.91902479235668,13.676426345204572,14.29132611512167,22.638305271131085,15.935197704743407
25.439028332765723,7.609745095017547,13.43141107992756,14.041929765378809,12.765390695798915,9.478628172589882,8.8173942477936,7.567165914825519,7.578010441214927,8.574822919304838,5.377438384214844,13.377154643407176,9.213277985255235,9.971329851998323,8.03351480571104,9.459736353138819,7.989974085506868,3.4511338202522435,4.7967326091755975,5.243711688321603,4.293291494227601,3.682425066370424,2.2141489518678066,6.970737834828165
3.657115,8.426524380594376,3.847921000000001,8.809548216075939,4.962584558929801,7.134195615449361,11.048169801208854,22.3645319169353,16.279391140388686,6.597646776321071,6.703857851928546,8.736742032472003,8.204940343538924,3.996406159140181,5.516010985067467,8.400928996543595,25.991200451961955,20.715223288337477,19.0643741473032,22.86170829083618,17.891793328362425,22.557398190788483,23.64991405135917,25.8216553050949
4.17956,8.965206500277237,8.965206500277237,5.552555977330695,7.435378104536459,9.372715886653472,10.758247800332684,29.60377546598761,16.661611075158397,4.458356055871427,6.778947347280653,10.785042538021544,18.907333547414677,7.900967111063259,6.584139259219381,7.335168954772284,3.576781192872833,26.028104490558714,54.62762588122091,26.629260363245223,18.02135405176645,49.378902457419805,22.418695148227773,2.52756
7.925436494019418,8.420942592933864,10.324804641785336,13.54916139711062,9.449452957899316,11.392119553952556,15.55208090798784,6.524742978511464,14.672503458527016,13.14708634530275,5.996919375256934,33.00923288299216,20.411483695294176,41.65595188677424,23.10808748829012,8.447567434188002,7.70958481149641,26.01485479622104,15.129020015677444,3.5449180503920465,3.951590664429165,8.827486430649223,11.790597388012102,10.409581027461735
3.3627900179709678,6.6152844607962615,7.798763125736338,18.653671615786863,2.4629550000000004,8.312826880864032,12.72474594930988,23.7203782591222,28.850624606319844,31.39318879632885,27.50328805984785,113.88046605589288,77.64554068763191,6.872989591651932,5.727491326376611,10.464528080155425,11.833487302086702,30.672046704534896,29.824222812440524,33.14867852706743,13.4572860886743,17.651027239612375,20.436321601477104,1.4894550000000002
4.104925000000001,4.319095000000002,4.319095000000002,4.515417500000001,4.104925000000001,4.515417500000001,5.182914000000001,7.413240035616068,3.9635325,5.147236125,3.855060000000001,4.4781,4.20552,3.806385,3.1719874999999997,3.572320769213901,2.5693098750000005,1.8314040789000003,1.6393642650000004,1.6862032440000008,1.4477502600000005,1.7873460000000003,1.9859400000000005,2.482425
4.328830000000001,4.5546820000000015,4.5546820000000015,4.761713,4.32883,4.761713,5.465618400000001,3.491686440000001,15.95243825467548,64.38961532864877,35.79515903909104,33.96187452734286,20.57230071295275,24.30351144621387,60.25841468827886,3.726558000000001,15.492107324739813,45.30084711285199,34.59051169080038,15.929994792351582,13.962546447113908,25.78074925444559,2.0942640000000003,2.61783
5.929741088520177,12.82425791712074,14.895939662119082,14.962562199040434,9.555749931551066,19.3599117168872,34.324109033841374,37.04771462391996,32.6123136191018,36.83221882774133,22.43856727093393,18.292086236245428,10.170137350662051,15.51626127081593,39.26364132396931,21.391946500008256,71.29115867297057,25.061523097395444,21.178747522434502,11.016027210510376,14.339150214942777,26.81247671037781,14.402705871168315,15.845887906799588
35.02833384657688,11.420580600011036,9.621202969326273,18.2894230463955,16.229337636827406,13.559140755119609,20.00135759789508,7.502542703868011,17.556666412004073,36.10218757885953,26.756029193021927,30.878021854776826,21.538720496327336,33.27104000956025,18.630677513817083,20.413370185399728,39.87168062873223,18.110456583957237,18.05187614503924,11.990448467098528,4.24742834685785,5.698633094532955,7.70960457894244,5.394156534148991
2.910765,7.539806676143606,7.539806676143606,3.2018415000000005,5.463865178957923,4.840080781498001,10.057198411372324,23.34098493373176,11.10365379411625,6.068241477574703,2.733588000000001,7.81738032537804,7.34153978383329,2.699073,3.564460925523779,4.520518054264623,17.660629552632145,20.36632031732609,17.707504984323396,45.7261847252576,20.724662003233284,24.48974161459428,27.407924350697066,9.28660078594694
3.507845,8.828844938243849,8.828844938243849,5.567751591027396,6.615339710958902,9.230156071800389,10.594613925892617,9.705148146813086,15.846358116702154,13.707044245970996,4.128136245424997,9.15387379021526,8.71808424984788,16.903917945021007,15.059271243140333,21.27745448508786,21.947615547111862,12.425939593276397,11.027220865283311,21.58597915703796,17.17047295992053,16.863368786094412,2.556155283165148,3.8663497939292086
11.467096449276845,6.626310288278995,14.35123280883422,16.977088699623177,9.766207528104095,12.708613610659688,17.17370359455499,10.39022092313736,55.86157978568149,14.65666096601111,16.592536207961768,41.66699741386477,38.78826741104078,16.888356473881583,32.26942093249098,31.270956260220395,29.727691579891207,43.78612256742393,12.945383451829231,13.66844913989421,11.82700183148196,13.00934759265394,13.010897544403957,23.347848731245303
7.708523524580842,27.527929698118168,8.110707360645932,4.3512205,7.708523524580842,8.479375877038928,88.29682360187252,22.812874759152816,19.378997548567828,36.20633061119112,17.09804023824998,4.315259999999999,9.803864251838261,17.148812896488625,8.609141578957072,4.212985573768486,14.068192517889106,37.473917210152266,18.13924586806749,13.339175313093795,19.544684986291568,28.52450183337295,18.89384450754256,20.57783358929112
24.92192831709925,45.56552466533,44.31938200994327,5.871364268256329,6.881955894926764,5.385996492209721,9.24633515114364,8.293946394189042,6.820064127108832,6.201418339772003,4.183935979016733,6.06351883267401,7.502661129402802,29.004740934106767,15.282629252012775,20.959396185745547,10.424933943333665,20.234209031156947,25.19387206801204,24.305866695171296,18.75108256145577,23.351872539662484,6.36721498285888,4.428654138883599
3.358575,17.229135502340103,12.408899022269647,16.11818284429918,4.640788375260866,18.012278025173746,20.67496260280813,13.561811675879644,11.898161283326084,13.839856697265194,11.0262618606115,15.614455401281436,9.212559229680776,13.307871168554941,44.59455985928443,23.670390292848168,50.78334853254231,43.22616836417743,25.95280019443541,27.915969565632384,23.26279097129468,20.17844842980685,3.9775196152990335,7.326789655236352
7.162210848280937,13.216620555825724,9.720719790980612,12.828096555262071,9.79259790213986,15.111630229055573,26.56400212681306,19.031839405113036,18.073265318157816,12.590883794353454,14.803521672397546,32.04557050752811,103.17776368560857,11.208372167075265,22.499179287780848,73.33488695735711,58.33213129295595,15.32539356607667,13.279002543459882,13.678116659741535,6.491738973191108,5.077769013753755,5.920712845293057,6.619640752117768
5.93735430839823,15.122967175593487,14.671264195954944,4.685109921407527,12.955064188861446,14.09979306446621,12.05389643730599,9.336013414416232,20.73611599778879,55.531430758388886,38.27909590065024,53.4723954135408,21.581000829187253,13.97356723168986,7.907794713151029,10.42988770825302,18.267247453435893,16.926811425908028,14.69158268265605,26.626069078139228,19.753417336886407,19.0544021842254,20.268104229450064,5.522221506163886
6.357972965782627,9.728048234007298,5.447706641380902,12.767113428296613,7.518190088957801,7.518619641082322,13.750772135202691,11.82001812770578,21.76564704953764,30.5423955912413,16.932895743857895,20.38493794177464,7.73585213588009,10.541142573317865,13.991078693205747,14.948253315020924,21.9466395882922,15.465244221266085,23.31472661518989,17.13813615523806,13.970611939805684,15.841003185161895,15.876203300927976,9.847780549366975
3.358575,5.289973492436912,7.046141984873821,9.464700403721276,8.604273094292068,7.628706070719052,6.95008310261695,12.162417288551936,31.26556412531262,10.759744146140116,5.265585717541522,18.767504919104,15.71903491169624,18.729149448754207,91.13434466651319,14.003104244614663,2.8483740171322505,5.41929832247195,11.929681405278984,18.388710164939745,17.420213742124734,21.84920506385588,23.112128309611645,25.38186084787527
27.28292792280304,6.221806423103182,5.207026997448152,6.902455467165809,6.27495951560528,6.902455467165809,14.074518205103647,3.8152477197068033,27.61880857921292,17.47757231560829,28.18358078742889,53.34617083664013,28.168761426300243,38.991582003618326,24.166504518251628,36.42567126831907,37.77772470468823,26.98192240517449,52.1169383661557,38.413210346281375,51.48356008008213,39.31023671226883,48.52204049134205,48.57465875484446
4.464715148763338,12.329370121642684,9.084616263791323,13.855346921115702,8.42634565278586,12.889796036262808,10.901539516549583,16.287430843869238,21.289440019119407,23.929620056435667,39.32535253924106,71.26691027925854,17.841859169267376,27.04393683383205,17.42223196094318,25.43608153772442,42.5825002613416,33.59285474249365,26.179322938064505,3.703046145691287,2.5033790126737783,3.296062952991956,6.093763791392604,7.617204739240753
8.504238365039638,5.025127959666373,4.240566000000001,10.44829402410885,9.498449112826227,10.44829402410885,5.222844000000002,9.15238138066057,66.66733805681865,30.693655966114527,113.0435473973324,10.36194448671952,4.129056,8.807652813711591,3.690505319739953,7.3210399838167355,5.945165649255326,5.89810864868488,2.8007172162676848,3.9017316289619215,3.3499716006238707,8.012538397404954,16.945534683871088,5.744121400246692
3.507845,7.444032276344128,4.863728398857541,9.25381033474468,3.5078450000000005,9.25381033474468,10.62176490596781,3.5357000112754693,16.598480033087,19.621486840770405,15.654224964164058,10.005332563383154,3.5938079999999997,7.800732678875678,2.7106075,7.242112435887144,14.659181201925406,49.118040449670815,7.996699276979728,3.455672704862221,2.9669917162958463,3.662952736167712,7.26997696775739,14.002765086522356
24.66721863293952,57.1504289542941,11.946355406628062,5.95636578926246,13.177042072529888,12.173568594164296,20.21273730689208,14.975805179069932,22.647409953037343,31.26839724129561,12.575405516795902,14.840633586159898,16.71020684992047,10.555256242030527,8.735717364718202,14.710297645457613,15.163779191024505,12.962033526339006,22.409974470040886,33.88367551247954,25.32986680890289,32.652611638010896,41.2240164313445,34.63774472958773
3.731750000000001,9.879869514489604,9.879869514489604,10.32895449242095,8.104002122775047,7.499850177684155,8.933255655728994,6.746072886670503,6.361270155167017,14.739043211205647,6.716136178649466,46.42619515823403,22.661359448336313,12.021776077276643,20.11226955066511,6.5336724564301525,10.708448062615938,16.67710388228802,11.779277108874664,20.788940768488068,20.0360881275966,24.256282842790142,26.740206526978984,22.000628076379137
4.509725,12.179119401677028,74.91607920204169,6.573926850617577,9.184363657368047,10.985018316226672,12.60889058906018,24.40393405225717,31.796081184559256,8.45664839798772,9.59962519521044,6.51959687664553,8.039983698742908,9.26009808475306,7.7167484039608825,13.588198262316332,16.701724487031736,7.137240804179471,4.712187578215711,15.967771384877173,23.16381610752001,26.56767190957796,28.94374342592365,17.71908915151495
3.43321,14.611294119612218,6.285697212179922,12.088769942180368,11.109254354468863,15.275443852321866,11.27765030857579,22.92185899688841,45.816550979272336,53.69897864406957,35.24548670095841,3.74532,14.227075265978533,8.372973022484146,4.861285023927312,23.140851296717223,73.33554714208135,9.559036031617463,15.152774167421311,22.613258832726743,11.552458621964242,4.286394233165923,18.41019527845544,14.676919417956178
11.10760200801267,7.632440629479559,11.223637941787056,13.424295768146605,15.017332949939602,8.031050767339773,25.651033753325223,11.521363360115288,7.851449860414564,9.406119336785272,11.684492452093153,3.33822,15.629092404019618,11.689634322906626,10.780507250723687,70.56512022223744,32.572858824166666,22.847005401314856,20.454367621588982,20.683981321216343,13.70080849350042,29.32984924925178,19.29931959903938,9.225505932928248
7.78158004369053,8.187575524230908,3.612334000000001,8.559738048059584,7.781580043690531,8.559738048059584,6.260157833025407,27.104749564103543,27.852417162592516,6.589583464270663,5.674443989836057,18.31328781629928,7.749528346080462,6.812434454643552,4.332987062334977,9.876832641937968,20.149976632955283,18.004632871048575,19.8504728566134,22.76650708872541,16.727975643728684,17.91903564913845,18.972667773423204,35.300822074508254
7.851752752667573,13.761067422494476,13.351273671360522,8.636928027934328,12.66613099963473,109.1273422929002,14.91123643431867,8.71150511700987,9.494076756739751,55.17918652418429,42.48094980027903,10.668790435570989,15.076140444463208,12.246010123272388,22.62852389854614,22.056631509449367,18.821236287486464,20.182772894254235,14.371921629149089,10.749218916503075,4.970677685956162,4.479227218484624,6.1278040883608345,5.186355298981569
70.96321414558554,4.162037,8.42992328005584,8.813101610967468,8.01191055542497,8.813101610967468,10.115907936067009,13.447191504768057,39.23682413061449,40.41769951181856,7.524229043355625,48.64946002627418,8.208249865478864,7.429226151394062,16.503627851298255,28.471140416370403,20.77121993346585,53.49809047101662,30.905599444741327,47.53133950022477,36.07646999865977,32.92828262451792,8.880794544041043,4.845147490039607
12.960502650461793,9.21011889255765,8.058511320517214,13.98390711250567,12.416517661899436,10.85852675753691,8.716549428715608,6.705824324182658,7.772668858060036,7.40702184078736,11.490438677364295,10.775913871209188,8.45336854140828,11.098586031048539,7.212586955490138,11.157302281701893,4.245086498182714,4.407014719994551,4.087121454633836,3.953111048122145,8.595077581391179,5.643197517687237,4.954334827732646,7.179832011939022
32.44225554495704,44.15042025719613,45.777415913459926,56.34633928127776,6.971615278411316,4.926725235598148,8.015572492119402,11.15241157332766,9.356366240675715,4.637134687756581,4.557372022839522,11.323205097242171,6.503995711111158,5.886718340380701,3.942481329770629,14.94591156026803,12.79556135931365,15.93738499040964,13.452914859334657,17.883824944151105,32.9186973937254,28.118328123916577,30.994574093807923,29.810093483770512
14.339230575646578,10.436964626662464,2.591457000000001,2.709250500000001,2.4629550000000004,2.709250500000001,3.765638230887848,38.38672240240133,15.069867270519838,7.513211565695986,27.777586646213106,30.44175198975552,25.919351796402754,64.71466877188519,11.592202190587066,3.0736114477521093,11.319955937494964,27.583755619879096,10.73463539822838,12.434857463184889,14.91768449932226,11.87046251883941,3.1969451108203364,1.4894550000000002
3.507845,7.299524847515472,7.299524847515472,4.936541480426699,5.712664959963703,7.631321431493446,8.759429817018566,4.984187957865522,4.2019964668499465,4.349516453829533,6.5152783762948,6.499249042380246,4.439634382417346,14.13696715527505,5.360845633693742,5.972338511603567,2.9622681065328336,2.780032341769911,12.425673512409508,12.785962465905069,12.448704312947614,16.017068219816412,3.3563555271821697,2.1213450000000003
37.37109395567487,8.230678255817613,8.230678255817613,25.193115396504204,5.309066657410405,6.903368196831049,9.876813906981136,10.93828879907946,40.34338673757468,63.07520018859926,45.758422277921206,46.08415778589234,35.82125302142454,37.268755626689426,30.85661198021408,40.498088816849176,44.42138915978918,45.47378599128177,32.961570842373504,26.419717794204853,23.32107106062605,35.93896437562611,40.99297895792444,52.152738846485136
35.24549889951793,3.926450000000001,9.511610288316165,9.413135191374868,3.9730322814261294,28.090354792096807,69.95612290540335,19.314289865895017,20.387190756000628,32.757941448946035,37.87785881401224,31.401383560809705,36.6524063589565,27.213079316722318,20.507768962456225,7.57145097168569,4.299006304458708,4.033160159461515,5.641048145894487,5.760550715940521,15.243581252414186,18.5333885059272,11.850732535408625,10.666932227790396
3.58248,10.19351215415543,10.19351215415543,10.351575178630313,3.5824800000000003,10.575329048424855,40.633027790538726,52.96374584017017,17.978185545802265,27.13242075194708,8.837708452901769,10.568780445330194,9.925463374744877,6.152699689265331,4.91279794641313,8.340146307945352,13.076276207849835,17.98136363217016,17.00066068589479,67.25681496289387,17.233271590697083,40.45036801931775,21.58153958829321,29.69007452626726
21.2267,3.926450000000001,3.926450000000001,4.104925000000001,3.73175,4.104925000000001,4.711740000000002,2.6810190000000005,2.5280910000000003,5.60250675,3.5046000000000013,4.071,3.8232000000000004,3.4603499999999996,2.883625,3.212550000000001,2.33573625,6.040880674910221,15.400491052460309,24.124156061828337,31.13272696621555,20.51862444402713,22.457031540775706,10.676081773509557
3.507845,3.690863000000001,3.690863000000001,3.858629500000001,3.5078450000000005,3.858629500000001,4.429035600000001,6.08182344,11.70377586,7.253264474999998,47.35621142935125,3.82674,3.5938079999999997,3.252729,2.7106075,19.438306006132827,54.35089821387472,17.933784982864086,28.70503974929025,25.571628050385023,39.60780046921659,20.41567486180908,45.421815865387146,14.180975271440756
12.149649077767805,9.20182476066122,13.2576593336829,8.504336920953273,11.988344643823517,9.985643686540635,14.217246569199128,8.95462479280338,22.74010525137514,77.09637469091699,6.160957959797759,19.0493559256953,20.641527010442136,12.377022839599746,17.05186378541449,24.388944765736756,8.803969248139214,4.498577290775518,4.921554123182856,10.57637598417592,12.514811260284551,18.823515007625726,21.328363207442564,30.82932330439901
6.246035088276164,10.827839336360706,13.592232145417444,8.583589327673042,12.431096768919788,10.081422268371158,9.54493390124013,19.719241033762405,10.462660479698815,17.32585655747519,25.07889356929196,22.28161775339473,10.142186644162884,9.54249101544035,9.22942083510327,11.584797498963185,29.679512184878263,41.2645530410416,17.006301108556727,14.258063677003603,27.35095974198304,31.30775055311344,4.198266270174859,6.04464586629774
7.05513013395303,12.8294255599284,15.56783902371654,63.13571001324094,12.193255697452612,7.760643147348333,136.95399272147054,32.65207904946771,27.14202734385444,43.75148743838905,26.812174158052954,44.91015545472862,10.598180764096671,21.01693559352363,39.672977225120015,36.95078919631959,34.09832729440521,35.39946345597655,52.61696287742008,29.52086485668904,23.52159546790284,30.68234280502657,21.717187955140123,33.57620271958836
16.909218792382628,9.308925217054323,4.004979000000001,4.1870235000000005,3.806385,4.1870235000000005,39.22910575627944,23.27134166093278,32.237964862733406,8.284782695070636,20.016815397055137,23.42438134412104,16.519151670346883,3.529556999999999,4.971066972583271,27.796359111848027,24.365054009036932,23.90914509470868,10.165921757299293,15.172550844643876,14.385556870971916,8.94063093954675,14.677897753065045,32.59945475175056
7.227028097141745,6.81185591727285,8.198266319173753,7.53560831927513,8.16821579618899,8.98503737580789,10.773253892231672,12.542981963672489,21.2422000038214,41.22075370278175,94.71933749273408,33.27465296364572,20.343479847338546,19.965318489779218,58.537433974961466,27.698259732429698,12.31324355168272,20.4032504500754,29.019736411650317,22.19759926026681,13.017447083598954,17.939784199816526,20.487479702582966,31.90887307227692
3.358575,7.613944794529346,4.013821446415218,8.71278625797727,5.183430911991734,6.4545270668875,10.000763356982608,19.093889771050893,26.34659278069787,46.64775425466975,26.413109601362887,39.3393008223115,24.408295987391075,24.252121393393313,17.664906044772344,75.68184317096781,29.24762992658792,33.73354807791695,26.256073568937342,27.49662647593229,19.58558655467408,23.96289043598394,22.339234179181705,33.08587887716292
3.955655,4.162037,4.162037,4.3512205,3.955655,4.3512205,11.127692400000006,7.204826842057698,9.929879618009632,24.58372320630459,3.714876,4.315259999999999,11.471183153293545,13.715856074349768,14.91305435483916,13.401622626949909,19.031770569573297,48.05033831497921,21.428828005768118,14.399296667404403,8.028956127093632,9.12310373356514,12.105865370504343,7.988710193667801
3.731750000000001,8.796204015559557,5.072274474249308,10.693415726933514,9.721287024485012,8.896554619588011,17.13730559804871,34.65324794731318,35.325255693065905,72.24237895074998,37.5980485783153,37.11581904768919,87.68137685631146,9.366184331795194,7.511903609829328,3.680517916461806,25.307427361947248,26.995284238949463,24.701778323064072,21.508010048104587,26.54336921364236,24.385300241049023,36.23208202458772,33.217017130104566
5.070792110009823,9.681196532380618,10.201700885618685,10.665414562237707,9.695831420216098,8.48875999415127,7.869804495542697,13.870934073225126,19.650886712649537,6.116026034717997,9.10565037724642,14.832451168079707,21.327794783023233,22.269901381392298,16.142319030742208,30.480052946111446,35.93073496606031,26.48626563021816,18.30577119351528,19.68602873185603,15.956496190616464,29.09820911701572,25.13085006598321,29.56381306620821
2.1644150000000004,8.64844145328376,8.068000670548615,5.390465664557563,5.7186930097859285,9.041552428433022,5.69305719194926,3.2233865286296037,3.874154573538613,6.960500898417651,5.38791286401127,8.966828854644318,4.760754756507429,5.3198836611828435,3.5907698877206884,7.075997552686713,3.467572220628363,9.13021855775402,15.003251679944398,24.667932393898543,16.073768694850887,26.29842627003939,2.205572197604935,3.6648719079499177
10.290651044519423,14.335211944021395,13.521417219210896,11.094966859303232,16.55023797431728,8.333778830138098,19.155382892244862,10.2433590019304,13.25105562373347,14.01504243006959,10.670779301274502,9.58562538752722,10.542833006875236,15.346584303457844,12.788820252881536,13.708098896891217,16.997412845660357,29.13682089287948,26.422694948095696,23.882355888467,22.99756379164036,59.08045343106496,34.69452290406951,32.79495952127059
3.90447660713886,9.05326960240036,9.573804462640394,4.022826500000002,9.099070357054918,20.736989050201547,34.813438116144034,39.856499389326544,10.931062000797782,3.7253223942268576,15.47215648441075,68.25519878072048,29.645118579015538,8.437319785632745,7.031099821360618,16.167410296741437,11.61871630241742,53.05066099070123,21.459866039287043,26.87313924561945,3.7695911916225846,25.627955045845848,34.966721142928705,27.47392038487471
3.812272370559586,6.782052932447366,3.7693920000000007,3.940728000000001,3.5824800000000003,3.940728000000001,4.5232704,2.57377824,2.4269673600000004,3.935266342420374,5.194175067249717,23.07729644098616,9.683622418608069,3.321936,7.024253171147334,19.24493799969781,9.487330282290245,1.59831628704,1.4307179040000002,1.4715955584000002,13.17271172109124,19.21040627761382,17.964174426816758,2.16648
18.73913061404948,16.11950183253001,8.885905509416077,11.400432331210515,13.997573982851444,14.33490555300826,25.85867873802159,13.18587587886084,30.90290325208576,40.6373552109116,34.10476458164921,11.24807469939852,10.494087514615373,7.928137537538524,23.682355194974175,8.115289157918623,18.81139541560849,37.17018617378965,19.28283294266632,25.094019486188536,19.33359242523453,31.79648733088104,35.50227564690842,10.341965219498965
10.087387453210404,12.160613732564194,6.306815459277979,3.4481370000000005,11.557608092932911,11.590028941781505,24.328990205681716,28.28667192598516,15.618825953307622,9.78719267142455,2.9438640000000005,12.608299737744993,7.695480423058781,6.613520218673396,8.615229735819067,19.194438808374933,31.578971048628016,25.78173389753509,26.464560867433423,24.62940884832078,21.99709059277121,22.66186096253813,30.98439426373512,6.989383550271681
14.056999186406976,7.4971946033046,7.40633061522349,9.498060968570442,10.393190875378345,8.3426823905791,10.940019518378731,7.385619072452006,15.51962653200649,22.210149752165044,15.033466688260956,11.573741163909522,8.655583573425027,7.0295819440344385,6.589997808914,7.433265105837736,12.151802300548528,15.267699022233506,17.897875881280132,16.581916460621393,11.867258613668143,22.328675672534366,20.00418393254952,28.626899090930944
4.442684710792324,15.716657573774224,16.176778977743197,14.805968358267233,5.609501606317929,17.31476685064823,30.816491707845167,69.61044245080816,39.79332940546863,36.78498562629743,33.67003344757286,43.71837839328334,85.57738952745622,15.215525610201405,27.12481492997125,33.003093818687724,28.246937831601965,29.14605243387177,24.99474515312777,28.81929345893153,25.62388966030988,29.816143105374625,31.3240422161286,20.677862158868543
5.575746808844609,12.80431872958546,8.357689925679592,17.72866576943628,13.156952100748184,14.918567365442335,14.319546143002247,14.534169901260697,17.932695358831957,13.648142284487507,11.377368989415588,17.582147870515314,9.966381375681971,11.70186390334215,9.847558938307506,23.277871897376404,27.763886505515863,24.669773655092293,21.159235284685007,24.2618616105376,25.45673405536752,30.277777832079902,28.046805555459223,5.685084955302828
3.88102,4.980222286233939,9.46379371740363,10.206457501276224,4.449186076677151,11.143931527793525,8.612548636134328,26.193587181176888,27.051128020253906,28.27899748752061,32.452387210090045,87.23215256895892,27.07706497555542,20.063209180031226,8.250103494195743,7.009428625502475,6.340989137922183,3.632655501790182,10.160246743248583,20.239850037627097,21.476797995303585,30.22454336446207,11.504536863050088,6.126559553548004
7.590269818640896,10.273509172114194,6.21367527597899,10.740486861755745,4.214818699242579,10.0762674002972,12.32821100653703,11.513512948760948,9.174316353948644,5.000934859136431,16.841771342660124,29.72252450620253,6.615005563279229,18.497229474566875,20.09343883786895,4.252197852717723,24.126718415060864,20.86178703213124,17.283513035765566,18.96970911770273,18.331881229354973,20.28904050402156,30.054028880067666,30.745566766571987
3.2839400000000003,3.455276000000001,3.455276000000001,3.612334,3.28394,3.612334,4.146331200000001,6.503515919999999,29.12996255731794,15.325111550126762,19.691693399059933,3.58248,3.364416,3.045108,2.53759,6.95719777261104,23.70352309694104,23.396291788028385,23.12685193486362,5.541804315442405,1.819048408640644,21.320968794911145,37.67009762685463,17.756497301901696
3.88102,10.718423804897013,4.083508000000001,11.205624886937784,10.186931715397984,4.269122,12.500204067427486,13.12199453857363,45.202552273102185,90.8836154320088,26.97442144091647,25.312198331729547,18.792469592946194,19.68648822445277,14.387780043894937,8.769619476733919,5.658469992930876,2.115150660960188,4.644340961965931,14.098169418330064,10.978989506949988,20.15831807321313,19.308079489119635,11.128927053514277
8.206653258651885,8.634826472146768,7.707368022665539,6.360875542258539,6.223348516476114,9.027318584517074,10.80900776657612,2.4129171,5.559634553043076,4.336989944565034,5.844535998081916,3.6639,19.34391157626629,60.785797600352005,16.031950554071646,5.352770477795456,27.308620457498957,17.71928957260622,8.901336235911257,12.725727612136218,15.718401022952143,21.62736560919889,10.389154230348684,5.385521779283464
2.9854,3.1411600000000006,3.1411600000000006,3.28394,2.9854,3.28394,3.7693920000000007,2.6719308,8.840800810379928,28.58236331310857,57.82814656001521,12.369978967970653,9.667831587188262,12.371221451236504,6.1266668139138885,20.8091424861765,27.07689279170211,1.3319302392,11.715338726392629,19.463859170216026,13.226672147118707,1.2998880000000004,1.44432,1.8054
8.994346933662525,4.319095000000002,9.463617208462312,8.671426143613147,4.993910806120458,9.893781627028776,11.356340650154776,110.69404145623056,52.82658490282279,53.66342759044659,8.446864946396111,11.888979011430909,73.00548746807252,31.496720544372003,13.941887824073435,7.742959534196436,58.37804898035172,29.2905954324626,61.787382448688064,20.71508686703215,19.0776250276731,25.77977651689421,42.09418603878243,32.08258797001728
3.657115,9.225235470080117,9.225235470080117,8.62243019961398,4.354024651456665,9.644564355083752,4.617505200000001,6.299082268909245,5.939776328436705,16.969233797234892,57.54275956905558,9.889509271622911,9.52069080045882,8.130128629905311,6.595600160151951,5.948057773678075,3.45222708870403,4.170801659634558,28.948879623352934,25.84032037454461,18.029256396257484,6.705356834941029,4.241806241689729,5.302257802112161
3.507845,8.693655085948551,3.062631000000001,9.08882122621894,8.262564751108123,3.2018415000000005,10.432386103138262,5.936113910752637,5.954844762409475,11.688917271008885,12.896538027127631,94.23299407433709,17.958884688292898,50.352794482201844,19.200909398872987,25.349962960243587,14.071445749124932,46.51363131768719,6.8268346900065495,10.84222171595382,5.296975621894653,1.2673908000000005,3.997383104883932,4.9967288811049135
3.2139996910184294,7.951692628387818,8.432745891226599,6.552915581563537,4.814197528147433,24.31097478940073,16.83244662044429,7.698596985317132,22.45974794020562,17.391985522558134,7.526748398780764,5.501233329999122,5.868980865390206,7.4317136967759545,6.193094747313296,5.9155467824697086,58.485242151594136,26.917722888528697,45.73931722270796,37.374242471294686,20.97328673701805,69.8823513067896,36.93636742162515,16.478832110293915
3.060035,8.489684616831452,6.573322574347285,5.119074232045172,8.068708520129062,8.875579372141969,10.187621540197744,3.179818835888689,4.386545058347218,6.832729078636565,7.363760752431903,6.566951690661708,6.167224196447518,57.43444681492955,22.04543323515122,21.24789542029352,50.05042188123981,12.585326038351182,15.793876496147767,13.91216725542312,2.604836891608777,4.05928141105138,18.316017386480738,26.87602223992096
3.2839400000000003,8.850381456476114,8.850381456476114,9.252671522679572,3.28394,9.25267152267957,10.620457747771336,6.0431282308599705,7.221366139862275,34.625399502665026,41.070782924554855,26.66076466382431,22.20310345376107,32.05271894295493,56.87716204031047,73.01831948229197,15.799298162455234,14.712033800908117,12.198894695393532,5.197853002888145,5.109511764823871,1.9372916086583984,3.3928935418965267,7.800292537420359
3.806385,4.004979000000001,4.004979000000001,4.1870235000000005,3.806385,4.409663500000001,19.439162537308317,35.711749535003776,38.6150270799218,42.194022013815264,35.930803283197626,37.20324352250229,9.272201890694696,3.529556999999999,2.9412975,3.2768010000000007,2.382450975,1.69821105498,7.340416962595063,13.112233903102698,19.0774467501507,24.41659790889037,28.76652501158739,27.426284844763885
3.806385,9.733671297464992,9.733671297464994,4.1870235000000005,4.301350900983076,9.359417165273143,4.8059748,15.10281739418642,12.837155378626637,10.093726048407714,19.8494970115845,25.987744180350862,54.938766273184946,17.832868842402476,6.735842519253414,6.898660179802249,6.901869638668033,42.77390672707024,55.65438102220563,28.46256726135019,25.37455738830744,34.65102619458158,29.7971414656497,35.05449004218253
3.060035,3.2196890000000007,3.2196890000000007,3.3660385,3.060035,3.3660385,29.46834000000001,25.41966104808862,22.31048831839594,23.572306125,14.902298785148329,6.74014786480498,22.23829554154938,74.20055422435405,21.36496272189318,6.038947757804787,18.88899184776369,14.806085746657152,18.4467677490984,20.591085112970195,12.380046053157448,17.407418595361356,13.162326025976858,1.8505350000000005
8.335287044960749,7.044618942886644,12.195205096672655,12.402033795862984,8.747312140210852,7.150315746834927,18.579330116007185,18.039923116858475,37.92791930324386,49.23605825444706,10.8849764499227,8.961153810499889,8.761882247412975,7.520374523455659,23.793067684161876,26.25224303291159,16.223859215470103,7.399351055815888,13.796495056626268,22.141001417766518,24.2989735735544,24.761404006248217,4.757521932065497,5.899561579454112
6.77515977323896,6.800573833093243,6.964610101598421,6.938198362978427,5.683844102605324,5.5662586627532855,10.095673644124322,28.78078775763856,59.80835987227969,5.737328480701899,98.19574867957364,17.130396081210815,15.82080378948536,10.842804147074222,12.085752966856443,5.832528848266583,11.96716004910009,12.060045182638328,23.392458130426355,22.05286057201346,27.06269505415541,46.2413050265521,24.982525249904164,7.971496352484675
7.44562090782838,7.295225513242495,11.988153598870618,8.190182998611219,11.393699701405955,7.948218703784085,11.1254113239601,8.702737660424155,7.71871365226156,9.64839206532695,4.472172429285829,10.275993059582364,10.426679414560299,7.003095121694937,5.905973745801062,12.990153613221544,9.076590392342393,11.078420764808705,34.08209364787996,11.485932763631984,28.07300492848292,17.495257511770024,9.29252154514776,47.37929123573429
3.507845,8.871909466770692,8.871909466770692,3.858629500000001,8.65968007172421,6.458721775103474,10.4139150837158,34.993548006799465,12.324675272269287,5.4345074890927405,5.816726787729082,7.977663779469995,8.638613575458162,17.094831923852784,27.37783465882982,24.569511452271346,22.93924603399877,24.868425317487667,23.49212595648923,14.404097324847864,16.053217424101476,21.55570970307365,26.68391782602828,15.541236313600011
10.924375216229093,7.79781959218843,9.522863671280811,12.016812737852009,8.585939067418801,11.75917628448106,11.723158247667094,5.156160379140075,6.784696013826088,5.327586064018653,8.185322053687758,7.1766467562237,9.992314114561626,10.009410307988873,4.459908387717044,9.202833613941706,20.71423418291105,21.54365609827992,30.870049247638605,60.9255484444099,15.879975155323915,15.923723211615576,12.788610729380231,6.740965941634698
34.35260725810996,7.518528795043138,11.468955056418892,15.791752432914812,14.3561385753771,10.784496440499344,17.790536221754436,6.112231840342816,39.50329015163192,13.588028475043613,11.558550367773972,15.66124208222956,44.27106058300243,62.595414766591276,23.192185089059798,71.91880035398492,15.580228262546866,8.69066404505563,14.772376123942152,17.804495095495593,3.188064839500987,3.506179800186991,4.853276216279921,8.68177550210552
3.98305310079463,18.823793900330283,12.716706682175868,16.142068432748726,16.9478619905381,17.15272429202733,17.612598406153083,35.341307216473794,56.68741735724639,23.75525528734427,69.70748513811591,22.88644921652897,15.069927536043043,13.89349986624267,12.241866162333244,13.911660283115763,38.57588471979392,24.56330146366478,27.717938160383238,35.84478873260704,43.50916003964074,31.91738046204508,37.70327657334889,16.981442643658923
9.726797328711786,10.787059064688634,13.786435385784204,11.126053982052523,12.017153752677505,12.99133177249116,37.99821771474201,33.556470148556684,27.89908350143956,17.474924993606884,10.568693687186126,10.333432670841251,11.701844237094368,8.419149154493928,16.74209410111995,13.265395759291547,31.438663257552477,36.36067437725887,66.90527299467095,42.96729097439996,20.66025813156281,27.324588399817884,27.99002104294023,39.35844709574478
3.731750000000001,4.893282519454685,8.035488207682405,9.664211986864428,8.785647260785844,9.158822260785843,7.032138046691242,4.991588914468685,10.20708089960641,18.477268956448043,9.88256711661243,4.071,9.000947707492848,7.507644583224366,5.546318804752873,19.366833202226175,31.03865171383626,9.316709380621512,9.804277686394768,28.53017804533633,15.778446504075085,14.20320013481606,21.72997702350309,16.82736106953891
5.356750913584466,5.2175332989617775,5.915367083934476,7.351533009885827,4.295582182716894,6.913800908402953,18.11715485008554,29.950440597851262,22.998248152271948,5.434811044370069,4.9061158330470445,14.824182304053076,33.419827216689924,25.677400627221783,17.30169163077516,7.732897049147438,3.5188878834577157,2.0940047647569417,2.563093874006513,2.6363251275495565,1.4214275280000004,1.7548488,3.104954009806047,3.881192512257559
10.96527194728788,10.321556553761075,7.738583721738787,7.22462918544187,7.805919001049294,10.190633617957156,14.945632927682013,21.893415596955467,24.347982949228943,8.30706943599001,24.41440237590228,29.208123653900063,31.939529515194945,92.0056865807219,14.78544558158605,32.352784416992726,10.9367922832498,15.04247734755564,19.084022547860943,16.752286757356785,24.34675774520856,27.444908333604097,37.40266712188088,59.53058257290798
5.027948781140115,11.777366861754253,11.11237793688487,12.30648486434152,6.953315379342431,13.68448254317438,53.07240562469404,38.24753590733323,33.887238524003955,42.17703619478371,78.65557921900539,22.35734692900257,15.357046857368907,12.028339499204847,24.43029290035985,36.50034987386454,42.98255006855711,29.28951808022525,29.767328315157314,39.66441618766619,28.504940095175414,40.12886560502707,36.7195164091728,18.489236616208828
34.652618590905895,53.88982299150117,24.005698875383995,7.098258107119281,3.806385,11.614219748119067,10.7393351169194,21.607643554780346,14.588016195531596,9.314557742254694,7.214135522096916,9.054982656762824,11.249009667680912,20.77589826701263,13.250706241846183,26.273069735610854,50.053725091961134,48.70085567474759,25.486503800616493,24.298441761536928,17.231496312109204,22.04668201455234,17.627938629658196,5.14027561342085
3.2839400000000003,9.796718477750582,9.796718477750582,8.278206422810339,4.81418735607211,8.278206422810339,9.659084015600172,15.027511663483674,18.2077996559676,16.65832343202395,6.025469504843293,8.248832120693184,7.581740211428953,8.63377218211978,7.194810151766482,6.0296268861558495,20.23921541339823,22.0916081129063,18.04418281842028,22.360518339509863,21.79596468030793,21.880417756039908,1.588752,6.04335963999909
5.085544756353334,8.434210787404346,8.139258058987224,13.39688270329424,12.178984275722035,8.127727028802717,53.346101292420585,29.04291823445616,12.771071004920923,3.41292285,11.233174448502345,8.060555731044015,42.605578203972065,32.306073669657046,6.815787994477515,10.109636257357362,19.17783380249352,47.24053568620302,20.77789885761968,23.28461350382809,20.202988103376484,33.59089849054275,31.192796055429515,27.372851738470203
3.1346700000000003,10.726949241600138,3.298218000000001,11.794807899389124,4.849104256062478,9.9089302177204,16.868147844990016,28.78264616991236,14.493528314088582,10.999100824828318,7.345129169411636,10.354968599701085,20.02688257857547,18.565633508511652,6.243705505352993,28.3049517983367,39.562058983843386,28.03227129302218,23.841425849822365,31.037498762077835,24.38049213951138,33.561324965303726,40.25045274565122,6.165376536306615
3.731750000000001,9.182199909862137,3.926450000000001,9.599572633037686,8.726884211852441,7.601518948296711,7.005976874674635,16.20682842866157,13.894389430312293,5.65964175572013,6.703065384664411,7.538696477649628,8.940744615463055,8.949451262278728,4.638114289287015,5.362629508579966,25.41876560965224,15.632364353032228,46.12671506455763,26.155093165202565,14.022712746373733,18.447978364325383,40.02880068819616,7.104308446400821
3.209305,9.245306623707844,3.3767470000000013,9.665547833876378,5.491032727474686,8.379589500296209,21.834564852857813,2.30567634,7.468509744967442,7.440874220872599,3.0139560000000003,7.649655868135794,6.145071937011783,6.737294587109787,6.789847651896629,6.691332913391201,6.77330980911164,52.43459724111269,9.604886454030137,55.57930868218427,22.913889910972912,7.987125325799197,4.251035051622239,2.860711040325763
5.907392328886772,8.681122390059555,11.048805492627372,7.18716233845749,9.665742019879731,7.788371249355192,20.931507072963,25.1137629843947,16.834667818150596,8.892379161412288,9.861743745485589,22.57760013963308,22.027267587166573,15.57631237179872,29.058592717167816,53.65936863813455,6.181386676599568,9.19764300701262,6.357360198870965,17.239868200509775,13.623118050948111,18.85024818152245,3.262023449212448,5.845290628622922
4.17956,10.097275532579124,8.107888757593264,12.173875282912135,11.06715934810194,8.294962127246448,9.520088179176394,24.01042739670451,23.58541335392928,43.38613973887076,63.00313297430199,77.60592550797539,63.2132017349495,28.176555771058855,20.84710325918264,21.115223363432854,57.22267971337579,17.598173796035802,17.00157511881594,4.804656281917313,3.089120031690085,3.191937159006026,3.829681608073716,5.195520475845052
3.358575,3.533805,7.031788096230683,5.157225431151014,8.012916144571403,9.05800658088705,10.397016249366006,31.750561247115986,16.78288118210736,34.45826346479668,47.85278069446494,12.371228923325823,4.5762133565527074,4.758445897822626,18.97317357405413,26.64061083231862,27.144450305429626,20.02608451694782,19.392640396532663,23.416676037063127,16.866204454057982,29.25795982470346,21.307939714023192,21.141790566476303
6.361928786000647,15.187090638950316,10.166041641009484,11.286599352656197,9.081293750822848,13.67967916532705,18.32832432826407,14.240015938692755,7.994409886271534,27.329843295722213,21.144989952719182,42.0293230868016,33.1772836388674,41.53140416038413,34.11975061624283,18.22523993989296,58.57138798571484,19.567175924723948,22.57211812644277,52.12769500101607,17.788733670934796,38.08367532595558,29.934822222074622,23.92308788483202
7.287232912112543,5.502953019125461,4.853608014344097,8.0159562033238,2.7614950000000005,8.0159562033238,9.200923642076011,11.461266663572845,33.621093369248214,14.701544052733366,5.141724862343021,30.82501693448443,16.914514271214195,23.818818588479242,5.299535482323876,14.375428006114088,15.37186389032258,28.242699069792906,28.880277762466783,23.38791236494341,22.526812162996062,27.3650104454457,30.16181121110565,29.918055735480586
4.137374465166472,16.015752981231255,15.788131279053758,12.159074218802312,8.21342920910085,17.44015637063007,14.143147374804592,8.540809743939352,5.586920945286163,11.77633887169194,14.889619668205915,8.093788404562343,11.70304143157719,12.302178915928243,7.887721993491492,15.715389363509129,14.859403799500086,19.916397312024408,10.45530095492051,13.798720777730594,42.851881747754526,13.586356746885055,5.193197430006848,17.817865051385578
36.86474298073906,10.42608028411334,12.565339349580118,10.887554514195855,7.671455680002786,14.260959450198156,45.543260133756206,31.267037604705948,53.85303984235868,10.978581593272384,21.43719409799275,94.71628529541988,17.95323312400602,11.263316112900403,10.018029365841679,10.746511950591788,6.202186113413848,3.964846181220922,4.116127261972938,5.325504471618978,4.232987095042707,6.776681058242321,18.244665268318258,11.185486875314057
7.623794578505532,4.5546820000000015,8.021557773905823,8.386174036356085,7.623794578505531,8.29334,51.77715306092118,38.73994754518219,12.153446190820292,4.861547341510871,5.612536758602597,8.316866812915125,15.221306267259116,17.859600906910355,28.517503112202597,32.020045051001944,4.771802333910053,7.170850063487595,9.805647990118048,1.7781779664000008,11.711755968825209,24.350026422398283,37.71873561558514,42.724133243851576
7.911731735126437,5.921264095479302,15.051710066596694,11.827557124590976,12.021260237094548,10.657065699337318,15.594839412573997,13.072966088583064,34.74910052923352,24.736819368491407,16.431375133039367,19.197890074217007,11.891129560249869,8.365556711956359,9.654161442618287,9.810976259206484,21.72696298765067,74.75623552430484,36.0405072029244,18.953753988763857,17.03584340847871,22.586515949404944,22.529283852347508,3.040857188298577
8.472374168885672,7.575475059669038,5.120759018646575,9.31961158577424,8.472374168885672,9.31961158577424,7.216059640276601,34.25097684522706,33.4067140636351,5.9173463416221095,7.956664436866546,7.854361819942349,6.941694452039584,5.889544910213248,2.9412975,8.01964314278047,2.913448254797981,2.8336956381000027,4.801186946196412,16.307827479197357,28.688957857751053,28.26472577043872,56.10848285848105,5.123609675254972
6.03037444207092,6.602563741214257,3.7693920000000007,9.864632549811624,8.967847772556022,3.940728000000001,11.32288257891421,4.508296002472081,4.416972019888636,6.972260089362921,8.421978777704785,9.783106660970205,3.670272,8.315640661824673,2.957435479614571,7.298683648087323,2.2423068,21.350712379393197,3.581446475218961,2.577684537884038,2.126829641566053,19.252766598209966,6.286556987038928,2.16648
7.537047629725809,5.69278044868184,10.487432838714351,10.964134331383184,9.967394846711985,4.391574,38.92718805270367,35.46430156050777,55.15826670947236,53.64773964926244,6.792969187661513,20.07694226228305,6.476797416219451,12.261064273677029,7.702077836095623,9.941373120526688,8.988148277982852,27.244497821988038,24.41127698915168,20.433177571941894,20.156969593184485,32.36146764752994,17.51540248237474,20.053163548225083
2.9854,6.152522754840365,6.152522754840365,6.43218288006038,4.098415159617307,5.032963822255768,7.383027305808438,11.119422818151875,18.80315508401572,4.951717646922514,2.8036800000000004,6.832677704526892,4.626066167148021,11.912767524157,18.47224698773704,13.499986412601988,18.965483526240597,26.69758355914052,23.81102098155687,22.04742409081445,12.155465101972847,13.782424682107273,17.937137985942492,23.498272032735542
11.214089722626197,3.690863000000001,5.596492567015161,4.079990510309842,20.87260682312806,3.858629500000001,14.307416084300312,37.79997451101264,45.67076403981316,25.441190026588483,45.01170238260948,16.232649803936997,5.946774205783042,12.134349295302105,14.891280744843492,24.291125148194883,21.221579650664182,26.54724062000743,30.79318615802849,29.98191529791052,18.167839220357248,28.30054818484708,33.405057936366774,8.316169248129874
6.5944013643246855,10.59274620972734,8.388577835511771,6.956319981724778,9.138147278988,9.881583229066962,21.22175536399205,31.055713266596403,32.315882280312195,37.00725813520966,33.467257899994735,31.489418813338016,144.7702898795169,17.070101146965094,63.508489881931766,41.248907354044704,53.56646638740794,23.454791458040223,29.22772110552715,62.60909488297057,18.40136710123,24.91877434598282,22.835848803446265,27.105196798768706
2.462955,11.373682600714767,11.373682600714764,7.637331619110357,5.92248516370126,11.05062547132123,32.15364635066944,33.87201567720899,17.656293213074484,9.15384909387729,5.3250919247140365,24.51916184260745,30.393920800416144,10.023538460284309,8.352948716903592,2.1202830000000006,6.76588846069191,15.27758664073691,14.998868712258728,27.620173949125824,24.81729059371077,31.73292317913792,26.27787578862104,4.87618842370103
5.568720388279826,12.33329126884943,10.91077197961662,10.698832379284443,12.887732416332453,7.172105778681253,16.506972669698698,6.628710789857527,10.286308820667251,22.09838420546952,29.66516883954907,35.07929206365412,14.974104125346496,27.59970268756606,29.657211543474066,22.751601486994513,3.718315637716453,4.846755058778633,4.249301102373317,10.719997869968616,16.100570438144292,25.813420002089927,5.159649944148782,4.141017395899367
4.328830000000001,11.389536410137906,11.389536410137906,7.060827768545195,8.573884418052488,8.298812643915685,13.667443692165486,7.776888414922261,4.9834835884514215,7.147480777947326,9.10893150517509,22.390500185447404,10.595885197670661,5.181265300801556,6.092682558340829,5.110640469358312,6.775319452394394,3.8016998320309607,9.895192208733784,14.389222898157614,17.332168451712956,21.10109953673708,34.58691539419559,28.67131711461904
4.17956,4.397624,4.397624,4.597516000000001,4.17956,4.597516000000001,5.532700800000001,37.500253297369234,86.21363818947374,58.65599936457161,120.57810353608212,84.93551023863533,4.281984,59.612380423191944,27.800986851512874,77.55768095446953,51.94609321712942,32.873472013613444,69.3103253909893,58.97174259452886,35.39752067419332,42.589876688693785,61.270723263989474,16.119398606473094
8.9287061404578,8.905383876416295,6.752190466810369,7.340491444966159,6.1615681687612165,9.310174052617034,3.5809224000000013,13.78279909568156,15.429565975956336,32.62468551148424,36.06099953578432,81.48165914601908,17.896338377260278,18.79882585564407,14.069710802704108,7.286223171613331,19.151074059932466,20.41583231530684,20.90560156660869,21.76167295739222,16.979368745457574,18.06587213342616,27.881702373391235,36.36160852858941
20.289015370754235,12.585921831861764,13.22879926396391,6.039123900684008,11.147160917976086,14.50220745497815,10.765387728059787,16.501803286780667,22.66088632122264,7.7149344007407,12.381331265910193,3.98958,13.506906835538395,25.377486289272188,13.108480905400947,7.72186919449241,5.70234281793878,5.005670297465745,15.135626583787428,13.5165956182535,17.3795230840149,17.51988124676764,6.378261561226464,7.972826951533082
13.725611026529869,15.473104824232015,8.701304643208587,12.17182141817621,8.576314413725555,30.016127890814573,35.72042266048044,22.2202445154858,31.277500113730767,38.4240637664247,11.823733914369477,12.6399751442925,9.608911734795754,10.967494009784918,5.801201759738079,7.383088060511566,24.06687915800626,44.97697917639105,50.55086464295504,22.19218132769656,17.32573923441761,15.372627350374538,30.21833621742452,31.210379807835544
3.955655,10.629344832715208,10.629344832715208,8.346520173516208,6.190787684484593,11.929155195994834,35.39878416360703,69.61872594258351,14.110075246988938,24.18115171449061,25.973805792861533,20.569201844419148,28.91891678445745,29.87466067932121,21.68099332361108,18.922920854002825,105.8611688494211,49.775915622387416,46.17670217741253,44.492485523243445,23.48433274247708,62.372328957285006,20.456806025869444,35.88669327296748
21.41884699266493,9.261719281499444,11.573314724108467,13.854452912633862,10.878363141288627,16.713362116880926,19.633806308855647,20.019351840053396,46.06227045567765,27.1739511716192,43.58554879178753,48.97866507253445,55.359416927530994,30.250438392274148,31.676730720405033,43.20337844387107,30.516089790332284,47.274452299093575,27.854899932120905,20.695918413770563,20.50529850368324,28.06385410889495,24.47794783671138,16.065237152704213
2.910765,8.854295702792196,4.4172907070284975,8.784685306530395,6.659198972546007,8.53438895020035,9.635659910925384,9.45395718043824,17.112125271506617,8.398156135483672,4.283928528489542,9.433572525294045,53.52816025986719,63.58196905209704,15.571722054707795,38.421853459760605,27.04619312828838,20.16147203481466,16.0854545023014,26.27861360180516,20.817791692106105,20.122488649976045,41.80473938852885,28.718633278123946
21.17214618788863,3.533805,5.79693510133192,10.412206563984448,4.195039523219556,5.00887675077359,10.440061997185037,3.9691106174549033,2.2752819,2.844102375,5.174123892097912,6.010345935265251,5.644498791379541,5.108794044975464,2.964610471291752,4.331468700847586,3.2988500519852773,6.505507096154341,4.287651849849365,18.28472151782051,7.761710677653619,11.47216951533059,11.245924521794707,3.3318222032448674
12.166393774302056,27.39449401841085,10.769755508948895,8.8621444160558,11.313248301035804,12.633844348245692,11.768724164417725,7.319545237490085,7.780777527531151,9.651544183954895,6.392566886577745,12.529432411483334,11.161211850032615,7.087202044437738,4.485102324604605,10.603981959664756,5.8809414336820005,3.7266372431573696,3.3256823914431264,17.272276239298133,19.141020689969835,19.9396235458182,46.76684232187981,6.844980696065464
14.345673336177764,5.342886488088903,16.9298868188067,9.972456871007454,14.345673336177764,24.026672350379048,13.414706866421223,21.38121616552315,23.702888510222184,11.726046625072618,24.445750000354945,20.626124482267347,21.72706367747017,16.27441921592872,12.433481867305442,13.455407341596377,5.8684865240825,18.76946105910684,21.45611539721641,15.770216294546897,12.580466482178077,5.269596510663978,5.047200837754731,7.70976509019193
8.964717892595491,12.019524635369878,12.019524635369878,9.150195016014486,8.589469233254702,11.964827334829147,12.181291542255298,8.20705062292776,6.627014424093048,6.496789360485137,10.728170748925178,7.989196531682596,7.860009812307162,10.592714047549856,8.464899478299303,4.88978462574258,6.038593858545697,9.62881304547506,14.622509719173522,19.64309350145222,24.52758520751585,31.65810741736524,49.15219380801887,27.270545638867297
37.07331570114544,25.423674948624,4.319095000000002,4.515417500000001,4.104925000000001,4.515417500000001,5.182914000000001,24.098894931252143,38.36978346002742,12.64375717387382,3.855060000000001,13.504127451818729,43.70766326437864,83.343834740463,17.134310514956,48.31757248484426,54.767005278931215,25.89859948996719,21.25647315563149,35.659874273583654,27.222696670264103,26.29925764176205,24.917176283934023,17.735040161595684
4.160326679549343,9.419556321371644,9.662270681941038,11.64692899367711,7.021770247056358,9.339292686668218,18.691677809903357,13.47952941380479,24.4023947292328,20.129849533646585,10.33765435216221,8.4852898651416,11.277441111449685,10.207128413372285,5.539584384334369,6.2081681668634685,6.6010435906118206,6.111521799748609,18.672512412299184,17.083861941465457,17.268053018038607,27.60960480751681,24.57347698266049,3.942605393321253
10.990496239041033,5.480965521879899,14.937387464650849,17.56433071324028,14.112991044598315,11.375939301640852,14.693955791770698,22.68814302218207,21.334548249761447,24.25174183473309,25.38435870111425,26.42480278873436,32.64561245581444,20.538418088600643,57.6552867909495,28.001255134566954,21.9615722140963,13.118935565682731,16.86308024236209,19.404031571401987,18.61067685927552,19.60155352422025,10.51854016758906,9.10903355639535
7.579666346268025,10.55169014531262,6.908109713654851,7.963637153941931,10.028465840586373,11.03131242464501,18.70845964900557,18.42195041676668,9.167664367640876,3.41292285,9.41803748507242,24.669441073702817,33.83197310501898,24.024897363620383,28.927724898026643,69.06487794875322,28.475926141232147,14.047183363324576,50.59770907555557,27.534694157647404,14.2005659330056,23.51290281926696,27.330932029251336,24.14060318622868
3.731750000000001,3.926450000000001,8.03447799434879,8.39968153954646,7.636074126860418,5.0252299727599565,8.232906852298962,13.405383346111492,24.779841566326358,24.581234485095248,14.884079054020493,28.751695000973548,35.582525640772815,33.32141810711297,16.559413899090867,14.255864211843699,23.26911354250413,25.131994374256237,18.96320717505126,24.628030897253744,17.486686352167947,28.332444205376827,25.234307525851406,4.617863009524284
30.14978260824301,41.72641187429871,8.949791819123847,5.775912671237478,6.769909402249961,9.35660053817493,10.73975018294862,17.97330588485417,11.184977198236378,14.070468439077436,8.079409710629518,8.569054179954485,6.935812320407863,5.2714086566658835,6.572818559874951,5.454371968865189,7.992140843249472,18.92215652492714,19.59411742300789,22.282207064708643,16.458421016756485,22.952744670802385,22.678707066371054,38.140887240951415
69.26108250430926,10.078189532874829,8.118188645885777,8.487197220698766,12.584107358809415,6.153388488279506,14.995867863240695,9.421926200406611,5.226991213937786,11.105612656005125,12.80987899906067,11.406212842628005,27.15116356813022,12.160735275496753,10.133946062913964,10.833275030627243,6.062961128588312,3.442314605109376,11.988620590029976,29.718111972505785,27.107066287569,35.43555668612893,34.32178765929709,30.386750328997746
3.806385,9.111835195974097,9.111835195974097,7.584560060131523,5.350719800059784,9.526009523063824,10.934202235168913,14.055878214107326,12.03460583875374,13.391120240759054,17.857268738466193,18.780432564251708,6.385947106680098,8.030189845888511,2.9412975,10.90127904592796,9.5119262477595,11.818398483011944,13.746172016909386,17.450991511915817,13.088512372458704,17.3088672181188,20.96835728491192,21.02667160060717
5.730848376487368,10.841208720108176,5.185667971317802,11.333990934658551,9.082014324312253,6.496400294164302,10.084866898548452,18.260402843341595,35.50264914771631,12.823241887794705,9.676450758443664,49.9235750516384,16.69143125468916,21.72099277639669,14.661899271653592,12.60679419757511,29.280490224484243,28.983786305672783,15.577383972040993,5.482698720201022,8.068855449728376,16.48986496423124,19.27112084742616,23.86335440069725
6.245771173727991,12.5783881030957,6.57163749583554,13.717865016872784,6.245771173727991,13.150133016872774,15.09406572371485,6.090386650132617,6.868169484909917,10.404612594892605,23.991233730511365,82.13942428087316,24.186972648099186,73.69794568344184,11.194166699034698,25.14125865020823,25.324333425220946,8.783792628440313,11.32833914844388,44.407641247311936,30.34106325392474,9.12672492739037,12.90304134583375,5.974078207044206
8.848568391458043,5.371759309314214,7.472278519959032,9.184425891458044,8.848568391458043,3.694432500000001,14.231327378499822,7.684436850444528,11.576613004693526,7.493128596948333,3.388495449121529,17.344985728612798,13.979555527416931,8.205036144806549,6.837530120672125,8.76169246221244,9.346450082608886,8.209893153310498,5.652611828048774,6.139094475249246,2.2406564239865863,10.614554147654284,20.459459923531835,23.54582734126124
3.58248,9.118366157254773,8.388960590356396,4.4491015769291735,8.666215769291725,8.77027698082714,5.528455653518704,25.2795090153073,14.752278977149151,7.338709080995675,3.3644160000000003,10.401860372000236,3.99575279348872,8.03594553152505,6.696621276270877,5.573145830815398,23.43862520351589,27.88822411704415,35.48161050475385,26.278010734680368,20.293304552425585,37.13296084561368,29.151618750766108,17.526099775690927
3.657115,20.77564146017884,20.4649640584854,9.990706603860882,11.223684594666349,7.593347697362449,13.878383382599944,16.508928089391986,6.938300226572154,13.972817857757176,26.720667756031403,24.36100287639408,28.3530104340223,26.129977230645345,11.248424594166181,19.802342890614817,29.79234587390193,24.44131241623567,40.01273533329001,38.07059630531848,48.00557278675952,27.990017688453225,36.49988963467739,5.546991176089803
5.370795964909299,9.358888115695391,11.240227831939109,7.055207736836737,10.682861162586752,4.268829596490931,13.112005455078185,7.674939036981891,3.3957143421582336,8.684931340418515,6.31102710969057,11.65403035918555,23.618670072569824,16.77746373606016,18.992445164462644,29.09428438626771,12.204986227812238,3.080730653342922,2.939499948766468,4.388259261144941,8.83577012540456,7.973910234874095,7.7293720221882625,3.8787164345527154
3.209305,10.922750782175717,4.94856124862153,12.697330838072924,11.87499982265853,13.062499804924393,9.881535604788771,14.064127560697562,20.95124568507755,10.055965758914931,8.658055269345196,10.72371882867576,4.283767467779963,11.01136347191973,6.610899682601872,7.921731511345719,6.11201623882026,3.941342917764204,2.817982678831875,3.8797802672017214,4.188148158797993,4.520098520527712,2.3126300045155763,6.887420132726965
3.625999284880899,11.332734705184386,3.533805,12.289109080018976,11.038205203031344,9.856173378324312,31.312377584950497,38.80469495874139,29.14751856745482,31.98033523516348,15.264903509058191,17.24661533213549,74.34845489224054,19.67198686323982,7.133242361349525,64.97373792122293,30.584361090884467,18.30381520035231,19.98316551266005,32.76758982596718,30.17075731713844,32.34017099488721,34.65433627885401,15.973593615918205
18.747127652457856,5.438457425453341,4.162037,4.3512205,3.955655,4.3512205,51.65328825643332,48.649168398337785,23.83432546009775,23.38195474817034,3.714876,4.315259999999999,4.052592000000001,3.667970999999999,19.86326154702668,26.866877745077108,45.85585681868579,35.640694465031046,46.604743779426336,44.230878601787374,22.140158148609,31.253286985685047,7.181579448846674,2.392155
5.634592301604246,7.930692060767194,10.218830381205592,10.683322671260388,9.712111519327625,4.104925000000001,12.262596457446708,6.97751872805955,3.330837565523668,22.13929593082341,9.120939513803336,4.367546852198064,9.393123484763636,11.866184444405777,28.402191122113013,22.350646451378953,25.20548142546552,25.678707240102284,21.65515414076262,20.95894000220354,27.16237693223624,28.5110558543736,4.698665810141112,5.051381748431757
15.465266824776446,22.416782125509695,10.516226906473172,19.02925246491049,13.028667659114118,12.042096577961953,46.11216872095272,33.97562778643654,28.60138671952421,42.46352329907762,38.93179515993732,19.783131771313712,14.680173545650922,24.623738134806118,10.067606827497272,3.212550000000001,8.154761530272793,4.977000105203401,4.205754680914156,5.351859454629774,4.265794885184303,4.859949290721551,5.675343656357279,7.047464115110754
19.81417193185113,4.004979000000001,4.004979000000001,4.1870235000000005,3.806385,4.1870235000000005,4.8059748,2.7346393800000004,2.57865282,9.020739964164193,12.808809641505333,19.4778189963098,52.1564669701609,13.583653386677911,66.44051134721734,3.2768010000000007,2.382450975,14.7749393140579,13.800537982899607,17.693104068438153,17.787725410235403,22.288660958620643,27.937150561393707,25.72362614147997
4.17956,4.397624,4.397624,4.597516000000001,4.17956,4.820156000000001,16.040679600000008,18.65887758956985,54.03089969076451,11.526566732391302,19.59247512291696,12.644948312082288,5.560102739690007,14.526828603087175,14.026912689268478,64.0495071982871,22.79964168286956,28.680549006105043,32.51054536745772,24.364302760784074,5.846140769457411,23.50292453541207,29.37878300791529,39.8911838240458
6.570202629658441,4.319095000000002,14.119878210944291,40.87189585186326,5.845120973876546,7.3867408568963,5.182914000000001,4.824446874282785,3.4685939089492126,5.686569510908185,5.08076325116522,4.4781,6.879781638905931,5.957900022247367,4.964916685206139,6.030607919040264,12.27784587432414,32.3443236381128,35.79715719788725,12.316554996941878,25.187567467573825,28.95023408916673,3.529418168133981,2.920913115947153
4.997320709961553,5.556121434746807,8.834901869493612,3.3157153842873126,7.263645277930794,2.3808565,17.59307033833602,26.99898282560175,5.688455450126697,7.110569312658371,7.885697536407519,2.36118,8.602579130626385,2.007003,6.6566162501920205,52.07912998773805,25.115290692777695,2.608713205114305,10.122399614806264,3.4492041024246496,0.7633592280000001,14.313901255215445,43.781231351882425,43.087479302172525
6.004467172046897,6.317743720153692,3.926450000000001,6.604913889251587,6.004467172046897,24.164870050467897,24.978104674811068,45.41662678113758,49.87389909892173,47.63138635243276,32.35836128502577,52.839479884726224,37.29204420955367,20.711108402456155,12.410434812781409,29.239660309861925,36.92986653510504,33.51408544610643,26.61667364487572,29.92578975936982,18.37483798399748,19.88850865466108,9.392741158131011,3.631159989419664
5.78456549924709,11.849021672217376,11.149390354955674,8.266949357428924,12.363248752612565,11.8652349213994,11.905239102115091,19.22252280725569,35.15560661906718,109.82287405477992,27.96029900456158,25.4123584525755,13.723764357543436,13.406884278064645,11.207824903161487,24.37992409982134,25.71641292046032,27.690280407735354,22.45996746021005,13.727293876254658,9.245446771359347,50.51050677018358,51.037530762579685,13.47034575325244
3.43321,9.931129718026408,7.34616783337924,6.1787178018943365,9.43867700473584,10.382544705209424,11.892134077012068,27.70853241337918,37.36937493270663,41.00997858731966,38.47372391660733,89.54617896534376,15.4618406515859,18.495316596144985,15.218586885936192,27.263795480017997,26.11441072213429,21.133882801368664,24.972735532587063,24.903278064588932,17.03091634207128,29.451223440257483,13.74812207353557,3.231771473602602
11.089011335261668,24.882575862384684,13.43831722897724,12.056337352001693,11.756590091327269,14.684072597376614,12.482076098474678,24.741334089960933,29.318655659346867,16.70219756280605,6.76344590057069,12.087583546039417,14.999019247394019,15.787282709472757,23.54918851326026,26.95974088718639,26.17266527697928,25.696470355815205,23.6136154866508,22.12879686364394,9.041256001541086,18.7630300607392,4.58199488732008,5.217918752754287
7.2037073297383545,3.455276000000001,7.579552929550792,7.924078062712191,7.0077189632514365,6.630554843898532,7.256754867338127,15.242755090310398,10.24555761132919,5.359337919562013,4.805485933890904,7.858589814260022,7.380240869044196,6.67980134212102,5.566501118434183,6.201452396905193,2.0554479000000003,4.685274437577408,12.82026506195294,17.431968320964515,12.309792080785542,16.678290441615086,16.227898474149793,8.164522582066136
2.612225,2.7485150000000007,2.7485150000000007,2.8734475000000006,2.6122250000000005,2.8734475000000006,5.751517200000002,41.63075179897356,2.6386414200000003,50.54489233477686,2.45322,15.128744724829335,55.726619814617564,8.230249153906191,18.37594518194572,35.18145441020964,53.25382173525538,10.44955086551982,13.38250200473105,32.14412351088652,7.815165325042596,11.0544451736033,12.503499236483831,1.579725
3.358575,3.533805,3.533805,3.694432500000001,3.801315599617823,3.694432500000001,13.27982363519565,10.14478893155736,21.16559998594639,8.969357369315668,3.15414,3.6639,3.440879999999999,3.114314999999999,3.6121634837948418,3.6557867692712103,12.472754839339936,13.117476304696616,14.224502411753114,4.090604399667016,1.18452294,10.027300515642288,32.07943168160795,2.031075
4.254195000000001,10.482744799034013,10.266186202100076,14.494698744455455,11.616499918212732,22.53969759659956,16.040879041194103,7.009853752210811,12.225444277303714,9.141463770072503,11.84383526425326,16.0226162853094,9.996226384614348,26.049483448240483,25.108878298670323,26.68800845804287,26.164247866772463,24.918190813047897,18.43857867415388,26.27618530309935,23.131811272592746,29.353649482908683,27.63375028212699,28.317687545394666
17.826320262813706,31.52045574940573,3.847921000000001,7.409073482210939,3.657115000000001,7.409073482210939,8.226697635698121,21.29817828207643,23.447966884369052,7.10666092201504,5.2930241302704895,7.34784146996126,8.414395876155488,7.558688383099372,16.045251748012483,14.625014527811969,64.63136988638058,70.62116252966858,38.94182788025087,28.17765191275788,22.226075166500657,37.00202772809587,40.16854716424272,36.38112588167806
10.328653059306742,5.249041961752447,5.249041961752447,8.829429587041679,10.32865305930674,11.361518365237416,12.87958063627163,6.563052068367829,30.80792973994237,47.32546459608274,11.075795562341202,14.536419881663145,10.581766296333232,7.941511751697559,13.788547801405352,24.86615156239754,28.2381157907618,29.35728995089726,14.484619398490242,13.579887597359264,5.948125118658604,10.4967974669163,22.69607449187813,28.5970672196547
8.69067614162919,4.725301920738082,12.242059786991028,11.787810400905478,5.7152526359729245,20.04503839156067,17.799242383502573,6.243684024533945,55.178340789970186,33.67009817364386,27.25331196041636,32.61449170970344,28.93940170183708,15.756468682127123,6.9544200523592625,14.095121317094499,21.61426402664927,57.173314094830666,31.955130284945973,44.55700254917802,27.169899187110108,33.32637817324628,9.859334228617112,15.863836056040254
8.293634499725306,8.726345864928367,6.366100017233655,6.408715224848919,7.6206718406718545,4.251032500000001,12.74762503791404,32.1863389162234,34.69978181093789,41.5513584819516,30.73908400745077,43.44327676492771,23.787704515349958,11.96322873790253,3.461956833629444,7.139737525850482,9.455917230061244,17.069337303080484,13.307622892277836,14.195805557908992,11.202702057483332,27.921484001477715,28.044392802757024,18.855680857051222
14.978766193566743,6.338492120529769,12.064148361506923,27.675464444585124,48.56534148739331,51.10393022912466,49.75865144171304,73.05562798726525,62.12534772725413,52.84586563707053,26.962706399233568,14.781774017552475,4.601767333368079,12.183858188517302,14.36812544736028,32.37151809552402,45.915513906626735,15.4783433035694,39.34650922325719,38.45368348358849,29.74339542853528,33.58696330646772,48.1708955045523,58.43138359379177
3.657115,10.494832381666075,12.272155273415652,12.13404687453288,9.563046142388888,11.676381079645129,10.461011387899806,5.509636149969672,8.696561390606693,9.16174543606871,7.588479483358792,10.202920355726585,8.07320194235057,11.598525929171803,8.033833159090822,8.76845269892845,2.42118153933274,6.6448150111877,8.882841713093114,4.965240811594356,1.4869791025866443,9.483626747354634,15.720486649942131,19.911807851014814
4.03029,7.596526562589238,4.240566000000001,7.941823224525112,5.397239697866927,6.187571112262555,11.048293894864772,24.50010447078324,20.70588864744037,6.113891184830695,6.780370816195352,7.876188321843083,4.129056,6.694760073566621,5.226873623976157,3.6656815653461243,4.5189630496574695,3.2211168617958448,14.783936754040337,41.01281994298402,11.81738632158231,19.675691905455004,5.245718900175369,4.366147874065188
6.919610648941593,7.845598998023894,11.476406012907631,10.770802738564823,13.63051390857361,5.447459857782441,26.940491413408825,30.804075316937904,59.59054778805856,26.33788959223868,13.10171801515549,10.064769186189531,14.673298054541007,8.088904292481308,11.384398363838834,10.268676208851874,6.39950131886229,5.636341293495106,29.7661619172072,5.799106534608517,12.182973402505924,15.781388829441823,18.85003885782903,8.24828365053833
8.787054927905018,6.029661723209181,8.076110606017213,10.58267582922639,9.620614390205809,10.58267582922639,4.429035600000001,20.01535824209714,34.02254003782136,60.96707332673654,35.27046992084946,22.70821569840633,26.949802971320857,17.406015748979854,10.845153315534883,28.258412042152397,17.429071449624303,16.30931400655358,16.041379167280553,19.704234188090133,23.47713813884256,23.888059467940963,18.977671740700785,5.818000006725252
3.1346700000000003,3.298218000000001,3.298218000000001,9.820648669551362,28.732593455828244,3.4481370000000005,3.957861600000001,2.2520559600000003,15.61458216312661,12.205499699136295,7.948562797491554,3.41964,4.8354428767216975,6.770596960609388,2.4222449999999998,2.698542000000001,11.45818798032549,11.844523941130612,15.900911195381994,18.02302574194096,14.398341025560953,33.80169521320801,26.49991476438116,16.85585647025734
8.612126731170676,11.594144676901752,8.700868315055361,7.792600486414515,11.420412025391546,3.28394,8.936194980970642,5.806230571804176,7.465026375064812,34.50185679383101,37.76989201038705,38.69222678175363,17.59942969395797,22.84090105130897,25.757172674377962,82.51345122019791,83.39002223225638,30.959163409504168,47.87265708729141,53.93603379544519,23.25201233202004,29.034144187088906,33.480302943210006,30.16767811877314
11.350337993578766,6.737495347398126,11.283415447044034,12.691563754878114,9.850760088549876,12.062850162259558,27.46223996119121,24.76402440239092,8.866541280654694,11.976141938396568,11.891709698536834,7.344700694518447,29.47712503416213,11.939475835758461,39.90825446225566,25.164898739416717,15.937775474376634,16.41482664278218,24.145904373236476,18.339493705776547,22.687505524701656,48.59497976098272,20.84939848622019,5.605960021892929
6.132607127740591,6.452569238753145,6.452569238753145,4.104925000000001,6.132607127740591,6.74586784051465,7.743083086503774,5.398971434215998,6.170545507794507,5.193203217718509,3.5046000000000013,6.690116866626098,6.596788484638615,20.880886556029576,56.096763599361196,3.212550000000001,16.53031768743068,7.248272002049041,18.216441521854804,16.041103020059655,1.3161366,16.441757825963105,24.92652583487355,29.070547268603264
3.955655,15.684225843168582,11.49136704848092,16.15920533755241,8.589530337933448,17.760591823768383,29.962470527062354,34.40537619481189,8.738270582198245,10.29689078928242,31.592005127804065,26.41254453590817,15.280508997095337,12.344302061107681,12.26529403559868,25.133384310711282,17.24329657215907,19.024504822897995,20.68860378130901,23.21316565600764,19.77568456809081,29.11172455918448,34.57991083540436,44.11369873246676
9.434988096087482,9.927248344579006,7.992916916758416,6.04508208363062,8.909726905534077,10.378486905696231,11.912698013494808,11.467934821728242,9.6672635378408,7.98971946500499,8.367395702588526,6.568134935444001,7.244601825471862,8.748807143644754,7.290672619703963,8.122294100110095,5.905444821960211,13.008160735262932,17.156006285149164,5.390842564098655,2.5865803561432035,2.3928359408291384,4.564595031466831,5.705743789333538
8.276571119728592,8.109629987100766,12.101171484047448,4.995936415336138,12.282587230700464,77.8740570544676,10.694313560865565,20.78191088838395,26.26970348016761,14.332230690648856,8.431848554203134,9.411779114464885,7.336730836873124,9.2681311551464,9.491090132813994,8.21909088172321,8.505997516862267,9.13816827748883,22.481259513309,31.25217773918497,19.57069284591852,33.313498226169536,40.04936425314804,54.51798575284797
8.06498271098316,5.467471367057262,6.976617892350208,9.397395680289623,8.543086982081476,7.819651585665182,5.655477725292948,7.735841310334242,31.14618937428085,12.841969594459172,8.023072991867823,21.2688607852678,32.80637675256181,16.539328513923063,88.87041683897293,18.219094775485974,13.877986925753508,11.486283932142936,13.375541949623072,21.299923326719934,17.019344287981866,19.58483420839094,23.478226890160283,24.72295702850136
9.315703591879458,6.063573050324863,7.808051100649726,13.24972958734505,9.315703591879457,9.60218457302943,18.29934468899086,15.300863424339903,87.1678681414285,64.89317716277638,28.395247532203417,30.838568483042764,36.8303528581635,22.197244927280618,53.3942541614892,10.369353590096125,3.458802699919587,4.634243544919433,4.810437397296412,3.82666421841315,18.03859887234507,18.43186281445946,16.749965704244282,10.23552421689187
3.88102,9.904762705580486,4.083508000000001,10.354979192197783,8.156208936667861,5.375641489490506,18.593955246696584,10.690263402402802,14.112746640000005,18.81032732461939,8.840614646303246,7.251620425883194,6.552572948580121,8.728990724001433,5.525218008031008,10.809661298286787,24.967136279890937,50.47155087515085,30.241395094455356,20.836607800397,20.63429983806532,38.17480083106501,35.6419902658358,20.39060965145159
14.605635658145507,6.36350152551163,6.091978386828754,9.775267689706135,8.88660699064194,3.5302355000000003,19.2159598940347,53.85507952827693,6.782944906878818,69.65112906512876,3.0139560000000003,9.69448035342757,9.104381549305893,65.7410942299609,54.06376397277853,7.773658204073734,5.239164927526426,3.2675202076881367,13.516271571440155,15.889882325052051,12.999325633893042,15.514372233152102,15.38850898523891,5.374114108965284
6.591109359016329,12.06813118048345,8.195768854909748,12.616682597778151,7.256373280858501,11.640962179076295,7.779702067095755,7.477902654063659,20.011378116421422,24.082708875033493,23.85427135510781,11.786670033472818,7.207008504155572,9.099843291625096,9.775964306574053,21.355040055346425,21.2224350058404,10.694673665839131,13.585344115208656,19.97671257146614,21.09877404705113,19.933694352679566,16.844108464902853,28.06842937134133
6.069682885792547,6.163929493589639,14.367649606957627,14.555638454217704,5.161874770455033,9.001989890269265,21.40590685708008,10.638229987281733,17.69346948074886,74.24155434747877,32.136627397043,122.13081398323716,60.40222686716861,25.079698885086476,15.945362563164405,97.98369579649844,32.88716657443817,20.02110957132428,25.82962525865726,26.10011675295251,26.15193673600691,28.958972975420764,29.803367743069337,4.949042482421026
7.611837693502278,10.54012773527416,12.251404460247418,10.20202250801113,6.275371538117741,13.077382329806076,13.323126798022328,5.629835449860956,12.532781007497016,77.49333950856824,16.51087977564472,12.568996915882895,9.989120846311723,16.399828571144063,17.30027605884816,9.918578001011946,6.216196528736857,2.296031397041364,4.747865124592916,6.265523160804018,17.02523759140459,18.938782263198416,8.104282473192338,3.4333911283927594
3.358575,3.533805,3.533805,3.694432500000001,3.358575,3.694432500000001,4.240566,10.879658448857873,14.864272428932225,2.844102375,3.15414,3.6639,3.440879999999999,3.114314999999999,2.5952624999999996,2.891295,2.102162625,46.15396909420277,12.84542063411318,21.27706217671251,15.201295183272162,20.291602301771217,34.07702996751117,2.031075
26.479364796471067,28.358048153673508,17.54694959392112,9.372540760904576,10.308126319020046,15.86766821182663,11.774675430921752,66.25844658505999,43.07512222262716,70.71066763635625,25.895350441649388,29.09258068984307,29.819479046414802,20.837852290929213,17.73952963134001,27.832121543642074,19.85373497967197,30.842695387092764,41.67028517501608,20.566064921538345,36.21305644044765,20.6058302009274,22.738878140839287,7.911965292694778
3.864405658791745,9.800801888943376,7.907433447646404,5.664725255509567,8.778600471816143,7.41853482221805,46.20431968172549,22.69999726473133,13.064850294495962,5.725937467388606,16.239198283360874,14.082752444337771,9.283724061573484,60.39470796124828,6.999164889312788,13.221529419184648,30.552166096277997,29.43583951811272,27.845318566689578,11.967901378210923,15.875985675139002,26.407190517242444,33.31216965734115,5.477607304679575
5.318567406586864,12.71111012928483,15.24453700925883,10.902183494310556,11.321126427324964,8.351951002286002,11.935847240401053,12.487930595799972,78.23324099669762,37.22569008035176,10.991049601308566,13.940123274587515,22.88977819459894,6.201023734750169,19.356323529438868,18.743993265104734,19.819491388209837,13.258774495451089,11.253876071366058,13.237860323704863,11.722040814876948,26.636240295362548,21.15048159467905,5.569363891043206
6.568800657214273,6.911520691503716,4.004979000000001,4.1870235000000005,6.568800657214272,4.1870235000000005,8.293824829804457,25.19509422501943,18.88160706341461,5.562579829268267,3.574692,7.165964353324659,6.7297752187744635,4.098782044516879,4.482948662233218,17.10338344654254,29.841587621105784,44.9153176947433,26.435400817761774,18.18941714724512,19.08282613667304,25.38587836409429,29.646594429261988,33.85421153950298
8.214537588331304,7.720542503948965,7.720542503948965,1.7240685,7.337705685571326,8.071476254128461,1.9789308000000003,5.271662989060025,25.782783582218272,35.359879236017726,40.933028429343416,8.004769838805084,7.517522979051731,4.550066999999999,49.73146571688627,11.952365245240513,23.32658743425049,22.54447818564315,20.477075391363343,14.952103610136891,0.5527773720000002,3.1949472660969853,19.22738991791324,30.735452081715952
35.55207614690259,3.298218000000001,3.298218000000001,3.4481370000000005,3.1346700000000003,8.529473213383493,12.28758953358827,14.390941476227336,4.002957841006023,2.65449555,2.9438640000000005,3.41964,3.2114879999999997,2.906694,2.4222449999999998,3.83840317317324,54.23883552924889,22.3553530381358,31.12199855949733,19.637748319392603,19.18737339416929,32.764090325307535,37.06624553018884,1.89567
10.005445773787091,9.268370117293497,8.207386308471776,12.059054897634796,8.090782962025289,11.269256487783052,12.677519335371464,6.331342222666329,5.217995743739869,16.62714462345985,10.969771993743448,9.97763710205715,6.267173010274491,10.83126477160022,7.546541803608487,7.384373810786989,13.71355066644398,9.49952254825267,10.942896075631769,13.809325229841004,23.52778333823888,15.599441314342515,16.377033506435136,18.194658710662
10.14697232503298,3.533805,29.880110551523376,26.72328058589704,5.428522325032978,5.971374557536277,10.241510927668187,15.50703544296399,27.17229361883994,83.96472594993412,15.54758118148715,9.7855232930823,7.254970777930716,5.033720701394215,3.9281831259682063,11.444447073119735,38.36239361471229,27.40687818112789,52.64171819848684,17.42418781811408,21.88504541436084,24.712317724153475,22.15598626224385,3.2828613269962283
6.020425443471489,12.759737388454043,10.30556930493782,9.528164783936903,10.282203922233622,6.983161465335499,13.454490232571333,8.661356320322891,17.520620157071452,8.658992760394645,7.718779933461027,10.68496291571314,6.503900293981175,7.800868124141282,7.250408110302643,7.536992777023063,11.111499161251018,29.050621213897728,31.772551996390337,31.495802218640428,25.412133338976204,22.06954192914413,7.595185991579514,3.839107812419444
3.43321,14.526345872050474,10.313941530773317,9.83096587980164,14.112268896137202,16.092706743668508,16.311046048673063,10.061326700518238,22.49499945494668,8.704387052043282,4.536495669055851,10.368333179881011,12.512076864654322,9.02313935934611,15.341944557473559,26.060029836307407,22.157987272919303,7.902008864693817,9.059055725410063,16.710891372991213,17.264076561855468,13.69191010930352,29.37807118020105,32.01941946705644
3.806385,5.258476372466503,5.258476372466503,6.516755990240773,6.1890659559280605,7.768107551520867,28.65308932511208,12.544237918257378,4.192810863961447,5.241013579951808,5.812340202088962,6.751708315557884,6.34073476591523,4.643319624047987,4.941665587140832,6.731641146115047,11.434852884809526,9.19241011699176,3.8413503993462728,10.623970161491554,10.531267746632963,16.877180163957103,21.042831974186235,16.730524082886703
3.507845,3.690863000000001,3.690863000000001,3.858629500000001,3.5078450000000005,3.858629500000001,16.89234223331848,7.654990860000001,10.421733780000002,5.669993924999999,3.2943240000000005,56.43180630772196,10.815879681404729,5.897094941905362,7.162386812603254,20.781365333497615,12.530097062168354,12.76650370288609,15.023406082646725,14.6175896703903,10.140821868164709,10.125485644843412,14.2624778783764,18.556478388738583
5.91001828635753,10.081228471291013,12.765790537806328,6.797349309085921,12.41626982945712,11.346743503316914,8.72056485912471,12.254519756471575,8.931435994696129,12.196146291944824,9.63562003348765,25.83487159189671,61.61449876504998,7.832949285890245,14.46416122789758,10.688788809706567,7.771456161437481,3.253554654693118,23.2915624889376,12.770328229301894,20.760090683841764,26.62603242628187,12.07551448809004,4.478588152011011
27.817466380052583,4.347192705301281,7.245921997530445,11.14065199892169,8.432486592248694,7.643933097456449,12.787530990066642,23.835715038790585,37.26686018768076,42.241186911306535,30.346080611052987,70.86231262618922,52.90928576972818,38.88218834455881,32.843104474681304,52.050855392511366,63.72524664906559,26.175384516876747,24.190697825326737,24.633273688490878,23.85063046308896,47.10446913933342,61.53443280245845,63.876860688367785
7.93596423760092,5.837228018259868,10.304404066952843,4.3512205,12.130767439907258,16.286729018131474,14.987293710430052,6.082751755408696,18.295012254112425,23.37173267878464,29.428746334422662,113.56700607935647,37.30069240489649,33.683664271072935,60.189435483738976,93.44519140450255,45.38365228590632,54.8227338442861,23.99145790481019,42.00291663870357,14.9970307685656,30.015869881780382,27.69529958195434,25.63208176844124
4.2047706419861886,14.146372266524937,12.354301992928814,13.261216578269298,9.877151949259938,14.427220824588412,17.371416086137828,5.75824798559202,9.1655487311066,18.982663408579164,11.243785633286448,20.578423088136912,15.980326510856267,9.926930404915044,8.645090430749983,8.502939504145512,25.40994676748745,18.969918626667894,23.715418179779498,27.868997110633867,18.679603956515184,21.51263126257205,31.077062979854087,36.95575824210285
3.2839400000000003,10.916874294612462,6.05428830175167,11.41309585345848,8.866014337985275,6.833319504241096,39.84449543082809,71.45837518401106,39.70653882179724,5.264010033106056,9.09296306391571,6.277173445843203,10.224762351034755,6.579345606861367,7.952831824106199,10.077116935424018,39.51071615510265,18.771235269976533,28.14280650625077,14.490776992330137,3.7077090546235736,4.637170484101987,4.28932867576837,8.26016742005547
3.806385,4.004979000000001,4.004979000000001,4.687963500000001,11.57311019068388,38.3654671230614,43.37338286440855,13.281611322311194,2.57865282,3.2233160249999995,3.574692,5.505593740359595,11.24525173680207,4.865014496310852,17.091134996622635,25.19638728494318,10.865510945018851,36.00690635208663,30.03703624468089,8.587528392510992,1.6369170120000005,1.6573572,1.841508,2.301885
3.58248,8.635953376464862,11.366075332501032,3.940728000000001,5.968674283417017,4.086550983986595,13.849465896049317,6.051214011268816,4.043505523638511,4.044045552274067,4.360392744382756,6.511281036454927,6.114942190757672,5.534588880986688,4.61215740082224,21.979328742284956,29.54508297158181,19.42749840601537,22.001491491270272,19.200152311008083,14.755482102269909,11.523741341308826,21.21848730692286,41.351862611079326
7.912990650412694,12.095075643397651,12.095491219232263,14.14717019725668,9.686065756925412,17.535119858847153,16.238491009025072,10.309021940600914,18.02822080960383,21.030219720335133,27.55363837075112,39.34230990679111,37.816797268630744,27.28715980917939,25.079222798939433,15.66717596166479,19.222558939952357,15.568397452479976,15.989304327819578,22.217390287769923,18.82673928743899,18.97003854436217,21.39215047701392,13.388315216970726
3.58248,11.05331467542371,8.095992625950174,4.968742611537746,6.573067960837084,8.46399229076609,4.5232704,2.7080621407197603,11.361189948096008,15.852709865613155,12.6883107674989,31.80349764685197,26.612400140864047,20.491821359339806,10.353979098684496,4.532207713644479,3.646183943888409,20.59967339416385,17.129754908669792,13.46891963969644,20.86455227862268,17.659213451313022,19.161030059467308,7.853919178961082
5.426715902753379,7.473004530969635,7.473004530969635,4.3512205,7.1024423228223785,7.812686555104617,24.43299386802597,3.4878119874821985,4.81158183542476,6.01447729428095,6.459030907604112,4.315259999999999,7.276494269073362,22.251988424218798,26.909507609441366,50.21786443846372,31.57835468626515,27.562665362077837,19.75190376826404,23.57921623626772,36.31686311252601,28.632958934324183,23.59278637545038,2.392155
16.126282248273014,15.13515577057828,13.050042752325304,12.813364526590734,14.62271747306644,8.824282548995749,19.965686789882405,22.083795210850955,18.7501103164818,28.58533008111064,30.21543335219405,29.226719851718265,23.585980123634627,33.76194900027885,23.8188838947589,22.86794001230749,42.36275712376987,54.455726643479885,21.39488142645066,22.763037162059103,17.9665462166122,19.31488048374281,16.144463861484237,10.11601272320828
5.731333882802949,8.913318293926086,12.46865037555583,9.661010349886316,5.771910660346075,12.261055851377217,14.74017527796067,21.64184509925204,14.694904536046089,5.19269239900874,7.823511815608558,10.047857467380048,11.780171084654153,8.003377889976138,6.546032030287562,9.148084609197397,5.056582409031719,1.3973696576074617,4.732625667753326,4.867843543974851,3.904444990356031,1.703279856603381,5.2301409843433255,5.037867457020663
9.153716073173436,8.854673744763552,12.788549682582666,13.00858031344837,14.411673449568555,10.79809501054777,16.61950568762849,37.78627945634723,43.79316374454648,16.216256842435484,26.499941514877744,32.75256199556851,106.5962376886378,27.8776771677552,38.76844839861181,50.490330790212745,40.725888022196735,23.585602352959008,26.28783165844768,40.43383881150344,21.04195187271782,54.866608285977335,28.5274388496801,23.395729739921176
3.731750000000001,7.466298805657777,7.466298805657776,6.325375614458061,4.909261689485335,7.805676024096766,8.959558566789331,7.705884780000001,27.8770273291902,31.668238665802743,25.744924605524307,25.509028238916528,22.225587963378146,5.644098951409166,3.6635353397889876,6.108789931901817,4.441494167430267,3.1658970425442945,5.844510820910476,25.25697636902056,18.51276933711044,22.8923008581797,20.416820989680986,4.291298712493011
2.9854,12.469081595805468,12.469081595805468,9.834930403699737,14.42357704758124,14.46102884927492,11.117608468396345,13.2932823597628,12.241182833977351,6.784410881975261,3.3005541413641404,12.928123668077792,22.51185439830827,29.26153245993088,61.69901740170175,24.875730118429487,49.396368105067005,32.90036015703716,3.658337138372616,17.035652255145465,10.544624296568694,21.625285084918414,15.477439930770004,19.403034236745427
3.731750000000001,3.926450000000001,6.685014777430806,4.104925000000001,6.507748584969259,4.104925000000001,4.711740000000002,26.810421247767596,31.82382396257685,19.415885414395284,8.547778242485197,28.161258586802003,25.054608972504802,11.152105343520928,3.598654938552688,13.22165611141506,65.76960658730682,27.05966155899958,19.687470382231528,6.569265599329054,2.2951928977761784,8.284634239970002,25.99042263083893,2.25675
62.12283755484536,7.70168921964433,6.47488265375103,7.196719001884347,5.570827501177717,7.196719001884348,10.425734701806554,26.027842368662387,13.605751361120058,16.22714959005982,19.10702450197383,5.865271240837404,13.08111467379363,8.844314546080339,8.860921161565818,17.10666876093021,23.76999803348388,19.861064840876374,39.15061572982511,34.72156177953434,17.069108986850527,25.48829449121484,11.848156915850506,4.426590723537122
20.06233723128456,29.9585272185564,3.455276000000001,3.612334,3.28394,3.612334,49.85122289832951,62.48358761437259,11.74297406401288,2.7809001,3.084048000000001,3.58248,3.364416,3.045108,13.545046635412605,9.99322842416021,30.15836398057723,28.05676667378166,38.05980666776794,17.549541360632066,16.365642275384538,21.849552160428736,26.638026420445392,36.2246552620523
18.737540148850965,29.497978495985,7.494595025845699,7.835258436111411,4.171160442929346,6.82057657708356,13.65703331044281,33.57391000495958,34.21940219990371,14.706676760691913,6.689390601581283,7.770504234160074,11.696955963427465,10.044958400977883,2.6529350000000003,6.131941384782844,8.73740995639618,42.54349752247868,19.88408823870686,31.67424590114524,19.61612850976637,22.23551665484341,17.752027624417842,6.351460709589232
4.03029,13.81718055272064,9.332514754925844,11.116710257165284,28.72616600626818,31.23766618988287,16.580616663264774,9.95809060912115,17.230810763075546,10.60177417326971,19.127830118304207,38.84418341187541,30.313080668895548,24.709003879404086,8.226834507509938,15.180373173766203,36.78584865435408,18.13872092767385,19.81630138212812,23.059830017641676,19.271598215444367,19.7545730595284,24.39200325340143,32.461880827152385
80.46596588912445,39.86543699725637,35.10497043735584,25.777789735255755,6.683702522338113,5.603608588263964,10.44583372900995,5.240941484020598,10.004982399833596,5.548874363825071,15.285804590166611,13.286812442476805,8.475958247431063,7.460968173630252,5.164679221806723,5.981046184816662,26.133519696845937,37.55600186596606,19.530111976661,21.70057843917436,39.1270432908157,19.222300763732303,25.27196518487348,30.68586884701809
3.731750000000001,10.350122567060383,5.731634749017764,10.281371654817562,8.36631781542072,6.53137463017323,8.650351917018897,15.06270732642701,9.3107721853635,10.721133388304304,21.95319218453816,23.081266929432804,69.75819851694915,18.672834826185444,16.347288750565472,6.62205776421952,3.5560336652413755,3.1709510971890897,10.81091131200364,24.86703326615724,20.01079566358232,42.49215588016546,31.65574893862039,25.395307312665
14.571924774703607,10.254279203997603,7.9818064025439295,8.344615784477742,7.586014349525219,10.720382804179309,14.17390761667508,27.003134035738007,12.784641515829396,6.881211857813237,5.856555184930755,7.686618872283322,9.984632493148673,3.529556999999999,7.530847424423481,8.389864803270767,55.11512061832764,31.134803734769918,23.859657126673063,24.779743893622356,25.236251667493303,34.112820440830575,42.357791306788414,14.107995102410207
5.998355339452792,3.690863000000001,3.690863000000001,3.858629500000001,3.5078450000000005,3.858629500000001,4.429035600000001,15.817467116056154,3.0105707400000004,2.970506925,3.2943240000000005,3.82674,3.5938079999999997,3.252729,2.9520480701937926,13.598226791815085,2.565351,10.34196563228298,26.920666330823405,11.92368750881778,8.571075317204052,13.612145425147371,17.866467710467337,9.219599379659702
9.168984470775415,17.044585515631972,9.860586183897745,12.450276444594495,6.758898392808946,77.27873204465358,74.13682555397521,14.24245844403802,6.211570206928946,32.59792996748235,31.20204022944508,11.331895347481163,9.393678951877426,10.052707157771458,7.676262444122097,7.277474760271155,20.540957272880977,18.54060193145076,7.984622703165428,3.521676019267036,31.809297804853824,21.75238048933088,4.476845616171031,5.458906113992329
6.399029807789484,15.363044504815353,13.295910797427856,16.671277734999308,9.529648204931064,9.846677116853764,17.386641581914283,36.57473077775256,36.73816866754788,19.054217515701897,9.789130813869956,16.04853861511197,19.044709961070406,8.788193734529116,11.138705979985012,13.047086923042935,11.306314636481732,15.257800703155327,21.037790066666226,23.401458104349413,17.463310738721148,16.9998845516541,22.33255368957561,39.25367174409711
25.632313300224165,22.029385651197757,27.812642564452556,20.55786418999458,13.11945203232842,15.074946695754798,21.178686129773283,47.73409400964033,57.384095416833134,28.68998497555174,12.583868920979285,18.6713798408587,12.08829832885369,43.968114142307435,26.87639030562386,28.665400402784485,42.92527957346103,53.362829694781226,31.433547533232066,9.265436537614365,5.5942128783332095,8.614096975177619,6.54939095243477,6.14520423232748
5.499098477079125,11.05794384069022,7.09556031428843,10.336190255454904,11.135244062638472,13.977745038574628,14.18506324309665,7.206597125617859,24.10939296100743,23.5092020336217,24.372342004562267,29.673625886354674,90.82280503433644,18.262966288621175,23.042222767862533,19.791330713813387,16.422066856991535,13.95545428080992,23.24960424337453,25.17158798474564,12.481867102903031,19.46537080175621,18.53950491278875,26.67668153682541
3.58248,3.7693920000000007,3.7693920000000007,3.940728000000001,3.5824800000000003,3.940728000000001,4.5232704,2.57377824,12.64645386,15.964318671525572,53.84738545042878,5.151489660471317,3.670272,3.321936,2.76828,3.0840480000000006,2.2423068,5.227261811640001,12.668583200218578,14.034348996750756,14.604764960343436,4.433892684049008,1.7331839999999998,2.16648
5.590235891464069,12.724159558010934,6.233985101550823,6.149259480610477,6.92873981910678,3.940728000000001,27.657537945515696,21.95255947708721,23.07908575295226,5.867382855907241,20.504301769762257,37.94371253813759,17.183150205358327,19.327192226806222,21.370386836677838,81.05142703549957,28.41364324349587,19.067606877611432,12.880879658538785,2.6399733090064057,1.2634911360000003,3.016877385267996,2.8664153885417747,3.5830192356772184
6.203062784017943,6.526700842314533,3.7693920000000007,6.823369062419738,5.038359324454412,10.64303656241974,27.693630546850866,6.241781932561328,12.87267591421478,22.296080554053205,12.926900309970316,15.183092478949794,6.205918899318547,5.751930945180273,4.793275787650229,5.918901339219386,10.533436292622604,11.184123434123237,5.735639576761519,10.78638509545494,7.613112355222398,18.999915891805628,21.14455549592845,3.751259312074092
9.35591584246603,13.148706739141245,9.181369118430329,8.0641106200071,12.496704752076385,10.139872136194873,15.77844808696948,5.26685232747025,45.48769392447755,35.082094674757286,16.533900222680174,12.59981994749126,11.36338299304615,7.25403657140484,8.896225822206938,7.253112367647295,4.999848302661266,11.065358749995257,29.568075672615716,29.242050388045563,13.51664911723086,13.91801225732804,20.47391052086992,7.274047993164901
4.03029,4.240566000000001,4.240566000000001,4.433319,4.03029,4.906429,49.95627714063842,40.57632690912462,41.80111589481776,31.55616077513903,3.784968,4.39668,4.129056,3.7371779999999997,18.241281035197147,3.469554000000001,2.5225951500000003,8.269087219210181,18.38234285213647,13.546212275699562,21.9665127433278,17.933721888390288,22.60523929558946,21.86891882115284
7.329902087171005,9.858230771104328,9.858230771104326,9.959777443832154,6.147120882730081,12.100294264647909,14.318213218777265,9.148261730731376,3.630555002867467,7.875994963142555,5.453723661170622,21.48521996559614,11.618084354830534,9.830144739884483,4.955660909235707,57.81566273187178,39.37678962162315,29.516503813909964,17.55416364114278,32.33135075052584,31.33826080290948,49.25631296388367,32.00697216675238,40.20690875018721
8.543809999999999,4.118822511822046,8.42397486230943,9.60114888595352,6.080763584524329,7.218350659881627,9.80487672767809,7.252252247885215,6.82143694034096,2.90730465,8.19702829788917,9.521800548053076,8.202457867432772,3.6298864059859186,6.744608721537595,7.513942606398407,8.267994530651992,9.524022523398168,20.613004257109427,20.56648739695861,20.28587106566045,16.594348997886662,31.08791381610332,35.293484834117905
8.111727095086458,7.275646086763068,16.246477580675695,16.98495383434277,14.775600046132917,47.59174100202857,28.95439149681082,62.615129436841805,69.41474893851172,15.070897211172346,13.973207233379274,13.457768109975689,107.17380750736193,12.497379694982273,7.520875912177165,12.970039720178688,36.35018325567406,63.9783436937313,35.710326768503954,29.431269279022757,20.718394697761767,34.230738570521545,29.647918119890065,4.440738517289865
3.806385,7.991623928884942,7.422103224758519,4.48472750442972,7.59534505637825,8.354879562016075,8.564811447234373,3.1235137649167344,8.29918743273916,20.36420757619892,20.88860501172767,32.7271021643701,10.9996462353411,4.031471189286468,5.659999358635042,6.538601396360407,4.753995519378568,3.388648006213044,1.520137773,9.192123024674704,14.533225189814084,17.42232800762348,24.513567471864675,13.39706802549778
3.58248,13.482537330247018,10.189340303717394,7.118778277350263,9.403030095595572,11.447004705042112,17.390902260602964,12.75493783993539,17.700881751522964,36.02249648786075,66.08016490536677,28.37206895171204,96.48031841570295,12.973204821149277,26.354413724467825,22.81843487837283,29.934354403014435,23.13382720207353,21.040572019323456,34.93499933698565,26.752199422444104,23.755916454267,11.460909098423128,7.021172925089913
5.514227218788146,5.606525527182864,7.755931060406364,8.108473381333923,3.657115000000001,8.108473381333923,6.727830632619437,39.69025611080023,104.54788420123316,22.44227219363532,6.922649210941216,8.041461204628682,3.936998247869521,6.490832121540942,5.696035019945318,8.469102948972848,9.968543896180224,38.01454407078944,32.34943493536519,19.367156756109985,10.27675661011882,21.80750841615356,59.56244091252035,51.112454335576
5.186734995609784,7.441781737500718,9.39010730816537,6.184170660227682,6.492449991219564,11.4128042511505,14.671559244798834,31.50845313944172,22.90569086572284,27.66161645277099,85.64903890869762,37.09526939897042,16.900963923056846,24.56368618148242,14.129089419216797,11.332599709541121,31.976720161911278,13.44655145607405,17.888989627997024,47.40538453774239,17.028938166723968,18.70227545843373,16.135699077658305,5.6602262217057335
35.91260939196053,8.73086825468814,4.923508875781358,10.189171547657068,8.539170285350588,4.881943322514279,11.695396906875937,14.962995243103949,6.27518234488764,7.843977931109551,8.472501934633929,4.315259999999999,9.489878782438772,8.589218990586946,4.920751587343539,5.689718627344072,54.10933914182683,6.781558218300555,20.266734072803786,28.22803092442505,23.95785072864132,32.49072732460702,26.37170068798408,38.47031490281241
12.246062825126012,6.321718793418956,14.646506551614175,6.910815683866353,11.844155774033911,15.72518878723809,17.607098460559403,17.50370830095628,11.14283748916667,12.105796161415114,9.645058289025254,10.851203731458416,13.492177717573588,8.849043188200671,10.659852016214318,8.366906132989294,5.425244105107137,6.495210538079498,8.10984410007973,22.886632811357934,24.080945862339213,26.94167382928661,31.138313459414423,31.326250616704943
3.955655,8.436931610384805,8.436931610384805,6.788970319145054,6.171791199222776,8.00784522871758,10.124317932461764,7.892912295619774,29.358615234149173,40.91684323565833,28.804726185073022,4.315259999999999,8.77551483812945,7.5851117675410125,6.308450703878986,26.686177486097076,37.795209308498926,36.584121719658114,27.50727115240861,30.060150199172057,25.36301355573921,34.38606706685231,29.03483467648486,24.28572979300453
8.763063909873237,8.466621571922584,9.220267244301407,7.1788015252319255,19.6379589671094,10.112111677170915,21.161446385654145,4.158224601379986,13.047215730997536,45.09462753415002,41.77054653854612,22.72008835475744,27.008899941713373,28.19123847745126,18.979690692406642,7.524903777919312,2.3553094660128786,7.393795271324996,21.53160344770496,46.30210880998107,25.28251089104979,27.922143286185108,20.13877126551748,28.10870158636629
3.955655,11.878194538512515,9.4323894203495,12.418112472081257,6.280180525526829,7.659550472716114,10.8397962308886,12.584645988779554,27.749046334517445,26.328062379763576,41.73587925013023,28.67969540847565,8.533439830066943,22.31671801727284,6.410146204301288,26.09886171285218,26.752253058323745,38.98809434513094,45.29674749064517,24.74014333112852,20.498389985277296,23.714180629780817,29.75735026891221,41.55133211176114
11.167558761282754,5.162604445130657,11.63361099541059,12.946325028965768,8.359029827414169,7.964041088291938,59.409231998465074,50.773888118161445,18.09379702721796,5.174281624453953,7.1265048546213725,11.324759347611112,12.057806135493806,10.913431016152959,5.594574318221611,7.196034373165242,24.93850436287536,45.48090656367677,43.92313175745049,55.06021154559921,24.06315075870729,26.2539167881266,37.251632332558415,50.27358993867332
11.659275799248404,11.495557080884726,7.37807036054558,12.287122728219831,11.546816116486491,10.59850166048752,10.706553456807317,6.619266294691216,6.832020861165004,7.180771178793145,143.52503322018575,25.10163548845537,11.94499718247109,8.93427412702254,8.253459310476408,4.584406249208664,15.5650607848785,11.635311361912557,10.487785201261056,6.527914544201487,16.446755031155188,35.67118442644272,10.818138517425508,7.050866392430852
7.803238442096351,4.37738830800335,8.886771388036834,4.104925000000001,13.681945870170482,20.294651944954275,6.064554924010047,5.144260190561101,5.721852249526524,7.152315311908155,4.913316367150957,7.3437753984315135,8.653084687374708,7.831842853619237,2.883625,7.270994772030138,7.771083876192983,8.365274926180104,18.21428559127762,7.576277967973734,2.9788244036287423,3.490951811031138,3.360476509192615,3.941416218292
5.365818781983118,5.906152301941599,7.728796603883196,8.080105540423341,3.88102,8.080105540423341,9.274555924659834,5.2772989703539634,12.302971615048756,24.28294101983736,64.05367995143322,18.520050094431383,7.0184983105930785,3.8282329026701176,12.002444912478428,19.069880557913756,24.764635959408288,2.0627293144521017,2.661419971246447,8.027533578803265,13.617211434615172,22.509963491286232,3.1945679631502446,3.244941793056985
6.3814627243784825,9.70790804799276,12.008194606007132,8.304372383383265,7.983679955804067,9.556211130143051,14.712335584371802,13.531152110556716,14.821106108407871,30.975793251746985,46.246284165548566,38.22146876299742,40.810025387925386,23.13019669018778,10.384781064064235,7.736582454837322,7.293300467891296,9.39385903643008,51.063932374293564,46.76243118319633,21.55533704291816,19.7370457370091,22.95065448580604,5.579676676720105
4.472040514070478,9.299874071278174,6.263193100935509,9.835130301525888,10.071778055394187,10.94407496818893,11.98004033545477,24.5340088021407,20.731779105722573,31.330361397736567,33.90668983476455,12.705335270389156,7.664865710319751,5.519703611868783,19.7596439548396,45.01512846655689,29.781452938675,17.657274307687988,17.502488772608842,15.119900405841078,14.273872356345327,16.449052385546576,17.295734359902802,5.792842340545723
3.58248,9.15759097760171,9.15759097760171,9.57384511294724,6.14298777861238,6.501235778612382,10.989109173122053,5.751196343328177,3.4519336424168503,21.211334150346623,13.959277566784998,35.81673106339242,17.352329570649843,16.331696635318565,2.76828,11.064326285181606,44.82178458347823,12.825818619517849,17.50370184284498,11.680978914262296,10.953798394697309,10.212633740563712,3.309786992968083,3.714929368093654
18.54098736965328,15.157384430552254,9.19135071509022,3.7765310000000007,9.208709836232488,3.7765310000000007,4.334800800000001,2.4665374800000004,10.515210873744405,24.965956069283013,29.83972990348579,12.59747870133214,81.79554294571427,10.184840903709356,6.94170491977391,2.955546000000001,3.3603014058533787,1.53171977508,1.3711046580000006,1.4102790768,1.8768834825532488,19.60078497119041,28.99131448245652,13.4540447534506
10.202320796098055,10.754975330979974,13.48008811336143,19.329892827724144,11.47533981378958,44.72468036449856,179.80152620278804,68.33059795348339,47.51375045834922,49.9126694481609,30.17987001812031,32.0513121784274,34.34872633133018,19.592942331674713,20.55686997485653,27.480348300106318,122.32762114646852,43.64116448858111,58.562551492381125,25.603406590871767,17.189559358250886,42.02164411687244,36.616445038707305,20.73605338039566
11.083400612463244,8.447338495868994,13.6053503701658,13.332119044078588,9.147399083977062,11.828236151986392,14.701061585400772,29.93346220804368,12.643963095941803,17.15185876852596,10.869112982617189,13.84760686473757,11.170008112211978,13.870688389729246,7.14162566704698,16.262440098724657,18.99321281784957,41.03413193195168,16.57157501545834,36.96123420961153,27.598140244817703,22.26903835880009,39.13070959609984,15.519511394025765
3.657115,13.444226285023223,7.229655502548903,10.038235901835677,11.368519994360735,6.418212251091203,25.30085565806248,24.798748504093474,35.521691953594576,39.62387026313312,21.75312548043456,6.842830534058487,10.728473979980635,5.529173257172313,8.586799685634848,19.68725224913938,64.73811769118691,16.997185047203438,17.75809433471041,19.040476099531443,16.622463913862454,22.714909543802023,10.751515252635985,6.332779779849679
7.170315797969844,11.384156258262824,12.249102304444303,6.53095471443678,12.61549862099164,11.024809861507958,12.327176973166583,9.00864932809,16.6496078296792,13.785275309379772,17.395313385868064,27.381304016675625,32.133774108084104,28.987075411733247,21.312178993933284,25.68016039539377,17.143206911773852,18.072236763924877,36.09313925082424,13.036103296902048,12.81824185679588,25.102536604122747,22.553384648272573,28.316594139556468
7.995042194411343,15.608347971766024,15.608347971766015,9.009124011136969,12.876992233049528,8.794546413852478,18.73001756611922,52.86127781662096,22.915249586621588,86.38434407914039,10.301516259532097,12.938416767218651,15.197910572057662,13.755516281654046,7.303480584484757,28.61726141101724,19.47075514227375,23.749657810344036,46.241268710421394,48.12666911222483,43.45848757417061,24.5041848215153,27.62641285305797,37.63561429632033
31.80572487474159,30.35802094383932,44.65977021295774,59.47330402523759,4.104925000000001,4.515417500000001,20.3210099744156,64.15875050199912,37.68635496420256,20.73470585478856,33.867566163765574,21.31580976263418,14.125144666627456,4.30088490250203,4.2467426561775445,4.593916738468889,23.98637112059388,18.28646571730089,20.82660929098754,18.56041679566201,20.321700886606653,57.67853052734353,22.519332044027777,2.482425
12.069617422299748,9.925687629021713,15.560570852210653,11.223862450879023,10.925633098731309,8.184084331179758,33.69608980478805,28.872760987677808,27.18409227045069,35.54910030392716,30.976027132191707,36.95093400061843,51.290328332237074,41.652259421911815,21.430853508436357,27.238577348210736,28.806462713735208,20.570283257786745,17.339393291605173,20.317002161032438,4.668129755270674,6.550381188962206,3.8651603649586654,7.765864710721137
3.657115,10.899274719684154,6.4310699278996015,6.882248040509184,7.75934068849312,10.040961820648883,8.465140596967329,73.29005656781123,43.29137256971558,14.893030231997932,15.501089729785438,10.82789359447942,4.600487112681987,20.670157637904193,18.46511993114959,15.933722559152718,5.489377510662477,17.448765117214776,38.63901002275291,40.3202337878246,11.591231740155514,13.078846835791794,31.71031322251433,49.42780622524959
2.9854,8.982274542801363,8.982274542801363,5.226955374774833,6.518155226863333,9.390559749292336,10.778729451361636,8.112439737601893,4.2448052373870935,11.63526833160588,3.5380138476803134,8.385900098919208,8.746076489459476,2.76828,8.72665004573395,17.3135727413513,12.389448016360085,45.34091218965551,31.74766608313837,15.939013650419303,13.087911611511892,13.680080606277414,11.638747410719088,5.1626145944726085
4.410267082008355,12.265711650366136,4.476153000000002,7.769841723765435,9.16034123160272,13.166602578528437,15.112969916223935,32.70067093141642,37.21417818017613,50.75608189640116,40.82298889097072,28.33733341503139,11.62337872894603,7.397524051160615,8.129290548620459,8.423289794817203,7.491905682080021,5.340230370186638,3.480199471306865,3.933710960261585,3.946303663215274,2.939638458753545,5.262297304206415,4.204265838093292
3.657115,9.372187056140696,6.388768043483693,12.45453564960731,11.05398795510616,6.826741040410031,9.436046046382604,20.59971891942249,59.60867766870214,28.57608046918415,36.671056570277344,43.74421827101607,84.52980257813272,27.720170306735604,20.19308217932291,59.87380151940665,50.60284637931573,18.94845293830157,11.277867788084864,9.70065605637986,8.409748208862645,14.063985140437326,8.282770961065857,6.847085714660144
3.806385,8.377760953657019,7.185184057205103,7.303985842999319,5.884359895332879,8.758568269732335,13.867528514704592,26.37045244721352,19.42918025613208,31.77022523348261,28.739948485241623,19.749454073744847,20.55719953213194,3.8798932633453784,5.714792918150907,11.552680128926404,50.09107801381747,13.393235039926356,20.84311332820408,38.36813049678964,14.189959544128495,18.27691646171843,27.165182327759616,12.99877123941052
3.955655,14.900274458726637,14.900274458726637,10.59154822776791,8.003213141935436,15.577559661396029,17.88032935047197,9.604624534290105,42.70207499151206,27.955960087630725,8.902534959359585,110.46638075432872,8.849192253583473,13.131496574069379,7.325107679102689,12.191133648049071,7.606503171106583,40.97367229425085,52.2988368622429,25.449441674520724,11.934806206816816,16.045880302249657,19.212656102923432,8.260334235168378
7.37943797953286,9.329177257963336,23.681806395642436,7.90379807024246,8.820554368711935,13.929884547175083,14.07145600674646,7.324808090713573,4.999233802134443,10.723708641069084,8.266399785980376,11.734007444267656,75.2042698462766,12.053527178341515,12.336372633363666,17.855918760422846,20.070844181146743,15.657808703709742,3.19510138252756,14.759864072700632,14.09505663373417,19.29847265842172,20.022040440671056,7.658183024497977
24.368993959602584,8.496500071127697,4.240566000000001,8.564891361257082,8.075186018013925,4.433319,10.195800085353236,5.801494511376613,5.470571473294523,3.41292285,7.583652956047861,5.972613513511918,6.497067401172694,7.487899762158365,3.114315,6.951681876377206,2.5225951500000003,10.234848048543231,58.137839946937206,24.99666248749025,5.423520246509755,3.51605727962219,7.772539726483269,11.966086258471044
13.480041747462517,34.37460250935436,11.500724612306804,8.783054242716098,5.932180541944738,8.310040502520588,8.388358203078877,7.238045887276113,13.90649020640894,19.65239388282265,7.026337982599132,9.076173190906374,6.0094523053096625,3.1811684805895206,6.428956010225346,17.371724759134857,24.37443221416204,4.160560937721789,3.724287284405692,3.004467937321341,2.2550740262226583,3.403630255898883,3.214171813351035,3.729008358391593
3.657115,8.002137869902668,8.002137869902668,8.365871409443697,3.657115000000001,8.365871409443697,9.6025654438832,5.4639390976145314,6.904794657287143,61.85301007492996,6.488856000000001,19.90366591020972,22.146941794790028,30.9333212023595,48.82736942068116,59.52752079980183,25.184201415369053,12.136954783720588,16.119511916906166,65.95270233638692,15.64235714535256,29.75250298757632,22.37109097256361,21.47539694398716
7.665722327478155,5.767447548406355,8.518686938790772,4.392171947763176,8.300030916353771,35.82787819368028,11.480795634221664,9.941382382876796,27.929025277014603,32.76561821819476,11.233818769255786,9.509785030230615,8.023629357721529,11.925291990469814,15.89757764156582,7.28175824603213,5.393574561481818,2.6418090371081133,11.335292422707132,24.649845094170875,18.07147541901024,21.14277677813815,38.03689414685177,24.931299674653907
7.612471939706926,11.013543296162087,11.013543296162087,4.515417500000001,10.467417182302809,4.879966529014082,32.269434487251594,19.149236333368503,13.6641854983582,8.863999186650059,6.571064567939539,7.948550281256075,10.723930963054894,9.706150478135333,6.077175046051488,5.525541683155662,9.286576715567524,16.220934827847795,15.15278038093378,36.07565300206228,22.46193260622604,23.09050749035213,29.17385711898536,4.406261568957173
10.903339165307903,11.672099495572455,14.20149450115285,17.32223522446559,10.547049211105104,10.87532881537306,45.25388256183186,40.65070943504272,10.240223090626175,9.110217821235825,22.581455665822645,13.883238135558765,7.4616805001852935,22.724889931391562,11.103163762777926,7.856939936466882,6.231146468365261,6.409838475642741,4.8905542017021615,5.71221441172192,10.75345377402263,24.56042800467036,20.86462864513073,6.250102078981099
7.575028884962351,12.524132481882674,12.200222168008844,11.00348446449604,15.237460688778476,16.761206757656325,9.358750092889052,10.46202913102903,13.64892265889334,8.149745607893667,14.087111846202871,13.516273227183076,7.185590825190875,12.793316634684997,11.886980083381367,22.343435814799985,59.58870595078999,27.50831237491137,25.242338118665455,25.68905878233536,25.928498442300903,29.56703234480461,25.363611250030043,18.67747385939954
21.83706411223339,6.664928622145175,9.11558408363127,7.680840274189737,6.869824164573962,10.269564230911689,10.08972807479902,7.175645107125723,48.25605639467573,28.760463023122195,31.78823013122556,34.89577026654576,7.842570244163295,6.94237865543085,13.578165323532486,28.24385602181618,34.60538999893176,21.21159738969806,18.029523390615715,21.83582985753104,21.91437943534429,12.170216561337732,29.3290089542812,44.34851071632353
4.927288747991241,8.297304584540948,9.146288194142372,4.532443849116146,9.230676741563215,10.449602340277613,20.400742557976844,22.537217125471816,19.125450694629933,52.79776828783807,14.806553166660278,9.808744710934109,23.536704512710227,44.60041997935713,29.679907737154377,28.895313130928585,57.05638867293172,42.42113891579508,15.532313568839632,14.6052024170615,18.055276297863298,47.20388061131034,28.19247031389627,5.744840668567999
7.1142550751731335,12.786169153576711,8.0751316479366,8.614009115993433,12.33802713556375,13.571829849120126,14.999838288256106,17.30949412471692,27.78847312342289,18.25424474597778,10.377655660733422,8.713224937693582,76.38637309891898,29.327844656354394,20.583448927066417,6.335563374273826,6.908062775075608,17.424969817668025,21.22356853403162,32.72895550665475,20.939002379827127,27.84083386765368,3.082120766802137,7.236513773680224
5.7447200815966735,3.298218000000001,3.298218000000001,3.4481370000000005,5.744720081596673,6.31919208975634,7.253333529111626,3.814681595808096,2.320062027960186,4.864733414552092,2.9438640000000005,6.266967361741825,5.88549978320102,4.520179504987035,3.060683022564942,2.698542000000001,3.5956725237993714,2.562995374964193,6.272823266642262,14.67757583001127,19.53736056032548,13.54762633316554,25.6939454916842,35.731149606504054
3.58248,3.7693920000000007,4.900742000000001,44.74698941402867,3.5824800000000003,3.940728000000001,18.504344923429077,15.303319579502912,15.136431027389342,5.4999690605903,3.3644160000000003,3.90816,3.670272,10.09569190063735,14.314215520871432,23.794223643757554,16.567804539590824,1.59831628704,5.996351259054422,21.06587687076403,22.23389210312244,27.502109222864583,10.011743567203466,2.16648
5.384210313883488,10.625499234830151,8.25859160022231,9.694155074366488,7.3128304026250674,9.929875307434898,7.813098675419295,13.57881910175282,16.42238901777967,8.3702251547839,2.9438640000000005,13.123254619221028,5.95524043664077,5.887288682600624,11.97538213181035,14.55819467324671,35.1334973430992,35.827595652117644,24.7596043911569,31.495103875621528,22.14688104215029,24.35129201195725,15.881101571321771,17.08591271064726
6.860336970836195,12.691041930208634,10.86945380400087,16.047435925880816,6.186450679478153,16.78861615945143,14.70230833590741,11.485831258916356,44.16108681157941,34.12877092278737,77.4768191643425,29.128834858686123,28.562349900662262,19.173854619141725,17.850989499812847,27.502325804253257,44.1073378906252,34.084710098992346,24.31447027113802,31.898309129673883,26.954631459752186,25.592270085745906,21.860813623991664,6.506569901492263
6.13171603828897,5.812365672079184,8.50075001577847,10.61316796790004,7.667519488923502,12.792064497984232,16.04184248660798,6.882781829673793,7.347472212618752,8.852622762349288,4.809592191001442,11.61801161231738,11.914132654967707,25.144927165329026,27.286339029078984,84.91979347093329,81.67782583049332,15.219297165769245,23.72225937700068,4.051964617678414,3.1343550956203377,3.167991408910576,5.626118198179196,7.032647747723991
3.209305,7.210770880773884,6.20181722793865,7.327570157034418,4.360012471828612,7.749496230038243,8.895073933609115,5.0613705812313015,4.123038278197002,3.367324497732334,6.616170694420003,5.384035862992273,5.252796378774546,6.532633185652071,14.183832249844905,36.34142984278154,19.153540758370543,16.54473587536735,2.813526587802107,1.3183043544000004,9.435469020459456,17.96212938124411,24.542937909940672,13.195776670073077
7.912065551341445,7.482591675556006,10.932706200152506,12.66890888406532,12.869111523328602,9.787592924509656,14.582876501925002,8.941951907669496,11.441219003224274,8.82655317694441,12.40884788486836,11.826795360265036,7.5313065456203585,7.263777672151708,16.302296304955732,29.384308999492326,28.17767489492608,24.38929195758949,25.093043375148586,19.71664365106768,27.90182931122127,33.82477797652806,43.09186755293379,20.545079442658658
7.751319691710004,5.516485649552492,6.836111010414989,7.146843329070215,4.74126514957737,9.354216659967475,5.352942433034995,5.028185707489834,2.872129104847439,5.926716219389755,7.986208689932709,10.242909084265266,8.997314620112695,4.499648757791365,11.143912682062428,14.436006836846534,59.13969210565676,15.387771590907938,16.48320422156534,14.506277150860688,12.267630085332868,11.76905892748066,17.08763587591857,18.33272647998878
2.761495,5.6334857846665605,3.879827565952343,7.1117999576188895,6.465272688744444,7.111799957618889,3.486687600000001,26.60920413973768,12.694258488182328,4.22033994794479,5.549984798493391,5.032782375678787,40.76849702247009,2.560659,6.800615767620197,2.5733070000000007,6.807093063593168,15.282686553642987,15.150305219042714,19.659801024118654,11.917151822715622,9.549984910308355,3.127863150602055,2.453936878388399
4.4781,12.752102819078267,12.752102819078267,13.331743856309098,9.687350277784256,10.2811756256259,11.097129403746932,16.827190570882525,20.43068013455861,6.45349057858156,9.73110531742586,12.48446813552791,11.48195727021736,5.781402203071506,9.365274609803906,13.307509978815888,15.950548166377589,4.2451615744468185,10.60655730032556,18.317249593367507,10.64530575790234,19.69741771040344,22.62637808717167,6.593851709964754
11.24712614072542,16.002422502298387,13.319002046811924,9.311408813829935,10.867197380185354,16.729805343311938,5.5438812,20.026627446280106,16.296628565831718,17.899386931948083,22.245031803103466,25.45065212218241,12.49370038649886,9.748727643127932,9.063451418611152,15.547168390720744,25.023628537109595,21.92536701093955,45.55839102610476,58.65262696694794,26.289565282648024,30.30117387610801,30.351033924166902,42.85140259362143
5.625717889867487,7.017481484523433,8.994327666116579,9.403160741849147,17.200013824230147,43.6654498945739,82.81697874240193,12.266302673915987,7.144499600451256,3.8800604324698513,8.535867580514678,24.8978942340566,28.357857970635926,24.502086763467382,60.79373449609306,7.358995363186292,5.350476174184412,2.230492078307876,2.9136810771381576,17.60021158579616,18.972172227883405,20.971300542147453,21.778671574924267,32.589946294787374
5.019955189136876,7.432783236642656,9.105718947075893,9.519615262852067,3.657115000000001,9.519615262852067,11.39499988397119,17.491421215500754,6.205616209816,17.570959211147823,7.274162098089983,4.7329473758928415,8.86627479745331,8.024799643065377,6.511815738802007,5.494754282166102,17.50886345796959,18.95461136676207,16.457198717212574,11.73807258178848,2.57156021783513,2.7791649757732686,3.307739264891273,5.233564984607857
10.668352686028872,5.569648906910309,9.705886785920512,10.147063458007803,7.165715162795644,14.006523637083015,16.07705321821703,47.77931595706592,11.250759412718534,6.068057885585585,57.97084209861217,11.999163406307703,7.6859936920831675,12.808732615828552,5.537143534887543,8.463649566409694,17.090829212457113,18.40403656024173,13.701367183542114,15.98575667648587,13.953898754378088,19.930590146063555,18.39739328976384,19.020449211464136
8.865941097425466,16.417629654964887,15.08280330558054,14.931085109402195,8.705036069092216,16.84242942921488,38.03218093865771,23.83665109382015,16.027940506576925,3.7707724140337326,12.183749339155217,11.157163641549497,12.346679320953085,13.858399926799958,12.407838723685597,14.108449619713719,17.812561947057578,12.949807067019576,19.82991776113727,23.25574894146581,16.634156524037138,18.46913312189444,47.72066822863117,16.99031879175684
6.259078869297468,4.004979000000001,6.585639505956467,4.1870235000000005,6.259078869297468,6.985569908659037,15.173747506970091,10.743428396826491,26.877733367277404,34.64951468381339,21.24134722172156,79.98604678075746,19.992752629660004,16.686539576506544,4.836560944457133,9.039797392110724,19.188266929923653,41.89458377014336,29.803901467818097,37.97185827402382,14.20158499361229,39.129303196106086,19.119183803873103,6.02999213270216
7.930362174778431,6.638659864514964,9.061011181810589,13.548261066261086,8.368986054233416,12.82453166516036,39.54539191801449,11.939001480294603,6.7096247363720245,8.57274825851608,11.131972234534308,3.3465665541212446,12.618430716402704,11.206132600555874,7.549147408771075,13.198263263123069,29.65271016146376,25.57983475734028,43.86276470557909,23.41275863860062,7.205449576271935,5.36283305447115,5.958703393856833,4.795831670913439
5.732266667922819,15.90409089393892,9.198997442223945,14.703690511868755,17.381849771173336,16.627004116390683,30.73635572341868,31.08197825708675,27.224444218035085,39.62425948144817,38.11222673514976,27.298844828378183,19.479832681874402,8.554951385208389,11.199068971966717,25.410826207265746,39.64562949416753,33.70940490971807,13.438426395294814,21.71513810118389,23.409323990521155,35.16720700676116,33.6988921949132,31.558760725444262
9.43808912337482,9.930511164594376,3.847921000000001,10.381898035712302,3.657115000000001,10.381898035712302,4.617505200000001,9.217945785210288,26.35241258332405,6.657227108668526,23.28423392429043,39.55510282686205,27.658162135335406,40.456415510350254,17.415057255432004,22.35312498768403,28.105212173218,27.09948341424968,44.15205921996364,62.20911597695064,20.600974826208294,33.8659383212261,59.11910114342213,5.230891280389976
34.40630386914559,7.514206241055632,6.870028654897288,8.836770555054148,11.706837152935654,9.68185554220714,12.423110656629422,30.01694379411445,33.61664939502941,11.605101039435102,68.82241006094006,12.091969032619325,4.814692519025309,9.530777130606907,7.603049503415511,14.286318193326448,31.660556450107556,32.33696914281596,24.47934938026397,25.084129289852747,23.24891112118473,48.209372100722845,30.955740756134325,23.4144226378584
16.336979243308292,3.455276000000001,3.455276000000001,3.612334,3.28394,3.612334,4.146331200000001,5.20054090212385,4.121546579872238,2.7809001,3.5746328286881166,10.351897047088176,3.364416,13.413179783543292,11.572636932683873,83.3168861771085,21.332569142788397,20.713051280193923,11.8144757438432,9.499332694744538,9.631063788535718,39.41051016830934,52.90870105135677,35.70309189131444
19.3679652223717,13.545729057158155,10.973843487152935,15.721155683423648,13.23852015874439,41.08409741312015,38.34474368318507,34.478271319646126,19.18183994634273,21.707933968521345,29.65385931045436,30.496931672854835,24.079162482710004,24.029418613942187,27.76251740311348,26.635039797174805,68.12019738420886,22.871543801088663,12.006310819827164,20.127238537669605,18.607791280479844,28.841910347825348,24.135988187902274,58.56863850268445
28.314252259981966,42.352374660746506,14.982639059540729,9.238479121306892,5.752092549011844,12.210362069214488,16.01613528668042,20.52003285514349,18.93403405227022,7.679650050368694,8.075563265914239,12.109449985997836,10.033181575091525,6.871518591766115,7.253342359388169,8.187805275079963,24.972255390436885,22.08075559551966,5.58738353705845,14.874064689866824,12.30700328723603,3.449290174257434,5.370277819877302,6.194688038923031
10.059817200271704,9.719571151551248,5.970778153121448,9.558417120230953,10.059817200271706,11.065798920298878,8.549103506242895,21.936826010399347,34.81405127874121,30.21572554778905,32.60161278648633,10.675361216811854,10.306342364863344,18.560567344831764,18.625979593981203,8.660190459364337,2.5225951500000003,4.488167324266821,3.3608183264387583,5.5128881877410905,9.003126228989906,16.619070264879603,9.390394389652872,10.15127657227228
3.88102,6.399220487019288,6.960891046101934,9.033528815037103,11.306766917804165,6.690094145520164,13.53081390545235,27.849483701396416,24.5588066802618,42.015503593205054,6.672341592293153,10.261981834636158,34.09602013964301,57.5711572092154,18.32063555596229,14.09831469805777,44.46449499878569,17.059372999100223,37.24190853663851,41.93984296912543,19.93049680460061,17.728657387218004,21.421655713260684,9.465341809216854
3.43321,5.068451753050661,5.31113804522577,7.328575821835701,90.87973325994712,64.73453055113188,8.41193050854185,23.988283042865856,3.263382256445797,4.274548348983452,6.256807816270797,3.74532,6.825608526840869,8.537180653572873,14.464666658807113,23.757408890773608,42.40799383685219,43.351490366572094,28.14205135468641,34.044576241388846,46.23431719324034,47.961152019331045,15.590302211215644,2.35518071902924
17.213790983035143,8.22901516764156,6.23479058382078,9.124279100578422,9.24246788953158,18.755196597610578,11.669620326608571,6.469900868575132,6.702851863148393,70.88976536374149,8.679882887560092,10.08269224312536,4.129056,8.570288406656555,7.14190700554713,7.752604526615082,2.967460994249069,3.7007080656044193,9.250166968695137,20.91297673085516,21.96004725900463,19.48474766975041,22.88349553994389,18.949151575971968
10.39841540076866,7.864520381649869,9.762817240771728,14.391930221708982,13.083572928826346,4.515417500000001,16.519432950135528,9.399693872866369,6.150355428562453,8.014909931228864,10.60603942863558,12.088471320436314,8.714948415248214,12.132040352184426,8.035139173321236,11.18462695939547,19.262353227325697,24.28442265529181,30.49173034621669,26.65183591454957,23.178039784801584,51.16379678712803,51.0870689804302,62.95512780864848
3.955655,4.162037,4.162037,4.3512205,3.955655,4.3512205,4.994444400000001,41.60162955041148,6.379370975209117,3.349720575,3.714876,4.315259999999999,4.052592000000001,3.667970999999999,3.0566424999999997,3.405303,8.078050388788647,32.4994146453004,41.98884357804584,9.338768909423772,8.567251742726757,13.508811422816594,12.60990446501242,12.488950342563031
3.88102,8.049702792174541,8.049702792174541,8.000950736273317,4.069496198801683,10.635040873637015,7.407702475304724,5.845429070608003,4.161423331058335,18.50222194576449,20.707333376261875,23.351516554167283,63.576681636528036,4.297839355555332,13.78447419595027,26.507405520102,41.20644322277333,31.182780151365016,14.807829697180392,20.00313221448837,20.84960958980416,30.531890503889084,18.868764667535125,10.629105668799914
27.90231173670936,7.662795665743837,10.627282236046698,6.978025906353922,10.100309563184874,8.401436613149443,8.00956017077146,6.014203303435978,21.31089662986767,8.235005857605382,8.956310508880176,7.535080758670746,10.347827030741184,10.086313760153836,16.91328525069561,8.695049102220025,7.865262401651491,12.505683032328154,19.110975853092025,25.811641535840423,22.02883173732442,33.41846355751392,30.78061803492925,30.678178985468893
8.217151166113359,6.382075514574785,2.9055730000000004,6.672169856146365,6.0656089601330585,5.581812249302455,4.529638354372437,44.21569364328193,19.535995955529717,5.136467951239949,5.075799183960838,4.0938863869526365,5.537235473411822,5.624473763032472,9.624556124999271,17.008064625800493,38.47710217635464,17.06736863970845,44.24179765591992,29.44900681786528,38.19501161973765,21.445858713954483,32.44538803745133,27.955491334694376
12.721716840319978,8.095956191891668,14.078895874490277,18.54364089159138,13.108308296944402,8.722017764952533,22.9158063857239,54.34004733208641,17.46729528657842,11.876541605947532,13.41307669629646,13.180964027074486,13.713764909052369,11.465674725998095,14.974425386078988,26.800913558985442,46.32970932207783,34.81893858933303,33.05225190360439,22.05955029333902,4.310570074478095,23.44869428244317,17.556416483537937,4.39980416300245
36.1035438296719,38.51639555795071,6.365353273882268,13.284407111619192,11.384219835518987,15.953713099556836,15.248189032467245,15.621931276634294,12.335544088675055,14.038185561846422,45.97840447433448,69.45788880693077,23.086673470680942,11.624692476615888,8.543831551996465,8.8819511960014,8.337053461737959,12.639901356866194,26.51598370449252,4.674098430388811,14.323035949998996,23.17917812806238,5.842656954589253,4.545898880124758
3.89873,6.5961336857752775,6.5961336857752775,3.940728000000001,6.269052676563279,11.90535794421961,29.4780299160434,20.60980453371001,12.521159413629286,27.31827392450236,20.823276374815315,13.93080503931169,3.670272,12.938086374908163,8.926542588441578,5.396836651997954,3.176501389804957,5.055185339954283,13.28844093424838,26.12333085151868,16.253372767650557,18.800413276476224,23.927460647815536,39.08267347217678
8.449024361594361,8.155177931540509,4.5546820000000015,13.05808163527342,11.870983304794017,12.234042762954555,9.724227788914437,22.807965392727244,49.34715433831715,5.528588625345085,11.148401712328296,12.950163605229834,18.025618588069058,26.51439082196533,16.88962773420943,22.67548629751512,51.92458330616096,41.32798636751534,24.43831961416114,32.041473435883816,16.879911548834368,23.1026552555456,25.151830354996765,33.8781944339203
2.83613,13.666313515318782,10.266490191602836,9.20531412545613,8.001433678472083,13.352961595406908,13.790928995196683,11.290836154139631,16.946779497753997,5.106817691920115,12.198031897970482,13.24260654089941,10.913319000410795,14.154061586736319,12.031277450900342,16.225911081175884,15.347735096293802,14.29215104777566,14.346900071513396,27.92843597646163,18.0808474105922,21.955051205460105,20.20331296009613,20.581651017728905
9.35884036049558,13.091117869832916,12.703198103287535,15.29965497829501,9.963189672926,11.497621856242477,17.889844241894302,16.840752854510978,7.843834085437297,12.34490482997309,13.70011652143449,10.19130208056925,6.787134350139403,12.89722981641397,9.869151326647513,18.33000635202565,52.13006467281237,48.86983053241628,27.042840540126356,21.857185404894043,17.766883972533794,26.61076539524671,37.57525055848659,36.32606926249493
8.693043235420562,8.399278091147506,11.388538995631857,11.90619985906967,8.456290477833992,9.131938992272168,7.68772498578953,52.72985356143639,13.755973253753591,9.16580592456479,10.164976954778846,11.80780151312694,6.842102736044161,7.292331406790183,8.180713777184812,9.317895541880612,59.97706891661621,19.42191040757846,40.18509572037642,32.40829953030959,15.602222625417518,17.567136349287573,17.253443304342188,12.00397254522468
12.695372953465323,7.092574761476014,13.165481675479317,22.0334636790701,4.510361180408043,12.56645210192088,15.140172185524074,13.312519527137054,15.136988540082486,21.250829530393727,31.309507763529417,124.83087640165633,60.657622217331415,15.402233798349389,18.095187641934206,33.679650497831695,50.29097638077889,52.7565053572438,31.15479637902782,21.933350186814906,19.73190330225163,42.55163806934429,23.660544433274048,25.045974693196445
9.06881679777955,14.66600442484327,8.145190010076835,13.73484012144318,14.341640293116876,12.506690557475268,11.531752356008273,17.849510256335297,8.747395902075732,27.177952226676137,28.41550660979431,46.96594849238113,39.178834779070876,24.283090694142228,16.11330015702453,25.54122322282005,28.1670416147443,19.174065083713916,19.84713282869724,15.075499861005705,5.331842187327315,5.030426358810455,4.6467940007352215,7.588777875705293
23.10981406466477,10.280103362723676,7.6655755057519315,13.938947073952122,6.509795062809331,10.605187029101614,15.227419241644712,31.70653213459333,24.191854243471475,89.61486456383811,70.83057044533756,28.95685052580552,32.73559643883483,22.203554547597903,13.54562349697419,21.27546139480632,32.54632439255595,32.28289164363277,26.23417783020242,26.21089935469258,23.210961135198104,17.82718791510362,17.255040689486865,4.014967372913176
4.869721886628797,11.44592321716356,8.181306690409956,9.996112941961025,7.304136628335871,13.052390371367515,14.98187416539575,7.472188283205078,24.49402692271806,34.260830625286985,33.79870924561459,52.84262281193622,37.53462191786614,102.1203997882661,14.561382385716932,9.573195369970236,18.757237696661274,50.34415150858637,30.63359220142332,23.434930230473352,11.496913934485184,20.70624656304784,21.747360196305426,5.487719813511742
15.825597774816703,11.78033866611289,12.086601336050704,14.202604085085284,8.285537401137345,16.04155340440893,15.246722470920847,24.40699730423308,30.67539224672817,14.531967106514346,12.91054944215563,17.613033189726757,11.00615246820563,10.463213623996651,11.268859829543468,7.920643845182863,5.519552488964566,6.506279062063852,11.49029547923409,9.232853637921774,13.645396046695168,10.545833156380674,27.83325898459057,8.233882135234442
3.657115,3.847921000000001,6.533284678994982,5.270571239735042,4.933217574729019,6.830252164403843,7.839941614793978,14.8074588596081,32.2874476683855,37.580943966307714,75.57341405462931,23.13743589802934,33.40775540946059,29.15069714206628,14.489922759830574,5.345414737359531,2.2890215250000003,5.962248995547478,5.752491310635635,17.57608637910356,16.995941203369394,22.51050319001156,31.98003618712712,37.33856779718838
5.436807395339743,8.926918886791405,8.186968430982237,8.559103359663245,8.718681317799142,9.590549449579056,9.824362117178683,5.253312898031267,4.0008070836450615,7.383137861390819,8.187978976715716,8.467000047753794,12.993057964757948,16.402002829895757,6.737162836481154,94.4106355243711,22.91854199074739,26.401685566817356,15.777457560142643,15.426996687811586,14.952055063082586,18.86479874552529,3.537584443118699,3.996689720920149
7.313420466113708,2.5129280000000005,7.694990229563121,8.04476251272508,2.38832,8.04476251272508,3.0155136000000007,10.00916188269839,19.79538879323461,2.0224728,6.868255742089396,3.0737159162958774,31.732924995887647,30.27864881205054,3.229432527668316,17.86681268614417,15.37316546564503,22.00134261240309,31.678698513226,26.28483836623847,37.21139211054972,42.56492729670931,32.29412308325058,1.7150854945438003
11.195719950569964,11.77984446973014,10.324493874359112,4.9985778387091,10.998122171977675,10.35907393756331,6.236475387937404,34.823581749599335,18.936177300154636,31.868486989974183,32.33587451220868,83.22217127054975,47.59931368717321,21.08456216334504,6.147054265179843,9.638054566142841,2.596875608857419,13.971183889772735,24.15281621806574,51.18460053243985,19.870810919462336,25.378014801956656,28.36323913662629,4.6453311083028375
6.736125,3.533805,3.533805,3.694432500000001,3.358575,3.694432500000001,4.240566,13.448592035668993,12.597823109880382,28.240624910379136,40.407873724838375,50.263745310466255,10.961904972571416,5.021601747311746,10.968062084805121,10.202326165210977,24.248982892382724,19.922333602994293,16.983180211980464,25.896065981413894,26.385583710390733,35.291708155627134,32.26252519886311,32.80138724475904
9.7296578283515,6.994232934516889,11.95848449748257,8.38758827463444,7.756546124374087,13.353526687740144,10.685138066682192,11.662252000799766,8.314394948015623,12.092072334859528,11.21890169978067,3.58248,22.607300625267943,82.06657284988314,15.84451969236258,9.66825435635172,16.523105835302466,15.94055863490381,7.324604992395126,2.143883232888528,2.772282755919418,4.960023843632456,3.461200883998412,2.1029680552499004
16.850011300965374,9.740666692623066,9.740666692623066,4.597516000000001,9.257658426873158,12.475478415913742,35.83018694563452,37.87084612170974,41.11452624167645,49.39707990505911,8.694148783498271,8.084811469895415,6.173817434776174,8.15630307058729,7.15364514803835,9.253467356557906,30.672878367622303,27.667238991195248,66.6651913266326,33.804588361267264,30.76186219492996,68.14328382262411,48.20588772115714,14.314613095864594
4.332721503742213,3.612334000000001,8.745567577672723,9.143093376657845,8.311903069688949,4.264400306968895,9.654697416860822,5.971560274936531,5.630936515938368,2.90730465,7.805961143707883,3.74532,8.515593974954053,7.707401028257024,2.6529350000000003,5.246410571853942,4.435186028456707,9.890123288205524,11.386690510322277,11.879816157847088,11.679498740362227,17.26714857141956,22.77479002284432,12.689941056972536
6.990907819700314,4.083508000000001,7.355650836380332,7.689998601670346,6.324503286907388,4.757818657381479,8.826781003656397,8.092083836907435,15.58912096003283,70.19299934677494,30.08648941506716,22.158451541726937,14.429636577805747,10.010455278191719,25.566416463857404,96.89357804158519,26.70599189306105,57.042865339533655,53.02185732483417,28.113797936769338,17.069062665072547,13.331535429021825,18.39696343470176,6.866545374006107
2.910765,7.040790344857845,7.703026176660748,9.643307886420564,9.605840454953508,11.606170692854889,8.448948413829413,8.123516893098339,7.4040049135106205,8.93483305817713,3.976351828393608,11.510251926798237,18.412661310114455,16.81061536170081,12.191498419890099,6.479203990817426,8.244382734138703,12.689858838248725,6.52588691396187,17.67817562704408,14.924343296488,16.91176937003684,18.095809731508744,3.6382822594352016
4.17956,9.324090571895466,9.324090571895466,5.299842845993362,8.010433705418338,29.0747435129416,31.9337894883142,6.118502197753592,6.003425348086383,7.504281685107978,3.925152,9.667351607224449,12.44376127999755,95.6920909865352,17.56674934248947,18.618434765904638,33.000619534807285,18.707538333430623,17.176782389223405,16.791729011804094,6.410918299874718,14.34784212734488,53.5221496450487,24.723515440636422
22.577907065939836,6.30696308728733,3.3767470000000013,6.593643227618572,5.994221116016884,6.593643227618572,7.568355704744796,69.85602079890022,25.732002552712466,18.482278241334097,18.12771056033069,11.319544080083388,10.80601561396018,9.903959272856358,3.0776898986399868,6.258470194002196,16.830668975365352,16.87631221286516,21.868168751720784,21.19898549118761,22.56971016343936,33.12217243434822,36.04376757910023,29.80967382831709
9.24765272640276,12.280236251526636,9.200255730286797,10.423444081532969,11.671298916740188,10.172417999043038,5.648679557161846,9.01664823240401,8.107602216980853,17.67969778620061,5.436855655003106,10.650626693763469,10.385260268270512,18.146989417771046,14.998576717257851,9.199566820401596,22.510058112828403,22.25641934794639,15.21954717641594,36.2965980989613,17.18188629204961,23.732140990508974,7.425579637437916,4.7557189778809965
21.84744117283224,15.710182253329046,13.589561898628366,17.246228565373812,15.678389604885282,44.42787512900583,8.955175987022448,19.93004867159172,16.73473866489692,11.005635729483364,21.141050146065336,30.674215728716327,32.18833617506015,16.104507983286457,11.969114861183836,16.60239643843908,53.50760451373536,27.065773254801645,33.32110358126316,29.570792936550955,31.40254690390076,47.38065068226784,42.56041921491834,11.667459123867518
3.88102,15.67720017166577,9.08912089288203,16.463328517724282,12.402100072425489,17.40366799707637,9.95516799968679,8.77851811616281,19.56007247032339,13.39794771841044,14.415703114150768,9.454800132791789,11.48628294172353,16.900284417288216,29.4024960481552,24.695311571702305,30.81030644922747,21.994817409682888,33.643205459186056,26.35990648923476,19.823302477243416,26.06069887228294,32.97216708883184,44.62682397685259
5.948554632980327,6.049226304622239,11.02481755136398,11.52594562188052,10.478132383527742,5.6665342577670135,72.65236831839071,33.534480592644925,29.233443409757832,19.882375750158083,22.44381494982429,27.80031675395772,8.185652573705127,5.659810376644361,5.016802863574569,57.22005235215637,35.55915365972331,28.90555985739526,33.63723778071111,33.37033498138574,29.046925042338064,25.59386940950932,23.228956402054607,26.73509772463168
23.81156967731466,8.90724781788384,5.390507509219226,5.057474412728643,10.963654772920965,25.512801728297674,7.13211695708109,5.912226291694487,13.284109962245696,15.1334726999406,16.746318008029544,21.88196402546782,15.599737869788731,14.350448258980217,5.271015911176142,6.19330529173052,21.8759981126109,14.112002336111802,15.995583031425156,38.59243831317556,1.5288773218242528,2.4023321912056,2.3514621107494893,5.720909553629337
9.00585099752341,5.904147632630401,6.15737011698112,6.569616875481772,5.972378977710704,4.1870235000000005,7.540777630987775,39.94612915721493,19.37143206015851,18.333577983973488,4.887687368104582,4.15242,6.118737672026142,19.398936594602112,17.05030412763075,7.464815972991672,48.87125851172999,21.03259550766338,31.069501872085937,29.879200996263148,18.130852953151887,29.689318764423017,44.54295430303576,51.18683129404812
3.963245,8.861837027612873,10.527230488004951,8.950342752659438,6.540573744338213,9.10091775807034,11.914501049057202,19.02172053584297,4.430941412982579,7.762472813969739,10.146304172200624,11.254035890114922,7.324444134857437,15.083651521127564,6.2258158173011084,9.428915380319362,11.784983708906536,12.232863626173328,34.70820604673093,28.34491644263459,23.834885266070494,25.49350521158877,32.097665943364845,6.2635651103671375
9.673630910637376,9.282900152847258,14.922333903377746,17.602219498532858,10.93224207408529,11.59155780548427,11.671060578543637,21.241514431378533,19.460195010146133,8.13021335239734,24.892618416432644,26.82931278562985,52.528671723442926,45.26481306684688,8.036777675345352,6.951817635170752,22.04422604259265,27.36443609848204,42.93708671043887,27.904702025128596,24.16659634523661,23.612082392994573,7.524167074860759,9.074049207539206
4.49112927878181,9.304660315935465,4.309748717999354,7.047779128496287,7.177415189995703,6.439513516649979,16.01652821946655,21.410765059226893,5.143460678503158,7.0816665227031645,10.950781178862446,26.40454770453059,9.44298074653047,9.183118442607235,8.072041858812616,16.11728604674909,30.695055325272595,47.060205615866536,20.43070378144744,21.31488505057075,17.278514257675813,5.687011122793592,9.88150610525417,5.988990288656892
3.731750000000001,3.926450000000001,3.926450000000001,4.104925000000001,3.73175,4.104925000000001,27.528045143576044,15.32811850871916,2.5280910000000003,3.1601137500000003,5.942130047602613,12.21224815189528,3.8232000000000004,3.4603499999999996,2.883625,3.212550000000001,2.33573625,5.4821884004356844,14.734787380621434,22.1678690838585,19.70327282941784,25.822773081041635,26.89251150145609,50.11872571973999
5.687828612696808,8.91326407957901,11.442572967720867,11.962689920799088,4.934458559001166,9.88775230376905,10.695916895494811,7.813102302422297,6.568755647808048,6.420950957397222,7.969440800707936,12.592275809598677,11.004856743966963,3.168944686108623,6.545992214717114,9.591093297161684,14.272496215057725,21.05125722602406,19.34531176212075,21.43384850526473,18.718954464962856,24.94685202749124,18.81446256444796,30.41835859667101
6.520966717570124,12.18325123912478,8.132444851003717,8.502101435140249,7.729183122854771,10.070239226586494,36.58904644598574,22.68531916519255,11.844856568084523,6.369637619083871,7.063996351346953,3.90816,7.918593934561092,7.167060713919877,2.76828,26.274085034667017,74.54143511694686,17.774176681964367,34.60029005657594,17.002470148238277,15.92547190313004,20.055485882995413,16.34844784783028,21.28127880987724
2.53759,9.224540470242312,4.457591764611541,7.463500430234704,2.53759,9.643837764344234,11.069448564290772,21.298520278580327,20.720919420000005,11.342702105774096,8.233474138728674,4.808837286807759,21.969357747622574,10.754286110520747,6.774596776605454,15.021640139194245,14.57181122367308,20.01624680309209,14.563378053772633,15.00246697432132,18.23103307449929,26.45495932654162,11.540883277363486,5.301858346908616
4.222073752874359,5.259597191519965,6.730631585159934,5.3277920585399645,5.9308510788197815,6.52393618670176,5.723102872367967,9.5460019918145,66.93285563494469,24.485104083772143,6.153393586123575,4.944829679356244,8.564140358060778,22.99903123838919,7.203276125839891,17.827101855960905,15.5245921542604,49.50667771248111,22.504155200008665,1.2876461136,2.091729128152797,2.650020486344522,8.390888138765218,5.801814554444388
3.88102,9.483393649647118,9.483393649647118,4.551388749867918,8.4999304523841,9.91445699735835,11.47590437957654,15.671193510858547,20.41838960398776,10.28429319486396,4.367743896894902,14.93613222735074,17.469611251315502,10.414976171084088,2.99897,4.6664784776406565,6.97158590349106,10.361666795490295,1.549944396,13.603514210804445,16.708796105647806,18.28881729552565,12.403226221268184,5.45063571899327
10.316742535821568,17.34173199651447,3.7693920000000007,7.7054202840159824,7.00492753092362,3.940728000000001,8.844482412957479,2.9398002610751788,2.4269673600000004,5.931899995504865,6.88085078017835,11.331831112295568,9.137344410493055,6.2954240303526205,19.365430293073654,16.964944013244356,21.151195516629983,11.68949635087498,10.535159192647477,10.19827562361236,7.1997721388468365,23.89800210306462,13.932135428141256,26.71481995166827
4.17956,6.902009864602313,10.281310683534285,8.130421401610695,9.77149362484663,10.748642987331294,9.205930915315667,49.4958338013485,9.943081582228103,6.259080607934183,8.530370890300988,9.02234534363875,10.453222790461679,9.060839543039599,8.924302495898358,24.730580265311037,11.887931458416146,35.57075057251632,33.36286197811887,22.600766438956125,18.469895788689385,23.77954640557217,30.24685488744097,5.7705094072217005
3.58248,10.119693828381372,8.965093495948397,8.467286121470192,6.506911702620105,13.373811911489618,19.5476209716951,20.4616924162783,38.18984989748886,50.70797155716275,20.4589969166187,124.12649182500743,73.3272095707258,4.848246507074246,7.43200654939353,7.480600360925002,47.48063669551209,19.777180754577817,17.417761999870688,22.89708691733027,15.453723597388302,18.889302555255952,26.321425945312622,23.20821647584965
7.316303978118493,13.1746499090702,13.1746499090702,8.52922387985227,8.97245863902576,12.732486131068043,11.283690868077237,8.995781615598178,16.539965814212728,9.801909777760232,11.759191654376709,20.97527344409749,8.96416930442776,9.85562324175608,9.675597510229991,3.212550000000001,7.8372339832862945,6.675361969950981,10.417509537442404,31.75872898094218,25.77966793995827,15.382889355577715,17.833748263938794,3.804543586803758
15.319067989459878,4.729046884878282,10.153503766375763,6.029003800836508,11.875082740777112,13.031049050112577,12.698286239308976,7.958792375972783,4.424025625855327,9.915203970850555,3.833202186997867,12.322775207545428,6.426003041011882,8.79931450348392,8.476047462435265,10.079728464380743,6.811755528725359,3.105394561753803,8.877646861188556,18.95609714254477,2.216200263126696,22.80763350293676,30.759854902552355,37.696667876265714
3.657115,3.847921000000001,3.847921000000001,4.022826500000002,3.657115000000001,4.022826500000002,4.617505200000001,15.75075942,30.691656075435397,70.6836191984576,3.629545090571392,15.488160261546009,5.091127683777101,3.391143,2.8259525,25.103179765047265,39.88348275196063,33.78309515957163,74.68311021413544,33.388118780273665,35.57103316693009,37.062830401364565,22.73258412225801,2.211615
8.158989112533325,8.584675501013326,4.240566000000001,8.974888023786658,4.856029822506666,7.839495767839994,19.780272466928235,3.3404306774054398,9.784716706274216,6.9091803257498094,7.662354992639994,8.900715395490899,8.358932719243628,7.182765077550535,3.273832920256969,61.81837622446648,9.708200089214657,32.39143357170201,4.2992703844657205,3.097118713193624,2.8775625885996194,2.7435824831231974,2.7488087136349075,4.934092230109086
7.203689831192897,6.102515425684428,10.536624961038,10.690141022955968,6.665049855308198,5.996142155028335,10.815179952751722,14.032205487359953,16.508716478238057,5.161991105631026,9.462255070541682,28.39656033547456,72.0416804712599,7.215187024041087,7.623904115656824,8.49353614521768,14.697850494714553,22.13322410116846,24.24407933592666,24.752311257273934,20.812959705039034,28.10048963440025,25.6235881029522,2.702380244860072
4.671187284652729,6.984011019260015,5.690817509630008,7.03107105903101,4.794094105815912,6.219886039354008,5.2771488,7.476481924094229,82.86691895802625,15.352028914732823,12.759399531320694,6.972963033749764,80.58525669571182,4.559400859562432,4.27436797988705,13.748698643785772,8.532032301157038,55.45126673563128,53.45158983999044,14.696503857803853,13.20306678266857,16.108772802842527,21.356177667105005,3.270830499524384
3.209305,4.286270576050611,5.923413012941713,7.333697727120737,6.666997933746124,7.333697727120737,9.806600331861366,33.49849958586747,28.069931411089254,44.25081739030224,5.611735734571002,4.066864298249365,6.830378910778635,5.380569267559804,3.0142882261244006,5.739415612529273,3.199043967442103,5.986118995482572,20.35680781498454,16.00375404288029,25.9089851201898,35.943930766444986,44.5401463536229,26.857121283509155
3.731750000000001,9.845675942573129,9.845675942573129,8.605493485262212,6.544605303288884,8.324207954933325,11.49194426149286,6.72272517665613,4.433672610918977,5.325547398771565,8.787876047916512,4.071,9.58677387045437,3.4603499999999996,7.230765014173726,5.854188023958256,3.776220372878476,6.3250895429034575,16.937308560444695,20.075347741862995,14.212018113390508,62.05671049334425,28.35977614235732,29.765786992579763
4.380640084555763,13.337037704752024,17.042886375299208,11.074522833450713,15.365084430639085,17.469082532661417,19.537567177004668,7.183055225184062,6.8291508394121,11.298127175616129,15.211832467209206,28.05070021023276,46.84834504238871,19.433878488737612,20.028993211649777,25.317820996206223,23.7868362867582,74.33528602594457,24.12926839087489,21.52317161640491,19.308516097339467,37.20023250544856,19.58878620240512,9.12148050749223
11.786848987694931,6.217914405370637,10.45508955973628,10.930320903360656,9.399713060628638,5.319273805003727,14.340455255867594,36.780903671475805,27.573319225077533,13.452279754628131,45.8311612484951,10.839987672754368,5.504307440034529,7.720313652248152,7.678324601534343,29.50723370236293,67.11377915417312,21.722879901160866,22.24203212090898,24.137846999090826,14.456979913835264,10.894979994353738,3.766851935262821,12.45810053009317
3.43321,8.820345938464571,6.586468456681543,12.083104969750517,11.209630127618208,12.157853007794987,4.334800800000001,17.848635852008115,5.307715071830149,7.683015702827785,3.900939997608748,51.15209095088191,25.699094719075354,7.821992958971496,4.83716973433975,9.65002941421046,4.667287180004784,12.92590369361293,16.01441835287895,23.85594417028978,25.99536472632251,27.547189330961498,28.73515129672527,32.824485806820086
7.241280217754676,13.189330078017983,13.189330078017983,10.966171020497402,7.752980918966799,11.65037027615979,49.65599138837,29.789556448550755,20.30708415041929,9.824952485102406,7.609788561688214,17.884643676788833,17.71755779715479,23.876072657599586,27.312210551469697,32.00033844229277,31.625237703487223,25.27876108280724,30.540392353763977,15.520124442332383,3.205137691432059,21.170873184955862,26.24674461978836,6.687130120361734
3.657115,6.119246308941889,15.594997342722516,6.506258446002163,5.815812607672043,6.397393868439248,7.343095570730266,20.9948074647535,14.051870911123034,4.924935858224096,3.434508,6.344522844733136,12.086689432251916,5.392844418023165,3.9380088433462035,3.664509297486793,16.068110901669847,5.090875914828127,3.0636877196364303,2.2412041472314588,1.3744075105355884,5.307022656230349,2.813657957229478,2.211615
16.417656077549307,5.329400961875921,3.176460360703472,6.47196707517876,6.292843075178757,6.922127382696635,4.586811049266247,16.38873940657512,27.654973411814648,25.53534906380949,24.410872344882268,32.29680672476417,11.803021965121706,2.0404419782382086,4.388308994385823,18.110267687735927,54.34023019603072,36.70287241168588,31.711339205317536,22.234661005297287,20.79725520921935,42.47480222346416,26.77443110399357,3.186845748929204
6.495657240896243,5.854976072707255,12.028104525651443,7.139674033855236,8.013504944595118,12.347286844992029,18.72165475384626,10.315981988778915,4.54390054748654,8.712913957998538,10.735828832812857,7.484726388001558,15.18781817019391,22.45362251763082,17.09402629944961,17.13756220472186,17.43670413519211,7.231260172882126,4.565411211153666,2.630579404922192,3.010381845987504,4.9775206406677786,5.530578489630863,5.254774326042038
9.979585,5.72752439548285,5.72752439548285,13.967166862006756,5.443514921326675,7.521980775466094,20.28282811666037,4.943621192309318,3.6877339267023976,4.609667408377996,5.1121705348111375,5.938379914174552,4.868916061410226,10.59003171763615,38.20098488093438,66.67115090103871,24.10649502646365,19.794246146894867,21.955224061248057,22.072246561536804,19.136605200382245,32.75980063057889,24.307525284362924,9.341153136035013
12.112863977463592,11.982977173965908,13.890378621947562,13.794844112280432,9.65820140582962,11.127534681873843,22.1919465332555,51.68582615320463,11.896284825523155,12.028918221012894,10.235603131256624,9.628399918854727,11.442048002766425,9.2900926289159,30.209597502290357,38.12544564793226,24.16506472313874,19.310805851353425,19.89259779267163,17.137409836921726,15.798617226296384,17.077196014344167,20.572976823634328,19.424308400417665
8.116529832081708,9.016873156833585,8.923421111269846,7.371223361143273,10.549133442957224,10.4722486913259,6.790393406453964,15.877743325084442,18.38238306020652,24.146540020395992,8.04811818957047,17.59388136102388,25.348721665889773,21.091586037529325,22.486467179866583,33.56212506621857,19.465058930610542,7.808804668780476,6.1828807102967565,17.396272324278616,19.26355963885523,23.067529904513844,15.762719686461086,5.182500349344621
54.16241637935222,40.14409742892726,6.682434627384262,5.14244751552826,11.287729483137923,6.986181655901725,31.08904571006486,63.72840392033464,40.70365457075382,34.71544145228409,30.487045259795988,10.918158489594369,7.122731976044603,10.466803702546072,6.929003148113627,18.473900601700123,6.001243329319857,19.713680351781168,26.93952273386232,32.376722630333724,26.413655294379154,34.6161893735006,35.110418608343274,43.69855113160037
19.83994824680429,26.21328995913474,11.680918957076338,7.442491041039145,6.997657614008619,11.783324164696944,39.90308023577789,17.554307599904057,44.992972506056695,16.396968069605197,6.322544809924389,9.37043674083524,10.974623153034305,4.52055816766598,8.27754176858876,21.84288366006249,26.40305535341228,39.70158372146012,24.97652949255312,38.30643597335221,28.10906390350169,65.69796925830155,38.622077021396805,22.620531150928333
4.909049093880052,7.515164175474207,3.1411600000000006,8.097437417985967,2.9854,8.097437417985967,9.294449905862152,4.03109736604269,22.814670520055152,80.50479591100363,61.24195666053302,58.44412699880431,34.581809988619796,8.308266472208755,17.562789350688654,29.89525441025987,22.43610607935946,33.37998702487573,35.37235198271747,36.01957965867022,29.89722416409455,41.834717873821376,32.45380054656565,4.451699335076726
3.43321,3.612334000000001,3.612334000000001,3.7765310000000007,3.4332100000000003,3.7765310000000007,4.334800800000001,3.50259228,8.766048419999997,23.02919500346942,19.41933626674017,3.74532,3.517344,5.172334892980857,17.07690400954026,2.955546000000001,2.14887735,2.7928106933777013,7.066829815460904,10.702753078270447,1.2108456720000005,7.606074091893975,1.660968,2.07621
24.85934454720232,57.881795445366336,22.58292912965461,13.143512473840715,12.708790919920046,10.671239280607846,29.1119333049848,62.31508279043611,34.540689386128726,28.48445970834645,36.62378683639536,57.34919577452556,57.05426027798823,22.316792612910557,12.542494452854044,13.902180808471961,108.0825147270413,33.34945232096672,29.154131226385456,30.691880002545567,24.21946557097482,23.136929409547125,9.388343190663974,7.46642358737018
3.58248,10.04130612167603,12.613920275562096,10.057405721328566,8.466080648109104,11.991924216585026,13.250120617824738,67.93398412468107,54.60911703600605,21.427817700965463,12.451588602245822,12.191547541231008,10.470389260439218,24.200086837839507,12.853710819642385,26.320827644037802,25.73156347691188,15.507413488872691,29.22358850570435,40.84175785720656,28.989230919706387,29.66811036860033,4.8819999713530535,4.051035411781547
11.60336463394809,7.2559223626542835,7.2559223626542835,7.415163709085415,6.896124559547458,7.585737015502202,24.000642911555563,73.54054421176019,39.46995747327676,24.85274056611927,6.476360455922829,6.846390535373599,4.682120082895059,6.394588227944006,11.967395825382388,5.9366637512625955,2.5693098750000005,8.254447693946558,18.407355348434702,18.12078335680838,14.566193282172616,27.30109124486227,31.20749475979034,20.385247636082298
3.731750000000001,9.749250953791677,9.749250953791677,8.808881968868896,7.253429014126445,8.255475266649023,10.111064520788648,75.04851525912147,54.8274451507116,62.18443081847238,14.641802605756478,16.899419963780353,17.22008668748091,8.591939420584248,7.1599495171535406,9.165806791966562,56.77750930676712,2.3382799627690654,25.82636889691221,10.977729620565864,25.98982084898567,29.766019275423208,37.5975884558464,20.678016146261907
8.946889644591332,6.943027611952594,10.763091903191071,10.586464752919728,7.592551201192671,12.324532421947996,11.592161461865777,28.173149098174484,14.966406358986228,25.36161817825037,18.864083322040635,9.398859266767506,9.99415981250456,10.868387525173114,7.581722647861815,23.1120427339367,24.55041461541156,9.776265913333845,2.761763027584269,4.231493686036319,3.951538261579055,2.950430540645405,3.771064333660028,4.728047288889901
25.96892884871461,47.65539953001389,4.240566000000001,4.433319,4.03029,4.433319,5.088679200000001,8.6859293997835,5.3987206437339,4.679468509200637,5.345648781483667,4.39668,4.129056,3.7371779999999997,3.114315,3.469554000000001,2.5225951500000003,1.7981058229200009,2.237181014093336,12.171934730627108,13.552276298792773,33.21597934432965,33.18594892453717,2.43729
3.43321,6.594256321803307,10.112437218033028,3.7765310000000007,3.4332100000000003,3.7765310000000007,4.334800800000001,15.006691553779753,12.43298776377654,2.90730465,3.224232,3.74532,60.285825900545795,18.56275244071479,21.854620890710812,14.952967804904388,48.37281738455812,13.241053920509298,14.4922935881853,17.220629396059646,14.024288798452137,20.3552657934816,27.51912987913388,20.87985917715348
6.924011546136712,5.566592661228446,9.24946050671797,9.669890529750605,3.657115000000001,9.669890529750605,9.626205469865754,3.5161017371225225,17.500698823816204,24.62326191608102,8.198493090010544,5.007833468925728,9.006236526451154,83.78229399745491,12.469450511802183,78.35407234777128,71.27909777910074,50.87108980454795,23.83835656284453,23.833931537026377,17.32330981141265,27.4706153142744,22.26286909893156,5.033947984522402
3.806385,9.033539605731916,6.976401176114316,7.054549795830597,7.499411290084859,9.444155042356092,10.8402475268783,6.168190431616287,2.57865282,7.270438365251817,15.303431893232611,9.791518529953928,13.607761799693664,57.326989412550546,13.772755743076095,12.644679450357108,25.45046989404405,23.732492993195734,25.9843619997064,27.44819029570488,22.11057364257564,29.349288526656537,24.926907007722445,2.5646299534447725
6.292713973796157,8.959125868888242,6.863491317837311,12.154669935124184,11.049699941021984,8.423499157710868,7.384997321834903,51.67900486927734,78.84696321932614,64.8172675891655,46.05285260273898,12.224699875373696,8.487450481843977,17.050536485739478,65.86848387367122,17.82378805603549,25.850903012247358,18.13480886825769,19.935842476459925,28.45383508545025,22.743389219602907,23.23708307575299,30.878495340209646,43.28429326046509
9.170622486906131,9.64908974709254,6.267529896537858,7.368248492143679,10.587422486906132,10.087684735596746,14.869385243401616,10.442949541867447,11.936778417982728,7.765849860502782,13.11371683073672,10.278047772001113,20.348058521457396,54.46968447935087,46.09562731585687,22.673320567399585,26.908471002188808,41.13993683251283,11.162032748344554,12.97091579112503,28.3140407082934,15.293426765438962,19.81407261056526,20.3145292278898
3.43321,3.612334000000001,3.612334000000001,3.7765310000000007,3.4332100000000003,3.7765310000000007,5.657282400000001,23.068594740624796,20.41493131531036,38.62818955919202,47.71714536286937,44.06835756260045,67.54203220994259,14.19569742786417,12.313683844463094,25.9522245334485,10.439948673055335,15.446281099899226,11.929863136787356,15.129288195853734,17.862351540393455,21.657917501790944,17.739101194276298,9.695476856888137
4.418645,4.083508000000001,4.083508000000001,4.269122,3.88102,6.488564500000001,8.25567238872607,4.864623935765122,53.843600452879286,55.98753038621388,46.48763150928115,41.82731240429411,19.59641905815618,9.793472726166646,20.851464538680606,27.963413560893443,37.19439328016982,25.278088139094272,26.79218858919229,31.853047966806,25.476601199303342,29.56253611759469,16.5474648939451,2.34702
13.52089674374994,7.204032495990133,6.943644862924125,9.437052560518202,3.1346700000000003,9.437052560518202,9.894699633905,10.241447938823978,10.42810549765496,2.65449555,4.803160817925881,12.373416755342127,22.277054469564714,9.146382029220732,5.290715075004021,9.638409843486066,13.544515306392451,51.54420545446286,51.854245027198935,2.914158969921561,1.5419612868893071,3.7354858428554985,4.150539825394998,3.3922630826107945
3.806385,8.512743372407249,8.512743372407249,8.899686252971215,8.090623866337467,4.1870235000000005,10.2152920468887,6.459619947432351,10.223814296288008,29.29268249316684,15.997479018331385,8.826135126913599,8.288892119188423,7.502214857876559,2.9412975,31.07008382105048,55.48136778216093,21.45195728998795,41.05099692608693,20.24247589164127,14.394110859226949,18.79697659514136,24.940113331518123,37.129725682943054
5.642460636315885,6.151502207673644,7.654068453045196,5.1367819888772175,7.886553080701967,4.1870235000000005,9.957630498416746,34.36186288072297,29.566282548066663,5.814686411709464,5.49059701180788,7.935848583923641,8.079820389399009,6.36712843794273,11.140506621114445,6.789293521647781,5.158133713387778,10.342885976490894,30.05680954531489,31.39441806654474,26.234833849838168,34.72636583492274,3.5193763285226582,2.548630342429803
4.327438874852413,8.076045502484407,11.141549319690906,4.598222500840042,11.037849209942651,11.977083880516895,4.900209600000001,8.257149997612713,47.105912754235945,32.79230513312388,11.35138011775186,31.0515308079332,19.515452595433416,19.053699762490982,57.38238232878643,24.73861352587565,17.499984606586505,12.803494142200996,18.923058284337863,36.83889250834548,21.73510763759641,29.435933181594603,34.72884899323929,21.56705513325377
28.830639787439875,32.33884817123987,16.638352885992745,6.956439800386461,6.324036182169509,11.61257986459991,12.330822080195306,11.547607478071948,8.024287742185189,9.06523358030563,8.930557965189841,5.605895867981519,11.179804173718594,12.110777818138908,3.8563538658382175,12.352900321740291,13.174070511750037,9.132374209917815,12.361418704782468,14.75944717932884,12.32819103928496,17.200397298324834,23.123338540714528,30.2223642122507
24.955357545073586,10.496808164251345,7.976773195566281,11.1829665339811,8.535744194320822,10.903159480468824,13.811334620903596,7.741433310602796,7.104286217766975,7.296501510533477,11.107083384669576,9.619397068751574,18.89008911818108,16.25643317121973,5.590915366801915,6.493090478248434,27.116100614629964,25.44567166944691,27.000936772452484,16.32942076969597,19.20027061060253,17.824723394030848,20.52656252506421,21.593542044235843
4.049558536024088,12.506909338357517,12.53801823648445,5.146295521321364,8.530910728152543,14.307777070209088,8.642822679210031,9.143509098184678,8.81169873778497,9.936990523748635,5.40416885611762,13.197920306087992,12.394568635282637,6.092477751798429,8.535915188913373,6.774215545638747,19.78768373395778,47.73614488768942,36.920400729099526,36.70734394666113,26.181167462637195,25.501133578658926,18.745003453231604,5.91070534321581
3.657115,14.951826329867831,6.15709505061179,13.96012952501343,13.19748904528307,10.63318604960222,14.958028207358469,64.13756484025481,16.416467149298164,30.25527019808974,69.48022416635342,15.502269222552666,9.557504449341753,11.924585933838841,9.153024841066332,7.66109858223327,8.711313570656438,15.582410259604975,14.469255993751087,24.26824678577985,46.22449939222654,18.134045134738592,6.874919394349446,4.272371172882674
3.43321,3.612334000000001,3.612334000000001,3.7765310000000007,3.4332100000000003,3.7765310000000007,11.055889313132315,8.830910277219873,13.440557708568129,2.90730465,3.224232,3.74532,3.517344,3.183522,2.6529350000000003,2.955546000000001,2.38640985,13.562001786085675,15.150984768336354,19.464504680844254,17.197086752250332,21.87069689622976,1.660968,2.07621
4.03029,10.374955214913196,9.015211773132757,13.405334019668812,6.500467443162519,8.413658893211846,10.491915701731998,11.715177255769484,35.45587703602527,42.77592889642988,26.137953054640803,27.324423770553704,31.558130461791087,23.702444818423213,13.494445823633084,72.82241144583027,26.511041033297232,20.92243810552057,18.555441161026717,20.823784132976197,21.25664469746454,30.58102617247956,71.10934450669048,33.7308574827842
16.578297438762593,35.08919193502773,5.714451968405419,10.229186857207292,7.00396290122576,12.634782014296537,12.172245601880968,18.063777989098643,16.175267399065618,9.726693757286958,5.339583887897471,10.15455538774101,11.767644621292364,10.65080797899378,3.6455315275064444,9.471463257856827,6.5834646159966255,4.1528983623690525,6.101253139670755,14.77890111488953,11.812525831389376,17.188119485002307,15.534586389563232,8.689830982460554
4.629385750377114,4.240566000000001,4.384716984545207,7.447385040490677,5.81132902392631,7.14597843644161,17.81072179082006,13.645902325228928,5.870258142390807,5.965288774288243,4.428286443424888,7.684752044171649,5.2519391012507155,7.846470056515877,5.336560063524748,5.592504863302132,8.83209769173927,20.68718285770372,20.111734860890785,22.071266581752635,46.372358958054754,25.5779521695848,19.6004663960616,25.960428750262626
6.4412336454122645,6.025321507140551,13.422720744291118,9.840005734548177,11.08952499273936,78.7726969423334,65.13331016908866,38.180804398846114,27.283710600511284,10.802970720738726,5.580915741314059,11.985829052408947,12.06225675515122,11.829339919649493,9.857783266374577,4.438575619691926,6.876869418819634,6.52206021883458,19.19836831443816,20.3997150293601,18.56429902876777,17.517210261240653,19.003788206289485,10.342729719902934
3.43321,13.525855696101829,13.525855696101829,8.095042024788125,12.171472063450317,10.154775376521632,10.154920780183469,7.450675873161487,8.914357285214333,9.812678935648238,8.059565147414355,10.270472385315395,13.484509673839652,7.921878100894905,7.036231021662286,18.18290558700533,13.17263579324088,28.25176154457433,31.824541967811744,25.677128825438487,21.80481828415597,19.71375832243047,18.53414007597957,6.3658667425655775
8.780882550364218,12.298828102634229,11.563678845408065,6.134650724167632,9.794306728566784,41.29143133805288,24.33513850486641,4.969912236662169,20.89160979983305,31.052814855798736,81.28184798455896,77.50871864385886,67.98871286362372,22.137548276418208,9.032385026540167,7.738014757297158,19.69997529118184,8.120334497791903,34.479423303683774,19.811076383144915,18.17062721033966,46.784124122254646,20.913323918545306,5.519541571747393
6.4684202899731575,13.073467385370298,6.823255600942494,10.758842477549884,10.47878838949168,9.703294894142498,12.015391981062036,10.686810720406474,15.572313161415137,10.521882118627568,7.037058950194778,15.03107026440847,18.59776055309346,22.17892292175709,97.03483124937975,50.43136215402032,32.91183062959764,57.99567638958045,4.206613401506607,4.36154091816521,4.529295793696348,3.095411111717792,5.3715608080587325,7.514051502485555
4.892980240482446,9.859455461963828,9.859455461963828,5.116615684401522,8.662693638013135,10.307612528416724,30.418418457332248,7.16436048647503,6.3481263274183,5.337621699247992,7.249031402096692,9.1928064392863,9.60019104335471,7.157503227827793,5.052944015459884,7.785831958934979,33.196803509174025,49.98017504036986,21.95311949056433,28.901567832006943,20.780218655007552,24.061347188135457,3.1635823401140155,4.097169717656772
7.34761273588644,8.571596441662352,8.77502169472202,13.267057471212995,8.890771538671489,9.77984869253864,28.62629563494111,9.601803955026885,14.009519460088484,19.757714481988167,30.673576070758617,28.81393508373624,21.518025959518365,11.539698811611494,19.403866487097197,27.779329130734414,25.308322864635795,18.660290997734943,25.63567083208494,55.928471106801936,25.28713159269252,23.869574116562266,6.517644137522752,6.560236579889526
3.58248,9.878849977184611,7.800648112234115,11.34880333268217,11.7611487106853,12.169800355505997,16.41694808246329,84.55265135069105,40.51386956434205,7.172184294619703,9.210621242783146,11.221967322106751,39.272345972332566,42.60602857746525,10.636645839166816,70.1397848992996,65.9731518274946,55.54337942616678,32.29949374872107,17.325754560045084,13.136793618791607,47.985107848972376,21.74575445481363,36.74605973600603
4.70074,6.634170294941495,6.634170294941495,6.935723490166108,6.305203172878279,4.433319,37.29252575116969,87.16931562825656,23.75724851895472,26.663812624099226,18.42509521541476,6.878403461321758,6.915953842955537,21.37063995292972,16.5087834095463,5.732957658633427,5.90859015723508,32.018272272823346,24.92465211575661,21.97746831999092,2.2237579329433195,2.745380164127555,3.050422404586172,2.43729
3.88102,7.4403248312344115,7.4403248312344115,4.770464773496049,6.38773386748024,7.778521414472337,8.065208326592444,3.1156980204446123,4.790540626499822,9.522366196442904,3.7840159480679336,7.714236113526283,4.676530696138209,5.7118616403552425,5.4642505804144506,3.341052000000001,15.07874958596512,15.450255725747915,4.660800726718988,5.501542747267397,13.653585712795902,20.3254562039252,3.421096015563831,4.276370019454787
6.14038959522015,13.352756442664342,7.623194156106815,15.002496340287246,14.670864242552735,14.201727778383912,11.005118984003156,20.0316147136919,19.45711869706561,10.304663978068712,10.21929686570189,23.4359056086868,10.92236940036864,11.963046848216655,11.108681713391064,4.725872776438023,8.631763888229187,6.545376740086419,5.448089752385808,1.775897462271091,4.868829029282091,6.387914644109124,5.106402714796663,8.872103672373784
3.88102,10.005676064362753,10.005676064362753,4.269122,9.509526838030714,10.460479521833786,101.38740640279217,36.90402495607036,36.59771456002508,87.26778221773618,11.579671589168036,9.2576312273332,6.859347313078185,15.909405386223048,17.38543283825121,31.449139744213443,18.579773098806665,31.02703152969959,47.95279523909522,36.24221291839408,20.48965231992852,25.14981375204872,70.40550795359391,40.37577713159778
7.746196708743891,13.825163088370266,4.51065755511218,11.399590516314028,10.624970845439634,10.84872060073064,24.829449768121638,27.00126967919861,11.125598718792654,11.435216773508278,9.262148813272008,17.099905684502843,8.812591980459018,9.145202489872107,10.294026533812234,19.691259755085678,70.0895383928679,52.77878731356255,48.40039955016024,32.42325785493128,25.167252046125608,28.07307785920475,31.128914508117745,10.925797387916877
6.916056024372807,5.872139486661507,5.872139486661507,3.2018415000000005,7.806120696455653,8.58673276610122,9.856075870655314,5.608188625575357,2.725633927313792,5.479780514255166,7.330965523627919,8.515768032497075,7.997416934866819,5.794070609742622,3.280893369914207,7.352977753363538,4.189547446453108,1.6957325565404178,3.117493088922772,2.566734751769218,10.590115722744995,28.695059197226183,15.033417879727423,4.182437042407271
8.353565575860856,8.789403779818814,8.789403779818814,4.269122,3.88102,6.281767509137385,7.980432292245045,6.0014920685010775,5.6591609701195535,6.729639129681311,6.12678162391646,6.229852075177571,8.349997938649981,7.746033533980064,6.455027944983387,51.63450179255616,29.729119648889892,25.30235990788063,52.47900422608285,23.275507589815103,33.52208916330139,13.023910140246866,16.101192233391977,4.068218818450226
3.806385,15.656801519817062,11.32643919256798,8.726599391782063,15.134442823139953,13.531825131616465,95.46641532574952,27.502287184654797,52.502732587454176,47.627371218460986,42.66867550605106,39.54828024421755,18.43407265583423,15.42069900146758,6.961672556534834,11.517198139515124,6.644115505287272,14.231670053798023,19.393075882873944,42.55942221335134,10.880339126964152,13.205258210645331,57.40406597431408,30.294192623826937
8.013449682231109,7.631485782312867,7.83062077085565,8.186558078621815,7.442325526019831,8.186558078621815,4.617505200000001,29.588617386209595,8.413563951349927,6.302296570443157,6.98931440704471,8.118900573839815,6.8491125006935665,3.9176313731645758,18.33673314399415,26.36027722549172,37.7148879135489,16.38732581067032,7.931064183699664,18.372990586928974,16.624504062921904,54.28049306772451,13.115516659877372,26.33400385435336
19.01186677814352,9.28376827629494,9.28376827629494,9.705757743399252,8.591223323844806,5.874576435849813,9.38150999208775,6.339049049483369,22.40938712274119,8.445731192448797,8.55464021661719,27.705679854457017,30.663633019662015,22.63018222124216,6.818094282553193,5.19715776315107,4.214672072877448,3.936549459729173,13.649940098508536,14.608854696333127,18.198810326047443,23.516249776219404,13.354026692851544,4.593159649548488
9.626488470085423,11.737138366268876,10.708649496183591,12.672544728659313,14.176787976325892,10.902448382871569,28.68993288464825,16.872311134923297,9.938014842735866,13.203227163408869,47.218411964485306,42.4517270086581,12.87360017181761,10.395388487987859,8.23276689750977,11.21281158134431,53.254413517489866,11.282667049520642,32.518517824914824,18.897137432762847,25.73248630488917,16.720448635559826,23.265921105977736,24.18052528986148
3.43321,3.612334000000001,3.612334000000001,3.7765310000000007,3.4332100000000003,3.7765310000000007,4.334800800000001,2.4665374800000004,22.09110349252217,108.73411701829676,46.77777182663032,56.90702803164636,53.33454855580886,23.42760336718943,15.14866252672774,12.881457634549706,2.14887735,6.494428531667419,8.756815750517697,23.71918095725816,42.53736976165621,1.4948712000000004,10.999503560401076,29.120173114511765
6.544260298797018,8.744586904279654,13.079921876526322,12.06979550436392,13.254297054080975,10.872594938009872,13.271375837212815,9.06873728501206,6.352572836327463,9.613786231134853,3.6147982099092193,13.14619944690326,11.758018127052628,18.37007131679289,5.208630218936402,7.531293342239548,20.595320837792165,40.39307656477729,18.97565904945316,15.336314773347052,15.211726186864968,24.88060352364109,5.88149348584128,5.977387802786597
7.148008356811771,4.641881417607733,6.801181296842528,7.862809192492948,3.955655,7.6119814287434515,9.02513750790495,5.269132423751414,27.92520775245568,34.02443195458029,6.712912195962359,4.315259999999999,7.323176941049846,6.628153203589095,4.089346517604259,12.854449264445613,25.221129935526967,20.52243997715978,22.320881639473978,26.09794183730834,23.50475350257848,14.581449889056683,23.59792410156325,33.112924946715424
12.207177572692313,13.929527425919362,13.042663858516397,17.403302790348302,9.636752963752308,13.218663358362244,20.11876031977682,6.348351433521725,21.142955491973986,39.10696712512523,71.58972954060424,26.013055827109937,10.010493272160954,11.143005475644204,12.22546063784797,13.619976096794314,7.538339585380467,9.451991925096118,19.746407383236104,21.78134556361248,19.451817948831824,11.302703974040211,4.662207757957638,8.013305300893586
36.616425130782666,16.21166828487051,4.004979000000001,4.1870235000000005,3.806385,4.1870235000000005,4.8059748,2.7346393800000004,2.57865282,3.2233160249999995,3.574692,4.15242,3.899664,3.529556999999999,2.9412975,3.2768010000000007,3.190061475,7.586346130071866,11.9932232276426,16.48874867640864,19.278430116190474,16.899706843779963,21.14594882426708,19.24316781212299
3.747707655902894,9.567873116653676,14.846663106785725,12.605182727996636,8.946584513576598,9.180363561682812,16.53949960470469,20.55272470686351,23.141443463754463,17.407859971026358,14.790484804547692,22.98554874584489,15.233522612360536,16.97716424776542,7.739118774752828,18.33466881299564,26.38911352474989,18.07033447054654,20.443435500944062,24.556179630273803,22.741816110507,23.50492240540901,25.72499291166306,38.443441543997366
11.38634743478558,15.18866902487582,13.072903311669169,7.382895576433175,11.677820507106071,12.74389283295968,44.78118883019054,69.08747792671721,27.985566711188618,8.485390926937136,11.14410555783592,13.505704727241085,21.09025790329396,7.870836502097357,8.855085332106635,14.366657472349136,11.77768980690057,37.26827038700024,33.95245599406175,29.062514248216743,16.296787440876017,48.86648941513987,24.61075920032216,22.04721403112797
10.061272531194655,4.750083302110704,8.747439001217428,8.570402278363737,6.6832203665665135,6.62078155750142,44.25883586169276,35.56801845045348,29.064642695410672,18.82932709489661,8.02763127492093,10.012904329256278,10.307833360022352,5.885995313793448,14.561291225145991,16.072713547801953,20.77562554418976,23.03023602638653,23.411955957635744,21.95500713357296,16.458961992393682,16.68038672711835,16.01137207521696,23.952944800033737
28.457189981212927,42.54678043378552,8.698320020266246,11.826294378308564,8.700106682368991,12.323130046545463,9.27398752746231,6.957506000480795,16.220353146973487,33.151463101951464,39.94638394807185,4.071,22.243764055367212,26.230392654219557,21.259663548915505,70.41450059876838,47.40653863229363,17.820699727957283,43.72042113506082,43.66133420379138,15.765321268265437,17.64257110366852,25.563221709955467,66.87000502132962
3.806385,6.566719138329661,11.6915669089173,5.823690810599506,9.623940416194577,8.515919732335076,11.5140459305941,7.983117834832621,9.043904105356832,11.804621208728406,64.51859313797844,23.797134706796093,18.877303335079297,5.992493699837254,8.244247967514772,16.10703373716097,19.87232147496266,18.669216143123787,36.29561987428298,30.77622373332002,16.76734999049535,20.43440849838841,3.942044558290542,6.719796157266515
22.1890629080626,10.84223871471419,13.24635198806748,17.140615576955398,13.050688394902142,15.009141345173312,18.02713886803757,7.966537689431061,8.412386346662911,13.60355350269073,12.001234205711436,12.212658232050948,12.621245397509862,11.744710759840785,11.569900584071599,7.333988507232785,8.471145822767676,5.1992000296302585,4.170752147530227,4.688003330749129,4.773306515785614,5.892971007142733,5.164684845987966,8.461007640733596
25.987262929507068,3.690863000000001,3.690863000000001,3.858629500000001,3.5078450000000005,3.858629500000001,4.429035600000001,2.5201578600000003,8.769720505704843,2.970506925,3.2943240000000005,3.82674,3.5938079999999997,3.252729,3.768473661211052,12.300465892165887,18.723623594245375,22.085175898674716,14.38863269606491,10.866321537541268,27.91051256990708,20.552135213143988,25.23693848982337,8.660999535826148
7.458600153229245,14.60247189824956,14.449855950818728,16.82585212269615,6.084248891862135,17.00053047687928,27.82477941752305,17.500669827259504,18.61112678370229,14.588340451926632,5.721673048539799,17.94471162918996,17.694339432854974,11.365475999346927,8.007261539398984,7.89836007932173,14.34472321977358,16.631741426116832,28.76438787999181,32.44243199906936,13.72012488446656,16.367588578922483,6.429159358110522,7.7651090832365774
13.782412441289376,28.921240350846094,9.109132095139916,12.891934816705588,13.517654003364695,10.611090815955588,27.971773694648157,5.43471172512323,18.93353781478868,36.881159072202585,31.107779527261897,11.710754581146748,8.576644772060494,13.183757141240143,6.521203388357504,9.89697750521416,29.624498899691822,44.15272795704471,41.68661999719967,27.854127876579877,19.853649255850648,35.638478994748304,40.5043986286912,36.15714173382888
3.060035,3.2196890000000007,3.2196890000000007,3.3660385,3.060035,3.3660385,7.936486800000003,22.838336313184183,27.55727423928916,32.60588941627076,82.75142482424738,11.411095407785458,3.135024,2.837487,2.3645725,2.6342910000000006,13.360667842172973,9.23488346976788,1.222071543,1.2569878728000006,1.0792320120000003,3.480541718957864,25.496242522203104,11.607099438037077
5.196072178277464,5.46717159627455,5.467171596274551,2.955546,5.196072178277465,5.715679396105212,3.3924528000000014,10.94721557266694,5.207769421423416,12.436155569290255,8.123029523947531,3.995634257451045,4.180872196331837,10.405180068413586,17.073180851863928,23.653440565457025,32.666085758645075,8.036358622919611,14.834423163063716,22.15008721630741,10.595740040725628,16.13772428207004,2.513830966882061,1.62486
9.482464610519353,8.891343186447099,4.819373031074517,10.43071107157129,9.482464610519353,9.5688712438377,10.194659747908554,8.439957436173941,14.168212171463892,9.296897842492712,8.90527111248774,8.937214382421272,16.23706137108958,26.810944601750688,11.69445164346214,16.607288558752174,17.01078961644973,22.385301769682776,41.89605135465749,31.956564158051048,15.951503283007838,23.07953507079703,20.043262578936123,10.466664664799625
13.80198094355792,4.475579777957471,6.435938667744821,4.269122,5.992591145748909,6.728481334460494,4.900209600000001,4.126812251522571,3.049948013746548,5.8735391396469625,4.694629091390251,6.401870267292997,6.266699108487818,3.5987639999999996,2.99897,11.157568888569422,24.54926172076556,28.041864522718218,61.117676272372925,17.97628421347577,17.929451432324413,26.87794804422104,11.155105620033808,2.947941432782298
7.275814288708911,9.938166818239086,6.964747575192707,9.029888132995588,8.004396120656772,9.831328148138237,11.687926642443196,4.179255002697995,28.439840415829583,91.55215781022152,25.580563812284687,23.02274493450728,6.305103685044395,15.68456950608645,3.317958085916214,14.692182251548232,17.415753440684117,17.159524090252724,18.488548690891346,18.41599152156774,13.401230041912036,27.407071531771404,54.50173495217666,28.458653505861683
8.369018267403023,8.151024012553185,5.968895058577825,7.380866787182117,8.369018267403023,4.1870235000000005,10.56679523849495,6.012593819589895,3.2811475123282507,6.033294794313002,7.859599764169797,4.831158833167392,7.724209772977998,7.760362393410078,2.9412975,7.204633117155648,5.238244615551801,5.2326732138110685,6.846811035423957,13.94793571290116,27.268429581231423,26.45043599924536,46.44672036344229,15.49708232281604
4.104925000000001,9.989721611649497,9.989721611649497,4.515417500000001,8.02451664742114,5.862777128801018,44.15673766150916,22.38145353288112,2.7809001,8.039999649465985,8.91644573601773,8.797719454545312,22.49363300463428,18.954440219391984,18.17436151198565,18.248014580754745,23.099495250966427,14.286426434073476,14.143237112015784,9.615033817585452,6.702202196703071,4.13398847760822,1.9859400000000005,5.74165066334475
3.955655,10.480743151167134,10.480743151167134,13.784358106463054,9.528543702634924,15.123089459915954,14.012816079121723,20.03693814642375,50.49722513464444,38.38720001176928,7.666764277742304,9.203624823527337,13.956969521427913,9.436130590190672,10.948823776604746,14.881456433604518,38.53080504199987,25.234956190254,46.744934176006005,20.493914734557418,24.24954093664581,30.23484406241848,28.37754479301317,18.506924849736112
2.910765,5.243303869886443,3.062631000000001,3.2018415000000005,2.910765,7.151435863972189,6.291964643863731,2.09119482,15.6407852201894,4.219953559743879,12.246925659124694,19.252309756942,95.67222022563394,24.78105454477022,12.212364226229175,15.05764915822712,32.138731037925595,20.866652232880856,24.345971190929465,32.651736535763035,24.28335206593487,27.51658944806502,29.55716552172317,23.106576341321883
9.453338150883464,7.971070875501478,9.946555793538256,13.214135614728477,8.315317728696254,14.027592837360997,37.38338482303639,29.159638178740384,25.805619665510907,11.007670409610876,32.710179678186215,86.80827510655435,21.276471809377735,12.053487727110143,10.04457310592512,9.91127468692436,7.228286182237356,18.45319078518565,20.401633610935757,22.850230583106303,22.879002578398133,28.398138547233643,68.48589967738629,28.84868739936569
6.900697946364078,15.339463280143576,10.836683885811974,13.720098681717346,15.4597001008787,11.027500245267094,18.06143640420593,13.157522611414375,22.264287667241664,29.12567681848822,12.036915557426068,10.170648213962762,13.203660452372288,14.335358275360251,5.332357504008606,6.191082880199209,9.676366835868166,16.17872356893716,13.16249350404006,21.15283171312645,22.97260327408999,26.937920887683177,27.995042506080697,26.316476954409463
3.507845,5.229382611415244,4.530055515317407,10.066557602670509,11.278295104609589,11.821232861970543,12.696904194832154,13.218348844747227,24.74413912359552,11.509946364748997,4.75215719136661,11.79363354488162,18.117569037105408,16.978378959515297,25.188861969152313,6.844453156818794,9.552535384486356,19.28678224567422,23.42906708523265,35.155916898033574,18.88106333688025,25.08150287482863,26.322295404763885,4.634357326485386
12.821759842261136,7.564100244720217,10.324244980615411,8.540433263963148,9.237289602294638,13.540661931635368,13.602703587952396,15.901371816895606,66.62481638013134,54.15625227785869,99.31374404259648,19.14623314806177,77.52397474440455,27.19788427620825,30.580673453630553,19.247619603747644,26.624448282856108,84.05119891596256,27.83306486810632,31.51928793787585,42.92965561999173,51.0032994261049,33.157168457007664,36.66906331084529
4.254195000000001,9.4175699278857,12.228781114380595,12.784634801397887,11.622395273998086,7.618608013153753,21.098288327964617,85.7559297939866,77.9386172819299,61.91066314539887,50.92687250471431,125.69084427975466,76.07823995391719,16.051698979479283,12.071127978417335,25.294430417367828,37.03308642906644,66.53184862290654,31.28032428935588,36.41207074794509,20.2703371945168,54.17737730453391,23.438493575082425,7.0285631498881695
11.696687903189696,9.791266125791884,6.262442058172999,13.242075695872158,6.635033200081506,12.49063769114518,15.630860001453089,15.889407162572784,26.04534295450817,27.99566002160623,22.5892683668954,52.14671774916039,5.189762381580276,64.41295131431593,6.662936216034439,10.069322629702432,7.04276855713392,16.716675680653797,33.014206761188866,16.69707117071838,16.575580843009792,19.161301260462725,22.47132825573673,17.784338804654272
7.400740119287811,6.092244845364458,9.723575228288292,7.128443236583281,6.710487236583278,10.165555920483213,5.2771488,98.57524314620083,77.42043934639808,8.240154355633047,6.302022796095602,8.575536772099085,9.467883918754039,8.569311602390808,52.31543312707787,11.015526276231352,17.257700361115177,59.88811219658194,23.63950822770496,21.40239122633922,21.52644447962179,21.663777026402126,12.447731119076437,2.666701885446368
20.855499628471065,11.504296873315509,11.504296873315509,10.297059628350798,6.477363581641701,12.027219458466208,13.474169150043489,17.131860245636034,18.071013097850926,9.455569472287833,17.625468073080537,5.636330659216226,11.201779675294432,7.221684127438091,6.220637028457101,8.783921515022174,2.22823445333762,3.3313922043601423,19.761931529687963,26.40570291128826,17.48172668811774,29.716696615550607,21.18937245713213,4.709793996155277
20.31661165300236,33.339064881731886,9.769661047387489,3.940728000000001,3.5824800000000003,3.940728000000001,7.26611297117849,30.196812518601323,30.71739420768687,29.54110293815725,63.24580211645602,21.74048269429846,6.7638639797066284,3.3390239061778764,9.953221402389062,12.290366605324852,24.667325791696108,24.71792779175764,17.8159147524019,15.95272586320856,14.84086201419504,20.39966042812492,36.550929724133134,31.44692161366788
4.838313272637861,7.824964227525044,9.316355437846934,4.022826500000002,3.657115000000001,8.180644419685272,9.890278830965672,13.33262375328477,11.215206474847657,22.29378998942589,8.315424688326189,9.65933170866173,14.221363164783892,8.210431952362473,7.775154873024965,7.622472630965674,15.288661369905313,42.96101043577114,21.67021825579846,47.24434293317467,13.244201059717216,26.11774303838342,27.72918025751438,4.497443752108683
6.2127404757202,11.122452517310755,13.82116552007909,14.22252457818615,10.45455974460372,6.991630859122063,16.585398624094907,8.399985293908355,17.401453015683483,31.52390978471848,33.35685280753928,36.021027087735,47.49564167338276,32.197960943817726,17.71336783807834,15.799751871698898,8.679726462407631,11.902965785331675,8.022309944657218,16.053886278272252,21.249984959324248,18.964382377331063,6.355036287218934,4.744176109623812
31.887274073847976,6.529628502740652,4.162037,7.3764763090575,6.830898124310846,5.176290266106591,4.994444400000001,16.5927979262879,30.26704895385577,62.44109864986333,16.10508174207686,6.770013023127046,10.885603100976772,54.69199371521715,21.375638785667004,28.45228462126397,53.50205094579818,16.169293459751895,20.050146389238524,25.56172750388189,21.436501870992583,29.63500114618977,20.377027268613425,42.33034946914738
7.245618622016807,13.654484808326112,5.216185170751454,4.968579330578917,3.4887278269473536,4.322305775757871,20.315614948431847,45.12199146806839,35.03495209516846,40.5903175175028,39.26946992250615,36.41959803862075,16.850829620299724,56.32524309514738,33.21964351206939,22.906633560247723,18.191371333625,13.107437861461422,14.78231015080012,14.79402064131234,6.852905374757653,11.591735027678212,39.972050840170176,10.793712227160142
2.761495,8.453268141705973,8.771960105464553,5.536479215834329,13.411698492123612,10.517958556536392,20.30226763823033,12.97137190796559,17.021668707841535,6.845431353697082,34.97401418037062,29.81343044105401,36.794707082758926,45.90209047535164,16.541689833893983,22.246018762841697,20.187408094283608,18.81236644490604,21.45425626662342,22.66995538369222,42.40415366504185,31.25709067574664,25.68199098496832,4.767875595060548
6.1297535432126455,6.449566771554177,4.004979000000001,5.322892565570627,4.968069271606323,6.742728897533912,4.968947318103614,4.58189073490032,15.1802054635254,50.88287446042314,5.756638110147529,6.687003865322886,6.2799688474336675,3.529556999999999,4.736627737937044,4.276859633817618,3.99824818914334,2.9075383219334423,36.81674450178009,12.69804864152244,14.557876903058345,24.85033837471745,24.983015774096167,29.62178613728764
3.58248,7.622439558967036,7.551609453032653,12.155646773025746,11.05058797547795,11.392148152294308,9.64617376645976,5.2046773253046,7.48627105393288,3.0337092,10.377943490014076,8.52163954672299,10.86519335687389,8.87439868483855,4.07543253823818,9.74842708595388,53.74386938496591,10.683886968583398,7.992628607948369,7.363333722422089,3.3753582476072896,2.1122796292032664,5.346213313037554,2.16648
3.955655,8.065625070834082,10.308930181394128,8.43224439223563,8.207734252165896,8.154002557617707,13.605351817672952,33.097897414627354,26.283745885272303,41.53052615038466,35.46125615644282,62.47218057915216,19.044078181237182,7.87700918308704,4.704148695020617,8.434579239322469,16.12534550723264,9.62202819652456,9.124625035960818,3.589249760546522,3.75394335359308,11.71558240477229,10.577933360247188,11.9596618315802
6.192573210641952,9.14442563086283,11.514899039825409,16.721819620414898,15.700111162470572,11.729736987675256,14.514447691963776,12.767439744590297,11.407624761279404,13.425637274747457,11.392329687083572,15.680871743482964,16.93742090912507,12.906719104651636,20.549010374507084,61.135406523039244,23.572021333600887,28.11494410801936,49.59773709940039,30.080526862654096,27.22529353979153,23.470290920964672,22.19230313785312,5.781262568479854
6.522195827201081,5.535251833142467,14.239113199380403,8.561976630647985,13.533041470485507,10.921884986886074,16.09703460652649,15.87098218646667,35.5878048639998,11.460025572506588,12.709291120108128,9.97633490987988,11.192469775649743,9.957685910351477,7.498170743743009,10.014629640740505,78.67557034727697,41.44439673502836,29.616260579287434,49.44850202707085,19.1728302802928,19.96194007995804,32.54207330153547,11.693084575100944
3.88102,4.083508000000001,4.083508000000001,4.269122,3.88102,4.269122,4.900209600000001,2.78825976,2.6292146400000003,3.2865183,3.644784000000001,4.23384,3.9761279999999997,3.5987639999999996,2.99897,3.341052000000001,4.466576821239573,36.53228699816573,19.09138911845412,9.780806266580433,11.880326048661065,20.921022878528508,17.67695769786113,7.868765185438669
5.670247129763215,9.77602565499936,11.741766142413024,13.728323602773186,15.157454393273383,8.988547118953004,16.46385359457797,11.109164484563705,19.32708440097279,37.147718769612254,39.03640624544567,25.195932985019606,17.882877493657617,28.416755626833243,39.910042536666616,16.936941144132046,16.45811798744355,23.019850132484773,46.03727724674162,37.56266460048755,24.99674672205387,30.69468318235282,27.35671650400972,3.457862985212221
3.88102,9.697954796501568,8.42194416093303,5.336330895202778,9.217064476013883,7.470748685608331,16.30523057282805,20.355983857461972,12.530670861043433,6.367422491781158,15.575083972147468,25.01808323773661,17.67806068072123,23.788252886192478,48.721376052692435,44.16391121431921,35.62804502442297,20.37828139142529,21.606733370670053,29.750276589590523,23.13371513649384,23.38004019828076,28.32347804456765,32.02566707574192
7.348672964162129,12.941134034028964,9.061037939531824,7.456310463552923,8.458596944212506,13.5293673992121,13.126153186055143,8.836334660260105,13.92763896,37.51365622531396,71.19167202820226,26.31849810879315,28.452278669576412,15.793404985943013,70.42646584683882,39.20320035018635,26.498288404380563,35.02046211862775,53.60687520179321,43.34584466224387,21.225000223300253,29.846759550676715,26.436126408272813,52.44179683027749
12.734320232859282,5.428570301584136,8.77914578173257,10.525457234108767,9.568597485553424,10.503765391483682,28.21797673545091,32.82156399360784,40.22276011397805,18.992079136673777,60.5813172295044,30.176711833524656,6.038697908334195,8.87269948660408,6.9715196149767875,102.64743035197128,22.17397503023505,15.564011070251354,27.56873280757192,22.716869693760884,21.01126420424527,22.982454751025426,29.32299522643503,9.547001125580778
3.657115,7.816726585661709,10.395455115974103,8.44170375921944,8.0474544984308,10.439257701950286,10.642121133749818,36.32643202067796,63.970029160017845,20.9226258290747,18.45557601463704,9.606412077110145,7.224733622175666,9.373399848662908,5.7406838748943025,12.792814492293754,7.527000911575027,4.265299265655655,3.968683592929867,3.05170173987926,2.5070609168036926,4.060947055791508,13.945440877646307,38.32707223997205
2.761495,8.494786447442792,8.494786447442792,3.0376445000000007,7.590642606731183,3.303247618370215,23.65813973693135,5.800324432129944,3.342974938582941,8.898455753623514,12.039576184019502,21.22443781628825,16.539196482467865,6.814699028111379,2.8802053119493647,9.495358515384693,23.153019755704975,23.322328440950965,23.04466681357263,6.715066921138726,18.84888143462902,32.37937725742519,18.52306287986047,2.838152444790311
4.17956,10.346595088111965,10.346595088111965,8.838001589666584,6.235553013171678,9.96879774691101,12.41591410573436,7.1919925370232285,13.44314967620032,25.76892512091436,15.03217914417306,25.31498152494827,9.122104080619405,70.92378300780494,6.296301320162114,8.465395981182516,2.6160246,4.3872145546914245,1.6691708880000005,4.039379129639164,1.474072992,4.281671355771652,2.022048,5.946765771905072
3.358575,12.650876157228042,6.7912714415272,9.558418800137858,12.023559984142349,13.225915982556588,6.7121790108325055,17.136610884957733,24.783647059212665,17.482571272676097,12.73075522390079,13.116610891791655,11.098282318435055,6.493501456364931,7.021960402764418,10.350716855913852,23.86796273359108,37.01742157455541,12.735926868769182,16.385197029348873,7.492573347105522,13.073752597502471,13.24359758719892,7.363126187172053
9.206941326715237,10.975729777141382,9.205245026011267,11.60491855955268,11.451926536392738,7.919868263198558,16.77846935646881,9.547087728866757,6.237284251516538,22.25618712350468,13.570361357910148,25.55373438777564,19.75156758590987,25.799757289832584,23.417863266713542,23.02864951596498,22.070309768294265,20.452036371675028,22.18429414655374,19.705747555488028,18.184611417115352,23.9818742171306,6.429015305634178,18.57938049088987
5.189075077778214,15.856697711913908,13.297980395450326,10.199062056311744,15.86286527407848,10.176336075401393,17.311353977774036,9.008663087546196,10.585543738755398,20.84467721251475,116.02115500894404,13.745179966010085,12.846578377962482,14.709202345054587,7.634919577350182,12.634013788699557,10.138570920911109,21.46830709409269,43.92965407509376,18.727994913728903,15.310765889677391,14.069178443434158,22.34253294327134,11.343509599287186
11.380312293637193,21.235182065319485,14.44758632708786,32.34534580727505,8.623310165902193,5.893822627735003,29.778447889000503,31.674317030358463,22.26105796688439,23.15309874469428,28.34073044618861,53.05357024289818,100.8183064783796,15.087439659847636,4.465382459625768,8.230690115238147,4.055836472026437,21.687609753342745,22.80920237244336,9.270701900521772,39.493802718610965,11.92427514832794,14.734355077992983,19.81090743994192
7.220963952696827,12.382119738484455,11.08965055601111,8.486086848982655,7.952337278365172,14.296161144637704,47.16055809525114,25.1211063739112,7.435308074367749,6.20196366727726,9.733399230976708,10.398199349964855,10.061076827124523,12.051309394653266,7.330750474863129,14.419392029242209,17.057869734182617,15.944584738513244,24.87232800664969,32.5358077899211,14.871635045583286,24.336221871440905,15.025864186764624,4.891164871398144
3.88102,10.749047865070969,8.360030348607996,6.373079519101259,7.945483389172888,12.103884506767306,223.64484096641,40.7197105928611,32.07982457483506,3.2865183,7.686378285704393,5.016303540161624,9.364920380939195,3.5987639999999996,7.063433389172887,19.82504603038278,76.02513135195333,23.80349001281115,50.61376056376778,24.134342659189542,25.6173248210332,27.348398814734388,18.969301940168982,5.527904391526607
2.761495,14.9104568691796,13.759604885641489,15.072563435544058,5.300245257961004,12.74537569907981,16.232198791360897,34.54706555263802,42.13679603661277,30.26887219444553,33.7208191745511,17.099350881665966,11.948242220761546,8.724526318000006,9.116843224642395,8.805370194065405,3.4888703833112698,12.267596438715197,14.212730023473537,24.666865187472965,17.13559294436544,22.359827365551933,25.82510817906089,5.471688155028293
6.248403383174518,12.97758487716118,8.837576839212346,8.28060018760325,10.798770308651632,8.015447867470904,13.64156778916236,38.0163772884696,75.95786779399884,74.1197337428878,24.518701841006223,12.682436034378062,20.855517880093906,15.021124798003337,6.78614218568424,68.8082321369927,54.9094513665939,22.07570294792677,52.84784949089298,29.16673661074378,16.94750947785081,30.446187826784467,16.476165017649638,6.306601105665498
8.622059662320124,6.290077535434026,9.071906253397698,12.612118779233166,11.465562526575605,8.770946015609077,11.642162894930106,8.237258921266754,7.767397449821944,7.394913688875911,11.002633081655723,9.405883267985589,11.746536786120146,10.63170343373374,7.703319502856658,8.359029333183695,23.888147785973626,28.32017634769504,20.987224541064684,17.10903415011486,17.7475900590333,21.13696745007229,17.391020925142836,3.615258688660428
2.08978,7.772501446455551,5.239006243521211,4.682546668215493,4.738434075794992,4.947412075794995,9.327001735746665,5.307141070298823,13.839375035432694,80.3207373876757,39.95468214948302,21.414462176970204,20.17436425970533,18.705779868059363,8.587119761615424,3.042743826895041,3.870092600011775,2.1140428860477853,1.7962039083402108,14.423125571470155,15.30682421135759,16.76584888990391,3.573832370571598,4.467290463214497
3.731750000000001,9.336496766194282,4.848384866580779,8.201249236739592,8.55095498439952,6.273567242979784,8.030705519690802,13.918423606408558,9.113680822158653,11.611702152698324,3.5046000000000013,4.787906526604887,7.8628124281736245,7.929067349170464,13.9564692612655,8.73357434901556,16.68281629091312,26.44926781634929,27.114610824019675,30.72265443601416,18.424873323156,20.66209538837046,29.6920736942077,39.127874212696
5.749362655972388,10.171929162096276,11.419961953882847,7.992894290465539,8.039662192462803,7.264559532372432,21.251321295329017,5.1689788837831925,7.99866886941082,16.20118279951071,19.288906571811783,8.6722972924744,11.933304153838332,11.601632751129571,52.06285828389797,37.90588564999571,43.54693420475887,33.131630346363124,39.70668679857065,37.10494886705583,31.71786931217869,33.00948910858487,40.08559807672584,5.862965116644282
3.806385,10.535892441028532,4.004979000000001,11.014796642893463,3.806385,11.014796642893463,13.718840278170587,26.67086948993071,39.93229939164394,39.66857719815164,46.28670882184694,4.15242,68.40032272197897,19.393078804736568,21.518923184743187,6.67719394863469,16.670163333833713,32.326227810743376,39.29241574585786,36.64761586750485,29.620428841665287,46.28648322143941,2.2510004212051222,5.373078159038415
3.955655,4.162037,4.162037,4.3512205,3.955655,4.3512205,4.994444400000001,2.8418801400000007,2.67977646,3.349720575,4.706070326699994,18.28333780663665,18.79374772792913,18.386340149550414,15.321950124625344,18.126754101426304,25.607224567865103,10.27154858902282,10.913294468059917,16.45143562372718,1.395104796,1.7223516000000003,1.913724,2.392155
12.082015000000002,4.240566000000001,4.240566000000001,4.433319,4.03029,4.433319,5.088679200000001,3.65890932,78.30507266377772,33.89348512448367,26.293808833633232,88.44569939464188,41.115333835657204,43.86059631090277,3.114315,3.6643167445172904,2.5225951500000003,11.695864211439403,1.609557642,1.6555450032,1.4214275280000004,1.7548488,1.949832,2.43729
9.206615639064166,5.357020000645781,10.199794819826778,13.224403484904464,6.062931934357727,10.127277202970584,8.90912766317134,5.475555277856003,6.237063612936924,3.2865183,16.981270561172423,6.350028442155661,11.419609278662518,10.335803768419085,9.68335963329104,12.041053175224476,14.331689817759749,30.282674588951508,14.665096773271785,38.48183571714674,3.969209078764552,5.899407703488032,19.848843675232168,72.68183082756417
9.548943785019922,17.440449250086747,8.071436503977761,19.775250409328944,14.83070591037267,15.74158164580106,32.72812267508803,30.46379087053497,26.180841722306816,11.22359466361259,18.82064803423076,89.14738018546487,124.889825525143,27.380587403626457,30.73912881973721,59.94804706672809,11.74302298708698,15.202269579092944,18.638688412474,30.96485349565589,27.49439680953668,30.46900273292372,32.028242921741345,28.751836597536595
9.309312988106065,8.770838224543484,4.930170537423914,10.240244286916672,9.065964897737608,4.3512205,11.75401952933044,33.45277163556954,34.08475577978137,28.9065956446465,33.73316844712337,16.179814630752542,14.763595063233968,17.98540252421855,4.749017855744271,6.547667471279648,5.217528501305721,3.3933465242656005,4.7830228846256855,8.103463724060877,3.2832659059427227,16.138159264841928,17.40420393498641,5.629742637075998
7.796682109670026,4.083508000000001,4.083508000000001,4.269122,3.88102,4.269122,14.94121689627378,4.382649235590892,12.710896934285122,16.272175934642906,11.926768928944236,5.113527763089699,7.3781279999999985,3.5987639999999996,2.99897,20.704695794662065,14.746595753015772,13.990248914321548,10.90569592749077,16.406312688461316,16.104184616905712,21.28543384900916,14.581997871115048,2.34702
14.209020548110518,14.952120050737854,10.394908977807404,11.301456629448934,9.284302017742826,16.9528453944303,81.00682656079583,61.483596542966055,28.517522309421636,78.87817235248073,23.532934552720643,13.157662036133734,14.36213915275159,6.45658408801961,11.909023624186572,11.656929519021785,9.518238049171552,13.668791588091503,21.617450208316843,22.213186347287376,17.279621813385248,30.025945688940464,30.50720785113753,3.724938840068634
8.419230689401642,7.397423986578918,12.405123026804045,9.261153758341807,6.773652461591191,11.47318604847464,11.452296861724768,8.505536080968588,32.75666799503512,50.25680159773921,51.94425621910394,63.31687597835567,29.589024641112996,20.3553344712393,13.84505305918537,32.96162512236399,53.01807925766556,37.18077416147023,24.09911349978229,23.36175808843396,32.763388678623215,44.08083674699705,39.78091558439053,5.091471523630243
9.962877941837018,8.43455294110207,13.136641876421733,9.974605299519569,11.689415732762903,8.184877854479337,27.269867970076525,14.455613731211264,7.745829510593063,8.569237164517942,14.886837676260406,10.845375061463406,13.947663277621562,101.37094430535807,25.009271887029296,28.91760541237791,34.74343632927961,23.193322407209223,10.25495190441215,13.709151890536893,7.810339149685655,13.87788570565431,24.42424715145897,8.345229936821598
8.804303558392112,6.837654650903302,6.837654650903302,8.670223202552899,8.80430355839211,9.684733914231323,11.11639023198726,2.6810190000000005,16.80806197690974,61.17214260212033,5.775279415625195,13.727022508351368,13.460172697491611,6.453575818753692,4.130802424480705,12.941192170914883,26.329086914130777,11.434934140727089,2.7794775301849195,9.296649620010166,9.844344122267971,20.46213617086576,23.25638425364026,10.07574424817214
3.955655,4.162037,4.162037,4.3512205,3.955655,4.3512205,4.994444400000001,2.8418801400000007,2.67977646,10.469081925,4.986036000000001,4.315259999999999,8.570269553473068,21.966306821466077,15.056732522732894,23.653172714655234,24.001271507416583,44.55657523760387,16.576218818402097,24.948981467656527,30.61617070609358,27.29710726274443,28.98367130263103,39.62198017218357
2.68686,2.827044000000001,2.827044000000001,2.955546,2.68686,2.955546,3.3924528000000014,4.25691288,1.82022552,22.10715921084651,26.27970797499816,4.731969687118356,65.51433714836541,13.268182390345437,8.049465091851166,2.3130360000000008,1.6817301,14.747186822598506,28.86006106962256,32.24811891551819,30.632260321815828,41.9850836229416,14.07487476865772,1.62486
7.096530807305481,8.725746897261038,13.330600830680297,12.185007705206614,9.750363423772502,11.893086117395244,12.11218156287093,16.223392609396456,11.96727310928579,11.0922531849314,4.410993345933339,13.19205509458626,12.980059110865255,9.251915582112346,8.750029556154368,11.371746867474128,13.393609697753176,13.22211006365527,14.550488395714666,15.059267876117996,12.003654426775867,19.96471548893288,9.87868218026578,5.336151220169167
10.930040456132629,10.101656336440724,8.28889426650613,11.811512454486785,12.297664347108231,10.560822533551669,29.27907554285642,18.399680865075688,16.66887095620485,7.992101032861786,11.023531190239275,4.397289490262667,12.59903003466583,30.513864845668184,18.066905405887848,7.005638015686696,14.0219798699451,13.253676755384674,14.297363530394843,18.381899123262365,20.698985538822622,22.39013395495095,26.35626892718747,32.098252203701854
3.58248,6.666286693448004,6.666286693448004,6.969299724968368,13.357790017883111,18.6563127614515,9.486294594324027,11.236331269973732,12.159705482485826,5.365208837857878,5.95007407349078,6.911702206580197,6.02087024862798,3.6056038750659076,34.89726045883339,28.86999631779105,22.21682379812103,25.431248137263523,13.894777244775067,14.311696757211676,9.347822711535798,16.369999639447492,17.434729591629672,3.831487092778153
9.88446800880229,16.79234848930779,10.397148106133209,13.882627922910444,11.013355218413418,9.98736168717396,20.150818187169357,18.929241637551936,19.945131250486263,20.05376801403986,20.45823250111099,56.01798501100288,102.44454311175699,78.68640410051427,8.713781763044675,15.960425394412244,31.20710340906512,30.566157375185373,19.886449519884188,14.382490559515537,17.093563643089368,31.19577614372481,34.457645724678024,5.470997125264326
10.587751631365432,11.557658102936744,7.0469183556685095,10.141359334392188,10.858903862808493,6.27685594575544,13.710546442432983,13.559070062796009,28.50698200323439,44.78649077514228,37.01463625884211,89.33313473558387,24.23857584989143,28.667931949453614,23.734654372577626,92.52154400297279,53.63359967883086,24.367042560356698,19.321356319346407,18.103222056280988,20.951468161540884,26.01536381522205,20.256424453057072,23.09616762875404
8.112772626526818,11.90052501652764,6.606181938378056,8.740474220446325,11.310416338022131,13.338975471824355,30.36944819960191,11.829009727172885,16.26102350327369,9.57786619897056,6.968928471609668,11.15990932085221,8.311583655319174,10.487840604347797,8.73986717028983,9.736793195340796,21.96254309424441,44.52295758169436,25.082861376805862,29.37392085418086,14.789002586956402,18.786604772039475,3.171862333150304,6.839896046313783
6.7578689565705865,12.12918248908457,10.016033408994192,10.747457818733007,10.641158924873643,12.290280394177016,33.9279519382854,19.79037993991155,15.112257962233777,30.69720061048797,22.57139765379384,12.424370599642632,12.58182641530993,9.990991441090488,5.269174914487237,6.302446273765767,7.686709575603412,4.528065327971851,4.85645429548632,10.053577879009657,9.82386863137747,18.032672541277428,26.497198366934043,24.18522831686241
8.932737000292772,11.851290005088426,7.464278230909342,29.563817994779438,8.93273700029277,13.7208180324958,12.501603714782984,18.469412743636067,30.72870350630618,13.542107446060925,22.749479779302515,24.79054462837596,30.471862480595604,13.955689228814313,27.330515387545642,31.076288110287624,39.10504368263408,33.72919563575193,24.93510613682897,25.28306352486288,25.438567105519788,46.962915337268285,26.93208358174024,31.893763115963896
2.9854,8.236123292652128,5.688641646326064,5.70510024237601,7.827720484752022,8.610492533227225,10.298637085112205,8.611348535615218,34.33071225792375,6.628656028678642,3.837218759591341,44.06425159955525,8.019546046038434,20.768955369514067,6.640464613222323,73.55546575920916,41.873683161258,15.13120990333452,7.998083344249682,15.409606164380945,16.413740779063833,17.776500273991864,19.975514161146226,63.530026466576
22.2292251868352,5.656086300394429,6.481639950591644,6.776259948345807,6.160236316678006,5.913181132230539,28.50302125655129,24.912186335380277,29.191551480662763,5.216600117259601,5.78526541044543,18.83377126751289,8.068681131812873,5.712219130010513,4.4570350902850775,65.71818395229484,60.49642635598402,23.83128497838351,20.756064212432893,24.926553565870364,16.87765211033413,20.557131622683823,16.709897648965917,3.7253603021807695
3.657115,3.847921000000001,3.847921000000001,4.022826500000002,3.657115000000001,4.022826500000002,23.33864900641371,8.776326367905481,24.53413777883236,10.475301905092511,3.434508,3.98958,3.746736,3.391143,2.8259525,3.1482990000000006,2.2890215250000003,1.6316145430200002,1.460524527,1.502253799200001,3.566767208466797,11.205729629715911,20.127793017918208,5.545273033337954
3.731750000000001,10.068024214958294,7.791646746048135,5.317191252169643,8.283046410675752,10.525661679274576,10.412285580749169,8.431584835337661,15.10118676140645,18.41151242675308,10.214711980089978,12.097149165601524,11.740597483762784,22.90799451803069,9.146833576281663,13.291595739199524,55.91848690429974,21.58122220417865,40.20653895129093,12.440304865931566,15.513663242716294,12.986866209438237,10.180863953613764,5.786655540528242
12.982403438021466,11.966435205273674,11.542116509914504,12.214626805717602,6.022587788188805,9.002868157913584,6.164843006586011,23.40438579633152,14.446929097460188,76.12313191447605,70.13141986865011,17.438819220993903,28.9483214282595,66.10562671294407,20.29947721341737,31.444683974152092,37.97981910945877,65.90983890634716,29.993512179883517,23.66543681933228,21.653188357845103,19.998684679742453,26.413414280948963,15.616123986156346
3.507845,8.616051899226834,9.404069066974452,9.900094452731764,3.913534807903797,5.941170513906156,14.43695155135983,7.207142933687566,12.654596287263658,11.059151047658824,10.738228426631276,8.933246897770868,18.649328855588557,13.326695337869573,12.382174580600708,6.073426580188915,13.28934196981617,17.26804160761349,16.015386057478118,12.762639012064318,8.223700444275734,14.860227862530293,22.107339383897266,23.092714452610764
3.955655,4.162037,4.162037,4.3512205,3.955655,4.9356505,69.64518046943108,49.731887711838525,10.11407796,41.53364227162805,11.957287311347445,15.796360751451935,9.6224539104584,5.854652445943064,3.0566424999999997,11.069537898371346,40.00094963242498,18.511644510813504,32.09413345135592,18.455420495076208,6.188979774945647,17.64923560213261,24.15307875633713,30.709196650368927
3.507845,9.082534674681956,9.082534674681956,9.495377159894772,5.371232656163561,7.189434935392365,10.899041609618346,34.03140537321986,29.952811778125906,41.51566454485449,12.421209786495371,9.41690296849068,11.475007654284855,56.48928011426797,2.7106075,7.431164733830691,5.740805378246145,24.56874202526081,37.45235325492642,31.03784052039216,28.06093616138348,28.848379805495863,38.36980186708716,5.220239689054617
2.1644150000000004,2.2773410000000007,2.2773410000000007,2.3808565,2.164415,2.3808565,2.7328092000000006,2.554076742042664,1.46629278,1.832865975,2.032668,2.36118,2.217456,2.007003,1.6725024999999998,1.8632790000000006,1.354727025,2.941406521778396,2.769835737555451,3.8013652246081744,6.864291944376959,10.70489903187234,22.597832012128144,57.78720678727738
12.29858074767199,16.914685970906046,11.45535143586496,9.812411104815672,15.132555078990752,11.167973538770294,17.915368095251143,12.419365224187624,17.015760628858533,10.218174056005545,12.510661341484376,12.027301608907464,15.293772058034728,8.774635616706497,12.967064649250723,17.59306307588021,11.164289304416354,44.02170342964354,35.76969147796324,20.526897712683457,17.65709427855949,18.2035813238652,22.38564930418724,27.863512184865414
3.2839400000000003,3.455276000000001,3.455276000000001,3.612334,3.28394,3.612334,4.146331200000001,10.249334473644328,2.22472008,2.7809001,3.421087554371204,3.58248,3.364416,3.320805608440321,11.937162085786497,12.504852116102459,62.74772937933835,19.21606798090532,16.583500830294067,12.363681319580907,1.1582002080000002,1.4298768000000002,1.588752,1.9859400000000005
8.614863467359461,12.265905763505824,15.39184214741858,10.988710988183753,15.727655872522428,14.983962897557612,15.642050874754725,9.797971387836078,14.643351333019044,91.2548750173143,10.948081177344038,6.67218650507274,153.06346033667438,118.32113850300443,47.606158847226574,19.33363349749959,47.48096865519727,18.795319523189985,38.21249739571329,22.633735632173924,22.50231450766168,29.13782755993799,24.12600418518252,18.468204320538785
8.684878554803543,6.157664201944469,5.033153115396839,6.829433104920663,6.921075687409846,7.613183256150831,21.890880211174927,10.132674535655932,4.688714183870743,5.860892729838428,5.161531691688331,5.024127535192849,7.090683075796964,6.417724728325492,5.348103940271244,7.264943417857172,4.108984034957736,11.548166172997131,10.127270468683456,15.285574922662317,15.494002891535434,14.607259224890434,13.799225424260582,3.754593119126343
6.619318169736909,7.92377551426116,11.175708093674483,4.925249069190454,9.826235211773822,4.269122,18.138561712409384,35.99692087023534,43.95747583472184,83.5093825979557,99.7244439779986,81.02844340484582,10.88183147212782,10.329320988638022,25.334399212491867,43.79459192489154,20.19279734709623,19.538137480927077,18.042351027056284,15.933432263916252,21.38553091101735,20.07627331270372,4.850069325678039,6.423303299519895
37.50145796092295,4.570647327538092,8.248140275380903,8.62305574244367,7.8391415840397,8.62305574244367,23.88098736873564,31.36423611269855,27.88231277290559,28.45745401434598,8.57475911096808,51.32921960635182,74.73398811450492,25.242026944574512,15.718980321973179,7.030071855396084,4.958104115809989,13.654479067797492,15.780766308275236,14.006293526901008,4.752656303588391,1.7223516000000003,12.890065866763114,4.7406666496366565
12.65561054586074,6.1979564406553385,16.624320078657433,11.001543330823068,12.17762602641711,93.3691476692975,17.88377752283989,18.275170026600115,23.9131781663983,11.287786112395946,7.830659753949549,32.976836696722515,7.873095027113728,10.841849677127918,8.5979362445242,19.663024617099435,26.451961807082924,16.24016177277182,15.892591255480914,20.104754951942148,21.182792086621163,29.29989781110426,30.19939914620988,22.82105642444949
3.58248,4.634194731683819,6.937392641678756,5.146210595680476,5.911253196200918,8.0215695668602,18.16184548365604,16.29499673502516,11.543764990161822,8.83480715699666,5.551437784258254,13.47263866869006,14.184794072758601,34.117514212475236,19.164718692917372,24.07853377832516,28.764898321101573,21.493412776330924,26.39363760549439,30.173072633209504,22.6215475906208,29.013096036837343,22.14582707286068,15.292252425667431
2.612225,2.7485150000000007,2.7485150000000007,2.8734475000000006,2.6122250000000005,2.8734475000000006,3.9370980000000015,61.15512433259711,23.3498407327723,18.221585857749368,23.35308927048411,21.25637765276772,12.749532519448456,6.555454214722456,5.393689989255041,6.292645681104047,13.05689032958628,19.027505116329,15.681684557128518,12.043893204358474,15.355495795399989,18.695440566940743,21.213694969610767,1.579725
4.663382758728848,9.2337480100766,9.99734653798343,10.45177138061904,13.542090926435655,66.26982041332718,95.1765565617367,33.86429476668859,19.78855339310277,10.963719998997568,8.107445682376824,13.306785376187328,70.2931772955767,20.148244927786788,22.26056495777516,34.971649616643624,36.30197395938957,24.8099921100763,39.83037444778462,19.183305909763348,17.64869768305761,17.51175564908976,24.437670292413525,14.104320915118675
25.415848302810467,16.76608117457566,8.46448059029967,7.176160405078322,15.463630421374411,21.466316650686885,81.19928875386083,32.87242437967245,6.183672306940851,8.104902854799763,112.15623102309402,49.38006805900419,34.421344836811855,18.1954093348363,10.669626869722832,44.91174599734145,25.465577010545523,26.234908716692747,17.593985432878224,50.30747818519325,24.132562080705178,25.01856856172531,14.427454465471486,6.502731102255987
3.507845,6.158302013568241,6.158302013568241,4.001940351798155,5.592366480700441,3.858629500000001,6.073994942378826,12.854269854466974,24.52829023532896,5.702089930943445,3.2943240000000005,3.82674,5.996363192775686,3.252729,11.716037918652278,10.040013323913273,3.6634031380863945,2.4923831467317106,2.337457327083872,5.7249686339777215,13.817716732908533,13.334589475708489,19.20579570988801,29.30599326749137
3.88102,13.708784605293436,12.526666674738026,15.159597269184143,7.973257855754721,10.79144675948906,21.46391530258483,81.70317174412152,20.15296563084817,11.033202696322652,12.375803714389331,82.46124077936939,17.18124714013271,15.614044206163356,40.39003834941373,38.970445683335846,84.21699519500115,26.22911387887573,21.082364575908635,17.75205264586619,10.66446378383263,20.880889302815813,27.95584353205858,10.288008142720235
4.922533193414068,14.437942895420557,15.941436110061623,16.666046842337135,4.306862020131342,15.62738037199366,27.8818209242668,16.09343024024834,65.04709137687914,26.22098363652132,8.495271410922044,12.371395042829375,34.727295878799055,27.801190182098992,54.22140123707084,21.377337332289546,21.60644489728729,56.86236330417573,22.857276365679475,33.417030715140385,25.836881663530185,19.428434125408305,50.067954953521706,39.27412324339756
2.462955,8.502465801538142,8.502465801538142,7.765361334373536,3.2290323991475054,8.888941519789876,10.298790961845777,13.116233447469252,7.954090351135503,21.556165416441928,28.75346386455113,89.30594273304271,31.63731773602729,7.344209740795257,24.56154684323795,28.091148694273464,32.450090404216624,28.854534751716137,54.66885269500681,25.86347885770495,24.23180840518077,27.32888784694841,43.16987651648514,15.686921641533884
2.83613,5.385637263922486,10.755987558869249,8.606545237537693,8.169892965236151,9.816683982479445,18.26578938831867,14.989440432678254,4.853333613021741,39.54361599996755,15.256605911003174,13.412383609572618,11.842698288843872,12.61660054654462,8.00953916891431,2.8099553416244727,26.62421857825779,24.632891911772894,23.56733049369268,33.54779377775,24.87128872331008,9.939911919397268,37.90480542854768,50.76043624818446
8.105972333427555,8.78900935715756,13.947226352199635,10.3984038800863,7.459648914822023,12.698936898553631,15.536393526047924,25.074884201232837,21.21451591752652,8.288028486755557,12.448764016839345,11.142110421170724,12.606540201451352,9.183763175532446,7.382372851543257,10.403620857621231,6.584893926013687,3.1596254628803178,3.8208379787598794,11.371569772539992,17.156466509358793,21.2031288665332,7.696657335608404,7.326382731435095
9.206068225198276,4.909459877864022,8.35946123092208,10.126675047718104,9.206068225198276,10.126675047718104,11.623661793902516,2.62739862,5.89495062084112,3.3105003150525696,8.645698854968815,7.01628175919906,6.330797580976273,8.536535990638402,6.918878742553274,3.1482990000000006,5.762161793680921,2.6443822453673573,7.677025733119517,14.460937096935352,15.840416706620218,22.0329229403008,24.857207806115948,22.709421313526573
3.358575,7.521488022101677,13.617437469224056,13.367361255322162,8.108589177129598,9.09263278584342,21.157644255947023,24.45518997888576,39.72167984558122,58.95627377815378,38.17497761680821,26.04885987150743,27.316501921144877,22.598352422445004,17.05419808924133,119.58161446877324,27.16386340889007,21.038205098565584,19.83767076641224,53.35308173625036,19.70527388485336,10.649793417829406,15.21800267766074,25.97372020380213
5.622784535501001,5.225909385591881,6.882480156775637,4.597516000000001,6.541200149001638,7.195320163901802,5.2771488,5.153835707047961,15.45052200374457,10.771846771633676,3.925152,7.135854708001785,6.7014983344712435,6.065476501801516,5.054563751501265,5.631120128270975,4.286621306350516,32.91555107557461,8.637281361468363,15.18751576420596,2.3069908016417258,1.8198432,2.022048,3.955745544653164
5.47459737459383,7.375723083927882,12.724955536526778,7.120651968487386,7.265468659843917,10.003535778818708,7.721716989793442,9.923795598835728,22.75423026681991,26.694516183937875,34.328786372831935,31.860274468147303,45.29280108622922,45.64541998677618,42.40864403176454,11.668988531932158,51.98982590190868,73.1451798118222,34.60052521250425,45.40226966982057,10.864931243756445,3.385977244127247,4.614976808163721,4.084737661246259
6.787121203145218,5.338225391230113,10.435956657073891,7.433289558736747,8.621553342074654,21.2590075292442,27.09806102405886,25.42419605513407,48.90251163489989,8.495795517026819,9.020663564573637,29.048563492508045,27.802974669325824,8.906766297344168,5.7285295660449504,15.264939538575872,18.85975908846204,16.914576995510387,19.141041458146425,17.28982153121227,18.49881777541305,19.076896059213784,22.522991912111443,27.7689007968444
3.955655,9.34498406634928,9.109395563333406,4.3512205,8.881596426695594,8.291973641356478,6.407975418095261,44.78952335633573,15.83503416643871,26.872122028190663,23.95235592962402,27.35232359199493,11.194821681658196,73.18583238506234,56.39847499649894,29.894371112638346,24.66569296722021,9.319182166591174,63.34068953832406,2.176738617524013,2.974478792146164,3.867180483655284,8.563653249414006,5.371084005076782
9.679535529222166,10.184554774225065,8.59886318071407,8.160836355956686,9.679535529222166,69.40305935560129,33.53688058614587,18.968673041103777,6.927532282334797,9.37818044421383,8.844432817718296,5.29504881286424,8.843664044418347,8.9755693089151,8.46037177788016,16.908956644640732,12.415905085651213,17.33714393176206,19.400023765402604,22.442948721684807,13.224455360270802,12.3618786030871,21.06121942849706,4.790349102234116
4.03029,6.838675319503363,4.384905406639076,6.847723620144539,6.499567452420551,7.149524197662605,8.206410383404037,3.486838789910104,4.403923945302108,25.0966571426634,34.968873083534135,32.4587891487078,6.65884538998975,105.7518816608324,19.62137886853606,34.69084754256371,27.329137168958667,25.732603402960056,18.647108790133142,22.908109400314604,20.5232447406092,25.11892548268287,26.72091828227808,74.78293973165894
19.002585183839017,15.201385792408944,9.20075694605087,8.347121654764234,9.623953506094116,15.131506745099962,9.58104398633808,6.282368089939856,10.190681549931718,16.633172543576062,8.639456378528893,11.138732789913515,64.89566694892113,97.05307443401608,17.017919646883342,31.21875449267459,10.981983609684216,34.426072486405765,13.719926801316468,15.826604069617137,17.913546243452178,16.05032871332428,15.520503444365914,12.378817960601776
3.1346700000000003,3.298218000000001,8.937804174082423,8.808074272888256,3.378303512404012,3.4481370000000005,10.917029008898908,8.289593901573834,17.860135355665047,56.918316703146495,7.977544221495055,9.266844297696275,3.2114879999999997,7.650902941539932,6.564014710868196,10.261178624724609,22.540392192634386,46.462777248710296,13.377610105881873,16.63748263218708,11.832992585761383,12.257675436965958,14.37875402328572,9.8263776353494
5.758811421268805,8.089933818040013,7.682834562422955,8.827891153225691,5.66459192425018,9.942062726377156,10.14073370676449,14.285711160014143,9.618838914344504,11.187005473885815,5.319790676687126,8.912785309902901,7.3325630500731656,11.551240482104177,14.919688855430614,58.302739547051246,65.31480630928228,70.99578943330616,50.567561466781214,48.92235458159265,26.65164088693585,13.588021070365071,13.229808334084607,24.956666803552224
6.722670192246003,11.631443318822816,8.870915418469567,6.569760963305314,7.585959068239776,11.51659759769681,4.700946813485083,17.50270550126069,10.438050800513295,9.104207930282469,4.353834167894498,7.585997230153286,11.014542675578035,9.969180986460671,6.350340218951378,7.259948804085973,5.921567861472262,8.467401266061765,8.03315514736179,3.810400776481139,2.898405716628869,16.11769599398268,20.362894140662256,13.783890200070806
6.140858351256682,11.553443508823866,11.130976682009289,8.563420815416121,9.12332154249059,10.330100273004351,13.615868897587996,4.57859301941358,5.261064103774783,6.479080988979197,9.809394015633702,9.642671823307015,6.291345789113565,10.430171520976248,8.512418651957068,3.812110337508038,4.951256284327418,5.018372725602513,6.856343918715035,13.396241125887462,14.867198936452573,2.382443638047359,5.053324189871907,6.802285774549727
7.918964509286063,4.146733893749398,7.891560087489153,8.480564162203938,7.918964509286063,4.104925000000001,9.998553449985536,71.18605079995403,18.79702554126543,15.591388143219325,5.667387320448628,7.676319169640943,33.30247224924893,36.5214607616638,58.93935215046998,11.131421039393652,4.825511095601166,3.5330301778889592,29.383235178515143,10.499993251409672,17.21502111805457,23.412730530547027,22.01287248822772,7.01931355860188
6.725627093240534,6.446198699574098,5.027954676792032,7.562935320362506,6.875395745784095,4.597516000000001,8.680934454676965,31.44980284797114,13.7726571554579,4.680768762362675,4.6284134989002,7.500431722673557,7.04388370477169,5.2643558690402905,5.312805803560437,5.6609563967739165,3.54904766116022,27.58806566388863,12.507272157469057,28.587461027996632,34.79863953209957,33.98378742888451,32.247341481873114,2.708703113353081
8.59583678213786,14.923043710990347,16.767428484095873,7.879267389220621,10.348764459056326,12.901121809352956,11.847354096018003,9.88045261856954,15.940855902426446,26.42748068905941,16.870733399516322,11.821448240329284,10.754557380502755,14.777004967576588,11.939271418452547,6.3752145978969255,6.077217495179827,4.877848387252918,3.8898689800841177,4.652826470128283,4.836585270231486,5.848408922723499,3.5827652285701723,7.223635856587172
10.014204237758497,8.56876847063605,13.407035092006796,11.768241783089366,10.520147060716823,12.788603504142271,13.953175180391035,18.32178683418272,14.447197165938933,8.66083096817038,12.1782117686078,13.82715371209786,14.044165402510297,7.850686828196976,14.437340765939917,26.391416904541188,20.73621056176373,24.986710673002893,21.41121414591566,25.395299914214178,24.171083863895056,23.35852475370669,30.91599760317592,78.5950515733653
4.848199441404045,14.690580347914617,12.39650929710512,14.20826963229948,12.620787487540037,13.738284086816517,11.838050602477088,11.254757279228356,12.085973433023064,15.24889481761941,10.631904796178503,18.684131628644604,31.44354668940984,31.15081472682615,15.762766746808209,12.78704753281447,26.65471877693336,41.340546800946434,18.976537814186475,16.65007809471118,13.479082224151789,27.70275785766203,25.800450522747457,24.69478773853211
7.663007385031095,6.112426732994623,8.550413899237896,9.958590982359532,7.663007385031096,5.625622882354438,11.430730518882246,20.32338529136008,11.400956973642046,12.683215354159554,57.02186364408384,11.160381557249613,10.297121351571873,23.12539871246628,26.6932035717485,31.509395858649352,23.09493044150472,18.303319073748625,3.615558956891907,45.52284589187365,17.798624518215654,18.62460353890428,32.553983514633416,41.14858734771934
3.88102,9.283984390142685,9.283984390142685,4.516252076391077,8.374294116201414,4.269122,4.900209600000001,6.177790393518165,18.54092931139329,3.8572662326238567,58.97824766508126,60.174691523520536,9.105458437947709,14.990820743722534,6.772302623616889,16.838816727417587,9.080513907271015,10.827050026183391,42.14332611213932,34.81649754202807,20.90245620506017,22.92395010164068,24.269223073030048,47.24444190120835
4.555392515625187,12.742034391837912,14.339215269865624,11.24528459697526,13.024497438552016,4.807855183456366,17.870174872085848,17.683514335179982,22.259347347196694,38.67790177257243,67.12085406384465,10.554269076653563,21.438830799336955,15.585203687247093,10.530866210588758,19.12216328347858,39.30979381135949,61.83783315401311,29.2646531147476,19.6998696853319,13.828564865113448,16.447204781798472,6.808276387376681,5.604532306414228
37.310418971374034,7.036023875009111,12.893288196511117,13.47934675089798,6.207005940950739,10.838663715852164,16.2802244691491,7.998809908774426,4.530226702032536,30.054299194155472,27.61550498599985,9.55999617083046,30.640141161097564,34.71239419682851,10.952734292342639,14.486330643744672,35.85625588490302,20.848836170143706,28.01879362854832,40.59262227445852,4.15246604619167,5.335554574484087,7.219713681040449,4.187859756404253
3.209305,7.511588063027037,7.511588063027037,7.971301384073721,3.209305,7.853023884073721,4.052096400000001,14.47104218743416,8.942243334492034,24.031213246515897,12.928615517904012,3.50106,7.314063207876061,6.619904431202639,14.854639794977455,15.540607727862875,29.863731263531783,39.55602712559784,30.65901646940136,18.37525303403574,17.886620186447544,26.17566333472481,33.89255536731925,4.317328976871288
8.136357950371556,6.041908901794071,10.833380484358928,9.167705776699172,8.826196349993907,24.41679709947876,31.899579953913165,12.87338507361106,9.43018802375318,8.718999255715541,7.641101379479375,10.554768771030613,6.307164843588574,12.738841565082165,29.981214541833605,21.88969763661396,24.497020637955163,13.90871365515975,24.417484190291777,40.546243689516366,14.16561015990184,30.86148578820018,12.577393929771269,6.101370049555993
19.85145113793979,3.7693920000000007,3.7693920000000007,3.940728000000001,3.5824800000000003,3.940728000000001,4.5232704,13.50882839111276,12.745634369602476,3.0337092,3.3644160000000003,3.90816,4.6648243336453525,3.321936,2.76828,3.0840480000000006,14.045817855989178,17.02909168041139,23.602049977914938,25.877421985391464,19.36810179902936,27.969576404488905,25.67801315770665,6.72588
6.512961887016506,5.319343428076243,8.386193760254145,8.767384385720238,7.970349441563853,6.706221987146133,8.88149988492199,17.154562517254245,8.392339500603125,6.749436822560663,4.552318434106295,7.332174664466942,8.165670257918384,5.934207,10.138857710773225,3.456032512919488,5.915732198339242,16.580882483841286,22.05999314323845,21.050202749633467,19.77908342735481,25.62747594303694,27.00125789562514,13.497645385310935
3.088059508768653,10.338024478425298,8.255782227574578,8.631045056100692,6.494553604064962,19.729911742521807,42.48192333669868,5.9647207854163335,15.685315477705224,26.639919665810464,22.54565762097126,45.47977464103667,45.835799245740894,67.38099687082307,52.75987848492288,17.65678228932384,36.29856230008827,39.10839177578862,42.44554016466484,31.838670947074743,34.57326217546009,18.51191313932226,4.638368760133957,4.745058906156688
5.880015426344999,4.303174806648908,5.684499097694896,6.468016968979501,5.6413192678622215,4.236207887165528,20.87703690384172,35.625911960275204,15.892416140136936,4.9793039724003325,5.522101443871825,20.422449931981173,17.68701225017321,16.082887689127524,9.035373382517339,6.404892504021662,11.30313363973038,19.8672589337657,16.006275330361813,18.626933136388946,15.333511716642096,16.565999186898672,26.632715819314235,13.714884376618029
4.278230000000001,12.53479516995013,7.273190805154851,7.603790387207343,8.583178363235183,13.52244366860429,13.7231424,18.478652754060164,20.027899460775643,42.15050123745994,25.69098851629516,12.996256449685331,10.328765403411712,4.86587138634359,6.632456007954459,10.506803213181197,15.630515358394504,10.158103118368716,9.915232075877418,4.053326627966133,3.282515287025076,3.3148837084032605,5.7635572081213216,7.204446510151652
3.657115,6.5067336521286,6.5067336521286,4.022826500000002,6.184085702436271,6.648068285308795,13.46509081704492,25.888325328601464,32.14516069873465,60.31936350597764,18.687747638885984,10.859907442969012,10.914183223566246,5.734334014986359,13.066275822813935,14.50122816449293,26.53129076860024,38.07539590227682,14.677685985612047,19.857165947296007,23.37118640324404,36.75505314254275,47.74946043327568,33.81822536151066
4.871378456674457,12.294762839878596,13.876932394665936,11.056194342827396,10.345545473079197,10.018039091552902,16.652318873599118,9.934544205267914,16.857593283347963,8.0656107099332,10.799315202742097,9.700900206111651,13.291943645100877,12.22963313218868,10.191360943490567,9.483806123959202,23.658965508960364,19.03114918217271,60.75476187815404,15.738474724078957,3.5448789031000785,11.705774613572858,50.32277428938712,62.54207650749815
4.436864630247619,5.35204673602838,6.309217658955531,6.596000279817145,18.276691498977627,6.596000279817145,35.917715005312054,23.57891832544014,39.71480009791057,5.077829967479066,3.434508,6.541487880810391,6.143310357630629,5.560264698688833,2.8259525,5.162087175509071,16.45238080583014,52.071353874526295,33.75016901780138,31.37450481140825,25.673791914071693,23.99024020963929,23.16719255181868,49.89675365100612
2.23905,2.355870000000001,2.355870000000001,2.4629550000000004,2.23905,2.4629550000000004,25.630310675889767,6.545321640000001,1.5168546000000005,1.89606825,2.1027600000000004,2.4426,4.674269454603959,13.305572198040652,14.85381189266098,11.49106000303413,17.085149426296628,11.101507462029836,9.73289219902173,8.280805660521823,8.083870269875506,7.540658155966909,14.605706160765983,15.172969383561998
4.104925000000001,4.858996809836543,7.198571319128221,8.09022190755407,9.89733561281375,11.13840039376933,9.831910120485803,18.567591698441937,21.726460107183463,4.6348655532337055,7.067698868448841,23.933227745364167,28.50285411796389,11.566570725789344,7.708207083940554,16.001463327805357,3.425770191520566,2.899752677727754,7.17215598631967,25.67088821573157,11.290912114543982,23.129600781456457,19.81576762046668,45.660936364122016
3.88102,4.083508000000001,4.083508000000001,4.269122,3.88102,4.269122,8.592913657873131,26.36072237934091,28.09751103746687,25.99128791430808,3.644784000000001,4.23384,3.9761279999999997,33.366033410429615,36.048632074890406,16.577424135204488,19.82163353521306,19.49922214911493,6.908403748635033,1.5942285216000005,1.3687820640000004,1.6898544000000004,1.877616,2.34702
11.868311464278062,5.733394016045847,5.718782631541271,11.980371004283752,11.868311464278063,13.05514261070587,9.966462018428691,19.890671406209464,6.219197370480741,15.146940969688368,22.05936254608766,26.96025518505864,26.871698286382518,29.323622363962393,25.12541625086675,30.519545640653924,36.90818091450198,35.03315011221206,29.41830597133969,10.956390509349765,16.17205031289118,25.297089223231666,26.776009810607,33.30739239504542
3.955655,4.162037,4.162037,4.3512205,8.292074999999999,22.220577780620896,4.994444400000001,2.8418801400000007,2.67977646,3.349720575,3.714876,4.315259999999999,39.3829380290601,52.49842908154552,3.9341053135172697,3.519648000000001,5.529941436757805,12.682511190725268,16.865067952326257,28.18709135369779,24.848175712080707,29.326097207336183,35.58149074232438,52.29624474090543
6.768700900802286,9.494079506266726,8.453227232400051,4.756850805645464,19.441635040310707,18.20693749369016,14.810559122365651,28.584536794568866,32.52005413574458,40.35316230892939,45.449273279402526,24.89461921469769,12.583078435336123,8.230604868802642,12.018683376086804,7.767883232400047,9.70818078152696,22.060322657226266,26.744963938044517,20.85816879368361,18.54816759390837,22.78236885238746,20.8208940132531,2.16648
4.17956,9.33429681070366,9.33429681070366,4.597516000000001,8.871439117610917,9.75858302937201,11.201156172844392,4.994583052751453,50.642000582657936,83.66733995786,96.0884779795753,42.98951923247697,24.178546462314134,18.46374814964166,13.056326475231781,31.65612266905999,32.88772446772553,18.30668244028772,21.67039451388593,22.58232371944569,13.82007111763389,13.490477796703424,4.291953154132712,17.112812600963064
9.76492037855121,11.088224224726522,17.436168709984752,11.592234416759542,16.571565302878067,14.335989929503308,12.155264676055785,9.589818084282062,17.14994014534604,12.863275861253276,6.944924913371378,14.787251033020862,16.97766690318575,10.67852194383687,6.408151285595908,53.37485590702855,30.085012569459387,28.91205273643169,26.20467471783019,27.19890180970585,9.283077387716384,5.254680230326602,6.526294303138901,24.145500233744617
4.263867823132157,8.463667952990837,9.524291275877692,5.5218797108907465,7.2879591156607875,9.957213606599405,11.429149531053232,6.738900300000002,18.796935214710004,38.81918074658001,79.74626843398086,41.68513936160063,12.517610898188051,8.393684197298668,6.994736831082224,11.814364013926792,24.970087681346847,14.700659167644927,28.52996364463904,15.465767135185583,20.51879290660325,25.79201455798868,22.501188966384472,16.48305018165083
3.96495883693081,9.143333468602377,9.143333468602377,4.1870235000000005,8.68994503214275,10.05337251132923,34.12215138212616,26.517571218118054,13.753066491762771,10.35764106420525,100.59443842707704,21.53713433778487,21.024230324726833,76.1474094132442,19.27863192195121,27.56426117664871,35.743144392803735,27.86413337336769,15.730403010516971,23.16726203524753,18.594544436115328,14.08431227064031,14.3197748462793,29.156231138040777
12.406400386045474,12.111891515935689,13.674063310408924,9.018737737352108,15.536648178637062,13.37030817680962,10.907428338358368,73.16674246991808,68.46575383582477,9.7109624014699,14.105910366791406,26.42726929463249,26.59030674344759,28.18863507815344,21.778430067454888,59.70177112671859,33.64076210069084,17.51851147033462,23.464027229089137,26.625660607440228,40.94832937232599,47.52798668225865,28.311190394073925,7.221837834227135
4.403465,4.633211000000001,4.633211000000001,4.8438115,4.403465,4.8438115,5.559853200000001,10.25254026954157,4.914298152201414,3.7289342249999993,4.135428,10.509881548570824,12.293561464808201,12.384873587533345,21.748293228789827,51.43415676448453,19.70271116721387,18.08082938075584,18.72966114561133,22.40694261498481,16.526588646841255,19.51975109853426,33.32473346888036,41.258533999444346
5.262501663079398,9.56666947110778,12.21120664214089,14.45052051803867,14.923172167867609,8.993505085583221,9.249140675670576,12.434451652254104,21.717044354237327,34.45852453803904,35.12335808650483,36.00017523685611,27.040386868820654,29.50598966072033,20.012761672284192,23.50422049665023,29.201800477400877,71.185206568538,15.071535305480856,16.430270179700404,18.259862713921684,5.766602500236007,6.850300305070916,7.352752045855397
3.507845,9.402259098452038,9.402259098452038,6.301313368552835,6.468673931579192,9.82963451201804,11.282710918142444,5.729768610617355,5.926757631336851,6.940372898148056,3.757758093638482,9.748397863158385,16.02795932727609,4.089353672311484,6.905115153070521,4.719055343341103,4.203235965310573,13.690979872295785,18.165886092611903,12.341612982421632,12.055776856277737,18.350747099328093,19.828366549025503,24.55199012554136
17.875078555619954,13.742250722258094,6.093913950945475,7.180970719499752,8.982884532499584,3.940728000000001,11.341868122773391,16.67402344256416,32.628114513848075,46.37932467208517,48.776300868608025,32.790801750525375,80.8707445373751,20.91952134176864,15.360634451473867,19.539060202204652,55.45911115586215,64.12614619876045,34.43267637406404,20.82915585410696,19.690398198647145,31.98810019979056,29.26073657488821,9.807525788482788
6.9546638471615685,5.864201927982858,5.137544954989287,7.650130231877726,5.112998791640672,5.877527615938862,8.781019048764,12.25794420915208,31.83389131823975,5.88933579421,17.40427811479469,7.586906015085346,10.090467627966234,6.169622254014135,15.1149212624764,10.981736901032416,33.20783346471266,62.45846328108724,35.651742057097096,33.45353474236422,16.933673995273196,21.54505982873498,32.43882695471714,35.94861562376365
5.70183369653072,10.059124043020605,8.496889152297017,10.574856673708975,10.813982276095304,14.12280027930867,23.78836098308034,12.377639457910036,24.17503314454424,24.626990699214875,26.561656914567426,20.09468668719597,10.29927658008864,25.252661511843804,45.10204279739365,16.302019367207027,21.69205101892588,13.539871063623131,16.2072934252238,4.67099710608672,3.4680382796811795,3.4205544846322984,5.50130598186766,6.876632477334574
7.686103816281957,12.733543870283434,9.463580143191995,13.823670489566624,11.67380780583485,10.679728399492086,11.411278298283332,14.19391513399816,18.22745777834653,9.560536903941347,33.42207485142358,32.94910337612294,7.7929147945337816,10.790935860549336,6.950149954898702,24.962208530171523,25.487172308069105,17.693398760070888,36.64677796470989,23.23614408679604,14.726640137538032,18.39973427442536,26.37717505482717,2.4550471154737257
9.045828855037415,12.585603365892718,6.7481198327451,13.885521292956485,8.648343041662129,7.492086947128144,10.919473127385578,9.068946792285102,15.456941890841836,8.22861242794993,8.121922160865305,7.430168873184935,15.034637891739706,63.02173120192913,6.591169736238672,23.333181587130113,21.900370221585987,33.203163484841824,53.83520479604268,25.775602726307763,25.13125444969725,56.06121429481667,37.48436508442685,37.69188028691741
4.425017218190847,10.64025040672274,6.392200161758458,10.210953002204269,9.962525881648258,11.741758779156148,14.363992715214817,22.823899217607025,28.940832083572428,24.2374672176481,17.858118071307565,9.346890673518663,8.777949502087095,5.665721352421806,8.573868687427225,9.940672284144059,9.78169393418772,15.136425254216023,21.924238578103157,50.61334590293336,20.74777734849934,28.356189414351697,30.047328913662653,38.36080011225593
8.85550121666926,8.603797453408156,4.559327942464018,9.741051338336188,8.855501216669259,7.999982912501944,6.61316139287046,6.362100091488821,22.27737661888353,29.783173058558383,86.78518886371582,11.66113363312511,9.072513499449299,3.5987639999999996,9.535343774503312,27.910307656252872,49.73977356779695,75.5302775028699,28.039270910586527,16.9027532656021,17.212553484183672,21.530950516655665,23.42424304630648,40.89904625857436
5.035097565771911,10.804000786668562,11.229303033200068,11.009846998341224,9.389732252839243,9.788071949183529,13.40694076228122,31.411327532801614,35.22665663125992,45.86922815879642,37.06557904264695,43.67552751792495,44.41776363918266,21.933738647017083,17.014971917103612,18.169655980273234,32.889982747134866,31.105576432372512,26.08453029794732,28.55939489276936,26.462228384663923,25.117709694777208,61.75003420393556,25.754100680812204
3.209305,10.98180689069752,6.292849065876194,7.541038267512457,6.588504352453091,23.31413143310901,67.58773019455668,6.62530477230917,20.807354277014877,27.141445265768706,9.801943340457289,9.839229718386813,6.61682243651326,11.094473971772914,7.752094960621693,11.780285149751629,27.923267358989698,23.275162697882365,23.71312017272736,25.57199119758476,16.325216777502632,20.65300367743057,16.506983583791577,4.351853227055058
9.510123514404368,9.48928488334331,4.577604494167168,10.461135865844806,9.510123514404366,6.947756831481965,8.905450716007186,6.832403519652948,2.7809001,8.053345503334244,3.855060000000001,10.66364937533764,28.64583507214417,13.68102550561738,9.893887557535525,7.129437055234211,5.952472763334006,9.050624788322208,21.58350377650776,1.888050875353084,9.368883995693832,25.16404936448468,25.01106826267599,2.482425
9.819476744716718,12.523849648382551,7.069892249161816,13.207510119701452,12.511600605430637,8.299186308481634,24.52052448697017,34.5630920771505,12.04013755215464,11.164985734565809,12.06605684787954,4.743073899594131,13.507733213841435,17.883816369611004,18.516790214545303,33.34787128250656,26.46858961061167,19.251135036350767,45.35977335428178,31.17698048663316,27.7983329449388,27.40976609885785,37.79725286849185,16.471529403568443
9.50786316310588,5.37234611489581,10.890313812787683,10.19388416581966,8.996606133086772,7.210448525876849,13.980090176948154,7.954786848618841,13.801126970298736,26.43201075989348,9.83330244467036,7.9218161623231484,11.543403344528787,15.891657763276173,7.982492182997142,21.514983119591008,21.29185851508743,29.018302473733428,31.513788239859068,28.09261450652213,20.86742227032269,34.43200462428183,5.356758820618751,2.17193334299152
2.53759,8.268819320325404,2.669986,8.644674743976559,7.858795221796871,7.53701343852734,12.544440141906929,8.552067535216263,13.550984544802755,22.63828067095959,3.2917290497297427,7.517785487223653,8.051382298378453,42.31516732113185,2.136815,57.187746429232114,22.040326635226013,12.162748002496611,13.77234950665817,43.5871495821552,16.79801220832778,9.65428065779221,1.812756009295668,3.87492603718267
3.731750000000001,12.883887680370036,11.456936828840083,7.386911958518891,10.075108483975562,13.469518938568674,15.460665216444044,27.489359926348516,27.88614982420121,12.868509188043086,23.84281199016708,19.979106127018664,12.545092737610492,8.993617268907885,7.5757176440982406,20.148363567263317,34.973027564195704,39.89501204074797,27.757456204115925,23.0664685971649,20.53859446591097,32.05393511437363,34.75178796550106,19.54167553675922
8.157704931472693,8.265297086367424,8.382066199719535,7.639582406598271,8.700860624785195,8.851398624297302,13.738835742817676,17.965241037939908,37.67625614640188,71.86619445640142,10.218968734327197,8.064645184790962,9.584248074953821,8.046879298337826,8.408284459431675,4.65500933237345,17.84415517294602,65.62205153903083,9.196552879524882,22.18677939568926,24.40265946236847,25.112142993410288,27.83320562249485,36.487377054411525
12.37378520705386,5.965338705811867,15.180396130783793,13.80034697434038,9.244561634023045,11.748703557888968,15.8403982661994,7.275022166608083,7.581253318731499,18.902039676332727,27.650849893151875,9.281667266995818,9.768794142667776,13.378365635919895,3.7952072478264114,11.49457978593694,18.848142904524643,17.032662587760587,20.270847824914835,58.84752521576207,19.66469146174565,27.3591606940138,25.174794941099645,7.925264073525426
16.90852076272023,16.65839554895278,39.55194902407986,38.68836048207761,7.897321545756825,3.612334,9.971226856033836,5.673710487916773,22.91034373575857,113.82871748658508,27.01863601273096,35.84873946494581,22.196195784677567,15.08723718994923,5.211254304927248,14.565108461710208,21.704160517072445,11.913256963920835,14.532259999894729,16.580419368281785,6.239432425841139,14.767467819944066,16.67755957744066,23.827682927906736
5.66764399425255,10.434720950785186,10.018965621029556,15.075360211243712,8.75455090422733,12.734581345914668,23.18209296089797,7.598172283486145,5.037513305867589,14.401587449507604,21.803513022135743,26.59189344053451,68.85410982314771,17.00883782999064,16.22737112629534,7.012614304959096,21.753164901224388,16.337200036400212,18.022237718855063,21.95051388608925,38.31767006569141,3.811862954978984,22.644058202030006,15.49248605122794
4.555716794952765,4.6359997705451965,6.210065733726691,6.492341448896085,4.582568273877258,16.625130455220997,4.052096400000001,16.205299035059593,7.023563241088726,2.717697825,5.542868588780848,6.438685734442397,3.901021718492326,4.779276798088249,4.5607357285633645,4.05066515169395,2.66419091699746,2.6332228661291737,2.058377067829318,1.564114658029499,2.081599103659425,1.4625182575898097,2.710664579374394,3.5692714397452425
7.67382240104276,6.961862673013572,5.6387930416209135,8.061174793350151,2.08978,11.104234945553266,7.748441572174353,12.597519785859028,13.22972389036222,9.96021577224937,7.158631279651171,11.012464408813154,5.704339081645908,6.2842918646241115,7.3759863217201564,15.022955813024051,19.446620510978097,15.115394878295756,11.228221771543954,13.297289202498586,18.422987265845325,18.304478738280192,11.040632381961853,5.820279221718512
3.58248,6.466341664715734,6.203190053929779,4.649196031759909,3.5824800000000003,4.723933079399771,6.680830131772587,5.524042617676148,21.412591949441232,23.19909208599888,3.3644160000000003,6.704396316534719,3.670272,5.698736869054511,7.615116745203303,5.768360584626484,13.520689300382518,6.673442836778131,11.15187069196514,18.81287867196126,20.238475830199324,20.219007606031667,11.89682661151206,3.716567523296421
2.910765,25.3310828847042,35.1075684966805,17.60318670115318,2.910765,3.2018415000000005,3.6751572,4.746042582148672,12.585514047627456,7.199598190470259,4.736685284236927,14.971394173441851,18.984917987764163,2.699073,2.2492275,8.517069000182747,31.036807750870715,46.93758801069556,22.91915654734285,23.947245651442195,17.232205889209414,14.038356194991266,2.578052338508982,18.75821534834873
8.244189309142833,4.47392152238274,14.235481688118112,15.370474220741931,10.46858617392076,12.892241016108938,12.042098742274591,9.082778215167526,7.906603007102322,10.772819052250853,16.647244031195193,99.3267804191462,15.353828104337834,18.090915583704767,21.535523319155153,22.444513976049176,27.169041229681408,18.750049856729543,22.901047941391138,20.749429482107203,15.267617216471574,22.595871043856032,22.45466524256454,38.64089636029268
5.55322102379411,7.519199518661598,7.519199518661598,4.515417500000001,6.711857842829398,7.383043627112338,5.365777115352092,6.340688882412095,9.943311514413256,3.844058146681149,6.303309974135435,7.322026737632069,5.24417150417867,14.376635802543603,23.05271411045227,15.072509805787547,33.40219073144124,29.45036868274244,27.232821773706476,22.490735946405263,15.713476707215715,19.09357855497112,33.61928668303648,30.639463985947224
6.324484589128376,10.490206517975157,13.172308404782244,13.771049695908708,6.911104869320364,10.602153339656308,15.806770085738696,5.514587854676903,6.706150553050764,11.143549039242318,6.490428920753039,11.038316759370288,12.82592914545288,3.7371779999999997,9.673877885555703,10.77734324027638,4.099522963455528,4.347625567424156,9.204928419773132,13.388881152259287,13.310358101061729,18.125369753792075,23.984864489279552,25.216373301014816
2.83613,9.855147636346915,5.365295027232508,10.303108892544502,9.240733888478594,18.561340998170454,19.970291897109025,16.56629854324191,10.471516299245542,11.017953755573606,21.3612851748242,35.19268764477367,48.67590504085125,29.244565724233468,5.932565994212503,4.409481104867177,8.837002549359394,15.945021498064488,12.904483370108553,15.658860335304633,15.13845053202087,27.39853137391222,34.25951954822536,5.148189701435677
16.80373380891089,13.03724251122723,14.9803366179821,12.674105060097522,12.519263983213907,9.54315622356232,25.16440775683579,36.52298776768946,42.01870667490223,60.1697230842997,121.17154219750674,123.31342785474835,38.420972527862226,32.2827221807087,20.42548247134131,34.02889776002348,38.87824787872928,33.367217472338815,38.58475386262656,24.987914369826093,18.177516056253776,30.585609198233108,29.60900774726307,49.18960632751538
11.961960255896487,5.347454364738078,10.22187879151931,8.803661098775086,11.764028656682347,13.651098300002024,11.1314463552962,5.104154165696861,8.103684347903688,6.777363895461978,9.756714567063275,5.054073862874181,11.79469617880337,11.091999510013101,14.07713941503932,13.452935933981836,18.2260695892362,8.950230602893045,9.418205506027828,7.044937935262865,15.713740897575288,19.448693875399787,21.1681703144454,12.656753640634198
39.78905295684717,18.614901129508528,7.433923497399041,6.535579542358173,5.754125406907583,5.093288379039335,20.407433079791225,29.986936931124013,27.460310600836667,61.481589567400526,43.76137488676096,20.13907871795696,23.367449901290357,4.6408917354794905,5.893769265220807,6.566050874501749,24.05157271981841,29.17334637948877,56.053263643841134,71.03114435859236,34.40549133172157,49.20837393008961,52.86170655794023,59.476749922121776
19.20756219512938,14.219192044849066,12.742412102963948,9.59434709648994,14.343704490204164,13.017925750796058,15.109606311631492,11.8096294719779,15.861575184009196,14.443123409908136,10.852803581749257,79.86321766100187,27.407857038816484,14.212491064740266,7.987783030222748,13.517510585103803,9.26270544535291,2.5923419436628508,13.110388401740458,20.673307381771966,15.1110884066546,24.43564777221862,27.39482966527737,14.092542253067483
5.4694236495742405,5.754784883465072,4.523370268591708,4.246207505651203,4.274151077570237,6.016366014531664,16.742887159506736,16.428969990357807,21.6558846,5.941862085118089,3.361088348845506,3.6614290842483808,5.60345695640175,20.177089993088863,94.02615596681697,51.37455275303134,39.66449777239267,47.00202751234098,21.751159872584186,42.54252403002183,15.434139537337783,19.598892288099773,4.77098291423308,3.307596120098256
13.40226660601614,13.57200086997324,11.776910171329009,11.380000948822552,6.162916784196216,11.232441843079938,37.17155133679556,33.771300916468824,42.33977128604556,53.00353668832166,38.093494909107,39.72373766311279,29.97971673156796,19.076446908807387,6.485396922830654,9.811951676751953,24.251155789307568,21.85565364545165,14.515150354838983,20.946440581019715,26.381970628697218,33.600388587148885,6.143044746826561,16.979286370853124
5.797044307989689,9.786388353543,9.475707447726474,8.76212806647193,9.691184769452247,10.068822805209042,14.353385633110406,11.993013261617948,19.74301109182861,29.20993445839733,18.53748329442968,11.113023950390494,7.607100096059206,6.886391659063639,19.15389536801851,6.636480436263999,47.53130718625034,23.217738528451505,24.65613463630729,17.85952621548267,16.189778298288747,22.423828752450643,18.94940573007752,24.887233385867923
7.310734888622569,16.3941418102433,11.167672502693282,8.81100765148702,11.778319269873126,14.487627409313047,9.542110264391138,10.92820255890957,3.2121188462474373,13.194451210126122,9.671155583696072,10.39770456063748,11.785219725880324,12.846582912159924,8.624807277182889,8.44188346763872,8.575079425376542,5.84870168692557,4.96428045982336,5.2052364896301055,11.48989087183328,5.45962419286702,6.463839919619564,7.278232656540863
4.030747971741502,11.786716140764833,12.768930973163984,9.255112139644998,6.773336125151665,13.349336926489618,12.385555907669117,6.546102962108115,12.518534459523512,62.03285957327032,33.427237034009416,15.07698955642569,5.599260907755862,11.733090837243559,9.37763337811254,10.447307159861438,5.537621113481824,20.974385278765254,44.08316865211059,27.7628222771822,3.65509626038414,2.181508647735975,3.1242836478258096,7.339017426348943
17.130183907100324,25.168517488156333,5.039433304800621,7.208398409608489,6.21395082652665,11.365326883729187,28.61852139577184,25.377407587035016,27.760525849906404,11.355198201384564,3.4009540382680155,10.124479989639438,10.58531343249229,7.630927204367404,6.635311289527356,3.4980152739018697,6.393848866151299,3.671544315109335,4.231631530740315,8.053782274284256,6.778418834221356,23.20716011898949,4.998620232010249,5.329909331408495
11.49296582702678,27.980360374335916,15.215494070489209,5.710647092968336,9.702853076908848,12.642262409729458,13.19674132149084,12.758437866471084,30.641263298189354,41.52743694127806,14.346676551820872,7.713128198045502,16.330317729924328,10.657113766879377,4.644137998251576,8.705066783805249,38.15908576174549,42.87852968797908,29.69737893807452,23.439921513549685,21.53058200097028,39.83303697517584,38.6846395072656,13.61654082302521
3.507845,3.690863000000001,3.690863000000001,3.858629500000001,3.5078450000000005,9.120303837527938,4.790981536519696,7.090681417947057,20.566470860072,22.97172449418293,15.37784953762403,17.197141360485173,18.18379029093648,16.6886575929624,9.358792813961777,18.18741318386681,10.848431820346356,9.22995096763107,11.220413997562318,9.780932797812785,1.8910990183371288,18.09593903798208,18.68920963952655,14.471772709069844
11.991032247987537,26.81751781177182,8.994591889102495,10.201755601892184,3.5078450000000005,9.151400271563023,10.793510266922992,6.141596544443372,5.791273746899363,2.970506925,8.028230777050158,3.82674,8.758069938600173,7.926864226834879,6.605720189029065,11.62228979537617,16.853912826744782,14.91062094910822,36.553052704490376,44.77726767856414,8.696189332106053,13.798091062226002,14.681374048416767,5.1696940609792685
6.347000574590603,9.188457788307398,9.188457788307398,4.104925000000001,5.323003294360427,7.855736336706719,10.45211213269898,35.6862942082475,29.44785309572659,29.41200671550893,26.55495281465006,12.88672683431654,3.8232000000000004,8.097716743564668,8.919647144956679,15.389273729814983,21.793827229652905,23.64910149750135,44.38975141467272,19.670704150718844,17.574477257239515,24.78588435479736,33.21120675139746,30.699853105007666
4.395332811031259,12.370812927717212,13.689018586107323,51.67239618074851,12.272006465021157,9.975733363605409,24.80338160343019,25.86792819737646,24.63713665621434,24.90056642785457,25.610952403177045,32.15769662142885,14.049618489253572,18.37091764958341,8.27952037594819,29.54611141296126,11.091494899261464,3.548620941200135,12.047164958709802,27.125822084719143,20.017259915409987,7.30046849355257,4.984740307501923,18.752251038876484
7.892150411213462,4.656183771880981,9.426293552375148,3.694432500000001,3.358575,6.627922471961655,7.944415947207233,10.826148113949092,2.2752819,7.812367663876868,6.409966024216727,5.991297002548087,9.451635737015495,17.62932284816129,8.647365034408566,4.498337332465948,5.29920812172489,11.079059566859955,7.025456292650102,7.734586506781511,24.575838142854668,11.711963361609495,9.160215158937769,14.18347226411525
14.891144294990353,31.775845016798844,31.97579509984648,51.51448846109355,9.601740808949412,12.27148818619897,11.889076765763797,32.17568406214984,21.62135357693244,5.20862479852048,9.139605281497014,13.316363711908476,11.031974233103016,5.94775315479949,9.66848061703856,23.873213237073678,15.994933067307354,9.827277668685754,25.2492797914041,2.959441151208679,2.921868920885008,20.557118218783863,25.00930211368141,19.581604069989314
19.718689340933203,13.264612370870871,7.466082554590391,10.167024353384145,12.606862997108676,13.867549296819544,15.917534845045054,9.077706014509156,88.3388461330707,39.32378923857715,35.18669056795213,64.21124261917198,53.610705198138966,11.45771844027719,7.1421245457657205,8.489524993427317,5.852477420603339,27.164853593195296,34.71284544635661,31.812514206010302,16.440939563330986,16.32403521836938,16.503452775927244,7.169448817478078
3.43321,9.666313111377764,9.666313111377764,8.37955644005582,6.571636436401695,7.804178260048843,11.599575733653316,14.972388952403223,11.91392409665652,19.494978825787708,16.574002415944783,25.983273981612548,22.34272108112502,32.61578592328218,15.912552868563052,27.25498972986409,11.537623597765062,2.9319224528277434,2.311138425030136,9.49365048520076,13.729803362194186,21.104046597551115,15.688908365131503,22.589351021991146
4.428724671433906,13.436500476754471,9.94418278430217,8.750847757181983,13.185120840130288,11.387032625813427,13.819604629557382,27.775183970190444,40.17273777083998,16.5066211468892,20.96139711876255,76.27642520072945,15.224638855624857,10.879686217200177,9.716044974729524,5.485595795814853,11.364679271825722,16.6430360223315,11.342462262399431,14.40580619508247,18.27694063716515,49.0074331891256,50.43048575242535,20.69055929935399
6.364031490447481,6.1693719076396505,8.647880815279303,9.040966306882904,3.5078450000000005,9.040966306882904,9.890313448864882,15.267562993918522,24.624673438083036,40.32196932560447,40.88789238575666,48.15850226992182,18.48106310610978,13.859835048582017,6.351092033760716,7.075538848864883,5.1443845473461804,6.907833290185363,13.70126605670406,18.929917540152665,13.742322869280551,15.24442490907636,22.847604997711592,16.47863482640994
6.659654638200927,12.33528757258123,9.049225924416316,7.325620102021021,12.091045884041922,9.226607038065367,12.772542648543329,19.281863889949864,23.639102214286225,17.074040432390884,8.726302028897539,9.765995241785484,9.752341231575057,11.041345286522283,6.82318598978678,6.700542206745422,19.38749300671221,10.0939121532432,12.72174505831366,14.520918939732924,2.330575795694628,10.020124335012133,12.881944235253757,8.040261972317046
4.708982975637759,8.123993527848137,8.933502305001069,12.935056822875923,6.117111695184955,10.146961958172474,47.36470561411724,54.29174863147157,28.71419606958063,5.61442452405872,11.043368670913834,12.828155526819096,7.085900318926266,7.574667700324296,8.977800218319727,32.02969073999146,24.65873521843347,24.329281928747324,22.932399319903165,25.341676305722107,23.91558419035911,34.61266872212176,27.68768700164612,29.53085066029936
5.676762884157718,5.972941817244209,4.626328040039416,5.220567540318607,5.560413835037846,3.940728000000001,7.167530180693049,4.078383908600962,2.4269673600000004,4.807186024175375,5.331220795556813,3.90816,3.670272,5.263907401673518,2.76828,4.8869523959270795,3.5531374961296267,2.325040824974265,2.7270388242284818,15.140166909232148,14.466355237558863,16.32410823319696,26.75512039343857,3.0811766747012954
15.826162930473464,8.929924314483635,3.7693920000000007,4.964301517729674,6.50697576494192,4.67185194123548,7.39770711635994,63.45445572622193,70.75903871901049,40.24834773884407,42.35553412226678,37.10539909884101,35.93699002811333,90.46289289752966,39.40225548047633,23.059880371202006,42.11856128120441,27.02417414913538,22.971954060030665,27.00935507118441,18.80474192183664,30.77992252071062,29.92081464412243,34.44630072683348
7.190488640638035,18.053973594332167,22.86756752449336,92.12466265794328,12.969499813678292,26.713134528926386,34.067871001071595,32.01075000596382,69.03406506429455,89.22889827404323,9.962766390413003,17.576101504507136,14.340100109964382,9.449556776478643,9.25086912497852,37.58609209393253,23.282139546426524,27.336139519933607,45.56745832486296,14.622326649191692,11.341532957541263,20.226639147886523,27.407555238691728,25.6096587276128
36.32892006710495,14.348585852685154,19.64665397223196,11.122270542570051,24.458914197801043,9.689125376410995,48.32048587523312,92.45255319636668,37.3122711746289,11.288994018029092,7.242784844189097,8.413335930118645,13.6577621390144,8.87817480281265,20.914975250051842,79.64112305410103,28.98030895814652,59.429127596928986,67.53721394391208,13.876484738854044,17.339366142433974,15.749408856148198,6.449498787867912,4.014840345000396
3.507845,3.690863000000001,3.690863000000001,3.858629500000001,3.5078450000000005,3.858629500000001,4.429035600000001,7.10061066,10.86116837723646,14.307372158997683,3.2943240000000005,12.272910630177796,4.581887243720539,3.6415564801678033,2.7106075,3.019797000000001,2.1955920750000004,2.173604671087143,12.739701119524032,11.33023427907177,9.743235241068678,6.958792005501842,11.307778368123834,2.1213450000000003
2.9854,5.695354034322518,5.695354034322518,10.88688371394598,13.934466146843183,32.015309537757645,21.301308510861325,26.92436927638205,12.825708920557965,27.88104810128933,37.71539802311421,14.11012526349868,26.048618024673882,31.05552428307346,19.839673553301473,32.64431783936238,23.62622347919892,19.16729489260369,17.773978822256474,51.20769640736654,14.234074825595837,23.546634359097418,22.346170605461296,3.2734378935061805
24.22176771472067,11.55125678503585,10.752228994619667,12.716766608893831,5.387203401903717,12.629738886391085,14.59663645542597,7.925579514265663,7.441690543543351,5.8267501749308535,11.724715340727489,13.369262515471974,21.02226285126705,13.647987753806984,12.507190111332063,8.508534803231596,19.90656216566432,55.37020864128404,18.013670711064012,14.633218872645331,4.491327365326943,4.129873818174184,11.050599117442152,19.052359128702715
3.806385,4.004979000000001,9.69505512750542,10.13573945148294,9.214308592257217,4.1870235000000005,11.634066153006508,6.619879790367748,4.82901337064878,6.345721495777435,8.653437634467647,4.15242,9.440113783055613,15.734331776829267,7.578919963918025,8.592692945727347,26.239857417898,19.188317949536582,14.682185776482036,15.191394239061678,16.615340097167575,26.45498265897872,7.996886497093198,5.572289385831438
3.955655,11.165181111116215,7.213325174296249,15.152670897595726,12.167342919641102,18.72228928289449,63.24374522597608,14.874347040595218,24.49329495703184,25.59572574520028,7.4897399938137585,15.027442212491628,14.112728338687795,13.066531553486817,16.304421920309586,37.07324546506455,48.834307984927314,63.0364111109792,35.84807581416298,32.1456491972135,32.570873066081106,32.24490247948016,32.47693706363047,48.956025461065806
7.338740860477248,5.397405275192164,8.754621204775187,4.5627982928699975,9.056832928699963,9.96251622156996,4.617505200000001,6.506743796253836,15.322539254579748,6.285090118570155,12.371709273320077,11.902270545188353,9.395896942071237,4.756691500977016,6.0501642384179535,7.796751825576491,8.185979190485797,20.05914977897483,20.90748046532338,16.269033612819268,10.4531000946375,17.343654379195716,4.381645654042987,9.42011476126032
10.09247103650366,10.874294702889689,13.700796710976782,15.706920680910974,9.326935919799991,12.827145502239032,14.853098803037769,30.38322750348528,27.124926911251936,10.362887392441849,12.225777477438871,10.666986465506897,12.052101207573843,8.607478992886545,9.883923112427597,19.856338381308408,27.60525463240463,41.590869624845375,44.96881440384213,51.66589563732912,34.77275824039512,29.171862970862016,42.0512840295565,35.00418857978174
14.777590611154167,9.497607066150572,4.179684412097755,9.399826343862117,6.138523338119144,7.017120739124163,11.397128479380688,64.22352452734974,17.305789090616756,9.657835478915958,8.477203001192246,10.564856011485938,12.88675660045319,6.302307694015514,39.82905166560496,16.985167898179093,30.957748020504383,27.36955356278728,26.33447246797331,21.49666934695188,14.21412459227698,18.41577303396808,19.44095650910214,15.111625444051189
4.104925000000001,4.319095000000002,4.319095000000002,4.515417500000001,4.104925000000001,4.515417500000001,5.182914000000001,2.949120900000001,2.7809001,3.4761251250000003,53.615901658604905,16.07205150529581,4.20552,15.119355228727327,3.1719874999999997,3.533805000000001,2.5693098750000005,1.8314040789000003,7.430009712674854,18.139700543181483,18.673936740713675,11.965834399553092,10.313324402081207,2.482425
8.313589575308042,8.747342074889334,3.062631000000001,9.144948532838848,8.313589575308043,6.443536245184826,10.05126044309127,12.870639698398769,23.026375108254285,22.27830762258121,15.145475652983524,58.85661891163568,13.340805242356756,7.967493473240733,6.424137399101669,7.156916243091272,3.820137967615481,2.1751626663561927,3.3201585080449787,8.93769497559019,15.101712864373283,17.601436678478787,21.27663315483344,22.51294854238044
53.50082062812393,36.12358797562235,25.26539946984282,12.64365022053646,6.627331495014974,8.406510192688625,51.72761746057326,33.8474307178037,37.4427643914266,40.33658060494905,80.6056721751806,21.833544849518272,25.185998241848733,8.054035931976534,15.36407850190339,25.798941953097422,26.61327193167817,23.7607185086502,45.55471674538195,21.12651780828232,34.48745751038145,28.93318795568404,26.57282808273227,9.733986034644628
16.874765307371582,20.429924318070317,6.724383048677785,11.553248830261516,3.88102,6.387492915130759,48.44569883014252,67.19587127154105,67.90823195869207,89.8964911394278,62.81891147868665,4.23384,18.17179883419567,22.965958925626282,21.24285385761831,27.52666454781148,36.69744026355959,41.72650906044987,38.36725455794114,24.898483906100356,22.493669211346244,27.55415476353157,28.6203584269862,5.203586278097558
56.49404088255417,10.662262829683996,7.76971710623217,7.0895212745655805,4.208295756925482,10.189615647687909,12.034798960619124,2.2520559600000003,10.99115948267838,7.503382635441034,7.877210316998041,6.312852520805208,24.933814499672714,19.681593032178768,40.734051876001104,40.46784777494551,29.46314885718304,21.740126073643463,19.770223806310284,22.98780509773449,22.79319654296026,23.974699077623647,33.35085438070285,4.546848616238204
3.657115,9.487573320145824,3.847921000000001,9.91882665287972,9.017115138981564,4.022826500000002,11.385087984174987,6.4782091546318,8.201229225920239,25.700941775722367,21.125198860070544,5.8500759160101286,8.738874110039603,6.872090444411962,5.273390579989516,7.762559989210219,5.643894339262552,7.366794767020157,9.610952929856666,6.128903757217568,4.769450181650363,19.071325200347907,13.244777751423422,5.011025780456237
5.792925933628685,9.416061783167327,12.071501508417043,11.235473658610468,4.738828155509479,12.620206122435995,14.16791540101354,14.383521911299926,63.54671353859193,26.7509735193712,29.92149076527864,17.878995694658748,10.206432775375909,8.537389620909943,6.096031708619538,25.517757501056217,39.31812927678124,58.64997249391191,42.737238708120586,40.36979539101674,32.354026266374554,33.427122673940346,28.41149405459948,36.98411717693975
34.454861638633986,21.95600673782126,23.614225922559253,22.65165187584421,7.849489134649123,4.99100776202851,8.23802350648467,16.14710692126421,24.849542423892604,6.460100843844886,3.224232,8.322191103181819,8.041848156921155,6.2548433981877976,4.871111565357855,4.8564661492620145,13.58022863470239,17.039047716095016,19.12185973046754,23.29708265238642,25.296841202960096,19.577631436607696,23.00587004204045,4.7469242592937375
3.43321,3.612334000000001,3.612334000000001,28.00296909612471,3.4332100000000003,3.7765310000000007,18.174402398415083,21.688361800952134,18.84800938161292,2.90730465,3.224232,3.74532,4.40151653704405,7.690705971557172,14.866792912446776,40.939169724713125,14.04827772773151,17.658623571097795,16.382415024382375,19.47535890286641,17.227065854741085,21.737173924017267,26.50226079063736,25.73639642961685
19.05580185309493,8.325604265028863,14.922995630527987,16.010633360934605,8.905512930145614,11.512594807936123,23.44525195517162,23.79880214430157,18.697520734729107,6.546267082791095,12.2687401718967,22.64422158814228,14.921492995940124,10.820581504495241,8.084213818567713,10.72883745638964,5.557619437094679,6.244714793502762,4.326735795025552,5.060075717438096,3.657518035366965,5.75112854362834,6.411602384755919,2.8713553728748047
26.08684577077028,30.346095498812858,13.191296947972557,9.509269447800898,7.347326192880307,12.017540367994696,12.375621706232955,5.605683797850424,8.456968083266327,8.47140837462228,8.19284306991353,9.516938919596525,8.16281041253872,12.828658631361408,17.975941103633534,10.991143282314853,14.7626117071773,26.45584736296309,24.47805779034237,15.000959033162289,5.785177429681508,23.454985042100468,36.8783877419955,29.917545940546983
4.768805308345183,11.01951122923134,10.39247858777128,13.23580476549142,4.03029,13.23580476549142,15.1924019916945,16.988864575975967,30.14234332304003,72.72797939982794,69.9516953057814,56.78059314012965,37.53521870324663,22.755246656751645,24.962132153309053,22.96187704126935,19.03394279795291,19.32649081126794,11.684386052052496,14.559653455669862,16.9076949701157,16.170483897269904,23.21974827761188,6.383377205645698
2.462955,10.524463573939489,5.459716714806526,8.603940156734915,10.547795739203227,11.602575313123555,20.071958057767823,25.531455610767896,21.254919748504182,26.39674770776768,16.626493398907158,12.244914359049586,14.639575792679231,4.940216154419537,14.28761703581363,21.91873067155934,17.181418365788083,11.380826184455485,15.85692335434884,16.066876335172353,12.855327118739783,6.588939989481789,7.158846343887998,5.677348861074657
7.460725840433389,10.684010225598424,8.369495598108088,6.632672358101955,10.249099594577013,20.1419625,12.82081227071811,16.520069382969673,59.4853645995312,17.59367096802409,7.393709708356985,14.556347399208155,31.680112427798154,11.046583711097199,14.463054145658909,22.810084257545842,41.86129644346878,25.37487407066864,26.996373804827527,24.754647198548057,32.72831284510745,37.363404493153055,18.628793289502408,4.4778461382758525
18.60660497555873,29.097605747305384,40.37623099393529,8.810263210394458,4.828065304238438,18.42719259769364,40.8942960838143,25.22091569498673,28.10909177838386,46.65698359808684,89.11950053102244,81.6044384318327,14.127988639217174,26.7952054053932,26.303337354755303,21.59907247142988,39.82773745179003,13.642146060325937,19.536997212499163,19.7696305011941,21.65414249115785,28.247111208520185,22.94414322705201,13.1694420505298
3.209305,7.008124546202178,7.008124546202178,3.5302355000000003,6.660614238126036,3.5302355000000003,23.94510318754737,28.030294231589792,27.790676113099064,17.813029323478904,25.185503412769044,88.74545391785804,25.593027097196295,18.726611947022505,2.4799175,5.7339200832563275,4.168939002681615,2.971619721111455,5.158874431301552,21.247661366609837,27.488977685373904,30.40334207685004,31.393506005435587,39.37042024611431
24.50843747088862,8.838912939395412,12.270067461985072,10.60112154014342,11.83184087773347,11.992125757949866,65.73685004921258,29.495013605700382,41.68302230698852,12.117950005512736,40.54813772344003,25.591980613535945,21.582636784062807,8.719844110444008,7.514302809175469,25.155538642972225,37.89970737438457,28.605104563008585,26.09387906681116,18.869401212816506,24.77302643246958,24.495126874241343,31.35222251353445,48.10023746844907
9.827343398122862,3.455276000000001,10.340074358024928,7.58667180136116,8.199360601873371,5.224036968286995,8.708179806779768,16.202125697851404,20.03292504559609,23.238201244129137,17.62277531557747,25.562353924889862,10.150894430158012,17.413632718607374,5.9187221475625496,10.467186352975384,47.142782770978,12.63608464752894,25.06831111869865,18.07604627753668,17.81197904224998,20.638181771114347,17.696972977719664,5.943017944319361
3.2839400000000003,5.919826412401572,6.166281453641729,3.612334,8.437090862294193,9.280799948523612,8.845531843346455,12.288633686647868,3.1768179368384217,5.756205902620067,7.923528809806722,8.181986554774982,6.724055570444337,5.434296127063671,6.3703163018951,4.313603765184398,12.380258897890132,18.510505143588063,13.468832378497616,17.2918576999872,14.634236470554365,11.844396651246091,2.608642583884888,3.685757639808146
10.094284507634598,11.011245368719171,6.582381233682674,12.599872691028658,11.45442971911696,6.8815803806682485,14.462462567093764,7.696255836436236,50.40039854672456,57.58060376297134,55.87798785786126,11.980192993925304,9.454896340802794,8.557556641791416,4.834168036006619,7.944739286369015,7.1694316923745705,5.110370910324594,5.079697814868562,13.890066428624028,18.4688226753672,5.5856743819163,4.883558987092787,6.926987142390891
3.507845,9.20770107763175,9.20770107763175,8.315413980070277,6.60614437117185,7.004595015343725,4.716531600000001,9.780246772221126,13.673297214600217,41.872600207891054,19.73895469829606,4.258294493297767,8.477232730968339,9.967673758233493,15.16226500266308,23.34284384980247,14.748034155085586,19.410345933640063,18.49010077364134,22.59645446598596,17.486108379462273,33.62705325190511,30.251717630440293,22.0840490444284
10.834211252204383,13.038631478550116,12.738566266378983,9.010605413361992,11.669388137982748,10.359139378201723,18.582060564272265,14.038291113509436,17.256941328027633,17.461751694851735,29.81714067955765,75.44662976931639,17.60226917449376,17.12392052826647,10.040765543520068,11.171504455359505,12.567614782251058,24.384454503176507,25.1863690574164,24.816897647289487,18.129082305613306,14.321728632723373,6.537368200767457,3.929628697362957
3.955655,13.147975494897176,7.995000203073868,9.439132972482104,12.49600976787748,20.026457128228188,12.850126599392937,40.12671990331493,38.12789915343107,7.95778131210946,6.113955495274532,10.8452011411535,12.802236094204911,29.11815880948508,16.339078782567302,30.369452011657625,17.13296228643584,5.569901797432896,4.6644927370486045,4.083699190738381,9.846675820462371,52.91264078846972,3.149613436959608,7.556875472273734
3.43321,3.612334000000001,3.612334000000001,3.7765310000000007,3.4332100000000003,3.7765310000000007,4.334800800000001,12.449465249577718,30.23009272755044,41.79702420193459,3.224232,3.74532,3.517344,3.183522,24.295290844602853,33.203901535047,71.53080311994307,29.794128969565364,23.082528420924337,18.736671536646572,23.27998417762169,25.14152108657357,35.37569100802187,36.13124627806704
3.43321,3.612334000000001,3.612334000000001,3.7765310000000007,3.4332100000000003,3.7765310000000007,4.334800800000001,2.4665374800000004,2.4801001200000004,54.69843338078155,10.951646463114075,3.74532,3.517344,3.183522,2.6529350000000003,2.955546000000001,5.98236409174104,15.047433708891422,16.216046369741363,44.24934492468638,17.65939197993184,14.56348245261781,19.384720182667337,17.49455855203357
12.286225093746804,11.584622015086808,7.3058044440009935,10.988274254984344,12.286225093746802,12.662164986791971,155.84249635922836,68.64831844604703,63.99515103676561,104.13211579565436,37.43433631451077,16.055587531788873,23.46417997983843,11.392681450565217,5.155340914023398,10.576837254616816,14.68912896608792,29.674821112330743,47.84840423182796,47.633778657609255,38.804209599210544,65.25297551803534,68.33203788952088,64.20140354051988
5.619918235675226,3.455276000000001,3.455276000000001,4.065788598689897,5.207686782320773,6.333061592139383,7.269253305759987,7.108106607451034,20.58820034205925,20.24832771718216,17.580192569318015,7.379239128818377,15.898689996743315,5.991332266054745,5.465007290580989,35.11779283231585,3.603564385279309,2.5686206938270923,3.073849581468028,2.36497045978965,2.030530192748689,10.952911785231128,14.522878565140951,14.30419812020456
3.731750000000001,12.501313201643816,12.501313201643816,7.1915485592480906,9.075391955964864,12.849081599434577,69.76596663056594,57.3003205792445,40.01023312859681,32.01193440055021,34.237149033239284,9.900427588325304,16.563645051305834,20.690282730940034,53.90478401778379,8.454362121259729,27.09022899899754,29.50049094709925,27.652942900982996,60.27055310714844,24.0055160262854,25.954797310362725,35.38974545746278,28.31418597955121
7.414102907743834,11.892097183908623,8.78616494464959,8.83382482577326,10.732864956466752,13.023030869978497,10.199170366081033,5.74905643890145,11.869092929741605,17.85761915452229,20.782748630807635,28.333855737492367,19.85236159476938,5.136481138501245,8.806477055708758,10.191937202591868,2.4569881597065995,5.042546016997878,3.139362154607103,12.636962408692234,16.884176477601766,7.516054444387157,4.299578134569638,11.189316923506508
6.387226250619945,6.473609761462557,9.435966675217625,9.090621876177895,5.214116591247243,8.574453626053907,24.565714883126304,35.9798504172621,25.735153818613103,7.395640498058018,8.422185131599202,17.887520327630103,27.127893206384755,22.579772485728277,22.139845850297334,23.97104741704318,27.8949070932218,22.46956910039843,18.356174892315973,17.826048231750754,13.253666026504252,27.46853689593761,21.001681372985388,13.59461063435169
8.440511538265987,13.762321396605447,9.779226455678108,12.019074199084688,5.944477685658849,14.387881460087511,6.297114208511588,10.999749764868866,89.82423977817322,20.37691560135395,10.710761958618292,6.722570739434218,11.552728595191406,11.251059659497553,6.0395406234083175,11.281861142677187,4.892027904960737,5.835567761504658,3.8630057319431854,8.252804750036908,19.506158876862784,29.58418662516233,33.77273526057913,11.338625660355673
26.012465880921702,17.677417324459824,17.60000022327716,12.44747230138289,12.544459765526712,14.387977971933454,10.614129635150327,10.567213505039584,24.80094794835142,33.974067692148985,28.978680765675907,15.3905016131049,60.00948354015018,15.790443786783992,11.261244310717894,10.851433705118499,11.94275345387155,15.73417627132943,15.3551383013155,18.734708543849862,20.81390823761207,24.85785640236192,22.151081679604488,6.789635908963507
25.031737570564147,13.754241001709095,9.2256688628713,4.1870235000000005,3.806385,9.645017447547266,14.164736890023237,18.39769620286392,13.339245017335688,10.008344520894203,26.181979422718296,20.15485819454996,3.899664,8.130510575618356,6.775425479681963,26.352711063759486,39.66693367437362,40.4448654457328,39.818790391880405,44.95890835220134,38.98391231535621,23.15796472672148,32.37716341381515,4.861033446919476
17.139646842204304,8.418665891202151,3.533805,7.449600393072406,6.952037098633882,7.449600393072408,44.98439257187711,12.5538133020448,27.01722218400267,20.71683916825147,6.813989623064864,7.656750694786263,3.440879999999999,6.446434400551417,9.458119392314272,5.984797154476126,2.562004195124264,10.242497336969905,21.351447336007094,19.862923050953647,17.850176381813586,19.54943336537369,45.55417407159222,19.264661746314363
7.666678175671781,5.020724653209792,9.238199592653851,9.6581177559563,7.003635075513715,25.783364217664143,16.17523333278122,9.190077598518952,4.968819032704958,6.869431199578982,8.245665752120793,9.578298600948395,3.9761279999999997,8.141553810806133,7.323746355408199,16.29460083734657,14.43453032210499,14.652614151907157,22.24470590985241,20.936665168078992,19.327468801464875,22.866947909502503,26.52604957199765,21.24977622643538
8.425783291690893,4.927573221926084,7.475571910163468,9.26836162085998,7.54518269320164,7.57320546876817,7.024941839360342,10.576544083534358,20.65111746195464,35.48295299678073,21.383840038991814,32.77352675619327,17.66166429249211,7.200581363345845,3.1085120494163014,7.253500398933897,3.206864660095217,20.23055388718536,45.89331998303824,79.01719332848148,24.71844280312642,36.09278380844876,34.608407480748895,33.7392667087836
3.209305,4.872605675609068,4.736618523280971,5.3784245248227736,5.535696779497196,6.089266457446916,4.052096400000001,5.145304826182864,14.211024479109575,28.64160394583159,45.41202442961164,20.859131963946755,8.669118004117387,66.05525976485504,7.17572525257389,5.173759935129008,14.510257349343936,15.767873656487769,31.662075915399438,7.407606765002781,7.927433617881711,16.302041347228037,19.485420450606824,23.49851108140582
7.852096376241669,8.525437796456565,11.12820970448305,11.948847597664434,10.004015508764276,12.578467956346929,7.429640954011392,7.543359956514424,6.3895028938463305,3.2865183,10.87331453731142,12.6306178968769,11.861797677067004,10.532230237226761,5.210446466446758,9.967204992535471,4.220461637821875,15.819891626696206,33.65949360034169,18.098014664724992,8.604939599192567,15.610090865733223,9.999110527738402,6.33720674136023
3.060035,7.963393318154582,7.3704302783852595,7.085533931280296,9.259194052133829,10.185113457347212,14.289954717226813,27.61462695347029,37.598709337334846,5.454689964452558,8.695590935916986,7.949164749521026,70.96303711742561,2.837487,3.6285873862104605,9.2930454971265,5.795413731721945,4.130970907971403,2.1223364529995283,11.943670122670808,17.6687999087891,19.38595894362008,14.027170719083964,3.384175318862429
3.209305,3.3767470000000013,3.3767470000000013,3.5302355000000003,3.209305,3.5302355000000003,4.052096400000001,2.30567634,8.19872766,2.717697825,3.0139560000000003,3.50106,3.287952,90.07179432590748,12.05213164850308,31.008534475401895,3.056064635053174,14.083759116594477,12.071228396062669,18.635168614606084,24.799920070561463,23.37343257918693,8.947084519653494,1.940805
5.330678986949028,5.866742642652167,6.89850773775361,6.537911578465898,7.557249184061236,6.942410394159078,7.968679756773899,6.970463784090406,8.937553230061928,26.561989819422017,35.96639535478651,36.888342386451406,82.9177711656264,7.521005854507924,63.01404597278583,21.26263092423108,73.93869874573093,16.053746278045093,16.026253651822515,46.78753285030641,22.20701481768382,29.975670057808458,19.638040519370914,61.19036910412824
6.103721489193464,11.926486115991946,11.926486115991946,10.204044396019375,8.59236041831028,8.806641086531537,13.711313201818005,4.385125821192732,6.977263740375427,3.590912513092784,14.870684150394252,26.704049307686816,30.621942667874546,7.566738567886603,17.64280927384514,25.462849112424514,10.672214697237214,5.857168435854855,10.614695924223478,13.121014854803168,15.10556798340619,12.978481101649749,1.7331839999999998,6.854817339394317
3.955655,10.287927818327008,10.287927818327008,4.3512205,9.777782637252937,4.3512205,12.690508581992402,11.647746311366411,6.624003292073533,7.607692723261201,4.211943023575746,10.666671967912292,10.017396282908939,9.066671172725451,7.351063091940699,4.587974929027748,5.411190418883403,10.434446912603574,16.5830894662622,18.59775586110125,11.544734867103983,14.81677534290814,14.928801278669477,5.91304641699486
3.358575,3.533805,3.533805,3.694432500000001,3.358575,3.694432500000001,4.240566,55.2225899032582,22.408912718200952,23.444740523616264,17.874276925808317,15.46015342906044,6.712602533447472,10.300569566075438,7.174689122319715,4.804914328307997,17.459578139681206,34.75503689689658,38.68887565704127,10.01337960706106,14.354505660967682,12.047250885781873,23.43220996226306,2.031075
3.88102,7.941806411955935,7.941806411955935,4.269122,6.99795115511316,4.672489561249938,9.53016769434712,45.14031451854389,80.76961407348783,106.16790555718109,28.725068072122035,8.234179450412611,5.103180158203206,19.806856429770235,6.639137680902671,13.335956770232416,43.106662503990655,36.15167121246204,36.32939865986472,69.05125479596542,33.236672599572536,40.0638301385117,38.9565619932776,73.12783216638348
22.228755419110826,11.9071917410879,3.612334000000001,12.448427729319164,11.31675248119924,10.67171150758822,9.85882699577037,50.76787480679599,22.466179307632896,83.72057708300522,25.050355729358508,11.620397895733497,18.837428231755343,19.254183196961208,38.95265562839893,8.550413304020324,23.87597242051929,10.997335510999283,45.38123007015095,42.086330240216206,24.564661085475056,24.1920559391773,5.251718467943599,6.843727785073059
7.734500616752413,13.26823116589162,3.3767470000000013,13.62754249597326,8.186306730995817,24.709096001660576,27.5162866599228,24.90556605079695,21.570525115537304,25.10057671434852,11.842718726580948,12.769378062979362,10.383718017928421,64.88316805938618,8.545522049730033,6.960222316248575,12.151480324322254,20.914312942859336,6.631996899367671,9.085228630614676,13.58817666415468,19.74386932273665,21.567621860836493,11.79470313455744
17.43423,12.318491393323844,3.612334000000001,7.846758820293111,3.69751050781124,7.265297703108379,15.428354163817932,39.71463912733092,2.32584372,6.040707306696721,11.061815627085714,14.309422573477717,10.650400750742252,6.614623137767744,2.6529350000000003,6.1409416854467835,12.223322595711704,11.63899278200488,15.78249384841318,9.93409016498702,14.693701023201266,24.890935297419656,24.172133563611627,16.494459162018575
8.523748065803069,28.302068256623304,7.231245131525317,8.078848029287531,8.523748065803067,9.376122872383377,6.295020706857839,5.107021776066564,5.774451871487678,63.858853463442806,23.47160452993104,26.04685086357529,26.906894543889504,14.250122094814397,6.586532596302369,3.2768010000000007,29.023247947334944,42.38198143910292,16.64261800412454,34.302766783211815,17.98514458300297,27.94505664908793,23.76141712086778,5.154677684062725
6.054190745903019,12.18931162048645,11.68175156999644,10.620847392095795,5.586682134094247,10.981168698010132,20.04483618517952,49.79546553752327,21.38429558223988,4.615358894855432,8.83245556138325,12.479177859714932,7.173755460944742,9.847728514185606,8.95195500302442,14.434353869567408,9.73691410373567,32.14373025759078,21.670277021162235,21.716872199133068,14.55609665058635,1.719187503218555,5.604702262763114,7.005877828453892
11.370705052116298,3.017782699987462,10.858417828773533,9.927786296727806,4.019006020053443,9.066604599711614,13.676343874498144,37.94913078076178,19.851696078177685,7.223430373755914,7.740658472481062,11.25816424020095,27.191263780044665,31.639466376107514,8.756533003475672,9.80829591443055,18.520487422331435,14.248148274621348,26.66990026777825,9.179751244675844,2.6863999038733266,13.263495839723314,20.96608028855521,3.4552016605442564
37.426250474746425,12.760215091224348,10.729447210567916,7.41474167825141,10.106992367771882,13.340224868098185,19.40363804483587,11.694366155109604,24.15706403047388,75.49456450858295,46.61233298239752,37.71926310702701,37.43454367543861,28.568963622787557,23.624007540604573,9.294226823955475,19.40700168533461,16.67759281729485,19.235628899775115,21.888541469682576,22.59182827813924,18.334942530605023,17.654728807788526,10.054925404266209
6.028591436494773,4.319095000000002,8.519362355396028,8.906606098823119,8.096914635293743,4.515417500000001,43.50780834743272,5.817105105808428,35.36233745127899,11.705161990453538,7.604058961841081,8.521933656531326,5.081909367703111,6.450430083116635,6.256706763636074,13.588565165367312,15.043571296436854,52.72309663014059,16.263721303004534,18.82147487398556,20.037556112700987,20.06421900970681,15.942639416861724,36.45520645784903
40.72289434848015,20.442611846295552,3.847921000000001,4.022826500000002,3.657115000000001,4.022826500000002,4.617505200000001,2.62739862,11.602956830463368,18.59489456468462,5.121468,5.385851643053649,54.28354226729994,21.86442286197177,107.73299927733709,27.04100187050151,74.00675367599699,27.20089557603005,33.98670457366441,15.969203046886472,16.270046812842807,23.21080960334353,23.54194441635747,5.85834745408227
17.881439652515382,10.867917300378329,9.423590523249343,23.068663725204782,11.069240603526907,15.85288784767626,10.792780149603374,10.14076762706964,26.092957843226035,17.907744363696334,11.861879217254044,10.040251535397015,12.45252257817286,14.520597949994285,25.563773196552173,36.03349935685426,39.124202167721066,24.56987835665045,33.266433004564455,34.918912219039576,31.73247536596644,27.26662981928525,23.05578292247194,35.060465394020426
3.1346700000000003,9.275728525550948,3.298218000000001,9.697352549439625,8.815775044945113,4.016247504494511,10.152736144661892,18.43302357769624,31.09765574727992,41.32821023032969,50.80676699161375,39.37566823985386,19.09688355223541,16.612735902959688,10.668280799445492,16.64525606091815,28.68937714358612,27.67796286237174,22.644919159508127,4.584165563455299,2.6538275471285293,16.04345155320135,24.095022634956884,15.15244823922093
7.975880074183735,11.244897766733075,7.148213653739696,11.8730515412019,12.096201102911504,14.73859088520341,31.30378816372175,23.949216354273567,36.33727364071211,24.033593611097988,7.490391721842115,14.332598628895797,9.990642616936602,15.424431013246016,90.13480192373102,81.57715280422624,50.55638355563256,31.073040045590396,29.017951906728435,71.50498674255348,33.23011189884373,56.57158570035506,30.177597752573345,22.33183206905062
8.320009024118173,4.004979000000001,8.754096451463472,9.152009926529992,6.473526468797104,6.218154310853179,18.12527490776113,24.365967684859164,21.179079960660378,21.613468381401933,12.740046644128316,16.722085842193707,25.27348351632745,24.21873585070557,27.841489805190424,33.85388921258299,33.20093393935007,33.3546423839287,24.19661665614516,22.00812462539381,16.7688632551861,18.46506483297421,25.51792358883444,22.692038380856133
17.402605,4.162037,4.162037,4.3512205,3.955655,5.189666056941087,8.857717359948657,42.59391012747261,40.25803482080115,61.3651155474195,18.32963528653557,27.29393836287972,38.30946869888997,3.667970999999999,3.0566424999999997,3.405303,2.475880425,1.7648075669400003,1.579751019,3.745701533343833,1.395104796,8.920562137159573,16.819527762254577,14.13012929032127
6.313046307494343,11.936712676711071,3.847921000000001,12.479290525652493,15.324363712224386,10.388149724995133,23.013437963957028,31.16967977447333,14.958215919632933,8.46489785037141,21.45923144003393,25.918132295391008,90.7935161889411,53.58246682224399,36.87574840446666,49.456272558283054,26.913586955098783,22.5476609429512,25.00226770831658,26.678476947689568,37.00077259405071,53.96151640277643,20.91376484137788,29.871542396309152
60.89404286752944,86.44781529118252,7.392250154356797,7.728261525009376,8.635345943194606,10.67929321251719,21.177618867428944,18.01720349332895,14.967639352701152,68.23860905665546,21.75004447777339,6.786398696287966,24.56136800050709,67.91095465569104,58.86994234750222,21.94379518406282,50.15138979369495,94.15902990885262,36.36785310391069,39.3584483810911,19.95641397826699,28.567630717474675,21.46786149860336,22.00670221720147
3.731750000000001,8.255890298068504,10.248516285315064,15.240590973537362,23.3731885763854,11.635445736456868,8.849819750388042,15.591701052422042,28.145766780592236,53.17521341510102,33.083398365994164,35.78974467928983,6.984894943442961,12.847440324800088,7.5405252174452375,10.046473681682894,18.94247093782233,33.72913852858196,20.51618982966807,17.19327529256004,26.707225716616204,26.694760679349866,13.110872644778402,12.874062640618796
19.65606773296904,8.763807178922885,9.05014363570045,5.157120752407074,8.32187014057671,6.767348048552487,27.77266862964285,16.79803540834956,2.389809670009938,7.053350372082393,2.486119553702192,8.93800281873558,8.812160895467903,7.975821551222106,2.8719728882421536,16.06826088342985,25.914825775969785,16.88289012211571,14.10774324067243,15.293999297310425,14.451349840921448,10.718862545894234,4.029639364012627,4.707902113453295
9.566123959878192,8.499737137114247,9.727947145488889,13.338181959562103,10.39775437484565,4.8032399703315125,15.309913205758242,6.137103805618194,20.83664432647268,53.85375510463033,14.191449448407106,8.760465117667792,17.814114159309543,25.06171073263527,12.795599719805486,37.213633277219,67.31768344782178,42.585183031519335,20.669353592459693,31.596546301596707,28.55518841687249,31.2789680254098,36.6483823826241,7.332884799902987
16.483291656013815,8.698808199042656,13.374260810826144,11.874187058227712,10.117399689155402,11.02040082308097,32.37117663638307,25.23136647468889,37.36128702108815,29.733365121142207,113.3231613276494,42.77710844402692,13.513401249806776,7.221945533084252,7.045651192107982,11.355010772407088,27.87564668145908,28.77323937204892,37.94419021349172,33.19620017428869,26.077670144893816,46.243337591213326,32.668816878699936,38.90390901138792
3.507845,7.130949605745746,3.690863000000001,7.455083678734189,6.777348798849262,7.455083678734189,8.557139526894897,7.2963490352893725,60.24048197445397,4.90857960867242,6.3648145241366985,5.788442279309559,5.454297201038747,67.09856564887853,41.44336397809018,17.55376385592741,33.04297610675572,20.418663654746087,40.91593659803685,44.09935410962071,10.758808119604248,8.580291467146676,5.8979762403403,4.098554807209237
8.09347,11.889317623218131,11.889317623218131,6.930414927760617,9.363970208373846,11.34349223829334,68.5899625235859,36.59666390672634,10.179178343798176,19.917673619995952,13.851477639656354,38.45685138622876,45.42172129291222,90.63608229645801,8.6226267149274,14.049875692210062,19.325302682272323,24.38451261545284,39.03334458338967,33.7298916821671,13.82359111464168,30.307927385280543,28.40172305290073,39.39289796333712
3.88102,4.083508000000001,4.083508000000001,4.269122,3.88102,4.770062000000001,35.80039628449909,25.233418070440777,7.29118584,3.2865183,3.644784000000001,4.23384,3.9761279999999997,3.5987639999999996,2.99897,3.885552,7.713775349546086,16.229149781989605,37.030776345998056,21.256463862938094,24.387003877140124,31.50704772728976,16.606937498121155,2.34702
4.653471841566674,6.759622544126848,7.880124227455343,9.184266579681232,10.658971188732597,9.042901680478028,6.667756133067711,16.099985721448725,11.392000719161231,6.7550724992134885,12.962812723626,9.766107439950124,20.629957216515447,20.799868836005924,12.630431872245113,18.023919289637796,36.43947174527675,12.493790468939627,17.413573922605234,18.53212863263847,13.924436603127232,22.432910431449702,8.963018222417698,4.824038331721459
4.17956,10.972687074352216,9.280465372362745,10.488680561456237,12.116120345862065,12.577003214512208,19.026634136057943,11.56608767544786,23.2937172960799,34.98669858636143,64.5584141167483,47.65223204579457,30.263816784972995,7.310267359350396,20.353420143310146,17.303386885174138,71.97909566412528,77.04513525813375,27.92463525681329,18.928064728159967,19.662208356869936,18.97156815064735,11.693968526421749,7.393900449505418
10.149583533480886,5.789765967637574,12.797503350516136,8.743986092554739,10.992405812638532,13.379208048266866,6.947719161165089,13.59720960275392,8.239823006254934,10.299778757818665,8.271261345090917,13.710247375213584,7.344321132712253,57.03770468011496,14.37054492983026,20.083216610079187,55.86773520083625,44.80459195213092,27.433591293917317,22.81744741699257,18.446648005705743,28.252514784642138,36.81806794215679,42.12943966657911
3.58248,8.435912857127036,8.435912857127036,8.819363441541899,4.590462529244193,7.488826502939564,10.12309542855244,6.28176384,17.483234981399495,23.56234388138189,6.878801520743894,12.282527900885857,9.458241940523395,3.8827408253613136,5.572304126806577,6.902110519467575,4.13502308559444,2.137967554388687,12.179217241353909,34.193430613681144,17.084637566650695,19.42563301154664,12.96974346771368,4.848590034336725
8.964369307604164,9.432075532348732,9.432075532348732,5.988994723041665,6.701622318129734,9.860806238364582,11.829594638818476,81.43614557813706,23.17576472923535,20.94972041416301,22.939924573063724,10.331311971931814,4.805231614562523,6.913626128103302,6.927012646785034,11.610081739758124,19.56696925715436,12.80511453427834,48.5931711144197,16.45618945451018,12.967495414763532,15.701073808823438,11.15812351886047,5.421140332266548
4.104925000000001,10.293310926572744,8.392424040845052,7.354404407255645,8.492450220304173,10.761188695962408,10.72264149554927,5.225800404197506,20.791467228110317,12.010317240343976,5.06695954934233,9.264491149422732,7.378493365550825,6.917539247124777,7.559512720304172,8.421799849014063,6.123205303446379,4.364620740296581,5.278500023416609,9.498891048310927,14.600316103278068,20.29911164723086,20.849772716618947,5.9161403898032665
18.0481069082631,11.69949182108916,8.779903866047434,7.308564346208185,8.14367390932465,12.23128690386593,11.723818948676676,19.140146492435992,37.617950118365066,34.90145926442665,84.27073239672818,29.74357478652573,38.8150572978899,21.477151461823208,15.386365728328643,4.811570212722824,5.890539368321314,5.473867548333559,13.844147691474875,2.646745248182668,4.03362325882061,6.964918110974354,7.021553970864176,11.606414796261276
3.43321,3.612334000000001,3.612334000000001,3.7765310000000007,3.4332100000000003,3.7765310000000007,28.44150794389853,10.32354652919845,7.469203371835036,2.9997266916572074,5.409095312130196,3.74532,3.517344,3.183522,4.7790404453095645,8.743637393048708,16.299831130337235,11.039201803100994,13.326293350568264,7.299030621362834,1.6879823294412342,1.4948712000000004,4.409398339395724,6.237802560119299
4.588310622044812,6.5927704829116935,8.609993044575514,3.992684436106841,7.224453742400944,9.00135636478349,5.490657505497442,18.150673294907,20.125159958707982,14.840236103041931,7.684952469538475,4.221122725430531,21.97673491828595,11.004055348812614,6.323266867823112,7.044539763743602,21.63106241919092,30.621347527841227,27.158849454722024,28.500792603798725,23.839898571293872,50.23013569362421,27.94752744621838,19.79343792856973
5.771538913142992,10.805432285789529,11.264406326504076,9.067486971106636,7.652335741923617,10.096997056003298,10.407898088574576,17.000742786154156,17.286336895935644,66.0646520344696,32.09208677322154,44.45767718330992,79.41100430949614,45.58635099855766,19.21367775454589,8.46528401869771,5.159475024468527,6.39384094649798,4.486502089284332,13.401364941681605,13.508164684883628,19.15222064823417,11.790670541271174,17.08293322457037
9.801554120927948,15.297074260202718,6.789049838602348,14.840109147153456,14.02625006013565,13.164540275751646,9.521639211613223,9.775847101484858,15.097487797085662,15.602310257564836,11.401813928306003,72.4951557077406,30.13555451643609,10.083882443249696,8.27413095396352,12.228362900202631,23.478889132381465,3.6424041877449342,5.063113086588449,10.134651312633832,12.728279342675508,24.55274148146517,7.303716151875049,4.550337714414394
13.679607271915392,9.00868078222318,9.00868078222318,9.187850555400402,3.955655,9.41816627232423,10.81041693866782,12.272910711157742,31.928963155037515,38.99275734752364,30.30141665107326,40.69834120913835,31.269887398184235,30.908457102388617,30.075442577921795,32.44164864493763,5.359014445037381,7.874255772453199,23.920071605154934,28.711570319247524,25.769909842219143,38.56383674902878,45.74003929205666,23.489417655605425
3.806385,6.325773816040553,4.004979000000001,4.1870235000000005,6.012099081360855,5.534959883053856,7.326492380818927,16.222437000000003,8.008176010391008,5.09115481298876,5.646145224234542,5.6636975424325255,11.776725706640397,8.253455373024785,51.357248800549115,23.377416907056396,18.87495009459312,17.82121693369999,20.90764716228375,30.396259201338168,18.625590839629176,23.640953848238468,35.10491533939424,40.11284016411642
31.99068427106293,62.12618193967627,5.715534613247257,13.235109075024049,10.488935330309864,8.992718684114484,14.975138737378153,18.864827736391327,14.943494592906845,7.060641436296606,10.607348776023638,12.13463964762894,17.38686065685347,10.314443700484599,3.929193191600289,10.35791145001882,29.591261498553653,48.19687961425766,72.6623889951569,21.652936709384853,18.27104417616401,20.07118136083753,33.84827952278505,48.27356056615097
4.721111321455416,5.991448153730765,7.629876922884605,3.694432500000001,7.251535918444046,6.9061252577163375,5.223623261492305,7.100101231146495,20.48062773377179,18.22563623675637,30.40579834847007,14.284324790024389,13.953927344621405,7.358171161480831,10.632806868803753,6.242626573269223,24.4554187513897,17.55456007959735,16.90222962159801,20.56996446348453,18.02937384567192,21.30716535316332,24.362592912521684,17.182681497636047
3.43321,9.12183187862988,8.748080213293559,9.55396017087125,10.351513676110246,13.257479989228427,47.48253345015858,18.14297755943377,20.16657747628013,23.71595233661117,28.829350203974737,71.72214495023364,19.299685360908615,34.32609525213204,21.60708331729876,19.523170299997872,16.689197690009163,8.661320467697717,15.15979035919189,20.675047862275992,13.238131388957123,21.85799517102636,44.6040300806956,29.25956449606597
3.731750000000001,3.926450000000001,3.926450000000001,4.104925000000001,3.73175,4.104925000000001,4.711740000000002,4.366630314006194,22.098759130092752,97.9746117243557,30.67775381131376,40.02506193397007,26.292993675788377,13.165710452082688,6.007965405765194,19.303618767424705,2.33573625,8.037197295457943,13.997571593737945,15.083774880602094,16.00992888352493,16.645098616307923,27.129458754166546,24.57656808402612
26.85751889437112,17.7738546701708,10.737384083813224,9.273023130339016,12.233444143895486,7.284873754071254,18.37918668739416,9.760505779191064,14.88604660646062,13.243041825186832,11.72129296927994,15.83683410476812,8.896381825292059,11.381776183947801,9.23208557869118,12.899958742119349,9.439250136597492,17.675254396184013,31.657118623814192,18.866247102745582,12.548734319873825,22.89485135923124,29.39305316822401,31.56817861502983
3.657115,3.847921000000001,3.847921000000001,4.022826500000002,3.657115000000001,4.022826500000002,4.617505200000001,13.14420381585507,22.58477131378036,10.002597843096536,3.434508,8.854585982266386,3.746736,3.391143,2.8259525,3.1482990000000006,28.270020205875348,23.194483867253258,50.28084069953847,19.25126616508121,16.98224620543699,25.870031847753616,32.29771138970953,12.202452476752097
4.104925000000001,12.123639103353224,4.319095000000002,9.713940875834908,11.522466916410083,6.642086153750645,12.591305453834709,13.436260932239092,10.451868193111247,14.419244280321,11.703265454617211,12.538095470864508,12.286017174323808,9.818348435469131,13.222260594223087,12.00694113501614,26.73773865006528,22.41079021723559,35.60488059744411,42.78334936739365,18.177994483310943,51.75376933467139,14.34397451850336,26.717338256448983
3.358575,12.797599411162706,10.980552874390328,13.300000717889583,12.110503227175972,14.199621911263264,13.68880059408625,25.73429562830084,19.864414978657408,61.86259653268339,17.75637045747012,9.976382942578184,13.579904887247787,13.654784459777089,11.378987049814238,5.34888431368822,13.111720062053536,23.94081403947493,40.323513785850224,38.866867641924,16.16491246986768,26.80972090054616,20.349748467292034,37.85363633268289
5.004648452393104,8.852862068636126,10.232516500587929,10.697630886978288,9.72511898816208,6.659006095264832,9.298966227689624,6.9868637461039205,6.588326063616711,12.8052819903735,47.08178505308064,71.25469703105648,26.16563087808128,43.73220129170278,7.514864672670696,6.11444261183263,3.9531731358531546,4.338842386330537,3.88387425886365,32.108342497136285,20.964770146518827,66.87148295788205,31.27942477553784,14.860621800514034
4.699887749544067,6.749038568605777,8.810683464951936,6.786393545497165,4.944814570907505,9.211169076995205,3.7693920000000007,13.652274820886891,18.43757924560068,2.5280910000000003,7.883542876976327,87.42307483348964,71.72573299333907,2.76828,6.470655963178448,7.208741016778856,3.2483063168895843,9.326504742894018,42.87393300843356,32.875179752383524,32.48938449453694,30.352577485527068,18.251989947591333,2.9903424084934707
7.790387678172053,6.736506786214004,9.229618897403167,10.589997380501948,7.601019180378307,9.117097055198595,13.631318784645632,24.487270694667032,14.894781741515493,7.900311392614149,6.996566672196434,6.724553863147059,14.44849649800703,17.236124599945995,25.542989263900616,32.9891098491081,34.983892041108525,22.49586294286601,18.68477727718929,10.47483194368509,12.41406587147224,19.731710074259727,15.463446575353656,4.940221640653003
9.82662863802092,10.563863697755888,11.49029227483633,13.064150029209506,15.83637438382197,10.809291501823012,27.78560084472634,25.054971854475795,18.178877518294925,40.93681058867824,32.86638451187424,32.54769784477824,17.434047217229764,31.879881044924595,34.09054638424288,34.00699090305775,40.00828428139575,60.7086647175362,54.11769233440966,47.38443524073022,35.96916358277636,31.576465048406742,29.89010661280141,6.071642170385616
3.507845,8.915132754901158,3.690863000000001,9.320366061942115,8.473060056311015,8.823844556311018,4.713995768449156,6.087341059586228,14.569631850020178,59.76615274498075,11.758908574622522,4.740056765398181,17.97137605471644,7.8568375067611225,6.547364588967602,6.128453383081682,19.566269736067746,8.665843318836245,3.998798920220611,9.40039839706499,15.0273258214635,28.31319653490273,17.336955072992378,5.124024460931167
15.742175802091804,22.481284756851856,6.57366758147061,3.5302355000000003,9.851593669700277,5.795539719036952,16.636915579746137,17.183699060554996,5.643963271710744,14.334053968436065,15.933459907723368,86.37519480150397,18.61235472053117,16.264081535312634,11.137882770442102,24.128937779685575,37.80589801190033,2.78739912459392,2.78836708158719,15.750639441309122,13.213697116465651,17.9811264588852,18.90282732196365,24.307680788872563
3.209305,6.235010520055017,10.615493485753698,6.518420089148427,10.089105379022108,10.267964642160868,14.444315986780904,15.97118027331408,12.36837286120873,8.79992446495409,6.92380856442527,9.767638251195171,7.0404395043212915,9.355352260547773,6.863176690667253,5.464256242348784,14.2998424401445,18.14460405480011,17.126337395883244,21.9482596001516,18.833052570431573,13.252554552242607,4.369958899705612,4.545487636009082
34.58424214977211,10.519220893812152,8.538663562145542,10.727165494772551,8.112204242605111,11.022963018333153,23.21347624665265,11.36514724243604,9.048258718810024,67.90755739442397,13.925451192364449,11.493185796890115,10.266446332561813,22.32678915560137,17.946868173761878,30.112985949815194,29.774019687432894,17.07442157505466,21.967671987334317,51.01230602469471,22.64797333680768,21.835187507846022,33.92634059836627,28.73117596405766
10.170681174877767,20.115269413567216,9.241889836992195,13.525125130209194,11.843092908564248,9.959831284114747,9.755261130266025,9.13285604949594,10.235328836421711,7.438124297995463,9.1637724668523,19.834989828225368,13.260575039801548,11.401345151085435,7.403280507154039,5.419173615133173,8.769805719933657,14.254214990181277,10.078762920806073,13.58866670716493,20.40326649845159,39.82943151480514,22.385076526112123,22.6148573036377
3.955655,6.526360492915821,6.920414408401791,7.646944156791747,8.075309570989685,24.25524039072116,26.50121263315923,9.985420472014452,9.661616252401831,21.329256691654354,21.854638800051475,24.320230058633538,98.10403749555131,90.26278381875899,56.58339797552277,19.148004632727407,27.528884419297835,20.495363588360348,18.15545919614011,14.337305709350051,17.093056666904776,26.043932967385945,11.341054612153298,3.7510636942754334
3.657115,9.367472044167222,7.643986129106726,9.151374826864782,10.924535525327952,11.738689077860744,4.617505200000001,8.121212305239958,6.729054336447925,22.52677788555545,52.24756102655234,31.797477786890973,49.340432969704295,58.35911614323243,17.885320707313397,6.716230619480053,6.679411099262084,5.885173974958848,12.742606657101293,11.813659642071222,10.232216383344984,16.75121493228037,4.484814237872945,3.266667001966292
15.072832287293718,15.349247426598929,14.252352350388543,6.893409517290491,12.31257448330634,13.233661276206057,14.057257823167207,27.60610827807487,42.32857620261738,51.63087875820938,34.96729971166078,9.659299639571543,20.176661894149376,32.35807437189978,21.968040997184257,39.32676799845673,36.224371876756535,15.13911495183195,23.47016416606804,22.04561090007004,18.002161944843298,28.023983729035454,20.879615882748,10.622719708584746
9.407867356882244,10.687987144554576,12.266536213094128,4.1870235000000005,12.40841517311444,13.649256690425885,8.721356995262669,8.27809853523349,13.405701988137247,13.894959225681257,6.02374051210153,44.76873221083663,24.906632987918393,10.935409365669502,6.156252857917588,13.868754482654072,8.48351624931487,32.10296001645846,10.275085837502123,24.98913022277179,15.241425263109033,20.547680637718617,22.01275771277327,41.36372415506551
13.473702626901876,8.120986011963126,10.283517121168174,13.260753538329714,7.162988052727029,10.024368012568509,16.75616049144899,9.679976617692462,9.127821088697525,15.021914724520215,13.86593345838532,28.25513185135566,28.84782894501322,21.260987843857702,15.20414167604989,32.80501872655661,3.086581245974039,5.559230831582476,5.380928178658457,5.420081526799303,2.587558778765351,13.06842049158849,26.107477261679,8.025584006986275
32.32243651819651,8.710064000000001,13.89122467780734,9.290943140710532,12.488989868408188,10.792365536026283,8.72584397920062,12.870480847263416,30.877399162015298,35.7021552985072,32.73909609128951,28.83715109164635,29.05257180735783,13.453769492940468,23.79263644832984,13.776065956858277,21.24716248217076,44.2459267714747,20.31863151445174,22.678615949642836,15.397006933258526,17.539280436066296,6.387249814288572,7.984062267860715
44.798974586542855,12.508357033766972,10.107217715184577,15.054551145104972,10.52429094876774,99.17707786862051,144.4060750833264,114.55463784847244,44.16634426841685,11.807008895906137,13.094099342655824,15.210317418236563,13.231954530915948,6.943608923879251,8.273647430194366,12.0029243974345,54.28824603378394,31.804529079956826,88.09396368134772,57.87680076288928,18.255494022887007,35.26531893452976,38.20365021259102,5.80918223299489
10.227564648066156,6.94116107978183,12.350887391524555,9.253494757231431,6.928653021848252,14.241867564661623,12.913412059993096,25.815597478512416,53.91263967543082,30.91464424921187,17.42560214914708,31.135280389378515,17.987094669153162,7.531871008661262,10.00461771071271,22.341896564601836,29.23111683307014,48.48237986355923,15.592233028361631,5.132184875386081,1.5806464312440376,5.637384588297248,13.908390106070213,15.658917822528348
4.22084894699708,14.810834477405097,11.596905854055075,11.231586555368237,13.398144315391509,8.31800524178813,17.344056720161763,5.818044696913553,4.925001750935733,12.263343776487346,14.725336957778032,16.409892063397916,4.7773946368780145,9.696387869733979,12.116175821740763,11.288533312371086,6.461696718109444,9.148644624672684,13.219135085047698,13.618583837653286,8.476521444160037,13.271752699864058,20.80967086101037,29.62992721564376
3.060035,11.650910436784406,3.2196890000000007,12.18049727482006,10.504883110549065,4.107673455155143,13.35486027001805,6.11808018876224,7.6044132770214095,6.149481886750864,8.664620800013587,42.60054991392759,88.5008296299316,60.82876864309072,55.0682113903016,35.878576379817495,23.839033323030733,50.83052886224538,20.09778885718593,4.548592465333438,1.0792320120000003,4.945150958639309,2.5114476429255683,3.3970644643883507
17.10656404222691,21.656438919798067,13.200737475094634,4.3512205,9.99025412866716,7.162711955155968,21.447894781233035,21.496886222640736,33.32876180354359,18.571157488626376,15.659884693173222,33.532703582729,47.12850655138648,21.1721221106591,21.71750846846096,34.7837904796564,59.32891556860618,29.05146053422368,38.50077499421537,25.150276618495816,21.168520239184662,24.645992356996203,35.92693936367077,34.11426470403142
4.759477367234455,10.74615367544352,8.910695454055851,8.055614446556683,10.213286551041362,7.000058532665279,14.415470383288152,18.653115469602795,18.920610811464627,20.661639457752685,10.4133706983135,12.096339700061137,11.360040761796544,9.82458330640036,3.2270075931180515,9.545589806787378,16.49125459910132,29.74361677306131,41.72456787561024,37.02113504086274,13.511999823016014,15.477796727424217,20.357559433029188,37.03695633060345
3.731750000000001,12.22340638431037,9.190706762695289,7.877785267554222,10.468711448150112,9.664030958781163,8.287200821527982,17.665273003528007,29.74431141475064,39.59918540492555,58.07538133437561,47.326641106344766,13.359704629373686,12.335366723295733,13.281755590440179,22.96180470358265,55.77840983990153,47.582303830922136,13.697412428417191,21.40594916146436,6.2270389140640185,15.600888052171276,3.936035041460821,4.842911067755506
14.204794579384322,9.523586293759031,6.111691288639648,7.663417274450309,22.06022338970508,16.128244284418514,16.130682004811174,47.267998327169686,11.014408683796349,7.66484126786778,8.700679764105438,4.92375167496555,14.807800618891372,10.539324701212598,6.749115116246853,31.27177281344784,30.565468898039448,27.79340405498585,50.8661546293184,57.0396079083836,18.8395803151331,28.95823762567893,25.81789561392659,30.818941416868256
4.411055000000001,8.758471592338651,8.758471592338651,6.994170390594726,5.703059886343619,10.646002519562805,42.628498922606326,25.073751728512043,73.56256855120205,31.364066461783462,24.04817835058098,12.366235321832724,22.131149809663984,21.71314606402818,70.89029558801724,3.405303,5.2101719346535935,5.511146601552163,11.792982127898856,18.248657835005275,15.390939621039644,20.913248734755182,19.62225056844047,2.788429131833854
3.806385,4.004979000000001,4.004979000000001,4.1870235000000005,3.806385,4.1870235000000005,6.657624093863179,43.193835781475535,5.045260670973346,26.05904952942092,114.78208728805409,19.487867519339343,190.54952598918686,21.09018562765418,8.226424030369683,129.60155431048332,80.61264286772253,55.53054615398122,23.649964818257523,33.579804471734235,46.92487847600937,29.6938200161279,58.4639694471332,47.57535380481474
4.231060629646128,10.7093096241716,6.290577285585366,11.882648541033731,8.555509931168542,11.882648541033731,13.954430948945754,26.469860807408804,32.05746034342765,4.95712135812756,8.034739761445241,11.784444834083038,5.648085164406817,8.856268257065128,6.38964611811386,24.55487165007487,69.69968352014571,34.203605166614715,35.04491910946096,29.581501906495728,40.09033914674025,20.60131195979872,26.263738201428342,4.941516583172435
9.197892516877388,7.489619070830774,8.957760939249455,6.356448257757826,6.791713778846932,12.093123063818124,11.506529327870874,29.71079633899348,35.87087363361867,7.957555599282337,6.344633580913805,12.742203786645089,12.433983329195197,3.8755919999999993,10.040184190069041,31.171745099232346,16.276966343725874,38.47182849028184,25.26198148229759,30.61306299745693,23.10174927426657,15.918022607760458,16.74377628545492,7.240773927889507
5.3383,7.032249598352598,6.420884751196867,3.940728000000001,5.822492241598822,5.172734732879353,7.705061701436241,3.4790110131565504,84.77902248869056,66.5608754657009,28.713634743558828,11.864094871506053,59.76638397154601,15.539217169655323,15.442069894692303,5.37397355785184,3.118584316102722,2.7226153913004363,1.4307179040000002,2.506755858997844,1.2634911360000003,10.672870446250728,2.9523527180559594,3.097789437403858
6.256493824985394,12.4122350162856,12.4122350162856,11.868375824381868,6.100779301463604,11.30300913173788,27.29821264699641,24.42359824208127,23.41165982066984,51.73156036552516,3.9224710591273872,30.55629974027336,9.553218400615437,15.238850431297557,23.04658892220737,29.089237280945994,26.553846875395383,15.657478656719686,19.502204838580926,18.066329256777003,21.01759360642179,22.24600387531971,19.75248372412417,6.954299585799356
21.489976916668724,25.037942095416945,4.397624,4.597516000000001,4.17956,4.597516000000001,5.2771488,17.263415371003966,24.493054683959983,33.847007098196165,69.07725433132123,15.433662108724672,4.565810054434602,3.8755919999999993,3.22966,3.598056,44.71145172893158,41.08493061187284,21.216636510221253,19.34616536296354,14.712822899017269,27.14552200744804,24.83388357442736,2.52756
3.2839400000000003,5.598713878427662,5.003314467753311,5.977693476951737,3.5102901891819847,11.024215082498396,33.272802938819694,17.61214342847461,100.7970671811567,58.35274391521267,15.447459417558054,23.67717547348094,14.42591682272071,83.9125491444039,7.065085519918656,55.921669707419156,23.476530084436305,46.451603977629496,36.41230798057249,57.09199480844503,37.733073260832384,46.524147050881474,15.021776177156976,1.9859400000000005
3.657115,12.12377867248668,12.12377867248668,12.67485952123607,3.657115000000001,9.492827297602805,40.54051000848078,8.278236313395452,18.866251940876698,58.61730501481863,9.51106707479511,48.67816812477793,50.760817063433976,19.29226766510105,8.008221535653007,24.651407431706513,30.8723568591157,18.736000739352757,18.771742297446725,29.124496861655352,18.17898465506276,13.01322619469776,4.35713794436655,4.650744117331872
8.610666912364668,11.198192860404948,5.748084540539574,10.37551989869582,8.610666912364668,9.471733603601136,14.354954848701762,8.168087944901796,5.8978643754082665,8.192470323618629,7.58579012956338,11.232531819573913,6.686748790265913,7.310891783538316,6.653697159554515,8.600065148051542,26.135385619147307,34.114762490096645,19.89844404300199,4.670224401437965,2.7288821101610905,3.106008903803842,27.674591421094952,31.37375995318586
23.84311069166233,11.032910839519417,9.65733814569275,13.38812192809752,12.344934889026137,13.962041277591194,21.50439463473611,24.361267883538886,17.71814632834577,3.923029611892683,10.196755967929668,11.072722605250965,10.841099203940052,15.948140074781119,10.34560083915593,12.039177779006373,25.05701128631793,52.81347876151624,15.35088514611752,17.21573337691466,35.485771172339085,18.45429437416088,17.83998943362065,7.8862094470708115
8.160514999999998,10.201570026123392,9.695355569203084,6.166872012405352,8.49292476561654,10.665277754583547,12.241884031348077,12.098317036732343,73.38535143992583,106.78434073756694,21.743745449326315,15.862746672404525,9.933309356766278,4.083213,7.306252730815788,8.346739112282776,6.068631185149399,4.180912133815847,16.57454572779913,26.382983773486995,24.53852104188233,60.43539600003205,3.410550709236482,5.281512359801895
9.832039873584057,9.552668811740604,12.716058798431591,13.577983293721408,13.028597894981187,11.76371005215663,13.230524718040066,7.87469372218565,6.970120497936233,10.45280284140619,8.510364928194374,19.55849056616984,19.33178119043222,19.756101786293684,72.4895186739299,36.71044068086178,86.57866859727939,23.749392597897074,18.91496939220635,39.21067050574245,15.33555414794913,23.404322988553204,3.729585725010032,6.352373447342592
4.289941363632719,7.953851663027183,9.276962152152825,9.698642249977953,8.816947499979957,3.612334,11.132354582583387,6.334401760420382,2.22472008,7.466351451119389,8.28026373911161,5.228664049580812,7.229369855537563,8.175714954526867,7.525154170032947,8.986800596376172,50.94289173834832,38.13092709338704,18.51283902843856,45.0960046232226,29.3295815360849,57.51357968424356,31.45919403709177,35.7652707632482
8.289514185657248,3.9394063239949912,9.2846699019474,10.000817725942394,3.209305,10.000817725942388,12.461797782441849,8.901902336337962,9.702078974105206,10.605925702459722,7.0316225779477,6.645873049346167,18.89704248474219,17.509932738100748,13.828580965223912,14.183123190779813,25.95200334750288,12.392237453505436,17.206485130393283,5.009802476658264,9.593903467574384,8.150925446562509,6.629413257815751,8.078621953731384
3.2839400000000003,3.455276000000001,3.455276000000001,3.612334,3.28394,3.612334,4.146331200000001,10.334161663108048,20.48637885026404,2.7809001,3.084048000000001,3.58248,3.364416,3.613241913707892,3.70503251128814,7.629886514260248,28.58678731207943,30.312795598384245,17.842802604051307,13.947183429694372,10.916257282380048,18.887394823958804,14.25625137438854,8.116089334443252
3.657115,6.10218709119466,3.847921000000001,4.022826500000002,5.799599301548643,6.379559231703508,4.617505200000001,4.166633863425642,2.638799816516572,4.810411987988561,5.111234844690242,8.497988027749123,9.976554404334378,10.054102383617622,2.982338057910979,12.158715786768525,6.9173740171434455,8.36957792976639,18.25643401116252,43.71509638764827,29.917754950691744,24.41043867591037,1.769292,3.507267561806096
4.102136960654685,7.888370062204911,6.3276587331844505,4.0160617239158745,7.292728095052062,5.611995064833769,9.466044074645897,2.469079848573672,11.697780445238596,20.65425211501637,18.822648850888694,26.82873694405129,9.177171172901222,14.581874675803292,3.548550640948336,5.741608657069196,4.276100133140876,3.344865789660733,6.7352830777993145,6.512284712918966,7.815567464978812,17.23423345314107,25.81009720965669,24.173183580018865
40.31989759152607,37.17570911338942,8.745050497709393,12.832628843333268,9.133869479550585,15.672596906190948,12.213585219724497,21.044981145807547,13.092968699751168,72.57313204765367,19.37806963519461,77.92065474255998,24.623518947551247,62.34090969203969,6.130119860672144,11.907504608214355,49.67258710058992,23.799250603345893,21.62948102218594,22.087403702513917,16.943603968888784,4.00769985031984,5.996122556499423,8.379621380160716
21.535856833467356,11.02350548288777,7.503897331062588,12.939800967983706,11.763455425439735,4.104925000000001,25.56713349517875,26.445767676210508,26.22116160464912,25.83283467103724,28.7903670175024,37.60691472383556,36.809711950667094,35.54077353320212,48.276615894742974,24.373783751139406,14.901043019458804,26.98356958550147,27.13573374354537,27.826576117431827,23.329824349821266,36.08375571073877,28.850124079964854,39.3737554205113
3.955655,10.24853568147866,9.141899557573453,5.218923824425676,9.740343829504509,6.954330473277031,24.09507844775418,31.301891773858014,104.92861057174194,28.670888648286127,26.94675997005489,10.625829632186733,9.979040002401453,15.460813821896357,11.838582392409819,8.385165557573448,2.475880425,14.216415690927027,13.08540994984468,23.17069472189971,14.391666332396506,13.181518248542908,25.97437562586269,56.89275964868764
5.78334676995102,4.541290200475575,6.548225521712071,6.038887654019971,6.223520123941224,6.8458721363353465,7.302103921712071,3.944133580831067,4.62564086592838,3.0337092,3.3644160000000003,6.789294680663152,6.376033265318438,5.770900478563679,4.8090837321364,6.755144551746175,14.597118052277844,12.853207268814186,16.720997861216723,23.01615486929142,18.70435606682725,29.32381032293114,7.063805776956669,3.763630746889356
5.093637779394421,10.40210403976876,11.933165792534586,11.16996634480166,5.297620222544837,12.215872378668088,48.21501705244502,24.023274778049608,7.867987705352699,6.983238719473863,10.076258500129445,61.12711852310476,35.913780687278184,6.918439002247609,5.810038488596156,66.40889530937163,42.16407410361583,27.8125591055994,37.80743482540578,28.105912631752776,42.2601194998134,25.178479733686824,2.6200712945037368,6.073367268578856
7.937624377491087,6.524925997728623,11.892585299262722,8.731386815240196,7.360806488593359,7.200938501992869,14.271102359115265,18.6455657567524,4.829519515970604,6.72172464330268,10.614869523308876,6.034072198928016,14.094511197007744,8.452517880516142,8.47399442843827,9.585445172216968,4.106282648227162,4.6234957338186415,4.312378937832121,4.642943929495302,3.986366000071724,2.7001722310660594,10.442650922541016,24.837812547581564
3.657115,6.34713190069487,4.680991300231626,5.619544575443946,6.032398087437274,6.635637896181002,7.616558280833847,3.519479705710309,9.549153396217124,24.68192076487056,6.099386132575971,6.580797913567935,6.180227605785539,5.593678226532744,13.274609389671548,25.91967957668452,32.01003040205688,23.01374598159624,11.948883709557844,9.73214978360978,8.405459198191663,16.18707219505639,17.886417786349444,34.371310864638865
