1,2,3,4,5,6,7,8,9,10,11,12,13,14,15,16,17,18,19,20,21,22,23,24
16.809379297290647,25.110723850133606,5.156914049239711,5.801890761851517,6.269771064847935,6.896748171332729,6.345385096100177,14.28611061064806,24.149472510451,33.295475870206026,5.888132826118061,4.532406125142298,6.168488558659939,5.813787714677175,3.787290370497232,7.261226832244931,3.924306707407094,10.8538959147274,11.597313766311476,14.807582041430935,16.670915676572953,23.546041112107183,51.64645689607428,15.432221656085847
8.021402161533924,10.43929009450815,14.156762839046774,10.03851333777869,6.021425487405633,17.890001250675784,19.619194768322984,8.87939136221975,19.6786728180486,7.920904724688427,12.046044726172276,33.48170291946573,24.94273817195471,33.055065014127955,32.117315662970455,41.05418470401711,38.54206608839319,33.6154848457167,26.203302792629103,46.20037123770952,57.664891062196666,34.37450000174064,3.146352950281552,9.493593412003133
6.949744096311212,7.05792709889223,8.329988806763993,10.038507356210102,9.12591577837282,8.708624661616899,11.281942039556892,37.639808343218654,33.70733656853748,32.28115648670788,27.989167023284363,6.262647085635501,15.325841088254437,18.98698907625821,51.087957727641445,10.946391951590996,52.01960041571104,23.556513725763697,20.8532694953868,22.853841003068663,25.66238049467512,26.90874200920428,19.88426915818287,6.061845924225809
8.247839403331417,29.090445462341357,8.883323318467875,13.373561697488594,6.99889541404909,13.373561697488595,50.48413222916133,12.187380725239953,7.858838586089133,8.50826104619785,5.726703644152654,28.45850220051697,70.7178977063215,47.452987750396886,66.91283694887974,9.027124252852929,59.55132305889152,90.8664430055949,27.517413707009037,22.59128725938192,59.97768940084028,41.24203595276087,41.73030062178127,46.58434110747008
3.58248,8.318306618239852,8.318306618239852,3.940728000000001,7.905828604112255,8.69641146452348,9.436098187699043,2.7290804407268503,5.355839523440412,3.765927240860104,6.409557190722548,8.624540295395185,8.09956827741461,7.330859251085907,5.273857031928693,6.061519386484269,4.813028834758839,3.0449562868106064,2.380345184326826,4.86187533655896,15.674463598685296,18.609582641051613,7.694280621382474,2.16648
3.58248,6.9903129989685535,13.353230493876657,5.456024924514751,9.236310857404844,10.93649505386926,13.594399003687071,24.5532149132976,18.982939614723456,109.60444308740144,32.43272296425188,24.22968705882496,11.747604263109574,26.44349674437589,21.41555155414759,22.461498344430648,32.99502749571176,16.384479288514594,28.454277159627463,23.905909638280747,17.586781534695035,14.768572171664328,16.395810829881615,24.27268590359342
5.858858394432693,15.453690112436057,12.881806017531217,10.10317958763216,14.68739142917476,14.076291253091378,11.226446422908392,14.85412215608189,16.600964115358032,28.73142650812809,63.62969816508458,10.473281194719048,18.904674137393904,18.702655458929648,12.621082177445762,15.67903775400562,13.946318310634084,18.614796986528425,23.417350537276132,49.39197716813727,38.98825569732461,29.662930784143093,35.28257026007273,36.67960333195674
9.45771009998424,8.726805152062713,8.79304236815928,9.899805652052034,7.855374618170355,14.893751237038638,17.09543620251392,4.333396190501334,7.375063122064311,7.261757004423668,17.035569456512388,15.164711926903722,7.4341606641739775,12.36580370685913,8.727675427342291,6.598172447261198,16.021038696973584,4.681641120863616,8.003164280289853,7.40333061184471,10.4745550545635,22.75001121737289,26.30151603645317,16.097968709987033
9.534342492660258,10.340511735682744,8.473779690035677,12.43936024419367,7.246173377104278,14.437987240510711,43.66110115800336,29.982740314555496,14.892259604449103,9.594359152743824,8.953991210498328,27.903600496764643,71.94445552191978,29.330364974802904,10.836123045771316,9.560343001348933,7.106074323522794,4.014005937484675,5.60038552875144,9.425059272944122,20.0916214870586,33.007436102780275,19.711727201752755,31.69057735818025
9.765089438661994,7.609217438331478,6.410152406832035,7.607678413836466,6.662097240470263,6.98089442009812,11.610047820176169,4.559379422834045,4.770612097559912,7.94757523406074,5.781599791272858,7.8893464048816195,6.400973673699233,9.707389080211552,5.377611707949565,21.8979830089399,24.514162073165423,16.526957739129497,10.126199439385813,2.666799055168842,10.171255180398177,11.53990651817094,4.724296234356633,3.608138264152717
6.304777823646716,14.80405189016759,11.112632073463994,11.228376177766506,9.811767440387236,15.3904490227562,20.663528379158347,8.502007762980513,21.496478865523823,80.42393731881282,31.561420775997032,11.52173723619858,16.766799886920374,15.828733443855441,59.77206589599532,25.32063364385984,28.79441131130472,34.36886589470544,25.094561648101017,34.58931305912354,24.20105704838716,28.425855545706607,23.58124937288773,8.416022801792518
3.657115,6.387710031612501,6.5371093864132375,6.053299549337267,5.786981834969161,5.584728845644052,10.973079134891474,5.269625030783649,49.49442385560096,45.93094941929377,57.48767431158658,8.055358649766644,6.365209440113864,4.57612345727375,7.847484985168177,16.67658134243622,6.723199158721742,9.61869098781231,5.862221553575464,14.426303298513838,14.0652304120926,24.237845450922897,7.437742183133607,3.6713735343227367
3.2839400000000003,9.557006317048437,3.455276000000001,9.991415695096087,9.08310517736008,9.99141569509609,6.143261121943124,28.8483882075249,29.9885756292443,28.20106935,24.046954136048523,25.69171339081661,28.480416640415108,27.236366772954998,7.0187630915964245,7.81936880485781,2.0554479000000003,4.052409208668847,10.480027018237823,20.060010645172238,26.73822899357121,24.30515287583341,44.81072121663512,28.48682421388748
33.223605668792885,13.20256572723332,8.594955687429364,3.858629500000001,8.168759537639476,8.985635491403425,18.061787545643064,14.58198773767026,4.67281116872657,6.917454099373793,3.2943240000000005,8.911374041061245,27.058881496628413,30.48532670441436,31.735582500289276,4.66124951108173,3.786851410123032,1.9431012490852329,2.8392713495742528,3.3555275265257287,11.114950825377166,18.1977975480801,17.45069400288065,2.1213450000000003
8.278182125254263,13.289417597684723,9.315290278010838,10.19028910130896,10.469174650048428,12.467048082609203,11.469999373462333,5.868464776529446,12.479833460190436,7.035290161757215,7.774292778499657,11.18514359322078,9.91502019637042,8.226459112322926,45.083740407123514,58.860818870999545,14.794790752580278,12.395043840056983,14.576621681549394,15.7783390300556,19.429640485857604,37.18376266524543,10.84805355107331,5.006173380094475
3.88102,9.31427536885727,17.191037880124803,12.503919170870606,15.476749816889631,11.512873150776947,13.392052235922852,17.058335980780722,25.312733892881205,16.97296850998905,84.55832044124715,55.07814982915519,58.79361544975934,113.00797198915662,18.02353474842353,37.5720611487517,36.50531834773451,26.29119655361433,18.887173265811967,57.95381848030026,22.69910195681977,29.420902987461453,7.139250276955663,5.44434127296692
5.328596666178775,9.106024643186036,6.888959566115889,11.88184103910774,3.73175,14.629177039985947,25.277788053030235,5.868211117447534,5.547439419997957,56.76090856806241,31.15877890307525,8.453848147775425,9.931053609295668,17.076745806275156,10.37606978517017,98.84491611871539,27.661429320787597,17.26882862637839,22.08241931445272,15.218754854526138,16.711743858304526,25.257733110629207,27.06622496195477,23.607038884317788
4.866494322791504,8.205520865335997,12.87488865390808,14.05742560597244,12.779477823611307,12.04792658568982,37.21327003057441,29.2433733449607,30.242404773140787,15.5082573632325,12.001596564782792,15.07514782881453,16.740157183352856,23.252718082176532,10.54327278295446,45.44371539236887,41.72251451783728,23.91931043842812,26.196945567330577,15.106336683345187,15.970554901125896,21.225927146884192,28.62300418385093,21.15906578381808
4.166098025457004,15.99273503445422,9.185207437270703,11.091671689362888,12.963645800983205,12.089757073842147,13.122679839067674,26.82532418482549,42.759974351455696,39.277757271220615,74.27332100852759,62.490766906203056,39.313527121943196,26.2318563913489,18.552168631946863,20.309274128350978,19.93133430061347,15.50288425980481,19.916211257625253,24.510683824681124,30.082735752839103,27.905900830221803,21.04997778699441,21.92923069709512
6.945456130292064,5.944209223572565,2.5129280000000005,5.562173542477359,2.38832,11.201646241961592,6.384407892234883,13.598141113396494,3.1242992134532552,10.532415226974823,13.883196091336014,17.5608149860782,14.985133735020957,15.056011229623872,3.9073119926493836,4.353005381069238,2.608238876030668,2.895249679581168,7.291676800355025,8.410044041202982,10.260340505840764,11.70431385562183,16.809169113007965,13.900393535221813
8.10229550070524,11.423739506494847,7.470945581654056,11.658970165362817,12.641096867603832,15.915134024710772,20.280169021211805,37.21178541858694,19.19677861688235,11.700798339580802,68.51600710934773,12.19728831303176,10.039828154528287,12.88308379925168,14.68446122514665,26.137036635676672,24.611733632280888,25.135183401656924,36.840432771327286,42.44548061846724,31.22141202282999,36.386407976557805,40.57439753293815,19.78503252385187
6.098749772208078,3.3767470000000013,6.416945412497196,6.708624749428885,3.209305,6.708624749428885,35.69251270574532,22.63409626901294,3.991806648002791,8.468713720355888,14.99928192858378,10.62532462948928,4.768078650111331,4.124173857526846,4.712670278524423,9.291993095584996,10.878575325825857,15.646726762394628,19.85604597968624,17.213407537395206,16.044449786894575,17.432981565618974,15.61322048797201,3.688176739714766
3.507845,10.718584227196231,4.737623312538941,9.95511794202226,10.18708418287245,8.391774618100465,12.862301072635477,5.443421001355669,12.323704139654067,90.26578318925056,143.98327742439668,53.90368300060498,23.575952090754434,21.855248665713813,7.747748599799173,8.461928606153414,30.715669050988023,36.52216451530519,30.24876633695301,25.71317342784469,21.1741428941205,28.84630452284681,28.05211216421977,21.40389998956572
3.58248,3.7693920000000007,3.7693920000000007,3.940728000000001,3.5824800000000003,3.940728000000001,4.5232704,5.522899140000001,15.339719154363143,46.29529741104612,3.3644160000000003,3.90816,3.670272,3.321936,24.36536590484855,58.6574652510184,21.106860375947047,15.592877866797354,27.809323163338373,13.956353931619534,8.432548626451489,10.180336416177049,17.667692625634476,30.07403716414134
21.9568209342844,10.31996801891382,11.6713180523246,11.97234402521559,6.9200571169011615,9.02308868065717,12.951930188273442,59.58024207430528,10.557481614490296,6.920039390159023,9.045886300948547,12.809899498791376,55.952995147853834,14.163090632432812,3.5734423193990623,14.081812660876654,47.51208647054301,15.216549855753437,22.6145185530478,20.96674401007285,16.703239641069782,23.805382180100487,21.63809388858694,6.329662808997233
3.2839400000000003,12.571487868090168,11.91388437244975,9.86572173060011,14.57333969218005,12.594475380730929,46.65185029795731,35.157335912978695,19.52871970281236,8.888526546651796,11.284619283039335,12.573581346067058,13.815900024122115,16.62713249335846,24.16497248246036,16.759630105408903,25.95181026389031,23.209606925548503,55.05128605452845,54.94936868652602,20.916737421654144,22.50266948824028,23.965039269655257,17.309284647772714
15.128650510760204,10.439652736713962,9.252432184779275,11.639772066682026,7.144211989605335,12.395216373270356,19.10156568836855,4.487349351812698,9.31107325281523,10.883364705222697,12.945741654130847,78.51018579958698,10.616277871733546,15.562551437331201,13.32600491704274,19.62080900331001,27.273802702065108,14.154090377822149,15.314467057377998,16.893538046753655,19.240669185284137,14.40123301950712,3.095761293512044,7.740148418453831
7.789421685114076,5.628869470826256,6.545639765092665,8.568363853625485,6.2210625866583165,5.884727174045631,9.834991553726644,28.237309688338726,28.61317074161504,14.06160083172699,7.315282973846263,6.406405464607677,29.645374612319426,27.50239120901148,12.797596402107885,6.705676059359075,6.164944696145674,23.279036057610856,24.876718670593657,59.50753536402395,36.76317467713477,29.40175798893098,40.345079495609504,17.88465213905388
9.548588748992998,8.387359528430432,13.333993109037111,14.484450079801736,13.661031856749767,9.101833544309926,11.132746751964495,9.460120676626234,5.8683222955248135,7.078873186811717,12.76503376167355,16.203019930764835,13.713038407260328,6.9397933787134995,10.42236499299689,30.90198969547023,28.409240346782973,23.37353327973479,20.63925709234056,22.327759790678485,18.977044839897264,22.47500500621785,19.70640912965557,17.721812551443413
12.199116694558986,12.835592348188152,8.606396390180556,9.939056256570655,10.503887390188863,12.571413711829829,22.26175103132493,21.65329132618782,12.983375558988987,10.33043381907427,11.456561765324958,9.459340948861582,9.399964482773713,11.710813479482768,15.87355712955507,93.77935484864815,85.75669757861287,37.54822548771888,63.95649781637192,26.117227525265253,40.71947124473953,23.36110541715069,28.578495990300407,21.720904308456618
26.480613648801896,11.543392040335124,28.881321406434257,16.205391953276155,8.194545402459438,3.940728000000001,10.346504282061828,18.265905228026355,34.41926745446222,35.09544984260977,6.51967740234246,5.280344747839171,8.89850968603196,8.995307377938088,2.873493278918336,25.173985501148564,47.22002877076127,14.927512324724194,4.674785678426336,10.474544725539545,2.002860074259602,3.5680281483594123,3.9644757203993497,3.687815263908645
7.833774261838161,11.951702067086396,11.692370188955026,10.918639320024694,11.594074445044928,10.426796151190237,8.66355231403321,5.121518950434495,8.33210201776913,7.601715550821381,11.550487989345998,13.41723352297767,3.899664,11.40464849453102,9.503873745442517,5.502326488865313,14.904131335800772,56.31759838748726,21.777985424569252,23.37691049926507,42.449265411934505,37.18829621709213,17.57260612694506,4.86203532433778
6.371804999999999,14.859864573924964,8.789509180514358,7.556162100060503,4.14778789774446,9.189032325083192,3.6751572,6.001564037141289,5.659228833596688,3.093408813681253,6.915801066461273,9.11308990917341,23.12368344935564,24.22746839344406,3.7786376281204235,7.191416602239019,54.29675491789848,16.948363459695187,22.16710225994389,17.659592207237413,19.0682718328927,28.547557207865445,23.55444915933224,13.23494910277526
5.8007308924013445,6.881372962093481,9.215358683663592,9.905358177345835,7.2795648206689085,5.838564874610039,10.804731524186964,52.10553850528029,14.453167285144332,7.208054061155255,8.456748483425693,4.98367558419459,7.9629820273505825,8.34997135610971,14.321163132630168,20.52721348301843,5.74477096344506,23.071517190496834,38.803942255856,22.66688889669392,27.02891082832553,18.8335145895672,22.701185260723133,3.955109178062744
4.254195000000001,12.934335011282284,10.72002477444271,13.522259329976931,15.83647442788108,7.941928662784214,17.268143864599725,17.37444782957673,30.029799279207463,40.9381226484095,9.299472539343986,24.291410877466834,18.408699978555266,12.049346810539076,11.865022803719308,23.1269112732609,7.949877689311608,6.907318340613493,6.183021532518472,12.886042014624548,9.279632205391431,6.895438825989642,7.66159869554405,9.362706968522438
33.19672476617763,5.138667785478651,9.886886820132574,65.99705527210627,9.396627969547485,7.366897541020758,9.015332763366732,15.46174892890648,55.44748838534573,7.532624765812793,66.56172104563423,11.274578886994808,9.626901066034417,8.713236844489483,3.9676201599411898,9.251440192804534,28.865944486167532,20.56486379254308,20.643571905170187,22.642559957558824,32.07431853818666,21.26549081881741,18.435352664811035,23.63491176621599
9.696108766329331,9.41048787896883,4.925293881996721,9.5624098896964,4.931816649954,10.665719642962266,19.88271088187626,20.24747400724825,26.80361314747236,13.36580893791589,26.29093358732932,31.411219323129068,26.51420886195009,73.20459699673322,23.66899100910261,30.512540763339196,42.707565311611525,50.10109805518691,28.23551800715906,23.06169174489702,19.617697764838915,23.12904211022723,29.12973592227608,31.08581327202741
7.547016417733825,9.544402298876404,8.316546460061295,10.192183344982508,15.020935098701644,50.12969185115491,35.361581005439234,24.938999226442203,3.587784937366499,35.01307147358317,27.176006596747392,16.902948042759906,16.451365909369056,52.84589537645885,11.831432589959277,44.395366310183036,51.11485496393488,24.63745649094302,24.561007387805244,16.04209662963077,13.46949765252609,20.8729421056905,23.40193502385881,29.50522576892192
25.37252312969427,7.248254139459539,11.687153883513734,12.218388150946176,4.4781,12.218388150946176,57.95889187879512,24.218071860930127,26.769899265892168,13.561517616045943,15.427099589913729,8.830041674441205,4.58784,10.29979827600421,12.901751847046173,37.5747627703765,26.320197129754654,23.249271148061197,16.89766718735471,19.185551476975903,20.046877010647123,36.33031253548924,30.289353619666866,13.87683989542668
20.20427917788037,33.42048350475347,16.193918563339757,12.254273297125694,9.877322094748312,12.428439437124942,14.582343124143028,12.181807781937868,7.500282315839943,34.811546957679845,23.654733452361505,26.143231391923774,80.15221395330926,30.823856469311824,20.85144122731252,34.54492011856838,59.920478599024456,23.67838043567877,23.597822495383166,50.11349709757154,21.10701406991637,21.24956771325396,23.258624842135447,5.871027568539497
9.61484320304714,4.596764900498142,12.511651420134942,11.100886942817928,7.980179600590797,10.566992114658111,14.08408063649542,15.22988598399224,11.129638963014164,8.825549993441788,8.26927187764427,10.30394134369985,8.47050841478024,19.52105357158271,6.984795594021948,6.147432454297132,10.7009893017231,16.50422085399828,19.849812997727224,27.941990831558567,33.990501880106194,27.393443619263195,27.15061866765628,3.3492766322182
3.731750000000001,7.0279627334614405,7.0279627334614405,4.104925000000001,6.679468713620375,7.347415584982413,8.433555280153728,4.798762653211439,4.525036441263549,5.656295551579436,4.2735700992053145,6.2147954280875455,6.843155298697238,3.7640543523124017,4.781777201952512,5.750151327377542,7.938488086763251,12.87847733565317,2.906181472935061,10.531565043938311,30.826066683438576,11.691639004152234,21.43675989702204,2.25675
8.205786688972186,7.661660715765234,8.633914690135954,13.670244878896693,10.556312912098017,9.810931112167554,15.69106368708142,13.064872028134308,20.64344188295162,8.34507096747074,6.838507085145828,8.696606056285082,12.732042661193036,10.873016337241227,5.988280340029611,11.923577513919152,20.69535834752197,29.995373452946254,47.32806392447977,28.377222723071217,14.601326208733845,49.60052543212544,24.15574881423436,15.14401091450789
22.955632326241243,13.929004069842378,3.062631000000001,8.942777694821885,8.129797904383532,8.942777694821885,8.767117998885501,3.795528806403824,4.382586591785087,17.466702357792208,7.634940640638447,3.692970040104151,7.5998993143205205,73.57803405962822,64.74259960109694,25.52587900951715,27.78659067342212,51.659637825232245,21.361486537525234,19.191315743779757,17.58732030083575,29.81603350786821,42.70830440135487,1.7602650000000002
6.633678852654305,4.211236562812428,6.032544032655919,6.306750579594823,5.733409617813475,8.883767086040807,36.22360555327351,53.46994557393783,51.242674901454144,25.2213954118804,20.55510457169516,47.79900149698239,107.61570157637883,59.40206854267425,41.25620316395175,35.777644090909945,5.936036603249391,7.747631283052783,15.85655622872392,38.55658850697771,16.932294137328444,22.71223304384485,26.7429012661314,28.749077473544126
4.346191926155692,13.576305865004958,12.209196270713482,11.808673927204024,9.633948688598474,8.129369665146324,14.65103552485618,27.50168855635382,41.47226525659346,9.826293219455328,8.450212245851853,7.076607700244836,8.026984868404043,6.877799026442305,8.966558493330146,16.728044697802282,23.652669442724136,22.77882066306703,17.18108853974131,17.04106808713915,9.464770662600207,22.8233905796189,19.54317136194512,7.017306646954028
10.495518549377596,13.527302066094808,6.881815244575768,9.486901293635544,7.993374887926201,14.142179432735476,15.073473231845076,4.446335616285724,7.110236748178347,5.538672077663918,12.07395556312594,6.276616878294293,13.709113866338605,9.732208109422857,9.934588857706741,5.995841352151543,9.113651653962153,12.83800825203165,13.131714967939974,58.67277888419975,14.102867919466377,30.693073355272887,22.060738618974685,7.536928397354708
3.657115,3.847921000000001,3.847921000000001,4.022826500000002,6.212414999999999,4.022826500000002,4.617505200000001,11.57962058297676,18.37955498426675,33.222405319595325,3.434508,3.98958,3.746736,3.391143,3.8586896787817166,4.426674433581461,2.2890215250000003,3.947991106322936,8.650208201005073,18.432302021450813,9.69837072365561,6.837309448919749,15.145184927378008,2.211615
6.41542600402306,4.240566000000001,6.75014388249383,4.433319,6.415426004023059,7.056968604425366,8.100172658992596,29.647083057596145,18.97728277692793,52.984578747961336,38.0865735040104,39.597819071725546,35.12713550126193,28.512074788863085,4.957374639472364,16.066231067472252,21.84307671455242,10.754829443831404,12.267259010077955,15.494169515945602,20.99054369286428,21.61821307696473,33.67945190423965,23.70609666668192
9.93336466474469,15.009694948153724,10.949441316449697,9.902303470661522,10.120979303251197,13.1903573559437,15.446400181944286,19.090829813724906,13.872002359312948,11.521660274463391,10.050508664749634,6.898297469231063,9.901447560861934,12.797717371961946,6.091570455855137,11.291369130854907,7.585849659805279,4.260577772207356,4.411902894778877,11.29456701500156,14.16235891447071,8.370039243210849,23.543075653887893,26.816482410962784
11.759699966571691,10.458639290601212,10.296933413384869,16.527631592119533,12.619023928691693,12.64589688086676,13.536238721398576,8.459261016517898,10.775855684002366,22.168627637237226,20.121199291660965,36.247088242918046,34.64366196238053,33.11704558094185,10.934226706718118,19.177314968983403,21.05528010492217,39.42419454265839,19.88971994764502,43.985620696170905,21.68508103713141,44.4895871023099,32.98235836096945,11.7702605147676
39.34219799291585,61.614362633215805,61.3563300014749,24.055328602477843,11.656790159115172,12.82246917502669,11.927970944540064,21.682825071570303,15.227060947019035,9.871181848377988,10.947246410299469,12.71649835539837,3.746736,10.809023602088613,9.641473059403804,46.3449111766401,62.353922540683904,39.84082550499523,17.205805705975276,4.08234189141109,2.4050389300659005,11.311786402264213,19.12195326111708,26.89082360836333
2.462955,4.270659395783379,9.249419869277313,37.510350891905446,4.639231583565986,5.5819355903071015,15.27475094323235,3.365265440698324,6.350092905818293,6.070784701918673,17.089226001181167,67.88961733616728,3.563795855921508,3.629165615295336,3.921194422943005,4.368471331544689,2.621349969407079,21.377107945555377,23.41435097404652,24.11267281893424,24.914718515516142,27.50394112050765,57.83477666249384,11.527275482968973
4.254195000000001,10.250282056123034,4.476153000000002,10.716203967764985,9.742003607059075,4.6796145000000005,22.986589684394872,9.861777243610618,28.303622187148783,5.503647173234703,11.49404799464376,30.459092615053585,43.846387202647826,77.59851388485524,33.06876773585296,31.10680146101333,18.42955420778987,17.742581554852524,24.132867650250912,17.335960891742126,16.57783689382697,29.162392349811103,32.771748432125605,9.97487517691714
8.663627316689709,7.0062630526215335,12.037884045949598,17.44073196735969,12.94455087591064,9.277169853474874,14.209894244857988,9.299815594502062,14.338430934344215,5.002198780506886,11.685933681722233,13.570794656893886,53.459318236770926,60.02282506301025,32.45949483226383,31.804171885642326,46.16567884457399,20.317570067677757,19.874993017753656,14.154139763246834,9.108435828678836,12.60494272517773,19.36733705059049,22.928593500908715
15.376540098695765,4.309869336815374,14.637799874087523,14.103064618991173,12.47275300000323,7.614045621292374,22.229038846014497,11.285276814447096,5.932327193897405,7.223609353518684,14.176677740802193,13.607909172741833,30.06444342598677,11.69884303172457,23.343611929914843,24.42061632954759,20.74570434978028,41.08129028262873,17.534186518924585,15.955812358546764,33.07195981039556,18.66942769492329,17.46217596156969,7.751984086443565
6.797892793424246,9.935306163713417,7.152565460907252,7.714342667038418,6.050321234739396,9.359000096145085,7.2029156433673975,3.5605687033353397,5.590752722096763,14.00581434678456,9.63167137429189,16.70522753750048,8.33373705898201,52.09830660172737,16.304405715588835,5.852099013469569,5.910238195172192,3.2295248592536567,15.29439154580979,48.98596390015573,14.65693737246566,30.606717417371907,27.69117675143545,3.5629536042647776
3.060035,8.759384931059028,8.759384931059028,9.157538791561713,4.495944163197119,7.314788698792074,12.156377917270833,23.47106981919692,18.297903694105823,5.0232012486693005,6.919289990224925,9.081856652788472,8.038682169969606,3.0594002343122817,6.432981795725167,3.0463344990043906,18.73060529205732,19.33019964753036,21.549797366844484,16.944449866986428,19.026349955200683,18.728837159557447,16.893725519542144,26.017109691234
19.010922800391523,6.230430391877463,6.230430391877463,6.513631773326437,5.795685184169164,6.131936402571649,13.855822632489003,20.32595099681338,8.857751522844154,3.949137411493509,5.56104530845261,6.459800105778284,6.066594881948301,3.8577401310914525,9.775187260851371,69.6261080667992,20.24340401148643,34.37430420821737,21.67435366625322,20.630062502084403,27.4558453525985,15.12377953464985,19.36056840204748,26.74221181089783
4.346975476464829,12.53245232623259,7.849210809511954,14.580872139369337,10.405169020334114,13.70998707909106,17.536005084888167,2.89550052,8.872619180887732,11.358948995497837,12.151082659666937,7.505955587109232,13.580172686038564,12.291313704261754,9.347117260336478,16.916712962025645,26.71957578349937,25.132594041940077,26.313320675586063,26.907648359237086,15.024189912277302,10.560473130679725,18.43629938206935,8.016074154953317
4.104925000000001,4.319095000000002,24.02981053167384,4.515417500000001,4.104925000000001,4.515417500000001,16.87525575022501,17.590472326719638,13.379422044815591,3.4761251250000003,3.855060000000001,4.4781,4.20552,24.49965364130344,19.666487437694496,43.90945344656028,28.10642023549236,18.839209376966185,20.64546974732905,20.972030296392624,17.525999435043353,23.33636579450095,32.806423758329174,33.68436024712691
13.526685286012723,7.973372300655036,6.435018703441149,9.00981143549861,6.589062339760754,6.381972317962579,14.21978117969141,6.56771182367094,12.711013584394127,6.428965457202113,22.10894648508257,20.071482110448223,27.264359554221965,32.99737265719205,14.59981290558593,15.844587879122242,22.93859922136606,48.54897057553228,32.48391698397513,37.13772638523847,15.402193983060318,18.70246208704585,11.745552395530922,5.333232496354986
11.522612637674545,6.660037427466262,3.926450000000001,6.962766401442001,3.73175,6.962766401442001,7.26308826563518,3.717974891906623,12.62563506758482,36.03857771360002,34.11909987475688,44.18766435225986,44.810849972310336,22.73709518642995,3.552816512734352,20.44185733258758,14.299446476004023,43.06925032503239,22.27119458372249,39.82293830905146,15.955944595535362,15.64376947965716,25.9067510546776,36.92931940980434
6.464244637961794,19.08433892024459,14.751926914141572,17.582492555438506,6.259104091555303,14.821731087617184,17.282664797529304,15.166454257128027,17.920432257341464,15.156246716114024,33.359568077734416,38.34611613735733,34.698007013900124,44.70594645743937,33.301965055199354,14.233336098972583,27.631335132758757,21.535493740851628,28.503696988075674,34.02831050682876,20.74166547515473,32.103561208182214,31.816668099808968,22.91652187067828
7.156529786872405,5.075103,7.52991394966575,4.1870235000000005,7.156529786872406,4.1870235000000005,11.287746124912092,24.23365286906851,16.274398152637332,38.2973387988275,31.37131444949277,13.09242449149609,4.389984456667039,17.969017112762714,30.032741275263817,23.753477962080236,26.1495929479092,16.485310473434552,6.261312862027525,2.6448372098535744,2.2800863546238483,15.302982936884693,29.17849914138665,4.327861886922838
3.2967995994721977,11.556558781647762,9.099209768421504,9.51281021244066,8.469926242934896,11.12835649443791,30.877873903680594,17.56414880949996,30.16882848267696,22.777229012827465,5.76102920577816,10.8519446730604,8.859936784278181,10.906586713031023,7.617989332082893,15.590734220065189,24.395724481301784,19.77013787259123,16.832654148232955,22.217597144209236,29.987425749200423,34.62383941908134,29.973281189191912,38.26520631919025
4.917324286834583,7.745463277063916,9.148144880962883,8.586343075864944,4.47294857210075,9.563969648279375,21.96331545715548,51.73672002553513,36.31846696516771,41.88629287072701,57.26303228006435,21.26468391739579,33.003859258245036,27.9289786345592,2.9412975,13.162888249345182,47.03388041236382,17.002559883182105,19.627130579821245,26.34288606617819,26.77161029460672,61.17308694887205,25.24667629832373,8.691582241825433
3.507845,9.179541108228472,4.938289842779199,8.03183930129768,8.724357251622099,9.59679297678431,7.0164996,8.497353330444723,13.190202062062744,24.402683393028216,23.42456549298688,11.05780782215329,8.93815572972509,8.089858542413216,8.647686749720428,10.994188879574557,8.98372730377075,16.97178831509283,44.23372620232912,24.022014845258752,27.89809119336965,33.26755467061884,34.34883171363673,2.838310841266781
4.03029,8.880403723227499,14.113301132147704,23.805765610216586,5.834284005837888,9.284058437919656,7.366417718675318,11.796968442377686,11.274966408409,80.8212741135193,130.5637933495439,30.696072913284496,86.99010823226541,22.72516528912675,49.496347737660706,32.80076587859094,26.94375855599577,21.91961860691113,16.22994721905926,3.4669683269610623,10.305066556553165,24.6310265987046,14.850100485218528,6.83897971498757
8.682298636415185,9.088811401488986,3.847921000000001,9.501939192465755,8.638126538605231,9.252888615535491,6.904439193377012,5.082127819969925,26.92207552909895,32.22745028090391,14.810955595302392,25.29274151598364,62.97455872906409,28.253422663707653,29.433257029771685,28.463398517160208,29.615149733376736,25.895335673150225,32.58041490463547,12.443203191833284,11.622485966207629,16.448790120492472,16.66766835619699,25.38428610839044
2.68686,2.827044000000001,9.257243589544498,9.678027389069246,2.68686,9.678027389069245,45.49792307603899,21.06714687585934,15.390900856666628,21.84667419063471,11.639709101136612,67.671321911946,13.202252341091418,8.588995398774774,5.277422245782358,5.7519875258840605,3.4344926939303333,35.15434923813672,12.459322572519172,15.761895717459751,2.2119364030848847,1.6307000139353718,4.2565237241181295,5.320654655147663
21.506718883837184,4.162037,9.401332624293516,6.840968420635349,6.445402920635347,9.828665925397765,11.281599149152216,7.562158487247655,8.178711667228765,42.5082588200798,28.078238644928778,28.41107206958598,50.33755750469351,39.2954930992492,5.330337915125667,3.405303,7.555141880004293,21.74878592301218,22.547192852942104,21.03995240470847,11.849854907924772,13.81098596878678,30.628195661125066,38.15884363489389
11.3168276805556,7.524210143508424,6.654670648342462,10.800548873298654,3.657115000000001,10.800548873298652,9.124884172210107,14.32500033164578,11.339614823233816,5.804694691274114,8.385955951897246,8.51636881425631,10.516514925861621,11.299355488125327,11.21831202492979,63.53237084673982,29.733339368471977,12.117858052244944,11.32936740943099,43.37468264004896,23.241971560563567,24.866686078716423,25.89589886075918,28.46532038209924
3.806385,4.004979000000001,4.004979000000001,4.1870235000000005,3.806385,4.1870235000000005,4.8059748,9.207701553774385,11.15111131698061,20.53108217135735,3.574692,4.15242,3.899664,3.529556999999999,2.9412975,3.2768010000000007,3.8116881125554634,18.323745146958696,16.52106815179232,25.89117921110997,19.583727451691143,24.61886159498048,10.720170309230486,6.631239277498378
37.57457008341806,38.17773109425787,3.612334000000001,8.535577252519028,3.4332100000000003,8.535577252519028,19.371106514025087,22.355033631394,21.4206412453482,8.643664875952313,25.858848329000363,31.92259708307849,13.605211273118115,21.222540358720078,8.93284503135223,23.50833175826857,33.050326593068235,34.806080609762724,27.89340452280759,22.703145745997244,5.171246747776765,21.723773820374824,36.583279309541766,13.988999739060336
50.64130094998241,34.738824814503744,32.68556526292812,6.813601777868118,6.194183434425561,6.813601777868118,7.820829866770362,4.450116829149912,10.567637253628074,66.25722083664172,107.9172676421036,8.848161603819088,11.436056905953418,14.960394230287607,4.786414472056115,9.8788008338293,11.476135652937083,13.229604540538066,30.047089837158516,40.13467147309527,33.038459709273724,33.769700605618574,30.524703293410624,3.7458895868265247
3.1346700000000003,7.323470066110411,7.323470066110411,3.4481370000000005,6.960322790104935,3.949077000000001,26.43219595914062,11.387571061888693,29.80546450551207,23.23664502767986,20.65312553918856,11.341588895829878,6.542981370418652,13.891353167684931,18.19853372692994,26.314683775332373,12.25972239699768,18.069430215309485,8.941535929967372,13.660089077465226,11.601980588292909,21.73911786717265,23.05477524776652,20.40258114242188
3.58248,3.7693920000000007,3.7693920000000007,3.940728000000001,3.5824800000000003,3.940728000000001,4.5232704,2.57377824,7.665786744672411,3.0337092,3.3644160000000003,5.504001700407477,18.886231259745408,17.372789284231196,2.76828,3.0840480000000006,2.2423068,1.59831628704,7.523984202067198,5.683976909746083,10.4060468754547,29.48682643182981,22.578750175587952,34.716267810180206
6.378756300312316,14.606494209701449,14.71689721218366,14.01934226524029,11.602448597330314,19.91585136037545,65.91226590598146,39.59854663252569,17.083773828301155,9.086443008241885,8.015038756642943,14.061356134864536,12.626638759282555,16.07042218496773,10.42216552504256,10.979665202481836,5.394252909496534,7.717693203207552,19.61148981271761,25.798602284647718,19.96106648549976,24.51693195438765,30.2616812900826,6.244837704750022
4.900587375760805,11.146110976945325,15.639549842988355,10.936439007232142,9.05139888331946,15.466101341273069,21.314480704563096,9.116052893698413,57.41726637105853,37.1728018072652,19.505570228091063,25.30257695054641,18.45574664600808,5.74682696057602,18.05811110215197,18.33155363584154,23.5269141274568,8.008075212359746,10.038050997512707,8.517552636201813,9.1632743609529,16.42848787208934,10.463927515732184,6.945008447528067
5.240360727498245,5.513770852411199,5.513770852411199,5.764396800248069,2.8361300000000003,5.764396800248068,18.811215196212174,11.712857838573118,17.67444030682903,61.75759906277258,24.386932631896947,33.20118442943399,28.285752779728938,29.852485702968572,63.92064310402975,14.501112611572688,17.951196085450377,16.49482468887259,19.14351306796828,20.773930508485,17.144905274021305,21.440704328423124,27.780555133321,6.987736157245875
7.581865278441218,4.133600728727898,7.75133261527668,8.812823586913874,8.011657806285337,3.612334,12.48006488070597,15.064557490459135,2.60179128,6.784417496867992,7.523991678946229,3.58248,8.207990922486797,6.432654560371395,3.201814815759097,8.075203301602603,6.112090675779355,8.602519487318812,9.955393109617985,13.405313998468774,12.658605359544604,11.927730333937346,15.68710020206558,5.254787685401747
6.041589513842887,6.356802879782516,3.847921000000001,6.645748465227176,5.90911870751828,6.062876917398914,5.119281575956505,9.167231068988686,22.532972287934825,3.096911475,5.67384058691332,85.40584564710623,6.189644276632713,13.228419442407441,4.054318158646335,28.520734289418172,33.48219707124446,14.490536219009336,14.618902133939605,7.8035746925201614,10.3408633622131,36.05292556056958,14.433668005436177,14.119277926050977
13.26456592894183,3.4767271641812085,2.827044000000001,2.955546,5.4654636154031,6.0120099769434105,10.250140560877677,8.077212162993911,25.730845578560228,36.64750697433977,55.63100369380308,15.604987017475802,23.45691073456476,15.585132480250698,8.05604956517022,6.6601199085174985,11.791352923158064,19.473490985086027,23.178660172356185,22.92488087447503,14.84620204482126,26.421651736975985,24.34020951936772,25.420194023705005
8.799506669233585,3.7693920000000007,9.258611365019693,3.940728000000001,8.799506669233585,6.810092668078473,9.014449880470655,8.747401406636056,11.223946372712302,9.234334357898785,64.36446855983127,23.269251429576123,30.483879838398853,39.39960450174038,19.97614995414999,16.354253737730886,12.141645706311232,14.995636662785492,33.0640426676099,20.7488304493564,32.93401312704789,24.04431827417772,9.345284845458366,5.321440792066162
6.195367054147717,6.207885076161351,21.8025776722646,26.06797202422844,3.844536299454348,9.692631430094808,9.695902328536,13.667682302321824,8.308970237987381,59.20881369115585,7.957269108369527,6.240799198809485,9.027416696660342,5.744794904755155,4.559134231365678,6.6108424967290915,54.73965670950198,35.65717162083959,30.456850484403432,26.931390864616173,30.28838828460516,27.24363489002722,17.02723281222804,3.746605372666405
3.58248,3.7693920000000007,3.7693920000000007,3.940728000000001,3.5824800000000003,3.940728000000001,4.5232704,3.609524073848481,12.666495000298092,15.31167015740764,25.560095131361027,48.48853912091205,3.670272,3.321936,2.76828,34.182049804044404,18.55775852236454,41.5876823817287,40.11677974361325,15.75844637504894,13.584862061200123,13.65964811325152,18.079879821035227,35.738102164430195
3.58248,6.813983483570929,12.546670025164824,13.116973208126858,4.820757521193272,11.732916880151738,28.876834266613457,18.62193924436663,4.387263385237126,11.846815984858775,20.549288572399725,41.00952202799441,13.259923124874353,17.644556896299687,21.603061679357697,23.728739058603328,18.53697081899628,14.926521785569957,11.967204762512615,21.777423960594312,13.46697699225692,17.082104058915284,63.24155636577148,24.248608735824103
3.955655,8.069102375179362,6.848144445435814,8.180588552377497,9.061479069836665,7.9252973488856675,8.217773334522976,5.676399562548771,5.352612065219787,4.13584869418229,3.714876,9.885249894367268,7.675171370590059,63.73927198061388,15.225813711501639,12.10690023728741,28.997637462571085,55.85011100150463,40.13718073139649,33.210084830345856,27.098977509445053,53.04402539034287,33.42024663331529,53.472622588597375
6.883320942917224,7.242450731243341,7.242450731243341,4.269122,6.883320942917224,7.571653037208947,24.69306289551948,13.608709716120382,24.893763744496173,17.48227217785024,14.183778700854791,7.509077392273334,3.9761279999999997,6.382715783432335,2.99897,5.925641507380916,2.6170824453816826,2.8700592878785387,15.726777685175689,28.597591275350663,36.13475357283421,48.05190237818096,41.16903032595402,53.78208848201135
15.22149908490256,3.926450000000001,3.926450000000001,4.104925000000001,3.73175,4.104925000000001,8.498993028110323,35.6509401429012,13.9963253153528,3.1601137500000003,3.5046000000000013,7.285590991093753,70.65737928899892,3.4603499999999996,2.883625,12.42781320023005,3.6840136814429294,33.927821620316124,18.647982971673876,28.068197464207596,10.180959425573938,19.458378321404165,28.549822554688152,14.2028278147866
9.234316268304154,3.926450000000001,9.716106682302634,10.15774789513457,9.234316268304154,10.15774789513457,7.55393509858493,6.00970680041402,16.179315797257445,10.626396412659377,21.25435909248677,8.709526936917547,6.385659893540129,6.939245202688162,7.1356080255077545,4.073821241995432,4.997091080056446,5.088551819339036,8.937345295758712,21.24187390907824,17.94343329539938,19.739935378805004,11.22425310652259,5.584388889527808
6.42567312603036,8.398815647031594,9.949694565865482,11.056231691318764,10.283436817909164,11.31178049970008,12.33831719836096,44.63939039717682,29.29771249254825,8.491689490244001,5.674597060619002,8.285794172650213,9.899903410849992,7.618146306089617,10.254825733740764,8.852697782373978,6.177647023416978,3.230931824218681,2.534758962597278,4.278714535848086,14.01512584538578,17.005574178990415,14.51488755709839,6.218837285138743
3.731750000000001,3.926450000000001,3.926450000000001,4.104925000000001,3.73175,4.104925000000001,4.711740000000002,2.8283269873369696,2.5280910000000003,3.277818216780596,8.849583719858886,15.9860183945032,6.935674383957308,62.698761317146946,2.883625,16.298620528641948,15.783032597739588,15.09310412665387,13.8875442216299,45.93698464779802,10.679911418106078,11.986873569919512,9.964434307820126,2.25675
9.342689296579415,7.325116248471667,6.573610936353751,10.276958226237364,9.34268929657942,10.276958226237364,23.25442633855205,8.660751388017802,67.54428869406634,41.97161744674837,116.96041247096146,50.87926689915764,103.46530312081609,55.88404009062945,11.751248983189912,27.6392557957742,31.12920110912923,20.994401691784763,19.165238132857148,26.904222451012476,39.0547143077074,12.908979327885165,4.519941383009173,5.649926728761466
7.334186623272804,10.660617950191403,12.20230086378023,6.893528060714118,13.440361528888,11.944165741034288,20.570047750369252,14.18483458732051,18.956037749608864,10.196169746472044,10.219930677108378,10.755627787240789,13.117569607691472,13.105899016514424,6.669648340719506,14.031873274574858,5.4024151559828,6.10579414106984,26.0145718702296,29.132498038419147,28.52990533436793,21.482467753570504,25.36698896690041,16.488387381442028
6.1799124920387785,12.643678879025874,14.58369866709626,11.973065092128827,14.492827077260776,13.095771041999464,11.545617243547817,9.504855692112557,4.770250418444462,9.110194672685562,59.35563759341683,43.58061561644359,37.51316642725112,48.198852325528435,35.962105883439186,9.463119082311104,8.369873738000958,4.366956827251958,13.465347075821809,17.523611633387222,12.855904949276448,18.259592233694008,19.99973235838388,56.7080744451423
11.48002527142265,20.47256941163777,12.59183297555768,13.164189019901212,5.509448232274612,5.547641288851451,15.110199570669216,6.588490047906654,12.116188552472478,4.00761075493809,11.238991416200246,13.05539406932351,11.198249083600817,10.645642317991406,11.951585165105374,9.633602146030572,7.685039009169107,4.160774494049317,4.116711994370101,11.66869446663322,15.500087959522242,20.209843471024087,25.582105087725296,21.94085076252017
4.120036289813734,9.68885842613264,5.685887409868903,5.944336837590216,2.8361300000000003,5.944336837590217,14.13508162374873,14.05821871930634,12.513667027872796,4.576156829929988,5.075006944345797,14.23151619377809,9.883639069871505,6.475297511750593,4.065539433111966,12.250116592768098,28.8820896578312,26.38946533175769,28.015733866760694,28.722271550514,19.37463532805712,30.257651205222444,23.191662322389185,16.380764754838562
31.772008590729865,45.248624052047255,41.87012220481755,63.22917218194773,9.832693067301106,12.129182911284284,28.116092044568862,82.0965497051466,57.02988036812614,9.539658568554998,10.579583541686707,16.128123421993124,22.570778472793336,33.88204651430155,16.968472427069752,14.48474333024458,39.8351044409582,32.254243965277006,40.66241953027686,34.86175785530303,68.02612992918624,40.192072871949165,42.023670782910585,32.37096688215765
6.3372136794475225,6.643365379377032,7.391945839169379,10.336632858407976,9.396938962189068,10.07576391029852,5.2771488,21.009006717445725,6.3659990132939015,30.57835490918234,20.4412438945454,72.44383671774693,20.80303100260701,42.210868936058326,17.989769019231343,8.089538758754069,4.545700236407984,6.239463100278249,48.85311137427857,27.744738772983624,19.73457940175972,22.522998235084515,32.89906148009214,23.94650177835957
6.470858546347061,12.078866008827111,6.22454843800493,14.05231657335559,12.77483324850508,10.463047066432948,48.91946946583084,31.12705067188018,6.398585843488498,12.772666178196037,142.05389015008166,10.909097710431055,9.701592278901051,18.08434298009084,13.337973331696386,18.102401968727094,25.872009080618454,22.47708466834986,9.80342758397823,2.0791346054722446,4.005906752179621,3.95141912587878,6.180393634849888,6.868838738305247
3.955655,7.778841255757565,4.162037,8.13242494920109,7.393113590182808,8.13242494920109,30.65938841376123,25.63448041242516,17.489555126731126,7.521070724999999,6.712510696035193,8.065214825653971,5.876890951321431,6.855432601805875,5.712860501504896,3.405303,4.627417006218966,7.393196222592371,15.894867295685778,18.977606203768744,14.876617063105856,22.88703900100481,12.9737456254333,2.392155
23.331516939513826,32.05233185669765,8.817324770249629,8.981962907087956,6.01860852718474,17.59236319780564,10.580789724299557,15.173392959346698,6.000852545818257,7.096422785131974,10.969969953983725,16.077315995453638,14.31616701899015,33.54699491376499,82.64559530694025,33.8217191993735,24.38492551616806,27.352380746603004,16.816862266727917,17.792656807613206,16.231017073939938,22.992140869291944,22.651848886722515,31.040836745558515
3.358575,9.939276423048616,7.496979237403488,8.476078694442712,9.446419740913967,10.391061715005364,9.125160371290251,13.387768741979253,6.129912700098176,26.54784271236608,75.646841557945,7.786030103985237,11.65354700192613,64.31713119158985,32.62058232488546,36.02538952251307,30.515812591041342,35.229350070891776,32.792898633638295,15.396613581388142,16.428902662613513,27.256460934790383,60.6305600591696,26.67342954598575
6.2281820371897965,8.045980632070052,10.738798103191714,6.323163204564226,10.604588248904058,17.642002187589448,13.76638453687713,13.068027989712832,10.082201528189422,16.452625078108067,9.10850984704302,5.349543294573026,10.864463534055062,7.617390658359373,5.635888840994399,5.551679851869604,6.637508190336765,9.249261940389893,9.177027246881568,10.159360127876836,13.284027305181192,16.518243510370286,20.50509522824548,32.95455161337498
4.0846530894164,10.63579652398552,5.595916093047109,7.550571109818377,10.108401655027556,27.720875573120114,22.657304228068977,17.72792472551249,15.570739981390584,15.523350405698848,22.578749601244187,26.4826883343762,25.600106805009677,59.04790548426687,11.79021888195839,63.97058549951637,50.03143618011779,16.204608707501,9.075713345089785,12.917204192643483,11.864279597480795,12.339606075033965,12.18942493158002,17.584545647053588
4.328830000000001,4.5546820000000015,9.916732845034574,8.329027818390768,5.950336735632166,10.367493428899774,11.900079414041487,19.271174548765902,25.050540823516943,7.981256304975322,15.40676804453458,80.37254689581594,91.26692413638128,60.96849789737865,19.703842157290808,42.417227391482015,42.87729778771424,28.80481185367653,19.239766869369525,13.079440477089902,1.5267184560000002,1.8848376,12.827463022059067,18.975406440061143
2.53759,5.659995245476448,5.931814267792489,8.19066321600499,8.221078648426303,9.043186513268934,8.51199760168873,19.056412315891446,24.08979621021909,30.30781428251859,18.448393849333254,14.999049434646878,77.70033222073602,6.815981101396363,4.356385008840839,5.210675477776788,10.072998060215566,67.75555705530627,15.405092262963729,23.31438673921208,16.80129463342918,18.95487044605916,8.632479049260123,4.97164044746729
2.910765,15.662633800995152,15.361807487327994,6.189593751648831,13.313473088594744,32.15448755814391,14.302063805139476,22.591728482748,6.71097410936183,8.603897531973956,7.94761836674437,15.963940028499366,10.546151201979676,6.723178690951195,26.87787608922356,17.869827044500706,7.617626916305556,32.004401029570694,32.459863931778926,6.977582328452046,21.31444474078591,24.49243374145184,31.522605313523705,13.139260130900135
3.209305,5.415021105568209,3.3767470000000013,5.661158428548581,5.146507662316892,3.5302355000000003,6.498025326681851,2.30567634,5.1147870090532255,17.46836882190683,15.426894627107604,26.89125880740837,100.2502507787616,24.65391308291509,13.492854263568407,20.87456256473006,20.49158091253932,23.513037073693734,66.26234805608311,42.54784335718465,31.407502369630365,25.93379100847138,13.93896003066722,12.209742530388027
5.494685013085316,5.970014923510369,7.85652184702074,8.213636476430771,3.88102,8.213636476430771,9.427826216424886,19.360339033064907,32.65294404147475,36.67688357415625,53.18615928458952,31.640681456266524,7.649926606866172,3.5987639999999996,5.769909921459632,19.187402945156236,23.47505487190637,24.32385652988342,24.988952169105257,16.819806699954306,13.236978532485622,28.18778676011464,31.44596608740412,24.63392183111342
3.58248,3.7693920000000007,3.7693920000000007,3.940728000000001,3.5824800000000003,3.940728000000001,24.446743200000007,15.301802339999998,16.54167668851674,25.22973825051241,3.3644160000000003,12.084107751158616,3.670272,15.226211474015656,17.800695562871493,3.0840480000000006,2.2423068,1.59831628704,11.309533674785134,12.962520806586362,36.17774715525226,31.479428714053054,23.263809147992347,2.16648
3.88102,4.083508000000001,4.083508000000001,11.0443355,3.88102,4.269122,4.900209600000001,2.78825976,2.6292146400000003,3.2865183,3.644784000000001,4.23384,3.9761279999999997,3.5987639999999996,2.99897,3.341052000000001,2.4291657,1.7315093109600002,3.939851128321926,13.417555944855586,17.387125740319718,19.86760657067328,22.124243187163845,26.34085769770193
4.17956,4.397624,4.397624,4.597516000000001,4.17956,4.597516000000001,52.73404260738166,76.57803748417847,41.779035055042165,41.42100984602099,38.7208961027085,92.59319582727788,4.281984,3.8755919999999993,3.22966,3.598056,2.6160246,16.262141474523833,43.15515703039992,41.990487159131845,18.781528797357844,25.063872138428096,28.07484477228699,41.36517765585053
10.10205437559784,11.721436259978436,10.060627657926684,9.429821619807084,14.271852699902327,15.39365123730215,12.19288589741974,12.87991079661735,16.482793427845,65.82568517974565,41.60268538524797,40.17154638016864,32.84518837630251,14.090979552187244,10.063989044979724,14.45202656115238,26.26095610522301,49.09089153974884,62.85302117698605,30.29782158909589,22.104789929798,26.45287569958243,4.333646263576084,5.145678284541286
3.955655,4.162037,5.5333699627242,6.436553269762417,4.785048715246416,6.697219865982718,13.421271600000006,16.106971380454485,29.625717591303435,46.705128557276666,42.68819033972372,40.54980779752195,21.995453409651976,5.645590300249894,4.704658583541578,25.17781212979692,28.20512681225206,27.662353888221336,38.18898778616512,36.17199447264566,23.056656443454216,23.02707571348009,40.13291511677055,16.050836964053264
7.242186211616708,10.157363761112254,6.9728535277783,7.567239806945041,9.653692830809163,8.676993373106878,7.0936201400003736,14.229375877841392,51.165423811936,98.18710426053887,33.16016725367724,59.65398172049372,52.96671706899851,8.95160607947759,7.4596717328979905,23.18248535887475,17.441753201674615,26.26747335741791,24.21464597859664,37.96959778460989,32.76106767873773,34.54140191673429,42.66177557579013,4.007688165853042
15.79262165036525,13.631146556213332,5.338705865082626,10.570740904307828,9.10491318195943,10.015404500155377,7.379575536859105,24.254230012256688,11.295288281590764,10.6727956603673,7.66031451378106,54.91486105157998,18.388979638538455,63.178060817585724,7.035614731514104,12.644169403654974,37.96938722684159,14.851975257580916,10.780624560341485,5.236884883788552,7.71216693171411,13.24323761037502,14.343425945723752,14.2362305757544
7.657055170827793,12.468913328652008,30.159814712835452,41.23222602909327,8.996815774710829,9.48312979574112,9.667864441775617,11.641985297006164,14.495085479916082,6.484133537841898,9.70909783012474,16.554270196283447,35.86941849013753,11.584753010293042,5.187354019457016,10.201838177988005,7.417410857094997,9.26178306449654,14.380647580308397,21.162788625647053,17.729918440959736,19.373340187156924,11.66415976014921,20.130476290357706
12.112966279205372,8.529951251128024,12.96180727498623,13.637458602195606,8.631095792253603,12.161856956748045,18.27451691844623,57.16808874091893,34.02462348283315,20.560380840872323,12.972189488077852,8.723227935041182,11.530350323845763,10.113827559488124,10.929237438366755,27.426542523723217,43.480292631275255,64.19218818409371,48.96729778014079,27.31744106803568,26.72349546080059,37.45668778244333,22.078639130035,6.054837691154706
2.761495,5.549054631099446,9.190354116572683,6.844457598449295,6.222234180408449,5.801284387058511,11.02842493988722,5.071934618762626,13.006629391506328,13.157893013523966,14.412013830274883,14.946598929003288,18.703191780948536,9.528106716869969,18.17144031206917,20.67440963574242,5.467086875018283,4.545800872418314,40.17594543617848,25.38172526757816,17.238803492714705,23.67699686637813,3.866991961761611,2.897470340148112
8.959530476461756,4.6406685673137344,8.709036889480469,9.855483524107932,8.959530476461756,4.3512205,7.751437012325433,51.29956246325873,17.908700759070125,3.5423284265009967,7.986959410734148,9.774033247049188,10.783110086722656,12.129376322208403,9.469797973110325,32.69589375999616,73.26303539150145,47.39744613116204,20.31047209359974,16.348012787877867,9.523179758796475,13.46011860858612,15.174674440681835,10.43524326821298
3.58248,3.7693920000000007,3.7693920000000007,3.940728000000001,3.5824800000000003,4.921262649528648,33.54429731966244,9.371751839999998,8.755744943036664,16.071857642751926,3.3644160000000003,3.90816,3.670272,3.321936,22.81239163431397,26.28076100544713,6.731070079465271,6.549742952975431,9.120825922151983,15.333839971319255,18.175208866489573,31.26415438763416,14.164232073001,14.699118122330836
4.38295104230233,12.970172112132143,12.970172112132143,10.357546443039256,8.601399636583515,11.291351643187852,15.564206534558572,3.883184519778719,6.19720894400921,7.301285541806306,11.576682546365882,6.41758932788155,10.591191368311351,58.553947739242915,15.842329787104585,20.839535702428392,28.76650266298279,18.702197786259056,16.5162297198925,18.75203139191004,15.41449574011524,21.600396142639827,24.20909814753385,11.154506256083472
7.621505671212029,8.513680254790378,12.7171921349297,4.104925000000001,8.90184482583981,8.900665720917212,10.349391227480975,13.380550739341984,54.25355686170463,10.832159875457982,7.157587934703472,13.105799304883012,14.980289841292286,19.90022365448818,49.324405937324954,55.31056325052253,53.48008652000665,15.86284368256431,36.32070401889519,17.45095637194212,19.162303702360514,25.653887300722875,21.04328740858008,10.660887440313552
5.815667424527883,10.13730639627398,5.504625167048165,11.320791661350086,11.643179648639382,11.15560211111084,6.795159075515024,17.639667705397905,13.668342732766584,8.914724930332056,6.719196984658871,10.023584388996593,10.5438347057921,6.713656829803794,7.272490170711454,7.69624098980623,7.287571989171104,52.333557152709645,40.57902814048988,21.858377277190936,19.60130458777446,54.46522512669674,23.1855964617516,19.23585585491227
4.326143309997256,10.38985368357456,9.814785591421597,11.66198430241891,5.145461732318028,12.062290614763311,12.123427566342793,5.918507198112068,5.949561473030833,7.899206382547405,6.880605289031452,7.796719957134613,8.624613561728204,5.446142926316873,10.92182703770123,29.152261768905277,12.679679235489274,8.80700010455456,16.8975835089099,16.26193178838793,19.223294369524226,13.629092156975483,15.318559177435308,24.046174866860422
9.302331623513531,5.51009715180974,7.306841363375361,9.47304282493333,7.783287701650413,10.080660393678574,8.483510161120856,26.991847016604,26.955205258489464,5.392963628631979,5.977814130750201,8.52017639804716,7.449407066203224,7.7294369598115,7.081455648451891,7.282010890891434,14.975413214212075,44.487145056999005,16.849600465685114,18.81616631169798,20.8983341042121,34.896624284276335,34.85037719711587,5.6255207051287375
7.222785552410762,25.528915000164528,7.902155936531976,8.261344842737973,3.5824800000000003,8.261344842737973,14.633528479718288,9.895300412204444,39.67178538790664,14.555580298871368,26.416562610009283,29.817234144351936,32.81440205656054,27.541771634646164,20.77473756152619,26.10995764284039,23.87191743284077,27.04629379278678,19.27993535237556,22.44704484095045,26.701586709205497,25.60913819099312,23.85359118040542,4.714918757094497
5.936729609821687,9.59923076748481,9.64497325048819,7.849111097376256,9.663630191681678,12.269829466868243,50.03547164654589,65.99753146451894,93.49219234604676,32.48557829516112,9.542081992003524,6.429005835399265,10.75668542570735,19.303202708018052,17.038136590771987,24.138492562659728,34.914166523393185,76.0213311133995,41.22603665686073,24.24136843703664,16.031445773675408,4.964972359794119,5.5166359553268,6.8957949441584985
3.88102,6.8106281402181335,6.971046971995671,4.269122,6.625375221318198,7.287912743450019,4.900209600000001,14.919516491821298,18.21827504951596,72.54075120205593,47.47036402856515,37.60966246317683,18.917256119549357,62.997242127337735,15.636398727373079,30.267715653394923,16.447593746623667,17.732074047336784,17.716475073069287,15.359758338816643,16.61538973167355,22.882516637388004,14.28640643775185,18.055694576955343
3.507845,6.494007953888647,3.690863000000001,5.486718740894921,4.543901789660403,6.789190133610857,6.215145547946269,18.86916918348361,22.7899212742925,5.226554222692985,5.796304619999783,4.149666791582463,5.868335836363437,5.723118955605845,32.67826804805494,23.448031011746444,38.61547854084723,20.354574866226148,17.344863088828095,21.929159421175072,18.11483502734721,22.283680929212945,21.91017102942585,37.44289530611373
3.806385,26.760766983921723,6.97280757631909,13.86367742256867,12.603343111426064,5.674678145178557,13.920926994970143,31.26731673020972,58.64957016205872,40.11607712923848,13.552991557186536,10.371123083602289,16.07465184561627,27.07482314091496,18.3331374145521,23.113037100783746,33.732184465494264,51.84498614101758,25.81824482165532,10.383762091621897,24.13403361603961,49.54870297086764,31.34933798378585,4.210231059391826
3.731750000000001,9.179079820753758,3.926450000000001,9.85780527987316,8.961641163521055,4.104925000000001,11.315046060376153,2.6810190000000005,6.094243000959899,11.573837676199872,5.286600000000001,9.77633581475024,3.8232000000000004,8.309885442537706,6.924904535448087,7.71480413207465,8.88504565018334,18.805557005715205,14.024043143829124,18.29805525293946,11.340247082218482,20.59610836112253,20.16120627932845,19.70003208037495
6.470943394561065,11.876026968043336,11.488661074992336,7.142933785253447,11.403519622443543,13.44006906561008,19.83380874000557,18.67207106383925,7.745185685679623,10.621022910121315,10.186939989151746,12.964831718407536,6.80216247394741,12.507423091297861,7.923248606350225,15.441792667484728,76.12313208668563,71.22562314753701,28.363443995005134,30.866304845385383,27.15424571388446,32.04832556106106,27.692947965494195,8.00222856423328
16.862826335215544,10.290439014860144,8.184116993031205,7.254194246068761,13.612328189389936,14.97356100832893,18.59974554136855,5.401738439567924,6.1127383695971576,7.593247161364897,11.45509851071716,12.575863599342036,7.999794225619047,10.339725637745016,6.928888982458575,14.467574039783702,51.46257706735904,29.94890797313838,18.271244998114263,26.567363928883296,7.502176153988748,37.22626706439946,8.403619586442199,2.3061605344606844
8.347813294012346,9.974788002392955,13.928821669836596,11.332569830082589,12.13538970134963,6.096631747695553,8.645290742057448,10.173609258415754,11.179747234675048,28.37126192352072,10.831928589530774,6.843104509041715,10.811625076574511,10.695161814410435,8.912634845342028,6.412236197247089,19.5801825692335,25.080321587425324,27.38621362827333,28.45757981545296,13.260741231605737,12.806731137654848,6.889359246030652,3.6419531833748335
10.421235807709824,8.117111253766435,15.1556137123133,15.84450524469117,11.500463132208653,10.42460641030605,13.7713806637271,22.777138924113046,29.612475938295905,38.69148939075526,24.919646841857457,11.61567404855856,28.347155006434228,13.356525082301648,5.961289444445296,12.40004758280179,8.631098182312687,17.29120907454928,23.134793026463797,19.7363874687035,20.47494612742973,24.24601794864548,23.503208868689025,5.768653394085758
14.403045603591108,11.070489853679732,11.108475597781045,13.840262186899992,13.98334243513068,7.540899889784835,29.546161649457567,22.07564415737979,46.88490166894797,8.252930121348719,13.77348730722577,85.22323833509098,34.36070281163009,12.575288643308278,11.33298303267103,24.538351524621664,29.55426328738672,21.9444239561492,22.356716263229384,17.195500961236558,20.9118372434135,20.814911413595865,22.64705841906117,15.395707403819058
7.014718690417232,6.596137115889822,10.974922197599026,10.608189209665785,7.055958743702321,10.608189209665785,39.13401215896357,28.53301259097095,13.12755327899227,27.819352147318504,25.765779411493785,22.48081093128549,25.58523035700462,38.23449848483494,63.70320856516046,89.67844710221681,37.81165376690901,28.2881127479016,19.613106378897708,41.649942268422265,17.1249886882617,29.290117088096007,32.92769695459408,28.29404430317006
3.657115,4.8828638222722285,5.012231675056256,6.457294275117626,5.8702675228342045,6.457294275117626,6.79088512677168,8.862241790075332,6.792858482038845,3.8257428399060815,5.702866965335214,4.928493191505419,6.1400898744958035,7.648766071243882,10.587600586316272,4.735995375076713,37.29664858004232,17.389676221837814,24.104347708029803,25.58347776836034,46.40758089024441,29.67709976277067,20.110563751991588,32.34608799420278
15.041541330984325,11.793317720066728,13.362926498698387,8.919053013896423,15.01060489854344,13.737431522914564,20.212441241559084,27.979367511222534,22.876201056636564,12.876170769871417,5.160342620895711,11.37423627208907,10.319854862318126,11.655769361445085,11.476528355934017,7.737277628032015,9.792418456988148,12.549453756841055,18.429894129710707,28.87983817306835,26.07952903009554,19.40538767798278,5.529620931092325,9.062362628706472
3.58248,3.7693920000000007,6.628159892450503,6.929439887561892,6.299490806874443,6.929439887561892,7.953791870940605,2.57377824,4.267618681166215,3.0337092,24.89873451245604,49.50505776024462,64.36469531791118,3.321936,4.867788350766615,32.69554545601615,44.599781929364994,43.08671885951475,29.52191759556107,34.98335657885763,5.0659078145114,19.74949012500521,25.20622503255298,17.858569970718666
3.43321,3.612334000000001,8.368799527084006,4.273797850558783,7.27572657249968,8.749199505587823,13.379928299946824,25.101854191646627,14.718523772263245,5.547132630103494,6.832856259391007,3.74532,8.148733423817333,9.647885092546483,4.239629205924655,8.850481287697438,40.04713526222313,31.47139952811687,14.287723247781011,17.14508468920979,13.370038680979398,12.166878584031698,1.7703202502845756,4.536635631402957
13.117580709028408,6.179136001410642,7.684321617771853,4.1870235000000005,6.6674816261411465,8.017927030261513,8.418420279266911,11.791624385696108,4.516915734363984,5.646144667954979,14.238086169226747,18.260155664699933,32.56321121101575,24.671065105686935,21.899844671388042,20.83181045593955,31.267548384260618,26.293443739224493,17.394570410166658,17.895312266360875,17.071138942000832,25.87369172287256,19.342453779412583,19.80707110573148
9.797757147339093,7.810085688538376,10.513774917836878,9.520651788609404,8.470633310141576,10.99167377773855,8.133182439947655,7.381394490320357,7.283169645986489,10.180019609586214,10.813362045428525,7.505135665384572,7.4734850700527184,11.441776358093644,7.693732876334805,10.34893822944703,7.206860045049805,5.889081594620477,7.099514542936963,3.763692391746759,2.987475185812684,4.461289987723102,4.064601672078696,7.269915285148736
6.395039497947754,6.72869373262329,4.817133366311645,4.836249026484138,6.395039497947754,3.0376445000000007,8.074432479147946,4.594418811482116,12.65705229624606,5.415435720307575,6.0057762241596295,3.01254,6.551755880901412,5.929945716278825,2.1338825,5.505294872146328,34.494702388359705,32.286186959938405,21.7565137281454,8.497361200740558,12.241355362414566,17.94276887417372,28.895798819437804,41.71214766825837
6.108644219747176,10.339750445692705,5.490351162267674,11.666885657429166,8.98403,13.01383024403699,14.93761384532942,11.75195142,29.2817755699,51.698554899568585,38.7626076544188,10.35260875798548,8.390100831855012,10.970336238774985,7.593618377659366,5.258745893521484,23.75372807945846,32.00947623834067,30.81234092578617,40.60846301555376,27.315221444495936,26.469670228137755,28.648414141188432,42.61698915385027
6.479907280970471,12.254617828218992,10.203712299160948,12.846540571219029,10.66074564271461,7.988004863012188,15.370879303739889,9.635638057978497,11.4111281794948,34.39915517746642,3.703351893384437,14.169511864085765,19.150844096046217,14.269164414639075,7.4168805064874075,6.100268905369488,8.39468467172369,1.664912799,7.476241133289713,40.11415267927469,19.724872078297327,29.97439828067902,32.17358231582193,39.97455075332609
3.538205,11.795716403662654,11.795716403662654,3.8158410404695706,10.691522045602476,6.048563440771311,13.191325515752252,6.851208069569571,3.880412578903088,9.493513376794532,26.74844060088439,30.108639543923665,17.169712595452626,2.975901,8.662894654079821,20.123920459314938,27.41384431148631,18.18594043663456,21.026088101675565,16.219615227060743,12.594685584077698,10.810441841042056,13.142386038385489,7.471684261181075
6.507825362772069,14.122906414698974,6.043300061881186,16.726285592499195,15.205714174999269,13.404181384463367,12.148217568348278,8.03403824025078,9.665308983671698,12.55679133941307,10.912086792959034,13.486071754603335,6.966628860328033,12.11335674594296,85.79599447809233,52.77729265693751,30.873245119468685,35.49039893180959,16.447940874114234,19.98709186298769,20.74827555558226,34.13185830603508,20.65525741842828,6.680679599181811
9.466569219761327,11.269116048962513,9.897746235541325,9.77416186972616,11.753011309631718,10.41322614173746,11.619503042030802,23.83468240387969,29.07454453941813,16.63946410491083,6.386286890408978,11.990424392018625,15.9888188822057,49.20525569774963,17.931474270839885,17.77043076646573,6.62003256866071,20.264552395186232,32.869434344975886,41.74342146150916,28.90796886673865,74.36609636317299,66.50901323173285,27.059829526818167
3.88102,12.256946326416475,10.193779603345384,6.156450650082078,19.370285741047283,12.814080250344489,8.399831373159362,12.423667421902994,38.90049436046438,8.619354244045162,10.940084324404786,12.708178760672222,6.4101248970776705,10.801951946571391,23.407765537897436,9.4158280197759,6.160067975431854,6.662874275346471,7.885865174422961,8.928570627018638,4.9766319681451625,3.290744528183628,4.550309627046026,6.440432719609352
3.955655,4.689569826182186,14.509850241259135,4.3512205,3.955655,4.3512205,4.994444400000001,7.531445116942499,16.563556259617226,10.64979809356308,6.987400503356811,21.37195751623342,16.363798005563552,3.667970999999999,3.0566424999999997,13.060954847915982,62.85447279932211,26.558071253297538,15.399280229725326,18.19716510179179,16.68598185812279,25.52695952911183,26.6798185859252,54.02363545339015
27.18658601351464,9.658924906066307,10.718879657874028,10.92906783219128,3.806385,10.92906783219128,55.6248101751678,54.49219118324075,84.98733817029324,24.322301259591264,17.769389129520828,13.33739401412773,22.683740813089837,26.949551884364602,14.893934563804462,58.32998120380646,6.318505873585454,31.794311688726093,47.51646829205235,20.12836300768992,14.17990824270409,27.013941649349512,24.39543324623922,26.43234636210928
8.194440064846923,8.621976068230241,8.337153065128867,6.036189038908153,6.02884367762986,7.227267051877538,10.346371281876287,5.887170766588285,6.939733683727884,29.7347202069847,8.644145049607777,10.257143631953014,12.496900288692089,14.004352417549027,9.20257363995175,8.520110835159869,9.177291728762905,13.864962817352088,6.392380587189006,10.546473570105404,7.208448839543196,11.20361315597907,12.603011785707675,4.955530948306636
3.657115,9.668701094242108,8.927032578596755,5.084822557342958,8.001644325493919,9.863804815386269,11.32193248374772,13.69778638299196,17.60357720330045,15.806501459825345,8.421272095349542,10.340506100783712,19.02062060784963,19.999580297648514,5.452150272169909,19.428101337493946,23.53515862834639,27.54099695791795,38.83214129002204,43.77759349933729,33.07767106758115,26.41722591772886,28.67851487655141,45.14685687868164
11.482060985445807,14.166579569890146,8.542459812590353,7.632125222660261,6.229952992722905,10.229381658210476,27.684848676737317,9.925009608182515,86.399329927852,79.75021618749031,13.43808051414564,10.144841313927742,4.516256672107533,8.623115116838578,6.6385735689368595,3.940332094260035,3.027170006505894,17.261979598769447,22.52125335578609,26.81134795838756,47.48143266644229,29.85049856409216,22.45473298554347,9.349523918201491
3.731750000000001,5.629319591044436,34.81455993393769,4.104925000000001,3.73175,25.42925970390384,11.036652000000002,12.47082804,30.789756428171813,29.606978313654267,3.5046000000000013,7.240450704418029,30.06209316806516,19.1617133165808,16.33388105096397,17.76196024501403,11.642495953384577,11.434944610672948,8.674366352026505,16.664870065076343,17.365400227983752,24.862187469721945,1.8054000000000008,2.25675
2.910765,7.946622666242406,3.876629611040401,9.442497517976406,8.584088652705823,4.620172413176457,8.884748310658566,8.07562986510048,1.9719109800000003,7.269162345450431,8.061578908628077,15.902193377402735,27.398392069870603,15.699124751889714,72.08405602316256,15.364270286633888,30.24982186296503,8.52357050022831,18.084089533790365,20.0331260581253,21.55705315336659,23.806859786460297,31.952897886425188,40.45201712708553
3.2839400000000003,12.580958022988938,9.014308069870138,8.661948802299959,10.516187704715104,9.424049345773325,42.53620766541172,100.45199820694536,54.40788093541754,59.33500403444553,68.98747708026329,71.09918745999364,28.18243217565868,55.284685372081874,14.51750442499745,21.446969212889556,51.03458286219049,10.195740665584294,34.33468168365696,28.285632133211053,9.474610505444264,36.81209060678963,5.784783102982141,1.9859400000000005
3.58248,3.7693920000000007,3.7693920000000007,3.940728000000001,7.323461435835051,3.940728000000001,10.119859200000006,23.452033067097588,2.4269673600000004,3.0337092,3.3644160000000003,3.90816,3.670272,3.321936,2.76828,3.0840480000000006,2.2423068,1.59831628704,1.4307179040000002,1.4715955584000002,1.2634911360000003,1.5598656,1.7331839999999998,2.16648
2.80577,8.095902346737764,2.827044000000001,7.211999747054678,5.645892016669027,5.960101586156244,9.715082816085316,62.50447506186318,49.900673820216966,92.04074392895085,125.95302325332536,116.0746690309348,38.424391490827475,17.51257111762953,11.850527312583557,11.273157185664394,65.48200561594709,18.954959014380204,69.34613644546417,23.5963498824886,14.01247148634776,20.236734114221303,37.63039260314241,48.22517009716852
4.421432922310294,5.064082113037835,6.162657403468104,4.576448581815232,5.073995723960506,6.442778194534833,28.105372237244588,33.49020843936774,74.67423149026911,13.837358929495592,5.500553715492191,5.108136046876776,4.663495134784092,80.83729198823195,7.883808806863848,17.03760722935442,50.43659768089185,30.501571564737663,31.293251588189747,40.23383602376785,17.414693046881986,17.900641111262317,28.0735149162604,3.542023225885122
13.5803152289798,11.602837148486064,6.099607414906316,11.345687490737497,6.985861704177812,11.084170375298786,11.397072880295704,46.22407288385544,12.803476462751124,6.519729565520049,6.082660940796091,9.695786576633305,8.862039322124211,9.123228367815933,6.29085564768911,24.537552579600433,47.20622480247546,53.928998732708365,39.17494034069416,46.54166891342128,42.05145911268533,54.48280402465872,41.1082522764589,24.615461377084703
7.310123355993024,5.836340081654099,10.650144116736746,6.881220984718796,10.122037796898557,6.681585620620598,10.783102401293144,7.715805384210359,9.942942752918633,10.361107333364023,5.874876413831068,11.04222305116206,7.061702212547762,8.571073477088989,5.784534370242889,8.199533547606418,18.97389074145111,42.8945710839846,16.154721819180423,18.179871321485773,17.774537320580464,22.78120098790169,13.999229019951288,15.716239034710425
3.693832708693344,12.520377641683805,6.68739577011149,13.519513185649815,9.367887164121145,10.939348369585703,10.986455408659552,9.325205551370658,14.99375315532577,27.31890025454555,21.30516151106737,8.695496860291902,11.09455588565335,7.673011942617044,7.266956787986816,7.689453868204566,7.431390591932293,3.2261133446411727,3.111621536106228,6.987273978225033,14.30119862182138,18.637248354262177,19.134622276838268,19.041277197493336
2.910765,5.773257464053733,5.773257464053733,6.035678257874356,19.94747697684412,6.035678257874356,6.747200525927563,3.6192685288699775,13.79370658599973,8.729292992468856,2.733588000000001,5.985796619379525,2.982096,4.95521300833523,2.2492275,4.600363994950611,2.7749158822496414,7.10419824242362,16.822907985259036,22.800582481291023,6.232550937014188,3.7685031120961066,21.55252477661652,6.6468861613792
6.872872095723597,8.128021408482537,11.498498168444758,8.463403668076202,9.917599277130437,8.880510885031415,10.576111767626005,18.29326162078124,26.88714858041765,40.79029827602038,10.263122332165567,5.845366284560947,9.466023641003243,10.133537454234181,18.61271046305213,21.855465541402314,28.093123675835987,17.667578574042743,15.096510340851172,20.725021812739374,7.755586762919828,25.27227041167197,7.223440618576785,6.608828774500553
7.121372683780749,4.834747625173812,9.560391958970644,3.2018415000000005,9.086322936211769,9.994955229832946,10.409200375660484,11.59824636359069,11.21454819193287,7.694463468255691,6.951518479752542,4.706510066829363,9.626191849982277,14.559410964698817,6.764338798125458,49.35636937916718,11.176920422451548,13.29732394447812,28.64409905036962,15.111873555994984,13.387684156365363,15.944060954952276,14.763304498941546,16.357256551196684
3.53694,11.19227190703348,5.780732604383642,8.960884190082377,5.715099177310171,6.04349317731017,33.19525514754239,31.191887068721577,31.59413827532937,39.21005400542568,33.228489809876336,30.86087925614563,32.793654576671194,16.955549764300898,11.45173179274371,7.012865887890556,18.331127416220216,21.62008667181864,39.46357410010912,50.50410202224782,19.4176200977841,31.76031158634307,22.367042356032385,3.990794585672599
3.209305,12.267785487425469,6.11792154409335,12.825412100490258,11.659465545900234,12.666202467878776,10.515720204545373,10.422989493642596,23.059553419778418,22.86475002202612,79.47048713855624,13.686411646271528,8.630174892442977,14.644710994317352,30.26872402526752,28.541845877107985,23.591540885154373,71.53371374536798,8.875025860084897,18.79947969359699,9.78867724712759,14.28318557736884,15.447746000852344,18.66440602189506
7.224564749782899,5.567651781407528,9.925894884423654,10.377071924624724,15.091637656621566,39.60442353942339,51.82203068830345,44.38397527450454,14.09105044152075,38.33668897862275,7.044142108477201,6.676359545285374,16.209283962643685,14.562425444324838,55.16684097847668,20.525574926033574,33.66318403718524,18.67198392202921,24.41016293775321,2.5139454508319514,3.327136101349244,39.20702259226917,16.409755900674416,15.27540712374294
2.9854,12.402702747239356,9.486484619254266,12.966461963022962,3.139378459466613,12.627709352196408,20.10810092876743,30.089021299207637,39.988933136161954,56.81100078802484,54.015273291682576,61.91825307211341,39.40809284377609,87.1571509735331,32.89577646350937,8.3719701419918,7.378024017802732,6.069302134608602,5.467926611433307,16.922020530542632,19.305998856936057,25.7839959103913,19.580635519704504,8.619809756690445
3.209305,3.3767470000000013,3.3767470000000013,3.5302355000000003,3.209305,5.164356866308639,11.995015752863113,3.2202424718107787,12.446406125844875,18.239872260052035,11.644207534797175,3.50106,3.287952,2.975901,2.4799175,2.762793000000001,3.2798204055854807,4.8416635263759895,10.716185972887736,18.17739469821629,12.839749665943648,13.611200322021554,1.552644,1.940805
3.507845,7.467869051093354,7.279018748538685,3.858629500000001,6.918075670098747,7.857411644324867,9.84215397692652,5.624748695146455,12.600847364486508,13.622484559869166,5.355985469396889,5.58896446110366,7.271493831868507,3.252729,5.484479336922427,5.346945956361232,4.395640202865839,7.452799834747039,6.880025039485719,6.802468398225574,6.031775603655562,11.090839871080172,5.4469506726214085,9.44998573794204
20.688048972649646,38.39997214480385,24.104451770487582,8.544639688515762,12.676673111305073,32.98255148247901,16.052360745895722,42.873753285056296,32.24439798148815,45.47717163549718,31.982152653236938,16.024009251150943,20.77610671846979,8.085692480916013,11.708286034367957,37.66108523975111,25.730013119262598,29.8337020702662,40.71965976137187,38.889441886671534,18.07851620418345,26.759938467774344,25.53632087280417,19.84554847794257
6.0201759769016565,10.568998373586137,6.633372988373671,13.23828196515915,9.476376959063328,13.550978332957976,8.09314509609271,10.469731772963923,7.767871945346464,14.27164261611394,26.21666442778048,20.87910226677302,12.610584903408993,44.26862923871354,24.513020707968554,8.030658742969795,5.8283141766849305,5.369302747447112,4.1818809672128925,25.26618304886623,22.559020420194848,26.166553489101005,26.37429065745233,21.8336070367164
25.24717539800413,17.409656387477202,8.487827463284063,11.630282381065404,10.14105248758226,13.768343282327528,11.967385593036887,17.76979149830622,24.25641825969744,21.55069120369177,33.24484194279916,31.218863622709133,34.28851460447476,19.918965871296756,63.55156733431983,22.607498189488265,57.03430081608219,42.03929879293906,16.184727023005166,10.893162065366498,16.75717616324832,17.465330722188806,14.31446972259916,15.232397803614203
3.1346700000000003,7.748773632468128,6.636134724351095,4.378707723152426,3.1346700000000003,8.100990615762132,9.873520358961756,12.30109253225173,22.852730809858112,6.236423767423491,2.9438640000000005,8.034040280094676,7.545011741306305,6.828934238080474,5.690778531733728,14.329844768611508,8.901136387486565,3.28567341931004,14.945836658726495,36.51523530411384,16.06237695227012,18.45163565552884,11.930905357964662,15.281761185998697
2.68686,5.628532956719416,5.628532956719416,3.4436842273071706,5.349432148948203,5.070811651664407,70.71686958091566,23.50178414644973,15.235141924197022,3.277377236058687,4.0411564660636765,5.835744162488949,5.4805249525983175,13.759106580579513,4.7363055418493145,15.279298229561086,26.301903780753683,35.31817614426729,8.630421474760594,13.704707951633246,12.255978585009249,12.377239938080429,2.158646448040211,9.447987423774636
3.358575,6.304443406373225,3.533805,6.430088098211947,3.358575,6.108246263128188,20.50010064875428,31.02227658842404,12.783710648493113,5.0739875191526345,47.7814603986368,19.93155919517677,20.768588651895264,20.023594810229607,13.179874296653946,6.785174339204045,17.916697672729033,25.6791889651286,11.429462640171568,16.47122114673161,12.010439971107695,19.55881426664452,22.58141527551066,19.83859805933107
6.537993499288588,6.8791062035992985,6.8791062035992985,23.741746014569436,6.800041665876208,6.471160391101488,7.096902415972821,17.41969982909735,23.415100688065085,23.83259567873231,5.770882564660632,4.845390727186496,6.5639781526713294,6.062503062976689,5.052085885813908,21.17130080254996,70.01342513855944,44.21027059320987,31.23878630710745,32.66722289066415,35.671702227419075,53.81949463577161,57.411952562306055,17.804494886311282
3.806385,11.056831540177203,10.415754036524731,4.522132195091065,10.508558901821308,11.55941479200344,13.883119848212642,4.320487611862001,9.612215584237958,64.21229435737396,27.338658321688232,22.07816846469961,20.55513547714969,15.069269539607417,12.314586985505601,32.29112867564959,20.663469262622183,29.058006910974598,29.770792747343503,38.76854075317043,35.138382193844244,33.8435409196511,34.96711909579981,8.887790419508162
3.955655,4.162037,4.162037,4.3512205,3.955655,4.3512205,6.839210400000002,12.762413151660104,6.7329522613556,3.349720575,3.714876,4.315259999999999,4.052592000000001,3.667970999999999,3.0566424999999997,12.01631374854351,4.534897696103866,11.270537941694185,12.462043638572048,16.43910760641936,20.28871906875888,41.62788386346935,17.31272591885459,2.392155
2.910765,3.062631000000001,3.062631000000001,3.2018415000000005,2.910765,3.2018415000000005,12.314764033422104,14.291661696255025,1.9719109800000003,2.464888725,2.733588000000001,3.17538,58.22525515931258,7.823956064596978,2.2492275,15.313610347831254,49.04739936951879,20.253694570511737,28.21859312885608,27.74010701092288,16.446513651496442,30.806246052274687,13.059480439055886,1.7602650000000002
2.53759,5.266492847353657,5.266492847353657,5.505878885869731,2.53759,5.505878885869731,4.588786851921951,14.411040105927595,1.7191018800000002,4.238616679493928,4.700671301770206,5.460375754581551,5.128005056476588,2.8615449758654035,4.185583019411142,3.2467413466446784,7.529169266436884,24.283553766485312,17.854114309430017,24.41862228586257,12.747733995820738,10.539680300870762,10.678437489904583,28.088364134561832
3.58248,7.685318398421268,7.685318398421268,3.940728000000001,7.118140818409283,8.03465105289496,15.707014078105525,19.521059452306705,29.22707370775193,31.748923907873145,20.415376315003467,25.53395583923369,23.077625609396687,8.440394471535464,3.859056163018293,6.287987780526492,2.2423068,6.326127326140077,9.019352251458324,13.902743359081905,18.805564780844463,25.357195081391165,18.11555373289065,2.504085224807544
26.43320625454769,5.673315170377275,16.76845044241891,9.172487362732868,12.702128795775266,16.005662281011848,18.378298824127903,25.036081465895084,40.90395616407681,6.6606212743341615,12.743328797109717,17.385771307692032,12.776684781272339,9.404737702952492,56.97251950561014,21.88450985302764,28.057490739534437,17.403492260322004,12.077322179201955,16.531809615653707,12.256449866028367,19.09641466547258,41.96945780261511,35.154812848740406
5.293583518155769,6.645926412020681,8.583007081881153,5.5979274487249295,6.520934906772595,8.859449346174785,6.267670974693035,21.865516949882466,26.06435478454241,6.734613624761826,15.009295776613342,8.898985554467307,4.21444487459356,54.593954513892584,28.821270612679406,24.85224025299782,29.77819205476003,22.352540281762987,25.86761523861656,20.25919457513799,20.5767674275952,27.42834080704296,24.64293499366166,30.59921331484649
3.507845,9.504167551988177,4.483586347998389,8.831166864717158,9.0328865163524,9.936175167987642,4.429035600000001,7.442518419251808,19.001278242473838,24.723659433783894,6.596246044555268,9.85405801783898,8.739660536969247,4.649970904135399,25.686031142813952,52.66041239818779,27.27521786173187,23.70127560891562,14.423870416123162,39.99607304152917,22.78897130688952,21.34711416044518,2.790569664105965,3.943834440176608
11.60372016991432,14.82290540978021,14.82290540978021,11.884539037955276,8.733640265639515,13.582148105265532,24.998938184101508,13.995008683295946,21.52605954020093,85.66720358128961,36.17907551305092,37.716920377400434,121.03051315010306,62.09852762949611,37.63144661594282,36.00516620279547,30.01773385640593,17.231158018834538,18.10534643053003,46.99759870561751,30.51041658279007,34.9071780537823,31.361261026931647,21.74624240300432
3.806385,8.460474963146966,10.316302903563438,9.069113681317132,11.364852585741373,9.090200875711972,6.57741566000229,7.21107897441424,7.699171042631338,3.2233160249999995,10.673078950087548,9.501340773503967,10.50169197017766,6.818386587023329,6.730116381231976,29.729483514904047,26.306434989908222,33.91138208829107,25.76993317985264,22.117207160212462,15.917670976797927,7.952566616610022,4.204363656744273,16.556517198733605
3.731750000000001,9.741731210788268,3.926450000000001,10.184537174915002,3.73175,4.104925000000001,8.518105883425047,4.305409233928601,6.272328184088147,6.138484237342845,5.156122387436486,10.100367446196694,9.48556247121081,4.633545574241799,6.37791749722763,7.970507354281308,3.27919522425146,3.3461566911161027,23.947560454681675,33.15086507794536,14.818770600573169,2.8281120251322966,4.4792933891828834,5.599116736478603
5.205582274577748,5.47717787151224,11.156322545737954,5.726140502035523,4.465521516385165,3.9623290283432016,20.95686120000001,27.224018180584284,39.303213873654975,6.702623080615368,18.864808054973484,27.242128012102512,62.53727747687198,25.130537937188407,17.930731815264295,58.78079294714047,33.067479621162285,20.744609225856088,9.413849477258108,1.226329632,1.835936854259536,1.8906495443659053,1.8023572996157,3.148039873558876
3.209305,8.008182550798482,8.008182550798482,4.630679897400465,6.410597792437718,8.372190848562049,9.60981906095818,5.77051385945662,3.394069083881891,8.034766846281535,18.97516948275633,8.302999188656575,14.052338760279667,14.434420402158693,14.43512791738801,19.350261815623316,28.43310347108102,40.09519277492151,22.31947413286049,19.60076842082045,14.332876255019764,26.558447160824045,38.1412423897516,30.44565828675886
4.559310635793508,11.753797168663846,5.0509820047290175,15.623798353177063,8.410106094440385,15.623798353177063,18.25869185067705,10.876517028701564,13.135300174646613,70.23715622511507,29.625124484701907,21.508299071076056,26.380925346562055,7.919332522135419,7.293426422203226,8.595419910457627,10.367994336974109,9.247035234180306,8.636574835358998,8.280948078881615,13.599192632064812,13.180053464496815,3.492372683315981,6.675395031958279
3.88102,11.651760905253187,10.580187077390354,6.288264386247581,10.607359808629775,12.181386400946508,8.974182077163693,37.81788508643168,51.44701779616999,53.57300433373936,46.53355009838889,49.94825858803333,117.15148182843531,70.22299149413423,64.1451696892786,38.45986595989303,61.2975953088236,84.96544483598254,28.395753170195302,2.5344764277110507,15.47254029178382,4.821780545915444,2.0437237275209696,5.451109468475285
12.533251951720146,4.812465612744438,11.865146122360306,12.008701683682114,11.039317726195504,8.195399603317853,13.9626885398974,50.81601837555376,35.16303883878342,13.8808267634704,6.322763631743781,7.344624420712472,9.83358408823927,9.622602269297797,7.9757252824448495,8.431227707133276,34.36880059674047,21.28002616391704,24.96096919121178,21.8322646480606,21.95058976413036,50.27716699622816,33.1598391787771,5.155050910034672
18.37727919756473,2.7485150000000007,5.376988752290346,2.8734475000000006,5.110361210854461,5.621397331939908,31.82603824230654,8.636309940645635,15.70312893465237,2.212079625,4.799295745845928,2.8497,7.061632657821435,15.70233585459633,39.72851011063649,55.87983931595361,75.68277430399816,19.755239968371026,14.848283559326411,26.437193676599136,14.146784314250995,18.92946678673453,20.93925322960257,8.503645569084563
6.725377099162968,12.37362109666402,12.132832244048354,5.686559981308603,10.628578842105036,12.93605841923966,13.778236461469993,27.80483643819304,23.76336136492185,10.276860936611916,27.37064503782774,16.60116637514835,9.440039421320783,7.483082991742345,7.396184908395774,56.648427173480044,19.493628782704786,11.43008876992738,14.193769529874473,18.586562604580006,17.148469994110513,24.44230485958198,12.189891646692557,5.5722454917518505
47.84973026007304,9.261647742003976,9.261647742003976,9.44402660617339,4.03029,9.68263173027688,11.113977290404772,4.1422075779244745,4.787627154997471,7.086652983924052,8.266594678813464,9.60260998043988,7.462497331348859,48.4080153454584,17.01481061506301,18.944865505221948,22.672573606085976,3.927169801090519,14.982809004754616,27.732349614580706,19.05393498416452,28.759798635762618,36.28947453709682,19.132728003065555
4.104925000000001,10.40173584780528,10.40173584780528,4.515417500000001,9.885947293368654,5.0163575,16.914313017366343,10.692247394592332,22.134761547095696,33.94365917364012,7.803521076261276,5.91141131240545,10.128211614391915,8.963766834913383,6.217774038861583,8.284297232376854,28.29825115059141,32.688231453967724,29.543244539516003,25.277781333963024,18.177017338170817,13.25863421640546,23.211679296901305,41.16666972035122
3.731750000000001,11.678789853823943,11.678789853823943,9.34925297595929,8.262924939952297,12.20964393808867,23.138795417158565,64.61410837681174,26.319144388646627,7.597748232953709,9.412721023044345,22.48644651060147,11.682724185241044,7.186809750813177,5.28896987983092,20.006060575181685,28.17234740200498,20.677068485763098,21.442354320476344,29.05238297792334,28.836072307749884,30.075951494376955,22.508173602959744,4.711029074877373
7.220504205286179,9.3092733548186,7.863966517805208,11.076775195622968,11.494441345933687,14.2884798783705,5.13143950461451,10.691064616791,11.349748753618162,3.7435277824137807,17.9491125963317,14.33108267646326,102.20180673383537,26.210746393468664,76.51633783591222,27.06771355554227,29.923815546327187,17.01182497365636,4.366810550934511,4.805238036264977,2.8872985146531867,3.099055951532225,5.364022628186983,11.749676180227212
3.88102,11.637578560160186,10.436129515456289,13.80999992637121,7.551134852323201,9.2648186739684,13.96509427219222,13.453369711332767,19.87900632797967,23.13314580544839,15.036230195851813,9.188249924596755,11.331556584498568,10.064687543723148,19.29965189071298,17.215347349209598,5.271758394237391,2.652509343892915,7.999377718895886,18.44972898039946,17.467227299157727,25.19924426043904,25.54046828292659,24.10172206579987
8.261445352036368,5.344650113378786,9.822761173027605,11.295745493910031,12.764103107942455,11.400671029059984,14.682646985320114,26.0421271532841,22.413755608450387,30.56069723717172,76.1766590642942,43.088846536877874,19.404678085147467,31.15661514058473,64.16478954040882,102.57747825840775,18.152947593455085,9.808908137579415,17.292914602330317,28.028435106786105,31.6086179354424,5.155784645366242,4.746233344191647,20.487634054749783
20.32929658167272,22.76994182081947,14.36222414393491,2.60365023486424,4.168797744142756,1.688868411621413,4.5635533217753,29.119055807978217,2.4485812206955893,0.948034125,1.05138,3.6405577143611954,1.2889599093212003,3.351520189357892,2.578728381005847,3.230832996732223,12.792328705783207,12.697086241469188,12.584901862981544,12.856138097115371,6.603084268844384,10.576978139422858,16.26886963786495,2.185774036537756
11.162543931885338,11.355208190712162,8.298807158286577,11.426130339671715,14.952736454449903,13.249735940976992,10.940169918355544,24.199787798744264,16.867758706561393,9.10235404859053,55.32516941691548,29.294000859023328,95.60889725775519,30.46164321015437,15.643375345190217,8.049465567237599,8.978607378146986,5.701679309632636,38.18960828765515,27.04619264717284,23.931722086473304,31.67903983680855,25.787960396908264,38.33424861248348
16.066573843091874,5.450235434055452,9.009660628660962,6.504748659859421,8.189305835332199,6.504748659859421,15.294545843625569,20.641554091119566,18.66595178167479,17.494483434345685,7.203305229964304,7.378597280774915,11.835871124418059,21.209162337918123,26.273144194130516,17.213821136888594,9.470257537428926,10.461811538284907,13.668984784923005,3.745983762275044,8.622206342153275,17.003891564522238,26.81684165850949,5.939267457664792
3.892677988925816,15.380649968613552,12.836868346898417,11.113729547276677,15.750771499009996,7.5200870014433585,16.65078855656125,31.294087277855706,28.239807705606797,7.97670011192716,11.70480069980754,11.021880542753726,16.088516156461704,19.620898001006232,11.130858278273383,18.180592620843743,22.70113405819114,22.99439319112041,19.116111026838876,25.28288914622898,4.306500505905543,6.548047198883466,4.595056760029532,4.642944761598395
12.167691919117424,9.91776637740574,9.676234145306182,9.708465221663367,9.026512640173934,38.67272002507261,68.62799335559265,33.9757865441666,79.34856434412629,29.109841211208646,31.40324882246253,49.25547091436862,18.008573425657836,90.83810352907379,31.069273741251777,36.94273003555657,26.114388535514312,32.878605502354425,28.582116843904014,15.214739289319803,6.735976307352876,21.680635042009435,18.005845504207574,26.72954458721928
5.150426687745141,3.6910009146903655,6.047560488142186,3.3660385,5.598367763690531,4.679998989439802,6.502973522266041,3.4857013780733195,12.567147655136653,38.39810661016576,22.343930813677627,37.11686439269694,6.233258198727372,5.329668258896155,4.441390215746796,3.0199098392921164,3.223698885920482,15.972940127978656,47.54198999386181,30.367219935781005,20.41684278690697,27.93609653809274,10.612834321131064,3.5661670260517013
15.3839665304839,12.152527458429777,10.772053881672171,9.92979248905684,12.343110482643452,13.100020019133057,21.70918865431001,38.93116580170128,56.60237139124675,68.84378935100266,44.77041308107936,36.992515119852,23.123871841635694,10.70992840626456,11.526110131504778,8.684805198668807,8.461345249102246,5.761530398429619,13.492195562939653,3.668037560253745,4.74903194803969,19.284298935992947,7.4426778787795635,6.19130069081834
6.083087235908395,9.464497671415996,9.464497671415996,9.34596823729619,6.332511723967313,12.727468570525046,12.028221205699197,8.312596468749245,4.12101509836267,19.0529946736176,60.43580915968367,9.896322243528545,10.098947280829004,10.728940447880614,6.950823797001602,7.8475002686747315,17.05953301423772,19.63827823891071,7.59211887105233,18.556201412729845,26.048594540489404,20.17681909219474,16.01337455784144,5.439775145479515
4.254195000000001,7.197078597891908,4.476153000000002,4.6796145000000005,6.840198667417929,7.524218534159722,8.63649431747029,79.23651218535457,34.84449093827572,41.3161783510205,106.48997563085004,27.64539661079929,45.12966526992527,43.02005826507508,15.760847528809082,56.144314708837705,38.490259793963794,24.94400473142728,32.5861695202421,15.72142797606351,19.652615183527207,27.05347434559318,25.62070563356109,9.464834529480914
3.731750000000001,9.646894468878696,12.18434660685065,12.194501936979355,6.390504704353905,10.08538967200954,12.74907046567866,10.672804909805972,62.34640598082101,24.526895293739905,24.28298051179971,29.68284719533467,30.096095810200126,6.154894518697276,8.757347152243504,7.203341426849675,36.43754905300218,29.49677478356393,41.5625602931204,20.776376510524216,17.737617757366632,26.46789409038811,41.82814230656598,3.715165391095826
11.22200261637336,10.94186497363099,10.94186497363099,8.345957534832856,6.4691740341814,10.75183026407694,13.524741322717706,19.670278209443072,22.596836230668693,33.52268740605938,13.870198374829435,11.344683443734608,7.773166342179935,7.035435277297116,8.035817439312014,6.688139671571269,24.81805647548885,45.141460584375785,31.55002503624188,19.81226968681655,16.674829282365614,7.493701265819177,5.031120483743173,4.588327354758989
7.946416175083896,14.558372899490966,15.590249477062851,21.45525979599037,22.768738788216456,11.874112264381814,15.987918711100829,12.65858907658629,14.388739710115209,12.999335011576084,16.337358541367987,53.3872444738529,38.73203141176901,15.526305741738682,12.087238941721603,13.9406212493594,29.06070535140481,22.64711177466054,27.513528650543662,25.98299857262125,22.414506727836564,35.93769393967865,35.46042108053439,14.184984256570145
3.731750000000001,3.926450000000001,3.926450000000001,4.104925000000001,3.73175,4.104925000000001,4.711740000000002,8.332541737244279,13.068065858231856,10.4693467133562,11.491713587062812,15.24533414290894,18.339820752734656,12.704660660120261,37.90078492883752,95.108660087044,70.81691451995022,23.135908407913227,23.690845907772765,19.306070741670887,17.171580101828834,20.793887755578325,18.448291035734343,16.876026994515772
7.700541616779304,11.759858386855216,9.108556177112316,8.118022738377332,9.29532801604232,11.863512657078168,24.973892131869416,40.300146418607525,91.470480571716,82.90740915828101,42.37921622293795,20.691345999315462,15.86077022777066,15.570371009294666,17.080782340900075,34.29145339704823,32.70538003177705,29.27206206152967,19.671579835703746,11.495626058946153,17.92480168402363,38.12429500518181,26.83492832497626,42.13282696205004
3.731750000000001,11.379346273007698,12.465606332727988,12.16605391092394,9.73441314644358,19.419278223149984,36.35486693221839,38.34918811956814,65.14102631620634,50.79663184788478,24.18601024785257,23.64798903784897,21.431500060293253,13.157291652881518,6.799417334935048,8.761810506562991,12.909725321818248,16.971991900718834,49.85897530727757,33.37679526649977,22.43746135295741,31.227737090353887,36.59052793317444,15.107300322737212
20.79572167273771,3.847921000000001,6.454857807625087,6.7482604352444095,6.1347822138585535,6.748260435244408,6.355463071750061,5.682605824994151,20.76882763505704,30.85490610063013,6.149169469097198,4.890549895948564,6.285120750324652,5.68861623466884,14.754728723041566,18.583537122028808,29.24965218769025,30.649608480527046,45.9592352756984,13.794775096011572,3.013452704899426,11.2201058821487,23.50691089054646,5.817780420771689
3.657115,17.094503154318893,10.032956975259664,11.228369408130533,11.94885464972438,15.20152600405031,14.54016090992396,23.493565726844484,7.6108769831634175,11.212418722721512,10.10064848466675,12.684074210864711,9.97930024526123,18.525931659180017,14.976726905311782,7.79325851427868,22.983389611231825,17.72543960194549,30.74034968579369,34.666230050242326,15.777897173361133,23.06465185547132,23.273356442104745,31.85456748106632
3.955655,11.566280665408168,8.168838113469423,24.07703120933183,9.888258627724602,10.573350439207829,14.744811541836574,9.21900994117563,9.86578897920778,6.623270792242042,9.027050177347396,24.205311805493903,21.959538370111503,15.903050101414541,25.488040497651802,26.690454682809616,27.971188927579803,20.06357038692339,52.94217565360026,15.424476902953948,21.22926833596329,27.09490457645777,2.038113753464057,13.47983221645788
8.612812288510781,10.876640764869435,12.801289640473565,11.49006444646204,14.589522684077098,12.36652592047202,23.077197473073717,46.731937173971424,12.680562939599188,10.147735410047114,17.58407168666027,37.14854363607635,32.30527141999847,11.594039880841095,4.121135227719617,10.767539235994159,10.537602240584691,25.882381915694104,37.34080443703083,25.412939024612925,28.121688809571044,25.466181116266828,16.90000588865823,11.384826827856894
3.88102,4.083508000000001,4.083508000000001,4.269122,3.88102,4.269122,15.079703418394615,11.54928456,19.28593672689713,14.770582774681444,3.644784000000001,4.23384,6.033779231261956,3.5987639999999996,2.99897,3.341052000000001,54.21138670103104,13.854980417687983,19.135274333578774,20.360690426939527,13.582492751396083,22.096761411010505,16.244782264367615,44.15352864531344
3.88102,9.497612435225191,5.806177593026197,7.871067512691141,9.026656446701628,4.269122,11.397134922270231,13.157515658025774,11.095489424466404,5.46522755004662,6.939618404607366,8.316328420523604,9.247863047371785,8.370172341486963,6.975143617905802,12.372066506376745,17.67785325466366,13.861829353152238,16.816576098628897,43.27492559993852,13.229315993940537,38.239806388659005,30.815956889884625,33.46992109122425
8.82708988436841,8.727903654273922,8.228890086225693,13.066388232358332,4.75286139209171,9.709798872805251,7.285264399583062,18.26813935463532,6.570585079289165,8.090182825363966,5.49346615127731,11.992332375144846,17.301783554953882,32.7383248649415,29.550271241418876,22.093889135348608,44.47328089795865,49.98271963413357,22.725777935240632,28.822901770696674,26.74940070542864,29.230788407037416,38.25949496937592,49.07411930372537
7.984865593590505,7.098857895658366,3.712073504860794,8.783352152949554,7.984865593590504,2.791349,10.08176073208123,9.861098849889911,19.652099568841205,22.95111311191869,26.0983060619598,33.234943795355775,5.89750144738817,9.717497497034792,6.538185489563342,6.367286720858183,19.617534528729895,13.33888490543797,19.997288349090265,11.850869586131967,13.957686210046685,9.272807509657229,8.471817962057646,3.767833369346786
9.59245927770905,9.920395219277184,14.339956220621833,8.725375137769404,13.628884011334796,14.4220999329502,8.961992064578371,14.20205187770976,38.57155460476791,47.39073492137455,25.39132625430272,6.7357152386565495,11.245190085343191,16.346950929960617,30.10535450366606,24.763437184595183,17.09843357332099,20.45081310809798,20.59525539524093,10.746604735020249,8.132293475744431,15.254550119130055,29.90039130026236,25.94934353090092
3.731750000000001,6.300771097286543,3.926450000000001,6.587169783526839,5.988336166842581,7.605747783526841,6.460068438914617,7.226490068285231,24.26063752849633,30.62806910715504,27.554451440104067,25.37201493568192,22.180345704237386,11.643735017425294,5.4063183581273515,3.212550000000001,12.156545863322206,7.065917814737758,35.5208667521338,16.908430272695963,14.060928893352845,17.164629612013957,19.6673925873982,6.556575083332292
45.909245379237646,72.17172566410483,4.083508000000001,10.313354511783457,8.821845853497786,10.867817560510066,22.53559324578732,46.1791204065121,33.66055352475536,23.32637386662084,12.67251438595429,20.49328082229171,7.887522717322375,8.91603983115399,4.838426917503747,31.185740307729166,70.91645533021266,32.94504633551308,33.18121131942905,39.85136409074981,39.96596891995873,42.19836187904344,30.594318981558903,10.009092319389332
6.647695235294211,6.994531508439998,7.728791360205101,11.780230817219872,10.709300742927155,7.312464758823633,34.68852819045327,33.618769445999874,3.85242813281899,17.19166217894914,10.057430262922896,11.078667759743736,5.465794947543617,8.148089083701233,5.564834501837429,13.97906650055742,45.34168808413808,20.24042066743528,21.418356035091357,16.906575773884935,20.9600926765558,25.60707426230276,34.88734050333132,5.694848509165996
12.812523621497936,7.431354815844229,12.338877842845408,20.89957958360532,11.283749166152724,26.814038232683146,36.01121117263271,20.108443858155653,30.245366080786248,46.72598481719798,24.418281384181945,20.44376968493566,24.206578974590798,14.988923807096468,8.888264562720346,21.444810514610154,15.182923752265175,5.95842659930532,6.202772594583629,13.06359464892862,10.670363117680798,10.481508501232964,6.461205288857789,7.310656269063481
2.9854,3.1411600000000006,3.1411600000000006,3.28394,2.9854,3.28394,3.7693920000000007,12.422910086607734,18.26012620842169,15.107486174999998,13.164228,8.899586325658806,7.524029569069759,16.957370812019747,11.473499324749014,29.02120038784053,23.557585002314493,16.33919698441291,9.684542231176057,1.226329632,11.321345483044512,13.496596576563563,18.392460553061,17.061186954287592
10.346993924791,7.665092754348026,8.10329950732799,7.315120073211252,7.4602344845587005,7.315120073211252,76.13840640583362,44.83695333458566,25.89408595438878,39.88588294832877,6.906887013555173,11.962842477058228,20.376855168171993,19.906081812033595,17.026757811731855,21.288999870215857,61.00305678618869,11.10736776459673,21.962608780937973,18.0162301986447,18.352817687493857,30.96894148847124,20.22816252358788,4.021607514198065
3.43321,6.586192417464848,9.3447414410357,8.792419341413142,9.726612620681266,15.633706215705113,24.34821280839557,19.423062953948325,16.92547640603692,28.856407623821138,69.1674010509311,99.3157247091888,8.365813672881295,9.675721557509805,9.49927060968573,58.61070806187967,19.020345633388164,13.707649674167168,13.017009503163308,19.854544287726632,20.36083948319288,30.591840836767247,15.096295992173864,6.031862364996175
4.7249629979932415,10.515853564665017,19.137636066682017,10.585281091098356,10.38060366090569,7.192161243591608,10.810851630183054,13.50271535996745,18.889403334119027,7.287772794836806,8.954523359959099,4.653235473617752,11.876889281254071,7.939599901205057,2.7106075,11.75204888238253,16.693983456127036,21.207857439097943,22.8125565375286,25.2911575162571,22.53859034991991,28.27408784813481,20.853849294868105,10.523847749753552
8.035412128458903,5.746621871283406,14.770202445414164,8.59764798488185,4.744884540873287,6.908510489921233,10.145581226541154,7.98990878061696,13.377862405368411,29.451961128667083,125.4996584076369,20.447551673191,16.25991835454642,7.4510185191164355,6.209182099263697,8.229254302586188,11.921222613817426,12.453104686142794,16.315587637406825,18.21080186923896,12.03501518551632,4.670647375225957,3.887487923017272,4.8593599037715896
9.365110058535176,6.749167680168999,7.007880748185898,10.301621064388694,9.365110058535176,10.301621064388694,28.67366177739313,22.593352021352683,28.294900854694006,7.305887531755568,5.562215593112406,19.01340956161629,20.0476620208434,46.933598026572135,35.85724819564499,26.35170801038982,16.18559037379076,17.344981738225467,26.9157298336714,31.30700007548957,21.31559545588017,26.550289375630623,29.16476630536035,42.826308615595934
7.372697470170482,7.757359946875031,3.7693920000000007,6.650733491171893,6.993675723153434,7.459381726015635,19.901640623420715,8.862515606721892,15.766752914552304,6.2433342667852765,6.923924580681844,18.489185123199764,17.75022813831701,12.669990815821771,5.6970844087681,18.097670628903995,19.13247527564476,20.38577337158993,14.880082096649964,17.75825748580309,33.818258631267064,19.068537314233744,20.21854471795548,29.330679416405
24.955796595426367,5.960828791872113,7.113497848305088,6.713800796920092,4.350636208905309,5.5087376924674345,7.706275697334365,40.02587346591008,26.879297063602117,5.725136538355082,21.19082807857288,54.180685014022615,6.650520759212554,6.26907060560621,1.499485,5.820134603158708,6.751991517403732,17.876910548116264,17.04609413605771,9.77343453225733,3.38494731269757,4.556755509458042,8.373254128427632,8.295902851545918
22.441395670473355,24.50539256932473,14.72676075861088,14.386609361341444,14.320669837730229,18.27568726193799,13.775497991106784,7.096378647337878,10.866955769043964,9.72464324202404,16.36664368796359,27.315363366195363,35.95928435510035,27.96512156008051,28.07268352622865,35.80469564892007,38.221337167639206,30.76491066251372,22.490009659732333,21.35180406168121,17.568198005803733,24.66296105256758,30.56013029471487,46.97584340866327
4.104925000000001,14.130941973914856,10.603133320998891,19.43952015349129,11.175888761001136,14.54483232931993,40.58351468081332,73.18798465149135,71.03562371576011,18.33992775918233,6.939951539399455,10.973177436139776,13.759354468965924,7.129229605799411,7.541914252974049,10.831759702088526,14.277429589094938,17.09177328504408,26.138435825334827,36.24729069857069,31.3438509182003,28.89606453948176,31.9238175277034,34.16982979788978
10.613984351407922,6.850055699052568,7.792679661503024,11.675382786548711,10.18505027774671,7.028617838095974,10.34144546848528,31.43290426011584,21.284530365287807,6.555612271242262,9.967915738713524,11.57889201971773,5.065265185066845,9.406688366774684,7.104910094535876,14.752819886875157,33.35314568949234,33.001429776071994,30.41910453835873,31.840129541800227,25.45714953831654,24.204266134269773,24.065326997813138,15.438274017696848
3.731750000000001,4.623575982911817,6.575528735064901,5.562552055179251,6.116957908475136,8.584203313545181,24.634581334834355,17.424392895875823,29.44642456446369,54.9935476856677,44.31256184313604,47.15033775738594,25.088177083478758,16.33426783037684,6.237600890736665,3.212550000000001,3.828659563622848,6.65011333769223,36.60852643389797,8.20626955460138,19.893554723595592,17.844620276110188,1.8054000000000008,3.699187984176663
13.027047391410845,7.71949191530441,9.599518742446463,6.666461774303072,6.315677274303072,10.035860503466756,21.76414954334303,13.057594264887552,18.08046883628365,19.53404822781355,17.75360967267343,17.64847516665126,6.470448812250419,9.624608384810278,18.95558763127755,7.634408302985047,25.77337155094461,59.79035933917426,27.929325447657863,14.250275329758898,17.08819651552426,13.661974476769345,10.966405016248554,12.355037433867953
3.358575,9.0859744135156,11.603356615817114,11.866939155150003,4.742744315407089,10.49056450076012,13.420551498520238,70.40577443213714,52.5245952782513,31.95628742820524,10.231886126400322,6.273958181199167,10.01296847810746,10.397150370996593,4.444053711682743,7.4339790656036735,12.361362453862103,23.02211156456029,36.79793956805436,23.20060137359709,23.56891845054181,19.66596814787089,27.064134846997387,33.25685319482106
10.814647845774918,8.095213014625674,6.810330676417117,7.388548377879682,9.159200490534984,4.97063343234176,10.947742662231022,6.755754293919671,12.551524855441274,3.41292285,8.831051364600878,10.258291989182837,9.633874215928232,5.548948978474697,5.567754866684484,7.704805385086459,11.04184469256308,5.525356995063041,15.883703496171933,14.613656784818888,23.171754055506632,52.90857074993827,8.852543286775973,5.989884874064827
17.167207955258323,3.7693920000000007,3.7693920000000007,3.940728000000001,3.5824800000000003,3.940728000000001,4.5232704,2.57377824,2.4269673600000004,3.0337092,3.3644160000000003,25.474317250151746,37.82604408896136,19.92285211460072,15.15634652333749,3.0840480000000006,2.2423068,2.4436635930282957,10.159541785772,1.4715955584000002,1.2634911360000003,1.5598656,1.7331839999999998,2.16648
10.954305784328676,6.415249130763721,14.412224378968698,10.038010279866816,7.925979497159073,8.71857744687498,18.84505206036887,17.3113101371107,14.834376378621997,6.048416978925025,11.218516089712931,33.18772307844235,83.58589699457872,13.897266650285614,20.698388931820958,63.62650533272901,54.44600855726773,38.96232258597152,64.44982642379973,35.35305434286904,28.45545600097353,29.691081635940066,17.83390689267737,7.514613305747868
3.731750000000001,3.926450000000001,3.926450000000001,4.104925000000001,3.73175,4.104925000000001,4.711740000000002,2.6810190000000005,2.5280910000000003,3.1601137500000003,3.5046000000000013,10.760590961575506,32.4146109464234,3.4603499999999996,21.95694627862807,15.793271182421499,24.156258912285,3.793093500557532,1.49033115,1.5329120400000007,1.3161366,1.62486,1.8054000000000008,2.25675
5.088144024471487,9.081200550177725,12.180128995658038,8.56676485383727,10.839840013992688,10.843894405603365,10.414032356384256,13.79679492467444,15.07956569760163,40.670611897897096,71.533133172824,29.97972569714625,70.64170271405551,9.823899541490665,4.663556625017578,10.062711079292088,34.195325467477204,27.637242995570297,2.9567803983734677,6.392108078419719,1.5893909545706388,4.826696784007029,7.9927425218367425,5.147655415794789
4.986308564869707,6.723535588682343,8.411617639357964,8.793963895692416,7.994512632447651,8.132159000825267,5.029695015202687,15.16497327618454,18.09239917160149,60.51125797426162,27.89379211232396,29.953137485833032,22.94698943353261,23.278539905799633,10.00672321352079,13.868974558995767,62.204399165475294,28.51465360352071,53.75714811078754,5.827395268237478,1.2634911360000003,3.480930875851514,3.8677009731683496,4.592067469509487
3.731750000000001,3.926450000000001,3.926450000000001,4.104925000000001,3.73175,4.104925000000001,4.711740000000002,6.1209027,2.5280910000000003,3.1601137500000003,3.5046000000000013,4.071,3.8232000000000004,3.4603499999999996,2.883625,3.212550000000001,2.9414441250000003,28.658778210276747,19.55591932867918,36.470775604279744,38.87320672131716,41.42841744931028,2.3562,17.18207219787163
2.9854,9.831493449243034,3.1411600000000006,18.75245320821792,9.34398137737974,10.278379515117717,4.197113179763257,12.028378219179071,6.33012265674853,2.5280910000000003,20.15418526009166,25.188915426849206,3.05856,25.823527448169962,61.01645504149508,34.36927746920792,28.517402921255165,27.437393528005902,31.423166380878477,3.838280044194063,4.623111482744921,26.837582472488663,29.855409086018007,3.902840784920806
62.1054640652015,7.887830469382807,5.432525215678045,14.949462544177033,10.705933533102607,17.802657408648404,49.47566633306019,37.46261411575009,36.95237830528497,35.29144917187145,21.55985911975668,39.96276218676015,7.52517427562091,10.409197236317059,10.185666556293665,10.67028247786776,3.943884765557981,21.08029772664916,22.68249248714801,32.27852952746041,35.1939561100025,22.205065952739403,26.17346019372202,20.907029809277432
31.92892508339729,35.95559071683497,6.552012007297334,6.849830734901758,6.227118849910688,4.022826500000002,10.66472295284685,6.563250465554191,2.4775291800000003,5.273237462447096,5.445815360799668,4.301095618170994,3.746736,5.774237479008091,4.811864565840076,4.883175823456916,52.012695223008926,17.16477764635164,15.819206121870645,39.42571396015708,17.41004179863761,49.97433135226826,21.015266003978024,20.595426377108296
16.61772622097956,18.29362186518676,15.49603196005253,7.948583664958781,11.616530567859536,17.99825615345136,17.325524682231542,55.874929366778666,25.66730572003032,10.193953946167245,14.89231824691345,33.28162974397532,28.96083069892481,17.978044001871574,38.73973577866708,34.36325818042932,64.00697887552167,40.67220291170098,30.903312761348303,30.18868980496812,21.194129313958427,20.09254024500124,30.18108746814693,11.952051701200132
9.76054409288439,10.269789871643578,8.07734482740955,6.725420637153756,9.239611902622173,4.433319,12.323747845972294,16.281330376004586,21.160091684201834,34.586960545846914,17.247779278831306,7.238128310521185,8.39864093963531,4.461747319182902,6.73716159591451,8.402555349526564,2.5225951500000003,4.354647225952185,3.8980218135121856,1.6555450032,13.05190311698105,21.052404895555632,21.72741920601809,20.425529295463967
9.728528735935136,4.319095000000002,10.2361041482448,10.867615,19.503447655204884,15.78913469845788,38.49136220189786,13.103366759999997,25.98624395298998,95.24735691838008,31.03964763838893,4.4781,9.966935368989676,27.022638342123905,19.292875166916836,28.015045254063818,33.48667666541808,24.34956372588004,22.457049695989948,25.056681157664467,20.065706846298504,57.43676756154731,28.89790300323294,4.18284273043098
4.104925000000001,8.888907504817395,8.265751254160477,6.904183127518185,6.473948762827949,9.292948755036369,10.666689005780867,8.221406953403555,7.469189002797295,6.150968319029375,8.479933181610479,105.6996027616165,20.831527421171547,12.752154119154861,13.45400541841891,14.46779187112365,16.68111432386596,6.368729471658276,44.557780644326606,18.8745355429878,18.799055123028896,9.521884855202558,12.461322327949686,18.106313772100656
3.657115,5.8850195130836624,4.753298116926072,7.335683677843125,6.6688033434937495,7.335683677843125,19.990733470155643,26.374014026936297,5.088607557050258,5.465095890294647,6.262876183455001,7.275058192902271,4.187520651967012,5.585373078831161,5.568264825639976,11.56929556364661,24.229792600888253,28.16800548866229,18.82268139389261,9.914285011608236,16.82394501655813,31.44424605219939,3.2263301551131818,2.211615
6.965659575363304,12.875432835160147,10.65310936860817,9.292378896945232,10.674731790048206,10.668158210828114,30.173424350806552,14.707927595888489,6.294164761064137,63.34003379250606,10.19613878529708,10.735555794840758,8.53552468782606,9.272949323292165,4.209612685773441,9.990504865951246,10.364474726211384,19.12934476315635,12.973893497068726,48.354621904617005,15.38406040103723,17.144795166332138,3.197781709818179,6.149741464515083
3.955655,7.122326199379898,7.122326199379897,5.726708410822983,5.362403999705321,7.44606829935171,4.994444400000001,9.736287803576587,4.585793468328012,5.732241835410013,6.357117599446519,4.4643,6.935037381214384,6.27685096308987,5.230709135908225,7.120844587035754,20.13071257540927,27.819364097926503,18.879448800027934,2.716396767131358,1.5604850997471762,2.947390887016113,2.896780217975893,2.7702535453753434
3.358575,8.85831944734954,8.85831944734954,9.260970331319973,8.41906393756361,7.742823650050891,8.016130789938765,4.561244668489951,14.483591585127638,46.959562901119,26.849330831197005,92.91897389541894,16.918857877306593,22.119738918967197,29.894350954153555,20.451383189481103,42.9743256026735,36.71841966310897,26.71702969814756,42.81648834623436,25.598859393216426,32.26255163108576,25.63194673191813,25.6812941536126
4.03029,9.959008924790584,4.240566000000001,10.4116911486447,9.46517377149518,6.879016697172831,8.831660023499289,7.272696460877667,32.18793042386243,64.4419876499503,22.92860568432209,41.46042496900882,32.717011544052,26.551018960861683,25.733467738259268,18.20104396183736,24.13042377625584,43.23683833152522,20.093743668405548,23.429580137842866,20.47157250019969,27.13195276241488,31.33217327046137,11.236256048258891
3.05624,6.46437622529849,5.007205244521697,3.276140593163619,6.143828643878728,6.758211508266601,34.715368272486955,30.76329621682428,23.211331144779123,17.273257722072238,6.019336465555676,149.29323741950978,3.862069123416037,4.779723664663519,4.594623772447739,44.80860147738348,16.00386286893522,11.116994386740624,42.99388577570272,13.191780050385294,4.409934228201095,8.787948398098731,13.930398371072128,15.463869476992892
6.941406322992271,8.436630803896515,3.612334000000001,8.820114022255446,8.018285474777677,8.820114022255446,20.28105221174582,22.313386485205378,10.598367487171917,6.790029927050369,4.398591252037918,65.4528724954417,18.406213831363537,8.541797086128565,6.65381127823076,15.060939521611804,30.811911709242622,31.073688366768543,18.114933208232017,19.18608197993941,17.094240792154796,21.37861738464153,24.25218472747144,35.18679910248569
3.209305,10.552239590490256,9.681793860565516,5.562905341545258,10.786044531230331,12.585850019501898,13.314060030817592,8.274311160755811,5.853919372952193,8.112715620985478,6.855655460848144,64.68207932463585,73.2315007773664,10.316192973002279,8.334670774132526,4.0084485791130255,7.343091573338686,14.806894040823863,24.48417134771396,23.69502742718824,37.6389018110433,45.25198993867373,32.7703335581669,51.11383771948346
43.71561371787875,6.905205153234873,10.45568006821419,11.532612488286723,9.862248129497011,4.80731353056001,16.144337464816076,67.8775515772409,11.53700588187334,4.358381755753142,8.727408836916108,6.625308866280234,10.741118063111461,9.721706395084675,3.7725170184566346,4.544634166385498,6.562151816682157,16.636303480722244,43.75643801677859,53.7257389758582,30.354940827072504,41.08680370226395,34.68533864496717,33.95824370171257
10.321851565693876,5.247831926728435,4.963509297025849,8.756079983159452,21.227322940306543,14.665893991136905,13.722182457358752,85.38591556904778,29.018814460127253,18.614989780824377,11.914786481762391,20.167858763839337,65.3186408683506,14.484785228282963,11.061602460379579,54.71031884468098,14.150670525753974,12.320123340253147,40.65942832916806,25.067193681888323,14.183682854754048,23.631424906742943,23.49956704072096,17.393489903027156
31.204223494762104,7.752449977612676,5.014097618003962,9.666373842818215,3.5824800000000003,9.66637384281822,10.497857366419014,4.613531856386525,4.029804054991787,7.441510111227413,3.3644160000000003,9.58648645568749,9.00296119316738,17.016000392383482,3.865229428939628,23.73720532649808,58.76416798112805,23.98309845715985,32.603974150447925,13.190461872824535,12.458129728043048,25.02796679166129,4.2513983412179295,5.314247926522412
2.9854,8.540119956168244,8.540119956168244,4.310188586709667,6.950451357741891,8.928307226903163,10.248143947401893,6.85798069228283,9.386076246496714,6.873320811454789,7.622586407158431,7.58231057208206,4.014376146874399,7.964294107426511,13.016865918144823,86.66918042087221,53.607354063104935,18.09920986487196,2.2168848948220607,3.3341192944911,2.862627677088317,2.7216645184756687,14.674141607515391,11.52666548027392
3.955655,10.226294481066686,4.8945702644098015,9.432939864724414,9.30483327865728,10.235316606523009,13.391018366991393,24.65441012534704,47.1222914548446,52.99580077314667,48.82428850936424,49.647390461695615,14.866251921994136,6.598967032024608,7.190098442598805,21.54623950947402,47.657024782615565,20.94366344357308,3.716026765120808,6.456454293986145,11.25463087227176,23.78637943313392,23.251907913215465,30.3951709674174
4.735793114712532,11.128096978722867,8.592345614242916,10.955450562624538,12.008896650799295,10.058052821450396,8.046677524040053,17.84966089872507,13.992660689999225,4.876896373091205,8.97151343920363,13.100614528144684,9.416210386690349,6.10325272105758,8.527598015926756,15.033904067601819,22.004719171756676,17.48349733213577,21.75662977758929,26.025842009418,23.60558415087761,25.277685436083708,19.154815610263768,5.620488234154456
9.47906285082706,11.62697779503546,11.36142717262213,10.021088492573382,8.082754324525105,19.381990095052647,33.16743252692839,30.06301936960724,34.17012743717622,21.141201479578225,25.44278444016204,29.082123546743723,27.219208702758525,32.931072463867324,6.561239287952669,15.053614045851736,30.677286594039412,18.853545212111296,32.24962865142046,23.68382546994455,20.897295393028347,27.47778467006213,37.83962604140107,39.56946795604054
5.96711342994665,12.194407934493569,9.37124284733231,12.748699204243277,11.589726549312068,6.071909644117765,15.00971153301378,10.844071365186547,19.77374629302769,8.552080027897091,10.604281618837772,7.160296549940237,9.779052481221884,10.746837345725734,6.882336501327822,8.437334626134055,5.961143736470942,6.943273896014452,14.311198275273908,11.245628045619156,25.09345136512269,45.601385747561615,44.3467954683667,4.845020169476051
9.262635429057967,8.595881234217073,4.744958371412973,7.56567435163612,8.16963918954515,8.986603108499665,4.334800800000001,5.86935295513235,21.144526442656343,17.922656778083716,7.672356804094576,8.91233366132198,8.033126623747847,16.437742899729614,12.792282693207643,23.253459110245434,18.361590482855533,12.68086201498128,11.19847989371847,17.39209968212192,13.728623371395692,16.332282441679236,29.60616906704114,18.135197423243685
9.239669681202464,4.083508000000001,9.721739403699983,10.163636649322711,5.829619884073624,7.752244292781602,11.66608728443998,6.288114595264409,3.2892585643689367,6.999265374575276,17.71168721063509,23.0852896757602,15.183515534398909,6.986670616628004,6.386876616628003,8.921782516461912,28.01382999832545,59.08712811021717,48.83793906857811,21.24365497276733,54.20780575720744,33.204378409511726,32.544233786802785,15.27286955752785
20.614549655940984,9.075435833738736,10.167302241236236,10.629452343110607,9.663138493736914,6.794237619023091,50.87704660150453,15.619199487268524,5.667573315043667,8.182921369923578,18.5248107546096,24.08029387223598,17.44912882940331,8.960364785101499,7.466970654251251,8.318701833738738,3.2877817443053443,6.131472260107224,12.278546211602793,17.898739436756482,18.47209089650021,21.5341759650755,31.69407036702997,7.323377805746062
6.355451209641243,10.668091421202863,10.56112803387922,14.268530034960476,6.740340206194564,14.268530034960474,12.673353640655062,10.43358905877449,17.81149442326044,4.422535809990311,10.585890908870708,14.150608299134351,26.31784394835289,11.765385990240558,6.95931846494433,8.972262159930084,6.629928946357208,5.319667894298217,5.180322362969406,3.5273471119106032,2.714956152643839,5.556689288294135,14.552541520568695,14.067462942737109
3.88102,14.625031983878252,8.45334315724842,15.59705474291273,8.35009022471424,10.37382891777796,20.29850631360418,64.8380332167352,26.3707291029134,32.94582814865747,15.034468599086818,14.3354764323021,6.960864660020627,11.275250490860815,2.99897,12.206390668366486,8.87485304999621,15.956643174179598,20.020574502432925,19.573225431936425,35.42692931850046,17.1177274880713,18.122996360689136,26.613812389894434
3.955655,13.737911322150609,12.563872801627738,6.923972432823539,11.19214198108138,12.6132116537552,12.470053166387752,14.568631735009284,6.319019180731661,7.209340312491714,12.261937378448474,13.339640099253677,4.689339714038846,12.107114936801395,10.089262447334498,6.2181985329365235,6.566202483018021,5.622521214234882,4.760785140899984,26.269002976312137,23.99008141653092,30.298366269069945,33.84207624470034,31.53441735782928
3.3402366396717977,8.022976628719409,8.818588412201422,9.219433340028756,7.62514307688208,5.892329518194888,13.628665310278016,6.021419624926291,5.677951838834238,2.40168645,7.871136764609531,5.843632580027987,5.746163326150652,6.836865047442822,2.7758604232559474,13.071694281863357,51.49139459633045,17.99221607694817,11.253549439237643,15.853313563866166,8.793026890090632,6.036771438584089,4.054828030253394,4.153970027503084
22.89936540964029,3.647553328279612,7.335085645188348,13.41143724114779,8.319316034188876,2.6271520000000006,16.999353394981345,4.51215239036538,13.78006151497218,22.6161110725968,16.090844252367653,24.202535631936648,52.109500915072985,19.36294733101084,13.930320016173201,12.923410184036417,52.77340093202231,20.493356544481216,16.617625070954222,34.124703683034,35.45277425716712,15.328124065736938,43.63988620353119,64.10440378795724
20.72728150297042,17.135825853006367,13.765141549808748,9.46744502532058,16.648283639436865,13.9086836255958,33.144816570285606,37.31086538764817,57.33872945856735,13.785931120774688,9.279122051553458,14.433716341843642,18.483453178870676,19.688880244087855,17.269126549520244,17.593037240183136,19.316958778447315,16.729886662902857,16.081876783902835,23.601106997925275,30.36042738303501,16.900596070078354,19.055311956615355,22.73083097035981
10.007208431910607,10.001460847963845,10.113542190876162,14.79757142827035,12.878149457038392,11.097886683206426,12.884997735752762,51.850598233834816,19.223025708271603,10.969557379025476,12.450849099024405,15.092868871361084,6.491945694857371,10.166793226447515,5.783891738010451,9.60350347264531,7.820957740967459,3.33943400499162,5.5252696197137725,5.68313446599131,3.151048258028868,3.5171879001168707,6.693359238603611,8.01946270292285
10.915875318101971,14.516020231068229,14.51602023106822,8.112882088320733,12.746522765270772,11.942779318569226,17.314898516525837,19.13414671823816,25.969507857808743,38.70861309547512,35.157421980165225,113.53804496718271,40.12747499361231,20.627263412764375,11.46389108500771,22.1289467351013,61.165990671566256,17.616938694766276,27.061576827753107,20.771103927341453,17.486269066799373,29.990223115304552,32.80472857208396,37.37265499204143
3.58248,6.364633015786053,6.364633015786053,6.6539345165036,4.26763316073323,5.749532344335735,7.733391618943265,40.374502936181486,6.6407291039666285,5.586589876892022,3.3644160000000003,16.966679923279823,10.285469747706122,8.461772873720415,13.9499429081878,52.620235480198765,48.32457245845564,2.698763251517318,11.439392974500024,19.4549959129992,23.83928545890958,19.693044334751534,16.779157196459657,24.77985507132928
3.731750000000001,3.926450000000001,13.9185194837692,6.245216695150385,11.039410275690887,14.55117946030416,16.702223380523037,18.91522336328514,18.379367806175654,11.202003030804402,14.08566875761465,13.143481981286214,5.530624244799198,11.36417709502772,10.221902926659947,9.70764952402402,23.317485549831456,16.35896148000245,28.367136970988,17.647400866428793,9.624997141600216,21.384474912904427,29.854257167879272,27.740702131433064
3.060035,3.2196890000000007,3.2196890000000007,3.3660385,3.060035,3.3660385,3.863626800000001,2.19843558,2.0730346200000005,2.591293275,12.054395377841614,3.33822,3.135024,3.6424035351630026,52.14803257744294,7.974550559955137,16.550283489718247,1.3652284951800002,1.222071543,2.393071080058761,10.14363794673454,25.91613523910049,16.045663056550982,1.8505350000000005
6.238019201401268,18.286650066436028,6.963760090770077,11.281672984973948,10.9834538756128,7.814459112773376,32.74363797949308,20.18501948881906,12.41121849279983,7.804169865028672,5.629972048379517,12.775463346817398,11.110568929201818,6.362566413587433,8.540520162352752,5.667051928745845,11.39256259770715,21.208380400684018,19.1319384939323,31.54535799014541,12.372460349026788,24.64194161235732,23.6301313323966,30.02329757493464
6.976474999999999,5.044473713184879,2.1833141937989207,4.813581476750086,4.7943345207955455,5.273767972875099,2.355870000000001,14.678383091158302,25.58656978878462,46.23764863250855,47.47543162149919,20.609673672834017,4.911824141463262,1.7301749999999998,3.7047130387965574,4.127296674423992,20.92496914483032,15.866583231310214,27.49309397041405,16.63317111636451,15.469630693128758,24.500684382424552,24.71096702553963,2.266852910823113
50.098781809553984,13.440847038855566,7.633864269858668,17.291349199781965,9.777288222998124,13.636078882504322,13.383321314348116,15.231511102607676,9.423925686127252,8.795551052169323,31.65967283129372,52.35371178303302,33.03573785346964,12.736506396373498,11.581981126084305,22.34262438043272,33.376337313517624,34.78658635502016,20.73081164627567,26.98811052778161,42.92261252640132,27.01452655209316,26.89368490261008,20.933186194378496
7.580946421243779,6.770454046837336,3.63480201102055,8.339041063368159,7.580946421243779,2.791349,9.571768872735626,4.622933168179344,9.3553959502625,18.823367222557422,60.37525695732635,8.270123368629577,7.766724554886908,2.3530379999999997,5.858004052779283,6.526206049592472,3.453613114807541,1.9503528417291167,5.706248011138476,8.20398154656833,13.268284390043934,20.06598709412652,23.84739328930591,25.32158284129195
3.88102,6.6766879723930375,4.083508000000001,6.980173789319993,6.071768920662622,5.624647894659995,7.320510907566839,10.96129393909536,19.263675674162855,20.7284231246806,29.56696311376119,21.858397176939263,36.074024740927584,61.77335955777448,8.695532517249674,14.788499931035922,2.8576687204193782,43.95320390913308,5.892808932299202,2.6066231278137946,9.81064021310969,18.011113112170342,18.62884677113969,12.885097420826156
8.508180561994136,8.952085634793832,4.2405459667994405,8.620143533894428,6.940912201359638,5.41843816859824,10.459810381672934,11.198104555064164,37.421099402794056,7.204881994088669,3.3644160000000003,9.28165152217542,8.716681429521264,7.681791621401418,2.76828,7.131688896595182,4.344380046032828,10.191501517536835,9.154581550864371,9.524315614135409,10.660267118690664,18.689410445016296,6.546367513291563,2.16648
3.657115,9.621584082922078,3.847921000000001,10.058928813963991,4.654817861812231,8.687087378972176,11.545900899506496,7.351298232487787,25.22848656669817,54.60269749273788,7.329379446037834,9.533440697337284,9.368574734385435,8.47942759524237,7.0661896627019765,5.939698093809435,3.5379641074685826,4.079791793174914,3.452763628497839,10.25082422274614,9.833025920994656,21.08490738665717,22.24626445954491,32.29630898316835
3.58248,8.816698582841406,9.05704651535766,9.468730447873916,3.5824800000000003,9.468730447873916,15.13297981842919,18.22348442294533,34.59495914966273,70.79162389316026,52.84695638092796,47.68111834405268,17.692992,59.351772034136644,8.710146456332476,13.057957155857551,20.53168383448517,41.32965490093958,21.0984120589098,22.03338494289752,20.109365188500995,20.074364225162697,25.303135101709763,17.740167100809707
6.679803928008699,16.183968838278147,8.215551916136283,10.436406440390863,12.147951879033196,18.01323337567751,15.402637945393822,15.20989165170556,12.541900697555192,12.81481978127997,12.379293211696302,8.0567974842331,27.991900531492487,31.99760391796205,28.448790235887287,51.638377219735325,46.25905967068024,59.84375702332112,25.375317941127225,42.26894075245169,34.3044875275468,46.33025729049689,32.9724596636908,16.389018454174142
5.34200707360446,9.27616169509944,8.42473499634587,9.633909149187067,11.261831508373982,3.612334,14.21928639144263,5.042421084742964,41.73870471929212,105.2363005119528,85.9289537677559,46.47804022038336,28.06424476830149,17.331630918579723,37.169195541714025,64.97122136917788,5.011641286049399,3.907408453719557,3.5112793034589003,4.626086182525046,3.100870034223443,9.6391857631022,12.999201976669982,6.893488161786502
3.657115,6.395435175092671,6.395435175092671,6.686136773960518,10.801908991527409,6.538175092073823,7.656567586960404,4.546245229207344,10.73516860501138,17.871113173832985,5.708322305041392,4.576535432277799,17.979779429359798,22.952284374230178,4.696872940385487,5.232628779621276,6.528631882083561,19.750828978473766,25.458942718378797,22.839134697837693,13.05069895163546,23.067397196773005,19.91791282408504,3.675813605519077
5.558559034254503,7.001843295927583,6.809631214932108,7.320108900287925,7.385368068509004,8.123904875359905,6.787630474751118,11.736608551392235,15.355229226541546,24.812405132563786,11.141343925208458,5.067441291411547,6.443407361068276,3.4603499999999996,5.706875325666048,3.212550000000001,4.6225690137895,5.764804769931475,25.285485504966942,49.66927852542904,37.4273362398993,47.51180172038936,33.504567107379906,4.355775242125628
3.731750000000001,12.500734964157806,12.500734964157806,13.068950189801338,3.73175,13.068950189801338,11.683711422361808,6.648128358922398,7.368595831081491,6.022544662955609,8.690363867872417,12.960942336993057,7.680379736434029,6.4859741667120625,8.508815351927998,11.350137882099727,17.952308990197157,17.73967655804849,17.234565500939496,6.17471960228331,3.52726398692164,5.427314960773948,4.688694455933781,5.0103569849322245
20.59660291234114,6.378057064804241,11.176782991793596,4.951150319276472,9.203704140719864,12.933413804359915,4.429035600000001,8.447103940839657,19.457401400983656,8.983883116034145,11.04196593573811,10.04040451714894,11.780533681733248,3.252729,8.317982675471843,5.3128382210410265,5.5089015681689455,15.24553694138065,16.204930337398626,21.45405233089164,18.55533537810409,16.92995555302539,26.10488242862825,6.79721763282089
7.136395402015741,11.254441604885296,6.849077929256101,11.1917862361517,11.348893866059598,10.836194238218871,11.54235247756746,15.218186129827997,15.139452111294665,24.71341571264116,22.90323453569415,18.95226704982933,65.38744570115135,30.582927773884155,10.858857556547557,20.048411775582494,19.05983524664797,8.565570781476772,14.118423360439657,8.902787196849776,2.5899028525774965,4.453097226973631,4.35405749365315,3.5419381981790905
41.65408814867382,13.73847600791796,7.774311041127771,11.581410052622603,8.36734312858276,9.15953564476036,11.325224972772608,15.969172727217304,8.647563161299892,11.549523581554148,9.37046117536598,10.48475049456482,14.113537174992816,15.56797263250082,11.148588494838005,20.08685394771037,31.9457797792242,30.32570865512861,56.71915449157934,30.779501327288827,23.5827481395896,27.46820740134568,4.048074304104863,8.453467857993987
3.060035,10.207715738203149,10.6729530309375,10.914895038414423,10.6148959445512,9.60430281821345,9.566631937171646,14.418924073737523,12.59237077421276,27.17680299428148,9.557843403597182,10.112059291959367,9.259788354346876,5.092542142055364,6.451475690626587,15.614116275888692,10.577379405462878,14.234854887650856,18.143292437954027,16.404105174487412,4.675194541983822,16.268389312788685,24.244791066327856,19.220329369958087
3.43321,9.334405907146747,7.253652486366111,7.855280603234767,6.646770293457695,5.679947481509558,8.704382983639336,35.51003534793867,27.55673918236405,6.047267671002632,8.331535851007015,9.678046695614208,22.23151652596618,4.10039794386765,11.911544844585343,21.705525188395406,20.148253830604943,3.958021079058647,2.160879553505721,2.730331402145276,14.076098933754103,12.36410749603683,19.85440012407207,18.188679997671763
8.009114824747689,12.41899067529482,12.247861928761482,37.75078264745541,14.899369093986742,13.481938088942709,15.918550684299229,8.992854611392275,15.88908356093438,35.81753630042325,22.57159514144693,58.50077079177521,26.000353807461927,10.745916310846523,11.808937224702941,24.779592279822204,10.824785766772168,6.729958401335661,20.7126376499994,24.102531314298705,20.28918375118555,22.882159769051984,7.387447291082943,4.446359385120332
3.88102,9.605000763304895,4.083508000000001,10.04159170709148,8.174592509406885,5.318661946743906,10.923656250878064,7.698958877390498,10.773420577788904,5.104455932960234,25.44452491126185,9.958603345875844,9.352427490039926,23.561087272093037,19.818887412757157,29.407869540236213,31.10546665539229,29.70325592331733,30.34940965247125,45.74872581190302,25.973327474353816,44.099340365985086,42.70627333287731,5.520530115648567
5.280423316686169,4.083508000000001,4.083508000000001,4.269122,3.88102,4.269122,4.900209600000001,14.878930315364526,13.44029727853433,16.432921088990092,49.70603802335716,4.837639530480155,6.365824029950032,62.64171217630875,2.99897,20.321694602321692,2.4291657,21.13902200349949,11.205920450744198,10.807983075940507,15.93449389704302,1.6898544000000004,16.106057428540687,2.34702
4.386616366605801,10.217437912716552,11.526529821915556,12.050462995638988,6.171081407590401,10.58568297146427,11.963710538075835,28.237419553647907,23.358830452431885,54.17379359825793,44.95920584528765,105.67266451835842,14.220016909918018,7.688695046475482,25.534384260570544,35.747793840408825,29.23013547851509,7.898530694383114,17.425267499029086,22.836296861021,28.361017099897847,31.79462779189899,57.64347947846436,31.62633828723405
14.26600709700683,6.692352572525886,13.286110837779528,12.636665957671704,9.778752221840916,10.756627444025009,15.943333005335433,14.102530661840811,21.942346758970054,47.91331930071428,11.858677441985032,13.77523137200281,8.492559039283499,5.603852322267254,24.06648531551197,40.618962529667726,17.946727734817173,32.64713277172475,33.90310307752896,48.69725465832096,26.021661556473887,27.862159000291147,12.629827133690045,10.99298305642132
3.657115,8.953298953439054,6.864735245213984,6.448935858039218,7.847667527522285,9.360267087686282,10.74395874412686,8.585724828669726,17.084578052322783,26.215681536581265,7.991374272491054,3.98958,9.346332542997834,11.137649759759022,8.30621938429829,5.426732136245526,3.945593055257852,3.447971000771696,12.501295253013222,15.186987054010949,13.818550220012288,7.615930347831487,15.350086788581727,8.77910258606535
47.136348498274906,13.976288315106968,8.587598038139689,10.384684110233184,10.849854674982968,11.513484722185028,9.33187935192785,9.543148269373038,3.445931647884316,8.981378164631959,20.06387887460264,10.596003142458256,12.821822713376328,12.31719473600336,5.317052106660555,9.213845688077814,23.08660259038798,27.015955708310635,16.97865534497194,3.142581355751949,17.265482793168403,28.286543295456507,24.261532908556656,4.626501905871396
3.806385,14.729246811923195,4.004979000000001,10.229470609983643,6.30326397106762,7.208247054991821,11.741653221894271,6.876545203203088,18.52481585351829,16.80897005389952,22.587756383114243,65.67369933850586,75.51052031298629,48.568432563932824,10.175584594782608,17.355555332685807,4.1474057592163645,18.529386629310352,15.249024058330727,12.741350412684527,15.980906029109065,24.96285944439805,20.339435784025788,2.301885
30.92526236291881,6.926554667488965,6.926554667488965,7.241398061465733,6.58308914678703,43.80554519176824,49.48006767566937,50.07653842865722,36.60021108533063,7.062038701609215,68.4273713159148,17.889553765671067,19.572895372142618,26.986961691408556,25.45018636561778,20.557831838410877,4.120415343238973,2.763202572522665,6.187297904786162,2.384077523832362,22.67959378810764,48.203581338100335,67.23379227440249,62.512509065289706
10.685481993871855,4.083508000000001,4.083508000000001,4.269122,3.88102,4.269122,4.900209600000001,35.81482918483969,25.71717130169232,19.05050177405897,11.29785193195595,93.53593830292644,5.531327999999999,3.5987639999999996,2.99897,8.495397504465192,22.23806512122126,19.401424549801128,15.63117656001413,21.56202824418024,21.383807567986818,21.512527872684107,41.458946604921685,41.57159412550888
3.955655,4.162037,4.162037,4.3512205,3.955655,4.3512205,15.622115872708909,17.833091827616688,14.510556803677694,75.67902997551394,21.257744863569247,4.315259999999999,4.052592000000001,3.667970999999999,3.0566424999999997,3.405303,4.127492823733638,5.41239241183759,15.230058785645722,15.431255327592869,11.462427405141543,23.804816227237733,25.56273078812409,18.96331225916587
4.137815,4.162037,4.162037,4.3512205,3.955655,4.3512205,4.994444400000001,11.941020852555695,9.47834046749598,3.349720575,3.714876,21.611533152665142,144.4402998781863,18.870319917052676,21.23399866284746,39.0203231438876,43.48143903787906,18.72014062088512,16.130522755536628,16.154391324513824,11.890257707414944,26.98597885495976,9.92796488256932,2.392155
12.636339507880692,13.087728186822805,16.08384925537361,18.85511261152955,17.81481744816905,11.00337072203898,23.684198032411235,10.601876649655138,9.671696222390665,8.293609814924116,15.62771622730277,14.291269012615237,13.816715024120688,13.931293103103433,11.197126084456837,11.54104922018745,19.83353928701183,51.53979874383053,22.51093425905437,22.253494081201158,19.802694212913742,24.757501761600267,20.651325202637203,21.427760286041696
10.479291547525614,5.456492677023142,10.75632880943379,12.664335307965237,9.962421272213316,5.280022757108821,14.210151988380334,8.01146488233098,21.06116942146312,9.749444908569927,7.3946231429939395,12.484139871886594,42.00026487104064,17.55950769374152,25.4997639741279,26.230967134417465,32.03794725971898,54.02694551595657,28.344191792340037,26.505336116239853,16.2444037032137,55.61267387403781,27.02126569076776,31.459203083151348
3.806385,10.993453896406528,5.114623700571553,10.167347093612245,8.876301395557968,8.683166028157876,13.192144675687842,5.55812858742121,7.567864951931317,21.211224021445183,21.178550520569573,46.93644025506363,67.76452895540048,8.23075220315375,7.491608866815308,7.178861859760988,18.39654039021221,17.499832385953027,35.482413565412685,17.845248446687744,6.353886222578214,2.544356417058419,4.981952767570655,3.7596558634749178
3.955655,7.635905318261463,7.635905318261463,7.801403352455135,3.955655,7.982991923636982,8.746222183722383,9.643576616473617,11.019746314860386,63.345537368153884,29.079461528069285,17.59044090362392,23.526074750035022,12.292875978894566,7.637132744315744,21.53404563822001,54.5355245991685,15.761878586676808,20.77906192181264,14.745906668634008,13.439663428942652,18.815768786296847,22.45159081288088,18.059222073910224
6.315466947153778,4.817496693675046,7.309505162050269,7.641755396688916,4.104925000000001,7.641755396688916,5.182914000000001,4.991002615608208,8.168510044307919,67.87792634466525,12.35408874198198,13.710408869136035,9.625529727873051,4.538447592888587,6.548922941245172,67.18359181232086,14.591921414490782,14.269024818789829,15.79308230170237,11.853859762349838,14.658175092358595,15.015833027531716,15.469959350045691,20.899264707072
6.8076866079504335,16.41174432873789,9.278250321659586,13.82446486027036,13.518720520022782,14.118824553028135,14.900260886008,9.777374954459232,8.053745574245783,51.11732683092911,9.8774820299225,16.79898788028326,14.783573920352977,9.481191133061733,5.799687548622462,12.400601587144683,9.887364123501817,7.936545839027897,29.51826204689019,6.488943051159986,15.642924363298093,17.974167941972787,17.79546194719325,10.519323167552312
7.804600833807165,12.880103475950818,16.556268268402047,15.242031198810844,10.545011286813333,13.507232619348622,21.94199522339683,11.653056776640582,11.547641241593922,38.88077989660106,20.25158765709087,15.575832082761918,10.896043897014161,21.4606525483695,23.893151420321697,36.624170833725046,8.086888869885794,8.078907825373028,15.19614168039726,14.543655073701348,19.37444039703799,24.39652667766349,18.942479058691703,7.5006300898976015
2.28206,9.130838998809676,8.124931276720465,8.494246334753212,9.924835397625692,2.7181778183754384,7.307314644589471,2.3709579855206124,5.2313325360810685,9.2326128775689,22.38928837332788,18.824172217668835,9.48834671722867,8.717461222115087,14.385387419419322,17.990704593682512,34.24633084012676,15.392336364664452,21.915962346800704,15.756101615010728,16.80454377768287,10.58286106335322,17.00465265916756,22.51599933265804
18.896141879257826,12.749162238803294,10.743783126204669,6.79748820161391,11.545398118205815,8.964893894246384,26.4117927617843,22.49102317532698,6.159855164696858,18.86230522274764,40.51648786918631,39.61565142746503,13.524031751958587,8.597920025721479,7.344814044677211,9.166713012842417,12.360739162438872,19.75579892236894,14.979735867919777,35.79813045945281,16.142783087725164,20.12541506725432,17.810723003007453,5.551197762081739
36.52246002418891,73.46486940729062,57.890367216351535,67.80744009088758,5.91737495973803,14.592377922629227,31.14617797423259,7.123972720894774,4.008752563633436,34.19530973349276,9.25828351457056,13.581696123313906,6.572013156986256,52.541631499827744,17.261321335988807,19.214644412727736,29.547250163355624,37.90061991453387,23.12578064928878,17.74569827981742,19.44510341372555,22.78297871610813,23.51120641919761,41.793351593965546
9.280850546675136,3.612334000000001,7.040936024080802,10.050715766303057,3.4332100000000003,8.416711816027686,10.548969215339138,7.6004037060233856,3.690038674546359,7.371980501895161,7.094957618448144,5.776648021136205,7.36214419623908,8.605879597826032,3.372363674152406,5.501846922428313,5.718940334793102,4.167784497112455,14.532635949981035,19.19495736526764,20.098111615612783,22.132489764529023,23.15669955265861,3.9060611929528575
16.28556670833921,9.919222193761088,9.212164414411804,9.359148018850028,9.81699082609355,10.370095929841131,7.614476464333575,15.920474306287767,53.560106971908034,62.2175534777029,6.9568747177869925,10.426076617647988,24.384091616789757,70.91157362200538,56.976292586246174,21.898555159404193,18.39019311578124,18.33388327344839,16.56297766270257,44.32145858838517,13.283623444676548,45.09045320504505,24.85962441601848,31.61917231353716
3.507845,3.690863000000001,3.690863000000001,3.858629500000001,3.5078450000000005,15.051695171975735,18.3838067383113,8.410171901229159,2.3764055400000004,2.970506925,3.2943240000000005,3.82674,3.5938079999999997,3.252729,2.7106075,3.019797000000001,10.715919518910344,14.100894549647183,14.986490224166053,11.220421263123947,13.660265898626765,26.96731777989488,31.706866338813168,20.042782379607043
4.755134999999999,11.462018466629791,11.462018466629791,6.718679614838736,7.286940167724504,7.915120453744037,13.754422159955745,7.8263798819252335,10.334960859628156,25.97652020950283,27.50741752204777,21.50738705156965,12.311312551476203,41.21816061907525,89.96585526179553,8.180799019186942,6.818437018343951,2.7250231570918846,4.104789681151056,12.802338838318558,9.013733221706032,17.608894285234697,24.146992491586296,6.510538544179823
2.3136849999999995,6.823396285372934,9.143329285372936,20.496125161980792,7.044176056346176,5.7989824670204175,8.188075542447521,5.460756386515235,72.55281036077086,40.92995741810893,74.76275868669126,26.7463498939521,22.0926272836857,16.12247547231995,11.458513801228015,19.425012227188635,11.59002623721347,9.565427844458398,32.378107445437976,24.31954127987605,14.147373121181158,43.91718333961038,11.159596289885384,3.795656658260539
9.086690063197668,8.320416995524305,10.183949967182237,11.501512752529711,11.890185530869037,7.425488224152012,24.05922978402402,83.34842680072138,58.8994972782369,64.82466037009104,9.32966905844712,11.441932142218205,10.027417275438498,22.041367235681957,9.18787063748971,8.215456194629162,7.442175216366665,3.8455462823304063,5.700598029496333,3.920116952215413,23.30425536598512,54.66596756588393,38.32156014675429,6.480847845661624
6.44645196920372,11.888563216030049,11.888563216030049,10.973173738486445,7.549314631806658,10.449415968698997,95.41372388081298,17.6824194065535,2.6292146400000003,10.802862585782604,20.53415372467119,25.987661479963474,45.20171860371967,31.944522209107433,13.403657250070879,8.37736597081899,8.925732425471821,20.815154576637777,30.075813939658374,22.422815117578843,19.359251627673125,32.64247568029434,31.30526854112897,24.12732577290616
3.806385,12.270185399086236,16.083555370360237,12.440142297118294,13.882446018280886,16.152448079443342,36.636519532442776,26.044686352885737,17.809685912529005,12.548291096199076,9.742071270890817,42.479596744978565,16.530652126352866,82.10510175226278,7.944590976636359,39.98243955265015,8.097036739905684,23.28017992361568,22.08898856641812,49.73201028204242,18.56254354455963,22.16674309171579,29.902533749640387,28.85570722888401
5.401080970346329,8.164918621744341,9.342236745786794,8.782217803214323,4.627018227759745,9.028384320059562,15.279788846552831,28.45184537599271,42.16931005042298,38.138413385713214,34.22634848691892,18.38986916772568,9.139368942601886,20.325978291148175,27.22061742126806,35.823323242739384,41.46605177556957,21.1942196772864,27.55344478938162,25.166126111369422,51.131425552209045,19.9469007804494,39.91138518290426,53.61273439269259
3.9931117961063167,9.426411274585108,12.521620911641008,10.577708523148477,11.631935803438695,18.20776984056083,89.77733740454117,21.70862663567381,23.32844847985335,8.029284011460682,13.13325818838913,10.1874634130348,8.979151626122746,8.79213064056886,5.105200266903693,5.6875325735632964,7.335279377899912,9.698494037009784,13.648854047611032,18.13675625776878,10.727900028475588,13.971982420969963,9.516222205810305,74.83292842563456
3.955655,9.386068180715908,4.162037,9.81270764347572,8.694962025330168,10.88682316009012,67.8689289435148,59.17177183568233,6.043330360262897,3.349720575,8.377647632374527,8.993017583442766,7.05834561425796,6.179188229006116,6.370054121605292,7.679510329676652,32.002001235326624,22.04576552011432,17.782064963589136,56.74263195990053,23.73153117862889,25.640160699806223,4.315757871223242,3.893426169514527
9.367475913373688,7.830274907348061,6.810125141215661,10.792998968710757,9.811817244282503,7.1196762839981895,5.928033256486264,6.304280164782774,6.647060191308475,7.556272603241846,4.2701827788138,7.060835984130435,10.052264939596936,9.098230535607412,7.581858779672844,16.891404200717982,37.887156175930535,32.88379646758597,22.2232747277604,30.153056361539605,17.983684586567605,26.24963869857784,25.991159987606007,40.80496396062983
3.731750000000001,3.926450000000001,3.926450000000001,4.104925000000001,3.73175,4.104925000000001,4.711740000000002,13.6445200576546,2.5280910000000003,3.1601137500000003,34.93653249075321,4.071,3.8232000000000004,14.620407942407862,24.02883112885505,30.33556039536782,26.21926224510763,43.889581075990606,24.99096576073292,18.18300854946068,25.07481213932065,50.702378568795766,23.881796868768333,35.33646570472763
17.127290467908576,13.82989773390678,12.758631430081984,18.28704438358304,13.39715340873814,18.798723495773967,44.185257778860446,34.490817838956495,51.81844985073536,58.51809903896874,59.51827888120565,64.84039832524243,4.973743895942079,14.274398398057954,12.846270847971546,14.311599952369328,14.050681613732808,23.47835456717952,30.60078646084312,15.695300490836471,5.863261428420266,21.480565417455203,25.98388109380985,4.561405999652487
3.657115,10.59314602754469,10.550527785207764,12.22528472839362,8.276024619622454,12.323481593890715,16.117556415639434,9.86842377639302,15.920920175936898,7.3060564688895955,10.410858958663578,6.738090705242231,13.255929421559552,10.050981777837181,7.022601779535988,7.065798071533416,8.647651593688078,12.78082017624132,23.06071459918632,19.229297327468576,31.34105753736243,40.10286025554569,40.56355650563458,37.857786923408746
8.626252829717247,9.127834987078677,4.567441097372987,4.965719628320677,8.137788711008291,11.36224263374492,11.448307254746627,10.769234995672496,5.999973088443292,9.865099860951847,8.837563960978514,11.268339802061076,10.582440857587796,15.6490927453096,5.8918567530882555,36.377148513910214,31.283360736081807,19.387315212994935,14.372780993220855,19.41615055896174,1.9199132232731824,6.333396890340514,15.3405120651364,15.94603913580506
3.657115,8.233044587454076,8.605598222892885,9.62191369487217,10.641594014711812,10.80881843754098,34.19093691433497,62.434234838144704,6.99156774845545,5.991395810587905,10.434735181621724,4.950995622792109,9.645075341370461,6.0030844213927,8.223049920459125,9.161024412664952,10.616611002735242,79.5397172091591,21.136907480137168,20.86959811137144,17.753290972552925,29.74601765930759,39.30301367175338,59.27835257053509
3.43321,3.612334000000001,3.612334000000001,3.7765310000000007,3.4332100000000003,3.7765310000000007,4.334800800000001,2.4665374800000004,2.32584372,2.90730465,3.224232,3.74532,3.517344,3.183522,2.6529350000000003,3.91576567865362,65.77979084991867,41.47728868584725,25.088254909500822,26.174970813024323,18.104140247295163,14.667749513933517,7.912666575608444,6.178811499678688
3.968305,9.54696990037592,9.54696990037592,9.1012838625295,3.7424196758401433,9.980923077665734,11.456363880451107,6.756186821849515,14.172767362737996,7.683661030450934,8.521262390418176,4.955009115927663,10.101100941150818,8.413670693569461,7.011392244641218,3.1730805131235993,10.386250517964047,17.49791101284148,12.991116814252688,12.080693096146632,9.913229501160217,14.525064279331954,14.595566043751816,7.537290371296218
3.58248,7.646048125293311,4.681546382421955,11.601398873574846,10.546726248704404,3.940728000000001,14.08304427227722,22.705139223345352,14.554440582051445,5.811121260699578,17.961807838657897,23.27920030870288,21.508951331212618,54.34263028777937,59.47841910584917,20.597422848401326,6.017800184084456,25.06972910635287,27.03373659433649,21.388085796338217,21.3219338944224,28.050392924679706,28.57288965565632,25.091940376807862
6.263097662824385,10.716804221435508,7.974857245768107,10.885422693923228,9.60628518345477,8.974368741185346,12.77892841700777,20.489652813832947,3.141823286667609,7.62873434871928,7.118054401181451,10.68345050613448,27.286590549313654,42.47494567597567,8.092964472985523,4.4989326804332,5.015872857659317,4.285824922027979,4.067691466759243,15.5164660682039,18.110632344946904,13.70505039889618,10.5719556502014,6.159545626895686
6.43809389464177,5.939382655203628,4.437081432370348,3.940728000000001,6.438093894641769,7.081903284105946,4.5232704,5.406935787611331,25.049223422284005,24.32659385084427,3.3644160000000003,13.068228713933976,27.231846492112183,17.964723020571334,13.685263984718118,5.5423590919090024,16.479504801626014,33.95970764544259,26.857767736761417,30.217888416803152,27.36826289244267,20.24225754208205,20.71719381993398,12.341228987384127
3.58248,6.536138111285124,6.536138111285124,6.833235298161719,6.212032089237925,6.833235298161719,7.843365733542147,11.663987391159075,6.346261740462974,5.2604617192046605,5.833908396849531,10.074083905897291,27.266109313136873,44.11639553095172,12.10203834210795,66.5872883206272,34.44343064852906,56.55455708851354,39.084731741006806,23.870394151788176,23.23701447868248,31.32205739900409,23.605519280536207,36.743745817361074
7.172025296250212,6.981715077323414,9.911786733107332,11.582241669120718,11.15652062119792,8.350590442448125,11.05994750448288,23.758075180378285,27.297366268360896,7.700534776582508,8.678331464507592,11.255650363806868,9.925975543517866,8.764996327095298,8.458654339951085,30.731955252085207,64.29696772807355,23.959253906429733,17.552013861250128,4.078382757952827,16.915315531187243,17.205555045277777,11.393389579491066,3.1981683309779085
3.507845,3.690863000000001,6.342837586394696,3.858629500000001,6.176579756362185,6.794237731998404,7.798603309772082,4.437469734527338,2.3764055400000004,12.409789989137613,17.621553374023986,4.31196450115676,7.717219217483232,8.153722815192713,7.024400752027313,4.6174886944356235,19.1105455455504,28.076640943750554,22.115886557838397,15.840631096998363,13.392113914808771,17.63367969230867,23.150233391679304,24.92257673022213
23.49325554889809,57.92428440994531,42.61531401991606,3.694432500000001,3.358575,3.694432500000001,4.240566,17.3774164279899,12.482314056027976,28.11721238412002,12.650501331973446,37.49852829189885,31.88112939487995,6.304874999999999,2.5952624999999996,2.891295,2.102162625,7.231975688773593,8.276185908314313,24.706479725388863,13.11132011110108,35.93158289377632,33.94392876615551,2.031075
10.938056364749476,12.02679911202236,13.470766935632588,11.060138493542723,11.610993720072871,16.886281937320494,20.57871178792088,15.900278716264882,8.597193153338866,12.268706318399657,13.217683028307691,12.957280649432098,11.787185322451837,10.599124987529846,11.623151250085474,11.807293325603789,5.661521877122156,32.07363599056539,13.746816821704387,26.754659788804556,23.88780374637689,30.26170371677709,27.29021997814137,37.14072005538858
9.175006507817397,6.750811749764805,22.71843340568504,10.092507158599137,9.175006507817397,7.609455980081307,9.367690063251498,8.734331824299606,22.0289489301158,65.7184805210072,20.668939008125715,24.52246254825582,30.619262411238232,60.659250133350525,49.82542312036319,24.29322126004616,23.891149049654853,38.03665045523692,17.05099130683975,25.0498316579012,24.14037951091006,27.54579728002201,38.43327456472572,38.44843919196524
18.21413128124536,6.389598866949152,5.711336847258224,4.97821411149506,6.201685092165647,6.821853601382212,15.285267811017292,30.749875366978674,32.920001045639886,106.8516900758346,34.77958830203816,49.11400116713833,63.690074351369425,55.72396883845858,23.579348496009683,26.16677334854802,12.19172095077512,8.960968668915305,29.00589852213489,25.123590615505105,23.9924430306415,28.11013689435494,22.875813674207667,17.787569930280718
3.58248,4.3851253806208685,7.575596283725205,8.661350584759981,3.5824800000000003,8.661350584759981,18.63742753913809,34.67295175861686,38.402799117368254,48.44558101787658,30.336036610001827,40.91635499394469,22.79971928793359,4.799552809382063,10.954082784319873,18.382785780730583,35.03932675558797,25.688250198694384,18.23570698701235,23.50503866088331,20.24365457367471,21.949241884353828,23.01258140637632,23.13411952522073
3.955655,9.375503289295192,4.162037,9.8016625297177,8.910602299743362,7.819683609820352,6.985040619549075,9.481260797538887,26.650136387963823,22.662337593129163,21.99114412431385,24.68910578801722,8.238682098019058,11.171697127220215,6.885465413438052,7.670866327605157,6.2595309458253245,2.267225709641341,9.8890337123838,10.050683483889372,2.348309177409659,3.683677487674197,4.310900084935129,5.388625106168911
6.511545829916012,6.851278655824675,8.563794419746165,7.473844368307932,9.20102480110504,41.54908409648991,107.3517635635399,27.216542568651384,4.78143511227928,15.039004647267667,21.9908490766452,28.79456639666105,9.948955769480873,26.751869962884875,8.56139463181022,8.92949699057556,7.8036157374302,17.15552712333897,16.79343312073963,26.317159933561413,18.442133471929097,27.4562040699295,23.022577836893262,17.14783487194545
9.875503136066593,10.401768050603742,10.10436687887882,11.185495096070875,11.864555942628044,13.361930943694178,4.617505200000001,22.09670472217446,21.507252132411583,64.79673513398677,39.81635532299568,44.86104416878928,36.43910962294627,17.91933397454915,6.328677984446638,10.457163347238923,11.73391656450202,14.555920541688923,22.11892968783885,22.12237487366276,17.745838269530356,28.10559669429849,29.85973979138008,18.00865851958283
7.845973786352662,12.908603021415963,6.051624970211618,12.573808771210008,72.00219817856744,32.58850591821711,60.11312569636474,13.813672980552548,61.315121114169294,7.756977311476762,12.308505271289798,8.68472824191933,8.558563896962392,3.391143,6.890733616846829,17.117223127484312,52.26954351220065,25.223510162856183,23.761503850540475,29.2918493979591,20.81222226721165,21.9596720259805,24.31818137454845,32.88008799712188
7.220814659170755,6.640512611476053,4.535024163060282,7.94289612508783,4.91073,7.942896125087829,9.117063378361683,12.09755530013254,25.338663543550396,5.652565949786293,6.781286810351666,12.511823891179937,32.33500063210575,9.920967665084024,5.579720418450127,14.44353054950267,22.87408636671888,11.717231831588151,2.883742216102046,2.966134850847819,1.2634911360000003,2.589586212392343,2.701297396266305,3.9266861750296456
6.40244954348488,4.08256335495733,7.204830454103906,6.716275664740775,5.660588559183526,8.627300000000002,18.265283014000307,4.599742445936703,2.5280910000000003,5.811790213305772,9.566017725806011,18.282551827004674,3.8232000000000004,5.936816849413251,4.947347374511043,5.511673954826115,4.493024573893958,12.77476383411548,7.451498868760155,5.615448852568911,2.258055382550744,2.7877226945070914,3.0256880127543573,3.871837075704296
2.9854,3.1411600000000006,3.1411600000000006,3.28394,2.9854,3.28394,16.515495242142002,2.1448152,3.818544725753552,2.5280910000000003,2.8036800000000004,3.2568,15.958480655616272,21.313390576979522,20.77762466326574,22.58443218942096,1.868589,11.383539888531054,30.80130560643376,20.11472299507383,15.384467395171136,22.43194280738106,24.165603036965063,12.22673511141431
5.992378872968367,7.388654149881792,16.828630594411013,5.791565782892756,10.091404683632245,9.699063701893182,7.750558735749424,17.95477977648713,14.062097533499914,9.911756812638316,5.180328458971588,23.38404426216869,7.943014815155243,8.137804078092696,8.2777810773505,27.379502214671085,20.96364799218934,19.3711725911062,38.5998123922149,12.708592020667131,17.587257847363503,20.604919594939403,19.17725947071276,40.93851051432996
3.657115,14.707351006869954,12.804538569364873,9.54822251164267,14.705741236686915,10.988906739088788,10.908575162996462,10.04232512551732,6.780611335851942,22.66759016327353,8.855406708220453,12.076433901782249,10.889006273395006,16.836436343958454,13.395850866400485,17.944020631767412,18.769741690405468,22.71930045070296,25.14007475608706,16.521830551439255,22.080612409889312,23.85955293695152,15.135480693228908,8.653675550819134
4.4388272767298895,10.913404247958216,14.821001802808867,14.860015619053488,12.76580056792597,9.87435699281435,12.641074836502952,10.54034208743306,15.241393869415893,19.33507173599963,16.043820743230274,17.77918032326825,13.4180210480753,17.613279994116674,39.84257610932288,23.788488973067093,37.7875128197834,18.396704741862063,37.044285679702746,22.9551425918145,8.659432560517455,15.49217640945112,10.911678953774038,14.512607023258214
3.88102,4.083508000000001,4.083508000000001,4.269122,3.88102,4.269122,4.900209600000001,2.78825976,37.78310635147901,26.25331990676837,32.21296556968853,32.94323756950995,26.54144685685045,10.93855054875849,14.396534945092382,30.057565495783106,18.21573014613701,1.7315093109600002,5.93261442129843,11.919721912743576,17.051518184305333,15.16371505806401,1.877616,8.350847624347738
5.455464735373634,9.40125723258584,11.20475515040159,11.472086070584538,10.649147456993244,7.179433143847426,16.804110935135977,11.914204148248782,18.418232753867063,8.924750874610586,8.14164361645684,8.067524808632784,22.066352976290844,23.452445385230504,13.510151555921068,20.218964761253098,13.273064614995844,18.3796620881489,18.32683351457184,18.12907307536888,18.977564866678417,24.99488225234641,21.10594600360669,28.611202137324863
3.731750000000001,3.926450000000001,3.926450000000001,4.104925000000001,3.73175,4.104925000000001,18.77333281392589,19.39213349570568,15.557614920000002,3.1601137500000003,4.300560253950471,8.750121376633865,11.20746265970419,16.204234865011212,16.840141049473676,17.0757782365761,4.692586782087028,12.111663099300715,19.33878427815889,23.93928348059017,18.54954937735748,17.430335537981446,24.66105074216871,2.25675
9.998922483214743,6.886738594788509,12.659536414013376,13.906300674264642,12.438364471405356,13.458101162827145,33.640203096445326,15.582594933749531,20.478980152157806,28.5601110717244,72.73678469787251,54.63345904138183,41.5357885890796,25.161665996148987,8.194634421087255,21.204582743036177,36.55778017972376,17.975029897895393,29.43020223170972,27.410328317084733,21.66775583528567,22.77555825085928,32.59782673681076,13.738410875977214
8.208327059008376,5.571431793996767,10.473893265856448,10.77771789405848,3.8380306745488495,12.125106958633104,14.075176782683446,16.378675465382244,7.306623437675394,6.84415130726334,8.138822059946351,10.76763237994894,10.852309061005032,10.327295145792608,17.665779802277953,23.643569592028147,20.007119427445968,11.827004457594226,22.146015274391413,23.249330541021337,15.471830462459236,14.255866064147312,19.72743872074205,16.996472038790014
3.507845,12.85567758605758,9.210770395172148,7.669214290471134,8.754037978882616,13.440026567242011,15.426813103269094,9.582236276908144,76.32777172524825,25.526921990638307,33.634386259008515,37.12164423178949,24.506535984102186,25.228777585502176,12.653095661899236,27.54902259395551,68.44348793466455,53.536113975922376,14.961786269053924,32.05857470797292,33.53947215152146,37.176112053710696,28.551601097282475,51.22158498394152
3.43321,6.821917369263159,6.821917369263159,7.132004522411481,3.4332100000000003,7.132004522411482,19.760947612173123,101.7292611010423,25.610906590906428,5.30595321078169,15.117656948361184,40.48860604934581,36.86201681639031,58.59565814534891,30.38208654726776,36.40339622778449,50.03159120295294,42.28948874559162,26.793475941170552,25.165179480409712,25.439765517712555,32.92142746634315,28.18538179781323,39.41072484703079
14.20442669614586,6.510712168097342,3.847921000000001,6.806653630283584,3.657115000000001,6.806653630283584,6.037660489651915,10.022801282027835,12.71748639174231,14.752476228602609,11.97289835142102,19.97028427434452,8.951916535573654,15.975177215343937,5.601792312574494,9.566132369240187,25.03427907168844,26.12366230990059,19.3930617476826,40.76721992629382,22.009494570094247,22.87215925248624,36.66313861532472,28.870081263756063
6.201190708713926,11.004383609550535,9.14601116593028,25.988172816189117,9.731547067560038,11.504582864530104,13.205260331460645,30.950638682326705,28.788902017006496,31.247494460646617,26.24684767819112,39.19461858957638,29.954268163981226,17.200506023170725,6.887525017018555,7.4718946258085985,13.98097524632282,13.43986090973065,14.655132384255529,23.33041402445554,16.0987272652059,19.173017330516696,22.01153651197688,16.495013447573974
6.194705,3.7693920000000007,3.7693920000000007,3.940728000000001,3.5824800000000003,3.940728000000001,18.858230063212087,5.800089239999999,5.820608159999999,22.58505683539468,3.3644160000000003,3.90816,3.670272,14.663771362256762,73.03533564460993,26.309632737411587,42.83382319198388,22.380456303376825,49.02054427843648,23.713169981298854,18.72574108989748,29.23875019137162,30.386622903825064,5.591692879517893
20.309117977874106,3.298218000000001,3.298218000000001,3.4481370000000005,3.1346700000000003,3.4481370000000005,3.957861600000001,2.2520559600000003,2.12359644,2.65449555,12.555393526850654,17.391587120375974,21.521305631656894,12.652986784344778,7.450111651442954,2.698542000000001,7.059200184215932,17.523543695638967,15.040801713552815,16.057914178215757,13.671902841682444,24.96480431605103,1.516536,1.89567
3.58248,9.263916872110388,9.263916872110388,8.640590183995245,4.29458033090837,9.68500400266086,11.11670024653246,4.2791037281057855,6.316850081976391,58.45067579391573,7.376946560248905,7.533398048260794,7.074843384453615,7.063699556954889,4.235638257629368,5.740491843127748,4.470857153774604,2.233720563908215,5.762260686034344,9.31619705992056,15.434713239051378,17.652362135755414,16.017244999257837,4.176122831101093
9.68393759885286,12.762257286041944,5.505240663030378,13.728406417264232,9.650165621359951,22.92410772869512,25.839333187034637,22.70030091775241,24.710347593508875,7.828660971249215,9.884660663395358,13.1992915146858,72.55272602908002,13.084372069423425,9.291484469603247,5.961639055216297,18.01381244552784,18.502320784836844,7.421535184920546,6.155469628038098,9.790275538164195,22.96563717857683,2.727451091440246,7.027610254692116
3.731750000000001,9.949726493705004,5.569161771010456,8.398376219686416,3.73175,10.401986788873414,56.21479707856725,56.39618073604909,33.63044956123853,45.76478343794624,33.059249552099544,18.18670067408401,5.955886656879087,8.768616962521385,7.307180802101155,18.68717668394198,32.225570947685384,39.9742143398957,30.29847991015033,25.701903402427497,42.599990602646784,59.63151034778322,47.284823150496265,54.45966899181319
6.81101123417494,10.85781229775715,11.110272818365113,11.216538404962153,10.89156802668222,9.850126338020557,47.53229137705744,11.597398863008598,26.1550105766882,35.2360346099962,28.23256589508784,45.32010142760198,31.93473090100578,51.4589173635533,59.033366622004955,41.06323736505497,86.27415012681485,59.99034947827239,29.99213033861504,8.550166916360665,4.592222394112375,21.981467985691,31.759236226797547,32.51814162098642
4.104925000000001,4.319095000000002,4.319095000000002,4.515417500000001,4.104925000000001,4.515417500000001,5.182914000000001,73.03893301098208,78.46830307091557,37.46658351501302,42.2911248608712,38.01823235242229,28.231807636464872,54.58551452217654,12.064486851603196,19.420868024161255,23.87759526561284,47.28862558264805,31.679660698426,26.038789242803357,19.3373678506188,11.739892423075164,1.9859400000000005,2.482425
4.403465,8.93315812021764,6.587986656984229,10.744368195785912,8.304820597494267,10.565583135947884,6.879140326748466,7.267546636982757,15.917132671199784,5.701865872543161,11.33089581807314,53.86122017296264,110.93419877443054,64.38729513959989,23.87715907369701,16.944066439567496,17.37442951055082,17.76027730322852,17.932650624519145,16.24782528781535,17.149644546243735,3.888917217304903,2.737043517498229,6.398343171869681
9.756272336241771,5.549141145623034,8.600770265993708,7.541560034932976,6.592299243746262,10.731899569865956,12.318354288889616,18.02309068845861,40.52046721574373,8.261788801099284,23.99195826510744,37.219782383432666,22.388137699845608,14.1108828106841,3.6678645746866327,9.222394541421975,12.645509896649031,17.501070269026403,38.34664189957164,31.28933883467625,34.44129818824251,27.34576389197037,9.95867886886097,28.403825113719485
9.943944937389649,7.390246500588683,11.546258527303625,13.666837308300847,4.574661046244449,12.036630228391736,13.855510232764352,7.362790068670859,10.266756557276482,12.910485637984024,7.709537762307132,13.553888239637203,7.684904129564486,7.432989475931947,5.383901389870777,10.6957857195398,29.96340279364269,21.79770407550306,21.1052068856776,21.76511777797779,25.854316460325496,29.07231889265403,28.86223960816357,7.513568480668451
4.254195000000001,10.42879741676554,6.099601477299693,8.92271847476056,9.911666966347411,5.129468098317371,41.1510960323708,19.58835784555511,16.028871216572124,8.393379799229649,9.308348107526264,11.674171429184394,29.552163507632645,35.295793891357725,29.45489422285097,58.68303313213612,43.24041471594346,37.75204993016029,35.914244946546354,22.715661591836646,19.1203423491186,23.04014860725536,27.9594181025736,16.77575001629287
3.731750000000001,3.926450000000001,3.926450000000001,6.516716223407052,5.924287475824592,4.104925000000001,47.07784829141228,29.40372133165732,69.54291994094639,15.544805633847938,3.5046000000000013,6.462859064535918,3.8232000000000004,5.49343020485553,3.918989919139389,8.68195642676774,36.446653240684434,27.75863211099344,22.733958641915574,17.251968796879503,15.754555602328312,20.03478338500145,19.345469820216973,3.6563341989947498
9.467343335991304,12.659949678471255,22.68953446821111,18.618053191133324,7.234852260559211,14.24171979924835,21.370287141126948,18.988909843916748,46.517127035446855,15.52680016116989,15.895254898358884,14.9310306033716,6.654260474303312,15.694557235500815,7.690841876278683,49.09250641381526,44.61933270856796,25.895362624654656,36.919841496447695,47.22469241267903,24.39223633433248,40.278253501164265,38.22136842072389,23.44568109988095
5.422343552782718,11.716560966275209,9.80672229259518,7.457218502202104,12.621939718960297,7.7382622701524735,18.922497662310327,80.73388787694826,75.01189379628384,46.24087876217044,26.35307933465803,9.183641795802505,10.562467619020824,11.468488774368822,4.27301874216384,12.61868685297596,33.24513331453677,25.769972439648228,26.40868176244272,23.093900970853547,23.793536144133924,37.77761590789582,30.092539770988257,18.04226686292721
3.358575,10.469057562458746,10.528765922006702,9.926987644287044,12.782910352219368,11.794817698609648,10.391354942602062,7.204833386738727,7.099631670406983,26.76833574809133,30.010219708357475,48.22367604814815,43.901260142318435,28.310233773875538,5.946075958238685,9.098330623574993,27.668156444360967,30.38917071377458,23.92897566197398,4.721945133286223,13.613989285719937,24.048736601551337,36.60633297751061,40.31269181578542
3.58248,9.185795956095143,5.219131224819829,9.603332135917643,8.730301941743313,8.316376650481818,5.705031263148032,14.158482097079345,31.512817340400808,17.152263834864762,3.3644160000000003,9.523965754629067,10.470705918349966,11.21821373739287,7.9830583147292185,67.83920989742315,89.75534397874335,25.757453811755106,26.683154466029155,24.722718004522704,20.45026616014505,18.08658518264272,16.465844414741664,22.21072461287176
3.58248,9.167813381106717,15.088327066361543,10.130355943675502,11.444096068656975,12.694789504876905,17.482242729484273,5.871270200195955,18.19252055778307,17.971730841818076,10.529737539279967,11.721756201440517,14.991802509271015,18.59015655623403,23.11014035667726,26.182641424114074,32.48726095432427,19.627407290201656,18.99932331443207,13.777458100726903,13.764656412559946,12.467932688086874,19.94181691140476,16.798467099686814
3.88102,13.931509884034169,6.387394117957756,11.937187735968203,12.751736611183324,10.53088487575751,24.437480897223622,23.063551797215496,8.025994704394755,13.821734051919318,30.42255989674539,23.907654077349765,23.74881175197995,39.37844916236471,16.56129924980294,5.382448281231176,7.522366175185888,5.9073079028953615,1.940487316978007,4.93682695519719,4.669808618889614,3.636214053583103,4.798998444803416,3.79157123030204
4.328830000000001,11.99233929851591,11.72217271216873,8.715969400172428,14.63716711850259,26.258839663612,20.596337004541255,10.75418040956534,9.275230673511446,11.173822746259235,9.980484878208516,12.99405560501141,13.518424494529132,6.15686749666959,4.138657406173922,11.359231693319623,20.716539683978603,25.20333564332349,38.822884589376976,15.294223379713324,17.82005784357717,30.54936104192585,9.26792453684669,24.384108398428463
12.43228976234204,9.33141752659956,11.233769418000795,9.75557286871772,7.684250878851291,5.325723401981301,17.430041257229053,16.379945809553362,13.574140386290884,17.483542870922,13.723066997149786,18.345892193917905,13.425163480198027,5.807424527310774,6.85308837885129,8.781962178799006,10.426515458124406,5.215249138086253,3.541851344992877,3.64304709770696,1.6240056593188097,31.25960074764061,18.058237485398696,21.83017807423971
9.504305541064369,3.926450000000001,16.162675675257073,16.89734275140512,11.645716143068748,9.342613648427449,26.153074203740857,27.246586247991065,18.16707391786661,12.506157437564529,5.286127341594568,16.757695290649703,15.73766166426233,11.810980397099495,10.909648525847919,13.224007370664877,10.124494066257965,52.46877139687364,28.136837154169758,21.93408822922609,9.770091934021004,13.045434027811794,16.297391350500515,7.842305921881253
10.0015391667139,9.723482738275484,11.745663110816825,14.561624210466226,11.945178756467651,14.868665794911976,89.89453277987585,18.31163667486614,16.912650263390862,8.855862274410887,14.114778345256358,13.987118767738131,16.040018062179964,10.235686409121557,5.301734601651242,8.796618127004947,13.288028168810447,25.43963502478504,34.67107903002899,21.544783925235976,4.366888663213717,6.051150783408405,5.978917780019538,6.941370190420698
3.731750000000001,8.027017190985992,8.027017190985992,8.177533778320178,6.654674960516875,5.17666415218952,9.140352566264871,11.756556918413864,8.622932760000001,6.460361750874504,16.539741415779307,8.322527215297267,7.815938602192217,3.4603499999999996,5.895123444168898,4.554553807959052,3.677358806877244,8.10600176725672,15.259104233592964,20.866479196917247,19.44216874574906,33.55466584905096,33.11217006689835,36.17527526273573
3.806385,8.916292374497054,11.675698873120789,9.956691633485995,9.051537848623632,4.1870235000000005,15.816995628662308,9.03247472526141,12.898070647416572,34.34370124525077,15.890326715892812,12.484608880122584,21.214649691990346,10.547396784355145,9.277271127523466,7.295148306406681,6.945549568193245,15.176054563877647,13.992669427680642,8.020206536079,8.865066457802019,13.366662451005167,9.555722270694435,3.692443628233876
3.58248,3.7693920000000007,7.231612700926014,7.043237459271363,3.8175185953993465,7.560322369149923,24.42308353661946,34.52291703436791,60.83498088158556,70.7759547280831,69.35558503881015,41.2666193217432,15.43192422284536,10.973762771157707,55.66517337592106,34.58223811286708,46.49994472115039,40.617350551368254,44.00508404949603,27.43164816920171,28.14848809980759,34.4676309551866,22.499814926733443,3.729997612873908
4.17956,12.822304921524047,8.103286987474315,9.101624133213646,12.186488148555911,12.765724374379356,17.199761023676555,45.25268777189922,29.13143328881952,24.21984199168809,21.55639173644925,29.712503903632424,68.29306138819355,17.91711822545209,7.395548153596531,8.496750516219144,23.42228317480738,53.45787187932046,32.49954511901284,13.265274455793936,40.717288782058,19.037168492561,25.076202734578743,20.997020617585896
6.918355461014541,5.92311208969771,10.700388361485665,12.855839684290547,12.964776985718675,13.687879177174551,10.118280704972207,7.511292550247792,13.78149156980903,16.37215050766884,21.94407785823749,34.46785982782926,30.35770816189512,10.970553910506554,14.333589574100143,35.83087283406022,11.7532878953595,9.925582370536649,9.7012065379409,2.401462813304596,3.2085982016155747,3.01235587978404,5.375767788586446,5.7627111957929
6.89518546223059,7.254934268955667,4.018359304925407,7.064136007245986,6.895185462230591,7.584704008453651,7.809638825015344,6.807324713107388,23.40018979014962,27.6196085040932,39.692926817703714,23.82207598514324,24.381252045493234,8.71124952731002,27.27460366993129,5.935855310963727,11.688202700615763,19.20962199459889,19.284602396493764,29.70407135142071,30.09235393895501,26.537749087706267,2.4200419591931523,4.169815714313361
3.507845,8.771551452798953,5.076505305308806,7.480194616148013,8.33659848819735,9.170258337017083,44.49114488793268,94.80726794474973,27.46073810331655,34.58729342503802,10.919420426369053,9.094471078033472,6.517086432236757,4.880936787755799,6.441917013607043,55.33630342135598,23.13781280012503,19.26451786666131,42.133212773274366,29.067174661048465,25.16260970522737,25.538788561843223,27.881185437428893,33.95378813331999
3.731750000000001,9.20960340152543,9.20960340152543,9.628221737958404,4.188220804789951,8.875044910054987,11.051524081830516,12.688247257032424,15.474070109471247,7.41213929661839,8.22014187904749,6.311856678059756,18.71022032218547,46.821569465789125,10.820452574390233,74.29533122510244,25.381948418665218,5.494702014293235,5.214350971919616,8.42522861016016,14.057491112359706,25.50794896624468,24.706349458077657,31.436188626789832
7.385859702604645,7.519020125588268,4.240566000000001,8.124445672865109,7.385859702604645,6.278882336432557,7.671094408018117,20.77094345180346,19.639967657323407,5.0366699554421945,4.910438583482303,8.05730149375052,7.566857055000489,5.070690115580546,4.410785112369977,6.358261830937912,4.622876732039361,12.627799907808123,24.380960258823496,28.14760844006049,17.447634437088652,32.565750534254505,41.90230463861969,48.51920816302982
4.104925000000001,13.275181385003362,13.275181385003362,10.499742803683352,6.917550495816375,13.878598720685332,14.813958458670138,3.285902231107752,10.919809786361116,34.07717200907705,33.463653120297266,33.434419935494695,30.541223418259996,44.786483855802146,18.34890321502102,23.61852681646725,21.628116102630333,41.40568804539909,53.28462018868767,45.79619352732022,31.114443337052663,36.86203225418972,44.08064092260998,25.955933260284084
8.588484520289542,4.5546820000000015,9.250003048865745,7.662334887625735,5.951555531538875,9.670457732905092,11.100003658638892,29.21913339679467,34.031141744120404,50.24476966733143,62.526949065372094,27.961962747989567,28.140568419443795,24.7759275616948,8.89668123117218,18.557145022563542,74.37898520290918,18.49415749077488,13.557116469617146,13.422247274451676,16.63379036926116,21.79912976212741,21.408840758529376,26.16619572972869
6.88497926285588,8.202515572222278,42.05282468819301,10.791470727320664,6.88497926285588,13.101530917238202,11.22287565548368,4.411187185844188,8.157998681034114,10.086013263973044,10.541914499265047,6.898542181990716,16.716682991151735,29.916337756752746,14.499511392092524,23.884342155299407,20.691956218883103,20.77721959179657,10.875929812273933,15.752335102843029,21.143048624437544,27.93091579756918,31.758835072553406,13.975650753350912
11.731596690048056,9.15802189911761,7.89684388136581,11.537413703601665,9.201120621804773,12.286195542371164,10.922366806580865,8.044219481090012,12.537054932855854,9.93452937889069,8.916223514292463,15.797981118087112,26.76987053444899,18.48857132441732,25.397948838608364,28.586799232312636,10.191397238218322,15.372089357483883,36.5078262334893,14.483036743930418,7.800868869074928,10.337068730643058,9.189323763694317,7.258049255134089
35.8879843631854,66.34527232158784,46.8591195211912,20.18733237771148,7.915946935116254,10.57855823833855,14.389231814007486,39.83329766161668,17.506129614057638,9.650704263686553,6.111885924636531,9.239620003774684,47.63024365415546,13.92718519889323,4.9790066811256235,5.546944527617192,7.133129238377018,9.832580096618528,15.48406098479564,17.562958819520244,16.981719069193005,15.637734601154865,20.368524099892205,16.50985177554736
3.2839400000000003,3.455276000000001,3.455276000000001,3.612334,3.28394,3.612334,4.146331200000001,5.83280676,13.71682188,2.7809001,3.084048000000001,3.58248,3.364416,19.06529743116644,5.949015909746531,12.5023715619817,22.790370252262115,19.0313928088953,11.58705889621997,42.19619995373308,16.069688872641034,14.041012852506856,1.588752,1.9859400000000005
23.935971792277687,48.31688956359893,15.096132289198714,12.569105198205788,7.48289894459659,8.683055785775359,11.90759332922044,8.757877638896579,9.866916092763754,6.102169904513543,9.126078970169148,7.5590144026210755,13.340012846664507,14.949663622942445,21.669996309390992,32.98918022009542,49.367306731257294,25.738946239075187,81.22724822047388,24.803331844124845,20.95144052132008,27.31320606250336,25.089174802813943,14.426738325550314
5.655081451763952,10.61930850359643,9.844833562906322,8.62818794758957,10.09273122242636,13.1271541996877,29.79305579121337,18.369884335504057,8.084591164964689,18.225635179556072,58.18503758627941,78.55644238687925,8.541665562419896,11.06586552370368,5.026432250908217,8.998794500423706,4.84369401079573,4.186936969172415,4.765935264261321,13.59717677510226,20.47993097458503,30.270483400574943,26.522389944384543,34.79381769561953
4.17956,7.190067343016391,7.190067343016391,7.51688858588077,6.833535078073427,7.192513854116243,7.138777695344261,4.697592842901851,13.19825921390897,25.13205234541464,65.35115576788141,32.159119604158754,18.019115394255568,14.799525653145539,12.364719684581134,15.687698797527187,51.38677225490138,3.0487680080123045,28.460377438412355,11.18855619615741,8.960919326161795,11.305697856004118,9.910586231132706,4.132533070929781
17.19875535071539,7.859840381923317,10.148026954024076,10.609300906479712,9.644819005890646,4.761713,19.918739844989563,32.55607841219293,59.01383011037677,24.739439524790487,19.174035865676323,13.786556265707327,27.548580035467783,20.791724267018495,14.024911564007754,10.166097472726282,14.671301417476048,2.0391042042490968,7.972937381701894,15.390956882646302,2.805042852155283,14.193259520055896,17.993127673443727,34.56008705500636
3.806385,4.004979000000001,4.004979000000001,4.1870235000000005,3.806385,4.1870235000000005,4.8059748,2.7346393800000004,9.44134866,3.2233160249999995,3.574692,4.15242,3.899664,3.529556999999999,2.9412975,3.2768010000000007,2.438235794006349,7.162783220319702,20.31038125214761,40.2328119177625,11.743251078089736,1.6573572,4.616506323729344,32.80733022996906
3.731750000000001,9.228948423162024,6.971633906687405,11.978474270656475,10.78170564026352,7.674212085963947,13.405941660260734,19.10038264821133,61.1052821705109,34.84814134427253,19.34595367914243,12.57873504745023,9.448978125155696,10.691924790332697,2.883625,11.625465174886012,17.221679557939122,37.900042671301485,16.684898822236153,19.49039873003506,27.01279005604286,21.08923132590839,4.34126210944518,6.972994428477846
3.58248,8.871161110507655,8.871161110507655,3.940728000000001,8.4312688240362,11.44096120643982,7.653782400000002,18.275721564581094,24.058708975488656,11.245105852181757,23.34484556940599,30.20593463059346,20.47961589168183,13.083258668160559,10.694147951184028,8.279704726778991,14.458843728053024,15.371934135207695,50.59666518192719,42.61763675963231,20.47141400793811,27.08915990171554,22.33249052284949,28.38295706516388
3.955655,12.778119518696396,9.146051778595714,14.62143507835718,14.905675949563236,10.6965455089471,22.771931198659093,28.838092428533667,7.708277017534684,62.73132579347293,46.35129768630284,32.22798884819268,13.465074537038731,10.520552748307551,11.236144288587163,6.451639854784349,22.3285974035634,15.51102480652168,20.74637016680573,47.35419066474866,24.76794969499399,49.28855559842894,57.99373724021289,45.992452604826845
8.14159870953427,9.482051723079536,15.183509039703765,7.501730519154076,11.265816207793923,14.358514024903377,16.66092018643703,4.7598060882984665,7.521023821638247,10.311416148057765,13.55222294452898,11.233217349844084,7.740383038619384,18.98274829140878,18.583147485431567,53.23903603539346,46.99850369370872,41.02215463447338,35.38106309471829,31.882066094874563,15.184823928689609,27.71205676831152,6.264678321371135,3.4849039731196867
9.271046999294096,9.754753799257266,8.010670550032842,11.92682223821186,12.084534307304889,9.065412101889107,12.367564289736116,15.481997891132927,64.9539805414334,8.02107060683158,16.41247041762408,76.68864479990964,19.74722950327996,13.86329330432464,4.284881751892556,8.69253099520519,7.563819882344924,1.69821105498,4.7458848871101065,4.351827889482096,8.960478141583504,18.06940663238618,5.3444408422976055,24.64390520082969
10.023945989074065,12.439807179613313,12.1638923665943,12.116378358873945,10.023945989074065,9.818872032914047,14.237765132120169,16.345725778094998,26.26018833118796,23.979740652959364,78.60391379293439,18.90924416893896,22.305482371144972,28.962881980495936,17.28789069019091,12.837347225917894,20.26059270252924,10.808331215443916,7.665509766694342,19.12228140690172,23.77952231291884,36.09485073775045,28.30970330642776,17.892668717850317
3.58248,9.877039052034116,14.14463977146859,12.101552742332103,11.719215354116196,14.62631786706436,12.191662186920045,7.017730751115642,11.004471193246106,11.018806417044331,9.144306423497229,9.2688075074356,13.7726920689882,19.38176403138802,24.304023241776832,6.9060167841049225,49.672761673689706,15.063356236099327,18.7746290413851,18.224807580690623,12.176752239731906,18.139844417480752,6.5037712547999815,4.215673087055688
3.43321,3.612334000000001,3.612334000000001,3.7765310000000007,3.4332100000000003,3.7765310000000007,4.334800800000001,12.44538108,20.77662312,20.129926077712888,23.843446314440325,72.67992539346709,17.369276865354028,11.245222158113194,18.068806131341997,2.955546000000001,11.895175436059322,18.961731909193254,21.449944170296245,24.73110543638929,7.384629617480049,21.75983274435353,41.80267586890537,23.93147427242992
6.269361222402501,11.86396164585457,14.841543752984377,9.290856381845044,9.316481360249984,15.019879331271238,16.891611398326994,10.13783726770587,22.640601692389748,33.38289722250986,72.75809940961719,38.80439841542129,9.544790389631604,46.950893928943444,13.618090306771816,7.889876309578903,21.174747702630334,38.376719877344144,33.07210965490053,44.61075194663144,27.206162891995685,27.743862529347147,31.72969129503741,17.057772782204864
9.78627740571448,7.184546927076695,14.067534992902765,7.52532937091964,12.238278473657386,17.418381705384093,12.809698293719451,11.04801258955431,18.377660575355904,22.462294326944328,21.71251231631342,25.350125157819623,32.29819705010469,17.84907201055565,25.619853693435473,15.937296924779869,22.76040205312783,17.30201755236821,31.70967630132809,32.74729696690604,37.6471563537653,32.48855178644971,31.64826400080194,19.77652208317072
4.454099143496589,12.253590345058482,5.412927327759132,8.536017232866914,9.186650916083645,10.10531600769201,12.446092350255142,18.612543394480006,20.669924023056662,7.779423025756283,8.627463469017682,6.390365817950536,7.2193839221766885,8.518530849459376,10.26301982863514,91.84545909943586,38.312755709308064,21.346968682932317,23.774785470532105,5.692362593664996,2.56913200130235,11.21407877870992,17.223077787404595,5.5555635974735065
8.305351482169428,11.238224664277514,5.483652496081848,11.040064246046176,8.980597222578572,10.560705102605096,6.464057126205865,5.788249798100239,7.295851690001907,14.013000162436583,11.856830875522313,18.69680547622098,13.303331310647383,12.619191388536173,8.253467024290957,9.19491108895433,4.126781699885852,19.174096660118305,12.801745307386597,23.94928293281747,15.381843786428414,21.30449403020441,34.03723199397251,20.8458538130115
32.30467976944637,11.986718759254977,8.483241946610026,10.559332664969933,10.367797337107122,10.057088476217992,11.473481774447086,86.87813225499784,24.077557212346736,35.19993244251642,26.88044003217265,34.66094102115072,87.813820842609,21.035959099651286,27.62901456499301,92.9286160218963,31.705658751718133,40.239513887117305,24.14031803996667,24.423819752613213,20.09681473070813,17.99432978269086,5.511549121460589,6.889436401825736
14.552494715313172,9.528140668992505,9.351945268787135,15.364465894497686,13.852299998473466,11.141882975521067,10.430767503929829,10.512057871444725,11.31589446957184,12.329195771439515,13.988538723493166,12.451817549361948,9.932571751826165,9.659893288138536,53.15901390806877,18.887353250820528,17.131923918657876,14.661164453181874,15.719652765957976,24.088750025820744,15.92969238981222,23.0848357424353,3.399857507075364,7.86391932427167
7.997721176864976,5.3976151850819125,7.950781524398746,9.525462209480656,8.659511099527869,9.525462209480656,26.398032740327658,72.70160862027738,67.8223925124324,29.80674391710733,24.573962993995657,33.73617021676261,137.22959254095977,22.093404874645145,18.34127676128033,22.887343761307815,55.744623526997024,34.25768535250625,25.326443355604564,15.626395852862208,13.599906914014252,16.03671192627221,3.6558063808655374,5.236779439635431
11.147827558930446,7.534657310857966,4.633211000000001,7.87714173407878,17.18962998048339,7.87714173407878,5.559853200000001,21.611484467162693,28.87678298879717,6.064097128342464,6.725148674154216,4.80378,7.336525826350053,12.662607770265543,13.982924389967636,3.7908090000000003,11.420775959761194,16.712536123436557,52.8443368297004,37.20885933534432,21.57978246413567,28.42143508696416,25.119403392203964,27.10123137160495
8.57602015184674,16.904180091389907,18.694454285994908,11.549037191959432,13.02652872276657,20.48709905006965,14.844054389754296,23.45462931768261,42.71563626976637,53.6182250155054,84.13271587712171,121.86101319235796,98.05589129594823,8.426828286104286,11.8540850810118,9.465007513613644,8.07283508230739,36.93517513645524,19.36675370494951,23.39738772177901,39.45102444114693,31.47621697581773,24.958734305447244,12.675224386131852
3.060035,5.722229980323811,7.514106223785521,10.471949349750664,6.4588507679427405,6.508771104679403,11.686304514221357,5.402857249659883,6.631479275250108,7.542987154526404,5.107444941115464,6.900230980510304,7.453429135545732,7.335509666726935,12.464123995671025,11.108844034797913,18.42265415173286,11.747309846689491,13.81318482919668,22.157542674160897,40.77654307436421,18.15223426841689,26.91663144460541,26.625689518093345
5.800689217263465,4.495019957359072,5.165150755158297,6.380758138989814,5.800689217263466,6.380758138989814,7.324000646492657,20.411786051160316,80.53449430619668,12.283606539673396,16.40412718544076,6.883865623017955,5.029327857764953,5.378820910553395,4.482350758794496,4.993636804426811,3.311790328040532,6.363740745461284,20.80471229460269,29.631327753331654,23.10224095883176,23.95634991310328,7.133388112626965,3.5079266807956926
7.821090587063469,6.765980609402291,7.497564048330189,5.798796463212876,7.357552870938354,9.87792836511388,11.338143862565495,6.501482661468053,10.150520481006758,24.09252130285884,62.37472688667437,34.10683509616859,95.8080201366106,30.11739189422702,11.759589703177035,23.31694494412598,27.691995606976818,18.849110747349226,19.291730672430944,17.603718122316646,9.347845761107296,15.727188306552115,22.766280200002548,25.61950880731541
4.03029,6.242607881700454,8.244649763400908,11.011456611301488,10.01041510118317,11.011456611301488,7.491129458040545,6.852032544407939,6.781601212183361,3.41292285,9.401085486328542,6.768961031874313,21.360741747292476,22.58530108815954,21.87851568891284,27.913691814728935,18.341554946239384,17.66903574267084,11.27274808449378,14.162742788425463,13.45617157899676,10.674534832050286,9.571366545735517,6.053729290438834
6.38221122933505,3.4790280326078986,6.310675146735541,7.443340687495411,17.59913592666797,3.214257335226856,111.17203955737106,5.357388237988521,7.035999707364069,2.3116621079602546,6.354788887347861,4.702679461480397,6.9324969680158475,2.3530379999999997,5.08025086107412,6.126612791080451,13.961129231706348,7.359734980582342,11.458143544925482,10.837129276363596,8.946989010367778,11.287961758723158,14.236870227365166,22.936922328335392
3.731750000000001,11.41805749441444,11.665060589648364,12.19529061645056,4.670770031467807,10.904138073182324,22.19778514066852,40.12067326056875,27.174320721983587,13.321015822494536,14.346810698548085,28.34940009459865,32.918631790807225,26.8006793296163,8.372365505535239,22.314848340051288,15.209695540484264,47.28874618862121,20.20116662995829,22.1765933430633,15.221591470328136,20.019165113139906,17.04764964781184,6.704561495928623
6.308721012087068,14.475422373440574,11.624625133249394,9.54630514902825,8.78774551536859,14.374852893221668,32.386577864352375,12.605899477341152,27.93855439675119,25.330099496804507,11.430841213193098,13.864931431297842,13.388292741369227,12.134788094603534,8.026092022225846,20.58946473930762,73.48571234939699,37.32551384759979,18.317821259093552,37.825513809062166,19.0245838818605,45.00773402139977,25.196923172593404,34.35424913761075
9.393531748470208,7.888718127236575,6.143171063618288,10.33288492331723,7.497542021753768,7.725899049082124,10.064935031638733,13.686008826333014,4.867525050436362,5.947665259685948,8.1540334339371,10.247489180149316,8.166889432133605,23.911872167819052,11.550311005352269,11.139531372509428,2.6160246,11.215305987002685,37.15931506947263,20.929555016921807,21.60306922263474,20.52720635865515,26.80334279216098,32.74634883367735
29.781624180397287,12.27896340142788,10.436235127546691,11.79324041000453,9.015109640880876,10.084971458683206,9.22852265731486,9.103188351279872,18.153395701943705,7.796667458165755,27.238252403191737,106.56703301495496,14.208454184963017,10.589357971864509,36.42862311013971,41.27257373568703,50.49309608735379,19.395148560591537,21.95880245145628,21.00358092297297,12.806209976687192,4.031432122902514,6.130093165845032,5.265273089167234
6.108986044411164,13.44254201754394,13.905562080825538,3.940728000000001,14.460307049036253,12.511033543933944,50.61917537966297,12.87155684016772,16.77228460317418,28.56169643865893,12.31441303047468,20.138635081184056,4.4941394328397255,66.08427950777387,7.552205072185002,12.44843824221382,18.844709367594184,18.395342003764867,16.89634204551848,8.582514012009296,10.916598644196895,17.03904016360589,11.211876316436202,4.382534306315108
3.88102,12.894697692926975,8.49362734352486,13.48082031533275,6.874902671224075,9.858222283151612,9.814342582784844,8.895509466029973,17.688047686434683,7.707172230393965,10.384658415172876,13.3694085771895,10.607736797093178,5.18547596225115,9.469997742175897,10.292472955955036,16.60829615550471,14.786253716128376,24.463556235634275,16.367731006399527,23.114843244713896,18.93428199906304,24.90746525737613,4.87656080938589
9.025877283355394,13.988345755414969,54.29965406889052,28.860972602938435,8.808454140165372,10.608002305432162,38.07446130655855,45.4119704093567,55.52607845606246,7.239591542225513,9.18280405291188,10.834459556930122,6.885185273567321,28.429577909641758,17.392688704280506,87.7712842455219,29.423745731185704,25.44561398366292,25.741384741581356,10.333031473201917,25.55693182624989,34.37196625253081,41.90621760990622,39.80023211975189
8.447298002429534,6.940749750878596,8.670264346409176,14.161930066102382,3.806385,19.587388566102387,48.84009711600184,51.56693768678582,24.512974127239417,117.00563059015884,47.32836162975301,8.299071392609775,8.054956457445217,9.058353084655522,8.852685769576054,9.862480616949696,5.28724061333885,5.111257477408589,23.055233512664145,21.21350103561484,24.59006515513656,47.93598436846514,59.21729450006077,24.17250014041949
4.03029,14.519128338023275,8.267015719620836,11.771559484551537,12.409526168782168,15.17908871702433,10.101760217143893,28.41522468626725,19.87263819176607,11.685389371824929,26.39866547172816,28.910183001743924,29.443276890575437,22.499948393912828,8.541119053006199,22.058193943107693,37.92798608227245,31.456018409069653,21.325195776661584,25.555086768739105,19.204452987296463,23.02069576885901,37.14401356003451,6.432272298580314
3.88102,15.05598562681386,11.263665347482789,10.96181354640504,16.179837714447615,11.020441638751803,17.452288269969756,6.826629676002781,8.142596512055006,21.268514155461776,8.850078200583413,11.2239065671842,25.931505534346677,25.615970223028853,12.610126870254975,9.582935366229155,5.888430665728627,7.71436978919098,18.05381200152758,26.6788215030907,22.09363670387641,22.963758755895224,29.20671722269133,14.203053792614714
9.352787747050485,9.840759281679206,9.338789801526552,4.777810637352524,5.736775000000001,4.515417500000001,14.236655138015047,50.9399541926126,44.313289213741854,6.506115299924086,8.783487623316974,7.340570589300265,6.6493684082563504,8.672585001810448,7.227154168175373,25.094313738174638,21.5458368940113,56.09182612530558,24.84319450015111,27.43285241418392,21.955042330462373,25.32025639282529,30.152631516736005,21.64228751154521
9.645400733139043,10.200028510983117,11.27352778911087,13.739650634108289,7.42337828245137,9.76095802341178,15.770729423498208,8.973675378577285,9.4661916110599,9.638621162841783,11.297678781740691,13.626099802421438,12.796685031839264,11.582184832058221,10.27149058243408,3.8716477673206255,10.21072422079482,19.320423782976352,25.470877964291613,24.047509639799717,26.78658020477132,22.202651171013105,29.90690769772814,13.880856755132204
6.9107879565032215,19.7166796865302,9.469949941417608,15.49541979137408,6.73811550746302,7.395981813340217,8.052862722535894,17.235161026725407,12.28724972990113,13.41998195480852,9.925454516993442,12.608352168288958,11.840887253697455,6.688681213413832,5.651816571562519,10.790342428454114,41.92594176408132,7.569532470264155,10.805128359699127,7.168666531783852,2.2663832836050672,3.711381603808016,5.5915300920238,4.315751984395768
3.88102,9.513238286974364,6.798373143487184,6.849365731413438,9.041507462826871,9.94565820910956,7.654365173484021,29.81837912738548,17.517405545590485,38.02364528405966,30.679759328540182,36.3516313600537,16.70586789416152,29.726238351204955,14.628818405384493,14.213459116462987,25.9787004889914,22.523284931735827,21.799809481385747,24.964346664156437,22.38925665870607,25.69817663140726,21.677379298904068,16.249640501218085
3.657115,6.6985153189205295,3.847921000000001,7.002993287962368,3.8076284741395137,7.168558109515833,7.27805989765916,6.37173702,11.607080938860868,5.391147312179293,3.434508,6.945117310375902,3.746736,5.903349713819516,22.957735874544486,37.59155522958097,19.467119212817227,14.513894145847663,2.542501760760852,2.6151446682111623,1.2898138680000002,2.7720076917065564,3.080008546340618,3.850010682925773
22.98750181829637,3.612334000000001,3.612334000000001,3.7765310000000007,12.50532184202534,6.717497602845644,7.126252035077438,2.4665374800000004,2.32584372,2.90730465,3.224232,3.74532,8.128732626300723,12.749517472281175,17.306442047051434,65.65937194009781,27.198828552835604,11.085131331697951,19.174308990249024,13.25602416855217,15.268316233443375,13.277944119561663,1.660968,2.07621
15.23471291755502,13.4296293275449,9.975585944758969,35.74535120177144,9.469009797732806,13.309150633362924,43.871095758347714,14.40026244181862,11.078747446327556,17.755548203737696,13.621138016492583,9.53735419338316,13.357769125460594,11.44514395353379,14.877409353582305,20.0867555840931,40.78466608448783,35.23903053640721,20.7436745293906,16.473987587719986,16.01754789275102,12.64254590041903,19.341788800303107,31.315718549225057
3.507845,7.71523061065519,4.696954902663798,6.8037348877976624,7.332657191945013,8.065922911139515,20.067174436317977,21.12197016732684,21.09713529572143,2.970506925,12.39087566240106,8.976615532100954,7.512350767399791,6.267376427651206,4.184876872771762,8.359824557119987,8.910958074083824,17.42636415466078,16.74115409975664,18.7899729392085,13.21537066906514,19.424779796677928,23.19851555275207,30.19654726058141
4.03029,8.129060834838993,8.129060834838993,4.433319,7.725966909144496,8.092039140053055,5.321988890090341,8.667371127491695,5.233991400631345,6.925725196206882,15.367592501318882,8.817734321540204,21.259001636603642,31.037306477106213,3.114315,26.832965745205158,18.885024584382837,24.6011875837957,21.670903720780583,17.845794530173464,16.3462484907927,23.686470691727504,18.719594019875423,25.021760958389013
3.3638325659792745,2.827044000000001,8.392644518934025,8.77412836070375,7.9764803279125,8.77412836070375,3.3924528000000014,32.916688136504035,41.96634359055943,19.73278384654788,71.72837801139158,19.4059984312712,18.86259604420335,13.128345568267374,14.180713660566651,3.9689171461291313,3.638124593594248,16.203930772725034,15.381470877107937,16.241769462830177,12.123540749278558,14.852649742394217,18.090869618534185,15.54547819887869
3.507845,10.4213181273224,3.690863000000001,10.895014405837053,9.904558550760957,3.858629500000001,19.154850194181403,17.9257104215953,17.118845657570922,16.828765582813322,6.122391462653364,18.48490416853843,11.855987745089394,12.521303845757632,14.95009324263423,18.79178308126057,4.411354881828924,14.602784849688344,21.804607367813464,19.161707719759956,15.411210112775311,20.63544748174785,19.816519062501108,22.72560232936449
7.623213472185516,12.10786271596086,16.84222412889376,6.974214756056059,12.790491068626276,17.607779771116203,22.68449980621428,59.84646631494251,70.56609223769928,61.26633434785707,18.176420813364587,41.12143854237747,76.59539235940792,17.088867128057483,10.448093886210723,13.780001560003985,7.1890803866383965,3.533977412336589,6.392667996427303,10.581536927929324,13.552474232915529,21.89600445985937,22.041865879939,13.033453032080011
3.806385,4.004979000000001,9.864479150604724,4.743918142412847,8.61592963902003,10.312864566541302,10.878547683353988,5.619696710666358,32.15196309584874,7.939201110523324,17.372760281580387,13.16788472475498,9.605082628988518,6.111523069368647,5.288539381244226,12.015234357392682,18.586082607103226,17.935128716862977,22.13814869164391,30.24081751292695,21.57091329290291,21.38501624311321,15.449816422611349,5.669666829611279
9.475713483040344,7.358479093790331,12.610965905102184,4.269122,11.985628752783066,10.738596330750411,14.180954290166763,22.426458723031967,38.20452570892461,42.4155567860203,30.963684723888623,40.602966146703054,96.09017297653041,45.71411372557913,45.3428840812904,6.060033844313717,13.647412551196576,19.317554236089386,15.035334734298605,20.49678656415155,23.76977333668084,36.88500076801353,31.8683817224256,25.232154726665115
20.84253847090974,28.11753087070756,14.56059929773184,15.209733654052387,13.200996225522438,14.846348151608112,106.15201558227255,50.41782092809292,42.29494326491087,50.55993594377387,39.63298718907622,32.236338356988526,23.673342377227463,9.499127495037353,12.793749485605073,17.252475392415537,20.2283800091558,23.28407751937534,27.91657483128228,26.611011779273205,17.58763354601933,14.730769782679715,9.948268969607753,5.837457547495692
11.862243483426486,8.01706454176111,10.327252704563731,15.657449157674211,11.379732432002085,6.989921290295236,16.04550761230466,19.201946830877688,14.64574838274305,8.311653853077601,9.955448189177742,16.232923527198672,12.215269640868692,9.150053900872326,9.201879467315393,16.78686189604767,30.763186886662957,27.120756311511947,25.741078263086965,5.166666748191497,3.311285967358496,4.15234117026528,5.28381805757175,3.060738426877481
65.47983076068881,12.859304640378197,13.641524661819563,5.09100163167806,10.698123208776764,17.47365050704273,23.050560488198155,24.51254594094558,17.797183751990556,20.439394561790785,61.35890167855461,69.17692410053726,21.57731186353773,69.9435825980129,10.029567894812491,7.700350444734887,5.603588686104756,33.55602903788308,32.77229855323871,16.837977886172073,25.77004465377501,36.66218994243111,41.38755691021733,25.89720565387716
4.505663539605214,15.507872735962108,16.623898532616796,11.032703838233596,8.992001782169034,17.379530284099378,8.87261482050066,24.13449296226965,57.46035966463499,19.30121683485481,10.892074436294925,28.33635431916425,36.64404517345823,22.450054027593563,30.187246519447598,10.229536183753876,11.87381653446761,47.65672299041573,14.013222454110291,38.56110521922674,23.569134846299644,27.23233010148113,33.45830965039881,8.838924786583242
3.779330046304941,12.311387587817553,24.53496223744875,47.13497005018982,12.243875651279453,5.495388666984218,19.97614544096258,19.11017539230583,18.214822230168757,10.47887817078306,12.895987489377829,10.80616174895283,12.024334022941616,8.20182713709493,45.74267843885617,61.59473230168761,27.921664096927667,27.24501630834397,29.33309517288801,27.51194907232424,20.95077984522598,29.99599731058,38.43019674410843,18.420811944504862
3.955655,4.162037,4.162037,4.3512205,3.955655,4.3512205,8.148546620559618,25.688272865258504,56.28497152473058,3.349720575,3.714876,4.315259999999999,7.3923451064224,9.728487212499452,3.0566424999999997,4.947790350422167,22.831997299572773,49.08561187650311,20.955487101532924,44.668313950787805,24.56583708228159,33.4059860343161,32.751660603365394,35.68362189477631
12.703969242757358,5.944467379220894,11.058388270894223,14.69836333218074,41.85280785480553,54.73292107871781,126.17127053816068,11.99617576979021,7.796930419801807,10.503974764918828,10.052770245263076,18.542370309450646,18.546130067149875,13.000667526673519,6.060987749485546,8.749967519108656,5.530683829913718,6.157259389772699,5.599231229729653,14.671677376729336,23.73425482770084,34.37252797300591,43.32077095836984,7.947990421850964
20.417364773910624,22.404376815385003,13.104408805803066,21.35530080402614,14.235680007990927,15.131350024952722,21.00166882322943,12.695224251518365,6.167058894728798,16.049044784899074,17.45162704861782,7.435052659779111,19.889665714709217,10.507173626874113,11.099033152474988,17.86160897916376,17.375225780641593,12.993959966386006,12.878984146835478,18.06297669496473,20.28997633333968,23.79043906856363,26.31521266926689,24.80461470111792
11.593482809545048,13.43831661620114,10.460163994659853,11.36230334550131,6.418237100344729,15.103726500475284,10.020227447056316,13.584718294358854,27.08205687319504,24.213349199524185,11.960252181796156,6.054652445973849,10.559206234915349,11.197428209401146,8.734181911552868,11.10218256905033,7.030606525284133,4.52193775272369,5.67498524161363,11.915845451381214,21.489683602431533,22.19116514239003,26.978379914217985,14.63638893546315
4.428502495314392,12.868053946923798,6.806085989404366,11.937693526427813,11.825446686492302,10.534788251814954,16.014262669958274,34.042076465771416,20.39714684082833,7.628649781576517,12.01940894748117,13.96193968646802,7.983315547650159,4.293377533295867,9.701741750144878,5.870578259989256,5.879133810199543,5.363730221546209,18.738054105931823,50.39016221349361,21.400434333085595,33.860006139477505,37.34556522028076,43.67680721396648
22.79972929112724,14.386459609584143,14.386459609584143,6.335392555940374,12.546024780248848,13.800627258273735,13.453699812569004,8.536309980521592,9.442055408348498,9.192583777280474,12.067918897125717,10.868209594742764,9.849840665929287,18.40617296935429,42.40204373553352,23.605680034183326,13.489710036559668,16.359379260447852,14.409225526735373,24.680171783969957,28.64143680602969,33.78466920767648,39.298012034203815,26.09629308821697
18.34867797221161,4.162037,4.162037,4.3512205,3.955655,4.3512205,4.994444400000001,11.53866341927914,7.718620410860522,3.349720575,3.714876,4.315259999999999,52.50773119950573,17.319583549688666,10.371063140155005,8.729546972035852,30.37886410256608,53.83970076932068,25.842024731338,34.963863511931564,19.370791309775445,36.356321478796666,31.45456438263265,2.392155
9.499775517122274,12.739184835537191,13.41835680738409,7.546415913006998,11.784742708310583,56.291665520474766,23.16291928994037,58.14522890555688,21.19723654069756,15.653406489242323,9.248801296528008,9.821611407208852,8.168734782541495,11.080395947317486,9.854578346519867,14.227577716684136,10.4217994621515,4.016734595594799,15.549878727772809,23.04230256334533,23.760094590880545,32.425344414611985,49.37380860822751,34.24961193701403
6.115818003703786,3.847921000000001,3.847921000000001,4.022826500000002,3.657115000000001,4.022826500000002,24.646983030615026,60.363249801327306,32.89184626125731,26.232978036764305,16.9375693931512,15.237125101729022,16.521035150978626,23.319250577912634,15.190565422527593,25.397235837491035,29.363879192210693,22.38040999424842,36.495956132601336,18.70004734270812,13.578680220025772,18.573146837705284,15.873652481535368,2.211615
3.955655,4.162037,4.162037,4.3512205,3.955655,4.3512205,4.994444400000001,2.8418801400000007,8.248029440624011,8.984364075,52.576071746879336,22.13077327706244,60.56711736917454,13.63983415157072,3.0566424999999997,3.405303,2.475880425,1.7648075669400003,6.075586971767607,12.49727452020414,13.041786011847034,23.11992557228779,17.238777864865032,2.392155
3.731750000000001,13.982868587244283,30.04022677461001,21.946703299227533,11.697036205944826,8.644931551855217,13.258919499482682,20.88580814493746,31.569200554987265,55.04343941518089,35.79046931944493,8.770313734289505,8.738276827156476,12.087947704331654,10.269161565763548,10.06962247294381,5.0660312266088585,5.770799042944367,31.59245522184745,30.26676771972171,26.826999267993425,25.40482677915673,37.7588362914338,63.631456184502326
15.025546981441597,5.76589213857523,6.5533117801478,3.28394,2.9854,9.32082391872303,8.808877706064445,3.7810183979671206,19.46348755828796,16.49549297568353,7.489152247373964,9.243792316088951,3.05856,7.857223468675609,6.547686223896342,5.147049736055681,16.307430595971027,35.864476167079296,71.03875965164741,3.275755193001373,11.794595839732528,21.388472439108256,34.77342794894138,24.89161711400224
4.328830000000001,4.5546820000000015,4.5546820000000015,4.761713,4.32883,4.761713,30.867958672749733,50.1171517924502,19.53143118,3.66573195,4.065336,4.722359999999999,7.952919629340149,28.900045653949416,25.49993129536481,28.53024174014313,15.977727228479049,18.90077874741616,14.721630867830356,22.113393156778592,18.360258246276302,27.13778035507151,2.0942640000000003,2.61783
7.420032863748043,11.636228300228288,7.707030924029163,11.773928982045671,10.149427148950972,8.962658473782374,9.02391154448076,7.945332084007114,4.8417929597978455,6.283418738710274,7.714015237640952,10.706659850686274,10.398148288569534,7.390405010088321,7.17164938930949,10.20112869382593,58.82173117835034,18.87495321225435,9.752385085121318,23.89380309015488,13.634816039369255,19.419328227844183,23.23648309533772,5.807679401827229
30.46233847086255,39.26273435598672,31.276140779809847,13.105536687228565,8.638708967895774,11.417315096408233,15.948755680189528,17.711674100328917,20.122930502997168,10.08909704475488,5.913784391382317,9.49132376456865,93.70731956422215,53.68668939606407,9.782956809126702,42.605645295611914,41.02485772735974,22.693356427139413,23.98022463828828,30.430438857239714,26.16204837931556,29.17296091380266,25.63611173715499,23.86641708550892
8.592551799495267,11.627329734981044,4.8594492655232,13.2374598203307,10.439947397622426,8.343578398319439,16.886862648245362,8.645683243918757,48.70449334733976,7.511306478845875,33.171526008136226,52.73913873583757,37.691062702959236,18.449273013648007,18.245387641201305,22.859444669746342,22.46909766860905,22.53506150735349,27.6029789082621,16.08399779790349,15.176538083575704,8.718397582429299,11.587593336412802,15.825517110242345
3.58248,6.300025736787783,6.300025736787783,6.58639054300541,5.987627766368554,6.58639054300541,4.5232704,5.187248885302071,22.50182343290651,27.130733893066296,5.62316346754612,3.90816,5.997466360502063,5.552163928814476,2.76828,5.154566511917277,3.747710651949773,6.343697893077799,12.797759052096565,19.68873178716102,14.948272136222949,13.541117960471542,10.098296315766849,2.570506798698275
3.58248,3.7693920000000007,3.7693920000000007,3.940728000000001,3.5824800000000003,14.56681296997642,16.23038683890784,3.936798357350028,3.89501455305126,9.19000931704466,6.558208907000921,7.318601226523372,3.670272,15.058949207123572,9.712522902468118,5.834964810737292,14.33761495457716,10.933973595107446,6.5664626148787,13.281239086154114,14.942410401353486,26.12090879397213,22.107036239069696,2.16648
11.581634901575711,6.818254682991048,7.635386834766836,5.206057675199865,5.315239606302866,7.982449872710779,8.672184910654728,45.60720776209121,43.67960834831126,27.93413502589319,2.8036800000000004,7.069264810313781,3.6552936224838954,6.729007330714873,5.607506108929059,5.244290678538944,3.945926863152884,13.51273646663181,38.96268058038175,24.46453363325069,23.83687568944593,30.91394307068288,3.510786433416456,1.8054
10.30572678988623,5.109819739605722,10.05269214366588,11.47407726441221,5.93710386375716,9.458680514279337,12.656172993320416,5.874234285963603,8.771288410371644,18.419173243596173,35.46295624913456,36.73382738967151,33.04731184373985,18.18606327323974,50.9956968673599,8.979712641713906,24.91214634658009,18.65447258423822,16.475332514411555,10.710519054842557,2.314695592604261,3.382862392343784,5.046450079640871,4.944641654851518
6.069065048450436,3.690863000000001,3.990290657838168,6.2064145444129,6.069065048450436,6.67597155329548,5.866288357623203,16.39422613545296,14.027019449565833,2.970506925,6.974754503228549,18.205646851196214,15.662271908083248,24.840959522498895,4.689732082893518,7.694848715271729,16.64391437824099,14.229522402310712,12.268202073630553,16.932049848552943,3.022390537784468,2.023010034672464,2.31662804334058,3.670225108351449
11.53713618465691,12.139073724725977,12.139073724725977,6.8056554539421885,10.734609682495948,10.003949284098466,12.498253220025898,31.81273311139445,30.37983941034668,67.56975743330781,72.35343594705249,58.68366785295223,98.92775111566698,32.151086979308545,36.8427749185313,28.421912522264332,17.32936557476011,37.1459741214444,18.483245510931635,18.42378886664659,17.597298711760008,16.973449504973445,20.365986256740417,14.335841475706882
9.996299450632778,5.232199660308183,9.40507796184909,10.995929395696052,9.996299450632774,10.995929395696052,12.621414610711993,9.37611803947937,14.982211756546915,8.465048125694937,45.218567272920055,9.288820275649837,9.917929346215626,9.269295854223119,7.7244132118526005,7.239840699526612,3.443467804909229,4.459829007300914,3.041854724260772,6.2843801228321725,12.167807129562943,17.092165504637652,20.654755369522235,22.03710237670784
3.9587486022788743,13.510810584725684,10.830083167533598,14.788532263590373,3.657115000000001,14.788532263590373,27.02315300659081,26.913815482354742,21.79463465768445,6.020720265668107,9.94547734184712,13.438624940830492,12.846504652092582,20.930484383300502,21.448895253948695,41.03653133770136,22.62476824243033,19.12855478234047,14.234144786659549,24.50526129516218,41.0296339177563,28.33914415375429,22.650561337596773,4.117200361234519
5.836753927756153,8.419234745013934,10.592130761379831,10.25010468032621,6.65593582289935,11.376479786148106,13.309738409237651,9.040576264361214,9.58758238909508,25.528323308723586,18.82468582532803,81.96938522672825,44.71734375326418,26.589639381994804,5.443781362657023,8.073680800301894,17.888703007572072,6.497987433206131,14.597481163994784,10.657631437567709,3.64757003494819,9.224363662593444,13.293278945082942,22.287351277881065
3.955655,4.162037,4.162037,7.331758971220171,6.665235428381973,7.331758971220171,5.944761014012231,9.28897597460533,67.85773739204308,23.35532333208524,5.269939550201828,7.5995999131902705,5.9032461423889515,6.180491033590557,16.736290204501813,4.689741867009335,15.262817083307835,17.16408941949319,10.898628430626305,17.92218621447281,16.150116567958975,18.94620987950581,51.10618484745945,26.96513852784145
21.20722470776537,34.62570255378669,30.916382065759592,43.14622410256311,10.13290621370934,5.84358684565685,5.195316868566434,29.133253487745563,23.331031183003148,6.684567281210686,15.958670243317448,6.521113023915315,6.124175709416122,22.851856659649776,20.490154314662146,17.72640192575546,26.161168348925848,36.21144259714804,47.87244224383621,27.710609656294803,27.79620736465252,28.57515997942621,14.622277580682804,3.614964828474795
3.64826,11.549144264766973,10.017496065785956,7.537177748002006,8.621501905539903,7.27029965272501,10.345065023936757,15.272974941287869,26.29506211828941,19.85858766379689,7.118448218608402,9.978887236489156,22.422533570621702,22.484418536231914,47.03730597513957,57.958095910814635,34.86504666750986,23.419276793122226,19.567373930728213,14.717633506487124,11.854237588475566,25.68979430130016,26.14313439425888,7.90794327030456
32.673023038468365,12.060220453438774,11.943128802461176,11.400603027616356,14.304928328993991,11.506686303487694,20.12654431579977,35.97831849428862,35.38197647198775,32.052763872761844,42.369514791022326,40.70253317346388,38.26616991270905,27.136069457913422,24.526329147232367,28.10419155576411,27.89637197213318,24.152614803744655,17.585275413026494,26.984725780903165,25.55284776748117,39.98779429972933,33.531442323406644,8.065533788672221
7.634818151971944,13.083898144449968,10.11240471022275,11.213658367482337,11.693649544595948,12.047408210731575,14.96961489935352,27.077756039325877,30.5967460114631,33.87846125803472,17.633857095190596,17.034082374427996,83.98266583773719,18.697911801986546,7.357351839442785,22.74148649915389,19.6748992930593,3.95759387056774,5.657081688360789,5.41261416343535,1.908186410911316,5.522047893801588,6.853037514626577,5.278081817826914
9.820895848953574,14.3142628941131,10.539786036137926,12.428168643842715,13.604464734074432,9.865982071359156,10.2703473831202,9.773920663732431,8.522051813833226,9.13366395129437,10.610610383675995,10.902568473475371,28.949815294847227,11.001099338368341,23.950750784198927,19.572148767384082,17.34785393036895,29.54890583881525,14.26630845601728,12.630764101473426,27.03530056045896,25.47070095670049,6.581764756722176,8.22720594590272
7.1990680420109285,5.868354296014447,9.524748501759683,9.957691615476032,8.91535307627088,9.957691615476032,8.79709437397505,24.691978105969625,57.53487087454446,29.61702894941296,20.156818688288723,7.728124998951141,13.22219125922355,29.16573418452236,26.35438658200681,25.34329023185655,54.42737853464312,27.46510995342166,16.473313583937912,23.58553997007609,26.119089436259344,28.49741458522547,22.577929886133123,43.09535469216517
12.290536661125696,9.38391754543941,12.05757852188103,16.406717292161836,13.26706297916724,17.08727259071415,9.75997305623882,8.233034194031495,6.711002057425878,24.28888666323108,20.78758698435414,23.46843378923707,24.41898986884691,25.46783512432593,120.95093392946386,48.008120108277836,31.90047964350887,21.672228752072005,14.9927991955638,20.71293446885929,35.848838604013,29.13463933169352,28.24654344852987,17.04012257618555
6.41339215579746,11.12145322785389,12.6439381244012,12.397572766929718,11.156964528462815,12.40776196785806,13.715719230839545,35.075722224338726,15.562335428095343,42.12770390919604,36.847075096695264,36.92654983900248,31.269233199623272,37.59321728498183,35.333201310044196,32.94705923808891,26.9985365278324,23.60041738384041,13.2798625077674,18.164452621898068,7.973408263306448,10.175621652596266,5.474822099774634,9.498882515551182
22.073011961378757,11.60718201615561,10.63542752382865,8.312443120630796,10.10805095239913,15.490571168269838,27.510914542982743,28.03679832202733,22.50110903631072,26.85599020746784,29.654025849188947,23.109458805592272,27.59861499932716,10.492551649385804,5.487187850152266,11.314111544851828,24.02499403814221,4.468643136926164,13.890604188800705,25.09072712036439,17.889183598975638,17.934486392913964,13.891855362651768,6.243129938333716
4.192548772540868,9.147105952599157,9.64561284785907,10.084049795489022,3.955655,10.084049795489022,11.574735417430883,6.313896159535058,53.53822745506688,58.55253558563973,25.395896842985326,20.442868973256687,28.139479035327902,20.069709960070522,6.570807858930087,7.891865057339239,5.737907672887762,3.5615321750765814,2.4312152157248725,7.444145123953968,12.382102585080544,17.41808133775432,24.53396587627828,9.882737158163463
11.5259987575472,40.40528422892519,46.40551975967475,40.57939677690416,25.03865972830007,13.872970980923109,16.09992194267457,10.2008570366421,6.590214871624889,15.381303571576243,24.48795044807224,9.349069664011108,12.92085547342893,17.85889003411406,9.745475482466645,9.495885841106478,8.887110297074562,6.023717732375489,13.39261331754502,17.064098803992273,14.581113505921117,16.849743082284643,6.45134733941099,4.789809189233393
4.399454302136577,12.784427686856851,11.725020808281627,9.106677943913644,12.80257702049955,28.17450160967157,36.411408615504925,9.789087161955022,20.8332396946481,20.639476252051747,20.83030424001825,17.950872016433284,8.232689334015594,10.463560123536478,6.276857376914685,12.239263961128469,6.791803824268861,2.251049373595175,4.530794269457977,5.9292391714397255,11.96727860364408,12.428037433237591,21.19980175381593,25.336441197954272
3.58248,3.7693920000000007,3.7693920000000007,3.940728000000001,3.5824800000000003,3.940728000000001,4.5232704,2.57377824,2.4269673600000004,3.0337092,3.3644160000000003,8.233171748826722,3.670272,4.985433341896079,3.246427902826972,20.016325236200075,14.281319879027633,13.496261811636955,11.642971732059896,19.226056996024244,14.701100609375768,14.96453351813628,3.8558296304044695,16.493625971738773
7.671009469896113,6.724497712821998,11.418986763756168,6.030179214120324,8.352812301019835,7.030156699768452,13.702784116507406,12.478025086956553,11.768188652411318,7.472923631453924,12.2945631755344,35.59832660564676,21.457522256472657,22.465074345695847,49.62903211877298,20.028061269100608,15.189305936801642,15.1274080870808,15.4156937711703,14.826880867995058,20.57232124837211,27.96040005274329,30.290955701670548,35.35233191361857
8.703608236469062,4.898685635343486,9.90930198877833,10.359724806450068,9.17982384030791,4.597516000000001,31.01712596913906,30.06518856670693,24.52838946775137,6.362203622573828,8.844666237917844,10.274107246066182,4.281984,8.732991159156255,3.22966,3.598056,19.15550071304509,15.809666049988664,14.43925602085313,11.932079716406998,34.172288554993564,21.85002370897785,26.65781746130348,4.399482600860613
4.063838407227962,7.15116471418358,8.035872392729475,3.7765310000000007,7.427189912443761,8.401139319671723,9.64304687127537,2.4665374800000004,5.031583566139173,6.467488658077858,3.619060220177508,7.643750153772856,7.8245609473909825,3.183522,5.9016267948107135,2.955546000000001,20.69039716607402,14.060237991527371,16.476377157035945,23.410752872495245,27.42640799823288,33.33285521916015,3.6949315584901865,3.60168266886764
7.706447075805032,16.31547863393477,11.275452939085149,34.39928969438475,13.503389791849465,16.756489151451046,18.17380911320486,11.84002818787488,39.743111201379705,13.617330340855457,11.370924787749,27.412002380926765,26.521347018802008,7.346160859378089,10.121762957830594,24.96422534650403,73.04916169609899,44.07265837158308,4.408074821405365,4.68263430764406,11.598202526621256,19.68071385069081,32.349487487203874,4.636308714976537
6.692413831834259,8.493600543915628,11.43133304296824,7.361655215017685,8.072430269010718,11.950939090375888,13.717599651561883,8.078073570330874,15.66599138900259,9.20024773775631,7.056643279035961,20.214948874391325,64.31954348594762,22.833760587507182,22.403075523860377,17.684268346388862,22.79512351083112,8.713143913990828,32.063687199563134,33.15842576546766,14.44350997699222,18.220065959762003,31.13070761428081,22.536464949581543
3.4748524111555645,15.274863167342325,12.110336030650975,21.211044562589773,9.209483737123971,13.438801390104594,11.972273504618602,22.34639521611636,37.17399902137597,52.00217156022709,33.704487265068444,48.15557148377273,25.238975376054263,15.745168422096057,18.24195181939864,17.05519681099278,23.006479678579566,7.764438075770125,27.71929510603169,30.774582090000944,21.02662664599463,34.8719082499004,35.65063416275833,11.079225076395987
3.209305,3.3767470000000013,9.9848385406138,10.438694837914424,9.489722579922203,13.290884817941349,51.141252837648736,17.906627151875995,24.00237884922035,25.27645338020975,18.786519499061743,97.08349786979954,9.72227704630765,2.975901,7.1123742686616245,8.16941335141129,27.81098520814448,27.865878663462016,32.26400949183331,34.069967970408825,19.842722877498275,25.629068681342364,18.482250239664257,1.940805
8.368522825906195,8.66192345238888,11.059609587371533,14.104142082499916,6.546282030904724,11.301552573473748,17.894575405226067,10.03669894246906,55.94302952658227,16.01604434652735,13.182362180822984,11.769518500817192,10.239847837793189,10.22322012734912,10.53149649069812,11.501199675994192,22.534224484945504,24.830798761263583,11.623713274785574,20.81477299956258,20.18221897794708,33.78869872504204,33.56372559689687,36.8671023639232
7.653962542175478,12.595815446375658,14.077818718993855,10.644550630559396,14.066762572097154,16.30480784170347,16.93448335389402,11.25542018411037,8.923569093236633,13.376795276192253,11.819939096944267,25.592484048278447,34.05744598766985,20.087178750336836,26.180389706398387,19.616282392228857,9.757294318815934,15.99903993161666,26.2765851130618,22.780805622487637,16.13246759871308,26.579412627594827,36.36841020452738,15.620790546483708
3.731750000000001,9.362577298937452,9.362577298937458,8.496507177447407,6.080189667084175,7.979850450688889,11.235092758724944,12.03109142795793,6.213108860494264,4.552204736292941,8.356680564340866,9.707255201002017,5.980751867035116,8.251166920851714,2.883625,7.660290517312461,5.569537671574907,4.105416985098595,3.5536784099859537,2.6905302430051075,2.392877436970239,3.3631880368940217,4.304956654357416,3.960993173425512
5.088035358105988,2.9055730000000004,5.353498072441954,3.0376445000000007,5.088035358105988,5.596838893916587,9.487627286930348,6.676339256406232,10.585291767389004,11.140596089282129,2.593404,3.999557121620722,4.153364883665069,6.493727999999998,3.931663685809172,4.968194786543417,11.908486241600542,29.350064644982684,13.173138625264777,17.405428469817526,41.622769691188985,27.18851701758992,10.968784188268453,10.63190168509074
4.254195000000001,13.234505905985564,6.654705232500505,11.273799855532612,12.578249414779664,14.063544036474912,22.17503409490315,15.001901417640656,32.285845077603355,50.45995467019172,13.206963361844712,135.27303300175873,49.244421685189884,16.00031254423452,9.719556365966104,18.748166892292016,22.03540241319805,14.530920652549804,8.86659016306255,16.79769683103884,21.94461830088067,6.8619479571076205,6.085287463909214,7.606609329886517
16.507698006002354,29.615434202347643,7.275436994007051,4.022826500000002,3.657115000000001,4.7918906383343645,7.946887197335648,22.284777215150903,13.80699571306732,5.228299641521039,5.798240308177083,3.98958,80.59556372282854,31.563670456474597,20.66762527115221,6.8577055447496775,6.117032042835536,10.378265347031505,2.465701691052304,12.04377008007248,15.454098267217349,22.100994743763373,27.243501907904804,2.296176130553473
3.88102,11.871469044839356,6.461838547038358,6.755558480994647,10.81540258037165,7.012627698865355,14.245762853807229,16.465208801531688,21.66954271901557,34.421633978928234,9.059703153343634,8.229395492448491,9.243506756686768,6.561580214485146,7.815599096758005,12.536169891625594,21.395800896858145,21.826911477953427,23.185549666326068,25.27840242852941,23.667048461078046,28.59318173141004,35.72480873612767,35.872939263459486
3.507845,12.081895588596051,9.397119966712488,11.413355934862135,6.425127999187668,11.321227584673888,16.400457205816622,10.038329902174986,18.6050999966244,19.551264172393168,20.251614526612283,35.179176246415274,12.484963994737868,21.0385211521682,18.557688724068726,42.29192995475166,30.89033428294041,10.992428894266451,37.17078311031122,32.211583791242646,6.193890180651769,2.3741876231634085,5.243304696914606,6.841267143921796
8.117752384579381,4.412222346484308,9.269945811327377,6.644189538440695,7.194383461510037,8.421674715349182,19.246175750645584,18.06012340858172,17.030923428145492,28.119401854601907,21.22132153634129,9.61121353841606,9.800940353845103,14.944639237507383,6.810129818551313,30.625430548844385,27.057274446078157,10.28716215435528,4.505519959031389,9.809957220775068,5.500511026407125,14.351540888429476,20.795308338095605,14.06725740791876
16.143113218413873,12.950501970870654,11.245300248153905,14.065472169757191,15.046324938578726,8.993321432219984,26.016652138235496,41.6102232760212,29.826965944097644,7.482616299489447,8.841540076936415,10.845875326057238,16.140938983938256,33.36792009361477,28.587777116490656,35.494208609644446,28.56776592584093,12.731458053795215,44.08131464772421,29.513210253775902,24.510055036752544,33.245001946194904,26.444615629395816,5.850496350676445
28.678373655250144,38.45320813844498,6.450595274629757,6.345040208957745,4.197330116237303,6.74380415074929,18.37990809911566,42.27395251163214,16.273761821739367,22.5410900206922,28.89927117023839,28.379401441165736,41.91534584429496,24.934477075441535,48.9404068147602,9.282693610744252,39.80954028553174,28.18240866318036,29.08390143236017,43.09293631387848,16.401411099284797,14.785097547580508,16.578610874786477,20.96790990233588
10.831901004982084,28.113863502622788,9.73727612359766,4.3512205,9.254435985237444,10.17987958376119,4.994444400000001,7.471516990590088,11.80129258165469,3.961598404059753,7.786350401304978,10.095748347531757,12.63700491907139,8.581386095401992,3.0566424999999997,7.9668622829435405,6.509276166044394,45.67066868430456,41.18782598927943,19.48783226396504,12.040356133114075,16.562144057190956,4.477244919340171,5.596556149175213
16.956901846812585,7.643902666209924,8.672753947565967,7.466676919555781,7.160630120763416,10.656458173747126,11.345458789287113,2.869987963407584,6.871648385257249,11.685192645740036,7.697790344869661,9.145191498102356,8.588527667783083,8.98313003076204,3.5170187552678813,5.162139999788372,5.887867295037589,4.322143183000848,4.002577135298027,8.92196305307102,18.07949185834923,19.82724017717036,44.273755922032,4.167964411929386
24.3435134565883,14.152459832035412,14.50241269676176,15.551973153553035,14.924398885243644,21.26553151984942,46.63445578881937,23.807835316961352,22.26160541670004,12.838804194637325,30.265861698443505,81.05323440908691,21.127726832388138,31.381063233561093,81.96756028497806,29.53030805972096,30.03921636232204,26.8622889142546,20.576616011950392,17.306313680582875,14.726940351224624,31.782787870223554,59.69290602692392,40.18380986130357
19.709247932737867,7.905291602241621,11.911670600802688,13.118430672890131,10.05090264039117,17.784534758309956,17.3724720489336,20.651085824705227,58.65367414878325,50.26667465808816,33.070054629071244,21.83194219681889,12.075445681724672,11.724416358191199,7.125520347081719,6.744560112070293,22.52615908560599,10.585302413754592,12.834790963579715,13.36988881521306,16.929408950370117,28.293234537650505,21.82176856339056,10.284726277653348
7.220641356135322,8.034765228765096,12.03049965376681,9.687380456564542,7.220641356135323,11.289941920627903,14.436599584520172,5.478382302990438,6.063194702075213,8.693677059629946,9.007799489846576,16.172792606015857,48.20432739250304,38.178051859538435,39.6820793400696,13.740780108703696,11.938252640267068,3.3283164237885345,4.297968762455641,4.696786605324143,9.91406785043743,21.423418957677946,5.191950872575998,5.325796657759161
8.03598491712661,8.158857739824477,2.7297590121771518,10.508577014999094,1.865875,10.66030370646817,5.49067538200454,12.423182060096648,23.42017858588879,33.96184576817037,7.054226541013768,10.27125651920332,9.222108977982852,6.412111586288803,4.4652277997925385,8.342846378975088,5.305817855953716,2.590211940649465,3.932323255473696,10.624472889478406,0.8293618719833766,2.821428683755652,9.170693110919592,12.429416061248268
6.852532285833305,7.210055709442003,2.198812,7.537785514416637,5.3826511039772535,3.965530185749993,9.408682785431315,10.888192981026316,4.495617863779445,13.521742083008345,15.047574281658845,75.7892320895523,25.7264142691731,13.878338756946661,5.556122800261676,4.241122244771728,5.5368702995492525,4.724903929780681,9.02675424721828,10.456513390105028,12.387125353817,14.59381345199522,12.112691026949532,27.842344043904458
13.048514296363985,14.776403777390357,12.340876990568356,18.126753820105318,17.08535497436953,6.88956894128341,18.474192983026366,14.953936334695316,7.4282938312153615,10.456491347583254,7.964521423074893,15.821977866680356,13.544434636226732,7.549867063823684,12.293175541868235,11.726103519101056,27.96739197855869,24.629400907522303,39.68200258814463,35.300625813116035,33.059003319360215,29.28190206203917,13.893448898305152,9.410748304988264
15.832162560431462,6.866695160506051,6.401786423290901,7.664858620344892,8.293619525431113,7.664858620344889,7.682143707949079,4.688647555049668,14.325469692251444,42.30653290676695,23.428740397081164,25.745325916436187,8.496862375461438,5.02726412576271,4.701537361958568,7.139724634936351,5.191051857508474,12.329391905946062,14.645428223035918,21.655553823249736,15.928532551429,18.486148051645102,23.04550244376332,5.01550904107099
15.066867900690053,8.766702867494145,9.120695807795633,11.761673411144235,10.936281254566213,8.096062181028447,17.145113224290498,46.61733426798455,34.69704038140634,32.04037474239821,11.16218678727238,13.411727678866647,16.139186765424082,27.690185494930194,23.66936717740687,68.22973276924847,45.61226656225486,35.00359872332963,27.303499553824714,23.689162220253294,23.02135609622331,19.027154791243124,31.59750332740697,32.45002203239406
3.657115,14.28362994588558,10.174307396281788,10.637218852749024,11.421355373199702,15.171558626862415,13.090210094172372,12.996567255265685,26.95136976645444,22.074337136401148,15.64438018512188,33.51201067232803,14.163742229750003,18.77852790132672,19.889510981741438,14.449406334230325,8.632742243466751,4.217357199710847,6.70658311017406,13.099456515128796,9.491512514940036,16.11117012672348,12.22172160061106,5.7165281365870815
4.386992581901225,4.978659359131034,5.94607324643586,6.216349303092036,3.5824800000000003,4.193574811454671,6.699951646435862,4.060037781987857,7.388000452682342,23.449120724886622,35.49177100570052,37.88949561330615,69.71340641531285,9.41792783985962,15.01074834026049,4.766028963154982,2.2423068,15.21564566662933,15.93172662525412,25.296814043633024,12.813984009054636,14.236998603293117,18.174302472559265,15.73947681333778
6.867360131430213,7.225657181765705,4.531420054529712,6.1457449189726026,6.684457374858704,7.630268510154454,8.670788618118845,8.791077895340612,17.339194671700977,5.660520040618985,6.44934690603881,3.50106,10.910069098522117,2.975901,4.599926723897054,3.3926146661071153,2.466655167361764,7.3105880334756606,12.572321085601576,2.8209443367013765,2.0349792835447658,8.801136615089078,20.30709859408285,27.96369549958084
23.62334124358981,53.58400123448019,18.12050917814638,10.704642452409866,11.890887347215484,14.444245217712536,16.485649184742734,39.95480887088747,46.45343198214859,15.018520483786398,27.42940585386941,35.188396811915595,20.16878910299372,38.70453738062233,24.099393753576646,24.01644542252437,28.19055558993585,46.242287708282376,22.773597471248923,9.01525025854932,4.7117707191123,19.67986448398853,16.99485232350356,30.549391466810345
6.146012836648565,6.221466887229066,9.16395675190394,9.580500240626844,8.70954567329713,10.443230240626844,16.095010502284733,29.22569002182135,54.760088649031374,15.963585191447155,14.54031398555481,6.70474127634389,10.505461162255989,20.912361607128556,11.805593290802488,17.598546339137293,24.244517825481047,25.89866892722306,23.14898363821649,27.548246817123086,39.99105956723567,32.65382244986453,29.28776933308921,15.816085976206391
7.133802149600938,4.228232887676141,8.766680382218773,9.165165854137806,7.373435511342168,4.947618687492129,9.309763793451156,50.35006342386863,13.120657030834424,4.823478039619572,6.699570714407836,9.08942068178956,8.536151596811065,6.214149372819984,8.708810455641833,68.08217086678185,55.01686064056194,13.65810694766666,14.589816643653103,15.715468045345608,11.697686790342509,7.510113964967431,13.801129605861664,2.2852848539099817
4.254195000000001,9.275500478109374,8.621044003821732,7.872568813948798,6.120207261398647,9.69711413620525,11.130600573731243,21.512352620115976,55.290574610956334,21.718859256464192,8.2789591044282,4.64094,14.579585610740379,7.022123504991513,5.5303169354185755,15.107093861052327,21.392572720050456,14.54260626158263,24.068104640924165,63.4494412393315,19.82195830361149,26.89715605545724,23.609309305204725,29.628242515813664
3.2839400000000003,4.070125647298979,3.455276000000001,3.612334,3.28394,3.612334,4.359642367938365,2.359296720000001,4.567680019370654,2.7809001,3.084048000000001,3.58248,19.20453709878404,21.1817445603963,2.7993150572694248,12.31932190851256,96.80125021174372,33.76428820747081,15.28371750076044,47.98085642277513,28.51776712645884,14.032413172772708,1.588752,1.9859400000000005
9.69598541930666,7.056737827658975,12.777478390258729,10.104643336346369,9.186039396678517,10.104643336346369,6.276883913829488,5.530874430536467,8.139283701299266,46.6823051549029,31.269174555752794,29.74390769130576,23.456506907713695,3.920133073108437,13.170057238677547,27.006145895526217,26.743273484265792,14.390291730350183,30.524406543959497,22.12803372334489,42.70413500973636,24.74553176989357,20.26354538500004,4.205830418611852
8.941403376877508,12.5848324720254,11.079756265173216,25.874295501333677,12.297653392596022,16.218107789741932,13.825733540211388,18.973701219269163,29.94468660963964,43.45418920828759,14.866323773692477,16.30077255427416,16.350489480970293,7.996446228768343,11.03473081975915,17.72579415748724,25.89048591024493,21.12623328734839,17.857717069633715,15.06325941552821,20.078835490102467,34.91359671098093,31.896324475317773,18.987261382031573
11.855554654103887,5.558981565108673,10.98624145357891,10.218895699499894,9.28990518136354,13.041110119514284,8.422325334277385,2.949120900000001,8.151576589307474,15.813720144687643,14.460799622662776,12.933332349931517,9.517562936796162,26.100784151309874,18.002233626199217,15.054629278511543,6.885211659415107,17.145727183392054,17.989587412934505,19.72983438988622,18.544129337852148,24.404886870028545,29.70505187099901,48.91645657254941
21.58682392779499,10.792048742586235,9.616146631759754,3.940728000000001,9.13931291448241,4.21856964572412,10.901548180101551,15.677920877761997,9.794445520020252,4.317062057811661,8.583006910992175,9.970159543071718,5.448665310314456,20.13821316391527,22.64743473446254,28.08325887651631,30.096453954910103,22.76016547370799,15.142634925735392,16.951060945343627,48.00741968991104,33.67459356188656,25.67586731187968,23.02748596045626
7.753315544871175,13.431510699615282,9.425886959377198,16.710731891876467,16.637780920538592,19.36513714683138,24.327498807762836,16.99813634483038,13.454021099984956,13.05774396812328,21.590879616451808,24.03411085841027,16.057740458513262,16.19000074203766,23.970468588575823,27.84010299218574,24.43103177981194,15.817596213400762,27.296153625928437,20.446750609695417,13.825770456584449,23.142364471138706,30.95628298441552,17.86291135573755
4.104925000000001,9.30631898510509,7.9461669891673345,5.700398405551828,8.844848622207316,9.018344941096949,5.726974798375101,6.584378357102334,5.695237966067769,8.633037708089315,19.26816620024936,64.29992999798091,26.512045721681233,8.201586904228598,3.1719874999999997,3.533805000000001,95.99232416776483,36.83030384188347,20.18476571341884,35.55128516200534,13.932291228498244,27.36910309820549,31.10723922221124,33.76121423778723
5.107809683371517,9.382123707149107,6.295742147153819,8.203605017754155,9.062345767266397,6.768650977250004,11.442196568757227,4.420758448540674,15.337100348256572,19.368227232223987,74.11366904347865,30.695650899869868,20.649306865989903,80.13523082790776,3.720596560688516,43.92218071149036,21.296018645904702,34.72196628897947,21.68698967638217,27.55073866199137,23.28502280190277,24.06175024951817,20.39950119996105,21.57827192024256
3.731750000000001,6.812631136308188,6.812631136308188,6.116505791972374,4.493712421201656,7.122296187958559,8.175157363569824,2.6810190000000005,4.386392660551006,5.4829908256887565,6.080695559680035,5.068478078663986,5.540597039786689,6.003919100593164,5.00326591716097,5.573970929706698,41.284411261555256,38.18697441206349,18.636306387508007,37.61947506484662,19.79418861338641,23.30655590707584,20.07365814395098,22.06081732385193
4.465970101178571,9.817054767442364,10.686147908946127,11.171881904807316,10.15625627709756,5.252147927680771,17.018166410869394,26.55710591107029,24.927502138010382,6.480869177828195,8.76232987507252,12.506731823730805,13.380220982531407,10.844678961971967,8.844613695701106,8.67350487957635,22.700300481099983,16.777058401598552,12.55601225928221,22.8460580170199,45.54446425881069,24.246896331824534,2.6046261496623666,6.141925732790223
10.65878769840152,7.179418283895994,12.401769686368953,10.575755246752893,12.246396461666476,7.000205861080228,47.55462507892638,33.05362791308027,27.203976708049357,10.20771198423974,9.511436228361056,15.51345821292792,8.373012553568481,12.63588333947846,10.882777402897565,49.79953706946717,60.96219002459572,25.629952387780047,56.1719974615022,32.53989599431008,27.37464488207796,36.22946096902821,45.728183104861365,29.39590743652656
16.99313459292332,8.603167515422925,12.387409352912938,6.795619698043616,10.774164887169082,10.5322858930408,28.69106998127345,51.47749728565308,15.033849328781868,41.522163762762254,119.66910242494136,11.535686453116426,11.447658175961632,16.06306905254214,14.577923382325077,5.662512164544201,7.24194533805864,16.03671327140074,11.403800079130397,13.075308692908273,35.71698666567659,15.191014653271722,17.975347171216203,15.74748703586208
6.829223270185156,9.90992978563182,8.597645382468054,11.532067749755251,10.744731860332797,8.434480534610703,12.586309334578608,12.567847933160843,7.983760526184483,9.382416791380646,6.849391931790423,13.57762898536424,16.6230330957888,6.332552486898963,7.090511402167326,15.218366609023942,16.084467193540355,6.657582003831653,1.9523544771048211,17.943605624964178,17.350784128286737,20.064602938023548,21.555367003309843,19.83000451204021
4.89526434898931,10.908144331030208,8.428613445173841,10.44283404058322,11.60539396112545,11.21720047946815,7.580298531385806,6.214294404704349,26.18625640040148,17.29651647351001,19.950254611292845,27.477041974427618,76.06947904559806,13.350793636606868,14.380792668884673,15.089081967182144,21.559037102353457,17.04970414612511,20.229884473226864,32.802711119420835,17.409456334243558,23.719654819666506,25.99955071876362,6.121556693794584
24.647974776267212,18.331618810667237,12.408237058122358,10.696619531794282,14.972032246317152,16.469235470948867,9.622484465927013,9.382005651695357,6.207641677894169,9.314068107846248,12.428960755001295,9.819643139038073,11.507187602589326,9.83985004901751,7.311093266541289,7.2928452340015095,8.36325256029024,8.02731537904119,14.46284880340209,17.14952202794206,19.225597211551985,22.27233876383255,17.387089709426224,11.835398934689591
3.2839400000000003,7.239604053672228,7.239604053672228,6.18395692738181,4.362942626873486,7.568676965202785,8.687524864406674,11.7362271562309,60.97934573282865,76.61247257573746,22.057619287609835,18.489373357941115,7.049231294935541,5.379677319962635,6.161901033760557,20.2265947968819,41.52248148287871,32.885875784866165,30.48578203641643,26.34700082157645,24.488238853550904,24.4632002267944,13.125132854787417,11.666758068935952
3.2839400000000003,3.455276000000001,3.75839220182136,5.989040582462928,5.876710817232285,6.464381898955514,4.146331200000001,4.222033458432447,3.981204455455909,7.736185040141462,4.350945937217256,3.58248,14.544766263900316,4.915045740912978,2.87150745373446,4.9350794035758145,2.0554479000000003,5.953454000990802,12.494318842824995,11.67353338365948,11.616224517454034,12.477494729014891,5.839859075664929,1.9859400000000005
10.220818622100657,13.433916186377877,4.172167965835527,15.387361828472851,10.54769663007591,8.804332895402696,16.30602252978841,15.187699689134169,16.118173956169045,21.262297589051013,65.97749967177161,22.77406331106924,12.266648794825983,6.842629463235183,15.175560920675217,13.782350685588751,12.07915758688333,13.412353035125497,13.881191725099445,18.09050906840248,8.673612771417199,15.710111609165024,17.789092093450847,6.806190909630709
12.446196338547582,13.82277884560126,7.553269776103468,14.39619723599588,13.985210004569836,8.164049161398612,16.048833362379302,39.54402892899861,24.56071865761473,58.527786468984175,7.22091414730381,11.639213823480867,15.116294878660021,29.758703964445274,20.205857973801205,15.525835061726942,45.7407268652343,11.025008621257385,13.444384473844124,15.731193062762545,27.799955962818405,20.70390923736272,22.274593785618944,19.70920827600942
3.657115,3.847921000000001,13.24398129421516,6.641671495430365,9.94195697386528,10.971282912866387,26.845622048847428,34.205088867268834,38.278164724377866,16.47830196138031,18.57507815237883,26.750227461900767,16.817665630552998,8.184780814832003,5.687683945878909,10.60825904349039,17.402978228377716,5.143700860594997,3.274017756832345,6.442352795036712,2.316069868897029,22.678085513640266,37.52333250800728,13.672224311766838
5.988805275616957,10.33226536940999,12.002269533252663,10.329314868712128,6.432908495042565,13.42773879785542,20.67563006676161,11.805763130770693,26.640158427681108,65.42690874890958,64.10471204475311,12.880445968842157,12.506180008638605,6.4031661804531,7.085051857959918,6.318262604072983,7.64049434902765,12.379372221900075,22.89629795424408,16.38450345389986,14.892574492574523,14.448950631855624,21.108981673257464,21.962386522776274
8.310870249039281,6.526386872476272,9.479679503388631,10.102728214351608,7.547300116324655,14.18269750848153,34.65777729046861,27.10680341788324,8.486171731677455,7.925357816418682,18.33464188565648,20.915710151825667,67.30935991418404,9.349332238676658,36.30652540121492,42.57741034477021,6.07654781079652,13.498202402675409,19.085859588665027,24.28001963906961,17.796418379184843,27.671783328837147,33.78736054333677,5.694195996539399
3.1346700000000003,8.823770169235075,6.312155546855497,5.81133803105715,14.388899147376634,4.498448569358734,9.985736693710988,6.024957780018196,8.78692345483044,7.101610217534816,7.875761803945354,4.721679135568676,7.124398654369869,7.776320367026851,6.480266972522376,7.2194483202832425,4.352562302904091,5.018659486388627,26.325528693467465,21.422077841253948,18.3207517186386,21.60684922528685,17.738205575785866,5.0715132828436
11.607647567252684,15.163086909864385,10.703792400609435,12.22318302722182,19.878702399946533,10.839062415025614,14.953189338825185,18.880766714257497,31.551489395946565,18.747796531073472,43.77678308052334,31.573177950484297,37.109986354740094,22.349849866203243,32.01771440900834,78.0513833500435,32.96944365635298,22.57898335045913,17.926328632883784,31.767802941294114,24.50292408743408,30.530240597891407,30.2442503520268,44.65700460252573
6.45350686403486,3.7693920000000007,6.790211569984505,7.098857550438345,4.858491939571048,5.519792775219173,8.148253883981406,6.154529040000001,2.7354801600000003,6.289027322950805,24.047074044715583,53.63245675036139,17.630234513574123,40.13953593049191,5.110051911826414,6.4837569916725695,17.892290856387564,6.886264011608838,6.296687035576026,8.651657263356825,12.415706404096763,18.75527217433084,53.69004785427008,24.426901096878915
3.731750000000001,9.372209273896576,10.67507096702918,9.798218786346418,8.907471623951288,9.539432705148853,5.305822829879626,11.95907144721784,16.082655430259607,7.543008925191477,3.5046000000000013,9.717241771583224,9.125757489834678,5.641852502657153,4.8833356274357245,7.668171224097198,5.575267466445874,8.815286061631795,19.787250145045974,14.417874303595582,16.57050514406135,24.772041893307257,22.768424135314024,19.32951468847149
21.920708625081858,8.027328783713683,9.225601792703998,8.392207364791577,5.066856769015119,8.705392355777684,8.554348832365138,6.312478168444159,6.518653814233552,5.737310498341061,5.560589100699558,12.932760945978725,9.858077601865489,8.922473014651402,5.015328339438086,6.077611864815157,5.309849892182479,4.292958666269378,9.543016644955213,21.146935288889928,14.7644967993748,12.681221656932282,6.1847024567341125,2.031075
3.806385,9.933938801695945,5.42031491095093,8.867870182333961,9.07056563947317,7.203242150704174,10.523397421072938,18.726956010295005,31.01164082478416,89.00207833555653,23.065893141425693,15.36226361892992,27.768205370946863,20.10645199624777,9.249684512080684,7.0848225802291696,22.32428196468816,31.262492667305548,17.417410786085963,13.289156858443969,17.775425639402428,37.23275631654618,16.590229179102323,2.6069372084553324
4.104925000000001,4.319095000000002,4.319095000000002,4.515417500000001,4.104925000000001,4.515417500000001,7.355106000000003,2.949120900000001,6.927705570036912,29.5111151664486,24.46676525731684,6.975467230977965,4.680905049603981,51.62281578312737,8.776627047684716,18.424823528537424,24.99867867233259,18.89597248976156,1.6393642650000004,20.20263637426557,31.33633945918474,34.07223413501408,39.575278234108815,52.06374154079237
9.64010344900976,14.70971790520245,12.070180572802595,7.266378410091359,12.895258666580633,15.37834144634801,10.296290245200776,6.3492612947397085,11.987333718487164,41.97723916416716,13.129334989767475,8.324772664279747,9.87634313827403,10.120422549901237,38.59413837151268,12.035223740620184,26.79449725393532,24.87452263661935,43.32098506509339,40.49896424363281,13.815122531936902,14.314537536666249,3.796844108725558,5.8297858802311975
3.657115,9.95107300298107,7.360847152722898,8.567092196011421,6.348761306323749,9.944448373912245,8.120943266666137,39.742626576230144,74.37750843020089,34.746688680606425,26.564049427003443,84.80620428462387,21.33539189893942,5.151589804229503,6.760071210629421,8.285497617777722,6.024104569619791,20.19803573503864,26.892012986466217,22.39313900022829,25.0932779837282,17.968200180156625,25.586452881089084,33.982614583796995
5.467953830165397,9.18184823086426,8.732225034686271,7.607086927222369,8.72654997148256,22.204154999655163,74.90699426304286,48.02838087136007,29.865381391454523,84.98007532119895,20.835587302450296,11.55928886298467,13.862022077132883,11.236167741529588,14.039823623635092,8.07488729193245,17.66741125352205,10.57403562283748,12.159772704252015,2.8723417318987328,3.07773345191858,3.98932888941094,5.275511926529484,6.594389908161853
3.806385,13.94495339179906,13.94495339179906,14.311820223711084,7.91357438170319,14.578814909608102,15.30797984213014,16.329522836249122,34.236520127608124,34.133032674136025,11.289579293863818,11.77124022937732,7.897392348483532,12.289579510578731,11.368816913982497,15.352522055584952,24.86499854303021,19.09124780134493,16.155056368528207,46.37818719691115,30.9410778622325,29.703254864469745,17.921265199497785,8.014943159073086
3.806385,9.388658010651946,6.207393140721253,8.662470332520531,8.923104720867551,24.645397365322538,9.501014293759477,13.74609466396254,9.92841235077191,13.389016173141664,8.37995921611909,9.22685278102567,4.137941713195988,7.414470643169998,10.124645011692861,22.32722902434048,11.73603586737588,12.961503001694712,11.079028650159628,17.73435131348386,11.472911112213344,17.06380510020407,16.004019132221448,21.27232080145482
5.87976263999749,12.208162274064948,9.913733627412867,12.763078741067895,9.293869687519283,7.958685522300542,23.76795891295259,23.05953972846134,9.61894957999214,8.19609169750522,6.498012284832611,12.657598751472293,12.44592889005198,10.308960675836603,5.028314315121282,9.98849640605314,18.95497999058898,53.46312510098407,18.394393782843952,4.7134554955392405,5.694958778630116,22.8092160050378,31.161139457447195,7.016712351359642
8.28408484368812,4.162037,8.716297965967502,7.2079841968341585,5.470605445290841,9.112493328056932,10.459557559161002,3.30833432306806,58.52570841254264,55.63535351398337,48.0489867823574,102.50079363562404,16.75755431358206,11.306746134988703,10.708331787239063,23.492881795347362,15.634382548849231,45.812175160637445,11.465114906690406,3.4029003543300167,2.9216821224045604,3.135849124448665,3.693683845602023,3.177431402471481
4.03029,4.240566000000001,4.240566000000001,4.433319,4.03029,4.433319,7.204969200000002,23.60559228861599,27.762785889363222,14.085590828556317,3.784968,6.259629920785009,11.194255124603506,3.7371779999999997,13.761420238595889,28.100182934698342,16.222546288848505,1.7981058229200009,27.194938979968576,14.59532230641104,18.2926571024859,19.52768653436653,23.63863621540749,24.46030920032653
3.507845,13.692391261106987,8.285444813000304,21.364994596652465,9.307067347574575,12.256709321629144,12.001559237604727,15.870830106425688,20.33165115353047,9.2375941988154,10.024955699637482,9.9153229440881,11.464233210132894,8.163481589672916,10.055832049385481,10.827489747114777,8.0087624366227,8.575837282915895,8.846206846053926,21.148813874657687,14.80069538226834,21.44567361130228,19.84690138018988,26.357187116949603
10.534005916111084,8.98826571766529,5.232286130484597,8.306071602494066,16.332229438563868,23.861442,30.386467565847894,10.62048603184716,19.72532545629339,37.77952559448643,34.58375024433011,9.102816119730209,5.704233220089458,6.450126467847119,6.601074184085514,8.061495612489189,14.639247317868412,6.823107812317383,1.827573894887464,5.760231623342997,1.474072992,4.913518310239143,3.0774472228441607,3.966740758423856
13.11529422654932,12.053072965417034,10.217604813830668,16.963797031908154,15.421633665371044,14.829952933926675,28.053754607870143,18.33464278383075,4.792103491994767,13.05931978117557,12.90596550167566,11.863509291749716,23.579260481210806,81.42230045089522,20.378392296825595,12.736551703012031,22.94002388646665,38.96351468614271,12.444361824366393,6.2821989549735004,4.599114801360097,4.529332053375583,5.766241960828277,8.396297739296264
5.51663198603914,5.054674070416778,6.254325579464521,7.008931026964582,6.37175547905871,7.008931026964582,8.045033874428912,4.64585226243331,3.2171029200000003,5.395718389766534,5.983909493376875,6.951005977154956,3.899664,5.908355080581713,2.9412975,11.759824408086137,29.770749546198907,18.31764595102018,16.963512736739506,22.07098071937073,16.363405955910192,15.06489065363884,5.8935742980035934,3.853275052553291
7.795635611450959,7.746882490895029,8.752527477433475,8.667629809187178,8.97490502394321,15.390938196643726,35.88789062582002,42.88474120032564,16.043901221511813,46.499380874040135,34.438028126711544,35.55149256900214,6.5639698013870245,7.25142491179754,12.587900135764217,29.939414939394922,54.976631941752,43.268739964802,20.5247665245336,26.3611358013721,19.39798053298746,24.82553316999729,31.289332629017306,5.596190627225487
4.5917805763064266,5.708864982412495,9.038533134422906,8.720559479186493,2.08978,8.720559479186495,2.6385744,13.012871279904491,39.70618615270254,11.482134811051424,7.706299062129534,17.82393279734002,81.51641674050438,80.75788386777408,46.00794605453235,59.78869697521761,8.278159153426003,2.7927887559699327,3.2771036761705847,3.3707352097754586,5.415374959406856,22.913220269881617,22.68477520060366,11.197226779547004
5.986855022455464,6.299212675800967,6.299212675800967,6.585540524701012,5.438500548606451,31.488771805941145,7.559055210961161,15.193829991867926,2.4269673600000004,5.0697776849247855,5.622437760219046,3.90816,6.133568465693503,3.817382974324156,4.110115555461256,5.153901280200791,3.747226984509625,1.59831628704,2.230904365277624,10.865313836917345,5.366840246854187,17.36080138047006,25.09896405161505,25.166193961519497
8.899176358267034,12.0020768541697,7.633516735278528,11.525078715472878,11.406932547351367,13.69422180208651,26.471090315079067,20.10290749521833,13.683538098899296,9.42364082026143,8.488326815889964,12.443926415292395,6.106943185632531,8.381150972254988,29.998712591681386,79.16460257667171,27.197245564033835,21.855572488033,21.09100637675482,17.69423898610681,13.037186295723648,19.1341155406318,1.919035103530702,5.09762758826754
29.10688735489446,12.373464837691008,14.041251247159584,14.486467748375128,5.609562478667728,13.328334597352123,74.4598436465582,33.33699480412508,14.472315272324511,13.24434643936217,45.08852386047384,31.91693978961115,45.85512609403,14.457132719708351,21.94168618243297,14.655833555247291,28.21864182144999,34.64497395125445,43.298677954900334,16.152439607709084,2.8056907175503345,15.033835551095832,11.142833509909307,8.070290912154078
3.731750000000001,4.192650000000001,3.926450000000001,4.104925000000001,3.73175,4.104925000000001,8.752656000000002,25.23340677988756,27.57142179411577,80.68121699651888,34.268152549293035,84.57193431814731,29.307069211666313,23.449300965838503,12.025956539439823,24.84978275413573,25.050757882125104,32.15628015959921,51.08893225180117,39.374599159243225,13.54428229264845,40.321534729078216,23.970880331194746,2.25675
4.03029,9.687346701894109,4.240566000000001,10.12768064288929,6.148027801074529,7.539334441575978,7.762553362748015,17.817538522316266,30.46795482885669,26.25869786632544,8.646557386814573,10.04398080286541,9.43260805834317,88.59297930247708,32.492811403979076,31.10301434769944,59.983978171480125,78.69812389873539,43.37148252121328,22.47426877208464,46.02965365928516,27.089889767496672,57.114918696935405,49.00166903725628
3.358575,6.236002903250904,3.984171317208485,5.891674229411086,3.358575,6.519457580671397,18.60734303777915,11.651836795205147,4.812115192658119,9.625357050147892,9.11496604847172,22.40550606977679,21.536554535318064,17.807301066471762,13.717675057905174,15.610805269888788,12.939905198453618,11.849189638845852,14.62260660441656,20.18594145440304,11.3267049052754,20.31322481979082,19.342666206198217,3.5841789789533736
3.806385,6.858404083729849,11.251957198367537,13.89656097814989,12.382781394578538,4.1870235000000005,16.867628009702486,12.634187359405091,5.036182419494725,22.71223213060862,23.13669002773041,12.712248288411333,29.714198407854052,13.069271361746186,11.40156725044919,8.31792160006997,9.713181744647798,45.86995848153633,25.41717278308867,23.233768665973955,33.0947676269276,25.72987388262112,26.28135638297196,5.519402574077669
14.823571659449843,9.04272626498742,7.733046192718123,5.574328153870979,8.594326615483908,5.346126323096782,64.48121936855547,56.94147473729733,56.275065668452406,14.20017024357755,6.707394607543056,23.41765728036529,26.94513809812715,7.96928467981235,6.641070566510292,5.923417087798332,21.572815123523316,16.48090802917353,20.04271064413047,17.180714105721655,32.51105725015837,17.927616109017,9.727009460432138,19.753752301607737
3.358575,11.49791890881006,9.785061428493831,9.865279714319142,7.009098038322765,23.9617068612906,29.178446899509137,4.032302434028656,8.434006368996302,6.093014765998934,9.480953084547366,5.820672609487049,10.20549569366489,17.246560579185502,7.020241055565444,12.55678144585557,45.94484110524735,31.552960613897007,15.474905667001972,8.772739135290047,16.929551217666663,30.96566763637265,36.92115214194333,18.332182434524952
5.586724656431482,12.144360550925189,13.563905952135846,9.103851309016166,12.969346803562638,8.048952877544,59.734243072142434,56.60160798452222,88.17131976235376,45.23258497511976,26.76646727942528,12.369029615052172,26.54712473457142,9.239337512414782,15.868732346239979,38.15433326775064,25.64096600791598,35.60863120427521,31.69326084735876,21.019543810241988,14.22528723170088,24.57604485623092,35.958805451953125,54.304302973655375
24.84413949093886,39.18894305651708,23.63340099651356,4.269122,3.88102,4.269122,18.32115880492756,27.127662936231378,19.54428588,38.35892759418861,20.90265128381183,9.685957297146134,19.34515665968257,17.439183532329892,19.97998623073577,21.442449245019542,24.02786278046519,21.923015481300023,6.752120796726464,12.900074914209696,15.107420798068087,21.62546937077456,25.58738357863433,22.94718284520984
2.462955,2.591457000000001,2.591457000000001,2.709250500000001,2.4629550000000004,2.709250500000001,16.9415004,44.822068349524606,18.87759403761448,2.0856750750000006,2.313036,2.68686,3.287843064999496,2.2838309999999997,1.9031925,11.658669599016724,13.872593635623264,49.70249955031584,10.351346224987216,14.864936529888888,14.96115046840128,17.188561928260345,22.64674793250925,17.744544392952264
9.992840231024308,3.690863000000001,3.690863000000001,3.858629500000001,3.5078450000000005,3.858629500000001,7.547210358094015,29.587888815825305,6.636233393472072,2.970506925,10.581389809502427,6.913912118141319,4.999731215218823,5.721281887140049,3.3622619933515305,7.301960466727332,26.783973486646232,30.918700513948306,33.55024910582007,62.35444043790143,19.00156064721064,25.87915454813701,41.83248281865465,32.32979570917738
4.17956,6.926375820393316,4.397624,7.396722560542332,4.17956,7.396722560542332,5.2771488,16.028276945987827,12.715985544511618,60.70590040269088,77.75435449348429,30.05974738763436,39.12246481720551,24.151903825276005,21.735858513271808,25.045318151113538,40.57848929858366,29.175843755298715,31.010887364930017,33.164900251297226,21.850441446626064,22.829972581926288,8.401127671413581,11.596934484051422
3.731750000000001,15.507862574027447,9.787843529577032,16.212765418301423,11.921476227332302,8.467661657583617,15.822165223491153,30.87771802646496,54.12514556878989,80.64051829066074,33.70513249558422,28.02207979871453,11.236921610659754,34.0054334102984,41.902765357934385,11.95395849353935,14.68323857573716,44.00375037201372,12.94392456476654,29.739712808871293,24.94272625284828,39.79051978841939,29.00303019746271,13.65946067887858
6.281771586687101,4.319095000000002,7.148438824435767,6.346529628801501,6.409821385903987,7.050803524494386,5.182914000000001,19.177892156539425,40.44039758354384,5.427953291790511,6.019658345022875,4.4781,6.566900012752227,4.875018778919122,5.051991370320677,4.195210049868102,5.1073715483688495,11.023680809814342,15.29031678665293,12.745870914726922,18.187833720067125,13.825141246264142,26.98638355461141,37.18740689930868
4.034534772782009,8.193813435128163,9.912321754045529,5.282133999999999,8.788301667068065,9.391913750421466,8.884868635128159,8.256622951250705,18.313994295865854,71.97721596298987,17.21394078784665,9.587238182256067,5.158723188057544,6.52513831017113,6.40429034463459,7.479372059748699,41.36982271777379,31.63749673327661,17.467917173502503,25.18253262293286,32.76108353765069,22.03910120409932,19.17032911175879,8.893579771005346
8.932317469040088,12.273295111666869,10.323218078394728,5.802464722399255,24.049678320564503,12.66802860009028,12.962850431617731,8.380327620875343,6.051239070844249,8.063526362954374,7.378603935181285,9.744346329861914,11.711849585493168,15.040511768448583,24.978617334579308,29.75033321505612,28.05849579334497,24.34499488540908,16.77668661699048,19.60445281315284,14.175708006053766,19.56460794821169,23.9326744616064,7.054147829019647
27.511054285781267,18.17497515585576,11.24687032141037,12.351726951143098,6.010987846991456,13.2421798283733,11.740540396037504,17.782681880919473,14.334490098465425,25.10924226047593,31.6829126363516,26.63191453417887,27.263565814091013,19.96885301977729,6.991991837533102,21.83738855696277,66.83589248842924,20.91329455421805,24.007485084607733,18.92968584759979,16.083508183501557,17.648678517880107,11.549124746907346,12.439394959560229
3.2839400000000003,5.874022162205254,8.349218371051535,7.496970421735813,5.8059275238061385,28.520842889448545,116.7152718013144,6.027581057680157,4.240351095820178,6.395232574451509,8.771510998174485,7.608589516527135,17.493750827760618,9.941274886522635,48.22688106179706,17.07749087796586,64.64572848993753,20.814424914613497,24.117933145467024,15.625511706694162,18.40489889556692,23.82754134305196,13.543250358026572,4.057786351064257
15.676876182800385,7.614818721915442,7.39346601103203,11.031013709784776,5.435042546993978,11.03101370978478,26.74156872804864,21.577990721597217,14.552749287394247,8.492057248483073,6.476712965627223,8.419447248725525,14.55709191373078,26.092258375719837,17.399373831561146,8.273503202338897,4.79019915162887,11.767889019088331,40.89946060958886,15.770816181340638,13.379396130517511,26.1699596221484,36.49887503394163,22.4229033577453
5.859684369050045,10.350978508247591,9.614402245004635,13.439671339786072,10.59241143955575,6.828658761809836,9.8736952876394,26.83034361483732,23.42335856430981,13.837513126877443,8.408434956378638,22.78862097184446,80.57662123540966,32.81920932861357,18.1914756576314,41.24884782517789,26.156921767103096,25.37646129210224,15.786535786317476,4.964508041610808,17.792654629310682,21.857025858528324,31.859910032315533,27.86561810043257
5.967286582673046,10.855708478541622,10.829748779507932,11.628827413351395,9.172483319323977,17.79908413831402,42.1452160208208,73.79181060412587,18.805237442965144,7.144265032675068,7.793766720483751,11.984066712811716,14.049657048810406,10.002438483778588,6.62689478351267,14.877232562829747,23.004421183146032,17.953002803226568,7.770146418365985,18.366466255741734,14.218908803787729,13.7859346528147,13.08481605250654,2.223903652906805
33.10275621693477,34.72239573235956,10.067480375759708,11.645986068123884,15.138781598492615,12.281062242046714,18.65380820832909,25.52560249419378,20.418497853490138,13.866892138473286,14.96712818836354,10.756310362080807,21.60780846524542,23.518732544360805,9.828759596891576,27.985532271909733,28.806239417815444,25.732597134893467,41.60689831177916,14.739144151419891,4.002697893955209,6.7509617184737465,7.51393545604722,18.651178289312536
35.19478641369734,11.824866535057362,12.198900549957424,8.624330918153454,9.59202542737783,12.753396029500935,17.596389861314556,40.10551301025914,28.07961716147193,32.34024203783946,17.212560598267427,23.47287421796443,15.943191177596235,23.362039789471027,24.709942651052945,21.10510778654782,5.921772945197262,4.3911098780281534,3.9156239522689336,17.5040587750629,18.38072339705816,20.844459011065137,31.290352501038388,24.08653798960306
3.358575,11.255619234770815,13.880571614381772,10.390043565179656,7.033015495065473,14.200236121618424,31.980800000228346,26.14525132358441,15.773681026885685,22.46314280881268,16.861703692174903,35.25138361653936,27.34820095810392,27.041043509576774,8.80173951044081,10.879567251837639,3.1017004588363606,5.017290331441487,14.216353326011806,14.833815988357662,14.72379827061208,15.831905429223866,6.38235148610191,6.091115031985722
5.334782207323249,5.374117154830936,8.242135340628057,3.1197430000000006,7.833434414646498,6.617856090252549,5.588535130057985,12.846104432888202,26.875945091643157,16.21650415303716,6.076674667394921,8.297764597069907,19.71147238683265,20.3992058474668,8.9390824942725,5.37473841729251,4.618667061970341,1.26533372724,3.128401237925824,3.2177841304379915,2.4248726402582306,13.571781051885292,3.7897722227380695,3.226172639211293
21.008969354748807,9.821973186420484,9.69153012478702,3.612334,9.334933193705416,10.268426513075958,11.629836149744428,2.359296720000001,6.323992923590251,21.28250256319621,19.518742067850308,66.50423441805117,52.314472114945914,7.161568971316717,48.29287336360712,18.973498200951386,19.097979866453763,47.670923463875454,14.124112651482282,18.101176203951585,15.076970750789831,14.534358411885751,4.516189023357879,6.909199748917634
3.88102,11.423100806091949,11.25672235261762,4.269122,10.85666605537664,10.352537925432024,9.059834505878968,6.24569130441844,11.151319167696972,23.9183118,59.7259410586996,66.72440818132843,44.33989454248612,68.45845540035809,8.389241951881948,6.895872526544221,6.201442404767567,32.04976050258949,26.491669701872357,25.5390675297501,18.546957643244017,19.68536264258803,18.40422558675652,6.56549370147283
6.782977119018286,9.51387303019789,12.673479114636272,10.48923066184023,11.2371583178184,6.58023119966184,13.095933369697468,3.195971247164417,8.923208920649044,12.94801282575021,9.196757450753786,13.140045964085688,12.340217079315254,9.544726174448824,7.295237870450632,20.10364084799782,9.18711759928366,4.678557324234679,11.396434963942276,14.669053749536308,16.647994160130395,7.035084213894072,5.82732473189887,7.284155914873589
6.91026024249251,10.010144677969391,5.933224751126618,9.708506630214794,6.910260242492511,10.970539193211131,9.332934802556148,18.23359650263769,8.731367080627246,5.851734014437975,6.941852332479779,10.545732793947964,4.591812890862532,6.854202681817154,7.706577119197902,8.657075616234021,23.18631709107372,19.910495223303027,20.96420308263822,21.45648472440977,13.078020841085584,26.45566969957942,29.302652370026383,37.48272548246162
3.209305,12.952442409116316,9.81075616741776,12.346829732521323,7.973292639319464,12.216032044655131,17.08077447456899,34.78128818607404,40.806497674187526,30.20964978432521,10.698297184599454,20.156596886860864,40.480580143813576,16.543753032780863,65.37923882939951,65.30377014991258,29.962322786530933,28.518437088212032,26.26168597431432,27.246530778926616,28.381805160366447,25.4146071664895,23.92306445077209,18.85954210252572
11.131449739360214,12.374514127246933,14.107383295746798,14.136895926253672,13.54808572305787,13.283281617995891,16.946131171092524,18.47191542220203,23.25244538642723,16.247565372487898,11.795643068449364,12.5832044218781,15.592637533837093,13.634026840054895,12.025046223970586,37.66015676715578,42.417906676821424,17.55411059908729,13.530904729743574,16.129992520566724,15.881976527466,22.97051165831488,29.710181317274376,6.794635236065819
4.328830000000001,4.5546820000000015,4.5546820000000015,4.761713,4.32883,51.77068588227778,35.680628003858615,13.661558513545389,32.829840645197905,55.70706837009799,26.68108840204118,23.471852909308925,25.478904274993493,17.8806154308224,20.107766276860055,3.726558000000001,8.703960875482462,47.703513061630034,44.62992291305424,62.271807264290985,18.071648036700378,32.242806424185666,23.01931555632623,21.176425219589344
3.731750000000001,8.986503085845602,8.986503085845602,9.154523430709554,5.917723346627513,6.749952749419292,10.783803703014724,14.789106865641726,4.74943736987294,4.270786934936469,8.02101101877128,9.31733603190603,3.8232000000000004,7.919735627120126,5.499260643337795,11.011278908315898,16.47846974566885,11.316544392962196,20.80437036583478,32.86078077436226,16.647851532741086,13.019033583775853,13.367577802464073,7.562926788917048
11.683260052824336,10.268045556347817,9.65029580617727,8.737079667313392,9.75888627256197,12.851586058106768,27.718724089959256,26.2493250072174,36.17036451224891,47.23398129406689,43.964191649373625,27.241792149181308,10.600953545811207,6.202658056415649,9.02797367718244,12.77648137571389,8.904775262766682,29.68156532969064,57.36836783174527,29.850087482630823,1.8212487376845832,20.320067673114806,30.913341727236965,31.685500104804323
24.601201492831,11.56861366044092,19.45246483171141,19.118922871751277,15.65762736341055,18.77007402275881,18.134299341234502,40.002937573893554,33.09622072454236,15.793482306205531,33.719903962139234,27.036606675794893,24.982384547498526,35.39552745268984,27.52133273396137,37.73570312106705,48.60455991284063,62.60203786178932,51.476694853719565,39.622722142151936,24.955960307315,29.33111362325564,19.466863944021394,33.551009523710846
8.01878072603344,11.366766325151564,9.476685772496475,12.533175672639356,9.16030452529116,10.82974068533037,15.313254624070003,6.0750232512744375,9.35698428943052,4.928683865873309,66.23085404537814,19.511074414282525,30.69662144985631,17.324439409000032,15.550988924089049,13.199776423405046,16.20301799585896,15.475928287977338,23.728196871212283,13.717459679433633,38.866359172000735,13.67691450838736,11.22031027421167,5.335738863500767
3.9453387934306297,9.28494339338682,10.997459774320513,9.739204808009504,5.676311060383953,8.279458312270865,5.019745378915321,43.8437626470144,39.53817445197222,29.022573971627708,9.179028251938837,21.074044851005965,11.015565119252583,15.629152786949085,4.424124292670191,6.31238458161622,4.589520938575924,2.86089069276762,2.557084504492784,2.904794015478647,3.802198221321832,14.001352242676507,3.938816341686174,5.828714659389973
27.9098921317944,51.467656970273545,60.20127993189491,51.70681881249054,4.254195,7.3167933460221,7.864225803298641,6.763770687402124,67.6958856366129,37.84656906906736,33.00713680064242,28.795699751022777,46.187335137519746,89.02240169758267,5.1854401691517005,10.524920397233457,25.274219056467093,12.902855108979477,18.231507139411168,2.790257666066929,6.485668617833924,24.574257540592274,25.83246712671372,12.81528775612286
4.168175,7.283577290756496,7.283577290756496,3.694432500000001,6.922408168900802,7.698138985790882,4.240566,19.2072376479529,9.096079858271096,5.206449098267659,3.15414,7.551718002437237,7.092048210984535,3.114314999999999,5.349133585059709,5.959290510618951,4.332798203898364,10.421629883736962,12.224802387128785,18.846028281844752,14.265008392140096,12.618213844435443,20.421390875950923,4.312115098192093
3.88102,4.083508000000001,4.083508000000001,4.269122,3.88102,4.269122,25.44020160000001,31.443182803480838,41.051530435988525,3.2865183,3.644784000000001,4.23384,15.322835968531827,27.962386786483417,30.962214014432693,34.44449320859545,18.01708532231749,11.565678356821856,16.90955055216713,1.5942285216000005,13.648154967464466,22.605918685206422,12.15969651321332,2.34702
4.257304292769114,8.467739967214753,10.381982056495232,10.406972504368548,8.001113168698952,7.587024229712743,15.909311014481249,19.624909700952564,24.23404715949647,9.418312419485488,8.32785653581446,8.779474947224909,3.05856,30.00463890989807,10.757893261829306,27.045402456038346,71.10687125791952,32.822246870201646,54.4590009618467,27.11972005636909,24.57964211258609,24.65680136613492,33.04363199106341,30.31190802817985
7.274120728259174,3.142976353530157,8.128446777663445,6.264171895705309,4.566545291303672,8.4979216311936,9.754136133196134,5.3880827082801,1.87078734,14.698891538810129,53.968819264771184,61.95259285627339,2.829168,7.163537242824356,5.969614369020296,5.92180171894023,14.845298991234424,8.647934974390425,5.770100469232746,2.5246124920068307,1.4514032840185085,3.363747922717524,3.73749769190836,4.671872114885449
15.981279889278714,4.861046363022982,6.69990593348767,7.004447112282562,5.414401128656098,11.82752035942012,40.33213889916878,20.3293206508968,23.040448851410737,22.092937848818703,16.170758022934308,12.721214948085802,19.985780245661374,14.205471141206747,49.918151669528044,11.194969492894069,26.47388231117961,17.31921443693592,30.25001058134248,19.665008888144733,15.873427951560709,11.670046835606431,1.6970760000000005,3.850809946745353
5.966565117753326,11.434181840579225,6.007156650679912,9.483689020914207,10.86719761707942,9.577719249258708,8.181019095188063,18.06414048596129,18.29735229260976,69.29774040213418,19.534327785690305,34.79896027573366,101.16186136559173,29.962705797349667,13.644521221998827,21.39346324316053,4.018877985023722,15.743364918545604,16.187717933087953,20.08238782929912,26.993287208566777,29.567720420420468,21.24940977255628,14.916838762754118
3.507845,3.690863000000001,3.690863000000001,3.858629500000001,3.5078450000000005,3.858629500000001,5.802627600000002,11.035812238199076,12.7935611716895,2.970506925,3.804026201644816,7.999776196074676,6.694912713154976,9.362119424848403,5.096359690313756,3.019797000000001,11.661918103592065,17.296027108661463,12.192860901077545,12.909305296648649,20.849859275533404,19.840670481662936,35.11021946829664,20.17681858493576
6.209075551714428,11.747222581349275,11.747222581349275,10.546713200466789,8.236382875485837,11.115861963244866,14.096667097619138,5.973221335729335,6.507431066594832,16.955347141201514,16.042404674648566,4.527688045974069,10.745987946925272,5.829678142748369,5.032126858876742,8.641782166652018,26.779256034707693,25.75731776201523,16.124826116723696,15.310921035175731,10.157986382643488,14.312476942267516,48.87344100710021,26.695908553582903
3.507845,3.690863000000001,3.690863000000001,3.858629500000001,3.5078450000000005,5.784179124256194,6.383212331153351,20.45740167556252,18.19176096523402,10.687986931416203,8.697348000000002,60.69915736577548,54.818743617123765,11.389414148792566,89.63770043059948,35.636424918760625,30.89765767950392,16.699825281387636,14.731226281844672,19.2714013960651,13.569920928857924,15.25241640931051,13.36863595066808,2.1213450000000003
6.9064907341806885,16.285578265944718,11.284187620924149,12.550670255059316,11.780843196262628,8.802274459223119,17.882751929418006,11.990239045474134,8.06196887051057,5.84854192626301,11.06374839301186,11.355258556541344,12.012695048496294,13.515460791455014,7.240898008238017,13.512930877566731,8.742081922240235,34.738742608863056,9.012811655961526,3.641505819343095,5.328492054676759,5.076886243750601,4.610192829896565,7.544707737522936
3.88102,4.083508000000001,4.083508000000001,4.269122,3.88102,4.269122,29.735429935707497,17.441881683896188,25.48678230125804,38.904784339092906,24.318602618405368,59.71646762127414,105.15424466589052,70.11835719937703,20.32123276899457,27.647482106558954,22.01648524308988,12.49460320100083,17.6565444900564,28.11394919338013,22.07294869482056,24.444008744460422,14.423576609342453,2.34702
5.616001352191189,3.400911211291904,6.536034845167611,2.4629550000000004,6.609222338129773,7.270144571942751,16.821710400000008,28.95519655630992,11.305361236981389,4.419301018368524,22.54767703767445,17.002007418817293,59.34205341265823,2.07621,5.107126352191188,1.9275300000000006,4.136772345274863,2.771441905138112,0.9735302729933942,2.7149076163076526,27.56896313301593,4.10096715509439,15.785409347464086,18.74193104468878
3.209305,3.3767470000000013,3.3767470000000013,3.5302355000000003,3.209305,3.5302355000000003,14.028935760271455,2.4147347400000005,2.1741582600000005,2.717697825,3.0139560000000003,13.046624360021198,53.050215950131225,12.451479684184788,10.198450890852534,5.054652850224202,14.420972772301102,9.659428666834222,16.25398232438792,13.884110262603198,12.66427184052246,12.30939055769481,41.12115628918543,14.76557594597603
8.200436494237442,4.351117247874355,8.125089106932002,5.0749641091918285,9.044303045959143,22.7002398616445,11.25969567194146,28.535257639196445,40.30262633128387,7.551757761191766,8.374980251857282,3.98958,8.8913599978018,8.269235551707569,3.380281199057678,6.853653188892964,5.581733997402608,2.271717847655068,17.697921748181376,11.379960323481622,11.154450162323933,21.133929360539348,19.76307125006093,13.810988205163934
5.727480903592119,11.46352501868563,8.025782393914223,10.568591602040224,11.479696675256708,13.369310123540153,16.208130924411314,11.366060320623737,8.107537650652526,11.007019033499748,11.275055029705143,11.098819047318958,12.45176135113765,15.392808350351636,19.863534329346894,33.36041623873078,20.368786033773848,18.101672719742517,19.91834642828025,28.45760353614855,19.12417764957384,28.62350926382403,26.91195248862489,29.127361354120104
4.03029,4.240566000000001,4.240566000000001,4.433319,4.03029,4.433319,5.088679200000001,13.253607638589052,40.64545148596661,3.41292285,3.784968,4.39668,4.129056,3.7371779999999997,3.114315,6.510604787473892,9.6339523454826,12.66644529313715,22.75831906097327,1.6555450032,1.4214275280000004,11.821020616953948,21.934542089169263,2.43729
7.745669571771038,13.070015600843616,8.454029138371487,13.664107219063778,8.170782851945882,9.825897687958994,13.468345219025718,6.376125962991155,17.187813571879104,8.86061914248666,10.777033828469747,10.217233334274672,32.2972149536196,35.03801822509602,16.98783635319902,9.229780789273924,6.045455200423705,18.024957818785094,9.959580675354813,3.8718597418015768,3.706345728307441,9.219535413236478,21.533098670078708,14.963306569388717
8.194161646215113,8.667328584361467,9.682519150833157,14.329313338018574,7.481369254844879,10.122633657689208,17.744486057551757,17.377901663249524,23.00698703912412,43.46361388440974,8.642248498264303,10.42765076204748,6.845556792355618,12.079255871718134,6.358670175504968,8.70766567976954,17.077868560620352,5.811813170118466,3.675116173886896,7.558146417960259,7.306141090875428,13.194544811915655,10.22503730971331,10.788602918883576
3.43321,9.203506211784374,9.203506211784374,9.090455002935562,3.6747520001334335,9.621847403229117,7.384531097336931,6.37116011792407,8.051096089988706,7.407232112485885,6.6268236540536,5.32632218269157,9.814511550923294,8.110978802722064,2.6529350000000003,7.530141446005397,5.474910691837393,9.837734426123353,12.399796155837413,11.266970489974144,3.084993155052723,7.326868906847994,26.86394328458097,27.058693960802383
15.74993477561815,3.3767470000000013,7.09676377994932,6.863757030084455,3.461844509854884,7.419343951765198,16.525631858178663,24.03514253553104,39.379841211178736,22.50385477496205,3.251123539689804,7.358027059601848,6.9101471516260835,2.975901,5.211935833884642,5.58903951463682,16.643540732558105,12.871595407727453,5.805736635439124,36.88587203753936,29.3386370766986,25.83790540836849,33.96688057231362,28.30182424697249
13.593142100448029,6.028844423393809,3.3767470000000013,6.302882806275344,5.729893460250312,40.27558118846758,7.23461330807257,4.11655476248592,3.59714501801404,27.07075889094669,3.934518742004462,8.116161078106117,11.806858161190307,20.037220290481944,3.500058839854028,3.500724673810305,10.901934326600596,33.8233954995703,12.134504936601914,18.655711637893248,48.44408686612648,13.303460166587724,17.878595656356268,2.194856406072659
22.51652849325756,93.32993449458336,6.440260043938632,6.2999484756004,7.498796773818909,8.681727112445335,9.965112859502469,50.31790935301454,19.353123060291047,71.538735871003,62.68469508349163,15.45495522833336,27.03258893906662,23.89856985509639,30.19692323741982,42.356797471910596,2.475880425,14.9723698722116,7.533707526362915,37.9598096275597,17.722015517043122,5.79739939699338,3.818337759839414,5.170237014947901
5.469357992744652,7.859608180992221,9.137074737137649,9.418842994319608,5.469357992744651,9.953056281434968,6.631626475926874,16.233058954781413,27.57309281914152,36.4883919247803,24.648018086376,10.69879961795203,9.145580909604265,67.82852293173679,8.95616769580227,20.907989305019136,24.757011185617937,17.577082636544684,36.03149169775272,20.697601138384226,23.56240355409907,20.07253104719845,3.1470479246642107,4.930781336109929
3.358575,9.249857423812578,6.132010647187536,7.225630175041241,8.05037610669815,9.67030548853133,6.423058743637531,7.588479562110758,27.75724838700779,16.15562547386245,28.071964585396618,22.24147260416667,17.520945221805025,54.217333438580056,26.40205650200713,13.785181738540516,4.729683488796579,59.97634060748693,20.84260794356545,21.286634979972007,15.249908734856636,15.540276968076622,28.8998193661512,5.31640941338589
6.658193907138293,5.4432801153917705,4.922514174830379,7.324013297852122,6.658193907138292,3.694432500000001,8.406693524491136,27.78734394885966,27.32596092962092,34.039615290093344,8.995940499896424,4.923754491816439,6.82135913332113,6.17396162298278,2.5952624999999996,5.731836493971228,14.4816540419333,21.852807032880342,22.751988916800236,27.14061042757309,19.530651844408645,26.028626081932497,16.46884069174981,18.10208864574829
2.761495,8.42629718117251,3.4867018611760545,9.720626403524616,4.418432662030897,7.594223070584967,3.486687600000001,16.95014540639687,34.90341312116336,49.0459952847046,14.898713890213555,3.01254,9.05349034780302,2.560659,6.82853920908754,20.756729846296373,21.173870124260844,16.7101921026879,37.50370708511991,8.302820698626796,17.014277185800655,23.46701863402985,27.703012273560336,36.227585266622135
3.88102,4.083508000000001,4.083508000000001,4.269122,3.88102,4.269122,4.900209600000001,4.777659010876587,10.923776051906875,3.2865183,3.644784000000001,4.23384,3.9761279999999997,3.5987639999999996,2.99897,3.341052000000001,2.4291657,3.806556403649536,12.882375566651836,16.35037131311292,14.543801513273056,23.47008635521725,15.65711170120474,2.34702
4.328830000000001,4.5546820000000015,4.5546820000000015,4.761713,4.32883,4.761713,18.44774812446776,23.7274497971712,6.780531812061013,3.66573195,4.065336,4.722359999999999,4.434912,4.014005999999999,4.453624449752712,3.726558000000001,2.70945405,19.11238426737762,51.30075859634324,26.797320285089064,22.42655385222877,55.386831728266586,32.54091357353405,37.42194497120507
2.910765,7.463468756624063,8.21834273536767,5.68858282167567,9.277962270923505,4.845011441596647,14.736958799317616,6.339232560359337,21.9146861172556,34.334219377175145,31.54131745570452,31.324262228033493,5.8235670570763665,15.951257045300638,5.470512173375473,20.28473067018985,30.163679378237205,48.16011504587792,38.09330851677679,16.843328350548795,25.55671001428245,25.773303564098367,24.241758066255745,44.11736108183463
7.206663692524068,11.428620933606068,7.391958913630164,10.906844632281494,12.43618430382152,12.640783315670726,5.422880261205424,20.28847562679769,38.35691624491162,10.890707207530149,76.11721557713818,25.76974858906584,13.083748174762492,11.044512096310246,7.782694630373423,7.765775676673301,33.48791052797651,63.028782946405904,30.41698638469397,24.90040752249386,23.63616242064132,24.035657206039147,30.890285575506244,5.9968327781365245
3.507845,10.784289433850192,9.792971798549877,9.201729352488169,8.454192291839396,12.310861935930072,11.0675639929821,5.550068106094117,11.637190877378035,7.686799701598666,8.403491691001546,14.434771674022382,71.31124673606243,9.217751733754147,3.5698665001874224,9.634587602032232,17.155859276700827,19.745610043144183,19.16638886878931,18.65965771107012,31.7409822146033,25.712358690411868,19.84175380228592,11.662528783912412
3.88102,8.367899074175728,8.367899074175728,4.269122,7.952961930001723,8.748258123001897,17.315287237276763,80.39713644304261,51.41250114682373,43.97962316478183,38.90345108516178,19.04090303037618,8.147856649234965,8.187042265440013,7.723261146362487,28.20996362751959,27.142860082415734,45.55201726538386,35.66042631276662,26.273982717594883,34.04923949530985,33.76537366471638,48.48222136359914,3.5782593582811524
18.254960550578584,11.757899344478083,6.037799516488631,11.610789467721546,8.287459152386841,8.866174190036629,9.733371628550907,21.286559063603864,34.110433696059474,42.11702266323875,31.15259710418229,54.53503742911775,86.00501424952833,20.440866246895688,23.388995370082526,55.91925730907111,23.3731903141242,43.68787923285068,19.77107010919758,3.92861864622581,4.904758398154309,13.391346102146736,21.224929652307264,14.453442235692746
6.818418081423672,13.45509749047444,10.835617856976487,12.422180214043834,5.4141908167577695,14.06669283095055,16.14611698856933,67.15322244038654,50.6284884946844,8.729743529003647,6.008750020900054,13.950439171190624,4.718311749980244,15.823555341438361,15.333528628934694,20.178974825238083,78.07436147369636,27.71643117018386,14.94476668978463,10.656178705178275,3.24928130938878,17.691010042907436,20.71066378337688,7.482468765546174
6.254629224311722,10.478030068230147,9.87068857810122,5.925011646548016,8.476926687310472,10.954304162240604,7.987829867956051,21.52982588820232,42.4547353677597,22.03765059000406,7.4391830498136065,9.65161047033847,52.72176308634028,47.41639826790925,15.518532133343495,16.03901242577345,26.352178537797315,32.737661735444455,31.39008952704929,61.72671455977018,17.756689127661456,27.66101094982253,31.898393503344288,25.734874661194457
8.221867826328852,9.782041869881356,10.913248896408009,12.118880981065995,8.312982110929628,8.807529503415257,11.466960557491232,14.056679890517788,21.86431885348005,9.329535234597502,9.336882126166229,10.142162119035511,8.863936648789714,10.215916198915135,8.513263499095947,5.411996341860057,6.761158694458831,4.37907899678203,14.30365482768239,14.697774319467028,12.758352128526552,17.328472623939057,9.674982769906595,3.801815612050453
3.955655,7.707864745370876,4.162037,9.199252233796823,7.325656576178931,8.058222233796824,6.514084862301805,12.433872617298205,29.194083453365785,10.831116468690398,3.9584570746137233,7.728250332473838,23.196247149959696,60.557743865165406,18.482536731922895,34.530147533096994,36.9391285246527,20.674786946180227,13.865270389580845,3.009201357682016,4.842641280465045,20.735550556077868,17.3662572698172,25.04420533680704
5.372837293497321,11.662260481825449,6.82761036624388,9.104923264734744,8.865964503229671,13.118198514358122,12.90924718306649,14.43758911212106,23.353083768677596,14.224470335918165,9.601919392363504,11.492591662261022,8.798264964233656,11.832084017067078,11.943207669639976,25.61056601350551,81.9796947074008,22.31624316689138,46.06812037937699,42.03401346442761,38.09240891817965,44.84998536806744,23.014260439312984,6.183054154173467
3.88102,6.665369264439098,6.665369264439098,6.968340594640875,5.925882571697632,5.018904942955797,7.309946780143159,10.792612770736453,14.317882447006244,23.335507645482583,15.443340374020162,6.910751002949626,4.115792921893023,6.253367411258378,5.421822319799313,7.907954346039842,5.209604477739901,7.148183982578146,31.52561997219022,23.29920910277784,24.438527057159483,23.29979273566339,19.18849517352379,5.45883696969814
14.30087925466627,6.68854821618613,6.451726378351026,9.71602427020736,8.832749336552144,8.478091936069323,10.245876151976022,26.130635098923168,17.5496963277206,5.075653080270678,20.931192522219188,23.204595356644187,11.296859800972518,5.059728771197615,6.129608795423462,30.18908407401723,44.287476580562185,20.2828018228628,26.33464116626735,22.89118818414696,15.909187279025248,19.65693519113371,21.83496152881182,81.90168556216294
82.70047341352556,15.178638730173118,9.90301937375034,12.240371437508225,14.621536371682144,13.960573336916797,13.269054489648427,29.727108292224795,35.70349794516375,44.82290704913136,25.573733295473,26.74371146978625,23.253950150227848,23.07924617586103,24.329563250055106,32.09354768514799,27.913299622133582,25.689073216007703,21.41368756801746,5.687465658468289,14.635375959759813,23.850078076694228,33.12044773531111,23.42221812937529
2.761495,2.9055730000000004,2.9055730000000004,3.0376445000000007,2.7614950000000005,3.0376445000000007,115.4733101531074,22.982894153978517,29.798172464851817,42.68773464030527,30.017861508783863,23.645068982058685,11.229390740648826,10.836794782473904,2.9926785976394368,17.045320613803618,65.85994009010808,16.060975915752422,21.6561870638032,21.35547901051645,38.31533219407447,29.56232964787404,37.04007862158845,8.817237991965051
7.579136070652053,4.162037,7.974569256946945,8.337049677717259,3.955655,8.337049677717259,4.994444400000001,5.445114975280632,5.11462059559765,6.264728744497062,3.714876,7.872859596640198,9.19942489413703,14.269608313326135,34.58247061991913,87.86422056532673,14.25594472066274,31.463288515533133,9.564483534893323,3.1133245623369272,2.545261277769443,1.8012375040994129,3.579093086543165,3.92604757971081
2.68686,2.827044000000001,2.827044000000001,2.955546,2.68686,4.5348985000000015,3.456340800000001,11.622716558228404,3.661513498354661,11.794082080546328,12.71305736198649,6.891719999999999,2.752704,11.213087386747254,10.92153622629324,48.67123645578153,10.545777313656163,16.697207799995713,19.85247557255345,42.62242000905458,20.401549337169183,21.718078838285336,14.00181219320164,12.665659161558027
15.701424659366804,11.383079124618932,7.807313269171942,9.977623939500573,8.470890841306227,12.052404276023069,18.7497061254234,49.39278180637619,24.184459535418814,23.90587686694168,15.790731426639727,23.82421450950427,13.897500152647169,10.159877984746716,5.733770639080068,24.868829348927857,18.376246069450865,10.181881341119215,16.38534957094632,16.17059373014008,15.231405174897327,24.88690725065532,13.435845517812048,2.413681724067473
3.88102,8.340178813887501,8.127345273193129,5.604168755264715,6.510657548248683,8.719277850882387,4.900209600000001,13.760534306639553,16.675202353783103,32.44750366090375,15.061315520735755,4.23384,8.12086532141112,5.286880971533069,4.562041269938029,6.823782665907956,4.961341157299606,12.419181294085709,15.539086349862226,26.915781659995037,13.868301473328538,14.952373492890096,4.491409213212893,4.793566335555175
7.466797524905896,5.241603077128907,7.871708134155309,10.735330938042429,6.956355543415543,5.917276732893039,24.580970998140497,30.36137598356333,22.66736318628825,6.999268805889882,17.303417481958643,30.23238628712981,36.75603130359719,19.70459723107066,10.4613247978126,32.844154052675684,61.306381019517744,28.146367106705902,30.302297804466207,35.403217420078505,14.88608926281054,23.13151459083075,24.301952872195766,22.699341053686243
11.997807893326852,11.646566888466662,11.449920466200394,15.69439865218662,10.78298736207834,11.221328405624105,14.948053023558796,10.902654486297145,6.001461871822184,12.466519042838613,10.126631609604006,14.03525610200659,8.364879797812666,11.731023307726838,11.32992175171482,7.677167417238806,7.892084127045889,12.67613720151387,20.018736569781044,28.01295133011997,23.325107021480683,25.12700354360756,26.02299076162156,34.7566598859382
5.5139972787891205,5.556230365715407,7.51986018666928,7.861672013336063,7.14697455757824,5.5771320000000015,30.78925029855679,34.26974477364309,66.02185005485478,45.5417826486288,46.74113243102361,9.989924276680464,4.9321250878873855,6.6271945897543665,5.522662158128639,5.732738364253596,28.552083821643038,29.94684814236398,35.99505460185877,17.833576990409572,15.118486610260772,18.240202024634048,19.74154743797263,30.371978297201004
3.806385,4.004979000000001,4.004979000000001,4.1870235000000005,3.806385,4.1870235000000005,22.32061033554896,15.115978164077948,9.833516531258534,3.2233160249999995,3.574692,13.45702236986599,8.047070012317805,23.789681900281035,14.384272412632777,19.449578519494615,20.46812272569453,15.780125339361517,19.801350575183207,12.131737451567243,16.86616634796468,22.37742123519784,24.49143623569079,16.65675219383456
24.141355338721567,4.718068547435063,4.836653115864448,6.172273969534749,5.160340786539721,4.312652328255792,7.08469707807467,18.232640449823236,22.60687818938031,19.377957227802067,3.3644160000000003,6.121263440860907,5.748664796634591,13.733218064772752,25.75325906267323,5.880661148983726,2.891127726342108,23.37351153729444,15.569245481696498,1.9808537533953916,10.74434402370338,15.014358009917306,5.755504027259536,2.779894540673404
9.087367087207484,8.753850658023936,14.394532971722969,9.653586849691422,11.27310169169002,7.778340455077584,16.090150750121452,33.45490442019693,15.210455326013332,10.248499369479816,12.627979856093328,7.492099624265318,11.997842165786805,12.912290434084339,17.85083284415379,27.09594608846264,84.61780882659382,44.09912697091656,30.80037855643252,3.694871771199528,1.474072992,8.796691189605905,80.53819541018977,28.99984412147252
3.731750000000001,8.722672911339378,8.722672911339378,4.606348304367298,7.606384624656395,9.119158043672984,7.013926997442902,6.254518566178616,17.504193650899825,3.5461268144777995,14.022264422652688,20.52027455169939,65.17918165187695,25.701803921480984,25.00452398306403,23.009660577902416,32.52369142000383,24.47251755056362,21.990011041340853,28.09207517246588,32.59127198258302,20.633443897644995,21.50347797594895,6.500875744194897
3.920561002649675,7.502366206704279,7.899690229671422,8.258767058292849,7.507970052993498,4.104925000000001,9.479628275605709,15.82141212207715,4.57466495162964,3.639779519913196,7.050963180202589,7.572585867321242,6.144455899768967,13.192355009287807,14.821766784727119,17.19174305546842,4.699306710441839,3.349665823202944,1.565735697119058,2.928973369518552,13.748183664607572,23.92597841403209,35.01586252655352,19.53667332826276
9.600851246624549,5.446620035072072,11.083859661222146,12.109256562860487,7.689237155338062,9.029051284706586,12.485104587922253,9.697154409662998,12.109241522043533,29.014895385494512,22.881054635245835,29.17460475506682,13.434149423235988,15.652741784388288,20.57563378341871,28.442921512247075,31.28174224769647,20.30660778104475,71.49050115723362,49.06239782617093,24.2480427567695,23.70010607422036,24.30382554419777,5.867012566501853
6.475261152609572,6.971413674115194,21.04974171151177,33.57410731939304,10.206346129105954,6.95968928076661,13.26103762210104,8.009666969352024,6.182802300440895,50.60103478857926,63.82145277751785,5.981673233085776,7.819675131019238,9.739041529379234,8.115867941149363,9.041616560523435,18.82209902886536,16.845298384546457,15.3962468879641,18.509745925876537,13.519750090429088,19.549350839095226,15.089113451473818,28.631920921761903
16.304376876491325,6.58044411740659,8.680370470210358,8.800510570478519,2.7614950000000005,7.428399601316967,20.62636065031652,22.048202358442584,7.795619205965739,6.986198239632674,2.593404,8.999933319977679,7.6853462974680635,3.023321211089184,63.445930647394356,59.099774435598746,22.183325730943636,13.597791110658685,27.97221779024106,13.46824846374389,10.977560180262946,15.193426194397942,20.66798085471862,7.975407934966398
3.955655,4.162037,4.162037,4.3512205,3.955655,4.3512205,4.994444400000001,2.8418801400000007,17.242481801268454,3.349720575,3.714876,4.315259999999999,7.4568385599737494,3.667970999999999,3.0566424999999997,3.405303,11.980511688366532,9.94610448500821,38.229444129785776,19.470386857372738,21.64872710893196,14.6137457505842,26.42564219960177,15.649059335111495
13.91538851054187,14.641408780657104,3.926450000000001,15.30692736159606,7.379182884837836,7.355014086660812,13.079632243040868,7.856978601940891,13.612533518232548,75.3944038955283,19.23874401245286,13.046874631151002,14.163962685725114,21.587874633352033,8.120599082998096,39.70084459468519,26.341989717787317,21.622084560846098,12.847990479017852,16.6645192883917,15.2486498577442,17.081354836508073,9.439450996108752,8.415234949062869
9.134021792458888,9.610579451195878,6.043379164071229,7.64998741509828,7.923195248718233,5.252550858491778,38.08044075273531,18.797152814203866,11.892323954702976,19.90243972786832,8.57803785726574,9.964387409955153,9.357859480653532,3.529556999999999,7.058107748718233,7.863201369160263,2.6855979114965245,3.751000850159865,3.929425291709917,13.684114474113352,11.896161603549215,17.695984696142595,22.37075662510424,27.38802355103355
13.383083039576915,9.458024489640351,3.3767470000000013,9.887934693714913,8.989031539740829,3.5302355000000003,27.547471638975843,39.15221044510128,38.299253575831685,6.05477340667474,6.468085062485427,7.526687851227425,8.671010279198068,8.33528379139604,7.030574964257115,12.558916862925848,7.770962641718768,10.473454498163152,36.24726886993254,11.806101425114374,8.63867063173568,22.17824612758009,28.79161101829929,23.788924536370708
7.4291350723014276,10.59223997351625,5.838128853964313,11.0737054268579,5.548634861205751,11.0737054268579,10.636166752415017,10.336705352307051,14.807040945925872,14.37378290023019,8.464199082437158,6.536151128158084,9.159469333409813,10.824730545562584,67.73907379060235,19.963333963858666,17.139886395789226,14.820319492260118,14.705687253755924,9.79751507066092,9.87460528639961,19.086195147114683,10.425397508517351,6.087951600105131
3.43321,3.612334000000001,8.535453871386933,8.923429047359065,8.112208224871877,3.7765310000000007,30.872539848838304,5.828092552512299,7.69910832,60.30177711856895,72.65702617492298,10.885878404725492,5.260493608173611,7.522229444881193,6.737724537400994,4.9695495837492,3.879429978583295,3.239695347831933,18.77622763043817,18.24113117178456,7.299421890440265,21.75187266921517,19.688412433989843,4.905801811879041
7.989168717455991,10.662204437887183,10.008523404513063,13.42482945288278,7.989168717455991,35.56831709066985,25.448984578863207,51.34588926973334,33.90162342108864,80.19172149583575,21.274722487736785,35.688873430599486,21.895486388646827,21.51143597194773,26.385569392961603,32.79338431051976,29.3703601894071,21.30256769903373,43.95076314542676,48.89548094486585,28.436925291750644,36.37147593490663,19.41021391682425,5.8776927633079605
2.9854,11.776797689586822,3.1411600000000006,6.432161841610291,8.966808806870928,11.437600608363166,19.3294460275042,13.679631764658904,16.25370552954198,40.44408954860401,7.823711953024659,17.083399392518448,6.2946136556687895,7.224570306915411,7.420355669472572,8.403648851482428,19.27755780851232,17.18574906523394,22.812031878426883,25.454763285610788,22.353302642229647,23.54975220288913,14.896244114348804,28.692447384226067
5.206317865853868,6.960212665963017,24.96230046922074,7.276585968961334,5.897081444267542,5.065156104213631,5.088679200000001,25.72321229915449,58.18766479944665,41.23670469451408,74.29072551304411,89.21927760408647,103.93788507293142,29.19118983754827,25.856843831566213,37.01895835524569,64.74627141441387,36.24720283828034,21.270346537522997,34.82681695709884,23.9685508247936,36.54663775264076,17.34453812832727,4.000422756920892
3.58248,13.445686011030665,11.265765383631363,5.966512825461977,4.892890820539241,12.13491768686238,16.134823213236796,14.162813905845766,22.92062361350718,29.225713629081422,7.244917715354514,13.94068121354043,10.497832303903266,5.45654397724299,7.799250390404794,16.2432324010502,32.5984582526195,29.412765133219597,22.318318216206745,21.98994513139422,19.797424524033364,22.85502579653072,37.15456908967155,6.478582363514331
3.43321,7.8379876053801505,12.272207536426276,3.7765310000000007,11.663668319743978,12.197883963201477,7.997816949289528,19.930022440131477,27.907009605958123,6.476085450627264,10.593904433299352,7.96975284839905,10.303683048970232,5.045539911010862,9.012834610711256,6.412898949856485,4.662601529864663,4.594276295536102,5.977637998094625,9.507061821803395,16.416962557875348,21.19599155634667,17.89361865918489,15.996802709409984
3.731750000000001,8.043172478734185,8.043172478734185,7.548001982214048,4.318638121968303,10.410744607252166,50.95646486599463,10.48499514015,9.783741962720688,6.473363965839237,5.34181499050947,26.559510255647982,49.44228988203965,62.733635279683014,9.866154807966446,8.333237418052226,23.3349169771898,15.641355170328678,18.07893662297352,17.43069489091085,13.49787627369616,1.9655798709672103,3.698288172040061,4.622860215050075
6.1526031556242025,5.014893238958566,8.065423836354977,9.527600499999998,7.538985464304314,8.292884010734747,4.617505200000001,5.416269383137587,5.107319970908705,3.566516973376554,6.298894404716477,8.22434777924107,20.651618223100087,5.978044587641341,7.648202591666059,22.453429793809285,4.718719538339563,3.363503286928442,6.273865907934869,15.08202962516469,15.6009016348523,18.44010614984322,1.903436817851736,4.223787267776037
3.657115,3.847921000000001,3.847921000000001,5.970741229154656,5.132807976632316,6.304701229154658,8.674074211935846,18.95920461109197,3.677187077657892,3.72173329669682,6.291434578420353,53.54420352847814,26.994966220409044,10.22388217811068,55.69258446484365,9.579370742971635,25.44682650338593,58.73967033052052,43.19666399519021,10.498369202656978,4.433683239351013,1.5923628000000003,1.840685209620473,17.564785706729474
9.345318509035812,8.51282723888724,12.165760983182624,12.754458195947704,12.819109359584134,12.444035951154795,25.34839799208251,81.14165967846715,75.2649751282817,47.6912328679124,5.329955571256082,14.19135523464996,25.66883375202538,6.79211138834937,8.959743360789712,5.2518885715979575,18.35645765885894,27.333928888059123,16.87308071136263,41.20322731381411,14.44281377617786,14.686210706210606,19.89696780288167,9.861885926932842
3.43321,12.03496820789732,11.288601728581767,8.16035625655353,7.689349427501924,11.896825948622467,6.118843172154873,22.834997474652678,62.023672203836455,5.280965428451966,8.109539864610904,12.478028645303004,38.47502262373606,5.782699664005373,8.164818860533432,55.83796078248768,10.522836377594428,9.152761680636456,18.115237871431304,6.782965864922414,11.289011114382497,27.067078194790483,25.35186807543002,6.917168053374493
5.69672467893845,13.099347324917291,8.630098957515285,10.896505330473516,11.032038152907637,14.474537320884732,14.241713059046532,5.497957433955979,9.768103320556255,32.91683097873003,32.469545219482185,37.37015168108659,5.594245182542454,13.078106303460245,6.227910805427078,15.674907346831263,13.965652020893126,22.711441424928267,19.925591687213764,20.950156542927967,16.674903980385757,30.54728493290165,20.43921890583626,5.159809613414851
4.4781,12.928264269387151,11.623284948384514,8.02887616550871,10.49987298377122,13.024399554488372,8.786038370406335,6.896932608959373,4.994237186373626,10.215826782674966,12.502449957630754,6.1038274978016815,12.588302399042632,22.6427340855946,10.375341356046533,7.3080402054560505,12.396680645220735,14.99460722226055,7.521020229632995,15.583026568010409,23.96237273320481,29.246776406428783,25.615517227074537,4.4544118206580805
3.657115,17.250781423910553,5.262427061071952,16.344848662417924,16.39537077479102,8.58994630653127,28.166048092244104,27.6461777392658,37.42243381151163,76.33488516792195,9.30865085895081,33.08983510868864,33.7729910830239,23.648819463253965,12.669150144156696,14.11427571047227,8.749670409215438,4.980810920744254,3.255135196539253,6.049360697857636,5.446120510168558,18.109468104803486,23.52129227983268,53.5737193038998
4.104925000000001,4.319095000000002,4.319095000000002,4.515417500000001,4.104925000000001,4.515417500000001,5.182914000000001,2.949120900000001,13.860980072453666,31.835236906570582,44.423057212973184,9.297056441864932,4.20552,9.3294058680792,3.1719874999999997,14.197496180659556,63.49665531262488,29.84149495902438,20.92518129754929,8.286619817804898,1.4477502600000005,5.767672105948975,1.9859400000000005,2.482425
10.85315534247059,9.662486925556014,4.083508000000001,10.101690876717646,9.183355342470588,7.450523205482352,17.48434628106695,17.166163258964986,20.35544554635672,11.22149202956338,29.65058681170368,33.62894478427547,20.997822638821148,27.251061681171503,22.37418007636281,21.077475501168927,28.092036035270063,18.305424705899785,23.92521319270201,17.14024491740164,17.723567478039715,20.69403122659405,23.948022547388263,3.6587907090517424
9.127220018831837,13.705091705547629,8.734431058000435,10.03994202071502,13.522782655744846,4.022826500000002,28.3660150551741,23.53490699743457,15.554347376978292,17.94659441231254,12.78828488655122,9.49680092658364,5.275141915430698,12.539307553508856,7.05285183273369,11.234631563640763,10.117863729199756,14.968625892703312,44.89027665914397,35.23974697977391,21.38097411811579,24.244308956853164,24.172910388526898,25.797478310949884
3.731750000000001,8.055444212911619,7.780177932050845,7.846043998971436,9.487317690725284,11.646654459797812,57.72354586091636,87.75475148144874,64.35377037812357,32.33535568593367,12.092319980918957,10.349801117154854,9.719813223067169,3.4603499999999996,7.331109124651356,8.16734305549394,30.56048990380663,42.32511993538975,23.310343562465096,27.922032947458,34.72559167967655,48.73736033041851,46.78138165713853,62.3826250004461
2.462955,8.19818303047383,6.158977221782819,9.369719338702447,9.607952158185142,9.90258999449128,6.092532045803285,62.66232648052507,24.14835541044348,35.638302784784514,15.530687930371997,13.929951091517117,69.39699138585134,9.246031348917628,7.705026124098023,8.58391145692353,2.981809909881605,20.28143647505765,13.98923559996573,24.31354386070291,30.27623338016285,37.96140929706685,4.824016355957024,21.19385547998509
10.89360515310331,11.461967161091312,5.180587075920398,10.458447882708567,10.89360515310331,11.982965668413645,11.384669789321515,5.878694019774807,6.914854118768012,7.28561405886683,7.953312734523742,11.88393289429452,9.909404199887689,15.010714459790401,9.269111710095995,8.682160978972465,9.403971346622116,14.13994645977421,36.279925974161685,21.179964694867685,12.666723333177949,23.805189229108016,16.952313776439976,32.987277758291256
2.83613,7.194801220836524,7.194801220836524,6.20120924797582,6.637939007242892,4.220266659991364,8.633761465003829,5.66102520712033,31.613271101082,39.10630554198317,36.44461803623562,41.93949691500218,38.87741021392055,43.4006345506607,36.073356865477265,5.714399667104752,4.029504957979004,2.7829590558914656,2.730873022060818,2.80889796554827,1.776542756486684,2.454636042964485,2.630568425280819,4.135253894770804
6.730027244032903,13.18653995535584,9.86732428977537,8.058333527586022,10.486185899781288,12.16502282000184,14.230301714606794,15.541511800663084,22.92473500164359,23.78073327454976,11.031020666008102,10.789712215791932,6.063978246091135,10.917642527227105,8.67070231487957,23.81904956186367,19.74123560731166,18.10833818240647,16.576669515422424,13.477984882142987,2.557992806705072,3.908053603185567,9.20708104158252,13.00543312362392
6.830322833857937,8.11949801986176,13.176793799866084,20.326979403563172,16.384295117465737,16.606821030335254,13.586482969394778,28.647766747777297,25.75117636782787,40.089563235557726,42.75388617670992,44.856512988713405,53.649247280107815,22.27379173653122,9.101090895203942,12.575673999279047,25.736593206690237,34.448414288938665,19.26702169060951,35.86366163206388,16.572207379680673,26.48127232158576,30.96026506067584,29.420555186847675
4.634824774323821,15.540853314671258,9.762757217595697,13.33285530057677,13.182644472592225,14.725253278126218,16.924288941785328,6.091919590876517,8.125262634416378,12.156932489774768,13.697373487877284,15.360225897404137,9.211789317703067,15.91484799989373,11.486580670542383,10.397413209019104,5.434311337780422,13.566697777154715,11.517105922894006,14.409045784322624,17.7965615083394,23.598572920165765,18.123790232436885,5.9827091433301405
6.851567169042261,5.484508281302284,8.414648562879204,36.56638872650621,5.960977719979998,6.735426208757191,12.330348701349612,4.922404169619754,9.77248328567532,78.85750811944386,82.59997464583225,60.41191558834642,29.258066414201213,26.313139596151565,13.282472384376307,20.957384626138776,24.823450781020515,46.11260289638974,36.61119063029263,41.6582068480607,27.76524954622769,23.812807482128708,29.034169052981785,14.84156750704758
35.759322503025494,6.523158713021473,7.009117544731145,7.327713796764379,3.5824800000000003,7.327713796764378,40.44410381407454,65.8824184277918,36.53917915352301,59.19715107371781,130.05361209649,7.267154178609299,6.824805663389604,3.321936,2.76828,15.374061702992638,29.775340316256354,40.64696365534478,37.03818438965518,12.144311327575688,11.17264176756932,19.299838899533857,30.64551192934868,58.95541317039231
5.320798180283937,17.617038473917752,8.460783486091781,7.517077210567155,7.859264976537082,10.415783250937212,11.431765563383165,13.1641925083678,26.873311340124864,11.117760190343937,22.762845899958467,47.169858018334565,29.409937751223666,5.44352871908604,6.186141494659529,8.02551158776337,25.503744451276457,16.736487385565184,17.569730578519625,15.635464563153668,9.70348878788028,19.6063507141093,25.59608305097721,13.80970755015463
6.599504999999999,16.637722630253965,10.062726331710582,5.092980977803634,6.050660414188429,8.441721287382855,12.581977900927733,22.990299417597225,26.044647241150187,6.498730065452173,9.81685806264694,18.55035465394317,3.9117346002464477,6.363387065227242,5.9301347886573765,4.219922547951523,30.779956295512218,25.95729824143266,24.60849592430089,20.88232924127185,11.51632722238096,20.406465976709264,31.09210659422959,42.54006706552015
3.3091816617566856,8.462601360445026,8.98689259648953,5.832590451391183,6.049794941080221,9.39538771451178,5.121925766506807,5.241361252206389,5.786316466821634,7.232895583527043,5.681546553362296,6.517384242206925,10.670790465644004,9.987303686165358,6.600065749863647,7.352912124400524,1.915303725,10.221130343108351,17.662701218391685,21.38378792321045,23.141205855795747,11.801094799713171,1.480428,5.165268847719377
3.358575,3.533805,3.533805,3.694432500000001,3.358575,3.694432500000001,4.240566,5.557434300000001,2.2752819,2.844102375,3.15414,11.319654077353594,8.40477774413773,13.872979739758824,20.261668545509103,4.7906407688668295,32.36572617925996,7.960335261275431,12.928111581679028,14.635481511934726,6.454223356456838,11.451177264940394,11.700121091116973,17.28529034506383
3.731750000000001,9.038287358796785,4.85587497432669,8.234529147292442,8.590107820344048,7.991611256275241,11.373907430682062,25.732234557382032,23.614552234631237,3.721133623097168,7.237662293576614,9.371026713102598,18.65784385769407,3.4603499999999996,6.637810588447673,10.526271982020203,65.52880752180491,29.02278497235111,77.38384483790016,60.0714820227856,15.361817594075868,24.12101247281459,15.56771778080344,5.194808286611224
3.806385,4.004979000000001,4.004979000000001,4.1870235000000005,3.806385,4.1870235000000005,5.2212468,20.357979007570417,9.324860827784487,84.066568095361,18.45766013821597,37.3964276349302,84.81515323923284,6.531964769080338,7.843929938942435,22.562134043503608,22.7423795796018,12.891693104004462,33.89470858145517,14.002941404248604,9.32121057161642,13.920011551932134,8.940507273694276,6.635530647273004
3.806385,6.589562204048169,6.589562204048169,4.1870235000000005,6.262807053434211,6.889087758777633,4.8059748,4.4994184239542125,4.242767105653795,5.451464025000001,5.881592711051258,6.236656893822967,5.157973478755233,5.680787222552992,4.101274580788377,6.681924985130322,14.497912618423229,45.50295611847157,24.63551893907949,44.97631397095936,21.60441446268292,32.4909796139464,31.119325822282057,21.977760555568626
3.58248,9.15861269176019,9.15861269176019,4.452926660787126,8.006013888616081,9.574913268658378,4.5232704,27.090746832429414,20.75013954564609,6.188175662963351,4.6235230991421625,9.495781754041364,3.918427056051518,63.857671618555365,22.515797558007957,24.11196849454892,7.677207145422437,8.075976935839558,17.377664687199218,32.53568078614048,32.42076644901213,47.45569218373564,42.5160194777015,4.419197070799286
8.8549087538631,3.7693920000000007,9.316903993195092,6.313320939238395,6.458350229379874,6.782568558827545,18.25588079183412,62.83881031822018,19.53630664636522,4.860213599091376,10.79347453616618,3.90816,9.071906517791758,27.60291085219037,18.59389787370969,33.20111928327808,5.542367888213404,5.101973188388255,8.570454001749832,6.591963218083911,4.225859378135136,9.201476407004565,1.7331839999999998,5.354944819529859
4.966897797792318,10.846680170070323,12.511421074744812,8.293991931748604,3.5824800000000003,12.862570664463249,10.016915385425817,21.59144893646798,19.65793309168275,8.394746015237489,11.167218810516028,12.75615752340528,6.545482221156053,8.275173892269578,20.344483661400936,22.377337898692794,9.32483230351412,9.47387904698869,4.179456297664769,10.747682184663988,9.45879435666146,20.58910949455481,5.752809690265833,4.7977337026363305
6.891933955537338,7.251513118434939,6.871889406591444,5.795170343100089,16.760870322796766,29.44447859065331,8.701815742121926,2.359296720000001,3.569058627833212,5.225152005151293,5.117074159294082,7.124874065436657,7.060827198716513,17.807755310741392,20.427462837500002,27.357413061218956,18.507091915557968,13.936865194648552,16.383946805299257,16.929820720700423,2.4306897631581608,3.000851559454518,3.3342795105050187,3.73146751050502
10.066817503593738,8.314055597023025,7.012348644092863,11.753936979348426,10.685397253953113,12.394026979348428,6.462257943516194,7.474558032042411,7.77962478646514,9.04858867459757,10.119918964301856,14.6028804870237,25.21400677080462,13.48910204358337,10.622671182429613,35.77911151487413,23.522232559902797,18.861561293609235,12.392406846802857,17.111589729441256,13.18623242373279,13.378112800733502,22.169223516364934,12.409281092557036
3.657115,3.847921000000001,3.847921000000001,4.022826500000002,3.657115000000001,4.022826500000002,4.617505200000001,2.62739862,9.55618398,5.167589399999999,3.434508,3.98958,3.746736,3.391143,2.8259525,3.1482990000000006,2.2890215250000003,8.438974954137823,15.804060767874828,17.770675243058648,14.449571833520476,18.66702742744152,1.769292,2.211615
9.857951373596066,7.853833824075647,9.95253836347003,7.112490433701261,8.82727227315264,7.6062272656026115,9.52946202574934,14.52975009743714,33.685318392775336,6.320979067013848,8.91436800996417,4.351947410113612,14.764804759236853,42.008743185300574,26.854070331773794,31.510286218275155,36.44272834108188,35.81924283340776,25.722505586146752,28.75447346156044,17.520670225425473,29.50326164588883,29.049645403141703,16.109534445668178
3.731750000000001,9.92013748105136,7.06895686937797,10.15521514520756,13.610286124835396,12.545335199033534,8.38702825988586,26.694099108157182,26.475750487100925,21.15303131281884,13.650851086480891,13.066836997843074,12.563072626796608,9.8547164478792,20.177559160776404,8.355947301663956,8.53989113556054,17.156264844702356,11.118634267656214,13.64100891842364,14.432983288817251,18.331718454111577,16.979774799129125,8.463331209712939
21.270191549041183,11.303863524165353,14.401944256943285,9.192276563656456,11.673169859033525,15.058681108895623,21.97008611839255,9.22912594843206,4.86325038718464,17.961468985983466,121.33642040726312,167.31417089629284,29.38275237066442,40.927294023229,36.74357893598287,10.711872459885676,23.67956788488837,22.77740526047877,39.60031362348128,24.383578376387163,21.535431117521,20.362924938973823,24.70143450808001,22.925424567371525
8.553059811640724,11.64395235238126,8.530998645917213,7.032480861630372,8.553059811640724,6.634080447656762,13.97274282285751,4.760364297004059,13.885204606483237,7.467509474999999,8.163578247819828,11.76795031444957,11.337762771364472,32.979964847401504,4.94017250610398,9.526870106493757,29.133268980571412,14.717170526880269,13.497947083240136,19.06761620224593,15.923759990630588,25.303639267944178,29.25828272775185,42.26364019637937
4.41232,5.786982613735859,8.342194534339647,10.79910801932079,9.817370926655263,10.79910801932079,12.395497900437777,3.690927466814637,5.736820758976841,8.313528198344889,9.2197918267719,4.8225690175195295,13.978356322395708,9.72112707526917,2.99897,18.160380152250557,26.640493152108498,24.11557406728637,28.007033786019388,39.480454692369165,58.39731751452761,50.4504590809531,29.770831609287747,41.57218345676976
4.03029,4.240566000000001,4.240566000000001,4.433319,4.03029,35.809458093633765,30.182753264039125,57.97434726039368,25.665411777523243,3.41292285,3.784968,4.39668,4.129056,3.7371779999999997,3.114315,10.367436570352243,21.804057293291372,41.89873814822708,30.224743409795305,16.839288924974912,15.555454730876924,18.54221297182937,24.95105035529412,19.203748044552743
19.958844068352807,12.605635362545897,7.044138996929167,9.456908026603733,15.742206990073848,13.178618788116164,4.953328175022777,30.172140549710196,28.439456692925265,9.285313219532854,7.378443114607589,65.5880084918218,32.98130985953897,25.088056582753648,56.587984631346515,16.198400451183407,50.24620701542968,9.062358266543798,9.266867326157234,16.623350857780597,12.085211332934632,20.0303666827348,15.41989419261118,9.721168628053649
45.19226099789469,10.855112695771057,14.851011827482798,9.74214415195446,11.971989583436804,15.055752053714356,15.298917987310494,80.80228236051809,14.960866825352095,13.00050464094336,9.746985253595538,11.649466466583778,15.799957678326846,8.785252095497695,11.131189018654208,24.432522403204672,69.11010507861198,26.42926251461816,24.045036630474403,30.521873715658085,27.214480882801546,24.316720575889093,25.21042899972318,26.105008872915857
6.510040320398009,10.04955181127773,8.503074279176404,7.751027704452256,6.965450343100339,10.947287429620898,9.697569215414886,7.6276199311301855,24.471595130656915,47.13237909155716,25.980617892959856,34.68505389323841,71.60410264959488,30.74670653676577,58.05087992594689,51.27750268974039,23.73453356610474,21.18776544397682,26.686529282378704,17.986427659239414,18.898492679061405,22.252902363333977,22.369526057172138,14.865333061442255
3.358575,3.533805,3.533805,7.543951437407326,3.358575,13.208100209577632,125.63868151143336,38.58799306798447,5.731070320233269,5.807595672681755,9.214525795164134,17.109438600459736,67.58209274538568,13.841271116958072,6.291457675982035,18.094624109468803,28.010419840082434,34.928589233061665,34.637882649455065,15.04204200275053,16.34516317593915,41.03145808970333,21.83611686344754,10.71275750766836
4.1391876852388725,15.53661858209448,12.062573876226232,8.65284885811069,15.680904622168027,13.21536200051999,16.398930276560215,37.21944947049807,10.623100113126922,10.767524039063067,12.75055983421569,21.61616942981116,20.337958623330778,25.209814999426143,16.895752241714188,11.317101926737452,5.512965601884487,7.14416804209398,28.64094978567305,27.037255390742786,21.191604482165484,18.415362122408563,44.64341636857719,19.890267878398188
3.731750000000001,3.926450000000001,3.926450000000001,4.104925000000001,3.73175,4.104925000000001,4.711740000000002,21.24653892405104,15.24910983663864,3.1601137500000003,9.857935746673183,23.19288576064014,24.111258606099117,22.288111872506455,2.883625,12.038597999794485,25.786061176096823,20.148171467456976,22.049710385071865,32.12703138375086,14.046912897553517,14.869847166226055,19.30183080230595,2.25675
5.742139463561328,7.314698316502142,9.606042458695931,10.042680752273016,9.12970977479365,9.776514513533334,4.8059748,12.259325076418827,11.58150059391762,13.330319772128444,10.920700642834277,8.111917766375441,8.361845830628322,8.465730882081383,6.680823168243473,6.401361193900622,3.4426065019470244,4.07320175660464,42.33482057942149,48.12466417241804,22.26232994904632,34.54163107072885,15.820944623767224,15.88816681406018
11.85313877009167,3.7693920000000007,3.7693920000000007,3.940728000000001,3.5824800000000003,3.940728000000001,4.5232704,26.781803427580883,2.4269673600000004,3.0337092,3.3644160000000003,3.90816,3.670272,3.321936,2.76828,3.0840480000000006,9.902359651424074,1.59831628704,2.7787825188324065,12.863715020899845,11.17243652675745,22.849083759098523,16.9353354041549,23.67628638400517
6.121499526449985,13.093576998263108,10.428658147254271,16.84466108600701,11.469161036357008,12.566531878081395,16.3148944857546,8.437114461833124,15.406179614520536,68.2365530364161,35.04411960607148,47.22204607966368,22.3599888766447,12.781800761489542,11.07040856831313,39.380979312048005,46.18655457078728,17.399033824619107,24.32835272126036,30.333831696835524,33.46454904017158,42.53921206691588,33.848958287556584,38.23425422215883
7.064954658808967,34.774645484135874,49.69019096165405,11.165059243299844,12.310976436612572,10.524080943457951,8.966183156001133,8.745777067469543,5.745495030075595,21.24530371960523,12.466182963688128,11.478738199667252,11.8636759014737,27.3313140675194,21.55321987673551,11.604102387939715,13.332339247416682,17.27309158652119,26.304971297530543,25.41822160890095,33.9844255311341,24.35682445184598,57.888709302102775,6.656988493425847
6.057396969340924,18.47062868381441,30.086049843570777,41.11492760911838,6.057396969340926,6.66313666627502,7.6481220865069774,3.1064114130119496,4.755710121887331,7.05601791506858,3.434508,6.462597786593678,6.205839108510544,5.493208118604625,4.680715839945259,46.346505097043654,30.12225852799392,33.897195683957165,15.322449141078202,16.773680489213113,17.134773909292626,16.567002586311286,17.15999240065666,3.6631689182180303
3.1346700000000003,11.14349357892376,7.216151326858607,6.264151578679622,6.625597163652422,9.08016615735924,3.957861600000001,5.930461090284747,5.592181669805044,2.65449555,2.9438640000000005,3.41964,8.456985511992507,7.654354942567291,4.21105699163823,21.368670775969512,27.753674789839017,18.83997241392652,14.777780413619825,17.4972701850519,20.29793667820778,23.05707045535842,28.673649557685795,22.15702527789819
13.218307875110638,5.182572577107052,4.240566000000001,11.655369424487391,10.802049013841422,17.41705099044604,19.27980414047962,33.24479902131837,65.67236301970392,51.246834124870944,60.05451945603227,34.96210607782207,22.697003910989505,16.600123920037984,19.06501844623544,21.085428169986567,22.923783292700108,23.603600958142703,42.81352481416016,32.0850395196945,25.263052688540093,32.476538625876906,30.094842472688462,6.407730944831371
5.2964312774142535,5.808043580358693,8.160811160717385,8.531757122568173,7.756142838698338,4.4402765,18.924126334496545,22.62995698987646,52.391954830919296,100.10045688335406,23.305049533286915,38.24918031756054,20.926942925145518,42.93713255785994,4.611065861578321,6.677027313314223,27.68025795976344,25.847614507883264,23.74722710306618,19.90388355074432,19.00401978988561,26.262765057551896,15.51999287213338,1.9859400000000005
12.912697778496486,14.246152623257233,12.11825301123577,17.196903310655983,10.403370299328463,9.634165578062929,39.9204087289062,22.203959580566814,11.21715770493652,75.05032147185187,88.2080581906447,13.384398931335882,14.01138372579628,14.698225732400399,12.248521443666997,20.80116491685915,33.93576865246496,27.934040604944943,38.15443592982155,20.409920544572508,26.40871962586684,22.452793154032207,27.204978595267946,9.585799390695914
2.015145,2.1202830000000006,8.327222634318089,2.2166595,7.914302503690743,8.705732754059818,47.990581076093406,52.82536181703327,69.03719727381157,38.51437922567676,36.69984596106976,37.88101635009576,17.43399842139555,17.327419313212957,27.16778712490406,20.776634832338264,24.11285517481113,15.060143174891165,21.41634120672277,23.066736176785977,24.58194679618483,24.7970960583228,11.429470173360375,12.981749551270628
9.981422444304854,29.892614609988584,29.49750322126328,4.3512205,3.955655,15.772845034138609,33.551511090466505,26.916398215874704,30.090563415655662,3.349720575,3.873273476783664,4.315259999999999,4.052592000000001,9.164066819458071,10.803580307605083,8.123155896035405,15.22870167909666,20.957145951701005,20.29514206269506,18.670882960229903,12.683704768092912,16.228141542481325,19.90409683846456,22.66388798103105
8.875037433856395,8.247128370498245,7.283707753686215,12.997916940383416,9.20184306649694,10.79133196684086,9.409026256174036,11.742807992209316,13.037184662457626,32.32968443753752,14.912421620916597,21.948735243198133,31.629549242667736,25.357910936591818,31.17753283142535,38.2539368947799,40.19896569465829,24.079704742657565,11.8241768790064,10.82364305016317,13.245436351954623,18.21263822729458,29.07194477098037,8.952119784652291
15.482163946240878,7.5577173799174275,5.07613925140498,6.60406142091853,7.182954534632265,7.901249988095492,9.069260855900914,4.482705916840483,11.705091472773486,6.082656499099959,6.745731215132909,7.979561583319223,15.671575617217895,9.973623579810086,3.843335307683207,5.494235760060933,10.309582626371068,6.038237329510416,14.82925117245679,21.53423950384494,15.106633349379292,29.302574872496272,22.80872788477011,12.56010636338094
8.699217489203527,10.756158086764357,6.865040503350857,13.637125802601634,4.531627637599663,12.679805520970078,11.191352802106714,7.099246942538029,7.022973258179991,10.89266980424132,8.834703145966797,13.524422283571862,12.701196579354447,9.145433863820749,6.106105154728883,10.863023801999969,33.76791924489667,39.745842769640966,3.9254742904086135,8.300534309424703,11.915077923411404,22.49376158259288,31.2596041015089,37.664384386432346
9.80610549109873,7.094688838705886,7.094688838705886,2.8734475000000006,6.742886086373361,7.417174695010698,3.298218000000001,18.79376462225492,16.862221785584243,4.062220128945757,18.858348207847747,21.602812012359177,25.70819939714477,16.490131955864012,14.150835499858118,20.49008844833135,17.39325930377867,14.437852072560888,7.004560465078601,2.2607809291650964,2.378122641631069,1.7668951574949068,2.462814585704584,4.077713720217883
9.10556192604026,6.453699964627952,10.291879964628544,13.756338499615616,19.18094444847948,44.02447662901697,14.226416812086375,38.27827702053735,80.11178735239868,101.94229727839496,14.760544590085356,13.368858772896749,14.033483136485076,25.810875785523454,14.589558204386716,47.749598659716014,6.587385763267658,4.062428242179011,15.165212823362868,11.326315434479223,15.722813553737728,19.87783043272628,21.70140794362368,7.562773231912288
68.04269038677447,9.159616130303736,3.847921000000001,9.575962318044812,3.657115000000001,9.575962318044812,39.3066834175446,19.6890090848186,13.590074968595426,5.623045892303293,8.175525141097548,9.496822133598156,3.746736,8.072298813558435,6.726915677965363,7.4942313793394195,11.378961700565922,48.32830667723308,24.260730946385923,45.07919916045777,19.12133347662854,26.25362547759108,24.469477405908663,5.264542704494632
29.00554255616266,70.4088349351257,11.739232134812132,10.877344943887822,50.36597133481233,13.117234759096805,25.74133530662713,32.18296426782022,52.677964869187406,12.782203225655936,10.409613888979417,10.283680283209929,9.051387988542471,12.499044650616101,9.41480042454536,8.927351571339125,7.301641625768094,21.22413597717728,27.26923283364042,26.608899664449588,33.56263593884488,38.30959572103831,6.5212406872779685,5.342833187681321
2.910765,11.324359042285622,10.265208621409112,5.008793939916744,9.746977521840128,11.839102635116785,10.08821857670561,3.900845491720229,7.29132172205705,5.357452928074293,9.73206396991636,28.099787176261472,53.950357304569586,22.63230275994171,8.316724991610961,7.315585032529209,7.356460879810377,19.02802313315873,72.66667882520505,23.554632314374537,17.604170310080374,23.801989742712184,33.10430449538322,17.7591752198701
4.483675976205894,10.99321055593759,9.61139119914249,8.620933483604171,8.853419648160331,12.24098880558357,12.6194035910808,24.253361307631028,31.03645369587966,7.636213218357899,10.450804671960674,6.699191894372482,11.4008778239571,8.361714957300116,4.745260925180508,18.56331262359202,21.616171198103245,21.976295406799817,26.08176756904855,22.240082418298996,23.390532175409653,25.00787132621409,31.07082737207551,4.01620187412745
3.806385,9.338147595206356,4.004979000000001,9.762608849533914,8.87509895412174,4.1870235000000005,5.969575220772295,6.086111327564715,6.956569152819763,7.515595159785818,8.324690405063011,63.75990140367015,67.09008806529769,8.229637212003794,6.858031010003161,10.449922577896109,16.468259922161206,60.06279285167927,20.117852815191966,17.285432840715156,27.289668578232263,15.18863018476548,16.350875071813764,6.511014833832534
12.48397047219693,4.5546820000000015,4.5546820000000015,4.761713,4.32883,4.761713,5.465618400000001,11.718951323626149,14.226835877780829,9.811185935419529,13.481028900722102,4.722359999999999,4.434912,4.014005999999999,6.305400088141783,20.1482896139579,11.22187191777436,45.28880939120401,13.87284634758124,16.536194653063934,12.499706233779804,13.36755508772938,17.143244240125338,2.61783
12.55909147555838,9.016999878908086,7.361953951302893,13.81500062311422,12.315051306178136,10.056782014658395,4.737162839947932,9.900958901932537,6.740010428282052,10.635267008620572,8.58602733267278,11.744986300792071,8.668487479903186,12.156521100403712,6.340240714328407,22.938236250341618,39.83952374181269,26.43703944339654,25.85281712134682,30.643011188873785,23.018409620331887,25.293367303515844,4.960825281379528,6.510807623265171
7.718643985973747,5.520152699846157,9.646527337688434,13.04621543733336,11.860195852121237,11.559070741541236,10.138333230449996,8.520777228715275,13.256931257757532,22.009957789279184,22.3235132856762,17.296224623347634,12.314733713135197,22.27989791716265,19.462345668906394,26.150608134466886,14.364650855897324,13.919210890451518,38.18923406297901,22.79371704009195,19.41818032963633,20.76357227612543,22.801702363005663,21.45139598699749
7.290284091263749,13.35692225390693,5.732909859663061,10.432971636868276,9.484519669880251,10.432971636868276,6.879491831595672,6.814008827178317,19.357574526220844,29.79398064107516,23.65316482759476,20.24358727440373,18.03833966003626,15.618166658126185,15.220228713758653,8.822142206534945,13.151594709866623,14.8734977654193,17.79682687167488,28.360799019507485,17.46601336448758,24.21680414820194,26.735617750786435,39.78868623172715
9.13637734572239,3.533805,7.528911591286956,7.871134845436364,8.376976919279413,5.779183459561736,10.840954046267433,7.336388272205076,20.558986371467025,4.521480010347499,8.580250029026244,6.551035399331922,10.323001204512865,21.441653872274546,5.098565248381984,10.461227774066414,24.351872530923405,40.05830381322158,19.89602343443286,13.542929212113764,4.893317563778049,1.6540340364690276,4.579845499889225,4.926223389573916
7.110371473148129,6.986419992615659,7.233883684355323,3.940728000000001,8.521528062407379,9.632392910012312,12.47771777478111,34.779219166062354,16.271179179734975,58.7740944410247,88.94978583858595,55.81489419802306,21.328050664724824,17.882237876312058,13.749749401885548,31.3921969158313,35.27373681620676,28.93036223505429,23.183765683536684,22.314658440713373,26.058408560864866,32.92736547580871,28.72574095914136,12.227592568917196
4.826426191097776,10.104292883892644,8.648932659091969,11.915610892400624,10.83237353854602,11.915610892400624,14.315929024320718,5.032199974134735,5.135084164380167,46.08148043803609,10.173011670982351,11.817134769322932,17.476163937857148,9.640843365324612,6.063192010455474,10.793502985655719,15.37527212457141,31.556180653468303,66.10489938107044,20.850721566517517,17.72114496134474,38.18785569698869,14.309925729829809,8.793670848580447
3.806385,10.371633351928198,10.371633351928198,8.42269023826628,7.656991125696619,8.42269023826628,83.81178083036446,41.852296875495824,16.385717246100608,8.347372605123427,7.449214933930759,6.552797844590099,17.256194310260106,18.674227898327015,15.949053919354052,92.74991654215079,20.749243264358444,6.019427613392567,8.119119082734983,8.739508008804789,26.466975406515104,19.45829752301721,12.507730354392482,5.961156659823493
28.61455493022838,13.841994925480025,13.825570599190108,10.274404323804871,12.74893401320255,9.625766662085852,12.697658456373349,35.85943510761146,27.277997301480408,25.377266156825662,7.603826704745049,10.70195679461736,12.223786926982532,10.087695939372434,10.948283510344755,17.272452737928923,11.579958264492218,17.041954103866004,11.944442644815604,17.607138455709634,4.754513448455967,4.537785260479047,6.67931889837743,6.25017327853544
8.422720440471798,4.586524707823423,9.616691786057633,10.053814139969344,3.88102,10.053814139969344,37.75433426191374,37.63476837857601,41.65072527853543,43.829210090212094,44.37586596576112,36.48792911860926,22.997050120088364,26.454644739343557,16.455864241916494,58.33863727515849,58.19541349721204,18.28282732160243,13.626150830975128,17.69392963965144,16.756221424506524,26.834692305850144,12.815619206483106,5.5272495990489015
9.731237324039531,13.018502779100428,6.621690019632518,13.610252905423168,13.60077703312096,9.101696679989566,12.286744864787307,6.991259371409967,8.049399232507373,8.398164768785346,10.494669199333648,13.781882297291563,7.804623417805609,55.044296200340106,9.940429415002525,13.685157540601313,31.360446720857038,26.111509987834907,26.359219100987747,27.471142957528752,24.08498282431132,25.222845956811515,29.491216871992687,25.14775354878632
3.2287329917006966,29.90696856386164,32.63657453660936,27.34670436085248,5.377971576721494,6.392875381272375,7.155363981437299,2.30567634,3.9371658959703897,9.384213924676814,15.615541420053628,7.961940590327235,8.799909421089373,29.732078257970546,20.175164933915234,46.66317482502092,55.11008389045942,16.526753179601393,16.03521203825478,46.13000035151703,31.928607354273105,20.009728248886788,12.254805701341729,3.33972351905513
3.806385,4.004979000000001,7.001515661163819,4.410790848073922,6.247483342624598,7.3197663730349,8.401818793396583,11.487795929961608,25.5546617634514,52.31513073834906,68.33829891958688,21.38567368764468,30.030014989589812,23.4465183131728,17.933520268227156,15.634985250780419,31.23775468997518,44.72380473626976,27.486604797341435,26.44754192337071,16.090474487421258,8.374437363072843,3.2193295151256627,4.024161893907078
9.29065053130352,10.22190991374934,9.50999653317101,12.10054562614993,10.481655324747566,10.110924837793837,12.36870144881027,12.115417939129722,22.320019302274552,7.86749179082657,11.241777584240728,7.645735402089931,17.843530257740106,38.28327667380642,28.725965980770802,11.323515769448061,61.73109201081218,46.34176933831475,37.158875561405736,36.93854323153807,27.047170506091323,43.38089702204421,44.48834715551992,7.239023444397437
4.104925000000001,4.319095000000002,4.319095000000002,4.515417500000001,4.104925000000001,4.532115500000001,15.247085535082006,5.720861029466201,2.7809001,3.4761251250000003,3.855060000000001,11.040373841226028,15.025533880783552,13.775892494042658,4.624685178115156,3.533805000000001,2.5693098750000005,1.8314040789000003,1.6393642650000004,11.071869175419517,13.225275110610392,14.120557733663931,6.559403296744685,3.3004108626883832
5.1387883781783055,6.135969101560291,8.5662025195272,7.431156217326463,4.214897987876837,8.95557536132389,11.20581902343264,13.016524477263632,17.54157436549576,57.22765054310603,47.95264058418187,32.983518100511965,7.8676799123743235,7.549327990537492,6.291106658781244,8.950614006106225,21.458837349579923,36.480107008784486,24.638026974267365,21.743878351064197,11.26934577770146,10.50421182124358,11.464852927487089,4.923474776437496
8.485284928162757,8.927995446153862,7.436540622377634,7.106315956897656,7.067786541929153,9.834753420979032,18.163648242037503,20.922274343788978,20.34575982895907,24.156521399146985,26.88795068381413,13.645270510950867,8.693224716916152,9.619558073528028,3.114315,16.216074831628163,19.420507275373847,16.50037819616572,18.17344721150008,24.775765318206524,38.74420699841397,23.942761284563453,22.913541866733883,5.131417367624119
5.081688283479294,7.595168115239013,11.943583519890678,7.418059492292317,7.218548208698234,10.397099530782738,11.212660122820669,6.577329720902651,7.41104210507036,10.427248403367091,50.39832076649355,11.784300449505915,9.027519701996722,8.54433579949402,8.77148977512632,9.934485875130711,14.2239813889066,16.046667247995565,20.541198355583145,24.11009985136377,25.46520622370713,35.77436270701776,34.33845327312389,30.777308145686963
5.934891695677989,3.612334000000001,6.244538218930756,6.528380865245789,5.934891695677989,6.528380865245789,4.334800800000001,4.263832625190569,2.702460528003886,4.555003185017002,5.512991751099277,8.428824263301495,11.39889436706048,9.789962396553154,7.653603991582965,5.1091676336706175,6.351551243633862,10.61675005455498,11.91926261368773,17.4543040500653,12.251518662756986,20.635251570696347,22.5963824792878,2.07621
4.254195000000001,18.15549706949728,12.74054117561327,13.066249079749095,17.25522448753873,15.36704126309304,16.558991041434147,7.932594756525781,38.003883311901774,26.100363013312904,32.393799680870615,72.29549924280174,10.919146769469195,16.00029907026319,3.880064537225648,94.20150408782597,23.466510927024625,25.48106991784027,14.2219432124099,21.475999755163333,21.356782470258555,21.29713601190138,5.826680650579072,7.492724473527808
7.996376674627285,19.51524152464305,11.90235215239202,11.016478550005337,10.144697737215177,10.01572498827392,7.982862769219572,9.95717416448914,23.38163525583978,56.54176161834092,12.824089124262162,9.258337787427012,6.31362715432068,10.489450845045704,8.74120903753809,7.839904557510643,3.866130760351087,17.11381422466913,15.064767929224503,17.77849169013197,14.170231023391214,6.667258428229149,18.591765104198668,42.238154998965065
3.88102,6.845741917269242,12.517408788322207,13.886921919481964,19.315691631526462,10.999131915064126,15.939771246709736,3.987038241888461,7.233708827791685,8.467513536266305,9.12939143347662,7.09776397132348,10.244250781116138,11.706330874274053,9.75527572856171,8.608016281354532,5.290797479961255,4.639795453844572,8.566122545238075,26.29275637923757,21.91556006345812,23.22452172674642,10.777302054284174,4.71796782075626
6.028173749743457,9.323331916774352,11.32419705377258,6.622412246355871,10.762666621354102,9.485643037133643,14.234224491466298,30.20629405439472,9.587923823848252,7.906258769077261,8.314029440850193,7.50830143809303,11.026415763853688,6.5819379450641335,7.317197412166502,24.698800181856004,37.96887306265392,34.21413616542049,30.93549901809196,32.77047909688491,26.75599831731968,17.02885715059424,3.337621626569139,15.153482101814516
2.612225,7.390219545218195,2.7485150000000007,7.726138615455384,7.023762377686713,2.8734475000000006,8.868263454261832,19.859881196908496,21.56664718301324,3.893176152538026,6.389078564788321,6.940398295673134,7.195886198799983,6.512943295673132,2.0185375,6.046543264269432,6.352644055855126,15.2800453902591,17.325602952628536,12.095401611909086,2.477183823936895,3.0582516344899933,3.398057371655548,4.2475717145694345
8.152124990132913,11.83207115256176,5.321286243746036,10.668615028866748,11.2453568805339,14.060227489146207,25.73575705213655,15.122620152873523,8.704109571764324,23.9157036945928,22.770131589464505,52.95642342867151,25.725058954554324,25.05310250826659,9.729652402165673,16.880693108286593,16.65180261703446,14.733233632811444,17.511553886905716,21.18797501764931,22.658453712209496,20.51148092522218,21.076799977868543,8.849476172696116
11.902936952463746,11.38144105116929,5.248829415540682,11.58006547947388,7.043039204238446,10.445966781851611,14.750636449733635,4.840219114869812,17.838338280332145,6.148986876359111,12.644317686206154,36.91797947759813,41.1343746900124,22.74425984217188,26.93607336661253,25.175415076149104,24.698285164648222,27.57989097379146,26.457810018588308,49.04669106885502,25.75479275271741,27.80311189682742,20.74944312130241,6.277586079331394
3.731750000000001,5.0840241425106285,7.630687256034014,9.429766055548892,7.912410332868966,7.251421987369802,7.48991794202551,24.982938446746463,28.92516227529176,6.886702362504726,3.7112413345308224,11.07016488305244,34.760387447682106,39.06482113641569,16.26289212257258,28.804101297061198,24.708094658084075,55.54468717997359,31.715414154851366,29.28741508997827,20.66134067849765,27.76632427057882,4.349817635182845,17.094340469642
10.983797810712971,6.011995290758547,12.094296345291994,12.090435762461048,7.639945446257748,12.372741872478276,15.821947476334822,9.002818873931012,21.509963812875306,6.680616328102177,11.768390684877136,11.12602603673954,12.575313216716612,7.086633527877102,7.397718839833579,10.229967656314466,7.843364928045956,2.9527782161687,4.025319801731108,4.1894422179001545,4.41956562902068,4.003559166497389,4.131335462081676,6.951267245791414
6.31518222074994,11.324609873318837,4.727817996263023,13.00835415088141,6.315182220749941,12.507358743743922,15.326828417009208,7.018090939180582,6.160144503176596,10.014282554996718,3.3644160000000003,12.627594482855043,12.115578138370319,4.025813844738621,8.786161100977134,10.833923344782175,3.857706453675136,19.627169725213164,22.55832297263592,16.835778804210566,23.166511422719548,17.564617996742374,19.954714539226742,23.77120924119962
8.424786730159804,29.85000307831915,52.69619608514824,34.46775723705728,3.657115000000001,4.022826500000002,6.438772187122189,39.787248839345615,32.095114462090606,19.97602490435657,120.0595485142138,3.98958,3.746736,3.391143,2.8259525,3.1482990000000006,2.2890215250000003,1.6316145430200002,14.869728882224216,11.601268931206205,10.631818378101295,13.408240039657496,18.7296773874042,9.33084673242732
7.62485208580684,5.612055582200448,9.897593134734969,7.547274535510021,6.097465251484105,10.347483731768373,11.87711176168196,14.929615537372454,3.096020396789683,4.085595319649471,7.638869141763108,10.261967337290947,9.637325847194976,8.110764032485024,14.88251333625246,13.27606281155573,25.254975440172345,19.79725093054776,33.51649214081208,14.708035222994695,13.116900374698943,18.059960689586035,6.2550299846949615,5.688699284802591
6.469895424908512,17.335610092854,47.35488165147049,41.31310927195606,10.532005545842598,5.402590178359411,11.631786891208108,26.823066604168705,29.72860370489112,14.902424487941133,37.191044898510754,29.871549697282774,56.27141324219667,58.9886422067854,24.769929075203507,9.974950569711774,7.339875561637982,5.231863300335554,8.295093099298182,18.433509980380887,17.384388691385404,25.79136847706736,30.707634119845515,24.503708348901537
6.023504388353774,6.83896824337167,12.623995474983944,9.824082466462366,6.430434727308035,25.057243013020468,25.89358195997064,64.90994577183675,17.772085631322742,5.298314441946155,8.984542556981948,11.654805365364636,10.27205631395061,6.16590757384327,6.901214955779346,7.210079862422849,6.292327721368652,3.767611186629465,4.791588761814775,3.668630801973984,4.231532932511748,7.957173957360975,4.746017832443711,6.388124749060748
3.731750000000001,9.533901827115235,19.8709826676605,9.96726100107502,8.576655786012411,6.236683545845461,15.133007616724608,23.26897189395228,29.705447109018248,3.1601137500000003,8.509598325028474,8.563549001575144,4.815926940501516,9.80366334459195,7.2641296392865735,45.51319919790943,26.893343288282736,17.46825615071028,14.915079001724283,29.76034498556517,16.538803123328066,21.323665539816385,24.09461908510196,15.83889288224615
4.254195000000001,8.331859394129905,6.018435557651965,10.591697637665852,9.628816034241684,10.322966585953768,6.329703600000002,6.91767635433955,6.523085189742639,8.153856487178297,3.995244000000001,7.572551473222735,7.111613557461352,8.475471276798777,28.036065236077228,45.159142896322294,22.889205017646898,33.944572764593154,28.079696674280896,28.480357087499566,13.455005085769912,23.9750934454552,27.26295580593209,12.000767595830675
8.81037234179239,9.65425434409273,5.619710069903177,11.436121601707782,11.40581171892055,10.568914639479528,10.20273331751723,9.7211494627584,22.63257098422959,7.460783487617826,6.289770948141206,9.788361898389228,10.355800214499595,8.048646644531678,6.5157167875013196,6.832279370784471,18.95128680261532,29.137312901724297,25.116642029239514,26.059317882198503,16.24340786732992,14.037825566429696,20.088836284351835,28.76115978005326
3.060035,3.608114980390255,5.032343575154517,9.66458613173978,6.570996264645459,9.66458613173978,11.093264081649142,3.789762249413689,7.96686707534916,14.09467402170385,8.473010763086599,6.32909489186407,9.00129617444107,6.093105627216699,6.218644058237225,6.3204698745240595,22.13899348449405,15.832992539894894,15.483122545735604,2.482872665555773,3.09869620805134,3.596242083872628,1.6502863631591325,3.1900355634795363
3.88102,8.214943142458463,8.214943142458463,8.588349648933844,3.88102,14.22915992529916,5.643867925642523,92.33358984824147,58.9024485745278,121.07794812038642,97.24237136088092,31.95329008721449,35.87957685472046,40.37878813440433,59.79455186375882,82.71067030855632,33.48182619718601,64.02701856441593,32.44663479808282,27.8869379338426,27.565599533824567,31.971891374109862,38.868619453088286,41.70847873424252
8.604088240758022,9.052997192449746,9.052997192449748,5.4498890601895065,7.315978720551289,9.464497064833823,11.457070070345727,12.47174622623244,13.277988714174848,18.88835915167397,20.00771143158475,13.575946947190726,25.504363724349307,14.963021987763938,21.76258540677623,27.00356001249392,69.2207762427874,35.77281206862038,19.218405521606687,5.664091512089112,3.0345428936266483,10.73745686745567,15.208106027793107,7.722952803995248
7.7831242390427375,11.10071188496359,11.10071188496359,10.23262853655214,12.82916137120379,7.984373971772032,16.19821070520688,8.952600407431069,3.555564699340462,10.223995432965678,10.6287850134827,11.522128290714765,7.436398611150956,11.896131453298063,9.913442877748382,3.6462772142353836,26.69103862573275,8.324941818674988,8.656191930018643,11.179164872510071,24.32932429071675,26.82443366253061,25.118923578727152,28.45398125183442
8.392976012429694,8.611511712483738,7.295359508916957,5.56300080372891,8.392976012429694,8.08562586056524,7.183957444280142,36.37126409309455,39.05886252506093,38.197186041381286,40.42477857176126,43.81676713906881,25.45352871718249,5.2694291278555605,6.002183650857007,14.561348431647698,33.54101034889823,22.95494229677652,15.877492593087103,24.932563796791428,24.957949041474112,13.816465156899126,16.06400602965469,17.55720804716516
3.58248,8.364343036067103,37.62692402062923,24.155718002150312,8.944984077995704,9.839482485795276,9.755209161314072,9.817144112815184,19.361855514177112,33.0275169972885,89.0964109596112,21.28589474778748,8.415018691216895,14.492924675494907,29.025109750214277,30.72644132775286,33.21865269067416,20.999800406418625,22.69212906205052,44.70593536878337,23.11925449425419,13.123214738454893,4.327533798998713,4.819792294430502
6.590307190630537,2.434399,6.934149304924305,2.5450535000000003,2.313685,7.249337909693591,8.320979165909167,7.474798213825174,15.972276540270824,19.77135018083255,8.655024918562834,16.751105184344652,34.674157814593016,11.44668810532722,27.347478549139986,35.37757834761059,32.85629240893168,22.11559215913926,56.86221695189232,2.7071377342576888,17.64873916681859,1.3459778428457492,13.807123450288742,3.985442688405028
3.955655,8.379928838838662,4.162037,5.233143339029903,6.962210133056483,8.760834695149509,5.833524930990959,66.52131334896097,36.35545333463164,38.962493426504444,32.88875272318391,26.31606784807764,11.727997559459551,3.8538307718616727,6.154305364361224,5.993554810196451,17.735475799795942,24.723542620684523,10.249808079009044,3.271579623170803,10.025599823161077,23.709501518717268,55.87667936655364,11.53410713866364
31.829070546512167,32.613732676980696,18.264433207875868,9.150707198798523,10.799834853218028,9.623598475449594,7.136748015088004,24.34592803271357,25.865244283654157,7.343276338233613,24.2339198119243,23.972179438335942,13.968122227642143,63.816606059968834,17.43111608969852,22.34388579035764,76.82514542057226,15.883953289675713,19.441553349892068,24.905996208514416,19.18358482257074,28.200325013125,26.2620348958826,10.501039483534372
11.755670856945374,9.020272600037902,10.807964747468866,15.006370054892976,10.451478514528617,7.442926552955612,17.703863019529333,32.056409579524164,12.10724935813642,8.918073254119752,12.81176257650942,17.390103476705793,32.09678956870771,11.865963456575692,8.720938769047939,74.09465554799806,69.54421235390025,37.68378467219559,37.68042453189099,31.631265774991704,49.83301754951672,31.433648798569315,28.817538978110488,18.43382503578048
3.58248,12.093162327624835,7.183091615366953,9.225709835004746,10.586227428741982,12.642851524335052,37.823426227107205,34.59798034010597,25.74266550898616,30.294716798518376,10.793896953582497,6.616658803326029,20.38806715609297,24.672163363843097,19.409109267123547,17.663289494720257,29.21770712175723,27.81525296621892,19.36377518251887,31.39284912334752,24.828314058749264,44.93667509005338,68.68678228348647,15.78020702549005
7.40090900257068,4.321629477062701,6.7041015389851255,8.14099990282775,7.40090900257068,7.0088334271208135,6.745391631188101,4.2818496447395935,5.013779444286973,6.267224305358717,6.950418889370726,3.58248,5.262452618418356,6.480905767599895,4.2873018260925395,6.3712173152565,10.311969700327658,13.541629149537332,19.31878379814888,16.32641735151736,10.49537944944108,23.35023088639545,57.40371653925499,28.151739270252385
3.507845,8.996888726343927,8.996888726343927,7.388671408848648,5.112409504022111,18.185517283208583,21.06241847949434,27.954796735379627,32.068229571258726,24.379972905226257,35.71684106247035,23.382505488636816,17.4513755609801,18.734887610824643,7.337044075874496,5.190443888049789,4.491161240754231,3.814905370415722,2.2248063192434926,2.570850512905362,10.65799036845127,14.913053648489512,22.8369190260788,3.646179590778776
10.845729190163668,9.599379473152664,11.26129957915477,9.902508880190997,6.62815475551021,11.48538176312783,36.31489742710512,4.953636463399668,6.010014193864547,9.506509449934132,9.477666575268938,8.782269987171505,8.194925317561982,10.04579822720368,7.198280720709723,8.609401032241065,15.84127544918646,40.98799264247479,13.468265206100645,21.123411085364733,14.991476725345915,18.09388198657942,25.04423173679242,23.0507203808204
3.955655,14.101439458589114,8.546208533624645,12.874217512741694,12.98551706695094,6.483405213126632,18.98348156258547,22.674591113636524,18.29350079895505,5.996095941889774,10.62983635299085,8.055301563892549,12.533701584247712,12.427489470266734,15.121367064585598,9.15820265001383,20.29173339350862,15.527169776243165,21.89710221536177,21.176220746558435,23.408597257019554,23.75186024206292,8.181329361738705,7.360166268357609
5.557082975210034,5.1901855543505295,8.03645835507907,8.401751916673572,7.637956287885065,7.028375530308051,5.177291169567019,6.581608017165251,39.297617968045984,2.591293275,7.173037209492061,6.743285420740955,4.414144227617472,7.082468557857059,5.902057131547549,27.662813402815676,6.144259837280611,12.90124217573336,19.441795311403,17.55437873961727,19.321203734680022,9.871294446495286,3.091171990333113,2.4797318712238723
4.143984204045446,13.16465269786822,10.677338117574806,13.257582731055994,10.956213558936264,9.75878137114994,47.03667844338893,22.822137674184464,24.819158762925863,92.84061262820144,25.90287656271085,65.66469609811345,13.35729152538765,22.85899880121606,30.188814349640072,24.675379727352915,13.514902239418207,17.705271674436304,12.613237316798326,13.614522165023445,17.23000070396227,17.23210983998228,24.98973298537616,5.686561452956601
3.43321,3.612334000000001,9.665760181208514,10.10511291671799,6.571349793413879,7.516147587151538,12.393222121865833,24.290766506376634,15.381578224635009,6.007644123175029,5.680167490497818,10.021599586827756,9.411589177194761,17.392761498778086,6.896555857002857,16.755627180049856,21.71367370068367,16.771833755532853,12.113485206189136,12.591418648636903,18.50460977490411,24.60302554298721,26.805619628262907,5.081009861480285
3.657115,3.847921000000001,7.108639616322163,7.431759598882262,6.756145089892964,5.240302606743665,6.8534265369066265,4.853849628930059,12.672293959227863,21.265632287080408,10.218895138970923,10.749199867818705,7.892482467984661,6.041948214304536,6.989801799276942,11.689797623580178,4.228732631264824,4.265758082522569,12.17298972004179,16.136383573575817,13.48037791847418,25.17023610153396,3.1614932080851736,2.4793460015548416
3.060035,8.006030265131306,8.006030265131306,7.460140325959421,3.6803534584787,8.810759425302733,13.915437038827545,14.273971483678917,21.82283524523757,64.01648298551326,25.09887469107709,20.84636167386439,8.981423815466549,16.63580009877934,22.864625239086347,7.138448398743795,1.915303725,3.3947566523446047,3.0387847271626893,3.0696666697064883,14.455486788807452,16.170508130050717,3.6812100092113886,4.601512511514235
3.731750000000001,12.517225886889213,12.517225886889213,13.086190699929634,15.670359339293476,100.64095076238488,62.64717976975485,32.561878500246884,19.252416631421788,15.02331626647496,12.280502582556863,10.379813622671923,12.188072689262526,10.78594622794709,7.4546130165111535,9.109894626313553,4.974867894759484,3.719243214912382,4.751063085183148,4.886807744759811,2.341551282746454,8.347821840132953,15.668170065055202,2.816874967692868
4.8385216120670815,10.043647042024704,11.92928818173017,4.829200082212314,9.920700959065654,9.24567966173417,14.315145818076202,11.80197655332727,27.188533858611372,26.260884977442785,24.72720814386328,26.00984971433697,20.664142227612878,7.588822149859824,14.401340084584447,9.244954300487608,21.064390951406004,18.7453549148922,15.008477885072027,19.4725081994964,12.72733124717296,16.81527992646686,19.993548562146746,17.63809191161454
11.361806258063014,11.7190948826659,6.773568273100931,11.671172233852635,9.408987148929636,11.020751662830424,8.484997684919126,20.04614292783573,19.74146165846874,15.15733482700853,18.215833896051173,27.200138025167604,22.96797358185152,28.62516568648442,11.286781275228625,8.48688854387161,5.570432902303873,6.986494335264718,11.47095953102222,15.88067664565322,20.073793769271056,26.06061148967808,29.938551233134103,36.98454927515131
9.266284111296423,6.382246989887034,8.977074083743275,7.210875536920633,11.45103604383369,7.769543672342677,10.13123504070315,20.033772420580057,18.805943305625917,42.869840161157455,40.35540077446042,12.49203932054584,10.728520680159015,4.279710619031696,8.848527852053303,8.384505791970625,36.0690172526833,18.90141631302179,22.31631381229973,29.747857575727718,22.65141225400908,30.774878580886902,25.75150215640192,50.26900856085029
3.060035,7.67766102707003,7.677661027070029,3.3660385,7.296950562917796,12.053392421746889,11.513161232484034,12.814881759318618,5.919951984607295,4.2058469850782405,6.454886719266173,6.804787278750921,6.91740813419077,10.054563329597215,8.854877514410116,3.474360382340356,23.105094085303374,26.586713815841385,25.13116984469117,19.38531073535031,15.601131843416274,24.91176708198682,21.24972459219139,4.412780379946335
4.130820631279067,10.648514767914136,8.84734333216545,8.841789529286194,10.491130853617111,8.96324546314119,12.590105813339534,18.850961932851988,26.06072656640032,47.18750331924105,36.906326040764114,18.337679250077223,18.779893381762093,13.00864109373965,49.40439241837022,24.800068391094946,32.689446903053835,22.75294669344408,23.29738537813607,20.70002933428021,33.8917665775348,52.715108152791146,29.83331853054037,9.57547063597778
3.209305,9.265286160251044,9.265286160251044,6.048680967297449,6.261966172481758,9.686435531171544,7.585219896150626,4.133291311524949,3.552851051353579,5.518167557436957,8.269842192620764,9.606382344963514,7.97915620498382,3.68356336271168,6.804520827682489,9.27536462969008,20.181756353007117,14.785341378819446,13.0294543008391,54.28633713378908,12.793823596785655,3.834199562033264,18.82639987229936,20.35228106199064
24.664577565633333,5.063974404903737,10.77624463596074,11.266073937595316,3.955655,11.266073937595316,12.931493563152882,24.234504406566696,3.4540737975951954,8.43104685296847,3.983221013029211,10.549538080476612,10.492872312701058,15.199065001248613,23.321233965153638,81.22629241141053,56.4166591756082,22.01838267794601,18.157475848273112,37.28238264664157,47.505534839499006,26.531474180643155,32.572211974975694,14.556296384412413
3.955655,13.28573446759214,13.28573446759214,13.584918357242326,4.545129625214551,13.889631488846332,14.45432978578618,39.33959231471817,16.63037645556002,15.670141373538137,13.54007396931331,5.905850428925795,13.060853544559725,11.106344929419551,18.51989300351947,65.10999211843034,35.09282570512404,21.211440564913087,28.16989717711943,23.952594628998813,19.831817877257627,47.9951009100217,31.927686708542257,7.636053243957917
3.358575,6.021855882913423,3.533805,6.295576604864032,3.621316828774146,5.862052587386694,7.226227059496107,4.111782917738076,4.921044355656759,6.393394672591676,4.387884239461201,4.667096073501279,5.3251439293589256,3.4797649982040384,4.422512491020187,4.135320441456712,2.825518084392532,4.739098549351199,4.518638303095576,2.3509723506125937,1.18452294,2.4919896471139844,7.0702142991648405,2.031075
2.38832,7.890369788626023,2.5129280000000005,8.249022960836294,2.38832,8.249022960836294,7.121923693132599,2.884142800132974,5.080307363979508,6.350384204974386,4.4246258676619465,5.646572300377258,51.45612547377903,64.41065494909367,10.058992302679268,6.455757099784928,1.4948712,3.3457137235738093,7.331120674606018,7.182070373717435,8.491849053715747,9.58104455638088,1.1554559999999998,4.535035979187758
9.289477924338502,12.814191738203318,9.931984856062977,14.828856032330908,14.603989971205191,10.992110142083206,13.037374870379788,19.26835004388145,16.550119641804038,16.728071939145266,15.81119242253978,11.94292870783437,14.288887871143544,14.35256439058425,8.555539035280365,18.634609664166724,8.231033300598364,11.837145792958507,12.32319375118526,3.5106405338324924,5.690881964563708,5.160509852847602,7.91279394049178,9.890581386330044
4.17956,13.995896586252616,7.675359077678252,10.654697779050425,8.5453498853477,13.178687917718694,15.303041268902849,15.310665605302194,13.407729981883366,72.88325968011607,51.47946485325571,34.07934729907792,8.228522086153799,35.94930516006595,22.08520213163678,16.31854678724201,6.976946439379006,16.605146313487065,13.84257953773706,14.367711388515794,21.86656294792549,18.84168067735021,32.661839251047496,45.5275566208904
15.901696926177348,55.3442141372827,3.7693920000000007,3.940728000000001,3.5824800000000003,3.940728000000001,28.66259457397335,30.604751320932237,32.07126029808806,36.31544207437693,91.94718886731582,13.227565750677684,11.493488170155864,4.967737916140141,2.76828,3.0840480000000006,2.2423068,2.375330310658501,18.73723029116729,18.130784798706134,22.19110091078157,23.70506533341209,24.283103238767843,2.16648
5.967500156973383,8.258499983751747,10.464487975002,9.724249622354469,5.966288809312151,10.940146519320267,6.281540719296312,17.617353265611417,12.943198072441351,12.33325629312286,84.2041946427699,40.67650036057074,8.202425189005677,16.20671110046012,8.158848855188943,22.424386444175592,114.47682719839942,102.42326357297858,12.707911998203736,40.22529157116893,10.952443167232843,36.707758323856325,14.827852339790356,16.426950762586568
6.38404527774157,5.569932147574835,9.102651276833845,11.353239655176308,10.321126959251188,9.404384222829048,10.048948507740477,7.600455883246372,17.128571614758368,7.0731217903448895,7.659296171456149,11.044661318373498,7.548883118389086,8.475275003540244,6.9329255108959496,7.839880436675304,7.496981625262278,11.733108323782814,3.788060235789165,3.2421440577840803,2.6681307256810225,3.893981124580341,4.993304109930219,48.59389821345797
22.888728989707825,6.788445613719282,8.769827192448012,9.16845570119565,3.73175,9.16845570119565,12.558113575274891,11.38627135523818,6.049573639558027,5.995082253779862,7.827614353589961,6.810100003652042,5.752479133007091,5.400545835920196,4.662137849593513,7.175313157457465,28.48936186602522,24.86272124673693,40.4212907234948,51.467326499644535,9.203913920059,16.402387963359665,15.078768083971216,10.96917280486758
40.23878740514159,8.459303264481862,11.04751690079261,9.685804979070754,15.519277539662475,7.944337443384248,12.73937755368899,6.365182142607351,3.670901419904532,7.827045397579138,7.3211278906259505,15.463948822332252,15.768219784570514,14.740891717556492,11.542046005139502,17.569808837930807,36.87675619749945,31.625567180074125,32.154402251577146,24.718017874743232,22.74152981914608,23.837458242550177,17.97610942617806,8.843509897811181
34.99684522363693,49.0804607779715,13.551930901761931,15.238902377637872,9.41883727977651,9.673167363666776,14.295722490972777,4.674187583843543,6.080754528486271,9.101341158583097,9.87760596702725,11.0978341498472,9.480296915473613,5.5832418603526035,6.935911633404898,34.045250740873286,70.57311523921163,4.795061374923763,12.326851591388804,26.01764481396563,15.332739916344629,19.81717099540402,16.314608109883984,5.387489231201
29.408321258257654,7.426727389144858,7.426727389144858,4.515417500000001,7.058459915302963,7.76430590683326,8.91207286697383,7.9837929663362255,8.05438870422899,16.681640083149187,70.9894066849585,7.700138089421413,9.165740684037363,5.175751188004099,5.4542644800068345,7.376681561799181,22.42219243511396,25.50770255468584,31.97183357609546,22.045772704179413,18.480372962241173,62.13578550224855,34.70038524477729,34.88138365960255
3.88102,10.309920458639432,10.309920458639432,7.523837603379704,7.7125866485385,11.748177023404995,12.371904550367324,9.05547869630405,10.04075467976538,26.22143489386128,17.938547733614584,22.23481977185193,37.66552799529417,19.760030464865974,3.4146737209425613,17.836254424427707,45.65637436186307,11.59386724957124,23.738514616571045,42.942132312112896,21.114876187020304,22.99223621323463,27.095525525472468,33.44126852304802
50.29657928207067,8.259086140845218,7.130334737254569,12.595325152128286,8.465650517902702,20.66315800065345,17.798877485672755,21.45609684306779,26.332382994183146,8.69759691257177,10.137991671002572,12.491231555829703,11.462388344180894,9.065087037460648,10.875826782879619,28.773938199486082,17.451669328927053,39.42140201483696,16.29913505003005,21.86422076516888,20.33068507974319,18.323376313507968,29.30886603716988,23.581380319761408
15.617871982332437,4.947264326622629,8.144382169385409,8.068922508093568,3.4865122049133443,6.063457679451462,23.651576502160676,25.304209540656384,17.430372700402398,22.94392267027132,7.269365903253091,8.444212917920256,7.93021734900337,8.566079711024459,17.725768596298057,7.772069100841977,12.36385464284988,32.91445242412928,13.663321461218468,14.96297518770128,7.092716356263328,16.58168442488428,19.82676974030917,5.856404159168348
3.88102,8.072546105123129,8.072546105123129,7.247949156423118,4.693427406297214,8.439480018992363,8.319385118676971,31.28871425002261,22.506380706833436,6.497004659249079,3.644784000000001,8.369732250240357,20.01301308010901,20.727125097177897,27.426048739614462,63.43010261257964,30.97114139541084,27.56251357828032,22.256910584140652,33.63395409021915,35.45782230998924,28.84564313068107,26.52710812926668,28.05879950477577
4.4781,4.711740000000002,4.711740000000002,4.925910000000001,4.4781,4.925910000000001,5.941584000000002,13.186802923502825,11.839463575396405,56.60107876476979,14.293283834090772,17.95481575498512,32.285192228288764,8.238962968311604,3.4603499999999996,7.785965479852322,20.31941007274113,24.360535967246616,14.58529040034785,20.25748095020369,17.086911772781725,20.866606357192577,27.51642269128784,26.758256510009588
4.17956,8.401974422122299,5.9993641688489205,9.062973440427289,6.716751727515505,9.062973440427289,115.68138936085371,10.600552759991622,11.472167573688338,36.056011370122725,23.79926535838597,30.16181062727976,12.939594584889292,9.051463124131628,7.542885936776356,3.598056,20.520042608788856,27.411620340312957,23.669693470796368,18.651510430643796,20.446284994851148,39.22409098130039,30.23603501227224,23.55024296914003
9.622352983460496,13.432242981565002,21.428325112538264,16.495811182380997,9.268152983460498,10.116977158589544,10.331803521409023,20.62089475492224,3.624543110894569,6.396919771545527,8.474039970944036,16.204827036033798,8.813325837623289,8.594105493754277,9.107223860493786,10.17845082923991,10.755136921442626,40.8319455393614,30.258663702734115,19.762396261915825,20.47148295631712,20.31562731308054,9.377944053803407,2.34702
3.657115,3.847921000000001,3.847921000000001,10.6741965,3.657115000000001,4.022826500000002,26.175482802494763,20.47604913261434,22.02972202348788,16.9596342,3.434508,8.237310931215669,25.402799765977058,23.96651758928191,26.728834171470602,20.171996615585673,24.698358780198294,25.759366261804225,37.50404008813919,24.561372468958854,20.474022044954605,25.50089959534609,25.120134886339315,2.211615
7.938378778947161,13.38069644830133,11.184195495913148,8.300592970159023,13.753276581181971,8.303992292810113,15.447389486359056,6.531212114443192,9.450384340318042,59.34681114987846,11.39718669957892,20.09770790855013,22.04869898439243,36.99761629701227,48.42332535546049,14.021390388766864,4.35017415244474,4.597734809470022,40.09257990178081,22.293529913013288,14.790421122848176,21.906033855051326,23.18120853039688,10.808768081221311
3.7624720298719687,3.926450000000001,3.926450000000001,4.104925000000001,3.73175,4.104925000000001,4.711740000000002,2.6810190000000005,5.034151481735338,8.002057878691227,13.395551959626408,14.670402029812392,67.9777126507534,21.04572475924284,2.883625,15.536493517734115,3.711198769575201,1.664912799,1.49033115,5.991530738878779,17.649516676242442,18.22438794944537,17.647668366213104,39.74178176462403
10.214203279338973,11.602336610986791,14.186977979494936,22.446038891296944,33.02012379012583,16.276506657209282,22.91190990662143,12.34492891080035,11.347345349855932,12.101231576587438,14.53186610833052,15.675941607087784,21.963024543600277,9.541875073639492,5.966288230631292,23.45354055861599,35.1015207352444,20.851281212995435,16.006052356801558,24.79746373030207,2.985164872289721,4.4378842820938695,7.04945796499223,6.359416654139114
8.394138908037586,8.83209398150042,8.832093981500417,3.858629500000001,8.394138908037586,6.79040584482255,6.952912627282024,15.961948858879754,27.238351271273743,37.02432779501847,25.14309514158836,20.661745740377825,8.59984507890649,6.341997462519628,9.567815311488502,18.07438100279642,14.766428998578013,14.99588872619333,12.135949189947269,11.846906566178204,12.750562288967974,16.51907398037647,19.030751009487,36.70973247532697
4.104925000000001,8.717027509198997,8.35044654881352,10.887822264358013,8.889743972135916,11.553284601363112,11.602264833180849,3.798654199178696,9.578902091735827,77.78987385222365,29.34305267840444,28.658952280689235,85.55027290487416,10.949564955633454,9.210534611951475,4.614395385365344,6.573914419866531,1.8314040789000003,42.22531519310809,40.252522973528365,17.255561824838757,28.587106848923494,28.1908128604816,34.51859817195835
8.655760162698462,7.606663264060446,7.906803619398816,13.178560306069135,10.4888603453776,11.892521323002557,9.688693523762533,8.99690647766946,6.782542622384444,6.90032707585886,12.030735276677968,28.8284323452299,6.261432687879002,10.857714968049736,9.060953462080612,15.083747139626242,10.930757210140204,29.9686605941082,19.895149775513644,3.737992236577996,4.416663179946827,12.185141662419712,14.052779241770358,4.329495490164413
3.88102,4.083508000000001,4.083508000000001,4.269122,3.88102,4.269122,7.883779908897901,19.964337872191823,3.446831875996386,3.2865183,8.172116799509286,29.632995274993856,15.02269467866391,14.658862765808362,6.2449728878813735,3.341052000000001,2.4291657,1.7315093109600002,23.27423121732136,22.745672558772256,19.69162707491775,28.624068549180265,28.91516825769689,12.735907700743455
5.902588050492205,10.45644396505101,9.802052181559446,36.552753109490354,34.17011559003601,9.226205042258004,26.847301028158743,13.395375693555556,30.908640703910315,71.65121969823312,29.478041562914488,17.223073191919106,18.127585881246024,13.929124030560972,6.29790520378506,12.93956169240191,32.03675960598873,26.126978616337205,17.63683148709112,31.39419443163741,27.590299444198724,25.989329698367865,5.164411435830552,19.768824230755868
5.287097648038351,11.538391854674108,12.255001137336224,11.635671136119438,9.81400265136874,7.376186090609756,15.863379503819386,67.83784847249792,88.59620174870794,58.07886227915723,13.041475603738256,17.504447225391043,20.372165895965942,34.226575397796665,13.503885507531566,6.689626138082741,6.142673477697616,10.602296664260692,22.07535878358388,34.12534192849985,37.75978127056789,41.595789232208645,43.28848297063917,40.09158041120931
3.731750000000001,3.926450000000001,3.926450000000001,4.104925000000001,3.73175,4.104925000000001,4.807572,29.95415674391746,17.141029114814874,3.1601137500000003,3.5046000000000013,4.071,15.92785397986504,6.073672723682858,3.667346913365825,47.513509764026665,33.212469224652594,25.436674123452956,34.67895102043589,36.00274303745429,26.139987662662687,31.490754324535907,27.20085922043505,2.25675
31.680753020250304,18.284421893123543,7.971912332977177,9.77629549501366,11.04103568527603,6.5558672587899744,60.43186553782832,75.30402542647953,44.07599951494103,9.349749764395112,4.248829354280152,10.879204382024383,11.311606520251173,10.238051271801409,21.623205048525183,37.86458419941416,31.9237270616384,44.6898854038514,22.469165115441143,3.650785598008296,7.276503985498119,4.8074327711067495,3.442046486038284,18.1380604769964
4.104925000000001,15.499650753345875,10.145293191977164,9.5594253702926,13.61439806920542,8.814616099211074,16.340755156716703,20.303998510606156,26.09910918945919,25.957195997537497,32.85688674507976,39.62646484324654,19.948649374663614,7.964679963964781,9.303954404866284,23.65036324924704,35.48462059083779,24.84620236384157,27.76122030408432,33.587986420748024,27.06486650688,27.97607137656872,18.78419448269806,7.051435509190173
8.277711491771216,11.959498493382172,14.702537086706132,17.487730599950343,9.535081984593072,14.810567910363352,12.638677431458577,15.275126490037886,29.44392920771601,8.964641043026836,12.641144135894493,13.777718147599105,11.064180301604335,10.046045878578283,10.86780225846446,12.26425645147035,13.048233951712458,50.56323960485076,26.8617483288189,38.08582607003503,30.729061945808592,31.777885919363484,35.64594714840579,32.45151471196032
3.507845,9.878901063914984,9.878901063914984,3.858629500000001,18.90772226380872,3.858629500000001,12.323956555061253,13.602504577427302,18.87514164245135,22.961233754604333,19.82103752953606,3.82674,14.565112920599118,54.710609966275236,12.085435547970302,20.566864357786706,25.02420632370044,20.150465262447693,38.56443838780166,17.929460874827345,15.453450424271225,20.79671293190266,23.984022970757383,9.219419842568312
3.955655,4.162037,4.162037,4.3512205,3.955655,4.3512205,4.994444400000001,2.8418801400000007,10.957647041403044,75.25222311426904,59.21137043518911,25.643079845112823,24.40981791465806,23.23261723885612,28.305327899836,37.639825011220445,46.62671024101638,42.30452061377903,23.282174683776653,15.903587864446369,16.752212763555228,24.558305239188407,28.31943779367309,31.89422806977552
3.806385,4.004979000000001,10.178509515734808,10.641169039177298,8.07358866226598,5.947245010684717,12.499055362619792,9.083001570547143,15.637925806542842,3.2233160249999995,9.084950642143465,10.55322549339897,9.910855245974686,3.529556999999999,7.475201391157604,8.327871421964842,55.21209285504858,19.195150811612464,23.772588330707936,35.73519516897456,21.639573153156057,23.974360635845667,19.956220900733847,3.2695957119466827
12.64453095501153,13.304245613533874,4.162037,13.908984050512686,9.37253666726593,8.346231406810148,15.965094736240651,15.69001200636436,21.92849838468623,36.13105234188638,34.33878659728833,16.775375995160534,7.773432309379983,24.627427981176808,15.574960077004091,21.287388816959464,11.163359205398075,2.965043732786425,19.1845346629293,40.3788482195317,20.99605393246729,32.86136121453301,33.951664821987606,24.860750278122087
4.104925000000001,6.934887220225927,6.934887220225927,7.250109366599831,5.209851006707004,6.794327388833198,7.1011616281656815,13.47816357884795,22.622497815186808,13.63622138288535,9.714870628941233,5.984817281873187,5.1960228392140255,6.111662441265973,5.093052034388313,3.533805000000001,18.48076369149697,4.625447501321322,34.55523659716837,17.636051410838284,17.716171916431822,31.585378742664584,48.96694838934877,3.985866809521287
9.305612408936272,6.824961539258384,10.786881405366705,13.088025639411178,10.910478885160284,11.956380507387673,8.917530981045235,5.621050296588334,6.290227359532309,8.437778140857768,8.735902310909223,55.36349103112737,15.16395497852871,8.743152102954953,7.174843338167553,8.577787481989416,7.65327036563698,4.341719469552503,19.65360015278256,31.637477383304397,36.0137506525888,30.992283104427067,38.48295605526989,31.83722618799988
3.955655,6.128437510920103,6.346926456577891,8.919625727390136,6.86282196288463,6.924212329586546,9.451618891418898,5.825608518553145,25.678156686774194,45.73395204870269,19.93320340126852,59.52368279739707,80.96130014798231,36.8813695863942,32.79908332515527,25.993010415025577,26.749983698956505,13.872996673551915,24.536934323051184,27.2309534762409,17.609134468741093,22.397465394037926,25.93563975845967,4.903710874202984
6.1499251193618285,5.144253931619484,7.207755692287668,7.5353809510280145,6.850346319116376,7.535380951028015,5.465618400000001,4.921527068568652,4.640798251823203,5.800997814779003,6.433368717083206,93.12855251025896,24.986519077971654,68.3064503660386,24.567957375032535,24.7458779169122,8.504096700121048,11.725168227437846,12.554258477819152,16.816112194064086,31.990251823935605,18.50768227778165,12.68544723036488,10.041796574886003
6.345295610660946,10.424907659861264,11.31287029870092,15.400923657933856,13.26786570061173,14.594652270672906,9.072183768130106,10.96676678012288,7.392425767977601,4.273661486824361,12.460256484052756,14.47403530975825,15.751870155456634,27.67955591093931,16.791139241629235,11.18357731387305,30.906024151039936,20.777511248725475,20.806007607381144,16.681083865868224,13.815516008347307,16.3281773846418,24.24531080062917,19.476323125990834
10.23858418497661,10.772771185931914,4.927859752627079,9.976002766478944,10.23858418497661,11.262442603474272,9.405910800000004,22.0808525111568,8.091709756061432,27.53009432543219,7.967909467051216,5.747180128506596,10.489490200576826,10.356116786566142,36.66518938628582,63.85991135173391,21.15592934300401,35.34250127488256,39.18762116001518,21.375224797283803,18.2038473469306,25.46314220536838,16.964704833361846,21.69150668734595
2.910765,6.346122672958537,5.173447075473347,4.182624726987615,6.0314389040515,6.634582794456651,11.272935207550246,25.13020720417544,29.71230001735268,33.58725742694288,12.136531840326628,14.911339974386914,21.364325702696714,34.88445719161769,20.377575887206476,32.05185217367733,40.40897489307152,47.09312260803211,26.67824692731727,40.37778852206864,22.0210320792931,25.66828074565245,26.45252500164654,25.15403093684028
9.028336357811025,9.499379993870733,10.403212211846071,9.757619251739245,10.091689716528442,10.390582748507594,14.750366226346198,32.98703528241846,33.96388255466131,15.249303025301751,10.476040453274374,13.715833694766271,7.836892734908494,11.65845864055133,9.71538220045944,9.582087937851892,29.938484718647377,28.894038292653875,36.53831477477245,57.626254441406296,13.96284132141984,21.01109545598437,24.36348069560292,14.580340641941971
9.768617465915018,9.126916261202895,9.126916261202895,4.603768562237639,9.46653562237639,8.670362997901112,8.951838151303429,12.28382077414348,15.263867609061386,8.016434483857825,8.890311714927394,9.462918437610812,5.099414607006791,7.798620794497127,7.3150502536544835,8.149452405350111,5.098788618991919,9.894030592537309,10.70881182742949,12.582898344888529,8.759991990503577,8.812764698356448,15.251878944859412,15.815400073975797
3.88102,4.083508000000001,4.083508000000001,4.269122,3.88102,4.269122,4.900209600000001,2.78825976,7.034091839999999,6.393070799999999,3.787344000000001,4.23384,3.9761279999999997,3.5987639999999996,2.99897,9.42641090137421,21.831981491507158,9.38382457711279,12.532864390159888,23.759589053652487,24.81903691880777,10.581753454379546,1.877616,2.34702
12.750439880438886,10.952649183337591,15.667537820160296,8.85687814805923,24.94389199792952,17.488638248570506,6.122426676983848,9.1212126017931,24.239041155364664,14.014003647519,9.51112658258328,11.68756496768776,13.37792607734926,25.1557400983479,16.546067955739858,33.161730484866226,22.62410388398365,18.38027568928999,5.700131177411175,5.175077380508162,23.046222107174493,22.70006219942859,8.92030956083307,7.002919607477054
8.071954379950343,3.690863000000001,8.493099825860797,8.879149817945379,8.071954379950343,3.858629500000001,9.629510267020972,13.942331406912794,35.61194357909105,16.014767625062337,7.580618026388148,8.805768414491281,8.269765119696158,5.368816076158793,4.313703769817269,6.94889985752247,3.883652447117584,2.305479220749486,14.014337457662847,3.315762324742176,2.846866642455404,1.5273684000000003,12.944257812366878,2.1213450000000003
3.209305,9.753057554559168,8.593728362821135,8.732960705750678,9.269434865903335,30.78142656767272,11.355870307949589,11.27118564,6.279620783701058,29.260020264468785,26.2728725468894,17.89017574889775,8.854040582530367,27.407652017762505,10.557550203745686,43.49427526542883,99.86339231354866,35.76474434545025,35.721085974705176,53.03003124479662,19.93181325627515,20.27750250866253,16.722610805628637,5.605626618510714
8.875208441286377,8.426573828883061,10.363307892248905,11.718761187683272,6.298605176385276,12.605209085691204,12.772774449995596,7.221579952712324,4.151701032542741,7.320207068407649,8.21235079794836,12.501033803991277,11.740101311574417,5.840524799920891,6.986764944559742,9.86494624097573,7.1724681450399945,2.810110102233938,4.576438242518103,5.532615938173525,20.68624177404326,22.41378573702028,19.12272154760021,6.198911956586177
3.507845,14.923338519875449,10.192270058974708,11.276355822452729,11.655556029018056,14.667258400729846,17.65003031557758,35.590889801665355,11.927717137966772,7.016040824370769,12.7924674675002,10.567492623129295,14.396967226353423,27.403900586494686,19.372077688190167,34.08195316491447,35.66192405953106,34.5449785640204,44.22143685698867,38.66650153274377,29.59308142448757,56.69826747002846,25.82378247331245,5.960534863086602
4.254195000000001,4.476153000000002,4.476153000000002,25.166701779349797,4.254195,4.6796145000000005,5.3713836000000015,3.0563616600000008,2.88202374,3.6025296749999995,3.995244000000001,4.64094,4.358447999999999,3.9447989999999997,3.2873324999999998,5.345049412041418,5.428865118611972,15.34373654421775,21.03679581275301,23.354216743627887,21.553933215708287,25.157843404886897,21.744735214049754,4.468440852528122
3.731750000000001,3.926450000000001,3.926450000000001,4.104925000000001,21.774590071460054,59.56887637228561,67.00801609845622,54.97537796160696,69.32787641354429,39.17712512958655,27.45471682834251,27.32276181990592,3.8232000000000004,3.4603499999999996,2.883625,7.344322898630997,49.86470302084271,10.645385844887963,22.40036321015424,20.77087802499572,21.932271856953086,23.92875381688986,26.43615540402532,17.460797896457414
4.104925000000001,4.319095000000002,4.319095000000002,4.515417500000001,4.104925000000001,4.9328675,37.258061953687175,29.447132410242947,2.7809001,3.4761251250000003,3.855060000000001,4.4781,4.20552,3.806385,7.4813284031787335,24.518548002156038,40.75346293106375,23.43578635599345,45.4453220084132,18.308881632547955,16.104976108441896,24.451252875819293,24.155866053348856,2.482425
9.153201228179617,9.335328276752977,5.762100378346684,13.711605537342686,10.122937633581133,14.440802109886626,9.925636404803598,18.856711340160484,16.591146792721208,9.862729729573038,9.003007465902204,15.293160352584344,12.309020134015716,48.3506141748112,9.012825242208036,12.213179749173943,7.28984371316268,4.2674450137907245,4.780595993736172,5.44552404190494,1.855259147415654,6.358203688947626,4.493493044228175,8.073733814079148
6.183030392132191,7.459235171878636,6.302094863292592,9.68815433758192,8.230978575172411,7.802552543053964,8.639794153124797,10.594445460776129,38.09810542476416,21.54918594354971,9.06203097223148,7.61797178892475,14.308953190185795,7.632361951523508,5.481131951732122,26.02435001970474,34.99806712245703,12.81855127145619,15.56741302769752,20.833981926919183,24.082295177883644,25.077665339290423,28.33625125888344,11.434445707666772
3.731750000000001,10.760384920420652,7.938148530182243,8.298973463372343,8.320426449280133,8.942766671039529,9.525778236218692,24.84512503930705,31.442069542491343,37.44820697817453,29.59452416062453,14.727911077708606,10.477429644526794,8.499590954378862,8.855554340384005,6.494848797421835,19.495632998881632,13.243559696548193,12.837072484037664,12.903213296813012,11.226613721231638,15.744271460008552,15.558416118360649,21.82692296453904
2.83613,5.32792412837029,5.248064128370288,5.486612497841664,4.987829543492421,5.486612497841664,4.823525634232076,19.883473165511983,6.185701557090765,2.40168645,4.6842225278015786,5.441268592900823,2.9056319999999998,16.88554356063415,21.34320697964547,52.739111434228334,31.316424100057407,18.45948145727405,18.053506594084,14.33650263340848,10.330824422526016,2.644445687183875,2.413084332503844,3.305516619103094
3.955655,4.162037,8.559647020120606,4.3512205,8.135201713337763,8.94872188467154,10.431296424144728,12.272411852779095,11.256657908209595,26.17672315745593,10.312369223624149,5.766011751737075,7.166752281989647,7.543550679640471,3.0566424999999997,8.005402346366047,5.091896708757318,2.423071303941799,28.82612614764968,14.439340579262224,13.19057446225362,22.22056775992869,14.934454944641368,6.465042849728528
23.94611912174668,10.60834384925564,10.020842992519176,12.62605489978301,12.594968892772874,11.02538185246932,4.900209600000001,20.715679205226188,8.338925414392143,34.767956041565654,23.12160920872782,11.572112773591742,6.597563036095294,10.63734814936994,9.180427904712992,10.842625394647962,27.74174640645693,24.431615346340323,23.73138258911324,26.63510150578253,22.41017481009488,19.20587636719853,3.7280973770981656,6.258081615406452
11.847196932203872,11.548863468316249,8.526013982502404,11.69207902778956,60.21797011268126,13.853149326257778,31.95097115661537,57.88900513369789,7.581041347508675,8.767994888371794,11.827194681706246,10.064585837381705,9.739495150438655,19.308279922140507,23.730588423958643,34.949710474898914,34.43945473020944,12.790305882754073,16.93672075754334,29.26901172406305,26.502358826517195,58.479042558779774,79.2639537026244,32.95563190794671
3.358575,3.533805,3.533805,3.694432500000001,3.358575,3.694432500000001,5.230830000000002,23.013602996460893,24.7860954145612,25.78614029576182,27.155024475792256,27.127952915738867,34.3095852461759,22.022579875638325,7.287456138374142,2.891295,8.52380027996625,9.629188930423483,11.427523481916708,2.969743776307276,1.18452294,1.4623739999999998,2.738760617230166,2.031075
7.832376448948877,3.062631000000001,8.24102217672013,8.615614093843767,7.3849572263171614,3.447922072447444,9.889226612064157,40.07137632493724,24.372618522349025,15.985902731463176,3.731508,8.544410671580595,62.30941490972507,7.262749070843504,4.669358749689739,12.040058656843417,72.01785176934436,21.76846604052413,12.898867718584444,1.580595078053592,13.38766015300895,18.284598283290453,29.596172926268583,4.736575480984897
11.288120907971706,11.877066346648498,14.435520437543056,14.556028675188289,9.012971949967149,12.274039817274357,14.512118210687548,39.80754593569296,58.80369550275351,53.99234840925514,26.770376727114105,35.00166844386039,46.72598744496384,30.802187306348472,25.13087744960842,42.63082691252717,43.63921090718969,26.29267961997755,17.332266833850664,11.597071171533166,5.115069824243934,3.891617093548331,15.90768863309003,37.0996375258661
3.806385,8.183145947825336,4.004979000000001,7.619089207142242,4.373668587957395,9.55420412727194,10.263221011682818,59.78373852311517,35.40404881822992,47.700712075057446,40.96782780997003,13.107077835708942,5.062034798407563,47.05952885585711,6.009785998496818,6.695301230038911,24.36975101324084,10.87131327853961,20.00588503564272,17.71892918927003,12.851631053991904,16.860264019819727,6.472782789749592,2.8164762388783484
28.770758975251653,3.926450000000001,3.926450000000001,4.104925000000001,3.73175,4.104925000000001,36.83406006266166,37.86717828103564,52.33092262509003,13.527776314241718,3.5046000000000013,13.145925426857367,6.274851147124339,3.4603499999999996,18.20481171368758,8.738107871217398,33.78601125684407,32.01614757917617,38.269805370768864,36.24275102313237,32.56959416548787,31.962456299636163,38.06675595267127,36.39184960080551
16.798623661857395,11.145791602262676,9.510692840220308,12.885959302417868,4.329205147116956,12.392542978760565,14.790840242775293,6.520096488554361,18.559570799937184,25.9602541040897,14.332520870249212,11.800786765391663,12.00158336754118,10.58689484932642,18.199712514413545,24.051543783368555,55.230940026484966,18.749707218019743,17.888161006275418,15.25849537236908,15.633236274757715,20.642992946630905,17.765201212874704,34.05849808003482
12.637155328487228,8.283889157201704,8.681684687070424,13.900870861335946,9.792353467448052,7.480502547143093,12.363910638899632,6.791724380515741,7.800418911597343,8.292342959025326,11.867937178057568,22.62872335794488,14.49894356830176,8.098966204367938,6.4937888488888476,5.776698721064932,25.520391864579263,24.956189103490864,37.45637844459446,34.060553017924505,27.039326156738365,21.685902647507643,32.36467034933175,15.717522926459129
10.039190445977887,10.284232957925347,12.395595666064647,3.8178085771917423,10.316497927825091,6.029015706344617,17.49231578585675,19.91306960250176,14.06225350815957,22.836740788635105,12.360895916317984,32.02313268866039,25.178424486018336,11.955449259079613,8.407363350147804,8.405581222750104,14.613335280646314,14.418700879444966,11.827079006755277,6.101916763080363,10.009126839842914,15.61772230951113,15.511884575300556,9.444723511238069
3.806385,12.886933892079483,11.18376046946134,11.571052831648045,10.436597765299249,11.359197155404017,22.236449281763026,23.9037771991377,34.70180156380262,24.911496497510008,7.755208582790006,9.760823581969708,12.228008608913722,11.16953091834549,8.213467963109283,9.498725856912989,13.90247204009466,28.9944139479897,21.583974603904704,4.808401813141981,3.2366979901436497,14.566532687917482,4.065545433641747,4.993884314675382
24.50475151867357,8.330469313115746,9.085626775738891,8.70912700916646,6.960439339444306,6.867000471555446,11.506878100985196,3.10998204,6.174032303394871,3.66573195,30.04622509162385,35.21205033056995,68.82340079426537,19.55897753669538,18.67172606347274,5.620103570257118,5.255046737068255,4.836022844906077,12.16621812977133,36.782844647897,16.713858018596373,2.6140099297996024,3.4831636758087665,5.511370991268264
4.372174275614962,13.47960107263525,45.51197787763954,25.274531406011505,6.90062026271828,10.323483825265663,15.784070757002532,21.867003854024368,16.1220796098393,21.490487672125564,16.183129524374156,20.780955744064176,23.54179669661607,52.40481008895184,32.05842913095992,55.78393185007987,46.439490406933096,78.97819656172581,72.58785033256315,33.221961334499056,38.68225656293372,52.12796153110423,60.889251691748655,60.14313196035668
2.9267149805660755,7.874427069303503,8.379165376233855,5.5939507862268325,5.325264786226831,2.955546,10.054998451480628,6.695632258053231,29.198606297609334,28.17016152297658,21.00618724911157,14.594039533585809,4.472833947585325,5.605205747712325,6.153744669623283,6.442713056702866,13.632711502244865,12.788509105087906,19.63478406526233,15.38150506275112,23.5184365690499,22.81297959806029,23.97709501394943,31.72019157223298
4.037144353533993,8.314058733802826,9.031637691771694,9.442166677761316,8.583787888873923,3.940728000000001,27.173637058550945,23.14736671592608,9.971479122535314,7.268907653169144,10.673815707092905,9.364132242407916,4.8271576422342335,7.959512406046728,6.6329270050389395,51.235373991345334,44.119527687687125,13.971731781947044,23.883756511354605,22.12285844840602,25.37296535496707,28.891459015086824,24.93652820615379,14.805168268512832
3.731750000000001,3.926450000000001,3.926450000000001,4.104925000000001,3.73175,4.104925000000001,5.350620000000001,7.036447769838288,12.179459601686128,10.829948971734556,3.5046000000000013,4.071,6.21656380391781,7.287974159637332,8.982463391763963,7.384228297622221,3.0077946750229927,9.623657764943191,10.854568687006523,9.4277866658767,3.7421493987136354,1.62486,1.8054000000000008,2.25675
6.597300938085425,8.078201983152447,10.62465569205622,6.183149291706533,10.903629457218608,10.94261340845859,13.025607109009954,19.0013157957336,23.954744185671604,85.8149482365698,28.657243703516794,52.03215268199869,11.420878072606234,10.336952144419065,5.257007035522583,6.303082462958455,6.977442697482871,14.86462214449772,40.262639916325405,10.805074698734703,13.051332366448866,18.811011960074268,21.774234827932897,26.849276263871413
6.773208373307421,17.327000113537558,12.187014279409585,8.865302468066636,11.423389282496116,9.563934052767117,15.112378170339769,22.53564828398289,11.29973685685246,8.135694987091936,7.823549737738785,4.847175425554491,10.493490608412932,11.09868494478371,9.401733209372159,19.313874598713177,18.137657515920235,24.11104517547156,36.19155567988621,32.548789957196355,26.65031370115152,25.31993862589122,14.816591220554038,4.096050913502116
3.2839400000000003,12.513854692087095,9.658208873019325,6.39875204163583,11.893332971818316,13.082666269000145,15.131901174823302,6.022647122526902,6.334452204118351,23.742420284536426,59.74134420968797,20.06435352421876,20.38194089673438,21.949075125556046,21.157274126614634,18.64565017134552,17.85038308968665,14.859901680724834,32.03485381273949,12.708610967927758,12.78842499666166,13.347143861933557,21.61647074395299,4.174338749398296
3.731750000000001,6.5203094619444855,6.232102855061764,4.255578453597786,6.196988331600129,5.46080608238007,6.095131713037061,6.148277758520074,9.550941622603576,27.215283808307007,23.25231359206715,91.12241153730382,28.30263170470085,5.746298271120119,2.883625,12.8906092708898,22.251266826503542,17.20944343870253,14.360878621495935,1.5329120400000007,7.492634247930526,15.514029587321684,15.620667277888105,6.33232018957235
5.991025401324755,6.303600639654744,6.303600639654744,6.59012794145723,4.03029,6.59012794145723,8.522640767585692,28.6586167709289,57.95231843155604,107.46746653904104,46.52014232402003,49.562405129391486,36.317558936032896,28.37847309176278,16.890334416287896,27.038326180290156,33.22489118563272,25.56078369353792,24.70192480359595,25.081868300848228,20.628860474862563,24.82727364762972,13.494166204433098,6.05577781122174
20.06799509840326,16.487389834711355,15.26471995110624,9.239048089960855,12.268362909063969,12.965276901646954,18.62624093909146,65.32138442114656,21.633494838977157,14.582705838186223,10.862016205848615,24.173936718951985,11.63867902208218,12.266813732164525,9.059080529844458,11.561849266948496,15.164912376221942,24.7077167162453,24.721145982136573,21.51885800012268,23.245546765972563,33.327990338378875,33.32652672194014,38.86099983657603
27.61304027034009,2.984102,8.869070471471437,3.1197430000000006,8.429281853051364,3.1197430000000006,3.5809224000000013,8.384147601937554,9.489022764638383,5.20045803531097,7.916195131561282,9.19558020332876,2.9056319999999998,2.629866,6.513535977357872,12.267472154295875,18.96657892997956,18.007442175304433,28.875583135387487,15.29744524726751,9.892113142507714,5.487777454339368,4.0780399162588425,1.7151300000000005
3.358575,12.070195803970975,6.41723547616642,12.618841067787844,8.731223245434085,12.618841067787844,9.478515074579017,16.47578785888549,22.60980572939361,34.75710097828394,30.988361398048305,25.698221878711355,41.940606688421504,25.368984482883008,8.092881477822697,5.402057745092442,16.451576395371642,28.957423199227076,18.88913963461082,13.912759140262096,16.061475351182278,29.4744840460883,25.94282165284336,10.654190060496669
25.949493324345266,14.39584215252944,17.86572975567474,21.0852646988611,13.11332668388613,16.80833080598684,19.38664373378013,36.92822522923537,37.00650054144084,41.163843323852426,46.54704308181762,31.44846509311422,30.155204166049806,22.022453104756643,32.61307355734298,31.649847797777316,15.405334189826926,20.62114536661484,7.278042321761028,11.481269034603269,16.822285834072982,21.106015960745665,28.70882405465519,32.51006129492573
32.8590847484517,6.69041829336568,4.083508000000001,6.843116759358539,5.395134564328551,13.246853262466516,44.43887884540783,46.43301018466858,58.96167187431105,13.48081544237288,21.44993377465112,30.712842616367325,27.59231671406369,23.601466450683212,104.80443270918613,66.96463640691084,42.02065157844223,29.915000199947404,27.3986448533466,29.820320706918327,42.615265943489625,39.34823482713509,20.243361437832576,6.219678432126408
12.58041167348695,9.784080707943057,6.1133218131098905,9.9489900180219,10.894414186951956,6.922431198250353,14.29438327223419,4.5211957754896765,7.091268535128562,8.597498946941174,13.067379926991377,28.009318288956468,23.228183316909934,9.310397198640475,3.76328717392573,31.588946395062543,49.03314787432872,23.76855384679168,15.857467692117767,10.138285886330523,15.844373894041444,20.188114996587004,21.69244931485983,3.943936849655012
3.2839400000000003,11.507354982967872,4.9541203713750654,6.432886589769439,12.503716000167357,6.901378377271268,12.529380530320738,9.60978896584224,17.689567536013275,26.399084811692425,27.210685207751617,150.39015517151122,14.196605935097754,10.752774254555302,13.601918164913688,10.764068556665816,5.553921943348707,2.949822894208398,4.993549258605968,8.233891608417167,11.624197061847482,14.928811045657364,19.57496531647264,7.723171274421611
11.027005,3.533805,3.533805,9.723386924460048,3.358575,3.694432500000001,75.41100789409653,49.94641887186249,29.7529153503085,29.941043552735955,3.15414,3.6639,3.440879999999999,3.729456360683341,2.5952624999999996,2.891295,2.102162625,1.4984215191000003,28.412742421890712,16.217100657557147,10.186857068926374,18.44757027972922,18.866242481905864,24.770789736401493
4.604425336533433,9.28936647313833,9.762834920452162,10.206600144109077,8.37874605760179,8.47413605280164,8.874591220659596,84.1983127451715,97.23737973783707,17.32906888835579,23.88231867177382,20.43373320243656,32.4646861265712,13.409798578766274,6.47448558996502,3.726558000000001,3.918691073278327,15.907474820455317,11.853850144227144,16.506950765495745,18.186281573977723,22.74081166380866,3.727036481720882,5.61124621648828
7.982091753931996,10.484093741799995,15.075115534371474,10.548995805375997,9.09183937510942,18.34648588949045,38.69198008436359,40.23982077964706,43.530923739341496,7.276463496383892,13.455475022414204,9.591561660184562,9.378376678105775,13.285582661020081,11.071318884183404,37.889800755185675,20.845060493407743,14.493132859117129,3.103105936599263,4.180142352838025,4.969598308602655,5.9127726405065895,18.77822793742608,7.782430237252472
9.428903961177998,6.447281541505556,5.580828027670371,5.985474989672125,10.25622100786366,6.740339793392172,12.873284960891018,68.11195315965703,22.01794084186815,5.3051717607254965,3.5634019111490365,6.684634505843476,5.996520630964985,13.070539457636722,11.424951679256106,5.275048533959091,8.187374243113418,51.54074970592394,12.571210144731824,1.8969011763561183,7.234388000762626,20.755961516535383,20.951284165483315,2.958613803250094
7.540665000000001,3.062631000000001,3.062631000000001,3.2018415000000005,2.910765,3.2018415000000005,4.8778488000000015,2.09119482,7.717999042618074,15.92999444669448,57.21122188579608,91.51908208752124,2.982096,20.169231678236905,2.2492275,2.505789000000001,29.17694611562504,15.892312461754578,37.665383329096265,21.27492059770566,32.14719400972392,27.18654705034207,22.7984233557827,17.704033155362243
5.268725,6.853955485585857,6.853955485585857,4.515417500000001,6.514089924317135,7.165498916748849,15.48957546586011,13.76269585867028,8.266406674484438,15.999013800025509,10.226604063711614,7.106279917436875,6.673723748549413,4.799252968809485,4.102801220758893,21.433258043804262,29.016311254079017,20.136768683148595,46.17705859730536,9.097013571128176,17.596574947900056,25.80281990212855,23.98799693583497,27.31497408519524
3.43321,15.159808452196824,12.856349174079927,15.573633698697533,3.998220821428756,12.645752913269018,18.926482142636186,11.623465219322464,11.718486281670184,12.201026152670575,14.199161757021148,13.38889737344015,7.410130867983361,13.128187084852463,7.040916725863821,8.0586913663747,28.159546972662444,34.37557152896136,41.52741056881913,16.814623293558135,18.56259150557187,24.26048882022752,27.594295766192225,17.163803918927726
15.071359374955858,41.14778591485637,3.612334000000001,3.7765310000000007,3.4332100000000003,3.7765310000000007,4.334800800000001,4.593491610123598,49.25657292217041,4.105728994737999,10.63305710655079,25.958672592267828,87.49995032054653,78.39856938755116,30.225900748249348,18.315983683317857,51.5490064235249,19.598659129656568,31.37005717589551,20.450450739711396,20.921498568138105,20.436681308291465,27.3424319388612,19.680468037117688
3.731750000000001,7.3934178930170065,7.3934178930170065,6.693894530499713,4.437832599227194,7.812972342699596,28.24639260165988,13.8119074865854,30.97243220498608,20.12292964654323,6.378049186420232,15.002021220810416,20.695004825502718,37.19296619488181,3.792973802035023,25.09214792164008,22.67743411970496,23.24958510898371,17.380814552748948,32.87887843816856,31.79096409751177,32.815973519381075,22.986514839820654,32.72182673950309
9.087870031754564,9.75401925127306,17.905550690645047,20.994532716397103,6.476336439792085,19.822853215884894,24.182484109035308,9.123950300278391,5.038224626035992,24.02034130103277,39.82822202979639,33.95341584937373,30.621091465259266,20.500228282971452,26.462228959305012,15.02584437421027,27.36214425343182,25.54905401365665,26.02025681486732,26.599025955394872,23.544461963478103,19.54250872658331,12.406675109279709,23.43471851018235
3.58248,9.33936543203584,11.97746195365853,10.196219901619193,9.144591967974604,9.227172015831648,11.913006028512031,15.597896778065966,12.230412222808884,7.743806743789401,17.365823804746704,18.75858973832744,74.48690614493333,20.04538824115778,4.6366083046360345,9.557062766360028,22.689170693451143,29.67815596163426,27.711617881488,29.050194278406394,21.51108786540755,25.25621956939859,24.92621007238528,12.469081415452251
4.403465,4.633211000000001,4.633211000000001,4.8438115,4.403465,4.8438115,5.559853200000001,9.196299673998425,10.926102149783604,27.479406498794777,21.87549040485321,24.56417713643259,5.166562366810519,4.083213,3.476105820175336,15.304684683918733,28.767993608805885,24.077980158554283,12.984990076851757,22.965864988030663,22.22829878695661,22.590628041704043,35.747406609462466,45.77141288923961
4.17956,4.397624,6.830331596061185,4.597516000000001,4.17956,7.1408012140639645,8.27625791527342,20.58362324501444,17.153475735420454,27.165145973297378,23.88372122606329,16.006475225449467,5.597949040694253,6.01951837879772,5.016265315664767,10.56316575250669,16.30680725042923,16.83137623896403,19.732278867498568,1.7168614848,9.224709078829536,17.374117848462497,23.914565977191348,19.572175925882377
8.910016466695227,11.65840433381275,11.65840433381275,7.951057898687091,12.521829079582668,14.038292018209177,11.856559296178805,21.924655329586475,11.232226650986355,7.95545256394692,27.907686856710715,8.680355112242397,12.58254589731011,12.327783842105074,8.558962671063567,9.830154880194346,21.181233967620607,46.41372400333437,25.76929398400549,47.99441440746818,28.364470242129144,40.50223179478536,9.509740575039825,5.097686244916732
17.603672881802108,11.090565836587611,13.11242398233519,11.72122039782226,13.985463543636104,8.60945377373331,91.5686251453362,41.73062270638531,32.6317371303394,35.82424297207008,36.63539192074202,18.43728497985348,14.774067710613217,11.555877784582398,4.87091244668937,16.945831920722934,23.19394471127428,35.82497753627721,45.32696498257376,30.469653160974936,22.36954099635787,29.78159556471396,30.0450989336834,9.510378405983118
4.03029,4.240566000000001,11.856548833568818,14.235045871458308,4.03029,4.433319,5.2483992000000015,17.267717460600778,46.46187065496074,57.27476670030099,26.126130340782986,80.58179888840972,39.031054941838555,33.30595927740406,59.2217951083876,24.153747219089254,46.27334555710269,41.29433504653358,46.1284509537884,41.82218425217772,22.53595603353652,20.56330824823282,24.34588673363649,9.517601882959893
5.718580829275861,6.712530781267578,8.799298420486506,9.19926653050862,6.159312286594824,6.532841213728879,10.559158104583805,22.848147036231,5.665531750855392,7.081914688569238,3.714876,9.123239534388713,8.567911910556356,22.810042707795166,61.829084742167545,30.652855728734462,45.18647503445965,30.87477025460618,32.98066862830175,26.19422937579342,38.43007401336161,40.31872570354777,34.35686840977185,14.142612301547205
13.683502510589838,5.152414550899689,6.968106727549113,12.285411998104468,9.442898508072792,13.493372495792723,46.19887940309534,31.030714622106384,29.961611058002397,20.66530079047458,82.02709859293235,74.79090470013173,52.50344992939641,32.760580064620505,14.056327793746128,18.815964889269853,56.33330191916901,31.82585103141973,22.30888822730915,28.359737575070543,16.095750013730527,21.8381990786998,24.312215250231585,4.202176394326562
17.63026179140625,30.142686927843425,7.963161613005015,8.73284109495316,6.3937316077702615,10.665576575295214,14.880230402871751,21.28221960603241,26.43643609836493,4.232167578271202,6.9000621422346375,23.66451778821222,17.10130148700264,4.299484854520113,8.035429877948125,4.5966235933111745,5.151345316635932,11.06987351789389,15.734795206624211,12.739490043297264,7.498040554829322,12.81092013584143,19.86275703591716,6.162779298549035
3.58248,7.980507534643508,3.7693920000000007,8.343257877127304,7.584779888297548,3.940728000000001,148.7286539242181,25.06995851652728,19.11325291978759,6.268874045658365,7.123097634227263,4.790852867679777,7.21150924216453,7.033159532784998,15.159260741603223,37.53382183209135,27.225854265424765,21.43901233654586,13.218219184209095,15.86735271523074,20.81352687275768,14.950167517273156,17.106011621246946,7.851354695451618
10.511137216953903,10.779396665864564,8.678288839103836,10.272036298848295,10.0952194746742,8.130929564841734,14.08602525131919,55.61097237242877,16.476743693711235,19.27840300586406,22.849733106073188,139.19274328379663,74.72780264075136,9.746690873902711,4.085359204562289,9.04871812589945,61.46479974852773,5.864702319423081,44.97032454175047,29.375492941985872,20.850331370090814,21.487109127489543,26.33147318097482,16.530189404254756
3.731750000000001,9.186626237691875,9.186626237691875,9.60420015758696,3.73175,9.60420015758696,26.73279313501512,6.348459505991388,7.014573270014363,7.3936466502415294,8.199633336121671,9.52482660256558,10.950278591621256,15.18204239429996,9.584152262450868,12.422715576322181,17.600466091820607,18.409356043390314,13.502624052459744,17.409034852106707,19.82735465323509,28.457426742676898,16.34663801014913,4.3181024461278
10.285541613388132,10.822178567130123,6.83377166077459,8.633575548702286,10.285541613388132,7.4422332260246575,9.567979789394265,24.156254833989244,3.299440228950151,9.515002182383386,11.40860990771217,27.837332310548305,121.80501475137251,33.04854787339762,23.021893420987873,4.8920015765324605,6.437814000743389,8.620462167527538,25.33965037800996,13.60745027584966,18.406681529848168,26.02084946907437,2.7492240264810515,6.220110145645786
2.910765,3.062631000000001,3.062631000000001,3.2018415000000005,2.910765,3.2018415000000005,3.6751572,13.807160792443709,11.25849265829362,41.274509157034856,9.85731619927282,113.38150375008097,80.28652814692877,12.694364755979386,13.284353969389041,5.65341112908825,24.191016471773043,63.11360632070872,24.89685791666879,25.63963418526732,25.74053508101185,36.88207261008008,33.35476355964316,39.215082537881045
23.79556286645341,45.78454783767733,9.768398660518216,10.855212624028438,14.381566694846144,14.581787944462242,13.834447836725698,16.10325740799046,42.84274644878895,11.99652625636634,39.81605362110829,31.81465010956806,12.210140970656301,49.167191697170516,15.189574697284897,15.91267046232396,32.3840721860901,29.10865715810433,24.85840579828796,26.561442838396307,27.749006138526816,38.963977483254105,44.37151265100783,36.22367176661589
4.328830000000001,9.982779046182127,4.5546820000000015,10.436541730099494,9.48776520918136,4.761713,11.683256834717708,21.236470798864204,24.90150390560576,5.974666224247624,45.47468736106306,44.760629680932375,37.61232085969618,125.01223933142819,125.80473251942163,27.617246633987882,27.50916742759812,21.988429401028927,18.690392019134464,25.7524889593178,30.73005811034457,39.49531817381487,30.53584465340454,5.454039439470887
8.74368,3.3767470000000013,6.544527000000002,31.376129522384083,3.209305,3.5302355000000003,7.294752312971901,26.484888140136288,7.626629781606134,2.717697825,3.0139560000000003,3.50106,3.4972099479312666,10.766128903393085,5.068320900202743,6.822566506722034,19.804225749775103,17.870141965363448,13.372199126512172,19.57235229928026,17.110592516353087,23.87489480674325,13.31912091913527,16.69258442609795
13.338198635278175,8.960564984370302,14.245874360537057,13.765630209739868,7.0618053795165245,17.74076748118571,12.645886435259737,9.462235953724662,15.169189120578825,13.657458602251642,12.107265639213928,11.864132302998753,14.937635601165288,12.844508606318351,13.590198351537051,13.862738763653196,6.020234868898171,13.862523131703924,25.59731620262121,2.96822772979321,15.333282625223884,27.34977343268598,9.209533649262037,4.228797740874944
2.83613,8.460562510891458,10.7392514969394,4.5755720744195205,10.086410176891205,9.639222120160808,29.360643782501505,28.760243570245454,27.573473958971118,8.337583208085931,13.338042008804464,5.456537611379535,7.237235502710713,15.435514487696576,11.644248371641112,29.888860174004694,27.740293262758357,48.7348093466868,17.431592291753688,16.841717367447604,22.535659291687875,31.26447093924468,22.91411791990387,35.58662125960446
8.71169522507452,9.571338606421609,4.083508000000001,10.006399452168043,9.096726774698215,4.269122,11.485606327705929,6.535404922831016,5.038353909734572,7.013374057737285,19.39559505895888,31.45166487098635,27.368130076589374,3.5987639999999996,7.029288871357714,3.341052000000001,5.693723985799749,3.003211623582865,12.935848111363782,60.724135734082,10.796422474592038,11.181443578153576,13.849919232090356,5.501182594975603
6.611635493134025,8.75767412962901,7.945782296377014,8.687459054931969,7.897690049938149,5.194702191473621,15.087790821961196,17.842173588362204,55.44635243718877,91.87779389282927,27.083923400236618,18.66780422249579,18.34914800026902,53.49734412919305,15.302988511915979,21.820690710336315,37.69480164731649,52.44174153190284,15.63557964942327,19.66937296607358,39.16819774868523,30.845434968757345,24.96989716388637,24.47372547352433
5.1244364472473976,5.632567983727206,8.281033967454412,6.895448637958206,5.810928381421616,6.643734928760992,26.465405637223007,60.63137951560251,9.407146304533464,6.664801361221902,4.597612405847366,8.176361238338867,13.790360902688327,7.2980111523846904,6.081675960320576,20.70891124897346,71.12083732391211,42.61313988723879,21.6814731917775,22.82147165119422,31.83863197828721,28.4709324460335,35.83145868755854,1.7151300000000005
5.5917844148383375,3.1411600000000006,3.1411600000000006,3.28394,2.9854,3.28394,6.106155987858035,19.04870249615469,22.57226942040845,23.489604383329468,2.8036800000000004,3.2568,3.05856,28.357371600215934,40.42964737869681,21.386087109980018,22.91350774906024,12.900104138730132,3.2459374715525717,1.226329632,1.0529092800000004,1.2998880000000004,1.44432,1.8054
4.104925000000001,6.552536108836701,6.552536108836701,4.515417500000001,6.227616962943971,6.850378659238369,6.374082591379574,4.558859735550815,3.34013294623742,5.2736592736202805,14.789726743433004,30.83556935280087,18.195133244900436,25.45889447668297,19.22298274623347,15.19289678162923,3.897922071806294,7.021630649027576,20.326959110666497,17.126162716104364,15.861562460821466,18.35724085136913,7.584012136714856,3.766108281938449
3.806385,6.883439111691558,4.004979000000001,7.1963227076775365,6.542111552434124,7.1963227076775365,7.300640230132684,13.67851691693498,5.562569221764647,5.539979010083987,4.145626237029731,6.307840920099612,6.702432072691403,10.100281751822159,42.792127307673226,4.849805250564583,14.611075455034925,23.049623341658386,26.14117225529717,21.96493028087944,24.61258671312037,21.823595322122465,23.407073198025145,21.261663716927377
6.576253282478355,10.133859736901968,13.461254315408086,8.186200641898324,9.00886851787698,14.073129511563002,7.996090464329297,9.072682088570648,19.857858281128944,20.1918609966112,9.005808112047934,13.956822656095538,13.107276929202763,8.8801212568334,15.700652915292116,20.92316711038778,13.677019602038683,3.078908591833225,6.277055208116317,14.028756520093138,34.27173196819358,29.884064898817968,25.931157993175407,2.849168953934905
36.7984457600689,38.62890410439963,17.23861804302812,14.045641642242376,4.776660574915309,11.994913557218156,14.3256263138165,18.65439785517984,8.237191323811508,13.875770824874088,21.152350151869538,9.495137344306134,13.539134138691493,23.787589053274232,12.074328615083811,131.93244511099715,21.077670441421485,18.566513483534123,20.71198319032452,1.3796208360000004,4.50336681811222,7.19995635878945,20.052407743071853,17.352436536459866
7.608303584195673,12.178664423812224,11.276755785360756,6.483324971307621,14.480114132379857,9.78349067109596,35.843767872965834,14.979130625893422,8.715995501651154,9.301841061487895,10.119527590741052,12.393236983166872,83.07641608385691,24.068507898596987,19.276482172556996,32.653292669464825,56.31685461217061,75.03836747627,35.18252388905577,32.52775555137749,19.789367702026645,31.65034089921585,17.786038075960406,6.740569669427996
8.73763220248658,6.175520958160529,11.753868619201596,6.613869244087178,8.447258507953116,9.376306403769217,24.083964254121124,95.94800085183472,25.38670937100741,35.71107498894457,9.579822345538307,12.050423872552628,56.99819727764761,89.51816527865721,46.668824406300516,52.56676241887641,105.68161887210384,29.98015563165851,26.80403457302118,29.20088563422397,39.79226492549929,38.23982531133751,77.16249573683153,6.755604428015943
3.955655,10.33227287331288,5.564363334843838,9.042639511113924,9.819928763892404,10.801921640281646,13.547114247975452,16.36487434358336,22.51212294647315,25.390059827279224,9.22219396956852,27.114246075418723,24.276631148351143,7.604363808840647,7.588126772098675,14.942807213679734,23.709230441226595,12.836550682316652,13.965850563742562,19.65886493727318,22.02376299591144,21.2476949010307,20.47333828720577,25.460777638595257
7.6618648705010015,7.122517630388338,10.892537534735544,10.499297329910862,4.420540883963421,12.57054330227062,9.673937210406484,8.21010504058181,6.163854588515203,3.92405744821674,9.140660617643151,20.608926392756445,22.68761993088315,21.16199558325552,15.258276380595145,23.907936048896595,21.56045681778671,3.418325688244281,4.563852507852829,11.20509034925172,11.80155025391606,17.456187659617925,29.282775526046592,28.84298518650428
3.507845,9.775336591930705,5.626831870159771,7.906564410334062,9.290609157620086,10.219670073382096,13.833131448645808,60.62568346098766,25.70855929487319,35.132664115817064,12.150617203188563,6.120729087320367,7.902517937923469,8.614928491611353,12.528118514639578,72.57070501250739,31.14211127826784,22.954845634883053,18.28500218411829,2.736620254807812,5.26614072095879,38.963927114348,21.297332865385552,25.77215738565602
9.45294718519726,12.226336175384258,4.999814486261514,11.803990612549596,11.258884173904706,11.539119854205843,6.631572454183869,6.7611477209403095,9.15280666035799,11.066071806501704,8.838101596000406,9.478436420483684,9.931292856651615,8.726509404131713,5.37896989056548,9.425223500763392,5.690615103330271,5.023128656419238,2.998357747990396,2.781371564953896,3.970852692821533,2.8313457618784668,3.703833528196667,6.808732326511542
21.48694680484824,16.02124305570667,6.187111714031172,9.732190480562648,10.758735729453612,10.114446406105449,28.957367404533027,28.59253542925309,27.75134962920422,44.62007536818723,108.08795193932002,110.05077539616585,32.374152441762746,23.640621381298228,4.905357174423989,17.619150742868218,28.19881272380525,23.87516058410336,21.49870211669259,3.678236788381684,14.313284009926074,18.74711873577441,23.156138334072907,31.838569660442275
6.143622719927632,13.216328250639364,8.06622662291382,9.004057635716256,12.560973130772949,5.975413605275841,13.344477513777434,6.928581933588041,4.2054750350189,5.202531421465991,49.00511238894005,30.551938020420177,15.095661636254965,9.335338222380864,48.687730537259476,14.800478889177109,48.13201065317178,17.699835379550805,21.11946995718674,15.732309269318703,11.356973326850936,14.151667803751826,6.076929293306753,7.596161616633442
42.71660593531835,22.55648166423313,10.852638350479754,7.749651589701918,12.175119533470896,13.392631486817988,6.74177696757709,34.79564514878383,17.41676412068053,6.9532602892028335,10.120101128044674,10.57557979765802,11.996925904089466,11.289656294673012,27.5608669682674,131.18533642404387,43.82885981530146,26.21815482076401,57.89926875681076,29.095926511360616,18.324480564340607,27.291402985416955,34.656904156712166,30.150067207752187
3.944844719135844,11.19776746136488,11.05208375688282,11.85906258247635,3.806385,10.066140166626647,33.66589917776878,33.92432184922171,17.337965100300657,9.56394431395475,44.41081707542026,30.18719184357105,20.10391525463518,8.807605261469188,29.32995039063711,19.97850812767879,23.179495598184943,23.34476681761766,23.379788905190622,25.209177720339547,24.10180651962704,24.483157313615543,16.818971921185426,6.519714606966873
4.374076993079814,9.982989115244774,10.54937852676925,10.140694155368104,4.6432289861596265,11.028895732531486,12.659254232123102,7.255133537907357,17.981410316868793,35.28352614891531,42.73511439132682,28.814409022566707,20.130620311499285,21.552713709499344,7.705007507705139,5.61914783334012,10.713968179189347,13.796962508593726,19.30052612270056,25.08730228631821,18.141380046737616,27.114708312692223,30.789168943097668,27.940847989427866
31.04182107296326,6.945263477026067,8.76338011496719,4.515417500000001,7.368853399609635,7.049761904402775,8.33431617243128,19.96464203318413,5.642405327516589,3.4761251250000003,7.821859937326084,9.588620898928244,8.532938113446635,3.806385,6.435915899609636,7.281485050305283,14.487687464271412,35.71237050319926,12.21708130848361,3.89977829855593,12.647766447572112,29.65341143013543,38.7528356224628,44.73886634227868
5.115047312071289,10.39426275282932,10.39426275282932,10.244556265085714,5.071144492064936,23.05286014050403,53.4696796043749,18.012620389062416,14.688518028775723,23.554433165123385,39.91836731436748,45.62629562038693,35.82710929573698,25.250198077586717,42.28162953069457,48.21031676218497,18.71372684683113,18.22729101016834,19.02514422150444,41.74148099396764,15.73217552266405,20.3420810764736,25.35005389538559,36.07828988549721
4.254195000000001,14.539239035000158,8.443101615678842,14.992750313498766,11.55614078134857,37.4023989129018,33.73688679918039,42.15080476718424,36.5355825337772,11.70157500771453,12.977172031239812,8.75392954893824,14.156914943170701,28.919085398431967,21.207144926272164,11.133632426760585,71.95249789669084,26.192753435579643,21.675993375489963,64.32939444394856,48.937968639553176,63.60662763346733,60.8034619378787,4.852721815172286
3.43321,12.816315901605204,10.024752537155605,9.604887324539847,12.180796104831389,11.44225134043203,29.513443485858367,42.39318809278289,29.612491454902283,48.47130586542141,58.96799311457208,21.47152125955023,109.06295378839943,30.529148465053204,28.714930341578768,24.288969232687514,27.01601646561705,45.55009400458388,38.002570899389895,26.3884563393091,26.12926368847987,25.444968513456544,23.86042264694548,13.496595427792432
2.83613,3.820502077540438,5.772102258468124,7.200361560121522,6.54578323647411,6.325943297238339,4.25004246203235,11.653229228520877,23.691628669484448,27.115264763608256,21.477306553658643,12.203947782863716,18.961446937431546,20.319868413956534,11.728946752196261,24.52303445157256,47.33782714570798,26.83432178893284,8.850505968180048,4.112831589256019,13.290743449337954,22.24510942658898,8.857391206398827,1.7151300000000005
6.00374976856966,9.202853852501256,11.907508739431073,7.401120344233622,10.350998489335096,12.448759136677936,14.28901048731728,13.700949586674104,19.95409019717572,35.64577824657834,25.53907238830872,6.476238111539523,11.301773871213202,10.891260542259522,7.446741559111409,6.0000930343064,14.757307762220632,4.157093319338698,12.756023260782149,16.255488042437122,13.051581075169032,21.55785474924271,24.89012661358145,11.71346830328925
3.1346700000000003,3.298218000000001,3.298218000000001,3.4481370000000005,3.1346700000000003,3.4481370000000005,27.1383726767004,21.252072223713995,21.3816271067618,14.37586801660669,2.9438640000000005,3.41964,3.2114879999999997,2.906694,2.4222449999999998,2.698542000000001,4.986598949999999,6.96554364924,13.532372667961118,14.993190445213065,1.1055547440000004,5.312506954090815,21.26172430330207,27.693988062943568
28.47280432607924,9.246970390723476,8.534579481351917,10.105591160313653,6.807514680655227,9.373627065485223,11.388459451368837,25.287393744486803,38.4338065342284,43.9132323601156,91.13669786042006,60.78133782483192,36.81358652160637,15.415325529528987,8.130917222328474,102.93511660435337,56.10744108627803,30.6310895607562,67.28970915512876,26.23486934378799,25.134705854415216,27.797323080446965,17.42549337890684,5.119384997730796
29.919965150983995,4.319095000000002,4.319095000000002,4.515417500000001,4.104925000000001,4.515417500000001,5.182914000000001,20.65573810984244,29.80894090520705,34.657648012019344,30.50693466910658,33.21991215588831,17.740028247058767,16.408810839037475,16.767255550487842,33.686731487963485,36.23049172461791,1.8314040789000003,1.6393642650000004,17.808879520547805,17.44310335189352,28.82021894900185,28.53296751849091,2.482425
3.806385,8.846148452334145,8.626095295409865,4.1870235000000005,7.780072172558265,5.558567146296222,35.862821135273464,17.578197130465988,25.390120635945024,31.299985735227043,21.950523466918465,73.10082822258914,11.980662798088066,16.593396302310275,4.590759704514149,7.237757824637028,2.6374651214400977,13.56422596181363,12.911458815858111,16.16960116429435,9.46885901062129,21.05297041963086,23.64813169824481,21.519319115594
3.88102,10.05960592287231,10.05960592287231,9.664896364246276,6.462730222127403,8.528943866510216,11.09362017461312,6.86879868882405,11.132110915058686,20.44527294141324,15.109085431764772,22.576179782170573,26.016709787514685,18.644921635983994,23.167593561026013,20.24799547679749,11.132241967277752,12.84101231026908,25.053992400041043,20.63812672845817,48.20598720849369,18.712000520289727,35.44529942778759,31.548664336926965
7.309100805637304,6.492240860525016,9.847701780205636,13.32303182790774,12.111847116279764,9.24069746386165,9.31038360351169,27.077293369888714,8.205225882774254,8.939981740207914,5.079912937093163,15.952099125182292,19.867083859769572,27.472871811008076,25.46266598097068,46.61163784901975,39.700236023208745,26.98798377137624,22.37782551510689,22.28250983294013,20.18047056767812,34.26836103442815,44.4531318392897,51.32121056198284
8.886692130677055,8.814430211951969,3.723233710597599,9.77536134374476,8.12268047649382,7.53426049147394,8.969569990756773,16.613964753418212,40.70016792766582,28.136535828973187,21.26134683122002,15.501378302134436,19.776929545434818,20.184899549743687,62.38350170422414,23.482752297975836,24.66690988116392,39.60890588749435,33.46520235349919,18.409046724873665,13.986664232424312,47.70670439547039,48.73859356615057,21.62298603411022
9.26000157023229,13.41523670570104,10.083630481485942,12.54846728397939,11.575015750115096,14.38458122077576,109.38622795446936,11.84865047820884,16.29874587095316,12.953595643996124,12.204949659980732,58.56603027235025,15.671646903889455,8.414316064314757,7.437469782428405,13.209704376657395,11.25399724205726,14.616584339690652,28.967169868769044,29.71442823431556,20.22422610910852,37.17486782185724,26.955050753193422,38.58791042234067
3.88102,6.660390982890212,6.426128893536554,9.657150055134071,8.556581535446924,5.0094127322849165,30.48208552238515,17.637046159656215,40.05717965030311,10.873276635517495,22.53282398594808,30.67588447220512,8.994370443013839,7.934284696505329,48.50640808711309,22.25900780365013,23.449653717439823,17.337585342535714,19.841434691595037,19.03063714080173,37.53897450409584,26.065764805085507,13.064201629698866,17.293697802774464
7.386831669331638,12.13706759168111,12.405528974233723,10.739410759826514,11.695081110272689,9.723183080474588,12.430649563969366,13.416153476962572,8.129056470354612,8.062953377885382,11.892827928024714,7.389557002232932,13.99258160408873,10.535245510613768,15.892075846148478,10.425626296552862,15.463000555425786,35.78585365180147,30.36640674057265,12.662546423437918,15.46134932597309,18.669954924641782,16.40850222859821,25.823304839556776
3.806385,7.624737099798343,5.814858049899174,5.8899551514960375,7.24665096261826,7.971316058880086,4.8059748,14.36533406896974,8.570439908368977,17.615741796668736,10.448878463037165,21.476802363517287,15.637175603857598,23.949663640911755,19.777223038731446,5.646097210777098,23.30372793521009,13.75112882429139,28.20922337903884,22.22865673208617,17.704144927702366,20.11044212063783,33.34478753698049,24.89839868529211
2.68686,8.556877321601968,4.910619753309807,6.76754254866908,7.6375048684014,8.945826290765693,9.01810733393648,47.35807051471789,50.16521398517614,6.886807594915902,6.707683140944488,17.132237398420827,10.257918801034547,7.31157986732536,2.07621,7.001081444947065,1.6817301,9.145677680651508,51.37641511219346,33.442863754003355,21.10867353256397,45.48272665155496,23.57737382823043,3.5708743563735936
12.682918342697375,3.3767470000000013,13.344635821446808,13.21925224325254,6.948848941643707,9.81601639053866,11.665521350098642,6.364699164892202,29.87602856559418,29.90847268003647,7.947134380768507,6.973909205247624,10.853090386762611,12.20722402135422,9.800436901175246,7.479834870433211,7.055994100089555,5.658458652757751,6.696396600250949,34.72249611085405,3.9758992842243774,2.3774666930431,36.85924133166539,26.635625782821048
3.358575,3.533805,3.533805,3.694432500000001,3.358575,3.694432500000001,14.037897052364098,28.48960351888849,25.565163507431198,41.43443063386935,34.77375139477267,51.0146335810687,32.478744604920124,18.810607356561704,11.809039112010618,2.891295,11.525640707378956,1.4984215191000003,14.96498862137273,24.912940253115696,20.1302945130857,22.22957054756821,32.87542913888977,8.962536849183424
3.806385,8.771511892725657,8.771511892725657,9.17021697875864,3.806385,9.17021697875864,12.03833677351152,25.442752561661763,18.803539989867343,7.059551335300554,6.8622030409633,5.05096728392342,54.323067856987805,76.5014567055379,18.83011699476329,27.641144413914034,68.51511356575864,36.19645040011905,14.81353586067268,24.03143497917897,26.649493429252328,30.202913436746904,31.37849455119488,4.418842867286973
6.616504608671712,12.422056534707425,6.961713544776324,12.72721635907756,6.616504608671712,13.574361154278312,8.35405625373159,17.424160137509375,5.219611576844003,8.000048700796857,11.087455419408268,7.218005027641867,12.095405912081754,3.667970999999999,9.1228852461882,9.453013965255005,14.189672486837,13.620676129459078,29.00037936570628,18.35901126653657,19.18044721659295,17.02325413700583,48.01978204149339,22.170466196215337
3.88102,13.814139534260494,9.40399725987807,14.71795135060445,13.856482921061158,9.406537064871968,18.104932336259772,7.4430363452734625,10.959439933968234,12.805946170254565,10.594212910952413,13.28940962825244,16.074099846752347,10.726114067882625,10.078703914478314,11.818514113229632,8.042426991039036,10.518752899514892,15.684179711925593,8.19237594244882,5.38681740781085,6.191328855909218,4.473396034728292,9.72675536897198
13.502886685405382,22.21431264212673,4.004979000000001,10.420927717903435,9.743436636098512,10.71778029970836,16.58048020408726,21.63597652557236,15.73135561719356,5.965645082368146,5.85564622541018,10.629203603016558,29.74673739869729,60.464633223014076,11.358971389503955,5.223167319633727,10.03087712034634,11.591796730651822,18.10098505416053,37.87407749324175,18.34419243333813,18.07124739616436,19.52741928073174,26.681988977843005
8.695222391934683,13.66823309059557,10.939221506142976,8.814704086850947,10.628083575384904,8.34716269267885,13.055023402686222,19.75242640698353,15.103540487512085,6.607800242947237,13.899018940010018,27.017319571604045,16.879288679658323,20.719256765256937,17.84575564966071,20.703929394278493,23.25655465950885,8.744576388327879,5.271266698036639,10.491242836176234,12.564645120460582,14.995269772303446,19.37228844394629,16.45843318990515
3.507845,3.690863000000001,3.690863000000001,3.858629500000001,3.5078450000000005,4.6239545,18.16564420308684,99.79917093141071,17.83975266,10.0352358,3.971210471793335,3.82674,3.5938079999999997,3.252729,2.7106075,3.019797000000001,13.002990305349556,9.358473288946614,14.54054920807088,12.55805179694998,14.17340501206812,20.357957813614288,12.13049091717584,2.1213450000000003
3.955655,6.726127846048416,6.726127846048416,7.031860929959707,7.908779999999999,7.031860929959705,5.507262569209683,30.39802159812531,20.64227485332284,35.392054563571655,12.027606568592086,6.299073473606953,6.271850192823271,20.13266392465125,4.939737016913842,13.879564698940065,33.52184928377719,36.84247785552937,50.078004074169584,36.34975624078595,25.324308482886337,33.13369654790172,31.59040935516944,53.20184077207127
62.77181248779293,3.690863000000001,3.690863000000001,3.858629500000001,4.282101711079332,3.858629500000001,4.429035600000001,2.5201578600000003,6.516877137068947,9.587123168402591,14.128757341413252,3.82674,3.5938079999999997,3.252729,3.8678204865228376,18.040948030566817,36.433127095226936,30.450228489811995,19.921830078655404,19.39488884557771,15.813848704090931,14.400251766169507,1.6970760000000005,2.1213450000000003
4.328830000000001,12.15386125784216,12.023580142004864,5.613670949690972,10.940393212196884,12.930268484641111,13.556369634961545,20.877137690143368,25.111232014341013,6.5967257941356,7.597570941075979,12.823406761627552,18.623861902113678,27.116545408934716,8.453940209424864,17.582707664866515,30.46442988011714,25.08434556172737,24.83032037107868,26.62599192928026,42.03892068226563,41.12443487698869,46.3843402919732,20.194812779485627
5.043093389783634,4.607657075875825,6.284187227627474,6.56983210161054,5.972574637827764,3.940728000000001,7.541024673152969,2.57377824,2.4269673600000004,3.0337092,5.60902661639477,6.515535968539377,3.670272,5.5382055732584705,3.7100626167034956,11.358034300473252,21.439881170872027,17.606388557412867,17.695856203818902,17.539747124362783,18.83602965796964,18.6017821604092,61.61169217417883,28.05812228202017
3.955655,4.162037,4.162037,4.3512205,3.955655,4.3512205,4.994444400000001,2.8418801400000007,12.05101701380881,3.349720575,10.76391394009073,7.07297189616792,4.052592000000001,3.667970999999999,3.0566424999999997,3.405303,2.475880425,1.7648075669400003,1.579751019,1.6248867624000007,2.135044715381429,18.76067904309314,3.590070430410853,17.676580964890473
4.553225878432239,8.894110912882525,16.830751593379485,20.256709094767984,5.7962534360423374,17.26286891681753,18.168537952718967,11.567919677682507,8.237609305683204,10.64006757167729,16.300911306483407,9.92393348882497,19.096523963016384,11.72179858781464,9.911992507503763,14.942502030943116,7.7055311714214945,13.241674070393495,14.334712320535422,29.435686213851916,11.300934749948242,12.651221232895486,7.647069006485932,7.70111066246635
4.1240756385786685,11.760699261673697,11.98745562021693,4.4179514695616655,10.93446845309468,7.482774856983046,14.726607439601878,10.516349895027924,18.23947969703519,9.87697849642344,10.064227690343609,11.100371643506218,6.193970530241244,5.327415847744042,7.2799005940906145,11.885796155423874,35.58120058714372,5.891723082587824,6.394091744643272,21.80527586761081,18.85969201157833,19.829121714143145,30.76364949174988,33.274993032767995
