1,2,3,4,5,6,7,8,9,10,11,12,13,14,15,16,17,18,19,20,21,22,23,24
18.173097754460358,3.533805,3.533805,3.694432500000001,3.358575,3.694432500000001,4.240566,2.4129171,2.2752819,2.844102375,3.15414,3.6639,3.440879999999999,13.35234823793987,9.517414576719894,2.891295,2.102162625,4.0102695866546,1.341298035,1.3796208360000004,1.18452294,1.4623739999999998,5.323267424777032,21.70872134674645
4.84887037064749,9.752824661385144,10.573584028972268,7.621935038561202,7.189052038561202,10.768179280978524,12.688300834766723,9.962586698380631,2.93258556,19.05787307360583,27.33493559708144,14.762565114290082,7.6316186578299545,9.318417780604408,6.5598000185481276,5.741149174986588,27.4051063672528,25.110705327673035,52.64369295863351,23.07858036051221,15.90130138276414,25.744375190702343,25.866532651053035,27.81643919846416
3.731750000000001,3.926450000000001,3.926450000000001,4.104925000000001,3.73175,4.104925000000001,4.711740000000002,7.0706196000000014,18.494686873619948,3.1601137500000003,3.5046000000000013,11.512407594934732,5.6207054459207075,3.4603499999999996,2.883625,3.212550000000001,37.24357743056044,25.23562961669724,40.90321579683045,33.08188329854882,28.692395306234875,15.92986914280076,1.8054000000000008,2.25675
4.104925000000001,12.53246098124436,8.959968449327986,7.980750375956652,6.555340273979422,10.13711581705854,11.98952839234771,9.33614738686288,8.789738778770033,10.313711747190156,8.249345788255184,8.544942602231758,55.57940758096992,76.31767451480933,7.7491551085640005,10.2538317119272,7.523521279652435,16.16945198838124,17.49185002825145,23.91356910276954,24.904630678388763,34.89991341837202,12.39340936092387,7.203104921601754
3.5521199999999995,3.298218000000001,3.298218000000001,3.4481370000000005,3.1346700000000003,16.867702240778733,3.957861600000001,8.8519068,23.013284402802963,20.019943120064184,14.758680112571136,75.41608103671685,12.611484312453179,15.41733721734422,7.200273403728416,7.321428650235198,19.60662713069434,19.32572585514201,16.379950797114862,25.846050874418083,11.941121604653592,10.29518005142581,1.516536,1.89567
10.171869627194088,12.782984623867998,13.19996564578754,14.423379683367816,9.337828744223536,59.72268441758092,8.653959258163944,11.88574242866587,6.195235495746847,11.114448396202064,9.552712345538795,14.779016667032778,15.162630894444815,14.88500564657734,7.645823413088496,10.224072370143848,7.872411955845196,7.074698262300164,4.990419445579533,18.544201870297638,13.55078307306883,12.126588656935256,7.766089902562093,9.707612378202612
19.24091872638173,3.7693920000000007,3.7693920000000007,3.940728000000001,3.5824800000000003,3.940728000000001,4.5232704,4.699015829257637,11.662914991872238,61.51152648311515,15.768957528197504,54.86479332060549,79.33680826276368,3.321936,14.40028825713276,25.460289014687962,49.58706596822241,60.33235532339033,42.89093223337085,24.005856093188157,13.226787110504947,15.58082171467588,18.31053420936257,2.16648
3.806385,8.127463765063094,8.127463765063094,8.496893936202325,7.724449032911203,5.910971674480931,7.526814744941643,9.691898932987106,20.93374089386773,18.768141936818107,5.77933571748558,7.358108754200073,3.899664,3.529556999999999,5.968892434522292,9.985887987161226,23.59027685485445,3.0966402007042144,4.7300591602656725,27.104578975617343,9.160786729278248,14.655801361219597,14.062021690578645,2.301885
11.678797731461154,12.105801295953633,8.641626052731834,7.7529782676603585,7.048162061509416,9.034427236946916,14.47999334944764,5.063644778451374,4.138082914337868,7.572682614279043,14.278614143120578,12.740506616139442,19.084798730376647,13.882966976086434,15.375856070765055,57.85566105129822,19.977306062204928,33.832998048765226,30.43603267347187,19.517791038806163,30.176131742323147,20.83276316402604,25.449536923030173,17.5630353624773
3.58248,9.036351776349736,6.697374007342883,9.447095038911083,11.53475472919956,7.932731395787214,16.209826763007914,18.89576501204593,24.8363009819119,23.230894893487225,109.98444839893754,84.88860401812873,22.177405406528656,19.191723924233315,28.14220523587386,24.342225177732352,19.368962596463668,36.74789536647747,20.043120903849456,22.15113961357168,16.084369004448867,24.797365704701217,22.429665054217363,38.37683260423982
3.88102,9.624611511319229,4.875094215902749,9.23452644520814,9.398136050231264,10.337949655254391,8.383188949972087,11.725384372575345,24.072786133409195,14.201252433218956,7.152243308789488,8.063904034871289,9.62844610363614,8.71463524657808,4.54923401411457,6.147584947291558,2.4291657,33.97072991654248,12.31186395293423,18.58072875509705,3.314592571176741,7.566140375388198,12.136201767796802,8.812499211938928
8.840767004022425,12.814060863215897,7.102925789457422,8.35153648406232,11.677970004151735,13.029350728104689,15.023946329089778,22.158834872334698,29.92734041681094,8.543210311999422,8.227314112832344,11.283071619436043,19.02794307591351,10.765883060004924,9.979782508717724,23.444193130766937,26.73443007762308,13.855929481870154,19.81735198475061,28.061231978459052,23.59392953810736,26.89239350497819,25.8112324578682,18.79790861467624
20.574019069168717,4.961466722625544,4.244100930656387,9.1868456864517,8.8062071864517,9.686827905096871,10.412154943019395,23.43140880914114,72.70813228874255,8.849848858345235,6.562728026053351,5.88789546967745,9.022011473234311,3.529556999999999,6.804796462258132,7.580995751814944,4.231662069208098,51.088622837173865,41.767290464201466,21.58081177420968,17.459278901602957,22.87225808695548,65.60693753779121,40.21643417124479
6.955484197482154,15.484339225358388,8.652398293183696,12.722118514357284,12.455300183478045,10.19377674538386,19.309053051094867,65.50540892417486,31.86100639107344,48.2960044989436,38.52700867631056,44.6910484876573,51.55992397626278,15.069114110084028,10.130570466432683,11.84986943375306,28.0247117088825,13.095120025528264,9.40281680475677,5.037401866152175,7.683167110681127,18.49233896163279,21.529772514794043,9.248325559784352
3.731750000000001,8.765380397460007,6.345915198730005,6.404416717801244,8.330733435602482,5.25467085890062,8.93480652869237,5.985088664778062,6.151604242774554,11.027927095264822,7.8236453134353745,4.071,8.534885796474954,3.4603499999999996,6.275850385351417,7.171674870649095,34.92695242674105,69.10424573568048,38.929431594661466,27.682264986572655,12.001478897947749,22.44238471152068,21.387208608180632,4.1530250601343335
7.765680738200328,8.307396807950868,8.214312605888145,7.205562673735777,9.063471117713528,7.400193278048746,7.001578952952781,9.724191602134711,12.261408480355128,8.21278107631097,8.024263794070356,7.763766052847703,9.28557989609228,3.93862549971161,8.06715553065283,21.873828890631643,7.340368786211257,3.0014376641953557,3.619635113245472,3.7230532593382,1.9557603598184177,3.946371455839218,3.254702325667145,5.481071466443359
25.11525489907784,6.997610608991776,7.434886060621699,11.27138175459246,10.24671068599315,8.029673272239961,10.193619076337551,35.56133377849088,40.7000601012201,37.73119544508676,31.146947176119983,19.709000061197948,12.437678043798952,7.784479183994984,8.027977942516761,12.829339508214657,5.685616772759662,5.309382716057937,26.212407046613155,23.80247660982712,12.873901478767689,22.05184528625758,3.5293748927971578,3.122375850665285
4.328830000000001,7.856485428002053,8.47557357075244,8.645084077252411,5.1133494095459415,9.076569752502683,5.465618400000001,17.782029587182084,16.31438188476822,3.66573195,7.749166270911381,9.001556779341502,21.237548989206203,7.651323262440277,6.0729929468302055,6.934560194251995,3.8142891684662334,2.893831202047784,3.295332956705065,9.70441421217754,19.14653176561932,20.81347132123894,23.400061743012408,36.33230892531878
3.731750000000001,3.926450000000001,3.926450000000001,4.104925000000001,3.73175,4.104925000000001,4.711740000000002,7.387989282663614,26.43534678022909,11.902806619631736,48.557414746850334,84.48401315165788,41.432016406401075,55.2547156857264,7.3904228959262115,19.684726332632216,2.33573625,38.37151865710039,36.15732201132144,42.38757908630488,40.70231310255164,29.9658875082285,41.97297912893166,27.52109911533172
3.731750000000001,10.973228451875304,12.48997001076085,10.59405524300969,6.853713384919105,9.88632720630748,14.987964012913016,8.202040220864085,26.035702564311364,19.09969946195937,10.62905898421702,84.9101712422307,23.24845126730072,10.396398545935947,7.1421037971975805,8.361108418845399,6.427417444658612,3.910451851995277,3.786630621791618,12.143146142845051,38.68415971441221,23.397504984747965,20.74604325168129,17.583076305993004
13.434430230860755,8.696466915724757,7.032362197073344,11.1702946074941,7.86793789138223,8.013836979178967,13.503211335357715,18.121687007249854,32.41817479620705,53.91882517191505,10.043710910596651,11.66693691634964,6.847439073934675,9.541435148222632,6.595363734971843,29.516782636986257,21.929836917771947,16.840698680788822,35.089352419171675,11.52343712437358,19.30438669982774,36.674704739660434,20.5006007540496,6.467541116672083
7.163819600811357,5.421887495775465,5.614223550861629,5.869415530446246,6.249825950608519,6.47265133958012,9.045100922067904,5.146737177556821,2.624081201138602,5.602060824597646,6.727761016414145,40.65357648853932,39.70333608597321,18.18594182389395,15.539672010488253,16.962236300401617,19.09757065269284,16.491888317414876,24.4172965613242,43.01403196096102,8.455234630594585,12.118608608136585,21.743021529446484,34.49921255275056
31.40336502533574,9.495473024829446,9.495473024829446,4.269122,9.024623122771784,6.069383092970124,9.032982891687938,18.900867807696617,24.637979179275327,18.93615105819985,64.39221746250995,14.064468608633131,13.660734132586136,8.36828689566111,16.649892241410583,22.50969428191312,17.74596076823534,16.545380768619353,23.88310500603184,36.19367784661982,22.50829467040323,30.38185382378209,24.71678602479505,35.36716130574292
3.955655,10.78280668703584,10.78280668703584,7.182830676066979,7.387909758869065,11.773874263719287,49.76263685093072,41.26321693372484,105.8866821047699,67.97979281898678,38.88025616011924,37.53483239521968,49.89093460281167,10.129949994958332,14.520053642957961,32.47917222930921,19.777884055033752,46.388858890476754,29.900602088598887,22.119273178274845,37.40534156759783,24.99413656973245,17.00609058868391,27.64763406627831
3.88102,9.680385900976509,9.680385900976509,6.396860706156359,7.024270361367345,10.120403441929986,11.616463081171812,18.979719635215044,26.72877880810729,32.964801474963565,26.975097806308305,10.036763744062794,7.691834112799102,4.943987231578192,7.109374318711145,24.351955169528427,24.560132080256825,15.479766664341817,15.073579636442703,19.091580988163063,23.51051818695938,50.111309424759206,25.1494893691276,18.59567307729461
22.43341663468732,9.218396328324264,4.162037,9.637414343248093,3.955655,9.637414343248093,11.062075593989116,8.471278702013178,20.188332251550456,19.938814708467564,19.7071031984355,32.22607934379081,30.243606299698197,48.09735037253698,7.350033193425427,8.218662365237785,4.217137304000688,10.582407995619624,11.227264829785026,21.68183981031855,16.017528764393155,17.03014731623836,20.589707289825704,8.75947981501147
6.909509823767354,11.251595520869069,10.41570652374765,13.292328596096604,8.101169757680113,29.24578727001772,44.92766739830723,52.399150423263904,50.03511205614913,50.585369195866974,28.497800749385448,21.39898760001117,20.986298163106312,30.097437330803313,18.06522008905061,20.32683857570681,39.37393295899374,28.43761052170628,54.69857089820018,28.048467538167664,26.258271162071825,36.57239747414565,29.18192652568906,39.15684459070032
4.029025,10.123295063300503,10.123295063300503,16.007474782068446,13.606891073147525,17.577153903598358,12.147954075960609,11.432273915985451,51.28703232268578,42.357352780010046,34.88909529553644,54.71191787298228,9.857092713777197,8.921581599738158,4.2465338476127,11.69214884486114,22.80678959491332,20.02877620948536,14.869074230438176,12.899696661437993,15.941821914239965,40.32164505574471,7.050407002858907,5.8184227824379295
9.097762058073664,9.57242790458186,7.875926389487629,5.9535606174221,9.097762058073666,4.433319,67.75469124644461,36.50653458886942,2.73033828,7.704150324632381,59.07450167777565,98.87682663001748,32.22945932101633,39.575293165551614,59.51000928108711,9.146138625519812,52.741352834729504,44.64022775485672,38.95316671947758,24.39477847965201,21.52338086161229,37.77075803525645,25.994127445956742,21.798347771593832
12.258421275731653,5.88152882402106,14.690960432690922,17.721003076221532,7.52265053326317,11.802973745074617,17.90030022909858,9.270699218001688,11.72136509098127,17.399434134610868,22.22045911540648,9.11914553837369,20.172573920772198,27.279310656563894,17.734721266811697,13.901828022079236,16.27826502831074,17.0556943970722,10.944802812634164,4.676869496787703,4.32337560104753,7.604475263044169,23.38442361476184,19.75435023684938
2.83613,2.984102,2.984102,3.1197430000000006,2.8361300000000003,3.1197430000000006,20.54781700420938,25.41505969206459,9.235073345824222,2.40168645,2.663496,3.09396,54.91647604831859,76.82708796592232,58.83882754488248,54.88901923264957,10.172238857748216,15.367197079719082,19.21037465636337,22.23250457264372,14.809793281759983,1.2348936,16.40732715904596,1.7151300000000005
9.16452193906163,7.895710602743024,11.227074003985688,7.182979151419013,6.773532725792815,12.541116090480642,12.335390881101803,7.446847076602155,25.852821526517666,31.12513178411462,14.092461185187917,12.968855984515844,8.935685550197478,9.905939097747268,20.357546282021435,24.129063152366697,20.76162366900504,22.15243555342513,16.514914145309625,3.826717306511276,15.806100664936835,14.1229415484186,29.68737861535345,39.57174273035392
3.88102,6.628372325990572,4.083508000000001,6.92966197717196,6.299692706519963,4.269122,4.900209600000001,4.525918360110255,10.318034258998797,24.30159066046962,16.22475675238339,34.91745757256052,18.886833566711246,70.13751664520024,16.1312940392614,17.962115020748104,21.666357775005647,28.69765686457381,28.580295976301304,8.197492571105796,11.637015738746822,16.798888443504662,3.883422421492488,3.728435834356265
31.464738803377724,43.10010231203996,7.733765570994476,12.78515372431187,8.86928581372831,11.787500561566198,6.724807616083021,7.690849103369035,14.997080198889387,45.93020841961529,24.846693231795243,12.679491296838217,26.636247573324564,32.780166499827985,16.670888603080016,50.158033189586334,42.49910166121055,33.5124654018809,3.5420842571052185,14.066347528641304,1.3687820640000004,5.060770874129342,5.253032262531827,4.910971393436974
3.731750000000001,3.926450000000001,3.926450000000001,4.104925000000001,3.73175,4.104925000000001,4.711740000000002,7.702275617038022,5.117430038994434,3.1601137500000003,3.5046000000000013,4.071,3.8232000000000004,4.621358212475738,3.9854715988655554,3.212550000000001,2.33573625,9.259780337960947,17.08245457012351,16.277929893934083,18.867573526623083,23.98043748923773,7.53967283797808,4.678771187115064
11.6137371756836,9.527346585481936,6.697303703715596,12.775110893251965,11.613737175683603,11.46297809918084,7.999369000468787,66.88650334230367,6.413198506608366,7.006372763279261,8.503747365554124,12.66953146438211,3.899664,10.769101744724793,8.974251453937327,8.76564903159127,8.066999441452573,19.77840834468692,37.839711007279455,12.929102477209174,10.519260978850289,24.77491111269984,39.49755275850768,31.744929218789544
3.88102,4.083508000000001,4.083508000000001,4.269122,3.88102,4.269122,30.120132147282657,17.50049928685664,5.521810839022073,16.65856717401021,21.26921582083572,23.42656004770216,28.875587803490877,45.77557646876679,4.2511031310338625,4.686744350020204,2.4291657,1.7315093109600002,1.549944396,10.139833168993732,5.285623425962225,1.6898544000000004,1.877616,2.34702
20.768441445203788,13.57334577524296,6.821512544540855,20.33278026559861,5.368199910268065,3.9553260703884634,6.458234538033313,13.86135814054456,49.25634328001362,8.33058892896084,5.754823090449012,6.961121317500316,7.0442904636013814,17.865635991748285,27.702006704325257,39.04251729098915,43.252273903611936,15.606834441396945,17.65814660916758,13.027223217310135,8.523404147971391,36.38236987761282,33.825474786535466,38.473071961089936
6.7302052153483904,13.53201721943804,16.8404393047135,10.860294212978172,12.496879236062089,16.326530506818234,16.53725331455934,21.805124607363634,84.7585517376929,55.18746497169938,83.63855896493027,30.26670007826635,75.99061649861875,17.49432135809526,57.1691632062252,17.98189978695277,81.60371951814581,32.89306679038306,50.79305822678084,38.08161068893763,21.44336111802385,27.645831525072023,40.281132662327366,22.341572951001933
3.731750000000001,13.133875047888123,11.350632384770922,5.846021412403728,12.482608516587884,13.730869368246674,15.427570743788513,42.59941786084589,43.08599651911844,43.7759401154937,30.2748217737851,10.670093504940686,10.356101527513365,9.196127430208744,8.000874152476554,38.36829747400562,37.13489026446946,28.83055584989248,31.942560646121624,19.422822184476917,11.246994321987389,14.720840000694626,15.740995390322515,21.68132780680405
6.3974129384444405,19.13261354086899,27.491475138198577,15.192826997014786,9.493172182864186,7.823000809718512,8.077429205757678,12.923150466462134,85.90601451152347,43.21051858495045,47.44652533103612,39.64058314246319,15.07742219470938,12.984825474440429,6.0475374207238985,6.737358824724631,21.8146749818462,59.7669158670666,31.17370045202532,32.53214801888012,25.30328570017752,31.059876008328988,28.713103754911177,45.21600632147354
7.779083785898957,11.283674946940105,10.367210935948968,12.957520081044798,11.249543697762292,6.4379198801179776,18.451231329871867,24.66261447835888,19.63980751647877,6.189380386970654,11.720426218562295,10.366772158798314,7.104444856760913,96.3161728436678,18.74469501510264,26.886442638958798,26.48459274405212,54.19225975084946,38.46362986162804,46.377614382723415,38.00221186259388,43.88331086013131,34.689695793621475,44.18399241917005
2.612225,2.7485150000000007,2.7485150000000007,2.8734475000000006,2.6122250000000005,2.8734475000000006,21.3652308809735,2.552927369985027,15.90324740127656,2.212079625,2.45322,2.8497,5.729669577238556,54.24445595085664,46.171763453852066,2.2487850000000007,16.726815618041233,2.475547537161803,1.043231805,8.5692748321762,6.56566850742557,16.838024179298802,14.285619912772823,1.579725
4.03029,6.663928496828942,5.755167560518087,5.700076668796947,6.621385231630114,7.283523754793126,8.1393312,6.696343384057806,15.536596904343408,5.607109402966773,6.147296522219792,11.34078102624755,27.516915880646344,26.514758564526083,9.235922777911986,64.57991400166763,56.77854926328134,58.23496228342513,43.61273986492641,27.895738400950428,21.025849077438576,28.82790702020709,49.27225398007769,47.21212138267339
3.806385,4.004979000000001,4.004979000000001,4.1870235000000005,3.806385,4.1870235000000005,4.8059748,3.6939564114155248,11.65840205459207,24.750116555819044,12.343716040754042,4.15242,5.428166413337686,20.382211416029367,5.591479786622393,93.22684549807171,12.156068591870085,8.804208208283894,13.96270848626188,11.927169221297737,11.141199977658063,8.889573149429479,17.516243243810127,33.46479797124026
8.464836783780086,11.547103057643405,9.21443161557914,12.071971378445372,10.974519434950343,10.310902004122346,9.236177683370546,8.253512974573145,22.159714289785352,41.45214978043428,25.14616515671755,45.32134156492444,34.52017803860349,27.164069478459588,22.4538473179921,23.95956721804878,37.434347087003,46.16313285570396,19.71972162985043,24.89924889600356,20.909657680019887,32.21520669316414,61.54246672298797,12.796736094215074
4.06065,13.702833400454477,10.014795620479171,9.834794548962748,12.99850148816544,15.21546081662302,9.975149204896375,9.937560258256076,16.621420043843678,38.50432670825529,23.99384985038493,27.86063340983048,115.38716490895756,15.01815564866131,6.104876250805288,11.443523411698955,15.651378700303251,45.53271182765908,19.268497009936222,13.950477622825268,4.878438672234799,6.630133543902468,14.951396921484127,5.919117571943966
3.209305,6.319451786554712,6.319451786554712,6.606699595034471,6.006090540940428,6.606699595034471,6.767336400000001,11.44726788150228,3.226766636317578,4.26336198108566,5.991874169054324,25.14822813783952,8.366237169530667,6.993235988681264,8.478701049116392,9.91058166197959,12.238771304448289,12.002034413127827,8.693463270258176,12.54696844550322,11.536973924626048,16.379690065422352,17.04228715571203,20.405609990387347
3.507845,14.694028315976997,8.928422721061741,10.29794509610052,12.477219146145265,10.473473149101284,16.002974095036954,9.730934724001086,7.477802584256558,9.991118234320822,13.94899570540998,14.611571117265946,9.213735214714735,8.471102356373873,9.533871709969112,10.868623653571621,5.845152560531557,4.883370203853041,9.295315413543328,17.808753330754325,19.51094075875284,26.02926887621464,13.102617680613264,3.626503973182656
8.177154129019012,7.068081732958732,12.15875534481455,3.858629500000001,11.555841856641932,3.858629500000001,14.590506413777458,11.970354231934843,32.17714132550593,13.950224682403604,10.059185668447908,12.143300954781042,9.447161051860565,6.827424747980558,7.624112085368999,16.981269723693,28.949775570097003,43.96165251145247,61.35148782778512,69.7700949873845,23.54495906226362,27.074339384541137,26.738316560451,40.68860783921468
10.536167412074803,5.830102347016555,9.2093069790503,11.380446039294112,6.730019885017199,10.499855091311238,8.638404838738806,6.292395881515831,16.28071942530593,19.426554293865337,11.808926500711808,11.658087388042308,55.18598197666603,28.914651940530703,15.29709928873047,21.21928443223961,68.87676212330042,44.75164190742944,29.799117531283297,21.825852877796056,19.79709947284243,15.92032652863377,29.489245174093245,24.399383597898368
4.403465,7.38474311492946,7.38474311492946,7.720413256517162,7.018557505924692,4.8438115,8.861691737915352,6.034807275995636,9.397704776303636,5.943442106153499,6.5913409620857975,4.80378,4.511376,4.487363660006543,4.974374511136558,10.91179683484968,35.231694043845295,20.41606519091644,21.86422958222489,25.62161729635477,41.517593394188005,44.913644608867074,46.32375197113613,12.065846888960698
3.2839400000000003,9.35216803341163,8.81608693946512,3.892558208199312,8.888424163986258,9.777266580384884,4.146331200000001,15.820877468005657,3.7779496002902073,5.369615967150346,8.34738964965666,8.86273780739201,4.310909263275007,8.931128254181024,6.8683277630802895,15.493384592194666,76.51537757681689,21.439363367413463,10.770736025219485,40.46392433455734,21.736210333700548,31.44069438403161,18.90463118210307,1.9859400000000005
3.58248,5.646102000000002,6.661418754055789,6.964210515603779,3.5824800000000003,6.964210515603779,7.993702504866947,7.951507838190252,52.25002586786279,5.361290987838776,3.3644160000000003,13.920330972587855,7.6953492909071155,5.870656798277564,4.892213998564637,4.530061377027894,3.8671163089019474,8.359501000723627,2.5284213150208283,7.272428865433739,12.388863833197538,17.558805687368448,14.861513644770833,8.875709872493834
4.403465,10.644110888023205,10.644110888023205,11.12793411020607,4.403465,11.12793411020607,5.559853200000001,7.2679044757725375,2.98314738,8.126875781278706,7.074964429641634,7.636592596636847,10.364213156181867,6.250314636427188,5.810568207141319,3.7908090000000003,6.331886475104859,4.513368679454745,4.979444279150319,8.676656865576957,10.750347616053736,15.670197081061092,19.944242283337307,4.390364855123122
3.657115,3.847921000000001,3.847921000000001,4.022826500000002,3.657115000000001,4.022826500000002,19.63109404651503,5.130273569072108,15.527278260248632,3.096911475,13.36889720923379,37.28521644465788,51.67662657762767,57.67555509872666,2.8259525,16.767162927489984,44.1716069466663,21.461517490493783,9.126519545492146,6.405936371135884,15.74863329766289,24.488584177699195,25.73334586236631,2.211615
9.44726313205399,6.9340071525018505,14.009211729413025,12.42651340136358,8.836765771854996,34.260753284799065,123.66306644943684,22.490006746475867,64.97446678218407,66.40264818893525,29.874488670428534,29.502986839823336,11.448697453825236,27.633635017506982,15.552216854657809,43.05789050969931,16.664000672931877,18.61153828960761,15.252968594901857,24.97285612942773,15.073625768259168,15.265069341148878,4.903577784842102,7.543461017045862
7.637540262673617,6.492416769590165,26.249060086096726,21.348538446431107,9.72377692752481,8.411916105403902,11.1322002098129,7.398963945254088,15.46169035431519,19.32222823824537,18.566011044242863,19.054818855173146,6.859920519181681,9.260166446221664,6.11217501016347,6.666497275176638,5.340220202073173,7.597163024810516,22.55790804561481,12.022994502522062,3.5220841770237907,12.34808995785172,14.843175954287512,5.116165128659881
7.317140995573828,18.98405052557749,14.725556328257168,13.989101013115311,17.843622353561646,13.279118094667677,24.91154895971654,32.19771816813214,30.62342167849646,10.140131538261125,11.811490456646675,19.52366844974871,14.08050633133956,48.11755911362424,38.72759440227032,32.536298597371186,74.31300514005504,23.69607733261777,32.50279779835042,22.464372949856383,19.51681497741156,27.63719459383865,9.343380573075128,7.1427977409680805
4.17956,10.35652110930986,4.397624,10.82727206882394,9.842974608021764,10.82727206882394,10.571872314169015,20.802439468890054,75.9065633311123,64.73045452472073,16.885135182389988,16.673869751645178,34.74151169457095,54.37491475936191,37.404972106328586,18.411961116050236,6.160807288748168,10.284381166665328,21.047870422811204,25.60957170586193,16.61746645964072,22.03912476033701,25.5870054554174,5.952470810384703
12.131848419719834,10.98744181101331,13.688304805212343,12.7113214765086,9.171101356900335,16.43249369797687,12.221948097592149,13.421730822452604,17.621580525453478,11.620440794799103,11.089306699508178,11.36374330440993,15.604890962483209,59.28478647415962,10.469885752118323,32.84042467677758,39.0326423856215,30.267760187635066,25.808125733653277,24.17231179715085,16.43611630882716,21.345224317682028,27.49678590450461,9.669682911583946
3.58248,3.7693920000000007,3.7693920000000007,3.940728000000001,3.5824800000000003,3.940728000000001,4.5232704,2.57377824,2.4269673600000004,15.350213917050514,19.803995271822483,16.666851544692687,68.24880070946982,8.8180805117183,2.76828,3.0840480000000006,2.2423068,1.59831628704,2.4349767799694764,5.110477400459624,10.694223065175482,5.912815819752992,11.047911300127607,16.476197764221812
5.69010232119162,7.422048615472192,10.0051771184914,10.459957896604644,6.508448816638476,11.097504897208475,82.25036042860984,14.517433998376545,4.409178234689992,8.05243866172498,8.161706633788262,4.421901087597714,9.462613855093977,8.817485169038624,7.347904307532186,8.186054006038418,5.268855141082696,8.908491346182142,6.304636255108583,3.906087296990405,3.3537113155978213,5.355421574678499,8.258947643630048,7.170106117816111
12.694740119024049,12.082664766524244,10.082454567236764,12.492468211718949,7.875889926931867,8.961737899617681,13.859130456057104,7.157552641967998,12.235183466327731,7.867503805460495,65.1784142112869,19.84167137836005,18.136697640756275,10.281916461617257,45.052984587326975,14.915848526029396,54.65481192190541,28.89184156766563,44.06494217400802,18.881890197496887,8.104166536706844,16.08850957850753,37.05535206793213,35.267615195103
3.2839400000000003,5.858334104159505,5.858334104159505,6.124622017984936,5.567838198168123,6.124622017984936,6.549389304159505,4.182443281668119,3.256211557136295,4.929840677367279,3.3223678119827613,6.074005307092498,5.704283244921649,4.456972340685748,3.027820673849219,49.322121677660014,87.66580693289052,40.01324079125902,22.88950338598925,11.316875267158691,13.668975606373069,14.58575043700175,16.511663309127783,3.367111637627363
4.190944999999999,8.480898907054673,8.025454016349206,4.342998465596039,8.060358465382539,8.390247380728715,6.633317334423281,17.88511569952259,24.172834509942884,25.658049665910543,24.60327303374109,6.964600671185822,20.047411647640338,28.235736200220312,64.01909041963296,28.60053406725811,15.74724525246254,35.589112709715536,13.04505884366062,19.175019945083147,18.70846602962452,26.86136097053312,27.728650851234605,28.68252623444479
12.572280774639134,3.664924309767591,10.29217580373562,7.723272354812038,9.67973006142186,10.97917975502608,72.41056326636006,25.164700475017547,17.197920901646953,11.780393806262342,9.23202903098709,10.760665395221642,17.996628092977115,13.328210378238337,10.840392174318135,64.66184058295065,13.673878842481685,11.25088025521538,13.4563506945926,16.755696511255206,19.20242065936525,17.61913451896981,2.755054451896588,4.486989114173982
8.912147868054918,5.844606768608095,9.377129495953437,12.465496367496147,11.332269424996497,5.074996491055173,12.27111090258736,10.589065636525111,5.114897651059089,20.849300356252485,13.130492173295725,4.444090352174404,14.677895582086586,6.642467701284872,20.095422364584127,31.381003621570038,29.550719970066204,52.17597555526724,43.42847556723381,16.549635588148718,17.82223339086615,26.57635233114733,24.54474701242719,19.316477694465377
22.40799023822414,7.374883102159231,16.313941361549627,15.562692057134678,35.29750033839731,48.53206595706783,11.41932996574141,18.09901947596809,23.4445945026006,23.85578082742119,34.75986780198309,69.4823577425951,22.24306282622395,14.19182367092177,11.072537757238171,19.2430711516596,26.748398967526956,22.0198150996472,22.73398055190721,24.296717053928237,19.1808255293106,20.230819747263308,19.77368758341229,38.70727766236754
71.05671606672954,77.5799070903717,5.985820345763663,6.948196285003894,8.40833964167315,10.250378879218012,41.71579990094254,77.14829691997517,47.854156309433705,83.662355981839,17.874309533248056,82.9756434594005,13.45928878268337,18.792443029728958,14.21137935251728,19.67103038958119,19.76537633781556,17.533513648039786,17.204539141574397,24.380378533910392,36.70512986150812,42.41684805465161,32.69753199980639,4.831885216227064
3.657115,6.694881051092212,6.694881051092212,4.022826500000002,6.362903478310778,6.999193826141856,8.225521261310654,6.723560402816667,3.914120809974945,47.28140566847626,27.86356642585033,30.99319981845121,92.92204917261127,55.080969004179764,26.28087806783717,14.805604080955945,2.8535473938839298,2.5034682949243425,3.531604144798597,20.789648552539468,16.44707013591852,12.67274031151877,17.95049995772405,14.722384222498183
4.03029,10.47027053097227,8.73863717467534,4.433319,10.549544376841853,11.60449881452604,12.319806808964426,20.90021772470763,26.033957149494725,42.645975679815336,19.718660947346724,11.508593865645658,9.828084554631632,6.943974366509034,6.070909186760181,9.081781680933425,6.415764698287701,3.8906666186519416,17.57241354638382,21.208676559681766,21.116140440084163,22.862682326184512,22.76765654598841,17.196530314129742
2.83613,11.373943281831576,8.888153346594901,5.718523386838346,8.447418469904244,11.89094070373301,15.42036138114896,10.10825350426108,5.237208823355842,14.4757287712477,18.21588009533336,82.14502063519554,20.845968577202843,19.00072691019541,3.2000188342505735,8.853991787819169,8.290945896836424,6.5949803008809775,11.395495315496156,12.29328295818759,9.817211752239842,14.329134453796565,19.46768974054699,14.563238941401448
6.729517514058295,12.433588641215067,9.93690254942516,6.710821081404797,11.81704705570027,8.607944598460703,9.746715196254714,9.05051957253875,25.000402431675774,33.78676497750607,11.097748539266345,10.028132227245786,7.605185706745745,9.288655512184244,5.16490075978289,6.121809158139613,9.658983211722347,17.410117164493137,20.99962247882954,24.26656205596203,24.411948101819128,25.33863533831765,24.940222574875545,32.74965718213714
3.657115,13.434320044867052,12.27582030623864,4.991753554125584,15.24355412856428,10.290534429352048,10.004305433882426,6.256259470523103,15.692983807831956,26.120429285471907,36.29825141621618,36.28269091509487,39.51361829626341,27.748957631397634,24.349287152171932,8.285536226675436,30.88553476051971,23.66556139396513,16.524235115842846,20.707614276597923,17.774412822035856,20.431535417864705,18.130376390475472,21.136619242842404
5.881701897750235,8.1380356626386,8.1380356626386,7.750800868952618,5.210678352080325,6.488891692912455,9.247955432189093,16.891593275526535,48.52121665258919,32.92318330154821,20.11363758594631,17.792058520029293,18.854446392504183,13.686529400982804,13.167595031655969,15.999268994683751,19.066764830506692,20.57779336578501,47.621736279398135,17.738175630587445,19.468414440343555,18.305552030744025,15.244197792798706,30.611140312242227
3.507845,6.4610462640767965,6.712881106265596,8.860985228932064,8.773482609402171,3.858629500000001,4.429035600000001,11.09447411120702,2.3764055400000004,19.56783488552187,12.469097339801213,21.04358079230936,33.58533769538349,13.220461585436391,8.819061811745915,7.552824159398392,6.896217313230436,10.99672780698554,13.672564218028452,22.77423713352858,19.271857135454496,19.66552035117529,22.73085585076868,27.314216326612048
4.915178927781045,12.760227448093964,10.421521251637266,9.986136155106037,7.964362229178916,14.86482943734263,9.71238151810206,12.159157648586191,26.961870799638127,17.76880607898021,18.534521840943427,19.249146814344893,45.360618666170296,7.325723496045684,8.300247285581028,11.633344777050754,8.458210799678016,3.308238594906375,3.955613277057393,4.068630799259035,9.829248138659912,17.388937231249354,30.653887543829374,27.03464042846921
3.806385,4.004979000000001,10.160792514160123,10.62264671934922,5.933863750198088,7.989891765979085,14.316867370765236,18.270860861021777,11.07493489612589,5.925697555649344,5.822419549122329,10.534856250594263,9.893604130992875,6.98187479009417,5.407238778638693,19.650409412034932,4.879216519621677,15.8492760571738,21.484021044694867,17.747693603121615,27.49005539980477,16.70876988083635,20.45931847114325,17.030117882763935
10.511439906438191,13.750641336734631,11.470722514497032,18.1277425727706,9.576963802722869,36.012173512194806,52.61810885841617,33.97360975324974,40.2838724832517,25.340894457139743,11.848044463425596,17.39452504708292,12.096264429319378,39.13981737129221,26.37727585841012,9.422056327521243,8.032078411133634,3.731590791695557,18.01228490093002,32.717181908270724,3.4669806954049083,6.056925013841564,6.741935857073898,7.629422571145264
4.213715,4.719702609433779,7.5529928400935615,9.035570754244226,8.214155231131114,9.035570754244226,8.802056925282141,14.765418658366452,6.867326398399007,6.955895997998756,3.434508,8.960896615779395,8.41545073481891,7.616762123412486,2.8259525,7.071316242452004,2.2890215250000003,3.6647289280586857,7.355658963257997,12.878227866574044,20.73288316822564,20.95019441374474,21.308368260815183,15.949982673283133
28.99046241637272,42.24599649842165,12.33595835138756,11.650802928677114,5.085655128959251,12.896683730996086,28.518080833166312,20.916344355599534,32.8471341289083,7.626421300626911,8.670518294992801,19.851966164257497,9.38763307448343,58.50787449304857,23.905997933288166,8.623165249931224,6.7149064148996525,13.88063752082593,21.970595580931068,44.49822688270117,37.21246741480476,39.94026367845844,31.589008931602947,31.34827103535188
4.389569403949984,8.804179549714068,6.170894686742464,21.702405354516564,14.341751117395116,7.712512741202348,8.689367728581159,5.9055882356630445,14.76851697320858,2.717697825,9.10525096242324,10.576806673521942,6.008624728789054,8.990285672493652,4.53196811141304,3.5871845535701263,5.349178231326619,3.140797691053273,7.458530332182835,11.722177982918732,16.847767915684333,34.16502080436159,24.73138353529984,2.7437813262051027
9.89561321378443,8.040572670735003,14.368970747847325,15.02210578184038,8.187267125723071,9.7776577205219,18.105252897416783,24.39653936451861,38.72177359152749,6.470102398767046,12.31169816387264,21.402013210891774,55.32752290343966,70.56776918852869,7.2514856543101684,7.195116549135189,14.20060300877872,14.685261765906851,26.366695337201318,24.15666975546222,26.737025413114065,32.192854410283495,34.77886191445818,41.00368143103295
17.402916840821494,4.397624,9.57634387962492,8.490086121512345,11.66876740501242,18.558435621471467,14.837077459421854,34.436404715688745,25.705962303529244,33.556372271747215,10.759358043878075,7.379306101858429,9.161747850059589,59.68601071870577,25.385545758359605,48.373083127141555,62.65395045814329,29.410743276122403,18.70026295195183,8.735071282650729,10.981200584922997,21.180156838496806,21.747672518155817,24.752865489433184
8.961626201636099,9.42918930780842,7.4853051958780865,6.30136448065444,8.499752910578271,4.269122,12.688619169370105,24.073827490369872,21.23821127644525,26.72239678970816,19.43131953830272,11.432319492693926,82.84218118217636,26.199386503208714,6.222984676653678,9.537070779009179,12.956240112308954,3.613691082151846,11.407274484406384,18.80859623859732,16.371984730610073,19.5906677598539,4.335585166325133,5.279824118910669
8.22392235920702,11.583907317658392,16.806482743968807,16.243126872371686,17.029372458250265,11.079041691018231,20.167779292762564,17.93708862839618,17.310912279657103,32.19187173600807,30.884467871588164,82.89880256895431,49.17576704273007,113.16502600321415,33.01998116109925,5.812184864459621,8.333172119935174,4.84465193098848,5.58783967472684,18.87597070071312,20.7796725192912,30.5974423859807,26.635384046704694,7.817351357053665
32.59285554032697,18.7053980091482,10.074520682539369,7.970181487767089,6.9868041855388165,9.108969022464652,12.089424819047242,10.002348955156965,17.964028352725073,8.10824824804901,8.262950049801196,4.798528033734329,12.47123732024384,19.77729170706379,56.7529282291605,24.383220504333735,80.3331809490332,13.956736129140722,17.75001062978448,24.072406249720544,4.55041370084726,11.31276614303244,24.33244588799849,22.94102630171725
12.773425429501277,5.300519918220392,9.930211142741223,11.852352411315405,8.307393579081452,9.87837461180573,12.188324781165964,6.972564997579954,5.695248690345324,5.515215297985576,16.75360754328826,24.59379865066364,14.904909806256141,14.841035570088183,2.6529350000000003,9.275754061029449,32.665820705966055,8.384025837453093,10.74086942650987,19.14568100724457,11.03718353824467,22.419274851826643,8.350921499824485,6.24471889364
3.88102,4.083508000000001,4.083508000000001,4.269122,3.88102,4.269122,4.900209600000001,2.78825976,2.6292146400000003,4.242059177334864,3.644784000000001,4.23384,3.9761279999999997,3.5987639999999996,2.99897,3.341052000000001,2.4291657,1.7315093109600002,1.549944396,1.5942285216000005,1.3687820640000004,1.6898544000000004,12.52623153646771,25.283465043974616
9.332205002869282,9.295452627621168,7.862732245899997,10.84900602201374,6.94175846301237,11.873596005743329,14.140996982249712,8.178882784025348,9.722446306888369,41.15792761669071,31.877058860849807,5.039163869821182,10.070779471722737,9.884135763174797,7.416010169048333,6.661742552292101,15.0253221864455,20.43176353278707,19.06221313399104,19.039129970505087,19.63647081258026,28.46847328354138,20.493561151148,20.74854182954548
6.532300296422884,4.476153000000002,6.87311596406234,7.185530326065172,10.43214649010276,11.475361139113046,11.288528441237386,12.990951081891009,18.120198318823004,7.017777958503344,9.797146268966076,11.380523443748473,6.433054562434118,7.678376955470402,6.705121225004359,8.141402688926929,4.1273088364628725,5.504022500696832,17.139070131876235,21.192856432829856,21.33814543341256,4.542313270156999,3.26957677106058,4.600035081962725
4.252289092732587,14.165082353507009,13.69992439122936,9.975325479306292,8.04698282416064,14.808949733211868,13.53471575774094,14.530211561440138,6.243313918408101,8.441709731508778,14.525037583560126,23.639309866741115,28.08732991120262,12.995077974009284,23.53668954793676,27.10349132482149,27.90209026055076,27.08006265716013,21.496067088274465,21.69068033521265,17.341435696729693,20.44960992813872,10.371028699503476,34.48399087694298
6.881215148142211,9.815478941423365,8.064701470018036,12.740989542603687,9.32876097738584,7.569336662956434,15.94358641240586,8.39491069982469,7.527255837467891,12.224868666047346,21.19609772966768,29.203277930228616,39.39570015862151,15.129678254297845,9.757610642453493,7.0481010578892205,18.56905280426949,13.353322330111874,16.876793406909233,16.597583851919275,18.631191511705964,27.120181163239863,29.36037566720239,49.87101186639142
7.005329007242232,10.21505308688246,13.21227253903251,13.478219561946416,15.98078800784819,15.88666719767718,14.67431326585598,30.29116866049085,54.38251974242807,31.75961119723571,21.09344037106504,15.645520910075309,16.102883670652503,14.652135556859434,24.503388686392526,7.847310693971081,27.054843927561965,16.38910720604071,28.74892888019355,20.26917109673216,22.375907109816985,26.75847910723117,29.93343747383493,15.952467061590497
3.955655,6.59484401513611,6.59484401513611,6.894609652187751,3.955655,6.894609652187751,4.994444400000001,11.679562616777025,14.018527648691569,5.307709827283379,3.714876,6.837629407128347,4.052592000000001,11.44970265396755,25.618350004724597,4.9874347231100975,3.9230898723398897,1.7648075669400003,2.29795184038576,2.732968029680887,4.942016695320505,18.19115861703829,18.885407685518874,7.850784615405616
3.955655,11.309337991944806,6.898836475784516,11.823398809760478,8.147453961639945,8.962199357803943,19.56937348265592,11.6245636422552,54.63237904135476,60.00525635000348,30.023332772778488,16.870648166368753,23.55531144957046,28.86203546334021,26.614720938811008,58.70458258827413,57.30441856858083,35.5067964441304,29.973285080641784,25.70315935745002,13.626134973344769,9.34060836912919,3.604546189934292,4.927116427394908
8.59080865109546,4.397624,9.260043838184725,4.597516000000001,8.800868110671429,9.680954921738572,28.078935354726944,29.0058701329828,35.26221682785204,7.452735131900396,4.122425231601785,9.142635481657614,9.016541558442825,5.433851263763591,18.424485449622473,17.846508551520486,25.283975399694377,3.270466451443525,27.216317783489053,25.43062441338984,21.48576308073822,22.857525284253107,44.68459319154045,23.49889828110009
3.58248,3.7693920000000007,3.7693920000000007,3.940728000000001,3.5824800000000003,3.940728000000001,16.086998400000002,32.925525712388655,32.34136496012589,17.00117136456442,21.53226619952672,16.22890422351378,69.32366413292416,40.94420504874074,26.529687963231055,45.00054327788998,39.206518480865086,35.24947166966942,31.28287774226301,30.642387286427287,22.98666976014397,33.83238438463688,23.209135484959543,2.16648
3.731750000000001,3.926450000000001,3.926450000000001,4.104925000000001,3.73175,4.104925000000001,4.711740000000002,2.6810190000000005,2.5280910000000003,3.1601137500000003,3.5046000000000013,10.616900996044308,15.263219461661654,15.906914496025662,23.207675384280478,28.15784809790821,22.01444529239592,16.735697042766326,9.765446798793675,10.30184676157978,9.727741823757784,17.95296171067987,14.912837457417773,25.48720775914549
10.274300300077106,9.48488557754948,10.029352754554584,10.835959935253287,11.476476073017723,4.597516000000001,17.98814944006316,8.951109747727465,3.9079405184805336,12.064459919816963,19.74670122286189,13.530576442799942,13.402653699783592,25.917530532464866,27.715777169514798,29.545564368161823,31.1006567332691,42.01642687370909,20.547810336797134,25.21574582678725,24.48725716603208,27.74021601199489,16.103757432397774,6.213312039177064
4.17956,9.72686845053879,8.273438145846391,6.876758977813075,8.093411578062858,15.57185659735934,50.07446438987303,60.62018768345053,109.54019708672313,58.309292133632525,32.508873023601325,5.061832501997372,8.763485104776557,8.572213893675427,4.65287875565922,6.570981623234449,13.960645234883366,30.12271420129462,21.760160157051168,23.51922140389582,23.81888037749714,45.61104519635005,12.44503558967632,2.52756
19.72938844269389,23.16194260612193,8.135498468145325,10.155432172958903,3.73175,10.155432172958903,11.656669972439786,13.606975728926887,22.09949603415812,87.03098100501886,40.25278274053504,9.253252574885911,5.360087720149232,12.66690717640038,10.179466224305973,16.701076707213645,20.75355454635461,19.715281383770364,25.19482491806896,39.68331277396103,1.7570312647178117,4.019843363899221,7.573777460618046,3.80756513718874
28.304945721456605,39.69641284431519,13.118148226360011,14.060714879401871,12.583299047453918,12.906550000378504,14.621979982661625,11.501456852798515,75.83948573756476,13.556752841199678,13.500770340540852,40.06555682756371,14.17208413081844,8.724188480081288,9.66625749032866,12.978275845081797,7.526974557641156,16.992743049166915,28.333659790050312,38.03919329901738,23.22748124788265,49.12540767207684,26.01016439712336,53.93648220912714
3.657115,3.847921000000001,3.847921000000001,4.022826500000002,11.431571870327785,4.022826500000002,4.617505200000001,4.91879265889744,2.4775291800000003,3.096911475,3.434508,3.98958,52.22692768478398,20.43774560317513,18.344147264908838,12.111671377835835,27.856331693222387,17.40638376006992,40.22127591022418,29.23819926387651,24.92984814534736,14.027458405319525,12.214282198411537,2.211615
6.250366458202134,10.866546139442004,10.25089772100139,7.733579687303202,7.030526988457456,17.63944125707293,37.16639513900467,19.49989469445009,20.134048396606687,21.419162527795464,15.045427172856376,89.95904510784527,10.780619018394573,7.423492913001941,38.43447625507583,20.793589822470768,28.30687098646066,18.196665976938213,18.720073298045463,10.387446534996702,3.803757248664794,18.23927024725829,28.42377727427058,11.017761887898104
5.875719212537184,8.501320890813156,6.093617730994978,9.232149767581808,8.39286342507437,11.06189923365229,6.459070366862316,6.709450489983966,8.064068369199997,6.524804030746947,8.027803676926885,11.809901774591324,8.855730260759989,8.125142798825909,13.0882775818726,13.664662922123156,18.43471321797612,1.7026067656700077,4.049263547696267,7.166701462403636,12.560002714796148,13.260671380371589,5.237434700036153,7.208410286696454
3.955655,9.633715062115837,7.644013948619169,6.17134481405093,9.156010183002651,6.431362573201062,9.172816738343004,6.238349272171378,5.882507602457502,8.331673169233882,26.409891855644453,14.54529800567602,18.76828433126184,20.73887049812282,26.094303666124787,33.0077959921394,24.120663858441063,28.060532184607336,22.421532964297366,3.761066054233905,1.395104796,8.340231243536966,18.712452060858592,73.84240064654819
3.907585,12.426750433104187,10.512524497280772,13.620224171071376,15.590127947943866,17.149140742738254,9.75575400885704,12.766948903061367,15.771354211238586,7.194992191755679,14.641163638069017,16.546940689744453,6.936518564528893,9.394039953836092,9.232070557985356,10.79291046475439,14.254272178694864,20.89585530467849,23.689634076580763,16.839640088347746,17.857076759380384,28.34566282494725,19.408141694005035,7.896453400169599
2.53759,2.669986,2.669986,2.791349,2.53759,2.791349,3.2039832000000006,2.8373360400000007,37.91722423679769,4.660821130269228,4.890964261768544,2.7682800000000003,2.5997760000000003,17.388665419369712,25.972714002026194,6.158563635487682,23.560842145564703,14.138132567881067,13.471531300217622,17.2369314696357,37.8448163137282,18.28403590825848,13.401757952781594,19.6496893989188
30.19864243610137,52.08573195481729,18.906483557409828,10.888099173655725,7.650396394939024,8.140695685630396,10.92087357141638,16.92879906226819,11.213096738110725,12.611606781775611,28.74982752787648,7.145413194019287,10.14083832487087,4.083213,22.687585107653465,8.521121092426219,23.83133715828305,12.07102018429426,11.795815668290988,45.66017679062711,24.851432619114327,27.10786718391799,52.70884012733538,2.662965
3.886902467141607,8.683448569414685,13.57405483515431,8.872693997720456,8.71243927711535,14.433550702547349,9.070948745732874,9.207544314458858,7.52786402610946,49.8536934573804,13.505997725918103,9.30072042191602,12.736706195494165,8.078807329688779,5.666961184659866,7.9329326611298825,7.793022101856277,4.449512913920628,30.891812269560525,12.824257843185515,16.752321246781563,26.16159523956921,21.296532195912,6.601934581078436
8.498268931236098,8.941656875474504,8.225639528818887,4.357671893123612,8.498268931236098,3.858629500000001,4.429035600000001,6.440806572162838,21.50574498661845,17.761449091499856,7.980982996291291,9.27083883407574,8.706526905045044,4.725110275579575,8.476218737941803,20.246010474832293,28.51692117243871,20.167943701341308,19.44370619342292,14.495614207876844,20.17547474935868,26.5305050445555,27.45566034522745,3.904663936260976
11.240642105202792,11.067454104257738,9.24472372234795,7.366215394159426,10.663052202790244,4.745633669490352,22.889583668837865,11.347994707627596,7.35063912765453,26.063891292930144,23.70858033960683,9.349467743641515,7.301442015885468,14.486287185900903,18.936157096016924,9.62264109244791,7.397138852039235,5.841179300341625,12.14720361725056,15.386494863316734,13.93995440790083,15.50358952659297,15.771220379017562,19.26283058899532
3.806385,9.092357871394324,9.092357871394324,4.1870235000000005,8.641497150498738,9.505646865548613,5.91594837194058,5.509753957020354,18.45040470537032,15.168181055630267,3.574692,9.427087800544076,7.727446641027241,4.344732932811357,6.507692206049687,13.572575241412043,26.16761517685609,2.6787454257621413,2.8367120560194983,12.64063394092373,11.200609860611614,3.092775690385216,2.47947177350454,5.2258856285624775
21.442704930557447,11.43407322721151,12.47722641919911,16.179339281232163,15.839283274070349,10.095641856652914,14.753128226645398,30.591453207307676,31.549511117550622,28.531241172920527,23.233430117133928,19.70302064890568,22.28983290759741,15.530215707986281,13.560877200547825,12.862333191997337,16.128295357348954,22.314121422219262,15.562486091488497,13.518350194355696,7.969938401928019,25.081547587881825,24.179975843910565,14.605047657516764
12.941870865426036,7.59393371057445,9.826554696462193,17.42429699897171,7.217375014182326,24.87009784662065,41.35197290878943,50.23436673531387,19.152210818087077,15.45009489922908,12.464817685619478,7.8735000154716275,13.621958757891676,13.545749019062365,4.632692590187223,48.97823439424405,107.05366723829208,26.40325597979874,43.08429957887476,42.85411680267579,13.779906110140557,18.237010435328603,19.33953922456797,32.11026224474132
3.806385,11.2885611791565,10.8194136188653,8.613606675321165,10.15861413981578,8.03846534082974,13.546273414987798,2.7346393800000004,7.268272846967346,5.866395038456465,6.50589493867888,12.251933976700103,9.02764814302045,24.49019852630504,12.063121682767843,16.361583575374144,26.578719843536938,22.7794626203262,27.07752371985737,62.73187160097416,14.740036557906585,19.288566622996925,22.8976368305231,6.488166267509182
3.88102,16.68051096736437,9.88699941157926,15.24030641973549,11.940389013251318,16.294546438660536,11.01141749949601,24.87137969822265,29.6200537419796,17.25224562853175,62.69399761509347,13.74600247570332,20.45783223695413,31.939805274600705,12.08452643758875,24.524576172282636,42.47077392841938,31.502871712685444,28.376129239826,46.38697184122933,8.697644888035846,7.347334842608733,11.023354476751203,9.587220803932189
15.771314318522512,5.091342024934711,6.310205790518904,8.89071332168729,8.446786656079354,6.851886659255552,5.817083126181445,5.806725175002403,3.4350763805369016,4.882430300894836,7.590490424839742,5.531523962217232,17.480493365240562,8.30010706591975,35.086653783179216,8.691007644297617,16.489388328851582,20.211341002765568,16.667890302211443,33.42158034689603,11.2228056759359,16.650639656055702,14.885303162926627,4.887815803874076
6.590349397716485,10.604866020040518,9.064778956641028,11.408923588753156,10.664492539016829,7.249384337488135,10.138492957537478,6.171609018180785,8.293471894792475,4.5892245302893455,12.971140739994516,22.603713726332494,21.279140023517233,27.27076604897544,11.972943954836596,76.59762097618102,54.57888186579263,49.06239904727112,39.77704897014348,8.913312701329142,14.06412938424192,17.33341928045637,27.76984367064584,14.321365241089907
3.815657100471706,8.676249244708936,9.166934969179833,3.940728000000001,8.479199109905815,9.583613831415276,8.056207616190433,24.92649307679404,21.16440587994722,30.9889950065847,37.04588123645286,47.8037375647133,84.14436249342072,29.138672694795705,16.66508565441486,15.635939929442367,25.746042319227698,3.8870092215075114,3.386297195831691,1.4715955584000002,3.0727345624565303,3.7934994598228777,3.425330863502179,3.0125534317510896
24.87724572452859,32.8600427526837,9.513170128212268,7.143562864987068,9.215496648987832,12.275188924953005,11.60841425472166,28.013745463498505,7.559893212293371,9.449866515366711,10.480003192845254,5.820281156967769,67.51795612046017,24.179970105098896,18.91961653880208,9.009052093453983,6.637077998627224,7.115832375335227,4.255260999800875,5.209661731450676,11.909609560993044,19.41377640059394,36.92274497505424,19.1713956639502
3.209305,3.532251797844878,5.864823765518026,6.456553059444495,5.426212242003406,6.781699454938328,9.950594048607,55.4672895176193,48.65701753288703,4.970478656919459,5.512314074466447,3.50106,15.652288310225874,13.17575031098443,16.06367425120968,5.796052050333599,16.36459666032036,12.236829009926954,11.258324148610662,9.689652431123996,31.401832778426712,13.378787527352214,25.092118910505324,14.511170511101916
13.127708262406308,12.389404336838718,12.062792711631928,15.07163325378894,9.757789025938935,9.61849654159758,16.435021005199058,47.334700423772745,30.254714575681888,30.84709015494608,67.03121669045969,40.20922188217308,37.781599713913366,41.78114126497629,72.29208589567511,18.582567898848467,19.776364669783035,4.817679601486159,15.165061672288832,26.30630250860402,34.35106376102131,20.155729006301,27.7558264693295,43.834008862179445
4.03029,9.41446703321185,6.827516516605924,6.891990978592405,4.03029,9.842397352903294,5.088679200000001,11.897381615389678,5.455928565293148,4.927139675162859,12.46647721105665,10.300759089096823,8.040710883368824,17.525593582681875,22.2112542841403,25.681282193501318,28.356701590867203,22.427728485877104,10.66602550757238,12.5322014700904,19.726010651116884,28.2195641587994,34.432005824251846,39.61279441450182
3.358575,12.434981638418549,5.570876635321605,10.60433405089454,11.81837097866225,10.190940683328206,8.710129013532748,24.21360774859972,79.58868209287687,9.882558362658209,11.098991875613237,9.68908764126297,20.528622474884937,69.03897831149926,21.41910645823777,35.0184447305007,31.577681096945035,14.305204069619858,39.468936305096506,18.299942992353564,11.223662273525807,15.266793555241032,23.001982139729726,17.106483913911838
8.74461301877606,8.126740346327928,12.7152847388934,12.165235221733576,15.019326631998805,15.255633950834836,16.566824868012542,35.4512962330332,25.75734303298939,82.07252894024182,35.39432775224948,45.04598582604171,23.49094209960016,8.940719519445672,8.328831877863214,13.342816924186716,18.81599629545,27.069779238771066,26.44204126602532,46.80835559537074,15.71778529690169,21.33646659807388,21.313210590803862,35.814582847055306
6.979692872076734,6.628378240828656,8.059323281280648,9.67231282173264,5.166374088032886,7.926993492090437,11.10213297798877,6.317205417640716,3.04570692,21.73767052340704,16.470030555969924,9.59237635213154,9.008492574175712,4.370277527147602,5.91884936698109,5.813476298983081,3.5174236866492627,7.954734724225119,13.22588541049708,8.795502308746965,2.9412904562363527,1.9534370378215469,3.9250327846701447,3.809698988906026
6.902642019313499,7.764280921542491,9.987980896632171,11.498696958608482,6.902642019313499,7.271829237363633,13.198504335098434,18.49073098942968,20.383445059101877,10.946868092558212,9.81706934015586,6.482171197620136,8.150627301458806,8.980487506319589,5.333859742196795,8.780644100300599,6.542853600001604,1.3652284951800002,18.12917656320513,21.021701046228745,19.04683649282331,26.940382887564805,28.17623116961214,25.68923454281796
21.15958090783701,8.833916354359035,6.638944829650384,6.252292161884958,8.395870915299907,7.858612232239928,8.219830594276138,22.311718143251014,22.590502620100683,21.000965699132298,16.35980707520178,83.28527153400803,27.88807298479022,14.203347028391754,3.9085032094227072,9.296561086824548,23.670350885185176,42.14313869289515,13.306644791431411,15.17331664828421,14.970769465656408,23.782739498322343,18.062332368743533,13.55397447973123
12.11800396628542,4.004979000000001,4.703671306077686,5.940106013431286,6.196952063769934,6.816647270146928,7.8243255622556065,5.943062116246033,23.951605707760343,24.16524378684275,19.174021612534894,6.7603113422944725,21.79255724753234,5.746264640950302,4.788553867458585,33.78600577584907,26.63753376100125,46.37060588402696,19.282505475367977,26.154126730423013,25.07634388457566,28.68991183039238,26.01020850131415,21.912930616345577
42.41162746938439,50.62388791433258,5.385616005860335,7.155908466798879,11.867760053440366,21.43478571689953,9.464452133373657,4.838242206640599,21.766692063338493,60.66540979990664,24.29950882013033,33.69532461105885,3.8232000000000004,7.50191251446085,4.8737883593936004,23.752332713985414,24.83671767817587,20.725092546969343,19.55477463803288,17.87554343052791,24.359993470768803,31.027608377666247,22.60654531694368,3.335032489035998
6.285905389138537,8.148635727669953,6.53525549291206,6.806690254529218,9.691069867140817,9.484455108053831,14.733790522486036,22.1979195625017,37.45410669690264,43.44561427169233,33.43232427939511,39.88264380225196,30.893958993807225,26.701075891100448,16.724032195940346,31.52762933323019,61.546666119425126,65.12159988612467,20.43145967547393,25.277239723687856,27.60311605985949,25.912005537384065,27.36681681455549,8.445592391440817
17.73353313216699,8.755054484817968,13.412063882759943,9.880026863833088,15.600024854255606,9.306973101803951,21.86158177805786,25.28472421159443,17.5770493666362,18.556697410520552,12.451563393122395,22.344523088186047,87.32746624816546,41.27706087067323,11.350957421236116,12.509152070301186,7.622703716443662,21.57680960100585,19.49740941367252,27.459938292671403,19.36968700280584,23.45645276292504,23.33144857067925,37.006506087579496
6.094911084318625,2.835720240873267,7.366822766403952,7.701678346695039,2.015145,8.67572834669504,3.116689392698612,10.087251640986322,10.064436838808632,3.43387147388309,26.936485125593222,4.19337108493842,14.315979417957658,29.310149700268212,6.102278887667731,12.19718319867652,13.495410311396132,8.03787588388237,13.995341199468346,12.46349977090996,10.891649684373832,15.118359058052103,11.304094953474456,17.47884853671671
4.490749999999999,3.926450000000001,29.489620284211867,35.04650418711459,3.73175,13.179425358817952,14.353739060653496,6.140710711361809,8.797000181340291,3.1601137500000003,3.5046000000000013,4.071,3.8232000000000004,3.4603499999999996,2.883625,11.626831648828864,21.40450381882546,20.56105243318133,11.360698002795823,8.617664089891644,10.977492483940969,17.544479151746792,21.280664299667684,6.171318831637411
8.154129433347633,7.905154132346124,4.982718854669677,8.264479320180037,8.154129433347633,66.41688949606758,4.900209600000001,38.358833580044326,47.340018398470455,8.978222400917742,15.65281466557585,20.94543021595243,7.697280056739725,6.174283594826799,5.640528558796718,19.916038460483254,36.0091481650775,47.79299555996613,24.2538363690567,17.051438453701294,18.17856118510956,25.73177988353046,1.877616,11.253758848631325
9.74185506839884,10.125250375268369,16.488758015703326,15.171569348753073,9.858021579225149,15.429510675713344,26.814983738893726,20.685372476744213,21.27047403485829,31.726424394109983,40.21303526250767,44.97196895805164,42.90194652682017,41.7377858200455,16.626684177863947,9.64870755806401,5.215771982291763,14.14746249274477,6.258505697414931,3.06048353594611,5.278507286635355,4.113714534380772,4.911517937215297,9.477009678447065
16.765032500302457,8.601795129957791,3.3767470000000013,8.992785817683146,8.175259834257405,8.992785817683146,4.052096400000001,5.873391021794319,2.1741582600000005,6.922958668737065,7.041679051342371,3.993551388521395,24.275814711427046,13.849560591087721,6.317246235562539,16.765750569512885,26.24113053515977,21.185388064511123,19.39237771970344,12.563887857306648,16.58676643517082,47.25767724425281,30.0330230501212,16.806190719395932
5.6893348186192805,9.451397849262287,11.82722971450802,12.364831065167472,11.240755513788608,8.390712308756434,12.516416890603209,8.075749743906215,7.024362344650734,5.435251657846554,10.556535612949304,4.306669947669674,15.32498079463284,56.901401943188226,14.54507872457407,7.469302053763816,16.961865906603787,19.06200840232953,18.968413982630675,15.44894160204202,14.87992218697408,26.013825274917497,5.438215315761761,6.797769144702203
159.97838860127214,121.62678562562152,61.07910637483715,17.955309038500694,8.202893703140955,5.811208804204703,19.722645477084217,63.894953874740494,42.552122506048434,12.933591284525104,17.757716420760378,8.079857941420391,14.610027883889742,18.29773564129672,19.70719917562111,10.431743799972518,7.099771225247784,23.261847629639306,25.169934493708464,27.5279829486576,22.136293307676283,22.845043697134308,18.65021785627535,5.923826312937859
5.362231343931961,8.552390794525696,4.319095000000002,10.600780204630688,4.104925000000001,10.600780204630688,14.175974246834183,61.902405097381205,20.12011112265689,20.723936678274548,5.508144514804457,8.31859937782853,30.43881134181612,111.37584977501871,29.403855703286325,45.19576273437371,29.5798364467234,20.240226131048164,18.481343982213232,2.719144910822098,2.423306278665315,9.700533336905703,4.662362547778642,5.827953184723302
3.958185,5.362599000000001,4.004979000000001,4.1870235000000005,3.806385,4.1870235000000005,9.884335491679096,2.7346393800000004,2.57865282,3.2233160249999995,3.574692,4.15242,48.071626318927635,11.193570301665554,2.9412975,3.2768010000000007,2.382450975,1.858577124105988,9.00069776844916,12.546751668936192,2.2332437505738416,10.974624892500389,8.59357927850939,8.887110102068357
4.104925000000001,6.552637224442387,6.304465866171011,4.645143437278219,6.22771306455268,6.850484371007949,7.863164669330864,17.395808441681236,17.965293754235994,13.592828401705574,13.72278062312964,26.13915278758208,21.673049734468602,36.92676053484911,43.953975708644926,27.427479957347998,3.455091440117892,2.7784817283240497,2.487131981875748,6.3265662680982615,10.581190287198412,8.081962324745055,14.58028801315181,24.61561958139339
3.58248,3.7693920000000007,3.7693920000000007,5.092067060570931,3.5824800000000003,4.541642584511015,4.5232704,6.561760523383712,2.4269673600000004,7.125133026861233,3.3644160000000003,3.90816,5.126484597404297,12.420911024947006,17.82597116427845,15.833618853502914,31.483373189021428,10.90518215858634,9.846505141040415,12.418977675057564,14.729947687095189,20.22963711461004,20.24643285625442,2.16648
3.731750000000001,3.926450000000001,3.926450000000001,4.104925000000001,3.73175,4.104925000000001,4.711740000000002,2.6810190000000005,2.5280910000000003,3.1601137500000003,3.5046000000000013,4.071,5.146033370851588,3.4603499999999996,2.883625,17.691145298314428,44.57823372701457,35.17411142157606,29.84973925264396,27.91235452775136,16.631024918379676,18.47869885316069,33.75031392890906,31.87894847848471
3.2839400000000003,3.7195232365465194,8.74022073093036,9.690020440569914,8.809109491427193,8.308728067713115,5.414717935423287,9.06589759246799,24.896640582253912,68.30815770959899,55.124668390113534,32.55213864082203,22.88286593047685,22.97575662057038,12.111592503455627,14.336681391935938,25.1960219774408,11.941748717001117,12.235249669099508,13.582461571232928,8.432186739009726,16.495000303332745,16.281069927442385,1.9859400000000005
11.05709270620583,15.08101940734039,7.914622204293193,11.276340395148145,9.854722583196477,15.536240373858938,17.832901994342436,9.852703487955734,8.336325952341676,16.99572107336603,8.42632823251413,15.318141971089515,8.710142255076658,12.479690629117828,12.173957452518012,21.58670098223047,50.92849166075148,17.82055878629591,37.744365601165256,15.907014854463652,17.70099634578344,21.967145800755027,24.446828499311184,27.070140338951944
3.4344749999999995,12.325462551689826,12.325462551689826,6.398298758760726,9.102593590509668,6.736282041105816,14.790555062027794,9.546500199201768,9.581295587638724,8.035683318815723,8.614827835191655,11.489998098109927,11.473673796168514,10.407340866952474,13.866171179065795,27.340055438658858,10.14883786371896,10.646716860948644,12.046521119514091,11.344882064540684,10.014992226318109,12.709438282800868,8.644693962951946,7.084131368927657
16.743366588453668,3.926450000000001,9.071237132384052,9.483566092946964,4.398523689208301,8.505631348774788,10.885484558860863,70.38731297141689,21.47364377389953,79.35950428958331,21.343541972656173,100.48506469577796,37.76594629342552,7.994411086616446,6.662009238847039,28.236037768757175,26.548091535393635,18.952250694642597,23.08104751435397,1.5329120400000007,24.7195478777234,17.883068868701457,16.491327832233228,11.049997807485424
6.852544429931234,5.334132194858017,8.669130047812725,5.794504540698035,6.654442801269153,9.063181413622392,9.902706379432065,2.9305828605222715,17.67730079932351,26.64149366089243,11.485584,8.988279087889977,8.441166447757542,7.640037224706479,11.297478965583682,47.24244808589086,13.177340587892555,20.540237493738392,13.65062831788717,10.45580924890168,11.107305057276315,17.47555068466404,15.844207703092255,4.982632972634661
4.403465,9.99284390913636,6.470126161920837,13.9038044369845,12.465239369472773,7.402998366174524,15.815321853122406,43.16637720152105,20.86411734977406,24.28772220191827,18.893900388384,82.32276210924103,24.958175821318186,21.36946227167965,83.83211793975008,120.20677376022677,25.26985892511695,17.43121362692283,42.12433051626972,19.849345271282363,19.3192539105242,20.23779195675729,20.45124341964635,22.13855231238618
3.955655,13.437117848200684,10.464827479844732,11.976299614870804,11.829179794127551,4.610170039667376,15.530083344169634,20.238868861248875,59.26618659379593,35.59832263962017,26.65518171329511,17.14169378969702,20.704431542286297,16.962606607587237,53.42077016667694,32.04156586468102,25.574536056178538,18.867311890089567,9.59897591558315,11.117742449228906,8.721104872944824,23.43387387362965,27.95852244171915,68.8875180788984
6.426802167730472,6.76211358517728,4.2472210000000015,4.022826500000002,6.42680216773047,7.069482384503518,8.114536302212736,27.419220911175263,54.30656337770767,15.846475441399487,3.434508,9.748586956118826,27.974084164913936,20.792512935382504,10.476377164086532,28.508932487709398,53.95397743079404,29.129884683440324,23.47801424248742,23.899349966175656,18.347040747142223,47.32457607845037,37.77829961323404,83.70877831361977
10.126084066959628,7.018982282184889,7.169224214355244,11.138692473655592,6.670933573977372,11.138692473655592,28.94903122442508,15.05366269173096,6.859961678816649,8.57495209852081,3.15414,7.277382080702587,10.37423316267168,8.830991060255347,5.123333910115345,5.8657289026542925,6.33800807281973,4.5177321543059055,3.760539878586579,1.999784952771201,9.248069872317908,14.5834996620716,2.9493939061046386,4.209111972972975
4.03029,10.203430391469109,10.203430391469109,19.33993944399293,9.697475165445844,10.66722268199043,18.363979884593693,6.411798515657541,6.569598630263855,8.211998287829818,3.784968,10.579063816850011,5.976440255153599,7.081285610023414,7.493503536935425,9.875468290108033,2.5225951500000003,4.326509150113334,3.872834277595055,3.983486685526345,1.875686120740448,3.5494506478634986,4.6915848231247885,5.397136797691533
15.637132657706282,3.612334000000001,3.612334000000001,20.542454402328445,3.4332100000000003,3.7765310000000007,4.334800800000001,8.67328992706845,20.651420068957805,43.007426536443845,17.192557148381393,31.501655444890748,25.22293152879901,16.651426213169206,2.6529350000000003,2.955546000000001,18.760914253093247,23.77927090716701,20.772603363544714,17.815884694464895,15.526195855303987,14.854462357148382,18.877777657076265,2.07621
3.43321,3.612334000000001,3.612334000000001,3.7765310000000007,6.368010000000001,3.7765310000000007,4.334800800000001,6.647109480000001,33.77008695141624,63.9603183763228,28.114308079480903,58.91903419543968,124.78217047371139,6.291874630886974,2.6529350000000003,2.955546000000001,2.14887735,14.204449451367797,21.063654370305525,22.34546015244794,25.85999614565128,26.34288085895867,29.10923502608505,10.16199612891952
6.077742584519707,11.32607529920146,10.193069453003112,8.116015511205557,11.569064258697464,12.725970684567212,10.003166807684684,21.434593970842823,25.37505401536493,48.05121727347908,51.4412091609376,28.059547494868045,18.75544261882353,60.69226018529908,53.560337959551106,38.223705743949736,31.876426004501905,26.77530862250712,18.87295526833573,26.73334625889175,6.93215719806132,9.911299980125811,5.597049269820434,5.536560004763233
4.089083243759625,13.957680421055889,15.256965681872396,12.467854908350764,8.147425364666816,13.399079509118152,18.30835881824687,12.517834351442092,52.75953292053981,77.67931197070826,16.130568792506967,11.92867573743745,12.536382978216835,7.803399279289389,9.742790901812352,20.773528605369084,24.334391037107043,32.8824989070254,22.145773742425643,19.04379116181373,19.03122586599212,27.34573826438317,30.43481576487556,17.200258758089102
4.552923478685594,11.883693922336748,12.920514697164124,13.507810819762486,9.483901270617018,10.15269872294383,11.7720628472184,6.813564547638071,14.851657227717142,23.987103292483784,29.541818594823795,11.455202079290848,71.88052731801945,52.98243084885687,2.883625,10.571330206770646,11.37207700468536,19.16917135669104,4.308572902739927,4.307588452095173,14.012929184075183,23.311934128086527,19.96684025542817,4.044506332253063
5.746153264033191,4.67208528238268,5.282692963441648,5.682406014783952,5.310906053360991,6.320768590436511,7.255143077718431,11.593288417522208,15.101823680763191,32.42001168848136,9.53160785633456,3.41964,5.88696808710436,7.147744595181623,7.856510091300948,10.53024435108317,7.608193736105685,12.310510392902104,20.21334685911466,17.05159223255592,18.73807291089578,23.13908234056115,25.77562049280157,3.474946440304657
3.657115,3.847921000000001,3.847921000000001,4.523766500000001,17.108751277223973,9.326771879041267,22.924721487039385,2.62739862,2.4775291800000003,11.226236174511184,11.5341198309822,18.79184456769444,3.746736,3.391143,2.8259525,3.1482990000000006,15.47800859631282,1.6316145430200002,1.460524527,1.502253799200001,4.433844644357615,9.37121799717556,7.176554592527233,2.211615
3.209305,7.388005280139519,4.630265212543599,9.296419277700554,8.451290252455049,7.199625176718535,6.68245936808371,18.90865939447561,26.18087967574515,24.4042774318307,9.7226187647496,3.50106,8.658396970104144,2.975901,6.530542467806175,14.374830275827803,12.593379522607952,18.05938627464679,15.133089609875238,20.71486888065805,16.702557741798476,21.08521759902921,18.84606861244013,14.34110756660202
2.910765,3.062631000000001,3.062631000000001,3.2018415000000005,2.910765,3.2018415000000005,17.53004109057001,13.019808154318186,27.38136389129327,8.249503725,2.733588000000001,3.17538,3.6694872919647255,18.403334621114443,21.77351185418909,27.309571661708713,14.839827549587582,10.246134505904758,14.944387586363188,7.622312978963142,18.418431568184342,16.557688561855826,23.126033474348223,5.756336853211552
3.58248,8.637482171756853,4.87577612994474,7.6420858165424,8.209177270677998,9.0300949977458,7.178592311867375,4.235768363927897,5.561344456462949,7.678637737745125,10.781728475754454,16.04992633820296,29.000071073998093,9.555847181533071,5.043391467812734,7.067030867801061,29.324659656400907,12.596836066858096,3.278459865308073,11.771253891623012,17.7845326098381,32.81234356148767,39.2852840994432,47.23349235338726
4.727922556285871,7.626047285164256,12.42727840107964,12.9921546920378,11.531335872185895,8.95121413167981,24.38389472526641,55.52063640869502,39.78900904911488,34.580363953367154,33.7720736834713,56.30304817579674,44.03370663675257,66.6808144577011,3.191375821800002,10.167773237246978,9.51336084130052,15.907419275987255,13.033737375783854,15.133972101517433,10.987029689425404,20.956649033918826,13.080518277155589,31.19021233423401
27.172757406507756,9.38303164627168,12.256695665308015,5.307657377666758,11.184947942115487,12.951073334441991,11.259637975526015,7.368980221292128,18.05486918253461,9.486492448357822,11.235849880771536,13.259449951473492,4.6877173132923105,7.916094440060893,6.850273243126777,34.46331525095413,22.545029455116453,20.2892451546862,16.18458744483117,48.39307746576166,14.36553377257939,18.308193061856084,17.42553410569984,6.634349140848714
8.132890878062137,8.70328122624826,13.803259636032305,15.840584791997868,8.132890878062137,15.84058479199786,11.89225489174086,19.78575877593632,27.24526419292023,14.68882643166642,21.37986014029046,87.08390727936707,13.771690301220286,18.6684008251066,7.553978354145944,30.133503710316678,69.30263528709567,45.82152113635642,42.15641182814534,38.919169287864015,18.19714375347444,20.290247822127355,28.227450198821675,7.198429359323029
29.908948278307456,14.188326715956697,11.302944916491796,10.06074993486892,8.630028849148182,12.530551685216672,40.666240727443146,21.71524907095456,34.23781575159187,27.81314352061264,18.9392901558615,83.02291531551468,122.83438604503648,46.171046891909285,17.447031679228946,39.36454951590242,62.59341869642213,35.344293864169146,26.492772511810227,28.70809760440858,27.58978464199895,28.31445682430531,30.472032458029982,38.17847262247752
3.806385,6.603317839483153,6.603317839483153,6.90346865036875,5.452715394162879,4.941591597324654,9.265629407379784,7.77081427146284,9.336386774549492,7.32034627298122,5.893870468299012,7.688414480771449,8.901182732756041,22.189229944076846,66.04086669670458,26.146971175007433,21.37496406230892,14.75466417761083,20.08997082734872,22.398196814678727,21.166807105295984,20.40632532335651,22.75071347053993,3.795295377313757
3.209305,8.624474338352558,8.624474338352558,3.5302355000000003,8.196814453806148,9.016495899186763,4.052096400000001,10.113877391201164,13.370417336833048,2.717697825,7.484972379933733,8.94197940415216,3.287952,7.6006824935293364,6.333902077941114,2.9579564134098066,4.846667273302095,3.656992374936706,3.687784126260478,11.636608478771764,20.28441785407436,17.98627424865661,14.571750876264574,8.148144756489545
3.657115,9.215102171411468,6.775474366224437,6.318294480335069,8.758154956300153,9.633970451930171,4.617505200000001,14.923226692082777,28.609729554585357,17.35295737385018,52.593704431194816,4.748412390193409,8.022591555176788,8.121198232205598,11.338036555707589,11.31021358936429,33.80833903065285,26.703904706962412,30.34892781572856,19.536672432359797,25.02303129023394,23.93037913530745,17.686805529686186,8.449964744698363
3.060035,3.2196890000000007,3.2196890000000007,3.3660385,3.781085,5.1193285,3.863626800000001,29.928760596376325,2.0730346200000005,22.11731937024356,12.901637994650097,15.236002632905649,16.55180721938865,23.912394577476746,14.72847548614524,2.6342910000000006,1.915303725,1.3652284951800002,5.026624698448526,10.681829858405711,4.822847588262426,8.785099130437969,3.3151471927857457,1.8505350000000005
2.612225,2.7485150000000007,2.7485150000000007,2.8734475000000006,2.6122250000000005,3.2908975000000003,44.61778200000001,19.754974963539272,13.282236064277882,14.479066196313813,19.92607493951589,32.29596024162701,100.3247667666495,40.13628752386391,14.136260859197051,17.254513539495626,35.3634873785941,28.873861664953917,28.569010328926684,16.007239116000004,13.398487649979227,21.107432177121467,7.571561180074226,1.579725
6.020959323953927,19.00710339989024,17.75622099313456,6.623055256349319,18.217855192259808,18.040225668179207,18.788483914700613,7.149271196122675,11.9321789578248,14.25854031249798,15.224724672541884,14.218128547782694,99.98258080245506,22.005995102936318,77.10775558223999,50.52173171094197,39.930202781060245,40.09726807852782,31.980494012547783,49.946868078230416,24.65891251948273,26.56446568484616,23.82786451940713,25.976506507901828
7.279818038867478,9.409451529360886,2.623860421109064,10.363621175491312,2.015145,10.626854827434684,22.638626007568732,14.349712677385222,12.63026423898278,9.801620745515548,4.8140654018063005,7.941619678764519,4.503834690726462,8.958175143787912,7.465145953156594,7.177949436826946,12.007795661894368,39.28430970420271,18.41908832929536,5.698648822456834,10.460415909855769,13.862516675003889,16.23593384701215,26.48886031695193
3.806385,4.004979000000001,4.004979000000001,4.1870235000000005,3.806385,4.1870235000000005,4.8059748,12.426041100083378,19.185273324061427,31.40893387604963,12.376545740273183,17.81455489130068,10.965880561871234,4.9205021039857,2.9412975,13.577486324715766,21.060383671677965,10.011137944245595,25.281506347744862,27.322023901441835,19.90466645528751,27.822594373416884,28.66754605174375,8.718999255016989
8.686614092877559,12.244348770953728,8.276510334570673,9.555275502165316,8.686614092877559,13.044921533368232,13.572887672518672,40.45660037843658,29.443828711081007,10.418130370524006,11.553818180291277,11.166932987479935,23.15783516827349,20.891121127302576,9.506613864675689,21.44548543077495,54.082288768732674,62.21946061024789,60.26353369765621,31.091957515046296,25.40462340074416,43.82032084475649,30.34169980365311,5.183320251109982
4.809979830206581,8.143055456400383,15.205776735111876,9.272294385660745,12.513019864204896,12.164851934927166,28.3271086394704,18.98525275554935,8.117799591153862,27.16593355023599,23.471584199477395,13.609179295930804,9.343703983714748,11.23850952876406,10.243903128885144,18.484884590737654,23.036327219843457,32.757963322173225,28.093672396395345,27.418865391963443,24.675932292563424,26.85419805391108,33.23408339864171,60.05963863393346
3.060035,11.674765495941568,11.674765495941568,12.485988263140012,9.669573083146282,7.1728895252779,17.990550940394705,23.062212314393367,9.239464837349365,4.53509857096368,10.420451847617263,9.600468277904056,5.486697704001428,8.582678036218448,6.773277819956223,35.68418846566597,60.92013197105947,22.25262208540581,23.571767841684192,26.912667247933506,30.687692276611816,22.97666897991436,16.360894319660677,15.423196768513296
12.119276739919188,10.498596296960615,10.744010314756098,13.255759231444513,14.949899292778603,17.024731038531364,11.348565610382812,25.442693330484037,10.451314947567132,37.69222593523288,31.73389886573933,17.90404121042942,38.72378973660528,18.853648364037195,10.104916770447144,12.936298802253534,5.687660324834927,14.72551024459653,16.589075166262212,41.44634499012759,18.946305764677707,24.15892856246454,26.47105192649826,5.713602670747086
3.43321,6.10008214852772,6.929331531370295,10.13410960179306,9.212826910720963,3.7765310000000007,11.632195369014648,4.731416290262921,12.411711616562949,19.148432948768736,18.502894613337546,15.731405708726864,14.279101289606503,9.283704938027851,3.2619442199313413,7.026406606681725,5.766392116392167,6.292525133613688,10.375252023497016,19.411869807586942,18.111121111306307,17.394092028306325,14.822181353252391,18.90641851599486
8.386816996641038,10.554450269123668,10.130599991184088,7.896150097312831,11.642420733896088,13.488216824442368,19.955816716711087,7.930206249119149,43.540492920189365,5.174737508012646,22.976062204504306,13.521863526311543,7.387977330816242,6.822472785859203,6.086239856097159,10.02260567526707,6.908891807944709,4.729963122201343,14.99914433548122,38.62301866228104,17.1679916428904,27.351422228131863,44.114046671301686,20.82241043390836
8.069443524090213,12.120513296270632,10.724711796591754,12.995722834915409,9.161117081938444,12.45278612672156,9.931254350922902,25.339867132077217,24.411461904415336,10.004558529523718,3.5046000000000013,12.888320166858252,11.49977039824134,4.007065137865708,8.901428810747214,10.170565696890318,16.342058881908404,16.248938469160734,18.312886753924104,15.003093772023488,18.56910231219537,20.3013973002959,20.937040607441144,30.89433282865278
7.353938871985637,12.671329956668664,11.976939107843029,12.020032483825709,12.522890491071529,7.533052143612545,11.354211644883554,16.810988348855165,15.906702841228377,7.9708230678207235,8.48368848317291,13.86712497672218,9.724951274611643,7.929075715671205,7.950688552673832,12.01994582106828,4.5398214453070524,5.694113739581994,11.222514453653966,13.134103465442111,19.95418075731396,26.99186742761093,25.93326733076437,26.46112190513301
15.573734615981897,10.072279554953717,10.072279554953717,12.801117456378226,12.681470760168276,11.521966125664225,9.785553417496551,11.037508088740031,8.092749195563437,9.07766396536788,5.647311642183837,10.037636267929413,12.992241980377933,19.161121475181684,6.558390751470717,55.65507645870802,16.99886818357901,42.12635588610698,54.34201974205882,32.743724330529886,29.34558244683602,30.107602860434937,29.191770745644035,34.2099139564907
10.21588261268938,6.3249932004639104,18.313937249977712,26.238877875541657,6.019201508060418,11.963398337756349,14.704012260945516,3.4152140647432883,23.681486570668813,115.24282079954904,11.246750703251625,10.510562816174062,67.5684191389753,24.45000536204484,56.413192903950716,74.03588575849295,55.85693345016634,57.07623827364576,42.44233964813556,21.967977767392053,2.430725563299332,21.77740182703163,24.06709907201228,6.177984346804249
4.03029,4.240566000000001,4.240566000000001,4.433319,4.03029,4.433319,5.088679200000001,18.742393475352504,25.404272403691664,23.27327157941552,27.69010484029964,8.78357940359222,4.129056,3.7371779999999997,3.114315,14.200178248569756,35.02357626794855,24.33513379630721,26.12544830588932,29.440177778401,23.08407832365765,31.41322089739889,38.566297328131405,41.79521668407455
26.35535470040969,16.67489824501182,12.81581472945464,11.355858372556114,15.84804378658148,13.910253077794804,16.14260300896652,13.663332329450908,17.426902465091107,26.22987100851183,32.0872540313586,29.42846950605702,19.366816997193823,19.793273568894254,23.552143805093767,27.018626248557197,27.012089922157838,16.749227783964855,19.3717671146882,40.05545779265833,36.25477429935068,25.391063116239785,12.607340986208202,27.20093426848789
7.547542807749727,4.319777250774491,12.163813219722002,39.54193541084702,6.8412289013626495,14.28839132954626,48.4194658937517,20.268702218157756,4.12524968348597,10.121629902406251,7.544608674440586,20.26439935466948,11.65867307528821,11.97469569622584,5.45659395266231,6.314386452340977,47.32038915553993,22.805076989973877,33.2127431326178,38.55403336819596,46.416072196888464,54.56131344958662,37.137541218538864,4.858270737329165
3.955655,4.162037,4.162037,4.3512205,3.955655,30.987150651092715,43.41413612613698,21.61450925685296,33.77467657589375,34.98379701419939,3.714876,20.13458194081145,65.18506897191381,11.655386510244709,43.11293655283505,15.484168320278352,26.968468421880075,22.460979291842783,80.67163879421679,19.194440189128315,18.31427574092878,12.830068549274865,27.318057349305555,38.99322093980157
6.167651824544679,9.403842232988504,6.204665426240823,11.31989627777033,3.73175,4.104925000000001,9.0633506390014,30.79449740146014,37.32781598490566,39.11662825161333,46.55957696811479,10.488191347926731,9.849779700661626,8.11599581635683,5.298557326432392,11.29365018562752,20.54707875987102,16.019885467987308,15.67112055210742,20.51420932442178,10.816392419347515,20.24361425284909,20.302590533584308,5.814106073307211
11.352139872663464,10.905664454195144,4.083508000000001,4.269122,3.88102,4.269122,4.900209600000001,2.78825976,56.462705200139496,6.457707153607449,3.644784000000001,4.23384,4.908706158826713,5.8970292245544105,5.5657432358420955,6.5887799350475165,6.797940094174373,1.7315093109600002,1.549944396,1.5942285216000005,1.3687820640000004,1.6898544000000004,1.877616,2.34702
7.463039330850097,3.847921000000001,7.852415295937931,8.209343263935107,3.657115000000001,25.568305763935108,39.35182351182431,5.361707039259436,2.4775291800000003,20.386898176525563,14.171229416558544,16.373260372439688,69.66742493615634,6.920272834060998,5.178705722707331,5.424136207569143,16.24448468641124,13.59596965040366,15.9761796065623,20.22684102322785,21.450837204610423,18.46373145780712,6.4292853461292,2.7870166033795107
18.381493168345155,4.004979000000001,9.485672296230955,4.1870235000000005,9.015308380715371,9.91683921878691,4.8059748,8.719389200926582,17.37987550271005,17.260659460866947,16.516707122834386,18.944768451672022,14.543575279962948,21.415237640047955,8.592150767295678,20.279497015871762,77.4753619063539,36.38324587168051,13.626517507514254,18.7263226659658,18.58032616992577,19.062767153191764,25.41256773329339,19.610707180681835
5.151985736568079,10.0325606208349,11.431169501267153,11.499166297278256,6.553590026628363,9.318840494511331,39.83358334484136,55.81785455149317,51.863314457929,5.263305966810488,30.311105194445314,13.439153613419183,14.01608508147187,12.061852921708198,12.899403538898897,15.915467555287357,56.81388726681792,45.861296794599646,47.126992793758575,48.082545689179376,24.415528507992565,30.65503014140665,37.14358127853181,12.480643173477697
5.120768255700735,4.92593344137263,6.619952992101046,4.022826500000002,6.291690860261324,5.954848797524972,6.835130793680839,67.38723381487179,3.667399441252569,5.327918214848566,5.083981582076656,4.787936321291309,98.6953980593482,16.166913314527765,17.437903713809057,38.121817672348676,29.409237255074835,27.21557870793244,24.528581342894054,13.833522063233907,6.241697603324184,17.034047574679963,30.510579688359424,3.893369946372348
12.455343131379758,15.153786572093551,6.856159507080181,14.826182242752642,15.763033868320417,11.969626465473286,14.779293060253435,11.230553906644928,9.75795434716366,3.672058428917551,13.961679138972796,14.17219484768444,59.70509961095681,44.97678864422696,38.333201210435675,47.62322004087609,48.85752972991821,32.032014612018415,28.54840918498701,22.44199539158962,18.779584911207927,12.835126071944016,4.048001050293286,6.272975925899455
3.060035,7.985738339737263,5.71619103510047,5.738747045756645,7.805452091513288,6.687830464059302,5.770046535894908,23.23142674494133,7.532086669973651,5.879161389603443,3.481485493142414,9.293770858335757,10.540798506632221,7.23778284849414,8.779591819350843,18.24605704333019,21.47605125691353,24.20409405338603,21.005012284269,17.203622359069556,14.729724419357712,29.93948698063808,25.339970422028024,19.47006177817157
54.18936794656683,13.849362931940044,4.240566000000001,4.433319,4.03029,4.433319,5.088679200000001,18.8877764656018,10.38489075218974,3.41292285,3.784968,4.39668,4.129056,9.992994964341214,16.85025068445267,7.896339000000001,26.91014845784839,28.609325754391435,19.583268707837725,15.715913741059266,21.67681060138369,61.72853309166166,18.495589044237207,20.05458418368468
8.76483765802969,10.380289960247266,13.75423384668998,28.901918552852376,9.722030561147696,9.510266576905453,13.861676353817048,49.82908457643228,8.497007396580925,29.012794459963416,97.702293880038,43.06206287153029,14.582311785115483,27.206265417394906,81.61224144445347,36.01643477089684,4.637639503236352,36.46113726825833,32.594373604569086,39.88805363497224,11.974856629014106,26.104524389807192,18.428736260223783,5.286433936305437
5.026683322484557,9.919614684327405,9.576368979523886,13.72594589891409,8.908038227094584,8.278324349110047,16.04249477092748,15.356933223767056,21.982008597618005,8.299293948970218,11.71859412713614,4.315259999999999,11.320887710825737,9.418838813993723,5.815351815490528,16.391489715238553,19.52534890226622,24.286550490486217,20.61605702868644,27.107630244778896,21.377596127909392,23.004029677602283,19.796153601757943,3.3637004545857945
5.824620109954598,8.989411504656628,11.427061837739297,8.92498740208854,6.025750281138481,17.043118171774186,34.25430641729476,36.9305698048207,29.73841823453964,30.01164189457859,10.682861871651474,9.741583360657518,11.126575613606404,6.250024064523601,7.507762755415415,7.354973049264514,13.574228260662457,11.470998097685577,29.94457380772725,5.0875983835020895,7.61929473821322,22.98191050312649,15.97669096883803,19.84513488831524
21.23241124142204,9.42975494877198,13.789251117711752,8.564318403699662,13.105486599478104,4.515417500000001,16.5471013412541,20.782581433989403,18.82506194524895,28.30162899956321,52.48948088343178,97.05365194874643,72.26254883330269,23.380201232144174,11.163958898032957,18.524050435708094,64.97429487779549,10.12604369713882,4.461322719960069,7.886788696662677,14.474466590715185,47.10347427671742,29.07970035010233,21.139006112585346
3.955655,4.162037,4.162037,4.3512205,3.955655,4.3512205,34.27208363499917,12.28277910743902,21.75461700537349,23.382698454424585,6.948710609269919,4.315259999999999,4.103332417415691,37.92470189014225,3.0566424999999997,3.405303,2.475880425,1.7648075669400003,1.579751019,20.54771635106481,11.024150242344854,24.75270954328097,33.67238175052824,2.392155
19.70949181861861,6.544775586386698,5.730208479057059,4.4578053079484246,4.671890559906227,18.95934793880181,32.6594320346232,6.107799742490597,2.32584372,5.267413394084965,3.224232,6.785717737951645,6.756483984067332,15.029590044380326,51.70279102574948,5.4881091882430555,13.934842575106918,15.679163394909892,10.661587852983192,2.4279187064612557,1.2654538591977316,3.230090534141824,3.0093183011785563,6.534100839262218
6.11233677934145,11.316991670791056,5.8810352123597,7.944693743535684,11.771879652860177,12.949067618146197,12.561762485412,3.95322846777001,13.536061644659576,8.458257718055851,6.604883546335923,7.614388042634721,12.060360498108134,5.9338493971616435,6.9836321753414285,9.545597345931542,5.368123829499965,10.698528210405986,16.98446249239976,30.37076679910386,29.04099180510899,49.42396030132643,31.919532086519062,19.090317234243464
10.196597094935392,7.0283104320873,9.80203353036082,10.73043090455699,7.37389800519047,12.137551779998828,11.943220097135915,9.144724226606352,15.168227105254129,9.34390866369331,8.88338684910936,6.156391537747865,12.522682000666165,18.45308278553503,18.85060639432486,35.85896875234301,39.272789679390165,28.261775166114585,23.41179275866755,23.027078428894526,20.711818559558584,23.799066906546667,22.018450785924166,6.366020092377733
3.657115,8.906249437117264,6.607009238427599,6.18620250513073,8.464617233623844,9.31107895698623,10.68749932454072,2.62739862,5.734393420451354,7.167991775564191,5.89716527066265,6.373465405102732,8.22429467393209,7.849008707542109,6.46965761103164,6.534452747161143,2.699347800353308,3.776472049546812,3.3804737016403688,2.48965623187219,2.0605136547505607,3.685621480063253,4.0951349778480575,3.1366661843713866
9.8910830091805,6.785796229009312,13.674910762100732,13.508119236886966,8.218765237587874,10.048907165790869,39.71205154156368,20.104792030340302,17.70240441563587,39.19930238462751,67.18382035562531,26.71974345144018,33.775602656582166,8.671778977875478,8.705828646442125,8.513038432131268,32.10838615196796,28.911176677307456,14.082264541264486,18.46540752246826,20.50613713597241,30.20818373511029,25.96380693388467,36.699718633090015
7.119145681506618,9.489732007574396,13.242314200275606,10.084949931374034,12.341560933803528,10.761529792265929,15.554136331889977,6.762084828669751,15.301415589164035,20.479994615258928,40.26214897643514,10.001603237726313,12.894094067285636,13.185783935505265,19.850294762897597,25.86897225885525,16.001674038746742,11.272138355208629,16.35097013410324,23.785727134327644,15.77346029124233,10.90768041740063,19.9721667319745,4.343610973925874
3.657115,10.361850895426269,7.567670879425507,11.951226504672272,12.49813103439056,7.159979482919365,23.906419819494047,16.89929227696261,15.737888364201291,8.278351932984721,8.292037095176369,7.694762341129069,12.583272390301916,5.127250990227684,56.74368534201983,45.79607856072372,4.074087499165274,5.677387188351674,10.229643752086714,19.170108027244517,11.932593935478454,13.173882257816144,20.57527273047272,23.86124845210076
3.358575,8.82391651160105,9.075826583582051,3.694432500000001,8.625785595966411,5.274595678789924,8.774947295658041,42.23535457741709,35.84187966125092,23.491199976699864,8.079640714663412,8.104027940401435,6.384310082230313,6.000398161260933,5.52244633614368,10.797919544189513,15.406381374065845,12.576047390118893,34.571224394701595,15.763253099527253,20.73916668737867,11.7386501453591,39.9283307773162,2.610222122661057
11.24705710554868,7.806073680258161,38.80874885167188,21.649604744175377,5.900054324493421,12.620678793642329,15.79882253644916,38.43129210147912,24.606043864171927,11.2392352870759,12.464432328452164,8.403120749969286,27.373962145607152,28.23115227425557,16.28874275726394,21.83365069125897,10.23706638416272,23.332972463337157,48.21127844071479,58.949261716512304,21.27361882105374,20.884829957891377,10.752220213042722,8.026338999382078
3.88102,12.972836394732733,6.688373384615428,10.679050163394953,9.151078475955096,7.474086081697476,12.257692361462032,16.065322057496278,15.41601807967625,38.95599732557045,11.44229565347147,7.570075419903435,13.22849487791566,9.00217451790318,4.636367126637327,8.561948428753691,7.717180718587155,4.331306247543937,61.07040090075339,49.76952031578489,11.959691051282482,16.835360821525285,11.971366263018142,6.4458784798613005
8.536515569762415,9.798835862692693,6.272768138710648,9.70762637729276,11.248918688549743,8.281397329522944,20.16489786932972,48.4537351744701,11.261412236281634,21.688042182976872,9.30070304111729,15.563898061075284,27.84070600223295,18.304553813633692,23.19423672519862,24.022495993613937,46.30457120636231,57.174210563400216,13.501659724522376,12.911194361676756,9.041418081233388,18.82220139202341,16.90409108758452,5.162398743769366
8.216247066907552,11.01399117011623,12.509692800189256,14.063161997630315,9.256530015089488,13.51522258703752,24.913483082528455,70.77782947772019,50.13650565305652,123.18200909444715,33.875489073540294,18.43188478218688,11.40501663762299,9.725063774554236,10.83838978582326,7.296438953660298,29.03396672354881,36.66213166606225,45.78037441615309,31.386702800788704,45.95567491753796,46.73489050630119,41.61085299559111,45.36382315348423
3.58248,3.7693920000000007,4.248552000000001,3.940728000000001,3.5824800000000003,3.940728000000001,4.5232704,2.57377824,9.67802233431283,3.0337092,3.3644160000000003,3.90816,3.670272,3.321936,2.76828,7.287303550325394,26.81915972874579,20.05518971915151,19.0149648926463,18.627540446873844,16.10006496632355,12.08065620084873,13.36343489883174,7.89030138434643
3.507845,3.690863000000001,3.690863000000001,3.858629500000001,3.5078450000000005,3.858629500000001,4.429035600000001,12.353956071369153,13.053892607697849,60.62360414084151,14.976355142820529,8.665750008056017,17.225787665881356,10.930311838889095,19.116562145560984,19.58214615915293,21.24468733934117,12.852301652196152,20.10009713865769,27.206075564888916,20.228861166967505,21.46706683774533,23.838278878461168,29.019936239350315
8.772015207330716,12.784337379702318,15.942752744297932,11.48948010710984,13.04063466506769,11.65402476443754,14.467221206064115,27.42264593058672,16.664176713639463,9.619847541649373,8.406697131988352,14.901417448535051,13.640951251727817,6.328655000197415,14.648795169538923,15.118314367480027,33.03484654398549,22.654525275752977,30.57078194950742,50.883183908890565,23.07768229693873,33.58733065148319,39.59402889701852,47.67957418515109
7.940742261430049,8.355041857678575,8.355041857678577,17.549812143881162,5.873563630715026,6.233530344407874,13.673754946508751,12.575944862752896,21.60930040206256,6.724364924110991,10.01982993057285,9.362996971545634,10.27298567020369,7.741939309525262,6.930825682936807,21.81661294394196,20.738244089406724,22.087880391586157,38.93880537757431,25.369250539917477,30.01780785741087,26.098899112025894,17.154569532835783,6.063915152550789
7.084887348433012,4.9367420929112935,8.422915011012112,4.958659720578175,7.268959839517306,8.805774784239931,10.107498013214531,5.7512499025605,5.049090629785739,3.661472439445491,7.517973728837254,8.732999786023072,5.37267550918318,6.05756661153066,6.185874848433009,6.891475918100818,8.979611649975123,28.018349530206404,48.0482728854029,29.4972993337101,43.04583805802863,30.69112293495305,34.78552552163454,19.16479270069629
7.162489427619516,7.53618452819097,11.30566321788519,8.725405995216605,6.139629591156799,9.625249428075822,32.33565721995493,22.830793958200854,31.286296399440115,143.89541381581702,28.046108234762,21.224635815807154,22.20669830863847,21.11597019496167,28.146252937150457,60.89191352657412,25.238902606664062,45.792530952888384,10.984235937638411,7.445409602491861,3.789631129476364,3.787819878154747,2.599178375376737,6.49799576384836
2.9854,6.220482839214463,6.733703312416871,7.57632941223834,7.863115241179932,5.966683382648962,22.16393999609293,13.578790292611137,24.4450954302039,19.629706246177697,4.865044875837779,9.110058289415916,4.30787204596229,6.38665785163893,6.45295795500294,16.45297681096163,37.00065912726228,47.32742238936625,23.69106729795553,16.987519137917324,16.772579985695756,61.63025271351226,24.52149858608768,11.008515996373475
3.9114814331753327,13.011291472002211,7.708624506820042,13.405009235145808,12.366103465126065,9.610159480456158,16.02892394428505,27.88235788092703,11.773304827428452,26.04328880233218,17.78702869348719,118.77247890636473,20.250672868247502,12.361321484286869,5.159315669970859,9.2648722675589,9.881828357379376,5.67748596765568,3.4159571159958286,3.736531748353456,3.917632089028384,10.361686150897093,24.633027893875514,14.910773753993425
7.496130868346966,13.408475005491471,12.02414937109446,8.491326088577384,11.73723236599476,12.44371281839843,35.035777221379625,6.745408643955039,5.078287930083782,10.791505362702928,10.392711342690353,14.079406527553356,62.79897054888152,80.1748151843767,12.311670112857772,10.17473914418845,21.196724489246137,35.00367066507989,21.99747705373425,19.12518195128904,23.9105153955143,24.709034441422776,14.985140721893735,5.831428388190396
19.390536769006957,6.825239254016695,25.911282058841483,33.10421770000522,4.104208626457227,7.135477401926543,35.03325546567905,25.966777874070765,33.8380982396304,36.36640034779939,17.699509013820624,7.076506514307313,6.645762639523389,3.529556999999999,5.0125254476343475,27.44618146678183,29.157535885222163,29.312116977147053,38.748225935749645,36.61995631613211,34.06492282869086,35.54968973388175,44.19392875946988,39.9279531677062
9.883395621559773,6.425738290884661,8.676461723592393,6.717817304106691,6.64188596811639,25.52724033853256,11.762188127935508,5.5401700421539255,3.231565436454672,7.888774090500695,8.748734971191698,11.948558058579978,12.728499783992824,16.16133942276968,6.012012001675294,8.019673723592392,2.14887735,9.729677620579697,18.64029062490415,25.943539207979452,16.66561800070445,19.46458687186656,24.227095623788028,5.633655095085563
32.36751329387068,27.67706414163337,9.450668370975675,7.484027871739107,5.593451431742157,9.880244206020024,10.255806331482848,52.98773549317396,23.173083960797022,34.23421070272382,23.03178950993148,29.85420409742356,22.915746445640266,86.13250904977347,18.194132509328234,5.8570652909262595,20.7760683654018,23.1652392883718,55.56353307869063,16.432262907409907,17.300877973527772,17.198304596918874,14.990843276590333,8.061967360597732
3.209305,3.3767470000000013,3.3767470000000013,3.5302355000000003,3.209305,3.5302355000000003,4.914584400000002,26.51940513476093,2.1741582600000005,2.717697825,3.0139560000000003,3.50106,5.064617459326709,4.16282362280362,2.4799175,2.762793000000001,2.008733175,1.43182500714,1.281684789,12.553586496306488,22.546763783837573,18.98077444323881,29.65308453937022,25.35782441488449
3.507845,31.86857486573105,45.288014087135366,52.4157519170516,8.614277338611998,5.632442838675749,24.91409899324541,7.219738734533053,14.311227099229855,14.90160163170362,28.5693363562411,27.381208466345928,37.06727443305753,64.58412075604382,43.383079410475084,18.347235674347107,50.769104816738654,20.52266202064672,33.537473234522935,40.5352273064815,20.474615883774387,22.795664055364504,24.421702631571385,15.240736958495049
3.88102,4.083508000000001,4.083508000000001,4.269122,3.88102,4.269122,4.900209600000001,8.09804103650548,2.6292146400000003,3.2865183,3.644784000000001,4.23384,3.9761279999999997,3.5987639999999996,4.897842645046784,5.310553307796169,2.4291657,1.7315093109600002,13.631080686011838,15.026353170168536,13.137851971375632,19.40001679376397,26.973875677674023,37.452253502135214
25.3859125428532,13.82414614006321,9.533166158533692,17.19381691411324,16.146319435032336,14.855933169713529,16.134500375036627,20.009266560935597,16.107864182159645,10.345113523607136,7.093345350735222,10.557220925819554,14.020875934159424,28.71830854535726,16.7812958875584,16.89246858822275,38.75877528106264,53.40614784396595,14.6869608375802,18.88283957937437,25.017631922716514,30.093452593784423,29.19976949505753,8.60691449011234
3.58248,9.51222153172736,6.127467771437945,8.711964720826948,7.795459795005508,13.28915635437036,28.98589443183584,30.096641265349856,37.43013312631042,103.32845599233096,46.21655146810162,30.72783653698755,20.960998053728257,32.36934510231381,32.482711032456535,26.513102597906894,6.111655536371723,20.593758233549096,28.667173123201536,25.288492055207723,46.06588408469959,28.04418937981371,21.738300311697664,35.08684190752284
8.772125524056475,8.051445811070614,13.417314251681873,7.170804720320705,11.47036369277501,11.9940921118805,17.17746702085064,57.97082981946698,8.3700442251829,8.999832702047065,9.312234773414875,11.438638384983276,13.064492314184596,11.824575219551333,7.435252067324068,9.61463768206289,13.426098856485124,8.169537883536075,37.35803374590651,23.89363851196788,14.539480661842155,21.99504786300063,20.20375458556244,26.48267274089948
8.645939457290172,7.448827356515853,12.77646730722986,9.51053340301919,8.230250256816552,11.8381779840078,19.81759052589392,51.69005782180116,12.938126596835742,20.395748045569583,11.40378900149442,6.769328740791814,29.25764149606884,36.65836817577588,14.385284074683167,22.01219238441155,13.457526093877007,18.241930975115988,20.427736105578767,15.42089563886137,15.404566671803906,18.23396129796368,4.787948879653152,7.23761013346665
3.955655,9.815265599687931,9.815265599687931,9.186833393121498,4.688323620169923,10.261414036037383,11.96998271962552,16.88800177366514,3.0106762513640164,14.93748036673782,29.797578375283784,77.1397412492604,31.55983886019339,17.402655858513768,3.0566424999999997,8.030671854290127,11.96809312036833,11.881278158043733,10.600712503077125,13.17644700510813,11.996259879422492,8.709535224225789,19.70456884326646,5.05061268109087
6.561225737679116,10.065733255836392,5.299687319242981,9.139187588909149,6.04349581343707,12.18276889151876,40.27682348565337,36.51694668351,46.93176979114341,41.75699492373134,67.7552106531054,14.52390484188184,4.38687366148364,8.404155112967747,7.392377353553771,38.233307936798695,38.46289727912082,40.97869666402919,48.65524974268863,45.67047730793944,46.24057670333112,54.01229237500871,30.34542586334805,2.43729
6.894013139992617,22.48101423880136,7.802737135173358,14.027489996219945,11.217635350942532,5.32762775268644,38.77799909337302,21.505986244920752,38.773643653974574,27.492671008494973,22.063683155680728,21.71953167188165,15.708618938832974,21.83824338869948,15.36250816175647,27.46915902680098,35.14647463841262,27.031738802391253,24.716267153125568,25.69733882379041,26.162580964680565,29.03342702701954,62.79818527550548,42.37002823569741
3.955655,6.70206603884609,6.70206603884609,7.006705404248184,4.223885798408907,7.872134586873487,8.042479246615308,47.65049449424544,32.573676002785895,27.518060549578625,29.03693415252348,29.385499989289425,13.16020068481741,5.533394279843765,7.944492122137707,28.439295443437935,12.440698865421576,13.462529694743049,13.34138161321385,23.401225446845352,19.718075860478585,19.794525084007827,31.189182673347656,10.04273337492506
9.665785818412033,7.598853452910091,6.465387987715574,8.419402214497211,7.654002013179283,3.439003350658965,18.185031029922072,10.880244516100236,5.942029583596843,8.671910345208344,7.188106238464022,5.99710273980697,7.0313891806835045,30.115286335520103,42.680387873025126,45.234364699255266,10.510578623620525,16.954068531963685,9.889378774528714,38.24907854176452,15.353985612088488,13.013655963807611,18.9243684078118,10.52963902980576
3.806385,10.026618148667582,4.004979000000001,10.482373519061564,3.806385,10.482373519061564,14.7950977784011,16.020812209445584,39.522666351306654,44.97941832103708,27.679227828021272,20.053214212779817,35.33768500033801,18.353179300658628,17.638836753608572,36.80375876326799,40.7836634874066,42.31945375689288,18.93192008427641,58.06504336500449,18.34645777084773,18.30306593093783,24.29342082300812,17.45282233678992
2.9921116710083004,7.213226528904711,7.930580296626507,8.291061219200436,3.4466333420166,7.041126623927612,9.516696355951808,20.24162680892979,36.55187567327326,4.843157855281476,7.078534479633576,7.478777317722388,3.065436146740519,2.774503549480423,5.297467266720024,12.850857526979823,47.96105928235396,20.65139136771432,23.28568591248774,20.4105549826428,11.33802003941949,22.31367927871967,3.64651776223548,1.53459
3.731750000000001,8.713733193470151,7.649892483810117,7.997614869437849,8.028875180548274,10.222009080545188,11.733088683756216,7.38510402873236,8.163905751114088,13.897781911417834,33.91755470165564,42.70389231807626,22.261915969402608,70.40263426087657,24.170397785966518,8.521052714146528,5.816407646244101,4.145935370242796,3.3074018543512684,1.948242486708862,3.099120840921881,4.046196623474158,3.1505870130412,4.549682408592953
14.920519457961406,18.62091581129676,7.152617376858513,5.184958059609039,7.745371180041088,8.519908298045198,50.32148587483727,63.73540141957328,21.473929366435677,6.558921140189338,3.714876,5.9689543331088375,6.188014682318804,7.18207145785628,5.985059548213568,13.361782576370034,81.95189093915641,35.73820271544441,53.51390011904861,27.422985682499988,22.27812407779568,32.706228018897264,8.536187725910079,3.652647555535406
3.58248,10.52062409945258,8.992818101347396,5.117913989868741,9.9989402598103,10.99883428579133,13.071964919343094,28.241551993371,41.53512875370965,38.43396682055833,76.03240050881928,13.391934828883963,11.301612024365127,11.536827568378204,13.985063072955073,18.096103326814653,42.77637020684272,2.869494547494578,9.758963065591544,18.241713262429062,27.024323077527743,27.51888651236032,27.223764610290328,26.409784833406047
3.955655,6.624087665162502,4.162037,4.3512205,6.295620508212294,6.925182559033524,7.948905198195002,5.867501091465653,18.268055989795613,56.02451906786981,4.44738694170124,6.8679496453225015,9.025118078658942,5.837757198524126,4.357894637196884,7.463003897387489,15.89599545398616,55.39821520427103,41.39153021758971,35.34320945963216,41.38933033932911,26.143664521871763,26.0231111521174,24.96500252978355
21.89645159648416,13.948157752867148,10.771191060133232,7.934357443445281,12.507475862931164,14.997336707161567,10.995109922772253,13.073362890275812,11.466267901808823,18.03112214773149,16.6460283835837,29.949438301620848,21.563930009851703,18.408503403499143,15.851277419920912,19.04841128572553,31.26071007878389,29.42986709539594,41.79207251851677,22.40935435558405,21.71482521229554,29.094682797146422,30.85833346592495,23.51137548426836
27.90326647083104,7.439637332710414,10.394903076705663,12.869400107679162,11.699454643344698,22.51842202058324,14.67197309762579,12.46273532571813,32.53344846836235,44.76961595459428,30.636184057864224,6.623729104491166,11.986160646462233,8.041080559725813,7.433213798342625,13.51752350918764,31.5119684030886,39.39262194913045,34.577001027878055,25.761870154916085,28.280415075151527,35.448529758884625,39.75674630167613,17.12174499029069
3.731750000000001,6.0847957029392425,6.0847957029392425,5.985301938166764,5.213259102798055,5.399760775266705,37.75928127244506,16.204814989346943,20.25257802844252,45.47220324171225,32.47397085723923,74.05658514001868,50.01497415900972,37.536605739493055,21.6249679275392,26.276866755894254,34.53583787636022,44.71503882366837,22.549244389905628,53.65226171264997,19.326061798620024,26.90955427685836,23.24932194006038,21.55920678453904
10.971525018115274,5.298338815916569,13.144489362267436,13.741966151461408,8.512574661527434,8.483059023781227,16.63587523472092,30.345317603706327,15.121968629809128,4.585790873575234,9.760204983483549,12.44306775478963,5.001509571973583,39.90714056687426,77.2550759916288,42.55617032280443,34.96737136509585,26.836498141350088,27.561521080547205,24.6882258675219,22.444505201175712,27.25914382358681,21.6635198407506,7.554871797246121
32.09361968132556,12.625366760168632,8.775488349374896,8.674223282721071,10.702893889847648,13.072587826529922,19.04080780472434,17.74231551417605,32.07738630240684,27.26694084903008,27.06700083441214,88.07961253372751,64.77975857529863,43.19849982958446,63.59260531381301,28.916892380163173,34.079515156568604,54.320971393758526,14.844142864680194,16.724751190920514,38.82393742742988,20.457122881928523,28.218352917260635,36.20043940730867
4.404730000000001,9.765241606027288,9.913549895292572,8.328264399812026,8.24491752234278,20.359056125616384,9.256310795028604,7.076979999751878,6.287465628499822,3.472402185056798,7.986310587365887,10.124743363123706,8.712338822580968,3.8023083507868325,4.7698314616118,21.614722128425665,16.909238750606026,20.41944238476105,16.760371069621684,34.540636243728635,13.3799688141141,10.054931918883806,4.490103578428776,9.140194120266212
8.052443966573605,4.162037,8.4725714778731,8.857688363230968,3.955655,9.052498363230963,4.994444400000001,23.76434189059401,27.07923073959994,31.2536489819114,18.959083610643265,7.443717029019846,5.101888146379326,18.22573419173447,3.0566424999999997,6.932103936441628,18.48763237483343,18.6309429680701,14.040664778061274,19.613329317902405,18.69863406821501,16.735577469004046,27.044277420723496,25.45593403276452
9.049642236631447,4.004979000000001,9.521797483760048,9.954606460294594,6.189683743923385,8.119466427473586,9.921570121304772,5.47423092397148,3.385941103623503,7.8617018347143315,8.498794448314753,8.832352078976827,6.097197324041294,8.452158084595833,12.373603023777646,13.390942368850355,26.970955067259613,23.176765879553784,21.64205309480169,29.04871370692352,27.28416356953217,25.104415937807623,27.671296208397443,31.133483570934978
9.935054093389086,14.499069666340183,8.220383303975556,11.164935310069536,13.011096845977784,9.314159906328523,17.398883599608215,12.455880935885798,16.408294151630706,6.315911930326245,10.615420696563923,15.032844582681784,20.829438457202983,10.205229289418753,4.27482016017704,22.303445877622817,26.679762918128365,24.24821132000172,20.24822314561597,7.874082907530148,4.860053293387183,1.6898544000000004,6.666739771450178,6.008155242247156
4.418414874535428,7.677667740371414,10.910517968500358,12.900664379498217,14.121214485643526,5.5006624049724255,64.42830400284477,22.244928734467003,39.95325704162394,9.931379230993874,10.588775154525138,7.113432320120046,9.463894433271154,10.874940220734034,3.114315,10.096172123085562,7.340584648995472,3.717276720157824,3.8053848691064665,14.293999504548747,18.31835364682688,27.28178723469581,31.40509046205671,17.015606153328164
35.457205800880715,9.420716017138712,9.188824152723315,4.515417500000001,8.953573074140097,9.848930381554108,18.272803662509517,6.432558325090913,5.617719866617141,6.088985436357893,6.959727936801169,71.75420116734124,19.803728075804912,11.09511899589396,13.504588036566673,24.412833405587975,106.93253002189986,25.933266247726,30.202798638293764,17.412363387435118,15.415139263834035,26.750055712123864,28.94523373307639,21.33537354895365
7.772085453020625,7.036272672709758,6.123222359987156,7.833379548574284,8.205972998322686,9.026570298154954,28.938729952176114,34.23159269714284,14.405362383138474,6.948967134488711,9.042419026998534,24.676491473785696,24.089404891921227,6.804510787157213,3.491126848878984,8.030556266219149,14.71414928896521,7.969224050430166,10.622054226693749,16.856204301838737,2.894133155142822,3.573003895238053,2.8154861640211406,3.789979649429995
7.399164394385671,8.86981093608738,6.701166228510907,11.4779592917508,11.522449218497464,12.67469414034722,7.6938771308445855,8.553448034479224,5.747925468882792,11.76623833070331,10.82108274432806,11.85783791522912,7.346410456892678,10.68445291169765,5.717536122934382,9.919325848967388,7.763103530664907,12.088456528071571,34.058573285963945,20.42334165643945,17.65023570091516,18.553300773693024,3.646254953466365,5.402919353980665
3.806385,4.004979000000001,4.004979000000001,4.1870235000000005,3.806385,4.1870235000000005,4.8059748,3.6934444800000006,5.60379222,14.411677836354436,11.959463423736477,32.00404660921692,53.1626791372833,25.57498663101555,18.131328052316324,3.2768010000000007,2.382450975,1.69821105498,15.370231583147111,18.047363303003067,35.574030273881775,18.520604587665627,11.41378098743374,26.9626774706638
8.91136957472289,44.54882553640275,4.997598053276795,3.28394,8.53060457472289,7.720103659778314,5.360624617094396,18.307708674117485,2.0224728,7.2238710557767005,28.9005367138816,24.26273592643832,12.830595665481455,13.524613406442631,6.591830807740414,5.17387519160901,3.288459254019437,10.311348251132092,10.754769173147002,17.796312899583132,15.002951991167478,16.330195182766648,16.56980879042946,23.78314646507943
3.58248,12.110863008212188,11.089548473804522,9.093966658455944,7.406461939312235,12.661356781312737,5.962596055906148,21.548969813488263,46.11258493231151,7.55520069645618,10.353902644866965,9.395604656737856,13.845370871466471,8.273005593542996,8.365813806313508,4.26167808210503,4.668249100336403,10.7030011309164,19.99396975859597,19.047060976829037,15.890952012626908,19.77377917012513,12.127789205387533,8.481247115853044
3.88102,9.568435869251546,8.571176256660355,7.396890784945095,6.724446168131904,10.003364772399342,9.687055740437712,17.583864355845108,8.46640207068711,19.775971434632243,20.229973171894347,19.791412609295296,13.780701881233044,14.864872477929229,11.053189487196034,3.341052000000001,5.54368670393448,4.057255624069474,13.117456128183788,13.656984297326792,19.03473533368818,21.714735487467,20.54590174505128,16.262205963106837
3.507845,3.690863000000001,3.690863000000001,3.858629500000001,3.5078450000000005,3.858629500000001,8.069523181640774,16.012034761863628,6.34429302583029,9.06090724722524,5.220867956312072,3.82674,3.5938079999999997,3.252729,2.7106075,7.115714390576857,54.59851378218551,18.2456595678376,21.82788634660962,26.492265896050093,23.26170422846669,23.33245482183171,1.6970760000000005,2.1213450000000003
3.88102,8.950148695245579,4.32684003476228,9.865758799532411,7.812541718679795,5.541084908984639,10.740178434294693,22.49114741668032,15.608728029794074,7.595003571706149,3.644784000000001,9.531933439076512,18.587607333440726,24.216262697399557,13.790432692992486,17.13584519986094,18.728825014253648,20.11356782834892,23.038485257700994,18.729072441542232,22.77242574706697,28.610790119282072,29.185156894992986,34.9883404076611
8.113554914883307,6.510558042964995,6.510558042964995,6.806492499463403,6.187720454057638,4.499600249850945,8.627411529681988,3.1705877285988864,4.191899347603411,3.1907291140840432,5.205070244702971,6.750240495335603,47.05989525813635,29.73569754105581,2.53759,5.326820216971359,3.872950484198804,2.7606391051369075,9.32144359201193,9.951758644650193,13.478868349790703,6.2436921502413005,6.641619698220391,3.3166633731357664
3.955655,8.722749841154306,6.649698549720533,6.3017733060308725,8.290216791179711,9.119238470297685,7.233339794748478,9.678039577172813,5.616245047988291,7.020306309985363,5.1893333426528025,18.79809011079193,82.50812376639095,15.34444239746991,6.40607661136614,6.627955462137961,6.23562058468931,19.170755347864866,22.666255810773052,36.76642135401809,24.712867134788684,19.21872527655525,20.238354130846265,9.85871751427868
5.258298553188069,8.966242149799688,10.286856605623123,10.202184042534377,6.262402106376137,8.545413179774062,12.344227926747752,15.113102010610469,63.186607610263245,35.886823708848034,90.08370945393357,42.006780706244825,16.208119087879144,57.122607613499305,12.459050803801123,8.416519040964374,9.13964351944438,18.069774640478794,18.962407099992294,18.602607675821687,30.849274800352045,16.756051160933918,17.680848443167683,12.152878961362005
6.263739884923154,9.845352004046992,8.660593895535293,11.548327493872591,3.209305,11.548327493872591,12.967261727518634,6.423813709454639,62.93704655497628,8.890303355820102,5.4609192120741925,10.686625414903878,11.393542628143326,17.225050672325875,7.92374565473911,62.5627662656851,28.700446619704167,42.02481628289424,28.909720837280982,23.56564902384864,20.386998801660106,28.38454841798637,11.783468316699112,9.962456336785932
9.188817276875696,4.403867948178887,10.952135015675427,9.570794872560668,5.317700742467637,11.76859182972184,30.67794321115619,21.201532657532667,11.795102889128511,8.814576132356805,5.191613798978083,8.825729077711728,10.664137475819196,8.218590422620986,8.142904405706135,6.702187054922672,12.197683857419108,6.555427185728297,8.641938031789284,14.734960783124698,7.949439337247088,15.342246844754182,9.08829271058232,10.749431815380309
4.684661825324532,5.358777091481595,6.919910764666872,14.328319163060817,3.73175,6.800304163060819,10.073590517600245,69.33828735748848,57.16611790234533,70.34998329598245,40.28188366908604,25.446404464303548,7.342335651416076,23.706353160451815,23.44165494311035,26.06026301686212,30.076100657418504,37.42251711151125,30.928983405274582,28.197545910479636,32.733123954285205,45.29937234607622,38.99967069687885,48.1945335988068
6.409585039879644,9.635802289840266,9.635802289840266,10.073793303014822,4.03029,10.073793303014822,11.268677131998851,6.181926780678966,6.193658690511684,3.41292285,3.784968,4.39668,13.70394939932468,13.821590996844265,3.114315,7.883838237142036,3.8355628065977223,4.681277074431667,31.026690629663207,16.385262031326015,10.394389619456742,13.434944340471956,20.13314412506511,4.692521616270911
6.252254448867571,10.382694967688328,12.04453385775517,8.4483675535838,11.447284244973924,8.248570115887517,36.56462727865131,17.479039166811134,14.248171961026014,9.69376843108474,10.750493030062469,8.180400114929768,21.237952028834144,17.619113346479516,17.40295049169648,12.718643999681856,13.740579597122576,29.812306363497846,24.39194330258517,29.610927210959307,21.08444671709241,24.25889742060209,34.86426200439088,24.55649486784843
3.806385,9.973547360973102,4.004979000000001,10.426890422835514,9.47899129348683,4.1870235000000005,11.968256833167722,24.975089567803693,11.24724962217232,34.63249928660368,46.36327452829793,56.25615080332256,62.47965339075914,16.380030592937217,13.464375181306837,70.17809769020089,31.184806065381714,31.881191985432977,23.28547225383968,25.41667723361316,21.750684936404948,38.96642211587043,43.21848275369675,40.681957190881846
2.761495,8.454300635732764,8.454300635732764,8.83858702826607,8.035079116605518,3.0376445000000007,10.145160762879318,55.2904122124752,15.714463602007044,27.70883636890061,31.20292392413743,41.386187339433576,84.33730484212793,18.784370815856022,27.110160596777504,49.09115056064603,47.71250448516446,51.21314777381347,27.535784393367543,25.810310785091257,16.38708010587371,20.439975995312054,25.50933685992957,31.017385940858983
4.8793536745047685,4.616104236620068,6.860010022849054,7.171828660251284,6.0276970679658834,3.5627494236592074,8.232012027418866,4.684082876758586,4.416898113734924,2.930659217403524,10.135711948473617,11.116973361464442,6.679619075591565,4.524491589086239,4.150705196964832,4.6241615953910005,4.080829778994223,7.2442987489247805,10.041855660179898,20.668225782986354,11.283959304062996,22.294273273156747,26.61606925641924,24.10477646625282
3.43321,5.748609655148282,6.460701540197713,9.235902118712277,8.396274653374794,9.235902118712277,26.559313227985538,15.163845269766972,91.1010828423658,117.62779228763743,22.226056065718943,29.89998037372545,35.07137267970093,31.93263439119906,23.058294362202385,35.7183291943012,44.05499923173221,29.61959471963449,26.508103505863343,29.44235639232062,23.55900691348111,28.640725544716968,29.069820510663945,23.24907914326402
3.806385,17.256819735354274,11.723418010167244,15.286496829833538,6.310679365983896,19.852909012674058,12.36326882549889,10.738205306961447,18.32734753500388,10.092535562541334,26.357318554475807,23.691427641747385,23.23647529602319,47.28655005039478,30.028675108706004,25.907471225664214,18.97139623027635,16.125347198398504,21.57041695423995,15.136357278709449,18.96371082256036,28.219554310369443,40.735194970231085,8.617206655268166
18.23780470267588,4.083508000000001,9.269829064682847,9.69118493125934,8.810168119326672,9.444727525293008,4.900209600000001,27.13743952562109,29.27890404393887,40.62886963785738,3.855198228018689,9.611092493810917,9.02606947244851,11.190336535190044,16.823086115524877,96.01522485205844,21.548835129881983,21.88856668449289,18.706872716719,19.804536389701365,4.759684997120973,3.8360795257906175,4.262310584211797,5.327888230264747
7.951053731289135,11.590708994785787,8.215865109945565,8.239430443605015,9.573652805780831,10.15926600760435,34.04217832694833,31.5851859036418,31.39636802446605,24.336161011615008,9.66816746608636,9.29681629668017,8.42050319278073,7.874325901129176,8.373021056307973,4.232298109004807,5.4829343398811545,5.07562086520053,4.5433946363687605,7.55428557424142,17.100857765184962,17.361957631266446,16.56281421855413,6.016777090034484
20.002764928781477,19.0687436500266,3.926450000000001,4.104925000000001,3.73175,4.104925000000001,4.711740000000002,16.74770631272233,13.02168641454892,22.41825189429145,20.32129102847361,13.80112881058498,3.8232000000000004,17.043199179764112,16.29826803440831,12.72360538638388,19.035945293381666,13.340998470100164,13.554818287209011,17.9798146785838,13.780781413289883,19.81680085359361,28.438119473228475,22.633109601147822
3.209305,7.834028219637926,3.3767470000000013,13.646978631768013,7.647290629942522,8.412019692936775,16.32963315866011,30.52236522370824,5.352543982318037,2.9105183249999995,7.181803374206891,16.992900068762182,16.435913453812255,18.02764982800818,5.909270032228312,6.0045748943940795,15.15745493757211,40.5265439469862,25.499546106195275,17.17553413329296,15.594582102958968,20.7055801627788,28.24035195993782,39.83290835133216
39.35974080352014,11.070353904881102,8.647233986466494,17.073376289399604,15.521251172181458,8.409706354371968,17.59778063055117,22.535216543661075,20.1715525523652,26.663138568025254,20.388013750983493,77.12244805472861,32.867089745499264,13.271735768566296,8.840312927804375,6.536525301883817,9.714892210951756,25.72294471214696,19.248049021633506,18.271534827737494,9.07460212532264,7.98681296855184,4.323329826573341,7.983074697929392
6.818620271631023,14.936969896365811,5.124270487374374,5.382811843863364,14.115931488910109,19.73405639293937,19.164545845128245,84.35411709150567,13.474392983039555,8.02828301352105,12.984155382472531,13.097414351754349,11.546772696282275,10.82081681258965,16.539460804849682,66.10835050608847,33.91744492465697,21.49897511846584,15.879761779516356,14.469267007386035,35.87603465242518,30.265233419757013,24.163439564597425,5.208312355230399
17.575717028724874,7.291013176582502,6.465480349754031,8.312868503410973,4.104925000000001,7.62242286642716,9.100599811899002,2.949120900000001,5.882178842034312,5.868005702542892,6.507681182404215,4.4781,7.099288562622779,6.425513490707192,5.354594575589326,3.6154800000000007,15.045225763547162,34.75877641779136,21.38511433972684,21.74832487696277,20.78570862589909,24.26953038003881,35.676025330268146,22.98668449856612
6.614866294232148,7.610303290841604,10.718840775827422,9.45614984926462,7.687455207472941,11.7616953716145,28.11091384569961,44.169748693590286,38.49251559877069,19.432533266871555,20.542920219608625,29.18432065689712,26.568519464907332,10.813540584706976,8.030040797219327,21.763665302220936,52.24855137237919,38.25654433497896,38.25063456543412,52.13160837407439,22.264177491190768,20.10693417688361,29.55709859079227,19.972984902601784
4.93187276475826,10.044774639297316,11.621628504825566,12.214000183589135,8.143292974954527,11.871223561363964,5.809519971065415,16.41921677742744,7.627761575414653,9.53470196926831,10.171960958879666,9.777479698623347,6.189633990209325,9.862671037401986,5.722617144344012,8.503114796403592,6.364738853880188,4.119706479266204,2.615587023923764,3.3450664826301906,3.820033701921082,2.9449102372594407,5.136523278229704,3.0889428865203428
3.731750000000001,13.72651588039052,13.962384144797443,8.654279352596697,4.421046114029804,9.665246986507077,9.303967223378011,29.027815028105824,11.954996002410605,11.23730650301325,5.015057571613133,80.99946362437734,39.01162725211563,15.148508435826269,15.823821085581825,8.090091924567075,17.928718376584055,29.63253386510786,21.15246034784338,30.040021331176227,17.53976311899091,20.73136299880414,30.36826855447841,31.03881910283208
3.955655,6.577598138712581,7.543822594197612,8.896867370122763,9.006373744580845,9.90701111903893,11.371525806201207,9.12561244480223,23.34730455590263,20.52754439339957,28.21565307805324,34.2115017985035,23.111772891466547,9.26911529073978,13.571724981127314,13.739753012386878,12.71922603339804,4.018175633397255,7.092495951754075,15.49538338266538,21.335565214690924,14.453653303401431,27.20601677522556,27.781151731819048
11.755792657393194,22.38925843076088,12.725194189032552,10.707947144417773,6.8630111593787575,12.886159312195632,18.988194453597973,30.435666863894475,13.218647963954552,4.577355181593314,18.702592222471107,12.77966212779732,12.001769650453134,4.191135281896685,3.590363389278143,19.049417164781506,7.332331145823712,5.208342827866627,1.508555274791279,3.655651929907012,6.275405654526167,16.643139490343003,21.11080121417912,23.74466686618486
8.797616343082872,12.471558684097014,7.458626335174649,11.48269362986882,6.347495229254671,11.790639879421608,15.252323697997696,12.563064315323906,13.233358583834418,8.116238056744466,11.344703577023076,5.175503250518626,11.175029493495403,11.201462370242481,5.477691391910757,18.605252872253487,24.349807298028114,13.317176608880157,14.499149862314615,20.006901551992534,17.751237125533088,21.715240223604443,25.63466759503863,17.671041578946696
7.863170238260333,8.176621639963301,10.23752623065843,13.799675064666689,12.545159149696987,8.649171167635478,35.874136517568104,37.98115820186865,37.611674067914464,7.487950722491147,9.396019683382937,11.615710061075374,11.12835095668813,15.413274763927127,64.45935730103616,21.780869164124493,24.81047615384918,17.887998253999953,14.530139076047757,15.0132632133242,4.424504082465625,2.1045619799175324,10.044642874604124,7.586598220963005
3.88102,4.083508000000001,4.083508000000001,4.269122,3.88102,4.269122,4.900209600000001,8.86281264,16.984009186153127,39.23609685703464,31.46508443687648,73.47818053608343,3.9761279999999997,3.5987639999999996,2.99897,17.462419319504168,30.37644503261826,21.83335327635834,12.505663638498064,23.66406546108315,26.18789639714785,27.05571859725143,24.77914886274956,2.34702
5.022375864552056,6.154495975756709,7.301621585604653,9.792195305300536,8.901995732091397,4.515417500000001,25.707149912814653,13.294569748783562,33.74619269392891,30.03870998629014,11.60002580651938,7.808297863600637,7.333010167555382,8.254577860666567,6.878814883888806,7.100322805163604,16.60564459763885,16.43489114357965,7.901744880413806,2.7610322577268547,2.678194248778218,3.8760626476173456,3.0408473977865382,3.9329226719564887
12.993105801393485,12.38601653459754,15.95820486876772,9.76649983523228,15.211677203733885,12.496248127423442,14.863219841517047,9.425845163336914,4.45730176320334,12.47550768673623,15.332261197334471,15.679579475261908,29.83161411992321,24.67146108612968,24.27518608961112,7.924558438851456,8.314139959803368,6.786659361091463,4.4546194793854434,5.343241221309531,9.870799949843065,28.41782824894097,5.276801210651752,7.11893512319092
4.104925000000001,14.3078715335635,13.89472246311701,11.253151000623069,11.831409771931776,13.662443609597858,12.768208264647464,30.915631214676957,44.45384279337735,35.086099325402024,29.13898634221723,36.70818376278061,26.753916041194284,16.73149948335138,18.851060366457748,25.41462006045618,26.157630213714253,16.912898637426792,20.57373838033777,13.143082423492771,12.354345800689494,21.24423467961074,19.323786241480587,7.1866637021550375
4.03029,4.240566000000001,4.240566000000001,4.433319,4.03029,6.854529000000001,16.8488628,14.912913363405677,21.97732884739028,15.344626287531286,28.649365587066537,41.84234100461681,36.89049905046486,28.648968422795868,69.14063444093733,9.800370326164597,11.90740200906084,1.7981058229200009,22.04699168884049,10.0073863311453,15.855820519446585,24.24603475532237,43.97399330026848,7.760127582301971
11.878895337595386,11.180753704022932,11.763016034530024,12.426265110497452,12.234383970638037,15.413009849436412,7.593267835710933,8.376632612489832,9.8299300414328,11.675814877235236,3.644784000000001,15.041307410286946,13.23164220643303,10.519424316386706,5.819549546288201,11.676751378415682,10.613252175352612,15.602599460975055,28.68447161460006,21.39168082761825,17.959205873478975,13.05141325111453,4.503461231439341,8.202676588143246
3.657115,14.766180458008524,10.723266558695856,9.997193573988104,9.413602526306802,14.76999952415586,13.775563471087851,19.92114127064374,15.282892688130888,8.730280684137831,11.470417568378243,10.30731230579608,10.386190521710978,11.231288428225724,11.156976678774146,10.15413257129311,48.9539582642211,42.02220807500725,25.67362506941617,15.761468320507024,14.440494578417754,26.921641557174915,26.947967453506006,8.004781406440728
6.207030981068795,6.031364229777712,15.335066428897122,10.587272479953578,11.262760352925216,11.448612793552211,11.402472151114027,6.3943407618738926,5.499129444937011,16.35858385251516,10.264558769033526,4.958652718667633,10.855576150845902,22.39559564860065,11.848478740897612,4.250069985487186,18.810996486408477,19.21089294154918,24.03851565102769,30.9698984875063,22.75156296651913,19.461388645607805,10.35058247368374,5.604913055907728
8.843995527539345,7.618916987147792,5.450554194859119,9.72839508029328,4.264349593412667,8.972753501162378,11.16650565738011,17.245118027590117,112.41778524201668,65.30987004471658,47.09099890243412,16.92070182175694,9.06072585272015,72.87501215972588,64.81805564013767,21.450774004301753,28.248170791606206,34.02052276471371,33.73066149872921,14.7302591061158,15.736333639915726,18.7007891216625,16.891592966108828,2.301885
10.444597308649817,9.151317545355688,13.514776874772569,12.275924858032626,9.932029900721837,11.778699136301777,106.55809359109575,31.91963272776859,90.07851412946331,17.41571939374993,12.281548635132674,13.69027716050099,10.301226349154504,7.660394052329018,11.202086647471063,11.626474597861831,12.861817771180624,11.90394560925311,20.24124523583491,27.023714121641024,33.46173301113532,33.52912303692318,32.91025116519899,17.240604199686683
4.93603,2.827044000000001,2.827044000000001,2.955546,2.68686,27.1428374662088,10.099095600000004,16.25059562484131,22.771328771341672,29.43200941168125,20.459000768016967,15.075230464507325,17.349774100040673,20.62633709037369,17.033838474301323,6.921136791542044,18.19170932155744,39.79094578482034,12.405855306157328,22.639954080610508,17.049248247442716,40.54726091167286,23.995764479003864,25.17197410709237
6.108381917344514,8.776753546420947,9.320355208672805,12.475465190253498,8.341542626763708,9.450677581174531,12.943523235667731,18.84359811565972,9.709864570810394,9.136763742146568,22.601820819706465,15.149745199413584,23.015736561733267,26.213750180974273,6.563654310414789,14.661827616607814,16.766514526082382,17.110390274522484,13.527348087746155,10.845125574327025,17.38018105704803,15.622990223563647,18.914784493845666,29.1530818361922
4.081960717224594,11.581581150897394,15.081010278637562,10.58003355545664,8.595999263992468,15.766510745848358,11.733827853658324,11.996916576976725,18.813037189283136,12.13760723946921,7.728099148603305,15.63620900414713,21.023788964114996,20.59229535939944,15.77952200673124,27.40870547951663,43.60641764666469,20.84369553828621,20.808636953770897,33.15716699273013,20.741841194423063,22.61381815024029,26.37464299477448,26.86226337225312
6.355061296022993,12.793100107503436,11.4522747517696,7.769329627187874,9.893241466222031,123.53391730339348,32.19813051320021,17.484123540980175,21.624185693804723,8.137969481043129,5.968231478004203,13.264070735052394,5.060167989335371,11.405755570347232,3.7071875990574137,8.045903912606443,7.918857593052808,19.046045546702945,33.62822450686891,42.51096998239724,36.61057942161131,43.51744942922797,8.80937329565931,4.959911447809999
12.372617585153252,13.902315027403471,9.111056066422288,12.478119115130976,14.555182278217528,17.36938565638863,11.667423968070183,22.745071106095587,20.332642440535924,29.56112377256335,27.54477926098974,22.73990195457747,19.3235370583961,14.183826304275927,4.735671593114461,11.421537956766349,9.883323987126918,6.338995898953296,4.487616034777306,6.908764733509044,13.788081810816536,23.562521303613813,16.629073229387807,26.805734351212905
3.43321,3.612334000000001,3.612334000000001,3.7765310000000007,3.4332100000000003,9.503176788350205,29.275047694753887,84.47790518492401,2.32584372,2.90730465,3.224232,3.74532,3.517344,3.183522,54.8424483776758,16.339117362435765,2.14887735,1.53171977508,33.448926937834386,45.7234129328105,13.729945331713262,25.44704815106292,20.033053547130155,2.07621
8.850919783753605,9.31270690290597,8.05286260679098,8.865752687187662,11.11338930154143,10.842107970825236,13.199968525534864,4.466293435364014,15.38117278155173,10.475409190764578,11.617341005510813,9.655548855003932,8.011944365510583,23.65119390758855,13.4005265205263,98.05758823080969,42.91535146204245,33.15838516855665,25.01660626333941,21.233779454977185,22.77159138746229,21.153675477498084,50.996104969783296,38.063691616195584
3.955655,15.838841161084252,14.653612125646235,14.77040961112944,11.49993947933909,12.101027984144263,17.619290090370594,16.901555028326275,31.861076094655765,9.76195414453063,18.414788835135635,31.93249376080521,22.632699674727345,29.623608938454126,15.57605527340311,12.630919732138189,2.861730811054384,7.667430984931891,10.855465554357588,19.638564992744517,13.973448558396392,24.214005456130383,26.1835332694762,9.361015467567402
3.1346700000000003,6.113030301227984,6.113030301227984,3.4481370000000005,5.809904831745604,6.390895314920165,7.335636361473581,2.6882895600000007,23.634990121111628,35.75396822656884,9.045092938775792,4.378423707853484,10.297274951619627,5.11173604313577,2.537090939746654,8.185635511402552,18.02476195450449,9.518759595347538,7.875302190354609,12.171441072946818,7.523509694675952,8.934621495835646,1.8041501795394488,3.064102604379009
2.612225,11.595527797527703,4.809064391529492,13.05013864682208,9.557910016126309,13.102617361796831,8.87329437233915,7.917541377121806,26.49957947992387,49.26204689937401,38.7592131291558,79.62795893378635,14.387456919023679,10.265297186605512,10.387949646763444,11.722950601412867,10.765819253733143,3.063367970417056,13.06688888071904,10.954369604031305,27.98641366952537,12.499382447075517,20.99877044747004,28.55659126843322
12.790235282612915,11.652314995949046,7.036413484306813,8.039253911518601,12.551791106157244,7.72371776910524,24.375756944620683,10.49711315291762,20.461757983027653,46.22597485176767,37.37432089053156,96.80271527252008,40.47185811885178,67.96075413643149,21.55691138008525,62.07811607537112,23.125772314686067,46.56112306645814,32.12861245972572,43.12077432481178,17.53494284734978,22.81725953929629,21.43756825680256,6.552676573886127
24.85875055335994,44.57848831993295,15.617602214699456,13.086115360533784,15.826023476714475,8.428991339446826,16.167803554983884,35.89174120046731,40.63713639951253,12.280320593983229,18.584704993351504,7.967206429680411,9.85698704337024,27.208245539919364,12.763790463081158,15.137925636379533,52.89168639500214,6.323392718390165,6.59665335097413,4.709221866817913,2.6749574067510093,7.0497521488888415,18.01755337160759,23.091342919755512
3.999745250949158,14.321617475485803,11.542687216805358,10.105515418901422,14.380297501885453,4.587586530288418,13.817125220315663,7.194842188702392,12.138767149675392,20.930623823111727,22.32900994043154,12.694832927315714,12.571167102580388,11.14412833295741,31.043381527202925,36.891315174350396,21.75081095778563,5.164484909456888,33.139421700263206,12.92513952692036,11.109643684881837,13.060128135131135,9.545605556804762,7.811157668817833
6.290971141084551,12.753306668517975,8.307195738762898,8.537520753115135,10.171333643916492,13.627552010088218,12.59923443170581,4.519652484142658,4.637385454216079,7.746037504959162,11.634589858415238,6.862877608455873,10.77193933154134,9.671185257788778,7.534772700285575,8.088907602141132,7.754189718136973,6.392867120744409,8.018603091575343,12.471997756305754,17.929008591331694,30.969271083429472,36.300936501514485,43.51294828238115
8.426910601175088,4.076041659186635,8.410334183732694,4.022826500000002,8.210101710212584,4.022826500000002,10.639890602527156,20.483682684121867,2.4775291800000003,7.136061113631449,7.913968216755736,9.192993383100092,69.95262295572499,16.044149647499182,20.558654373393928,34.22783997221183,44.036712667720096,48.720926978372255,27.888203684325934,24.225016283721192,23.470407712874856,33.55578020260524,32.71740341331444,36.58662092163675
5.009065889759096,8.362177196161877,9.55131901856243,5.509972478735008,7.947523781476163,9.98546988304254,11.461582822274917,19.441473292013114,4.621826599871891,17.592352014197285,24.592620020395152,112.82661871942328,40.788378593261335,17.03967692789626,3.1719874999999997,24.437579168267856,36.36373709837,23.838810929308863,41.81315635813222,21.37759424948698,17.591291604982317,27.458254189029496,22.855006779496627,5.489676220285693
6.418977579506219,7.507875184837639,9.015864039378087,10.21394294240505,9.237765159012438,17.490154963596943,11.72383015997797,22.388757385141584,31.335022297164866,18.64860158410161,67.37408808214857,4.39668,9.512950092243582,12.847846590787384,4.221797423225611,86.34223063569759,32.971340724241486,54.14220312151886,26.89132231259936,21.22494537720801,22.00363786078124,24.946796238788764,30.23008830750884,36.86269715381859
14.054353275378952,3.738530161068403,11.767079654488157,12.74614093682216,7.845210810775598,10.099877979342084,11.571208135770172,21.886714553971807,13.201865472113148,8.641516824100488,8.355654840197452,12.64080092907982,11.049811754574286,5.787493982317166,8.953900658098206,18.467149349448334,29.79545018806802,22.01885889933591,25.90315122294322,28.069142847010337,17.453926786335256,17.660557698545173,6.638046690079251,6.193390623157619
9.848025,9.053849465470009,8.838633353403191,4.515417500000001,4.104925000000001,5.969771975691861,35.23063923235459,14.92233279777811,17.554311397218015,6.940360732043991,6.3283504849560455,10.083829225885056,21.414553789894057,21.059865315241947,60.89988889491409,82.83791976306912,24.346459846254785,15.972513637196206,33.9193363289202,24.452062454340908,13.779964269645768,22.010838595367108,3.569257933402169,3.100908567735222
16.854735911307387,20.99236047294449,9.889266819449894,9.855215398680697,13.034642649790054,12.096661156724885,36.07298439127096,34.21511086469161,88.6851986221939,72.05106687967614,54.37513096966544,35.625668472944255,19.155588928753655,25.656423654309002,5.80664343466123,17.270601568239496,27.7733386760226,23.67098104694866,34.051840659170004,39.18418482803466,19.75170418740952,21.442233427213296,35.2448987012642,48.484296397009736
3.657115,3.847921000000001,3.847921000000001,17.59776287920363,3.657115000000001,4.022826500000002,4.617505200000001,2.62739862,3.847331028179759,13.16342212581188,13.473536390923952,14.243477625820749,12.48259973858864,22.87012160854939,9.85408759960652,11.864894443011634,15.788978335568386,16.48617062706627,17.1111752877419,34.927309074912124,16.144621764502553,22.160438193182795,20.62727069778936,14.700003387706037
15.0407065750879,24.591863647334883,8.01508763010905,5.628392148484673,6.212605945690401,26.786417037976584,30.083570335585225,2.888707233670929,28.29036289624508,34.7524452305927,31.624278267220262,30.71005714682396,14.23101134836315,8.982454068519617,17.800018620688313,21.644751039851414,21.71162153327905,23.215724877676955,25.523929673159067,22.181476499691662,19.1833937587187,18.17811554688455,19.824167402393385,24.60295150557345
11.891208478191697,12.040600037985888,4.004901658664429,13.080329326010869,11.891208478191697,49.77811165343443,33.39812037542614,19.538305675355836,23.76511726413828,10.06969154312324,12.857868299285514,75.26465239123687,8.726288820379168,9.614160636704511,9.188661096784491,10.376915389045626,3.0828958007018525,13.072632968828428,40.15865223300003,20.9534033046711,20.22410818563611,31.197231023145783,23.40452036392659,12.191237282811898
4.328830000000001,4.5546820000000015,4.5546820000000015,4.761713,4.32883,4.761713,5.465618400000001,17.053583157752172,14.626755179659888,4.997107029279347,21.45211382082973,19.533510620600296,23.898720694084552,4.014005999999999,3.3450049999999996,3.726558000000001,2.70945405,7.337375820205038,9.26033076092177,1.7781779664000008,7.009467994770345,24.28257873684378,40.13659455406187,44.58812533439932
7.452544437288127,8.391586352269028,11.209984984302922,12.456156671507363,11.100558514948917,8.281937485426864,21.74146827880829,35.223747175086864,30.25575766314386,38.921537444075206,20.85840670678183,20.266251540923754,13.061093344634488,10.244961376228472,8.142931420671228,20.393838190918586,42.271307919535865,35.40802289756513,33.36180635321674,32.696522678936425,20.116539640513395,40.569774472536544,14.352897109874316,19.950276245865787
3.657115,6.950579458230279,6.950579458230279,7.266514888149837,3.657115000000001,4.022826500000002,8.340695349876334,4.745924585446161,4.4752123096274845,5.786835887034354,3.434508,3.98958,3.746736,3.4232421458342195,9.373869477165014,30.373679919911414,68.68717453228822,23.12620614709074,19.60713181526858,20.98311016727368,16.36505232628384,17.999890047372762,1.769292,3.9948860146853207
27.93921146860166,24.667326348308254,9.72515893788939,14.138369355668242,20.20824954428858,13.546817001805708,125.76439508139592,18.99016979815316,31.656286640313574,31.10458189793116,5.351138392611219,15.075929124862746,11.987633768053797,17.51067583417022,18.59041150969615,34.4101753178896,19.65398954716341,17.947805323089035,27.88696743565487,14.8622019729011,21.56064548223884,11.36160071633625,20.018544497850808,58.51355522835963
3.060035,9.983786781102792,8.144159535116112,7.873266382807849,8.905920953696958,6.785143684460096,8.30128964534999,18.74829311495223,3.796032658461633,5.881475588351836,7.716883980974815,8.809915260329173,3.7321081249182924,8.078078805403843,12.001539371808258,16.337839853535552,44.981360607761566,56.0434506522334,14.756819675749457,17.62326681655907,31.73804230361289,15.534684645210008,14.514474065243316,11.8642122325224
6.700688959445986,4.083508000000001,4.083508000000001,4.269122,3.88102,4.269122,19.10962004551136,36.53029433379146,13.807783047631077,13.684822317050813,36.86593019677324,32.87268078424572,21.713338064236545,36.561184323782825,11.621198320331601,22.743515059436,33.314296564981255,37.95863187438168,29.035288349228598,28.690788735521267,27.31261249797759,24.13052972461625,31.85726844496925,2.34702
45.09591108070587,12.743612003485325,8.46932493054763,12.36302088212576,4.787089404573924,11.124646775106974,26.60250147619866,24.06739849262412,27.18316188579315,77.02508941189076,7.135234609297932,15.67960952394293,16.98560361801841,7.985909855424421,6.989378509581732,7.58555703242019,6.917220205424114,4.932240377648239,11.236550080153874,17.90104797137108,13.941448647629526,12.86206866021594,18.267779418931163,6.0024880232209386
30.5104693296956,45.10747969623298,44.74705080367805,9.398474159292698,10.977030924314484,8.800656714906468,12.711926868166469,27.414482060683376,29.454379761580505,55.53963598537188,43.41649338747818,36.82450515400251,34.02552948042283,15.30759478648312,4.41605321454361,10.211415197835287,24.683681299485254,39.693523090642685,16.78515753121205,43.29025490249425,16.967572244134153,19.61017446307018,25.800728282564936,3.6469218697343937
88.4780645147893,21.747069193077863,8.75090062284792,6.331492351975396,5.228374317435534,8.780548968991027,14.315658228345857,6.485508859898278,17.546255640824793,6.569873445264079,7.8107212170874,6.279165968901219,4.9177509158307995,5.3372910735660355,5.986971217132554,10.084191150847497,23.14065994111441,14.034625687053044,9.075531118757064,13.242254423160071,11.670023222050164,15.014665664762829,14.11333220319566,13.554473686350146
8.565645288547097,8.669928103602029,13.012961245078012,12.21772903098658,10.870326440992834,13.1719444025915,74.64239484266628,10.156563039158028,8.470687301485563,25.56630790381102,79.00981087301561,23.88287161198721,26.351382389698227,60.125366572621864,13.035621748323777,6.991830031656188,21.821836641406307,29.90221611925956,40.23801204073211,25.42327019681711,24.0730263933814,26.84327329965297,34.34059171339246,49.42564849050847
3.358575,8.936413147165997,8.381195328371826,14.523847048382825,16.780133993246015,13.04256830982573,11.45080432585497,6.447277475878309,9.069929517424422,11.337411896780528,6.624241291829574,14.60536154174625,12.391391768886061,4.142201064473759,7.5711303865355974,25.185335828296157,22.725612120391204,21.69935243801795,21.95310810377959,14.608112059159629,14.719670577086276,18.19517703681992,17.889306035776528,24.81769049670912
7.112782954178411,6.902724438772335,11.002013387212529,10.258308113910005,4.438298315881286,11.502104904813097,13.202416064655036,4.9939687343004335,13.105249993847384,8.854719602341651,5.407632622478608,8.497592910007004,10.712704244798973,9.346492639671329,4.206253306361988,12.863893070153336,33.195786408132435,31.79407685950893,20.379177536068628,22.291202103737174,21.552636813640863,14.573561366572685,24.32407743591172,36.53556126277447
3.58248,3.7693920000000007,3.7693920000000007,3.940728000000001,9.905866320135958,17.074985371649433,8.93185509020856,26.3546588716668,37.1182988609343,5.520032232622661,7.693782388363364,73.26231559011134,4.756345958996926,6.843793883793431,5.239274177536973,28.416486098665825,57.84512136490228,38.76959144609666,13.943435544907553,17.93683202899149,18.59340992437205,18.63824677485718,1.7331839999999998,2.16648
3.58248,10.267254830524456,11.29373967262355,9.189777956032604,12.11058741716498,13.483377279317072,27.4063898957787,69.97427092769884,15.291340700186622,73.51793729842329,23.193644394963293,18.640279362311272,8.119068902871867,93.37392509837797,54.28905621811243,8.671044500028168,14.026594661860353,44.18663668606691,46.67633735467894,17.199425831407183,20.30843518295213,28.33231848443062,47.55893168935449,33.613147886994
13.104063317219008,9.727393912860016,9.727393912860016,5.579789140443556,7.419571455553539,10.169548181626377,30.58608496467565,32.18618567662551,25.838713459538617,6.503862748852724,6.478129184694011,8.779555184404659,22.83044399915732,8.57267697955281,14.080351098654967,29.270015349753237,23.884826675780285,27.617565527860485,26.49067430880188,25.74833531716649,23.684807904340083,29.428226740627483,19.414752608946458,2.1213450000000003
3.806385,9.223654917352464,4.004979000000001,9.642911959050302,8.766283599136637,9.642911959050302,7.937180350411477,11.014150495111076,31.430203943145383,3.2233160249999995,8.232683727884842,9.707067625788804,8.057210335632751,6.6653606597847315,42.9059159495211,11.326207483119605,30.203194669851207,20.09437074543326,14.30674338081292,20.01760281254442,15.873875819633149,21.82127771620758,10.759183844897724,20.50477096647786
5.687392525016918,4.668313553249624,11.789825478988051,10.6444106715312,12.177868162604232,7.945189497066402,32.25028022172709,5.084892020994396,7.15098156364666,9.7241059076776,10.78413761658008,10.0496584697685,9.829338102840111,38.359555924340164,21.26618723244573,41.80683447150632,21.75314699509541,15.193708524138138,25.374595654083706,14.00837284774167,24.14675851944539,32.87158219915646,36.564870533696585,36.88825635937075
6.187035664932296,10.841678477786049,8.09438895680585,8.533832238977563,7.422147341350282,8.245426846593407,6.925380495670724,18.91465726135209,16.67354688010774,29.41018559728172,39.62103441281658,63.46021323402984,101.65427580428465,16.839170815052007,15.43968166823781,20.583896597214885,23.697289932295664,34.73521204713965,4.115088987184132,16.44676029014089,21.83823691701076,22.2090051454521,28.482668537178327,9.641538851696108
9.541858077270046,8.294463011954601,6.050594404781841,10.496043884997054,9.541858077270046,10.496043884997052,11.407202400000005,23.78170202054308,30.101019069638784,42.70288460299463,53.82073580710826,39.38869521398173,20.05268388902584,18.200789858612726,24.414381289888166,8.214295214345519,81.45851102821307,33.56940286280071,9.726158689919735,3.919562974641525,17.42282802943601,26.389389271293297,38.48620350451146,5.770372671234455
3.731750000000001,3.926450000000001,3.926450000000001,4.104925000000001,3.73175,4.104925000000001,4.711740000000002,7.351783024172164,9.806252336282991,30.705783234945383,20.70915124478956,4.071,3.8232000000000004,9.56259096918756,8.958716102713788,16.569136502981003,20.923326869775032,8.444972753947575,1.49033115,1.5329120400000007,1.3161366,1.62486,1.8054000000000008,2.25675
3.507845,3.690863000000001,3.690863000000001,3.858629500000001,3.5078450000000005,3.858629500000001,7.878987600000001,26.542514366967456,33.91572062837499,2.970506925,3.2943240000000005,3.82674,3.5938079999999997,5.604213190493585,17.51070696979529,30.830238200748006,71.0512209884666,36.97835930077208,31.154996267011228,20.92703247717073,32.14803002256541,44.50797272862392,50.69564656776621,19.276761219948124
6.2671598357390526,10.215842420937571,12.883534508976055,4.104925000000001,12.24468155811774,10.680198894616554,8.77545850564618,33.36805296531809,37.2808979404527,42.57778710607475,41.4587934734667,13.003020707127773,10.59620134817224,11.354159262981902,51.22191673671923,12.020059763785474,24.148178009351152,22.639632019533984,34.87767129717544,5.029817052697702,3.9211058041755615,9.373782611628412,20.11853239466318,25.358104144981628
3.731750000000001,3.926450000000001,3.926450000000001,4.104925000000001,3.73175,4.104925000000001,5.438466000000001,52.80104826676624,21.7081289845695,34.57582253415961,5.173595710490408,4.071,4.1414372993166575,3.4603499999999996,2.883625,3.212550000000001,6.295981988260241,15.152114524388756,11.431633101144692,1.5329120400000007,7.976800012616434,1.62486,1.8054000000000008,2.25675
5.938972690189456,9.087497645979088,6.670176897806778,9.239372686674963,6.5640344497425565,10.576388301605723,14.130501917178266,34.90695161423606,45.71547417561416,67.08570746401416,77.60990514634693,93.43103734449234,61.80670975838451,11.405429972289005,13.654135639424032,29.95366759610016,60.92357231145258,40.66868373502683,17.981444364658437,18.237977296113467,23.72711465116617,42.34779694336786,38.84293013733095,4.922708364277844
16.151670201290635,8.823734033505557,16.581536764458384,43.38319805430209,8.40871295590153,19.3258764849882,27.13509550046869,18.67279929207829,30.106038727618284,85.62146769332877,45.04211427440912,14.73365990770353,11.034622991596207,16.291234722882606,13.576028935735506,7.094884657959148,18.272483134925896,19.85245348486108,16.26200300791692,20.05544705960218,16.02877210623002,15.535844775667066,19.806168207646422,17.545271867063903
5.919250281390571,9.867742346968615,9.41404413217291,12.265936669542857,10.167947840074332,11.833459051358425,8.262308921769213,21.13651922007296,12.014288680007708,31.33837323500623,9.142576603520602,12.807920426597867,12.028307878891912,2.4222449999999998,5.304088591251672,53.3523277946323,69.79790568227725,24.600267492293504,26.096451477336583,30.742255573415093,15.257950618281845,21.72799471979143,21.724755481248742,5.814392418167731
6.491229649878335,8.157576044995961,9.683350767871708,11.87814400680934,4.509657348743305,10.973680275385094,16.31726400928802,22.92762607836482,45.01373963257815,26.96597461265655,59.62691602241612,39.06074254776216,75.6217185748667,22.269385691294907,26.867094789570498,40.618555017805356,47.86880392066588,6.385818800987265,17.662564817998486,26.46679355165632,23.971794806211147,18.930831616008888,5.281750011684942,3.925526230954092
10.97724473718008,69.70700514486293,5.397861660815072,8.067360533877267,8.335675495608807,9.169243045169686,10.524696364890424,36.75186860504738,33.65033883329437,35.27868596830325,24.926066980872587,7.563577715068059,7.5136897246891365,5.871725275236808,6.441203792061349,7.014455257147637,20.41456698911723,22.609251217503413,14.378886309311566,15.532535301994267,11.99102133736462,19.014286612382296,19.476478823932368,5.04094209813497
5.542962140164208,2.7485150000000007,5.832160164868428,6.097258354180627,2.6122250000000005,6.097258354180628,6.078900410271936,14.253638769980853,3.865407185866512,5.809911908941135,21.173873546863664,47.04898019984172,13.991362251351955,55.63399836478669,9.743354357760076,12.494097000000004,22.36747609409369,23.00055096676089,15.450940388643923,20.89040876262725,26.203866539990173,23.672531352951108,18.88801942077492,1.579725
3.806385,4.004979000000001,4.004979000000001,4.1870235000000005,3.806385,4.910603500000001,7.105942800000002,14.26698731186043,32.95772335398703,3.2233160249999995,29.26111952842964,4.15242,3.899664,3.529556999999999,3.0610355470187014,23.418790065869192,22.05889949138881,46.769888710455525,19.72594740133612,1.5635702808,1.342459332,8.260173474561308,19.11388715891983,35.509906895862166
8.150786927539606,5.51726595488472,6.609687176687669,8.96586562029357,8.150786927539608,3.940728000000001,10.291254451119572,4.8115263725295785,3.305288458116325,6.902234566366494,3.464906130932755,18.646707591914414,8.805523340572973,11.916485060462744,6.787085353098786,3.0840480000000006,13.856434164529304,16.848730223215785,11.95600177409916,14.661800655521876,7.372450330564867,18.613891424979105,13.913721272308974,19.1546516073744
4.088691602563251,12.518530527841294,14.615066930282875,12.84168957238409,12.252213520805263,11.105915079331297,8.72843665618192,22.352696810848027,7.52283197588681,7.424978632354706,27.58576967561681,67.25008268053872,32.49536797445118,9.213882724350483,3.6165759107234177,10.65977914470358,7.062250324688542,11.980777047590152,15.62300973632178,24.816889409604038,27.939849092274866,34.759792064368526,29.617369089044875,31.6103449050653
3.806385,13.07887589817473,7.792544321506548,12.290551950374184,9.693001873272898,12.290551950374184,16.209297004468432,10.5450139388036,25.281162081182025,17.845651404920744,71.28021741235743,24.77739678543077,156.8057811267789,45.731180046491666,22.89203064235513,11.912401371104911,8.661103393578134,3.2678727716509357,4.839763943028948,8.041033256781024,3.0266630763650872,5.029380162110368,6.694572671364744,8.368215839205929
3.507845,3.690863000000001,3.690863000000001,3.858629500000001,3.5078450000000005,3.858629500000001,15.42054313702056,10.55389277327411,16.166848732655893,2.970506925,3.2943240000000005,3.82674,3.5938079999999997,3.252729,2.7106075,3.019797000000001,2.1955920750000004,15.075377547087731,13.119749829161767,34.046947083038305,29.954090307645544,17.64153060888206,24.15406711437313,7.323345
2.53759,12.376448053376734,2.669986,12.939013873984766,8.057244346287822,11.007134852784027,9.783255064330392,13.885173689867583,6.216315144805091,5.711680495908846,11.39724226990707,12.040024935335394,9.480579205382499,4.912150469642535,10.569126685555702,6.936236437239084,20.62420512722672,23.422019346993284,26.168304403649568,18.806109499348164,12.11404462736684,26.418044092097915,26.33667377342634,33.45232547102937
6.966813420728763,13.122198847651804,10.949557039814788,8.833006269851179,9.089753722831368,12.478684652795488,24.322906252910222,28.57608734921986,90.32940226367572,22.227054206098654,26.83338186388482,36.941920927949134,27.067384681024993,16.86393935578778,20.94385767475191,16.01435359011564,27.45813629063808,27.82923737988591,43.08136210107113,26.51900004779982,31.24422743888328,33.70486716674209,29.2601804234667,27.481596597536694
25.81186426508321,37.07462585295349,14.51992690354346,11.060494150269337,13.22196181908724,8.759966258689554,20.77202430082223,26.90290128642189,31.36761981681156,10.820138659900095,10.155421502352322,7.700463203217036,10.996668082445039,24.72051286881066,24.147916210593092,50.512454920476,40.83938180239173,24.78901675015629,37.93616763765549,24.24704801382465,22.01461604016563,26.6225609569437,38.87624254080676,29.181539055296003
3.3213721374017062,6.38766863191218,7.055285750395715,2.955546,6.916940916011369,7.608635007612507,7.665202358294617,3.2979004484903194,3.68292242372508,5.998502778553118,2.523312,8.891248558768137,54.98986905616166,3.3019736063157117,5.759147176660667,5.9545839190010925,4.329376200612571,3.08597935579664,2.762385612605689,6.576052151114993,10.157648721838976,18.791438513676795,11.89004121212245,3.799255348329164
3.060035,7.9436042542962735,7.299433992346782,5.610874261339138,6.2712986962498105,25.182960795205204,32.94708632446449,5.423971764379818,8.67679932163939,6.393228750795283,3.2570799244658133,7.568158459382836,7.734719093589757,7.00063695739258,5.20308383458585,3.864070590994485,4.086764895958176,5.349062626392782,12.47533213103315,19.782633418342964,40.49941806730421,22.152717707665825,9.472131332323071,4.56563279829951
8.007949469295962,6.007058351573592,8.55689974687744,8.397428458786639,9.377424519888017,10.757722013359166,9.032346279435952,18.76752400206728,21.0756399671265,22.843946269840096,9.876865940163093,3.240259187266892,7.546316727809368,6.395606973073568,6.125174252504079,8.419086793063697,13.00496388185023,9.733632257561185,4.641270453679328,4.84600608334551,11.742586474703744,17.323192154059285,18.67889095815187,6.791704156850876
2.53759,2.669986,2.669986,2.791349,2.53759,3.7932290000000006,3.2039832000000006,1.82309292,11.9526229847282,2.14887735,2.383128,2.7682800000000003,3.122321150176711,61.77197845202374,19.284932579510667,25.732983252251998,30.53170367757709,27.491458750502154,21.86885477969704,44.932279450796834,26.94615620312329,34.847506686333574,30.21585804918891,6.120813830521239
9.098229077165913,11.742267988798726,8.258369138222509,9.71404733317547,10.549607679490084,12.144717337228697,4.5232704,17.49277490910542,27.541932145292908,4.775345950743252,10.368612430203155,12.044347772458211,3.670272,10.237695606589478,8.531413005491235,14.62741567175958,21.55126690279061,47.85540829897727,25.827427409648983,28.520059180943445,23.98345425778904,25.109067331960247,5.149627348258421,4.7465457481143645
17.761623967692636,8.976115291902333,9.934846502269096,6.08101444875813,7.355032102412056,10.243243305369406,5.102936972195289,24.36746228555346,82.70413221515409,47.70005120881603,40.04129643986101,37.59786594245651,68.69200401588466,12.897425258430367,8.592529243807883,4.737410010058012,19.735833454207903,6.121602439452516,3.6149337925294542,18.91724368239677,15.498362903254291,4.111279829789495,22.01028949747933,32.05270501400893
3.657115,9.397999135328693,8.388894019814384,4.8140566473919,8.931982649279334,8.7702073843514,18.24079091277128,30.75032772237077,34.36244619130939,42.12660200686655,25.062109470042888,5.5589621105293885,13.570311174924898,8.282383911149926,6.901986592624938,3.5611147290740357,5.140392647068081,15.033499290956872,17.72932958629352,35.17527709836547,19.86477427904753,24.66031298689464,20.24846548078648,4.821565683815179
17.20225013110997,7.180931337495917,6.96716342062112,4.602036982583734,5.199509258572051,8.673005340871978,8.6171176049951,30.274290645362186,45.39519165138736,30.54730135677886,6.027824085988455,14.427414061537284,53.99391397003363,24.580180198360132,19.591928737002437,24.747457191303443,92.16239546009449,30.94393919018028,37.23249304176792,41.24519939345564,25.32654291029052,19.684400301709147,20.28134697029551,14.35443915730611
3.060035,6.888875458691882,6.888875458691882,3.3660385,6.5472783285088125,7.202006161359692,3.863626800000001,4.703792482620853,2.0730346200000005,5.544354330005416,6.148748343295231,7.14248544928234,3.135024,6.393780460034624,10.834473741269418,14.606042366349595,37.08680592454197,8.194414334852338,6.587208617374984,8.29105120446506,2.247639367494997,10.57386352926332,13.13384511912646,3.326755397167168
41.27988278664705,9.196538586032872,6.862067814060665,6.709705079789128,8.740511879287439,13.0088468647492,5.989629293587032,30.846625219279375,17.90136416071414,5.644562549669121,7.513927433888849,7.921495220519105,7.349394032173777,21.163619336641915,64.28895206056156,26.88681383234575,23.60723360529643,45.52546574204946,25.85285295148033,22.12569381476017,13.042040355456168,60.20960975577173,18.626492189681528,63.300057310385725
6.542383742497348,3.926450000000001,3.926450000000001,4.104925000000001,3.73175,4.104925000000001,4.711740000000002,3.050728987453743,9.643467614120327,17.459351898397,19.130352690386285,15.916010676813952,3.8232000000000004,19.557841623970685,7.678171690846091,13.157766537740018,121.04080357033516,35.66202890571564,15.319128073274111,18.55191688839156,15.590068306722625,20.41641962154368,4.641357025112527,2.25675
4.554306662877262,7.859928066388106,9.039930144737546,7.970469816659953,4.778604578596577,9.450836060407434,6.883109190430931,6.73984353615207,5.820465315880676,7.275581644850844,8.068697980426899,9.37272997726357,3.746736,7.966820480674033,6.6390170672283615,3.1482990000000006,5.377603824454973,3.833156006071504,11.734435724789089,10.960081560570282,3.133315268417252,30.50695117693956,22.119705986638387,24.82994034922782
4.104925000000001,4.319095000000002,4.319095000000002,4.515417500000001,4.104925000000001,4.515417500000001,14.095290000000002,18.7239026767043,14.092114662087443,3.4761251250000003,3.855060000000001,4.4781,5.931375960295344,8.879821667208699,3.1719874999999997,5.406885000000001,40.4966406777341,29.95096838007639,56.60771636647364,36.0730001873432,22.65947945634352,27.268808334678805,28.90546074684728,18.663698045538546
8.042934228033491,8.353397618350066,9.65043987599778,9.660826885179498,11.013062027946493,30.937796699649677,59.78920404052382,32.77931483819289,20.870327032999807,23.461199753622484,20.87325096961273,20.36537906908847,11.770589879651636,23.37862096922052,45.39863733199793,4.924408544659779,12.317265632098026,5.737000790789451,18.685752559602733,21.203357505017948,17.91670642758939,45.18332142988324,23.0639153175505,10.766910857091144
3.43321,10.159378924724038,9.564193022476395,5.021010613790519,8.524262965506667,10.621168875847856,58.6900648411976,31.973291129012548,6.074061129495961,5.302413658772454,7.208534320831305,10.533390620675558,5.835483532120032,6.592984743566586,7.461151689645186,12.177252242489459,11.339038091661342,12.85129206874598,24.479181014928077,8.623030400558752,10.91434269368857,31.33512791010326,19.32252100751852,6.9714677058213255
15.411815909353145,7.935818684940551,10.533866559651177,5.633792786429686,8.196018162514148,8.29653771607421,7.546693049652758,18.691941425940996,31.826998054126243,27.510731191677905,19.88746262287004,29.112792442046697,27.857591664393855,10.798578533486987,17.286251870985677,10.746716725205694,16.71686428186132,22.36654369870353,18.0518113555564,20.18431384956573,21.73607708717215,20.58702611409195,16.409282855038605,37.831576393432925
10.68561304392402,13.059771545179853,10.093635442912088,8.947868006120224,15.0505912337689,17.08183279630758,34.74586700211123,12.079678209257354,4.215767703344521,13.150187809719426,16.04899831919104,22.682005636824293,12.568162610389159,7.9227700110138155,11.999634608976397,9.318092543187563,5.333955526338977,8.565606522555225,14.09992301861492,14.713997047295187,16.941573103124355,4.353607982986269,6.720851162102582,5.868234137271211
13.311366289323896,12.281893396121236,7.97159892163326,9.012770570089492,11.67287388887555,12.840161277763109,20.273390236108337,24.359264071460245,7.879634232315988,5.294830959157547,8.937819296519834,6.895311542927575,9.663157962735186,8.746052693123744,3.3450049999999996,10.048821869553738,15.050293223339304,20.21004025115163,55.03116199559432,37.70659549878198,22.334355642399625,15.241438046574071,2.7675987073219552,14.231491039774475
6.754726250785633,6.328407482245493,9.587633233072117,10.0234347436663,8.719298877908438,7.718336194508876,11.50515987968654,22.873328495127684,26.44155863041563,18.93261025811564,11.573168508934938,11.735099060303996,7.859524700317827,5.577176541453012,7.041255811666408,12.247361971267917,30.873985610457098,27.769318715128843,26.4976107138002,27.69127009259779,29.80037424796543,30.40602318397276,20.85816083019221,3.616559233310875
3.507845,15.784216325027874,15.30431036725692,15.331001018572715,8.974852392918175,8.815573021420365,18.941059590033444,9.693674683908045,12.784234482803647,17.418712434873,5.254139977733033,13.633438480729604,12.011522534748567,10.043334922102662,9.477402716294588,9.277697380270512,18.09476470196615,12.299512011048126,17.89653285734119,11.73696081484043,14.570589794906024,19.04071496242093,5.818124901455684,6.701276550725859
7.277205303883936,3.612334000000001,3.612334000000001,3.7765310000000007,3.4332100000000003,3.7765310000000007,4.334800800000001,2.4665374800000004,7.789221106042613,11.339804310381563,3.6925203358404657,14.355356229431782,13.444593740725866,8.058618804857248,4.526068163676725,13.16741332487128,18.90504100818702,4.544192177122631,2.149227561260147,16.075305768420563,14.546078545492971,12.287836903095156,14.117232598501916,12.77230541967352
3.2839400000000003,7.77821331012554,10.169899227686749,10.01588085704717,5.93053690186278,10.221309696164706,7.252150881625746,6.944108051169247,16.433343279194588,4.994947613166765,6.446477130946779,25.09542725398796,24.20186446172387,19.215838897871095,7.468877907636207,7.016270685801225,24.74964202935393,3.028367684350237,49.80293339819364,7.656790455521565,12.493633508592918,23.505299717173653,18.13148351820326,17.581329832711063
18.785655847829865,4.004979000000001,8.221366979683708,8.595065478760239,6.611502622847424,6.39104448938012,8.347740702934313,5.613630907946013,3.1216070154664664,5.768413816249066,3.574692,8.524031879762218,6.56824794747224,4.644318029339365,6.037855914831571,16.606001933894884,27.04059414440094,6.926570819590385,19.81369232258376,27.13817207203168,14.261980434129,14.544018553517772,15.689857831929205,7.724078542042099
23.92534171065016,11.209410397542298,8.755326905748957,8.693674296542582,9.18042515679153,12.750131748024904,6.665982644301799,14.83565473847161,19.47191385449629,11.13577876082429,16.86971210330363,8.398589379185898,8.87194906181759,12.104840242259566,18.34591118953679,18.895331113321323,73.03472990179536,32.76699560192139,19.66420926645646,23.25824655815226,17.806816597919813,27.632906638121643,3.595009952395209,6.175735158905341
9.93442811801926,6.286051797923251,8.584068440185936,11.40646335080251,10.40032004365772,3.4481370000000005,51.14406563568143,23.322668948655192,7.464733750821981,24.61760950293197,23.89237317692895,36.6013431164611,14.124272400405054,6.835875434134437,8.549176267225207,5.00154658854992,6.655457859508529,22.463172568754526,20.63942865951311,25.714882675829475,26.71953589313328,29.13054204842003,26.963428922166155,22.45380325632161
8.840831533773942,9.190288309449103,8.397532676342406,4.082762153377394,9.502426533773942,3.5302355000000003,11.028345971338924,15.313042320778932,17.751937606559867,7.396593985191294,3.0139560000000003,9.528623491389752,6.375589266735619,5.304732348946041,45.65850815189874,67.14109969092088,25.042430962835432,25.263775230376677,15.579078071785318,8.144213377369976,16.03759915124216,11.94788362921505,11.506697283827975,11.657676062689262
12.01902007318528,3.926450000000001,8.38689938135147,8.768122080503806,7.971020073185278,12.419727657451162,7.741888092218284,24.274280066904,32.42856092841933,6.750004725610987,7.485827546991392,5.752693913329698,38.24412042114573,22.93547580236345,34.64860402841468,20.382528288828386,25.39030140921835,25.4407737203787,13.959775581257349,15.2576993719035,21.44230893806788,22.70652707042888,23.398452947546733,16.726554823324726
26.406894989903943,4.319095000000002,4.319095000000002,4.515417500000001,4.104925000000001,4.515417500000001,5.182914000000001,2.949120900000001,8.732274289471409,14.160584930589412,3.855060000000001,4.4781,4.20552,3.806385,3.1719874999999997,14.550259576506972,24.937909789070737,25.41520635164112,20.916399573533774,12.660841659905412,11.53752299017367,21.897478862861742,16.258822506697072,2.482425
3.881774386813679,12.347966177817694,9.715725550165812,9.87717293154618,9.335280145270678,13.239291018708586,12.30205846817787,6.085024992443628,8.153652617472426,7.256928136361162,26.327345501296616,33.37116712624354,68.29804340759647,32.24900979851907,33.75855989051904,35.86817749203634,29.76126602012993,19.081933224915616,14.200875239423274,23.65012456427143,22.86821579954897,29.97712430241556,8.32105985609067,8.587316660914075
36.25943745017251,15.607638613712982,3.847921000000001,20.418004543916343,8.656300131642142,7.272296835567394,18.36870461673576,32.571649534945045,35.946045804946664,37.05178673680531,33.97610621507297,14.347943516356708,29.36598863741484,3.391143,2.8259525,7.4519453307180195,9.90625701866128,16.566746739173585,12.780010524115315,39.29680396905312,24.00361353199359,43.85539391094465,41.963042371363485,13.241188092812214
8.608375146503878,11.624458494332378,10.946185799399217,7.425487824843607,11.04803906486135,4.269122,13.949350193198857,3.588021360000001,12.85069626702375,24.60758553541995,4.250184421923816,12.052406252576016,8.819331375390535,10.118865658289383,5.714382175451496,11.776140794913362,41.4731967011867,1.9129178406012253,5.053554216128157,15.721490419180762,15.409433867264784,23.62692030888877,30.500320473963686,41.85717052785772
3.731750000000001,3.926450000000001,3.926450000000001,4.104925000000001,3.73175,4.104925000000001,4.711740000000002,14.683715074716623,22.472884039206573,32.44238720904557,21.73114696387536,5.671239393935783,3.8232000000000004,4.613021327219507,9.562065704782757,19.810258956037522,26.14887269595185,21.509094872524607,13.03334495082496,19.13963835270168,13.94806024266077,20.16887163662188,22.46289935262946,2.25675
4.104925000000001,4.319095000000002,4.319095000000002,4.515417500000001,4.104925000000001,5.2668275000000015,5.182914000000001,2.949120900000001,13.984768361002397,5.400130826390502,3.855060000000001,52.82393833081757,4.20552,3.806385,17.7379325102469,13.597030912512656,26.40056198528829,30.81586000125677,46.09724367894509,41.34639024040202,18.16323282765625,26.885399121198045,32.32931821013513,45.812209202959934
17.99650363031126,9.163521628093196,10.247969392601629,16.807476238558557,9.764191479107058,9.553289684185488,48.3726827300048,20.228164044271956,26.79614848045668,42.85638779539814,8.899208935613823,16.668571476256417,9.463078847941143,17.098740294058207,15.488507274520263,5.2521777940535905,8.478107877226446,27.785978502997747,33.562339591354025,36.25789344443935,24.301373408480067,22.21811076494945,25.339928131010296,7.963955397001942
3.88102,9.552762630091037,5.575122899115739,8.167660940870674,16.69868815852107,9.98697911327699,9.971700256993504,14.961517851981313,14.43758647876706,16.193438735544017,22.28686583284352,9.90444209581189,9.30156301171899,6.227861335330966,5.007308242266709,7.205690602254408,17.94938916002439,33.05698465652218,32.41254254254261,29.37644631921804,23.316165389409747,27.995193145340163,23.48152066331134,44.060037351150704
3.507845,16.199458486006883,10.436854793758512,14.49878566846719,7.145220560546175,10.00536270298144,25.545149137230677,10.152105652368812,23.18876049639119,9.095796305464289,13.37421655582934,17.650100820121832,12.690047163514,8.434272691769474,14.478455892716982,15.3507754788305,15.006400038652606,38.5876324322353,4.760083239654479,9.190183285484764,11.743451431927848,20.15335910655825,26.916728573317524,32.18002351313825
8.916823699613332,12.057643170941404,9.130497998307304,6.820038290954988,8.438668363284846,7.608994595896988,13.56358717684844,12.558077920888778,19.861036733738896,35.92099412562357,65.8081383319901,52.38647232822778,23.92888983323108,10.626307617967141,11.968489849940232,47.82105684447754,32.684287833493144,44.6935699706596,20.496654931174486,36.479889001111005,21.556570465623206,21.88513451213685,5.544160496330683,4.913422185979529
5.34488087635377,7.247507038093825,7.247507038093825,7.317209806461211,3.5824800000000003,7.576939176188995,10.646138788985454,25.57881236428886,16.80914777390599,72.62097793110595,25.637658323258325,24.55737798344941,62.43136959445299,9.766834093565791,5.322643222942681,27.123562601218055,65.672896599333,47.70031816430727,16.79934563663586,21.631211958424984,9.876913568114963,23.976523422687688,24.87112955961108,17.75288831267276
3.806385,11.548924136987685,8.921156526123369,17.740173878446374,16.127430798587607,14.082028165710764,13.551380706952278,21.157478328883343,18.54645512010581,11.937515054993604,12.149158341508354,13.332756460073108,13.025779782044877,13.28347775229983,4.864245669986092,12.450018179765964,17.931170840237037,23.47839528960558,20.47846750504161,22.257576430171724,17.91172425237605,20.28709468240888,23.65908693973117,14.64118733916121
5.751136118807103,8.423613514642453,9.63069977768975,7.272715096031717,9.583355946514349,7.714767540439666,7.884417914321891,10.460314126095788,6.835080046674992,15.397022952732312,7.679168079563572,18.19215926483844,8.78977837222484,6.130718510704422,7.072884322082442,3.7164580083505845,4.38266976361554,9.457430599967273,13.476008262218016,34.885949999955265,10.929019050265726,2.3792506723576774,4.220106661590362,22.20890866415432
21.925023090762345,11.594526213623618,9.565963229883376,11.897531846241735,12.304133282002624,10.64992420874694,10.839229466608703,17.14368925185221,14.74081030632982,11.09767353044406,6.580541192146745,8.677389498894279,12.455858246398334,16.520067407707856,45.37413149781608,25.595398681842653,23.06770531158793,28.41038512751018,37.34442469332764,36.458979464892685,18.21625429783741,21.33566945804516,27.787930360172894,28.59284512588585
25.274064743533746,12.340621260220662,12.963771128511462,12.608344672140838,13.17974748448051,34.35273560411659,155.04515059591293,28.90824038723381,6.063407248957985,11.890340396902731,8.68553587157994,14.06561253500556,9.841820463243248,7.708574815628596,5.653467399453831,8.223538458958398,17.959521492724438,16.559176931750873,11.997031082268036,35.86901831252475,15.58455979941629,23.949811594385643,23.031033431131185,17.88365124757017
4.03029,7.595573884255782,7.772153246585034,8.125432939611624,7.386757217828749,8.125432939611624,6.406369200000002,15.681992435974012,15.52962061338726,5.544660950050552,6.779520491732432,5.31208015031693,11.122614660358854,6.849538511077566,3.3736783759231295,5.9256124033068645,4.623438494977357,3.295586959219861,2.145740146045986,2.413860258922182,2.605207082387241,3.2163050399842485,3.330096226651792,3.452190166655728
5.998645598590488,8.967417568779188,10.696499282404984,10.764247281245796,8.898044316899075,8.843471026579246,11.033639151019544,10.884361956256194,7.574303845311098,5.171168592381796,10.046161196002869,12.196946610806917,11.454523773627365,4.14501575480161,7.855618368558126,5.672975268137889,6.393078112630632,3.9698446758958887,4.079143548693327,3.103938307754122,3.025199639827005,4.426470176370145,5.4090806708795895,6.761350838599487
10.380281459797173,6.44071592201052,12.50463342846473,11.448907094575809,8.382408813632251,14.702253775057263,13.514195407068106,7.159314596898271,4.581336416700258,9.939038779423088,11.022500473714327,7.377353328019739,12.024545971324716,14.373890524824713,12.793938864758806,13.376583729021503,31.068819760170225,5.236404187545097,3.6259458021313735,2.304127923338007,3.477090735001682,5.110432037813006,5.678257819792228,4.6365656878589645
45.97077342242164,10.59706911187457,3.690863000000001,11.078754071505228,3.5078450000000005,11.078754071505228,36.84693602613934,5.12609973271514,6.550894219558237,18.62828046606132,20.65486656797188,4.793915624441677,10.057000262040969,5.263816773182246,4.853981930420288,12.177330265613987,75.40551677113557,27.12717907367256,24.825876133658024,40.764716170149285,12.691522356642686,35.33138631877545,7.322191085401775,5.57459687786886
47.93159100159797,3.455276000000001,10.127139902393612,6.929781471887411,21.688387666655363,11.493169619561842,50.59190092917844,21.41528611503585,16.980847759835022,16.783665344501255,16.57985898236551,80.74854446314927,68.62154006061638,9.780985352211827,71.35128487074934,67.49910398491895,75.25333802750552,27.01023892879889,29.994106784765908,26.185304954378186,22.16809570991487,33.75696298893489,26.607173502762667,21.7137474064326
2.612225,6.919646285552307,6.54045253232028,3.269877332924394,6.216132572039933,7.23417566216832,8.303575542662768,54.23752927221443,27.09551029406146,69.64306845549841,80.82773592671012,21.69824413130731,73.6108096354718,6.098230723480731,5.081858936233943,4.730780475700547,53.03203364039848,47.19032841707893,21.962293399463466,14.284055711904966,14.43181534741598,20.369683747597428,17.24004501532208,5.520666622420701
8.086085653158289,4.162037,4.162037,4.3512205,3.955655,4.3512205,25.83799974161061,87.8334289391712,61.88475627268254,35.72132947642565,35.62237015770949,18.594096494769165,36.13134106586777,40.731666433684886,31.65901560667502,18.25168408967441,57.87321528282832,88.28018624422853,17.378698315832654,7.617275682601885,11.370949890247738,18.08860068883084,13.785993372168551,2.392155
8.531899244288466,8.977041813555694,4.319095000000002,9.385089168717313,8.531899244288466,10.598477168717311,40.16678742884373,80.80175001513088,9.822650839901726,12.525135997096909,6.984763538504101,71.35326891302974,119.48465820409538,31.51253493550928,15.14481000788571,99.50909582068049,26.847696686529755,32.13288108543794,63.80648876112372,25.364010977405847,20.26384488471924,39.81099541728555,22.25023681125896,18.2059711930626
4.38449,8.737112891995114,19.828705486310387,13.847846585721824,5.515721174953117,14.01124401496667,9.141589527518724,71.56572288764245,21.733797545402325,40.65061736114972,14.527926717480453,11.30269601360249,22.63591854981531,9.77671908268995,7.935347961021657,8.03392416553108,3.359365538690636,5.682807722535773,10.617145949713434,20.17978114035557,20.379406685303994,21.12321360656517,4.10584579465896,11.581330321421936
54.723080033937165,37.88630792418004,26.46259984996893,21.46849767245222,8.895462487862217,9.902139087403151,16.2671630006167,49.63803012030681,34.462538199145385,31.768657995742537,13.076658705096031,77.54444026983903,16.436211810747828,15.341368322473793,16.500413528383916,74.76696391616801,80.63039012150382,28.85666339192105,36.26594710172504,53.23128945481494,23.53756414172217,29.0072028309549,43.28220041908388,46.74464602799283
2.910765,3.062631000000001,3.062631000000001,3.2018415000000005,2.910765,3.2018415000000005,3.6751572,28.224075848123565,13.531673211924206,2.6994357649052585,2.733588000000001,3.17538,2.982096,2.699073,2.2492275,4.680812240327456,12.019936274999996,15.277914165446704,12.408368397371866,16.777405228573436,21.520605130697646,7.496749121604346,1.408212,1.7602650000000002
11.387422839781795,10.032453872895111,7.961511445165757,14.589376934751783,12.769428866015572,6.230109091069099,30.397481927712143,30.782537111138858,14.53536503153622,37.000943950802586,38.288301198780914,43.10904387325454,31.403973790081558,32.38835795673643,23.183617240867274,69.55245594536112,64.96530446561151,29.633047979873638,23.66937677015211,53.91367185999309,27.162598496992725,34.06705890899584,19.203506508972804,5.043447122827905
5.662750101105297,9.067165222037636,12.185468072387051,12.73935298476828,2.910765,12.73935298476828,14.62256168686446,4.974459986457817,7.845756896073818,45.14944027161305,19.416689312417923,8.135660350581789,11.865038784232615,7.017572697119081,8.949132262027302,7.583708002243078,6.718799442141136,5.16694259586218,4.625140431078679,2.8442206510805885,2.739889573842207,4.867898139877178,3.657049742425097,4.064602783047732
6.230639990976996,9.456408185712872,10.99174938957415,3.772164501920497,10.857182660731343,7.825089022888494,8.200806286017867,15.7009571573899,8.739824707566068,28.2634466489221,16.946009870758505,51.609122486622674,20.547674971076614,13.876745431158863,8.699232222118399,10.582101168315548,43.61870769285082,16.67561425401565,7.513374166618507,13.834073583019451,12.146441379495297,18.552200435755413,21.886135950510408,34.56929403111984
5.814501768017792,10.579038744135511,9.840207084638331,6.395951944819573,11.458849068263929,9.00013103027075,9.788764039905558,20.896586982049605,15.327586897696351,23.30190774071833,26.64723517785072,44.39269031258823,21.53666227485587,41.39419542179634,22.699108345643115,17.389977007589003,27.02435681449803,37.15038839079084,21.605055359423996,25.523135276632715,30.584005571330284,29.60991033109841,22.79119923642325,22.37899684667428
8.07928727039543,3.787350272352554,10.149782988297094,10.611136760492414,6.854261421435196,8.037903846236894,22.42998645854091,26.162373339032456,8.484566238662998,7.076611115560626,6.515136937060514,5.999094234532288,22.924128210782428,24.576564171573434,6.353121268873472,15.485856538274641,27.31476805291549,27.073507752859086,22.198530570810263,21.692498921761945,20.0109689315167,29.24486370267136,4.927503446180945,18.64305793090797
27.591319271193917,35.82738746234531,28.69985475105857,11.481893407226096,9.233426987378106,12.041773240234226,13.821861458355809,7.823972751685918,7.932545746850696,20.40088524072831,19.933775778546803,10.364375489766292,9.535628600501889,8.420961880984304,5.576568640872518,37.581519474660375,73.70382785618838,24.14412038248569,22.95684539970521,34.0375454034671,40.69359125158607,30.01858791437248,33.13773526246246,6.859311646581214
8.968265411387772,7.91736481199614,7.91736481199614,14.365805983249787,11.627778247724232,7.61752014434147,18.13954477075982,10.85942935883118,26.79816197519466,37.046935786552936,37.23106158186516,39.48422419074775,86.43137474164347,72.1724489257063,18.90669724861052,18.074182338591875,22.744744611276,17.845579380719826,15.902350291734882,13.640434641208891,17.58010377067857,14.46839885499659,17.139326440012717,11.729693466227337
3.43321,4.717645693215646,8.309908696166492,10.132073235989957,3.69583571223099,9.554296669081776,12.781439175223252,22.778035174825995,19.48109623476396,6.243248071952277,8.6503075848768,3.74532,9.436699183501963,8.541086529512192,2.6529350000000003,9.583861679495445,18.3190413502071,22.453082293631752,20.279477127895333,22.18393816231414,19.498146101440348,29.328995516992247,19.159324037325728,31.889406558568325
3.806385,4.004979000000001,4.004979000000001,4.1870235000000005,3.806385,4.1870235000000005,4.8059748,26.91242532274084,4.068499447241723,14.528876020187845,3.8874684308885903,14.124120694248036,75.04987452515702,7.409267892868074,2.9412975,3.2768010000000007,24.04703445627717,14.616855510078135,18.448400022296223,15.545221894862852,15.840415758979251,18.89176435420631,27.35658230091404,15.87952782375009
3.955655,11.522490016851094,8.406650832570019,10.46782727318658,9.516206611987805,9.78726098053684,8.328191674597871,14.899967080773424,29.4990731525398,20.56775908410804,16.492698780329956,29.978797167804395,37.937477521900874,47.16272595051678,29.751340900286667,40.0400433570465,88.26006369403137,24.505319738783125,13.162003191797949,9.722872724926392,12.964775276522756,18.56681851231033,4.852072609569452,4.701491113722327
7.501845499559033,12.699579969466573,14.255765175403974,7.401988433384033,13.097040404438092,18.28070690660433,12.633565748246555,9.898821954197563,41.051820435832845,33.65793689994846,31.62949897370328,22.689835051809983,29.903379773318008,12.259866065097981,26.653835765981214,29.797133409338578,44.85920235090818,53.01420497006075,34.54187225562589,34.87029562563906,27.91029401796128,30.71220565443919,36.42092101728401,30.359389350081816
3.1346700000000003,7.107530882983479,3.298218000000001,7.430600468573635,6.755091335066941,3.4481370000000005,53.5302611011693,71.27937041150447,28.71277956610661,19.95809880241572,3.62387357249953,6.381802910509315,6.920631122724707,6.26381196524389,2.4222449999999998,12.348819601156622,8.259346010148237,8.553258639396798,16.10253707465845,32.30027414978822,21.8514032462838,26.394153859484103,28.89882113486844,36.73012259182128
5.851368319147254,12.214082653012518,14.3696851416553,15.022852648094176,9.038255377654949,15.022852648094176,18.52333963570953,41.99939826524345,9.252090738313866,4.376749244480493,11.543162116665222,14.898696841085128,11.19326133975247,6.059052856912747,10.553243595768633,11.75701511589979,6.410947046550629,11.650273461822028,19.9380788775264,17.35393049028442,11.24473140360971,26.71551981340688,11.473880734228995,4.655869630442382
25.52857289201795,22.626144216262148,13.82583078000932,13.36298121145308,4.921438670702045,13.473907191391143,16.072515459755774,15.527573476903262,12.6168841827882,6.894489602156109,5.367999424456079,13.90369130825222,27.056656483791627,21.290277051437084,32.131126638578756,97.92439630530592,62.4285067169754,28.4741324539479,26.049190261797477,21.6314732587324,18.28097128445616,15.897116089622497,20.921038488621903,21.90220846553959
7.301636962835819,10.170789172673151,10.71065176289463,10.728795890492268,14.17063654388684,23.09767201497642,15.120696299641548,11.54140804479534,7.938969703583356,10.595691933588515,7.867826442880045,16.574927081178153,75.7000535820812,23.59453193040253,14.386761655119699,22.73444531804614,78.07334459461497,28.437070825018605,48.00599867677126,34.062615810235826,32.57529199439303,38.28788031286111,70.98640232213188,27.15618083535684
3.806385,12.659851967960314,9.621618148684163,4.1870235000000005,12.032090713350708,13.23529978468578,12.725624487855804,15.782626920593884,37.64526585520464,43.2991018560703,11.299702582972843,9.955824407089509,19.595339734575177,12.863099068798228,14.03221128205937,5.246271870317822,10.093792767876044,9.2665037750107,9.74153584374559,4.524818851039827,10.114575057838088,15.41452149510252,19.411078634943223,27.11467919121249
10.963778785107724,2.7485150000000007,11.535802026069868,12.060156663618498,10.701596611631444,5.71534806549244,5.284418952456853,6.2240598178195805,15.132902492657395,14.23338671666168,4.879506648799869,12.043285947390244,90.25347540165136,38.34016474731814,72.30799671006363,8.761269514810511,3.7385731977183942,19.68235545783203,19.42417469002713,18.96592405492576,20.21900800088296,28.247087872542096,28.95823370843745,15.19502787910368
9.172253737574668,9.650806106491608,6.867157053245806,6.914738868787334,9.172253737574668,4.269122,11.580967327789931,6.589666119986253,6.050849970828656,3.2865183,8.613942640504906,10.096756806772705,87.1863371454777,14.165804768203522,7.087650615398607,7.067920980378681,3.633467990353772,7.744904216975306,18.241807867338487,24.368562315031426,22.761271396802464,30.632028613161715,58.59689264455283,47.18389492436613
14.314429857412335,9.58549077136618,8.067235904693764,12.428757750669426,6.09461800441202,8.433928445816205,34.514245999628564,69.7295131846972,15.281910286111357,9.568089127891376,15.277769772879552,15.378399119939925,5.047771026328357,13.273380413236893,8.73094552732976,8.440896484201438,9.06969094378337,24.082223447091533,34.237951164581936,52.286506135663714,31.417301672156903,48.1473498462356,31.373268128722305,34.43749612340607
3.955655,11.37217140872845,11.37217140872845,6.586670845056135,9.679246756889867,10.398788060905952,13.646605690474145,9.696208700571596,16.331385583535777,38.66471012495588,42.03426372119249,32.11235012496264,24.965052715677782,18.139533227032043,14.289931253366301,11.78567353973213,20.560790286017685,18.87501557154633,16.730379108661268,3.512226892349612,2.111843351908089,16.673561325875948,30.73458059502204,3.074919208874494
8.250841977588927,10.60536283601502,8.625058779168304,14.448987019763791,12.845887797321977,11.104627371312862,8.473265355991474,8.916893087993785,7.721703500565917,9.039128389376806,9.323030871978755,8.443636980571638,10.929756677917833,10.471749517716,14.278975412742577,34.408149360348396,33.15008409380445,25.247243102089048,20.92384515034613,19.59828631617161,13.019155162854164,55.73772049497037,26.022218965212662,44.84341950587767
8.088087689225357,7.602304717116631,8.117050300457906,11.49881125552974,10.82146776786114,12.829480172848807,11.91030992192372,7.667736674314074,26.51195755335565,48.80433246148089,68.39541848792476,12.042313366188797,12.525857116283431,7.762303385639002,7.525219638083299,7.483533927660372,19.52676952365541,14.877784599757504,15.520975017005446,20.941348788198816,52.4135992829092,24.533926785357988,16.91732383082661,5.148295692339016
10.182967900001652,13.0040115981293,14.134836749059254,11.438116349779415,12.121336349669058,12.153749074007132,18.59019231621025,7.472967840741592,7.100625324731852,9.511971190391568,13.827415772387782,12.750130415025604,13.5785223179706,19.693302701763635,23.097524683062563,15.325552280279389,8.129789194432147,5.913123979571146,8.235087427293324,32.089750977386764,27.93482278716418,30.514970598660984,32.865501389869515,23.46926415959141
9.226528043671546,7.613616296758757,11.86951876772586,12.195481264831582,14.859914193518437,11.547705075004336,37.30785882328825,37.59688975789543,52.61636983182076,45.04135613840389,26.140768068834344,15.350446500892769,17.605362712743702,29.40210205837117,52.981917446747886,22.058558600797703,51.31396361031455,35.50865438068887,42.18163915878909,39.538467103447694,24.806033786587108,33.16919738211704,33.11202635764514,39.34868105990432
3.657115,8.87935763944678,3.847921000000001,9.533447581298852,3.657115000000001,8.281033699185478,5.76754786044498,7.489769200528941,2.9403219857607708,6.567857518205779,8.139227974547635,5.728443354162025,7.479406393029528,16.75137861954541,30.34890651371553,58.80211038668767,36.82021525442234,23.566588051135064,13.707822922060748,3.560098316067137,3.056650069350572,16.63783738009941,18.221673545512093,22.00065955106384
3.806385,9.246272768498544,4.481460251681686,8.919348658747651,11.245075214016175,9.666557894339384,21.766365520473705,12.243018919339823,58.79669571899455,35.927342250697954,25.526391561965628,26.821350750587,11.721319222630548,12.082945076919415,26.159850561720624,19.014351306339833,26.702487412476664,16.6431327104834,12.886715354251528,15.788098650936996,21.07871910259134,22.77455711662238,12.26834817973178,2.986535934516321
4.17956,6.434054000000001,4.397624,4.597516000000001,4.17956,4.597516000000001,5.2771488,8.48791728710165,2.83146192,3.5393273999999995,3.925152,4.55952,4.281984,3.8755919999999993,3.22966,3.598056,40.97630671177737,13.83503491839996,33.22228781248443,10.901530146013531,20.46897398098539,22.670691423445547,4.380114867735974,2.52756
2.68686,8.777846469886631,8.777846469886631,3.2383320677838694,7.828424868797615,6.0661927456225575,16.811915253763832,19.173230408755007,19.804460576324185,7.064649575284976,33.128203519231974,2.93112,47.12229656608299,57.07186355075382,12.952345723749433,19.181687554590997,25.779182504256998,27.512837923586325,27.10490262306136,25.550701374854988,22.73028759464249,35.373195710517955,28.041255261930523,8.027390821487081
8.18635305551244,6.214607246355855,11.215740374329814,3.7765310000000007,10.659587959073791,9.004988361063685,7.457528695627027,7.658218758075443,16.194623600745302,33.98031684810527,14.848307228132226,11.328855360982148,6.574458253788442,9.592625131716979,6.3258182701687025,21.808181941917123,25.02678215641069,16.165862288379554,13.241482272387168,19.00687746557561,11.901595144211829,31.876484514996665,12.842835406987644,7.252511960776796
3.731750000000001,9.178631194141394,7.746218141193743,5.352860614310457,8.723492457241818,9.595841702966,11.78608038002202,15.191585034689313,5.52350237507845,7.387212021746138,8.192497264192317,4.071,5.682861724638275,6.195494834009359,6.565550738089523,7.509789158842959,2.33573625,10.253624086180254,12.742939483073474,13.25689665159451,35.7298816861802,24.855928493620027,17.242107026791054,10.617599208002344
6.375005577980904,4.705829069397453,13.861502359820534,31.08670743255328,12.72088171316532,8.482026201841718,16.659261353129786,27.690568908339504,7.808150115538973,15.200517817448914,10.540064172900353,9.965880948582951,13.03261873538518,4.05608857463701,9.090943816637127,7.675370917349685,4.670634914196175,33.73712734999388,25.008191040471363,14.901200741556424,26.341597166427093,34.08388298550664,31.18888066929968,45.70563682597496
6.8024032631358,7.157311259473321,4.948428066762994,5.500177794724691,2.9854,7.4826435894493795,8.588773511367986,14.092749053145033,17.85537720102013,35.43596015429617,31.00861633282905,37.393643644552654,33.077353808665215,89.56807700578813,18.369280629951778,58.94034281313994,14.50549436488979,4.833364891656298,38.83354865734288,12.982437733730778,12.541104268234928,17.363588165939433,26.354085243807333,18.894836756774097
3.657115,3.847921000000001,3.847921000000001,4.022826500000002,3.657115000000001,4.022826500000002,123.54137639471024,33.80643658696848,42.4537906206292,29.884882783166525,20.431974833829727,87.62783948014207,27.082169965134828,15.769301470491248,56.249822172616106,26.71234133825639,45.11819378031115,92.30939441888356,35.98694036790732,27.912439146123845,26.81410671935224,20.84875580039612,9.712922873441451,25.6401556529691
5.731798979290879,13.936148181770486,9.511658982686289,14.970573056949554,9.142753023758454,20.80491522629815,26.677350801358525,10.521470567580254,7.496055877215514,11.611874427835277,8.79672824405346,17.301707553638725,64.17576317045868,20.290740898841218,21.15866247806855,22.505945312390793,17.521728271665193,16.829701195487164,23.122549493911222,10.963474979579468,4.411044487940567,6.662333431327072,6.982094814306179,7.087404074353993
8.36580985604769,6.982035159874018,10.602451368093906,11.833086523433776,8.61897522506865,9.267035131588404,33.654428994204494,12.65976883611954,35.993696782294194,49.26630264232429,4.515227684635837,10.59000380866673,8.929006801951513,27.91681663840092,9.193977521714514,6.069801810498773,8.458950906820554,17.283518713903796,10.12757431751543,37.59195354605305,13.080158523342943,38.80762926002864,14.165239451593166,6.505433841485331
3.731750000000001,3.926450000000001,3.926450000000001,4.104925000000001,3.73175,4.104925000000001,8.928348000000002,12.682089662889563,22.382725452809066,17.463507558880885,14.795930175973394,4.071,3.8232000000000004,3.4603499999999996,2.883625,3.212550000000001,2.33573625,8.961220886400808,13.747591373762056,43.610998519990034,20.58144358464024,29.062988551204946,26.97902791750052,18.154596456257742
3.2839400000000003,4.296987395851175,8.505544375107045,9.772131033274498,3.28394,10.065454701525669,11.553391483490328,66.24468160646572,44.43730824152191,8.066923611940007,7.8421520889438225,4.164279011407272,9.374652743929042,3.788135699476025,21.109839387974148,23.039123333818118,10.765572551190234,17.208638126523567,18.01976854151709,25.7377239680032,15.294802419143862,19.290118920860948,23.69433971357677,24.92536709466999
23.258086284363674,62.45785415633511,18.13156627061374,11.564273283681327,10.526762411428155,12.820675568665228,11.537646663674666,6.917417979115418,8.986975078744166,10.656187553216542,7.490934488541247,10.007769503572604,13.590888587892875,8.085003132523786,8.11727103553339,5.327162463051324,41.66966011418651,25.83889392453466,16.0856871401121,13.696427129422393,3.706808621752052,5.47917394040624,6.417919610949416,8.02239951368677
18.9971229229444,25.99229244990291,13.025615362619495,13.617688788193105,3.5078450000000005,13.617688788193105,15.630738435143387,6.490780300072598,22.6966380335302,6.015936689742426,10.375342425638667,11.277576297614583,7.965044128610369,9.153006253336558,7.949321647434738,6.764554562214649,7.225144715910339,2.9081883356469707,4.676844767499439,3.143557156595743,10.993885174661852,18.02586055885993,18.52568087859738,10.046045330636357
7.667475945336815,3.926450000000001,3.926450000000001,24.93171445128869,3.73175,4.104925000000001,4.711740000000002,33.20260069247079,59.21342007903519,29.06522844331417,27.92153263443451,14.907687114539332,8.782064995600741,4.988374549781867,23.42659783872892,33.916703502541544,15.216091000057093,12.064109772493495,7.316255040190351,11.548406157168518,23.75977318697996,28.094529413329248,38.34245753931996,55.15544887087246
22.578065971656567,20.116074040455697,10.231709283203896,10.696786977894975,5.4051754119062565,13.412407694000322,49.176749583664765,51.98797620999845,17.70076308552722,7.942234368696799,21.54439211255944,31.58694056997321,8.413898436006809,16.60984898147414,5.956617127353403,22.746995073013622,26.35055654373429,22.361942139053195,24.709320951478027,29.03013218317608,24.26124253918909,24.77101227186162,26.53704698686676,32.554835407050064
6.6116390194278045,14.708991960844184,11.230933215796869,13.333339976110867,12.576116895114795,11.132944169842316,15.73121507729151,7.29862456594583,7.7539725459629745,8.484950168402724,11.726411121112523,26.121283526083584,21.686685421636536,26.1022564847612,19.836020512904728,15.66905253116937,20.4532441574466,17.6242433757394,6.116600425166217,16.149433751629015,12.71204782910954,21.673911734883728,23.760982851311816,19.180634672376343
23.68399103728108,8.317473732629649,11.214463653749378,12.550213260148157,8.865250056673863,9.75177506234125,6.025077314543535,7.127263500292888,6.718246057078154,9.661589794899175,7.423860852264479,9.988968083945371,3.440879999999999,8.482617266671785,8.48862467749583,9.821906029681168,19.864428111673718,24.96107732427901,40.904319853694446,25.85858244594289,36.51029592120864,41.71529478971803,32.993794767721624,39.09318444525449
29.91440010128615,25.523037245673645,6.715580086328008,6.373955044961733,8.342814544359403,9.177095998795345,10.533710189921614,23.828728745043502,14.40846452838286,5.680450856801093,6.914531266183345,14.481600465029636,25.284245086591028,17.856565113067028,3.114315,3.469554000000001,5.221843467083135,14.966463298979022,27.246923521632983,33.053373025814594,32.08233116534636,29.543178540545544,12.70158861234244,5.045259388486122
5.114977096648482,12.426252183554483,12.935582924295575,5.0574441019885406,12.055263574829846,12.1222390099427,13.109748379589766,16.425181386312453,38.63174605958036,36.15635798997766,11.259330666691731,11.326980192733451,9.115659519396358,21.917053287913824,21.28681078780981,28.102642030703457,23.216317754755615,25.70862691818996,29.167440203761235,22.15314293677042,21.454577508244405,36.99821843608285,23.28284103605657,11.214452515616143
3.731750000000001,6.453803938232788,6.0325782818606575,8.50864777116319,8.135472771163188,12.505514801256076,8.650263150586232,5.844806611769588,4.677101820805606,11.774977296368716,11.69880015549049,11.505287090415566,4.927726008023746,7.5438020241695005,6.476039858287987,3.6817902813112657,9.806921743877393,21.213956998282683,37.435524234648376,24.67934399582778,25.87091453482251,29.36773679021548,23.824835972222143,22.65303926110382
4.17956,7.148855776712432,7.148855776712432,7.473803766562997,6.794367060511815,7.4738037665629955,5.46056425178083,4.672579806295544,3.028285578736708,5.3845492006566325,22.62956650273961,45.29988323576117,10.461397315762216,14.595132916786413,27.017165313001254,23.7114972022596,15.062752197113872,14.371612216674873,2.7134338781576184,2.790960560390695,1.474072992,1.8198432,3.2167977873326703,4.108846483234418
5.954966681568813,5.739754696542345,4.950895848271173,6.825368705941403,3.955655,6.413010671617839,20.558369635845438,105.23547943371432,14.328906791322105,14.307929791760932,15.752430666456398,10.142228746921363,35.272947238143196,33.56194585214083,32.501454973084606,5.018877916918309,23.46205564850713,40.43940753242423,32.49805027573349,33.2516232546066,19.627373578602374,22.382976159058096,9.241326025356452,3.752358648972456
4.03029,7.248541903617031,7.248541903617031,7.578021081054167,4.03029,7.578021081054167,8.698250284340437,8.930007898155692,17.79232061026484,3.41292285,6.4697729387656135,6.302560049123739,5.292845259867845,7.070679022746334,11.195955371501041,24.200850822989306,55.00730750810106,22.80744151163503,42.34379640472661,28.4352488207414,50.60223325043457,16.651530433507837,9.700175593802204,4.070094350385654
4.03029,6.876244589501757,6.876244589501757,7.188801161751837,6.53527378341076,7.188801161751837,5.96723872983392,19.43999245609633,19.22630671927345,5.643173616650404,74.83488271233989,33.65436419177554,27.168843877482924,20.635430332994474,88.95706834027355,26.209022961618178,33.762758185363616,19.572773751084437,18.340647283078106,15.779698717458976,9.064039882058378,17.17117990615414,21.29933670637693,29.35985614661904
8.701838083981972,5.357675324430472,7.8153158381775105,9.57202189238017,12.281658586143166,13.12034689238017,12.290344569028726,21.90189359075677,40.64004399459408,37.090212410747206,34.30635738779946,24.24052792998919,16.959408535140014,22.496553665718917,13.158180086055381,10.480970079417645,53.01200180678399,33.03042786765516,58.33037412188453,22.996020172972354,2.320113191487915,15.07230373571605,29.334097274163103,3.978246213113709
6.999337565778486,11.5101468666346,9.892392369333166,10.169321725382552,9.607219048767222,10.392040375517816,46.84524516890188,56.26095234358517,7.737555805668027,12.168929817935076,8.73761303313873,20.34813333201339,25.528563291873745,25.454102647945337,28.265119426600755,32.66090941078154,41.91257766237256,10.257975750667944,11.67023763168331,3.511890549684272,4.83878105622854,14.191539472350064,23.22175209833342,24.27391739430709
3.7588656766382895,3.3767470000000013,3.3767470000000013,3.5302355000000003,3.209305,3.5302355000000003,6.6695001535822165,2.30567634,2.1741582600000005,5.82953923866551,7.699191377505139,3.50106,3.287952,2.975901,2.4799175,3.4318555331288545,22.54978975952797,19.563103770332685,16.092804805799254,22.48822813321475,20.81275395315261,18.70950541034871,6.032887400483305,1.940805
4.034839692097508,5.808843988544653,11.892668535095224,7.162588145229028,8.576982724446715,6.107605965157144,10.101893118894864,19.0262720195832,36.22020892115928,36.65117965684812,16.67445267861093,50.45354591082543,6.6710127461134165,10.480916748059125,8.734097290049272,2.762793000000001,7.074618804939908,9.3632957476635,25.18513596230622,50.87383266943424,19.64871933237187,49.10980278254883,36.27620397060832,24.762836245395512
3.2839400000000003,8.446161677556523,8.446161677556523,3.612334,8.02734374313223,9.484083117445453,10.075473839333595,28.16360866760714,17.395969529877473,6.797700633388792,4.958593011768316,16.049189909579603,15.256175975579461,13.411227235511591,5.571154420414717,7.0306508136639,15.695794245471458,18.281069334843185,21.818284259303283,14.913343288294657,14.134896269585228,19.33664472305741,25.357650414624093,29.31741264991598
8.189552979006102,8.051789566287606,12.906373781022058,12.224215351308375,4.7291572061065485,12.93454236654084,16.758918379026827,26.05633178506573,38.15531179901653,23.032118751808177,8.658883800615254,7.291012085549971,12.566987543354307,8.563291484453902,11.468235282510612,14.271416859922244,24.23188771211277,76.47684148178422,61.9925579678237,22.19934254072076,20.86805745630016,26.59517603862293,20.239310532606066,27.167789983263585
3.88102,4.083508000000001,4.083508000000001,4.269122,34.52331537910495,4.269122,4.900209600000001,21.340956758828483,22.22480897347392,3.2865183,3.644784000000001,20.931357970722967,7.981051909884883,3.5987639999999996,20.11156941068848,11.019566548616949,7.450679196672076,19.72917275960849,14.588097202958568,19.51071335320825,20.48770169751908,24.730441480418083,25.240063276240875,43.29304522728078
3.955655,11.19268681495536,11.19268681495536,6.799433723725702,10.637677551403854,10.474602098515104,19.384961541774206,21.959484152177392,13.600221011015378,22.647199609869748,32.963653415709295,31.713900121183062,39.80274643693157,14.55812208029451,8.220023562448432,7.105788279957715,11.898736722911254,41.49792067835544,19.91464944513151,35.581792750714555,24.53224672448197,29.685565770455835,27.34851780419272,31.33898704153855
4.403465,7.11684434866777,11.899047009080263,15.62929261754646,7.994637200430887,15.62929261754646,10.909133658578462,6.961139355071178,9.62557756908729,3.7289342249999993,13.078332215597037,11.582482509493367,7.965951432231539,17.701288839173017,27.19441208261316,25.512161001583546,65.8593302474243,22.82376346820659,2.32258617394475,7.771392159882345,8.545021262311502,3.4809851146223973,5.136579199862278,8.592460547914511
14.439398169931492,13.54714421804741,9.76227683354676,7.032298174630286,9.983717824724188,12.639004246763225,28.744780644803285,62.61661711198402,34.994581245283456,19.524948817536927,10.410863258439244,33.07206837662068,30.326360542687414,26.690384569670726,36.23801303521851,8.22321665532172,22.24172627010245,20.40436155789628,20.02890221464821,44.602330171593486,18.58914563797267,25.97420136064749,27.03788667454077,25.91229616264516
4.104925000000001,9.631353228981965,4.5847079114491,10.624514463329255,6.629345232780684,8.68071088408813,10.601417393561604,18.29118389279908,18.74066475037252,12.01158883975666,9.070731715727746,10.53670855867364,4.20552,6.849458844242897,4.732538189355331,8.314837406083768,6.32733884432352,8.243187392878406,4.767031768640599,14.148415778721388,21.783117469965585,63.11067700064249,38.63645363194049,18.69254159932372
4.03029,4.240566000000001,9.912104225080082,4.433319,9.420594924662884,5.241864738699436,10.657098548260446,15.149028262467205,2.73033828,14.547854994555488,10.219939872035797,21.6556752184272,25.423746417719148,100.38977034937352,25.603728298613465,17.787201528040857,19.822254351502067,21.4352670979755,30.84776942385673,39.79953095833555,20.906350162529016,19.5551162356132,21.55774430943441,21.923910576802143
7.943193776769855,10.41520889783125,10.293366182086173,10.407011320643493,6.277767757221679,11.15554810796273,11.703127504396448,20.71507793269369,76.4550719498832,79.20433805193936,56.46436736109709,39.05147073988385,71.60513878978904,59.84699706390736,9.831755151144469,18.10164262572252,38.34144197983554,59.16122261320198,18.16088859182178,24.67868171755451,24.8869051478462,25.729495776166623,22.16687687281826,85.43852409041628
6.914525740168323,3.5684172674787944,8.263781294844483,2.955546,7.854007015761284,15.37426771733742,9.91653755381338,5.50018889037734,5.320732752859372,3.468636638474785,5.831919970566517,8.568007653557764,8.046476752906422,4.451551570441677,4.254098411601864,6.7612756048727585,10.150697691734452,11.848034639601794,15.17720063601532,22.30351210542932,16.070964101189425,15.631228226487876,24.422147693731205,8.938278585961774
3.833646982029249,12.456668934059833,12.256243767846655,10.52703747277808,9.076146068892143,10.812611716477882,15.58225395201348,8.534600288691765,5.305886287357184,6.83507444375641,11.590106245299282,9.936167568701972,12.643752267599211,9.813464472989992,10.291430598265512,24.393338305053774,61.499885559730856,12.487268801543724,15.056468493375156,35.081019085495946,4.35261171812103,3.965826881768877,17.764279016267402,5.80475153354057
12.7899666334687,11.019006310949644,12.921782773284908,13.294556043513312,8.731117719559133,16.413765023862396,12.490096825373891,24.900197430547017,9.31243846198086,13.063643414840596,11.350292906714923,11.24414406968687,15.189240360686998,76.70074569528252,23.456514901129548,22.72547703289356,30.263311218559068,17.375791693258968,8.482600309906344,13.334701745307584,11.73717560100263,53.91054966464874,6.673343700373531,6.123277233615082
9.082970287541352,13.217441585687949,4.162037,4.3512205,9.089479881375643,10.267342506156698,14.90138836639596,12.259524353958374,7.460239482020963,18.15893933442777,18.033903841751314,20.444195546117168,20.77352050716085,13.506807374492949,20.50235923335886,20.165072268341017,20.76741555622085,12.485300578520649,5.95812579548868,7.862015358138199,10.100925521905674,11.208353163240767,4.397440069092407,5.64464032857339
3.806385,6.216540316314156,6.216540316314156,25.637382730114638,5.908282118810973,4.1870235000000005,4.8059748,49.31187380108324,18.54433349452462,31.73500533204433,25.43301379563053,15.427056350517589,84.10602325927897,19.016873767286523,5.67670540199221,5.086260258802491,2.382450975,2.635968250743277,1.520137773,2.426978440582046,1.342459332,1.6573572,2.8583941950294984,18.484886302384048
4.169169133818714,8.258476010020747,10.53543701224758,9.71326801280429,8.830243648003897,6.205196141601753,8.051714408016599,12.416033477427526,10.84073027349927,7.384099080181292,11.798869120820298,21.647646838067327,58.603671885798775,27.35034670285595,22.043745543345697,24.88930105289617,24.662388956638356,26.809748156632768,32.45866487452608,20.623544099314355,21.31559608201284,30.1616205876103,39.26468920519235,35.7296792364771
3.507845,6.209100376357887,4.670177535250289,5.321242117581599,3.5078450000000005,6.491332211646879,4.5969180917571935,4.0485822642952325,10.545938986333743,8.230508237013574,5.542006947492989,6.437684837996904,6.04582576090144,5.472032112297368,3.3270805867492697,4.278915688178943,3.443950075667271,15.904318718295164,11.800530724213615,12.609346181317044,11.109199706249978,17.833940854444545,2.8549732759812363,2.1213450000000003
4.47365388192072,12.157765962469652,12.706470006901768,11.522446977126604,9.518197321373256,6.427398134525867,7.838972973544335,9.883930865641409,17.440061249909764,15.295194875961949,12.072389799317753,6.772966881725009,12.098892072215905,17.9905708188723,21.084222616533847,10.176522531259561,57.797615493861045,5.268780148763312,17.029104521563884,20.61904790201809,34.0616312837228,24.121177832401365,33.470586295658286,21.249264891920724
4.03029,14.076365286077792,7.856663523329015,12.492396782060814,7.459728515432299,8.677154994409472,16.89163834329335,11.0774084776508,5.4694758197025655,33.04035582416816,74.10660709157735,73.96646230942987,115.01252399288605,42.41079507228202,20.012272230718963,28.80262537483737,32.187747073763106,26.03891422608929,32.106260685686394,37.737061049025,29.97153582814896,30.841017539813787,5.29870880916715,13.71470058108159
4.15924033703862,4.471732953298976,5.33113190659795,5.573456084170584,3.614717584259656,5.273968570142152,6.397358287917538,3.640149736554732,3.4325119619205933,2.90730465,43.89340076629671,31.533241788121064,23.153567960188262,22.205444736258134,9.77107567075776,15.918554486151491,23.458719872100986,7.398387069277185,12.80105262497248,1.4848379730987715,1.2108456720000005,2.206151355487716,2.45127928387524,2.6250372804689177
10.29759101583731,10.187187830405769,11.178838753161276,8.156964131562415,9.019969054071948,11.462771776365862,4.640829364378972,17.499101562334662,86.32186898470552,71.53505362058551,8.663871610216033,12.173852955406398,5.305125116633181,15.548773667562866,46.29801797998374,7.778838792788988,4.808763441598484,19.78766608822176,56.5099181139505,39.11117932104919,33.23254943877636,31.379270954807406,32.688750914781934,24.271598401033284
4.730083943760941,4.690227341180268,3.686974772852432,4.753583070509629,3.3679346479203147,5.652601605764443,30.41289090675921,15.099135479999998,3.4812551376988945,4.351568922123618,4.82593654879494,7.951285904021214,15.53703367827434,8.076753340839689,3.4445508835489935,11.365716582775416,24.42023108515301,11.744319712528975,9.690786289554348,11.904563114902182,20.10227287582812,36.98683455830021,18.818036809124536,3.1899856928888166
18.827192477516903,11.101752360983545,12.022774554203874,10.3674053096558,14.05265892887981,9.359641512111992,11.531569391186355,27.682323219909712,47.38755692764647,104.15046557424452,72.22488030546172,20.6380428773114,9.65588018779297,16.03729771495422,30.25393157107806,12.097506382253059,23.12002489523236,23.95596953578318,42.954639885680734,4.23109831493174,14.685723669109851,21.328981910764742,50.81690507582624,25.294303955479386
6.086746444354275,13.208325413760948,13.571389934218804,14.80348779107218,8.514479321278634,13.27769487877689,14.816628016678784,18.493064434151997,25.595570170238297,42.21470659252165,46.38026894171769,69.34956279974266,37.964884386516715,8.51750291531342,17.710978871244276,29.49294315022372,68.40729493316937,19.74246048966521,38.93284480966588,22.0745504124022,36.53266035728983,26.785255102947897,26.83382826466759,34.4810504156989
10.143150967389944,10.033478843949416,10.033478843949416,6.478849886955976,7.192037617094056,10.489546064128936,12.153726945211488,17.337125979594944,29.074516996871864,13.034275379004283,31.493868586255743,5.288862836507096,8.435553234406582,8.84242726067067,10.399926829806043,34.85294116442613,19.360298425966675,32.85903389194985,25.951590754412443,23.50582296208927,20.69848266385642,28.63277055661241,25.72822283476351,32.77025244737411
10.267585459852931,6.678567057132344,7.299411698913091,10.452263923142208,8.545148927065618,8.978623778424168,10.503123204994338,8.770650109594442,22.782646799742288,6.587925000897884,6.889587201279936,11.08091762922522,24.693106046996512,10.931999500678083,5.567867870905802,7.685768239137541,2.102162625,9.74283974187428,15.036973942386435,2.2418056262592345,25.60960056192484,38.3982414050787,19.16167542090593,5.0518828647575305
4.554319294277818,7.032512882774259,32.76156972845291,42.97627711924466,16.131939666071414,18.999104194901825,3.957861600000001,16.791390097194395,40.34207356761212,38.6579933849814,22.420306888352325,26.436849003576874,24.550255267722598,34.83899053082877,27.220300644269482,35.27755576957469,25.249514639524637,25.184315443522483,32.163279862871555,12.245045096183436,19.836419057061736,22.88752076054152,26.260438524447924,16.324326026191706
8.574461031195773,8.367011576563426,9.021824215432074,14.156410918904385,7.952118440535486,8.747330284589035,14.88836015585856,44.628868861640605,56.05967238754226,55.934571654810114,38.598494899704335,29.28556243964982,18.052077692884872,18.29449437198602,21.558339335089034,32.056194563327814,25.584493837804416,28.694977952665543,23.59704087570738,20.00595822557603,16.236241420929993,18.18352364768873,19.16528139167152,25.3489351400004
3.43321,6.1378944108019455,6.1378944108019455,3.7765310000000007,5.83353601026631,6.416889611292942,7.365473292962337,2.4665374800000004,3.951955486227686,5.132764857784608,5.102748008034505,4.036268607305007,5.156776152466476,4.667359897255537,4.919909565251516,5.366308210310948,3.734729102691856,1.53171977508,8.85157728094592,8.549984053691706,6.625354901992419,7.332914588851695,2.8222324413304207,2.07621
7.010391097741491,25.942620230438408,23.715903735167448,9.772290326096009,15.178263107984922,8.967280850368269,13.38588656839383,15.041168458059138,16.748684912966258,8.089176798589172,11.41346044358182,12.896149936235178,11.47063566483995,14.0743894274042,6.322554625744678,18.45015158481866,40.7926008060704,54.01800149813971,28.43904269263201,26.51948415565704,22.54003543359688,29.06858205287548,20.17644099541004,5.2313341610596105
34.99789913134026,6.640861767993025,12.363038164489964,11.037749418046786,10.749183193166497,7.099989539970887,14.835645797387954,7.922817530279914,4.698784967096096,4.904903389409007,10.35662422258812,10.94652834847615,11.744985896203858,6.117690213252331,7.09091559422701,6.508167681093991,4.990351646932087,5.2422367468285085,4.464145341885537,1.7704181367438652,4.144060669429652,7.703808873714274,23.61233994245856,71.29113621822266
3.955655,9.95379742820406,9.95379742820406,5.17690535443405,8.45939056964027,10.406242765849695,8.785414862097202,4.45970028245078,12.071020323388488,28.49708913871471,61.97898568157469,79.16961712884445,47.68322969817838,29.517898669324794,5.358950667059462,7.28243188169032,17.474593064577675,13.70787832064924,25.559301065278863,28.840983956388165,24.915697630910127,34.21707154402583,28.27048150704465,15.258838140777131
4.03029,4.240566000000001,4.240566000000001,4.433319,4.03029,4.433319,5.088679200000001,2.89550052,8.489544728337817,19.884986607032413,18.382753260594907,32.06876173722949,31.06658835222728,59.154809923931246,3.114315,3.469554000000001,2.5225951500000003,7.430043783129338,9.76153566498506,7.035457011161336,16.28905070168032,12.29420467561069,6.504579818693607,2.43729
3.060035,3.2196890000000007,3.2196890000000007,3.3660385,3.060035,3.3660385,3.863626800000001,57.14476604926367,49.60195443334073,43.7846817926648,28.69348386380656,29.96086066377377,3.135024,8.579758340053408,11.44619238755106,27.556243783147575,25.337747139025684,24.505263593867543,22.95632061173705,20.47640580912368,28.91224388962113,31.1343654345658,9.238224700061169,1.8505350000000005
3.731750000000001,12.70782670326577,8.973951603854285,11.907715179834574,8.324216699810911,13.28545518977784,9.983093081522098,9.054590945010416,15.22958737573962,10.44532996631989,6.875019671250419,23.638893912571344,23.717394359637073,27.903872352104912,30.259780236987805,29.648814610651964,6.383615622225728,4.736506654903158,23.163449539910705,5.588058036579322,16.592536002047748,22.00425662798718,27.675285549106288,36.453045265487965
21.33303740678216,3.1411600000000006,3.1411600000000006,3.28394,4.848227393552272,4.916230871364557,18.04928522362732,21.557071665635604,34.90572047872416,43.46880302306773,30.146897386309966,17.26601132927239,11.780188341301113,12.942359982258315,10.464427517380381,21.04087499185907,53.1044443425462,34.533946280780526,37.876503044046224,27.701967318295296,17.142615879685067,21.965003890089104,26.281512785432337,43.31158918865504
8.427936365425376,9.993341768252169,7.365681376006643,10.756992492834414,9.373739768704054,11.696266167256333,7.405548346346776,55.98181590785768,14.541096831231762,9.882843818445757,10.1989586437706,6.398482793612915,8.634470774380464,5.709780293917629,5.284454056164196,7.98092472336161,5.275121988723066,10.569906735366562,14.282841138035227,19.527523596023183,17.065014841725205,23.02047907724784,50.83240427314818,33.18115554752869
6.252827691827316,14.552322472832984,18.109081907350145,15.523577818869851,15.44404325786217,13.623475899793442,20.494416530960475,27.66220876962924,20.01978723590277,10.28239247977022,20.80701641129093,27.09673779412348,11.79794040931697,22.500411760115746,30.495737223411105,65.81159974027571,19.928531031132064,51.386873278872216,20.69940797430046,44.168659040307794,24.75752164035301,27.09538276365096,22.78738124718489,19.60872022459796
9.823990011354493,13.949735151558066,12.693225688911468,10.806389012489944,15.707031148875576,16.679085321167644,12.363476629721164,18.37053510580333,29.65176075440981,13.300999559252364,10.5760893819057,14.504323971031694,15.232012300792448,62.467434683254076,7.0490414770403715,38.85599691149707,71.23544164178354,23.448913488578004,20.719196102307613,27.13080450116272,33.555117600181994,26.64906004292223,19.859525385017854,19.350095316766463
3.58248,9.777499994443986,11.70563981205133,7.9550753859809875,9.292665283975689,13.37975140575789,15.357627700522109,12.948482686421944,50.9712150095864,37.53032350189149,15.651316265569308,35.46681633190715,100.72052936725483,42.909946414455554,27.838749350482075,29.99643827627031,24.777897880362957,24.841502511713003,37.118770194914326,24.46949859100624,22.13374739882484,38.99922471568274,32.89237359086855,15.826356119833502
19.26241043418112,7.073688940808635,17.14809800672523,15.73101653131506,11.872284215939786,13.617411068042152,49.19734125030424,33.14372146690677,17.09060247751387,30.607249403405746,14.903888808864377,14.416842407808227,8.977508206636557,65.80621189586536,34.024754593019075,36.519353035849825,31.859384181387536,26.307676405585543,21.91728666640492,26.405863425698072,37.37909891903962,3.5712473385108825,21.60366705853731,9.265529393438616
3.731750000000001,10.79241421860181,32.036124974656175,7.364897932763518,7.898028182968662,20.19099444987651,8.93183825339105,16.563117990235973,34.66311023414789,13.888709695298608,8.499641196148179,7.483643841460431,10.790454758306645,9.697563016726185,11.968604823566432,23.250083608012147,20.889750325331285,5.364296562825612,13.625335388995438,18.344388415011167,19.7941439936267,27.315956326954137,14.595825176120448,2.485797992092779
6.319985507857685,4.083508000000001,4.083508000000001,4.269122,3.88102,9.02850501220236,7.478589545160297,14.340882182493376,13.30281299939002,18.922712482741098,11.271045753103625,47.76757962574761,74.54296464225071,27.595657905978815,15.482013094082122,25.254271537700266,22.023019565705432,23.052398117310386,16.08420053071385,22.53914062185529,20.279684389016207,24.721752434485072,22.44345269667656,22.878710244235783
7.192140112268675,9.991749847507508,10.3832555404539,16.04879459133538,7.026782738825375,10.743005257686896,17.40150802659533,11.164868953408533,26.161560567981184,109.4796812911913,13.19258511208991,7.550251108770384,7.3683901861661685,11.426646989968422,16.15786461345572,12.707665740560454,17.543540737783704,5.644445031931978,4.249764132279204,4.952780088587763,10.956977694583813,25.264992749395606,20.061686016852992,6.714545653669895
3.657115,11.507777280088446,6.540626894974264,14.14218427865183,8.704487483951315,8.649937843684137,91.829018649829,28.67592803722398,43.80822585443703,74.1086403264005,38.70110342457293,33.38542162867185,21.86540322218254,16.822426534572305,11.627592065616449,16.841139580598732,23.67052813922176,20.805932689277213,27.238957812571645,28.499770629604875,22.339503924239395,30.93503967539109,36.00490670278895,20.50844558887879
8.177057156542363,4.444226037596561,9.712875609041436,12.91217204937984,11.738338226708944,4.227121046979587,14.155414287471787,12.056022514171577,8.840446991232477,4.1665705922342,18.97956808786144,15.204144812184056,19.902609627672412,5.770440519342414,8.567211793467042,18.770948834159366,30.697589931969983,25.277887383646927,23.570191647675085,22.069633022850564,10.184524633696864,23.2642835564138,27.679737936895737,25.167274187607628
2.1644150000000004,4.74796769255183,3.787168423226119,4.9637844058496405,4.256924500993999,3.959312442463669,5.025819210873253,23.58350788196898,13.168775021777948,14.549356335287287,55.8646832870412,69.80125560517382,12.391019598662442,59.58385662060192,10.981657542032554,3.3129911329781048,12.1191872199704,12.531585455008866,30.413310862638813,17.240649200303924,15.2283162181561,15.937510778924109,15.37522115875866,25.39071933150811
4.814283315574913,5.45264602092627,4.162037,6.779912021197615,5.05960569145346,6.240202794264812,30.02731829316396,32.9699503898574,53.123254749164246,54.78491228755756,33.08611286147928,9.393863660545591,6.314600057112545,10.568662323479195,17.26824880105773,66.28724066371169,58.2414801358952,46.60753574344087,27.208967116145608,22.15845920839424,14.138317796580573,34.90950032042765,29.04623843321404,21.56462188560253
33.414372984398724,12.935187709019315,3.2305801473789195,2.879140599766253,6.467777679799458,7.861981597428786,9.02418757270087,19.83643397518929,19.16595179785743,5.477031735211996,6.712205632587421,15.963591793642385,46.38416229019319,16.945960239018817,19.41238908889094,14.075357941792442,19.150837362001667,37.289700317633,24.90684719472644,35.57205577366791,27.19228193020771,21.17333526875189,12.288107699389476,4.185283689451977
4.104925000000001,9.512624917824846,4.319095000000002,10.20356931476054,9.275972104327764,10.20356931476054,174.99079013651826,18.082117457068588,29.286967027617823,44.10641649709433,113.72299773211871,4.4781,8.540057795535684,5.985917250584429,5.714775125681834,7.985402072421293,5.805915267117878,2.899341294526541,10.485706384381649,9.819685510539417,2.85701686077354,2.1967190140228148,4.487663974583867,5.609579968229833
3.88102,7.859797707925226,4.083508000000001,7.230076430077734,4.598827134564299,8.217061240103645,9.431757249510271,9.492790623378363,35.87139033828724,44.88309399687307,6.846828000273787,7.953386060924093,6.182320995403947,5.928374427631406,4.662977448308147,3.341052000000001,20.23613538235265,8.821764022570996,29.281033827209924,7.615307385731193,15.221175249613475,24.028162399496587,16.64299734655917,4.1918978231242505
4.104925000000001,9.2008779795819,9.2008779795819,4.515417500000001,8.533740137374263,9.61909970592653,10.947251002589814,6.257630631614391,18.36389090287999,9.066021960089945,8.212353899130951,4.575648622668461,20.932445917674606,27.53527366444397,20.949025731617095,27.12739952309259,23.14724322307978,17.439585808876007,8.426205906199234,12.496786191677428,13.058808761502862,3.256582289954899,3.72045506453009,4.395493085878776
10.978913343258498,9.096630603685036,9.426590453552922,13.535389293662522,11.872202854220888,7.190392578136801,11.711988351733869,12.998119195196816,22.395398919094514,13.12520727437074,8.914575522480892,13.423526572227294,8.470109467267415,11.58205940041087,9.173974932807049,11.441592801800262,14.993428881074086,10.462171993587503,12.158132137937775,16.523093776270493,15.90589989435353,23.036642152631,13.47443034749002,5.609611250360886
29.482397233562143,20.601480765090237,9.079088573198682,7.401139678558263,37.077778390676926,11.33569068885829,38.41536163732452,21.24260529017222,12.603361751405297,21.205528278150805,16.651788701496233,8.246116416855898,6.8931922554161025,11.887269750341412,7.5597116350383775,14.075785209195466,29.648308857284068,28.523707369463576,22.018832428099586,18.69416575946654,18.319630065058924,33.1143004599554,30.01465791224388,7.752567228483528
11.839543225551298,12.481006380152053,8.893237849961746,12.277800590657058,9.31455770720486,5.960253428401664,12.549628449480103,10.411858121572129,23.53899472532341,7.381926760160626,7.643717538304091,20.723721057282063,5.8343132459330125,7.403285562739405,6.289338294353744,7.37266478424099,11.136986869232135,43.11995596934085,14.383452304989849,11.722866327714732,10.960674108837887,20.1836805896444,16.240783038294133,27.05125904275732
23.78986388007538,48.08962508090428,29.748918600227764,7.397499070429559,2.7614950000000005,5.490062695866627,7.239953708456754,8.056565965061278,16.954999544497912,6.95348932540356,3.989246767607882,94.60905382763202,47.59756770995402,14.24154254041875,22.49008957293909,11.549148845516573,15.656195716246572,15.861327802904894,16.50161739173716,14.369501378135835,20.708966410498185,20.83280895978885,15.554456515502704,4.965734867963056
25.854981315397144,20.521464325689923,6.2578938788080345,12.216352989731687,5.31988533438499,7.516724235646981,23.750644738858483,14.429765657575029,50.40181752532422,5.263174089374549,8.041868142234456,6.78025647584483,8.55143419769869,16.078126266843125,8.955618493830963,10.434842267469854,98.87965284766167,22.74253029879432,28.427660596457024,12.827928645973724,14.962210179552295,10.5951379714753,3.006896350157273,6.635211135347567
8.637544490676135,6.84807240072473,5.603557631215218,8.460432041608522,4.142891976001292,30.16730420824093,20.541781935805982,37.43135488837852,24.801742880400777,5.110867185484008,8.652420100474345,9.422775808010329,8.849215541435786,8.1730826657745,11.008016768728378,6.10337964880326,20.67235051452444,15.203925753933971,49.19443122432381,16.592691033771995,18.891555313202936,38.26445118417937,24.65965985036408,25.287783604833862
4.17956,4.397624,4.397624,4.597516000000001,4.17956,4.597516000000001,5.2771488,15.49901628,36.68454293647749,3.5393273999999995,3.925152,4.55952,4.281984,3.8755919999999993,3.22966,3.598056,2.6160246,1.8647023348800005,1.6691708880000005,5.987058296299023,22.44899952111852,1.8198432,8.153785446280878,29.53818384044758
8.638592949717056,3.690863000000001,9.0893021470936,9.502452244688763,5.14035571127361,11.750087605548588,31.4887736856768,23.91326175254415,42.99297227806903,27.652670478487067,21.79866914680201,15.888563101109668,5.877783393245958,9.876790653338215,19.35085546922253,52.28402329906504,13.515397285815746,10.521129412425369,11.86542920030424,14.132654653169643,13.856052400995836,21.514024392630915,42.31374238606726,2.1213450000000003
12.097433647977576,10.301380314321088,9.407128567497736,11.260661812296217,8.228177809315056,9.834725320565813,14.897968910320564,26.927757265456226,64.8407149102335,85.42777938108057,86.41174063098764,59.749738248299096,19.666561108272102,19.612306815872508,7.073486952592036,33.46980968234977,60.37630404108002,48.02967295719287,32.76133211777087,52.699401288389566,25.43023964876563,38.71413972219175,35.123074052146066,7.135578647880808
32.17915893257509,48.36123749125268,8.290197696000567,13.172761091806953,11.975237356188138,8.66702486400059,16.032709686049166,20.60262101547729,57.37922327142378,35.328374821876245,27.25261768642758,36.69119817555606,16.61877406248411,19.949998378298126,21.216076286482625,11.692141584309965,38.49325373868031,52.14861977903495,20.664594330972207,22.10552355901495,63.209100277240616,32.44100335895234,37.28933989956132,34.709525676450816
16.004480913824416,7.2936959205395,8.307159132462878,8.684757274847554,3.657115000000001,8.684757274847554,9.968590958955453,14.373256515746975,7.004013276510445,5.870164847843669,7.414654432280915,8.612982421336415,3.746736,7.321035058135953,6.100862548446627,15.18532859400582,26.69850878868763,23.57048251057248,24.637532561814243,35.51220146528942,40.94270297198185,28.318200194121083,43.37809664753134,40.60449743427177
3.358575,7.172409612506831,5.353107306253417,5.324716384824489,6.816752937506491,7.498428231257141,20.615168259698365,15.60468202248248,15.827338662754396,5.772550328442997,3.15414,7.43645775000708,5.465407885718087,4.259555745537863,5.2674909062550155,11.406153733678392,29.740478509920223,20.48217392983858,7.430221529369301,2.597222519668001,8.754490102320462,22.86484993495688,27.640150206211697,3.375488049109667
12.689652637689871,8.328741447751383,8.328741447751383,4.104925000000001,7.91574600406123,8.707320604467354,9.99448973730166,5.413681054193985,9.23548916234588,5.575852765154775,7.43391798642272,8.635359277157704,8.109728712461148,4.1657509791971,5.381920134656395,6.814424820887495,3.1689911566765745,2.852800993958125,3.161273623726262,17.01451044673867,16.602492614170583,21.97384982140536,3.8295941142177656,4.786992642772206
3.731750000000001,9.343860205831936,5.091672048406917,11.139041147121064,7.784657714780994,6.466182855790136,12.785682012347657,14.491189531819307,8.537208028139199,30.776501317445344,17.053732096389666,16.30805389602038,22.150087654813245,26.079701539106136,64.21233087160131,70.60782262216837,26.60986396381536,41.87318109722836,26.53689917103052,28.3091445238796,22.256928797640235,43.07353589981604,27.92376446402232,33.23691641413281
3.58248,8.904575611779602,7.97090586418331,4.672809961183455,8.463026407889704,9.309329048678675,4.5232704,16.866801024485753,17.928141108326734,19.796387385408416,6.906188017741302,12.31284598089732,12.01173862707165,17.753334087211762,12.34927431991316,26.37955192306277,31.001759252458864,23.723460351714785,14.696696221496673,15.982352157628926,17.46468586677065,24.46036597703652,23.42276653600936,2.16648
9.316277157685048,8.919292384327823,16.416257720986234,17.837332283276684,13.802465255365185,14.322515043452269,44.27741332111145,24.66614158346402,26.37153533358929,32.04646039580868,38.16779868077597,27.45059534331545,15.381107803054103,13.859816994236278,11.983045068284177,28.576982111457035,24.05432603556508,17.307859018437767,52.32220174991989,25.16543193025998,24.31724531839612,22.879194212670544,21.915929805135622,41.75445956380338
19.86275568079619,4.004979000000001,4.004979000000001,4.1870235000000005,3.806385,4.1870235000000005,4.8059748,2.7346393800000004,38.26602582357554,62.35636013807839,15.611622914558906,81.7000046970259,95.81770920797842,16.234418869366685,9.100269694424819,3.2768010000000007,56.57691249139142,19.883316813488246,28.405525986373483,43.69756784256874,19.21230830205557,25.12615837583088,31.33809770586952,2.301885
40.378300761700245,36.16979240649893,12.80212064258582,13.18048931142758,11.784765280616826,4.672546603737746,11.946244223470565,7.728475505434131,26.82326219609844,15.046576889019306,16.991612641968825,22.85206138936381,18.109078420752432,24.870446658204234,14.097185552365458,11.574273364249555,15.09403249010368,26.494292605064384,20.861418465666357,44.213751862402034,15.743032658475384,11.874129427748276,23.032556374205672,37.22422136710812
3.507845,12.652209863931224,10.796783107176433,11.870591914514558,13.675620259533462,16.019363938093658,46.61858238872234,76.62602655901975,47.57667426275878,8.079608331802445,10.261863076957118,13.117993698140555,25.50926351894132,21.917321237201318,12.157420256798972,11.898312013028507,18.79817925616628,19.81351809194189,17.783383033242526,44.45761546059836,13.881230534199398,54.89178969522966,54.74781522914764,39.0274029864798
20.678885191582854,32.37998930989135,21.794042142203736,22.421257791875565,10.133940658100975,10.338411741776833,25.137585545402025,48.9877958703223,21.13189722356925,6.21059642482664,9.862403092629608,11.456326824771764,24.673461136831207,27.654973889948952,19.104383372540454,4.122186988781456,6.573067515712799,18.51003102250476,13.079214523087485,22.037675978943422,16.818356137843576,16.37587363994311,40.87064301820364,10.53516754267287
7.219549800663062,12.52620161100181,11.905059716375415,6.710301568132167,10.816726607201442,14.867890528611287,49.78939637951893,89.47180506416937,40.66296006226456,5.811493696050569,8.189055687751852,13.631355400275652,9.853357551390108,12.483446822896685,17.273273679656192,27.291400968413473,33.46497455877783,28.483283921149013,46.993798669007546,24.45001657240747,2.157963261898709,22.297920866707,35.97912410437416,14.708859470836888
11.074126154821675,9.175822656356692,6.402533993499159,12.181538770303844,11.074126154821675,12.181538770303844,14.218242962207569,4.371713706966118,7.4460305787656145,8.713498128484687,40.877018463235125,57.15818700995398,30.069457309739988,26.540908123791905,32.725417788893935,34.94342117735123,16.46116051652257,18.376619410405844,3.879221990850296,3.244824253369962,15.499133399610711,25.663116501984938,12.440898499223362,4.639882442639878
9.608068867629362,4.860036537270595,10.35932717343406,10.462289049823308,5.078997230087023,10.830205681317423,9.119825841141884,11.032410138727098,23.9924033492534,35.09688925713115,19.232195229936064,27.552947315912256,22.852382385647186,22.59805834907288,2.936431871431217,8.379834890206476,2.89110099872083,11.07964376906243,18.81738159520351,17.503643259202008,14.012350573599376,34.833579363621986,65.49753525483531,16.009387800336622
4.17956,10.182603319144024,4.397624,10.64544892455966,9.67768084050878,9.545824756457908,6.223781779496296,35.84340831190696,53.21217235183952,13.15165424990472,9.088604615434337,10.55747000782776,9.91484139865564,7.351676663627454,4.388354887875818,8.331220897481474,6.057348416991178,1.8647023348800005,16.39346099285718,25.94677617171414,24.643858816287068,19.75314380943276,31.57822272683892,37.53095509485971
5.032581359423008,10.090881555465874,11.450618141450398,11.9711007842436,4.0772487729614255,6.491270904121103,13.74074176974048,7.818595626831673,5.743964820705916,3.349720575,10.220386440302834,17.18904882023317,11.384519940483981,7.485567819407317,8.409450964138063,11.136170398541614,34.06727180304244,60.08201043324995,36.59627051702856,42.02537801008634,31.882287748914795,23.70892234738448,4.206172459015239,6.320803943488731
9.766154937581154,5.772285851653723,8.305452629134308,10.74277043133927,9.766154937581154,4.269122,25.59677180689321,2.78825976,6.616126054077705,8.270157567597131,3.644784000000001,9.48668771288235,4.798312859407671,9.055889123938886,7.546574269949073,15.111310559704634,19.69098057269562,27.305974831082608,27.15218092977564,20.712053301515287,23.09775307160952,29.87457663785761,31.46997669187993,19.21866107156693
27.73589017127958,13.82065339539352,4.083508000000001,4.269122,7.232129815526638,7.955342797079302,9.131349993169286,5.598909307345851,20.55815339602303,18.755241203941623,6.477200296253821,87.93696307808318,62.07082250564778,40.76207617815849,5.496614877348872,61.885368622619595,30.03514470217952,40.23998814974584,20.89491264547601,22.197553949580172,22.372770576359205,28.535948465104152,3.498864385061109,2.853660120331596
3.2839400000000003,7.765079885769048,8.385098056755869,13.553549443812097,12.321408585283722,11.948175576089628,11.82337674112934,5.173657454576446,7.523279234440592,8.374205270472592,11.57140980183167,11.849430323394667,4.610412246597386,11.425306142717632,2.913503991064489,5.130406505862669,7.712081646334402,4.629008960735474,4.240755141601476,3.5890807071927124,6.076691310437956,8.176070798111306,9.826843081348365,5.903108566068043
11.70077249477773,5.504520953378824,6.184642685895884,8.598871878149199,8.79861797065675,8.598871878149197,4.429035600000001,7.085708514757048,12.476870653121203,17.20705258776754,31.8640906414144,24.79659796525097,32.42903764799048,21.202651188388586,23.380085201443038,73.07891633434575,28.985130417669406,15.261153583550431,26.331515488537725,3.211097457915144,2.757002867906942,4.890956193212296,11.580110164322468,4.72737117267994
3.58248,13.524228407899416,9.394142148877595,10.022671635670784,12.258065842848316,29.88842213439958,13.39134629833558,5.398264225378348,15.710617513586987,24.93342582766809,14.607172131724717,9.065066324769171,11.525542568560502,10.818359974595621,6.032831434755086,5.154978736632207,47.66483618623829,59.54246556034655,2.1285320886228862,5.2799481868301,13.84223632303941,16.314635220341653,6.218503219860586,17.6035761834613
9.832547281717032,4.613056464432253,12.550260731831113,13.581712152501284,9.311854347015483,8.426852098955953,11.099796844069422,9.143168197941945,9.544339029263703,6.342184712621999,11.595453853518883,12.816542322313804,12.1161330233066,6.379390852754019,7.597877444963159,20.085617629375317,26.633010709734307,17.627811709588176,15.120085808437109,23.078484404055622,19.09697669764712,21.05779063240748,34.73783388631065,13.560737648799806
8.19125428842374,5.2828841190490845,6.474219818454762,9.010379717266115,8.19125428842374,9.010379717266115,8.626825485717804,3.1191321704536947,5.549202450666701,15.71431002862518,6.813893001209116,4.489215230761733,8.391988583238867,19.59739407212588,9.03751660113841,7.05160151786044,29.1480987770003,17.140724213054856,14.782649569993556,24.25851977614861,25.43823938338751,31.09488084843949,39.25909240215382,19.178657195791143
3.657115,6.940636987750786,10.132883831435215,9.024914030711574,9.086990375100276,13.10825367239882,15.045995519622991,21.31058175002661,17.08157967054168,7.602086732866352,8.43079562057012,41.53232906890631,7.556230779174917,10.601459831360316,9.208277373172722,5.538124990534699,5.618933672118609,5.31656469039399,2.9241298476207693,4.43062693613226,41.93686797078218,25.05834073130104,8.723416725824702,6.8114653838031725
6.038320111400958,8.54007845503411,6.95280132549513,10.26344912711831,6.038320111400958,15.048084811854414,9.142356448590116,7.150478581794274,12.074218581139586,8.946584439522391,4.5211158842091965,9.68913717471484,8.001966314162173,7.242520437123632,6.345410841348261,17.755203213052493,15.36223674480418,22.577814572664824,3.479725754145723,2.1508321295154658,17.23285147900716,12.166448544900216,17.265953816152752,6.789056195559934
12.716275453612637,3.690863000000001,3.690863000000001,3.858629500000001,3.5078450000000005,3.858629500000001,4.429035600000001,3.620628095197655,20.24268767851894,19.65319761545061,20.015955613385263,53.89795042473458,16.04656398483355,20.71886761784816,2.7106075,5.895768775798047,3.6879412931178552,23.647845327457745,33.343157372794565,45.5399044957348,3.8622282858586297,1.5273684000000003,1.6970760000000005,2.1213450000000003
8.56658,9.650315722913003,8.313742149523685,6.17645106821486,7.901490472687796,10.088966437590866,15.21113929850779,53.54545971614614,39.73595484870937,25.76392628388345,27.076351653261213,29.01501323781936,24.72552971314852,17.293855943392632,9.180322520578256,16.681632365515224,49.51058445027663,14.574338488059343,18.02947890726724,17.084670669110583,16.042203254660404,22.409552846024408,17.713810637711994,27.76162086965217
3.43321,9.934460837173352,9.934460837173347,7.682142413873618,5.618167434334892,10.386027238863049,4.334800800000001,9.824214789875874,11.802949715470197,10.7624780804043,3.7372220063221055,10.300192303004671,5.476033115048036,23.53361897530541,19.01754534942378,75.64696854348942,19.89411317081652,13.681273601194652,19.92910104076716,44.5304019561278,15.872659074346252,29.92245397737002,14.365735792529147,13.796620191374778
8.595425133467106,4.6056526417844585,9.82709905962904,10.273785380521266,3.88102,7.54439293482978,8.972937805918772,14.162700244712855,20.848492274217,24.953129148010312,32.745587125078906,13.921415236343693,24.360207850433056,31.389249826049824,26.385441644240615,22.346738084059353,26.95411365446697,29.41619642123295,30.56399511707053,31.056960737648083,25.48587906659299,30.052247440227564,29.954742313622926,29.24979762731964
3.2839400000000003,3.455276000000001,6.081303762812444,3.612334,5.779751510110998,3.612334,8.383660515374931,16.797849613270333,20.81469077771604,17.065636539454182,22.829379133896108,14.54931246853747,21.09128980755513,6.598760974775631,4.466171621449407,4.975612169573817,13.86727019257545,17.45859128997155,16.608592540786404,19.173778795375096,19.32404329964658,19.355662224646,14.610275726520458,11.838464719482053
8.611221829056952,4.083508000000001,9.060502967964274,4.269122,8.611221829056952,9.472344011962647,21.962456934776565,15.530867095762323,11.90069209243613,79.73067709084286,64.11984162495925,42.26618278398183,25.564191462855668,22.054006783605217,21.557889609516042,73.86839498483909,61.53628068278446,51.14961174686676,25.440231628878895,21.6231265919176,43.22173668145305,30.906288171594348,25.62368381060855,10.229133863499868
2.462955,6.105444114749471,8.557448741576973,10.228153375672118,6.640648034013929,7.76890719041712,11.62814440025446,4.168857791409928,6.562315331296559,5.980774419730204,7.653827023963364,6.753924825337786,11.778361733563504,22.793513688700358,16.14223489539334,8.65804177226514,12.281984061971752,16.749947290660433,9.623090340431917,3.9790704454946777,2.0465301885103275,2.763572323837451,4.3105691763470455,3.8614655391916624
9.440072623396588,9.932598151573805,4.397624,10.384079885736249,9.440072623396588,10.99633988573625,6.7866872049746725,5.751348729454711,10.160473540902748,34.11598332207249,53.96655781672386,49.26466995532523,9.671410371479825,12.464964590231196,17.996897263792697,6.27405589972783,7.301774635553744,27.58268720346821,27.443272997646872,15.763712970963342,24.75161601692251,13.625995413958728,4.567054897643251,5.708818622054063
6.109579539105848,5.232712421422741,4.083508000000001,4.269122,3.88102,4.269122,16.29490431008085,16.102322150869483,45.17243980943555,3.2865183,3.644784000000001,4.23384,3.9761279999999997,3.5987639999999996,2.99897,8.165375675351235,25.74110943152499,11.365274056440972,15.214749875807987,20.235448396063692,21.739658080168923,19.715982604941992,20.80080675459466,21.683086312715595
8.109242620784187,14.995887271544612,12.821707814333344,6.984976620959193,14.00453301338877,9.59647624848328,18.017290770377016,8.003796812514961,4.839944737861639,11.409870152513296,12.429566134201986,7.781970935260991,13.55750430393505,12.974854576509369,48.6811964888492,29.689785482691992,28.4428845167132,18.94566840471973,21.199052107741885,38.45401460255204,17.99154299201113,19.12974310437633,21.890272372541386,37.0551443167181
5.546879382173106,8.52670828576362,8.762533142518485,5.62261898729605,9.900955137576435,10.89105065133408,47.36995643573486,44.17933640868213,84.62102359789104,49.19355446933044,17.823927625261643,15.358623436966065,8.435817870016246,8.720013290189028,7.208758356685255,11.266542727660525,35.61324837033137,33.428611396155,26.43478266333532,39.81432455626064,38.054578065286776,32.39465701650801,41.25306358325884,12.920675955226155
9.551189515503868,5.794900554366641,11.788981922226952,12.872227723676446,11.70202520334223,4.072887278882769,60.00594544463676,46.3514572812008,77.86858142611305,66.91971083439303,21.913794283314765,13.055873507677944,80.01412916207723,6.579191539619435,9.087496087934454,26.06359567920612,54.980869877938765,42.38572022875627,32.90379683619611,47.90216340991245,29.06923680082138,33.00652326997531,31.465718818846927,54.2941357996737
4.104925000000001,7.368341262278869,5.538793504911547,9.19092843549426,4.877736724875084,12.597810313791015,10.549587421610802,5.725195017790412,18.985195841581,7.075495733605704,8.993877341271336,13.93287353629331,30.540588055330605,38.56971828599092,17.36798981560205,18.663465692224648,27.249219558737614,26.25025328299283,26.246488359695828,25.258375463487276,21.029177634784133,28.361766167997867,17.292234832574938,4.118158907788963
3.657115,5.15826004285451,8.041005937134427,10.050386097130731,9.136714633755211,5.118746426751045,9.963688494846394,6.564133591659616,4.333619019579266,5.417023774474082,8.112743260439235,9.967325055005686,9.671658312527082,5.238809653365393,5.328001093098971,7.865519554276229,5.718752750309513,3.965203668720593,2.753647230926159,2.3207578403664493,5.282716275625404,21.89600997059504,25.3115555713686,5.525364976144457
4.507726979854481,8.432581411950908,4.004979000000001,9.84451547082616,3.806385,10.332078018932869,72.87002347539753,42.073108315836784,57.64442657653196,47.690242010333264,39.59292105574129,50.97272359677057,31.408368264531312,24.39158108126132,4.386487034245599,5.8931115161528105,5.30895978184734,21.0409468531204,20.0558500561019,21.67634848565688,14.351990683864909,26.7681672318501,22.686962370046064,8.922126776009588
16.21629317306351,14.113932492776668,3.847921000000001,4.022826500000002,3.657115000000001,4.022826500000002,19.78932182922293,9.805292957099116,30.67308310313813,23.869684476392223,21.815078652351087,25.71923259334316,48.646283892923016,17.80922342679355,11.529749501246284,17.06741657996753,30.57108377724997,18.50987146242919,15.412579821420351,10.744982777430115,17.328291872378912,21.343950237931544,26.80699271267203,12.433002351604436
6.410629351316249,6.503134336041631,8.92276067208326,7.557614156711124,5.950700378349658,9.83426257289575,35.43679779002485,16.252280225745793,17.830990029582864,5.818113708244968,5.804450481756166,9.752987675599089,7.981327657075069,6.797360948358563,4.775968304643645,7.696379404874934,6.878452178874978,40.03957582715262,38.397459759999485,27.70226863401593,18.873346544858823,32.0005191362156,35.46062155802791,28.79899807703341
12.513043628874394,15.842921784095346,7.722972562768477,14.538465449287184,16.478063118896547,11.743579947581395,21.19175040138075,34.587072805920286,53.27761907080523,61.02020920333847,21.557771446016428,16.740218626321795,22.077929719769035,19.985611947047477,8.46034677077164,14.210562907154122,13.468232251511225,6.226196822628325,12.751434997208788,26.671685292416697,24.33863811069516,32.881949082201004,7.275626714382316,8.572256613291499
10.373919954756552,9.239386781600563,9.33638458018121,11.137737071787116,6.896072248507413,12.503913071182875,10.902426218883583,4.8600579601566665,26.753900540044796,21.669256838063745,20.49546861114841,10.232758484776529,10.37334333096378,10.540488704633493,22.686627939694617,31.902817461748565,20.821095849885577,14.952540223870756,13.963543722576471,17.74695127765063,44.36383388447353,27.944201421104644,36.407172414667485,29.36393215263427
8.52266328561568,5.713563693633473,8.037678183022594,9.860880825594975,4.104925000000001,9.860880825594975,12.141134251987282,6.4403634293332575,8.738353714239155,20.88593130601792,8.418775724618637,8.815515771331759,6.694819486155618,6.469076348511996,6.244323671359996,6.386127327886649,3.8136060244008,2.782215073584105,10.9034955745849,21.953155036331136,8.68866106141824,9.710949025669644,36.09430264957901,42.96780692142369
5.002603222363907,15.982242238828755,10.220680843332012,18.14826160088952,6.7551209416558375,12.18974145356735,37.94824579399068,17.087505022037025,19.52478364491325,30.609186345618443,25.06776560404767,28.362381121622786,21.43730643601287,102.05096810463753,26.818299143406858,38.41823601930509,30.16603780778939,22.81981661599333,18.291962511592228,14.823010930485689,3.647373135860801,6.31607711290425,26.703444061187525,29.21139238359563
12.006302563035932,10.525703609803664,7.7669373003942255,12.806425885455354,10.36786510623703,9.458154173628118,14.235497030789835,9.148905575405962,4.67583621335292,8.054936774284986,11.959353693341129,8.052872633015797,11.74099852992683,9.782647260726346,5.704118115052856,23.831335991908105,32.07641303027771,31.16472138930476,28.34564493346025,25.13927509286582,22.62550838717372,25.491591912921887,36.2740597535975,6.524005685077124
4.581829999999999,9.373832509491631,9.373832509491631,9.799915805377614,5.277286389985259,7.669302057967575,11.83956301138996,15.92467938171303,4.082172168653762,18.936685061764447,20.189312630221483,15.661117883531066,9.127338040797259,8.03657923032263,5.574615256144424,12.381033936414953,14.718535834444795,11.05783369384852,16.279077288956124,44.035285733683935,36.2846179443155,1.9815479758797887,3.724461886099,5.387664815748383
9.286452455408906,9.40779261810305,4.5546820000000015,9.835419555289551,4.32883,9.374173504808684,6.524478898495213,10.795237526022223,21.205972339881733,7.18307597557708,6.624978114130986,9.754135096154924,9.160405133780277,4.014005999999999,6.909179026443072,7.591048053613776,20.17461009736728,14.07028418888878,20.445749322370883,41.15521321928022,10.92010906999971,11.78756354330377,23.42376864836601,27.08496765868593
2.38832,8.802056783456512,5.616296446644975,8.270893779680456,4.981591966808105,8.810318788337339,3.0155136000000007,3.25133598514751,24.43212471904961,33.190953947388714,19.60915625705842,12.2145413973865,8.570597739563963,7.757184528170159,6.464320440141801,4.135175546752778,10.721626987379516,16.440097354721622,26.55902849358563,24.194100774809996,23.886853525863337,20.28992474729976,31.677273117609843,50.92854433986368
8.6457377716791,9.096819742375404,8.141274793900319,7.262609226865856,6.602372024423503,9.510311548847008,10.91618369085048,14.536551069752074,21.387718297893777,36.49811056172233,49.67022497345956,40.360049128764665,39.87542133359292,78.98073162137983,3.1719874999999997,18.016047368457976,3.3513454798434865,4.316702846669779,3.4528069446948355,1.6862032440000008,3.049232107003232,14.9166502607165,25.500372163682773,8.835580558772037
3.58248,3.7693920000000007,3.7693920000000007,3.940728000000001,3.5824800000000003,3.940728000000001,4.5232704,11.42568504,38.93812481269504,9.952726976414938,3.3644160000000003,3.90816,3.670272,5.075962995737386,3.1575236912803417,5.361325765622164,12.836624371715477,23.3898785642275,30.80800517617258,24.37491779223516,30.96682562600246,31.055355897715387,28.60743924267781,34.53278813797518
12.13316001395956,6.316794053487971,11.18882750295847,9.11631601535552,6.00356459629022,11.69741057127476,11.102825339364598,18.250622136935046,23.362278662169416,14.48291602794494,12.986853091211213,23.05774745941918,11.5334942249011,53.83120996949,43.454395435215844,37.80015894829127,20.62570363318341,19.678731260332835,15.56516010108174,20.563051376665893,19.284625535930648,22.50299259382839,27.715979626407023,27.773743841520275
5.965643732590908,6.489657332082297,6.064132087804659,8.341677309192855,7.583343008357141,5.005172552924999,7.532273651932175,5.448137385656235,17.23441223164059,22.06670799335427,67.11496230565353,20.29385743003008,43.79821418404128,30.105035389537324,20.120335555748976,41.03394612449438,20.37356692211997,46.30517400814451,22.75344291932718,21.072456814632623,28.88859041928937,20.42735062369762,24.447721942773747,9.0890568812671
2.761495,2.9055730000000004,2.9055730000000004,3.0376445000000007,2.7614950000000005,3.0376445000000007,3.486687600000001,15.508595129447505,8.989208708127142,2.338484175,2.593404,3.01254,2.829168,2.560659,6.013714242556268,6.204589325894587,1.728444825,5.537982823304288,3.1425866605214425,16.562580587963435,15.36281344355494,20.072306746215624,25.999693446025294,11.378860304874667
17.250580883162865,13.333057067629705,6.296083514617502,14.00066606284543,14.097316884126805,17.44728421764257,27.701176898809404,21.442501089239823,14.539870005514318,40.53300736552991,33.69011175865066,9.3268436532936,9.534985189162569,12.543362490732859,10.893381228643433,20.83559504826006,34.43289066080636,22.27096414653027,19.48824900851757,22.42666218467433,21.11149388305834,29.19284341641617,24.97750310844476,32.302277789673525
27.060211275111687,11.732097528656396,10.969418121631072,14.434130147926748,11.52035920930717,11.521716850851949,15.25101251691988,17.876058143781414,13.285579543536343,11.789289422513631,12.490895583151088,26.434131180765405,18.418890376383356,22.795299990666948,15.137857871895601,4.309223789149301,47.35138229441208,73.52368159433894,18.65948686103925,13.22083268286706,17.923285772429963,29.88128258604034,29.122011564778227,23.47352851838963
8.781716783110989,6.135383271493319,10.932502980432346,4.366097267466648,11.403561173373234,3.5302355000000003,14.398235498902558,61.19261889871404,33.564192499278754,40.08606131098132,81.28995171742419,16.92183856688274,11.68301603216736,34.305225851903295,8.136519169811768,42.930529241805125,29.34091204695841,49.75280669837714,35.23417469555496,21.98821013309877,17.262796554704618,20.736253700543955,26.24139633174924,35.50160400024621
13.264737087178984,14.406366297952076,8.450065657652933,15.061201129677174,17.403429265137724,12.513775029383943,12.291411395608336,17.267552782898868,59.40219712919096,25.01205223224924,26.6126915659861,18.87392661248728,14.027536230011941,10.875922897659166,7.951704133395534,13.773557030896619,29.235095735244776,29.683648619296488,24.95303770958835,24.132991971443637,23.357494421003004,21.055212795702,4.383331329215608,5.840083653014823
3.806385,12.22445284173729,12.22445284173729,12.780109789088986,8.22539305031556,9.303784033888975,12.665030708536133,8.828106780368676,6.78285903254459,9.290414086110095,10.86174237362889,53.27876646555321,24.210054121773638,12.093750928920839,7.1148051030758035,8.099730282846856,21.241633976318752,18.896089171345206,29.64095062659073,44.34448781879716,20.4167440042262,20.20912870482348,16.25481249251886,3.759852108446653
7.490836912488472,6.100379093091761,9.917416435431251,10.368208091587212,4.104925000000001,13.430818892524425,46.77193594356891,20.157733096826792,5.238544473882866,4.7049473119414325,6.353484442258576,7.380310210704404,9.161072612744277,8.740142358197485,8.571584435904782,17.623615421927152,20.08955783172996,14.785704467194204,6.832840831140917,3.8718249460878007,1.4477502600000005,4.10406684645795,4.560074273842167,8.52861581743043
13.778070667835951,3.1411600000000006,9.843750528766526,10.291193734619544,5.880959394470886,6.787566867309773,12.153466481579246,9.69976743131044,23.948284755128427,19.958994724731063,8.786157496750283,7.679108893373717,14.856568614566454,14.337079928508771,13.248676575983653,4.813469061281358,13.643405978460796,31.968278909525143,36.3570290365144,35.44463536646211,26.12682224357808,18.065157656054684,4.526202346810752,4.081790369803396
7.928711840360362,7.686385549026004,12.351201662379488,12.912619919760376,8.674931449530463,8.392646267345935,28.68483270912736,25.332204798480703,80.4691492211402,45.80304213676215,18.200076017678946,9.712595942320528,31.73636136617039,26.570754881809773,26.167625272475554,27.185806365862163,48.64167481677755,56.69538537193903,15.632279345377771,11.20173034302723,7.940260442020461,21.48145464558389,16.05564883586223,22.581610953198023
4.033345060658883,11.229334226838663,12.174400280362166,12.492680551945812,13.34853974844446,12.075911573953997,11.972354703480296,19.129982519637505,23.724561831100697,86.08110219394547,10.49538173384226,12.83808822188327,6.397843696706575,8.227050310600053,9.595500846915373,9.613796918830358,7.73677284040823,33.53135492197051,27.72512308303589,24.28542750563895,16.59886286541549,24.295128998983376,36.53130780935948,5.834361387710806
7.581964715523646,6.133001412257948,6.747849435935333,4.269122,8.166324407448432,8.982956848193275,36.40309415049617,43.28966221103429,37.12282288867747,12.492251818457804,6.022873876702611,8.908717535398289,4.973927948266828,6.488688294609852,6.310341587573788,15.710144209103817,26.910974356513048,23.65430998272836,13.589980608074546,7.716052507509759,11.592278996236573,19.39437983058086,13.669037754864974,2.935999136129725
10.914926553089252,13.397136872119717,18.41283285992413,11.64967394010022,10.758083129544868,11.860812496062806,19.731142576367937,5.430398800668627,13.998871708949052,7.566429970953501,10.427254380330687,13.215697366787252,29.388240094613757,35.88271255850954,54.8581222354219,25.78987988457839,28.04111938337453,34.13074528481922,32.88394060562852,36.6989258126609,30.30096135948444,35.19289024310772,34.036839601984255,6.090531317852156
8.67544701816078,9.128079036499608,6.6923122017270575,6.74185985998843,7.9809515156843105,9.54299171997686,10.95369484379952,15.755886728051006,3.054286206600564,12.468969289867806,18.837703325825665,31.88813696133865,41.81339353834363,53.881062821450485,15.638346309821138,25.23206496912337,20.67471205416657,19.7016747904453,54.41332427014331,21.72388042623677,19.73121887962477,18.155229606515352,21.346449791433056,5.246416576199998
8.86309129202615,6.181664366311553,11.894843812704286,12.435518531463568,11.305016846785062,9.749400421228769,12.404044756425703,4.062407492302295,6.822612830530725,9.573293811618443,8.323598778598472,9.90949284302658,8.800583996996439,7.303051773619838,10.575490617392663,11.468378381967177,3.677300754046828,5.043710656159462,20.810460940860853,18.379870330722976,2.92123875949424,21.905087529459184,25.91733006515553,6.836630741336421
9.62480770855142,14.531887886025013,12.65894065316214,8.629207281413567,11.059011274501158,13.120115350197334,14.26672572937026,29.75550672314229,53.94324768073052,52.40434711725847,43.0571126517945,44.55528023260364,48.25582487162568,64.66754749664607,39.83270053127486,54.67923708804606,27.97118076965137,48.73605582072447,28.582309645650717,24.96854531080963,31.14914013954272,42.575106174090166,54.140132590565074,56.83885598012925
7.795905438286612,12.163783760774695,12.177549565951216,13.278684273931244,10.894640328506195,13.709148911497431,13.699652956496948,13.118878345354725,3.884156924879625,21.32332645494574,11.115691505715148,8.84100945509958,11.254682729362106,9.088556825522396,10.627505454247464,10.306910844251748,17.095632200132783,21.16775194897166,49.97343941795774,12.732104330843285,13.017688099768511,15.472156844977931,22.855650391958218,7.331438515309842
3.507845,3.690863000000001,3.690863000000001,3.858629500000001,3.5078450000000005,3.858629500000001,4.429035600000001,7.0642578600000006,12.823804612912648,6.460787953964209,3.2943240000000005,4.147442642277342,16.49641740363097,3.252729,2.7106075,3.019797000000001,2.1955920750000004,14.220791814787468,6.808776292665559,6.0189164106140485,7.810157859019984,13.225197016270394,15.436333200254408,18.53111757652173
4.104925000000001,4.319095000000002,8.830680441582873,9.232075007109366,8.392795461008513,4.515417500000001,55.62963433348333,30.70307781690408,5.685737434130494,3.4761251250000003,28.95860923504331,22.34773870295964,20.80091435804395,15.528187314469417,16.892360304671836,12.611779706616097,2.5693098750000005,11.129806387008443,19.122565934286524,21.217227397189163,23.79464369107293,21.983148525323635,23.68591296755668,20.940975785389305
3.209305,15.749430241207545,8.027269614000211,13.92258380215949,11.225002464195354,14.008146761646604,19.39703393765767,15.59558707848965,33.611170560759945,55.77209664767496,25.1224028866145,22.87410072168779,18.12661392092863,13.514322067477456,7.200239086758153,12.885897470078898,8.314518671018432,3.155104176345805,7.968966805314707,36.99139177804049,35.015524368811505,41.7468099221916,45.76266966346981,24.50023752719561
3.88102,10.19908233868832,4.72725266723035,11.672185673149016,10.611077884680922,7.634150942340462,9.148924403720308,7.623367433324677,7.188522945149293,38.97799975228783,22.90634429496042,11.241999450163602,10.871112204384566,9.839363129431401,2.99897,8.344703731654079,4.726840834017925,3.232810243527313,4.11552492480022,11.767916788648584,25.634342971681725,33.88580048064237,46.64687165098821,59.22554624889904
14.297331656346175,9.45059989813617,7.242856561447229,7.572077314240284,6.883706649309349,4.515417500000001,7.911758124017412,12.406561511194242,2.7809001,6.15717021373256,5.884778769930306,6.534865638464944,7.052398274707442,9.30169794436641,18.60814395482458,22.9391272927339,17.86920339927402,15.465154037631198,43.80750469822982,15.220392639146596,11.822543995355703,19.20652528329979,21.87858090616279,29.961582910362903
8.899955373403905,9.36430087114672,11.016343828547337,11.251212961174744,13.482913720987398,52.87390847616469,59.00687625727649,9.03149895006715,18.067754338753257,10.80622091548079,98.14786827565231,13.157158535816688,12.212417410749893,8.252685891701802,10.144994592921094,10.677973209813791,7.176742553320326,21.666104413128267,26.34591598696484,27.355569163566454,22.666795543013503,32.11341960370512,6.351648788611468,7.939560985764335
5.450643924930742,14.637719525074626,9.70641372744646,8.356248470563461,12.60777957894784,13.985197518800671,109.60359497170096,18.650897165649067,10.888856846006728,11.318478724385042,20.00406731224209,38.7599891680428,48.736102738586226,37.76161877182541,36.44349150203804,37.661506007485464,25.540403538189096,20.277227935098868,8.329229864752428,12.181670234860276,8.05317022662297,17.07793649067975,11.706338017086814,9.768894792334676
9.914309896401155,8.037521061068604,6.241978177753488,10.280021396401157,9.914309896401155,4.648545989640116,11.440568156597438,26.93411000581736,21.556369113024548,8.395617880452434,20.062190914335893,6.4717730167541765,9.865881393476604,9.19326917666289,2.8259525,74.20144538845162,35.99416550111254,39.05641812859678,34.03208036293826,43.257860796230496,28.065983031671,37.85319224094721,41.73463065463318,58.82848940527672
8.19265089664072,3.533805,8.620093552117629,9.01191598630479,13.119749817458178,26.49982651251373,8.679508736393567,21.39893234370015,29.900944317359592,42.19557071556316,27.492219070214954,6.475511090450216,8.13056616512352,17.269168428596693,18.185677475800762,20.02521302394553,18.25245273120313,18.750941079151865,24.1369582752315,26.555519573888844,22.158904348063626,26.30912016411226,16.742551234449493,2.1639556346004367
3.446079430860965,11.107910284275446,10.079162878840163,11.654795325381883,4.805717399031015,12.133719045091183,13.74415887204198,2.997109778968201,6.562051279021901,9.340958091324326,10.3267137452479,16.655748193099235,11.18141683509146,10.228424319002482,4.498521607865664,9.495954035288756,6.904186415326677,3.973132689874191,9.354061790955242,3.9349718269926144,2.594625281242834,13.630898959648052,21.04553872076424,15.659379329058993
12.838706481164683,10.164308323859403,9.699718288136234,12.148359785561714,10.425013288708294,7.628502853081062,19.650680346501662,14.524827891870016,21.24118449756925,9.927809037543469,12.667731437903422,11.982401375743418,16.530231784334582,15.497333190793489,16.30440824205606,17.876562756507514,32.19639444438594,23.34707747605933,20.30386432178089,24.146048832471177,11.68559508625645,26.745258955979512,23.757942835491413,12.390207679055166
5.734310274175458,8.59467612521173,11.272911853552388,7.054400959191004,7.659407707830691,11.785316937804764,4.240566,5.502784911486709,5.364344711017503,8.162240222351617,9.25396398533484,8.35571749945166,11.805919160183235,17.413277600406776,7.115761895451617,6.631572328258803,5.006520673267508,5.885949000668044,10.990182547632784,10.718011774302422,12.248522853901909,14.214514672711916,15.827196580032991,6.273927515910464
10.335485661340387,9.50775329764745,8.67293772311326,9.788664177223945,8.880859911788322,6.466765039670538,20.4103346964521,27.25133387484089,26.194424514254376,24.98310645073873,25.48482969200892,73.54041642097681,68.01408916753203,44.15471323863704,20.266146477931112,37.75803556747224,28.44791459065833,24.06558714640285,24.57467877578555,23.7336277025642,17.439329589294676,25.55966197062593,3.229087739086508,4.606108789323997
10.404472269431444,4.392624696476198,12.631542372422912,6.206341357302187,10.938043146091031,13.792631353676777,7.460646128777174,18.88814436673093,20.754400865882435,26.1587677002886,28.65924953204528,29.88404369058477,31.026755909253172,54.77971497088011,30.941363574371827,28.122217414450834,29.00755915856384,18.19627157029497,22.59385075910359,24.9904107245415,28.81352853731028,25.68814752010884,5.933869851114207,7.098715879625703
18.344395654069015,4.083508000000001,4.083508000000001,4.269122,3.88102,4.269122,4.900209600000001,54.16997330043428,10.804965184397142,3.2865183,3.644784000000001,4.23384,10.76731645806094,11.138790615300838,2.99897,3.341052000000001,37.93777622416884,14.194642913683175,28.442531924687376,13.42338856338868,12.07884467481318,48.14665071895288,41.758981727740746,22.43562660382557
3.1346700000000003,9.110511055185198,9.110511055185198,9.52462519405725,3.63685910694688,35.68385343467074,102.30033253593822,23.34405034115046,4.675173638841922,31.56812906717469,8.131695817851249,8.898066621238693,3.4687358587364256,12.517202303212033,13.300943768611067,27.058773057095472,54.8600502996209,33.827506147427755,10.85861297547176,10.097037734116062,3.053821402140319,1.6928734198889426,14.074324376942192,5.236319276646637
3.58248,3.7693920000000007,3.7693920000000007,3.940728000000001,3.5824800000000003,3.940728000000001,18.103436770363103,20.171669181720528,9.405728062111908,8.8183242,12.810238816435442,4.791011603062674,5.6603689406414395,3.321936,2.76828,3.0840480000000006,14.464944130565195,26.682140192135737,20.665220356030577,16.34848408878835,12.766116342127066,14.902843188899205,17.896780539156392,2.16648
3.731750000000001,17.170074128177294,7.763821452382758,11.39820696524143,15.47161829528662,13.673042892436616,29.379635169816947,25.738186434796965,37.12763260034231,48.36910815219986,36.65873854904908,29.842429118459005,32.25920548674075,27.24571639589918,13.825048076476795,14.23693051911533,14.566197082966877,20.349236126326534,24.098150796842265,18.99770911653096,18.20955395568978,16.020077363456043,15.08847410309977,26.5585921099362
9.677145879392624,4.377093750743637,11.666160108288102,9.62105938266125,5.475925209590034,12.19644011321029,13.999392129945726,10.9327543352914,11.267870613770569,7.605022319077248,9.251129709853554,14.511123897913922,4.0011906173351175,17.823702277955878,13.201080806122107,26.69303687485631,38.46910863178307,23.82444869825201,20.662427252597013,18.29902258495607,20.15758129982332,24.27369542771781,24.89518359446021,30.63771360619151
9.31302177130648,12.638438789116078,8.608177719676702,13.837966379942642,10.249461474718755,9.708611336182626,17.914973605220627,10.019180428345376,54.58594944150985,40.94059226464391,13.567426441159824,15.447270168554748,84.79726244643352,19.032860757544825,15.718372197741562,19.363429465388514,43.58497716996872,31.62624487613944,17.217071479399173,23.08949713724501,15.438776069440197,15.966987433097838,44.2989088023127,22.34359232609692
19.907137114628554,2.434399,2.434399,2.5450535000000003,2.313685,2.5450535000000003,17.61593061367604,68.41174850838325,27.759674604993084,24.51704812658216,9.380416058332186,15.104314639837645,3.0567506939364684,2.5728278142571117,1.9374623665275537,12.583138644818659,29.50528226622404,34.7540576128346,35.62394274164286,17.34406507120569,13.757597055474069,18.07257050781023,23.220848240504,1.399185
23.629657236327347,37.4972598812676,8.61794362343744,4.348334136399139,7.298486198540758,9.009668333593687,40.04780177395895,36.16216551224993,37.02729480917165,51.03516878813273,53.66192751957761,53.919309131606376,21.6337574791704,24.193922791169108,6.329105854177382,24.222673456196816,29.55740120218137,26.15513406731769,24.846039411161065,25.12631346110246,27.15978565407548,38.98779554739058,29.3746144300945,12.537998705039788
3.358575,7.007480650432166,6.144992650432166,6.424310498179081,3.358575,6.424310498179081,6.775275530086434,14.59532997883369,22.795532573560283,26.47064838149771,25.25711024735456,18.03824260600736,94.90194759659104,19.14213070706416,4.512945391282825,4.524742847083948,5.256339135562171,9.667030261456176,7.395762709100722,13.007996493086727,7.556548733741072,43.41487535541175,18.319552005601743,3.531870306221342
8.00631661218085,7.154588711929694,4.82726597247803,8.806948273398936,3.5824800000000003,8.806948273398936,10.108844974683995,19.137451702610736,12.835216523470931,11.41093102978028,5.441695800502313,7.198616984266747,6.966451518152429,7.424039040385877,4.166724218313368,5.161327800502313,4.75950639296406,6.24737338907925,3.942930053191797,3.2887999278794244,5.212771991234735,2.435413284509239,2.8032978366224035,4.841764591556008
4.872686778590106,9.058735473190254,11.87777726183145,12.417676228278337,2.6122250000000005,12.417676228278337,8.863725311879152,8.492254561647734,15.390584535759958,3.744302992225709,7.5007166847308975,12.607889169493554,10.465385334147953,2.4222449999999998,8.723160986807095,14.210840787480606,46.26446976954184,13.414653843530845,14.26974385429708,13.574290524187244,12.209930894562046,15.270713840970926,8.855062328687147,13.454888421426183
2.910765,3.062631000000001,3.062631000000001,3.2018415000000005,2.910765,3.2018415000000005,7.676143200000002,16.857242640398788,19.513493528206723,29.777425834041043,6.321348,5.296774350759832,4.595586418248678,2.699073,2.2492275,13.029811958387183,18.29629361155102,15.888111627609153,8.846264696285877,15.181966830854472,16.878481435782582,15.538635931416366,20.92792452942586,1.7602650000000002
4.392212003728017,8.488620345274272,9.519886866446331,9.952608996739349,7.822664687792103,5.909575476235247,12.444785214329126,41.486314117822,32.67647906734574,4.775952647104636,8.85952701064777,9.870356029824142,15.469444623153345,7.34556673991631,6.423472684911361,7.78899834527427,19.350998347230306,51.57633557964431,45.71094802771801,41.04090156037776,37.58171402710403,32.00027907259276,28.34333418742001,20.4080203077498
3.806385,4.004979000000001,8.041653575976708,8.407183283975646,3.806385,8.407183283975646,10.013447918178642,28.71882117304995,89.30302818890364,22.627996938538896,4.604115504617437,6.842958705250116,7.830190108539299,7.087047065830708,13.788550742133625,27.38065561457001,37.4840381582237,56.49543128455222,18.82885500704004,34.88949359609981,22.281926188821583,28.732371230588,48.13724390557079,52.4550680218646
6.515719651353469,11.305056393191514,105.12472830627064,7.167291616488816,8.109775433084742,11.818922592882034,9.1975794505214,9.715017036049336,62.35167994477592,8.354912999462671,36.94664131169943,38.13931687316103,11.34435217269754,9.071874718432282,3.593092664152401,9.812036039492556,11.49107977973812,34.61393589362729,33.75178190218317,46.8735429358804,11.064924241974548,28.52430639125332,27.732765774364967,19.02535050333702
22.88235090296393,51.739620739285606,34.652127433513144,45.76867632892024,12.99314167039619,21.24712372766919,10.118826150474373,33.696838848885335,39.45252451911296,9.237248008255264,5.568351820825815,14.174336367704932,13.311550675757674,8.881363045021919,6.845218159472246,25.50091045139953,103.24246555979164,72.58983192198957,27.48981647169068,30.495969336588097,19.53056780991367,29.813661169735656,24.306237087888256,6.43904042727751
25.462413434780107,10.153672911142593,10.153672911142593,4.557580249909668,9.125715452903062,10.615203498012708,4.900209600000001,21.85277258559132,43.31792304610312,92.645459812093,7.092601184691057,6.236360082017533,9.886671745184668,7.489374445062633,32.396698324098566,34.906042674467116,32.04960995720493,24.403792944911206,44.49716419692398,23.107327426821712,18.47631374394587,23.063115803714087,17.077212480537575,5.360128632725139
6.996377273546753,13.717167601641494,10.67485694860535,11.160077718996504,13.036977472634474,9.530785784684957,43.79033024220542,19.1577224359119,17.478797378503952,26.104893309279056,11.036555286211128,12.848782134465322,19.15981167108277,86.61635744806186,17.023039392391755,11.223137128615768,13.58225037931857,32.44997849034659,12.865728906542572,16.464631561956587,19.9193523770342,23.08075678920436,24.770536977500868,6.135436187590602
8.348202001436118,7.843501027323269,4.31752850455388,9.18302220157973,8.348202001436118,7.708524601148895,8.565967827323268,8.88615530503762,16.252828715971535,66.74080498149782,30.35779038956878,19.0341498123966,7.790851864035868,7.741060037695307,6.45088336474609,2.955546000000001,5.225215525444334,3.724533626536722,6.031972042715032,16.62793108331412,20.40777165229683,29.06497662060773,18.97960449101999,5.048517415888245
7.49106420064631,7.881902332853945,12.610435153352348,10.082202535698794,15.26059961446681,23.59237758463724,14.401583454790517,24.00295488763816,8.76203278367734,9.67170284249485,9.13730318506709,13.68984158116229,4.294282471748703,10.996805460468002,13.32030253206087,39.81428620851425,33.17657070111191,49.75278556962393,30.247690242093658,20.544794210229355,19.935988650355103,25.56763341225153,33.84317105234487,23.780108410127568
6.307758556883418,9.747166156045685,12.300517159375197,4.269122,9.263835602853334,12.859631575710427,11.387672578743238,20.545981341586625,31.309002131464624,48.31780792732663,29.64771653743497,27.36296304316261,29.972521216054687,66.21318310911514,16.479979871417743,21.138499558439438,10.44417895503582,22.800505447508108,44.58900358574466,28.28448444909127,33.488552956159594,29.974207596810977,16.648716924021702,5.442183607989894
4.17956,9.88418314446528,9.88418314446528,10.33346419648643,4.17956,10.604806696486424,14.121057773358334,15.244751013884729,14.909578886859675,32.41998927411134,38.26565921148763,130.90885563433545,23.35569282550961,16.213134356299754,20.808895093418,26.835121611748153,18.979748539076592,6.732990209939509,30.5373789549444,30.970920178908067,21.46322067835188,25.88314130935596,32.21198082830626,29.39816344750805
8.69767627490258,11.164929001997066,6.94938760234785,8.15910180001067,10.4199341705208,12.303920336541797,16.322105134117535,13.598191389642816,8.965919513582353,13.855236799303915,10.553470592871095,9.314568685826536,15.484856003466057,13.388392651010456,6.868802294371739,6.378802235095731,7.001032356784318,4.051202411498411,7.170792098351637,5.071443770545247,3.823825986028994,12.772829262585192,16.163659077414547,23.608576338750147
3.58248,3.7693920000000007,3.7693920000000007,3.940728000000001,3.5824800000000003,3.940728000000001,4.5232704,43.61574232100371,20.02434505009745,3.0337092,3.3644160000000003,3.90816,3.670272,3.321936,2.76828,3.0840480000000006,2.2423068,9.448682000125736,11.105069995641392,1.4715955584000002,1.2634911360000003,5.646541772327735,20.879871928466542,19.42617839788865
4.03029,4.240566000000001,4.240566000000001,4.433319,4.03029,4.433319,17.60570642751545,11.952014947634074,24.712948021711323,23.16165022417353,3.784968,21.513978759080096,88.55415305680907,3.7371779999999997,3.114315,6.137237820315747,17.884807042730408,28.73733509765765,10.807637335820244,2.8867755952677063,15.060535506032023,18.110772184504228,21.58077022605849,4.772479540298179
6.249206359487245,6.575251908677886,4.548797530188302,5.896327330290646,3.5824800000000003,4.755561054287771,6.76795832694231,4.916792612355097,4.404949253718086,3.284623907460845,5.72968633624086,6.332456690442949,6.402348965925272,3.321936,5.063532186876507,12.943829231653481,25.51495676702312,10.136688714992196,15.63270857425676,21.85687898977116,15.460362991826578,22.773198938998288,60.65414683890756,3.779164320164223
3.955655,4.162037,4.162037,4.3512205,3.955655,4.3512205,4.994444400000001,6.05001474,6.01342866,10.740299306714013,7.260450934990964,4.34286,4.052592000000001,3.667970999999999,3.0566424999999997,3.405303,8.668312353169547,19.04647408904825,37.46509502251939,17.88440089212263,31.620520161846223,18.800838451713137,11.628896403703676,31.02833609711296
3.731750000000001,3.926450000000001,3.926450000000001,4.104925000000001,3.73175,4.104925000000001,12.512340296038268,55.11713281025029,26.22646460490207,3.1601137500000003,3.5046000000000013,4.071,3.8232000000000004,9.1340105569235,18.482961987308244,31.398500302486035,40.67465457430464,41.267405194735744,36.30587491648091,30.352830487229298,25.343757615957536,27.55344822716184,13.77160218686908,11.65601285810815
3.209305,3.3767470000000013,3.3767470000000013,3.5302355000000003,3.209305,3.5302355000000003,40.704619785844216,70.66218054335732,4.823949594177697,2.717697825,3.0139560000000003,3.50106,3.287952,4.580576301523249,11.255799059257571,17.878355255396315,26.887838162380543,13.358573591062203,2.495810695345212,1.3183043544000004,1.1318774760000003,1.3973796000000005,1.552644,1.940805
5.587937038747916,12.686999900146397,9.199339022166516,13.344622500155545,9.647006538803902,13.478275659950423,17.556009042430745,29.731817670463837,28.519757145652573,33.889221066633645,11.65135008129584,10.113088565138725,14.708449655165397,10.381288518675806,7.506634366131304,70.61950642043458,51.61035670676187,31.55396921545013,28.51944631884392,36.39897758279245,30.896849161454007,25.48975444249797,36.6130003853111,34.60815936511629
50.31143958559681,11.352968069293102,13.30365703973763,16.129833343428853,15.271654878225132,13.82659331324453,12.105782773802682,21.26355049431448,43.39278154036836,43.37165644643484,21.18972399259729,45.42082786228666,61.44100673182882,52.09374297072212,87.94447646562851,9.876345264922794,5.911546881755569,5.99830318033923,5.532243214597407,12.835267622821878,14.558605106350257,20.37872853401633,4.728202999302215,7.273899049760511
3.2752324206000227,15.430835327638071,15.88368555185726,8.87411594487688,12.123623067617258,14.094805874565436,10.725885988814465,7.73413683519408,9.268682446138278,11.32239509974485,10.989473217083752,16.46843430620812,11.05658720460288,13.89571710549213,22.715664815466397,20.615520004893046,5.879142522483913,48.99658561375327,27.670530339206472,37.09921421438404,8.887305961631888,20.65296829631753,11.437592124293808,7.059668160396102
5.514279678949186,3.612334000000001,3.612334000000001,3.7765310000000007,3.4332100000000003,3.7765310000000007,4.334800800000001,2.4665374800000004,2.32584372,2.90730465,3.224232,3.74532,3.517344,3.183522,10.756399323186386,11.532561386113581,29.181993579913275,15.118925552596414,19.15660906879115,16.82672795755615,14.08991698128132,22.42521800995712,14.188853993959643,13.224194661541995
7.856492826340599,4.126626784026927,7.709757195585445,9.641318499886648,8.159273550859384,2.716247695455994,11.598022134602784,23.031601773281988,25.524879762832704,31.7247647054922,18.643788238337034,22.0538489432324,14.211149800944545,8.952788272436145,4.133597487093617,7.545379695563464,3.780371034498548,5.809000779097013,13.493475365285429,20.708770772405416,15.443581540783388,18.48814884016756,23.08000707406073,15.765114722198726
3.955655,7.414520246447035,4.162037,7.751543894012808,3.955655,4.3512205,8.89742429573644,5.062707956706232,2.67977646,12.21939155102284,22.49648143276946,28.34548118252657,16.766239611063213,21.401484831600683,3.9855646393193833,3.405303,4.410692538039519,5.020633682187439,1.579751019,18.78692853700019,18.290281234731896,31.99369980982856,9.291027860116117,4.261538684096153
3.955655,4.162037,4.162037,4.3512205,3.955655,4.3512205,4.994444400000001,7.740916501947567,37.5968502479784,3.349720575,3.714876,5.317949385565724,21.316712798880502,65.71642971726155,27.54913998020789,3.405303,2.475880425,11.097130576092122,47.925708896164615,15.185507759766445,11.2798123378101,24.96661417190704,26.32451416347264,14.378220818661829
17.148427097757757,12.57694545123035,8.059387985753196,10.442925342679349,12.861053179529293,14.147158497482213,15.092334541476426,13.062738997096227,6.112644274879068,28.870044537016724,7.834357659905628,9.078833017868767,11.210149875753363,11.213911760187877,8.751766385828374,20.557797761556305,28.509515568919984,22.606817694500503,18.550644230678635,2.8379918753718183,3.4530012295377737,2.1896911383886124,13.162937688721817,9.847499818926416
8.016937561377041,8.435212564579324,4.162037,4.574591040875736,10.13848211720602,12.3922264106781,38.85324687195525,66.83584087501389,25.58173460106136,31.686908783096595,45.45910960879721,24.972165830925288,32.8061448563207,8.345381692137604,5.00984421833789,9.077534147487205,5.8968148741685,2.293960509771507,4.048957114755835,4.331469203030078,36.29299313877229,12.43621383754755,3.3873435222704056,6.131176932539607
33.92312132295124,25.945144791193737,9.697987468978312,8.319862170523443,6.060226453469683,9.298406476121066,9.389152522012251,17.97948445424956,6.5754235868013255,7.805204076976926,5.794996841814631,7.557291315707486,9.442969015624257,5.721827689771517,5.353081348626136,9.190518093550105,2.4291657,3.090697872093576,3.680987359403032,5.635283711965935,11.737181208677251,13.902602343487615,3.351494409574626,5.573974766167097
4.638724822386571,6.559552905211036,6.079730441157185,11.329787701585252,3.28394,11.329787701585252,13.004625883558724,5.119007851176189,7.624585277762947,7.095629804624788,9.06658199425132,6.629360251042572,5.919857739849518,8.078877426174682,5.815111311219387,8.205421694479645,6.086098768532404,2.66476969184229,3.562603780452248,5.163427643891952,7.568563879885042,3.937608910041961,1.993997747440022,6.228737040397208
5.853818033518955,4.319095000000002,4.319095000000002,4.515417500000001,4.104925000000001,18.080295656773423,34.128246074614786,26.63644321202636,31.782028201286547,44.49064195618,60.28197256742507,39.81129815790204,4.20552,3.806385,3.1719874999999997,3.533805000000001,8.666987328138747,26.17294865157546,19.758564947716536,21.526110379863127,21.80640364599452,22.72792256733445,24.13115125655898,2.482425
20.548705394079583,7.300026943024991,14.055854998930826,18.007650671134826,14.344680081202734,12.466254917070406,13.556157453355429,11.761202359281896,8.515113875198196,6.2518289467789225,15.37412073108744,13.714917352301818,7.914210989255628,12.986017328160216,14.314069414021176,22.589644981797658,16.73603035377172,11.524974897679602,15.783310323278574,15.273925035178385,18.45879941621558,11.390346796247488,3.859781893373384,16.106589485447987
12.490535161537805,5.762087975761025,5.762087975761025,6.024001065568343,4.922816915048322,3.740616844261392,3.7693920000000007,8.114031232426397,4.3012241048040645,4.637485117832157,5.143020672580088,5.974215932795049,5.610568006451003,5.078083542875792,11.252737268000581,54.61498742541307,14.323016653698714,10.083452749221625,10.803651619643205,14.184228997838106,13.818762536736331,9.35677991989804,22.300337569238483,14.714869861817062
5.574739944698843,11.919126540885353,8.803993257489855,7.987432404661354,7.623212698191873,5.860289144919309,14.30295184906242,12.521368200633102,11.42563703633579,13.467780239320868,6.580606794859911,10.694234171165276,6.368431396911582,8.232793361608646,30.623423037381812,67.56001008548297,16.74146077801452,15.181899009630884,10.311899297863205,14.81014065441481,11.982214008389937,13.995413363638033,16.77504644391845,15.30427053646172
3.43321,9.459020504340325,4.143850954940032,9.05546075701802,8.989978165282125,9.888975981810338,11.350824605208391,11.976966742069877,27.453035165867867,42.15623842897917,34.090762270095404,9.807248907580496,13.02257439278871,16.718760344738747,16.49518219960192,66.65487777471917,36.513405870999016,23.481892248511013,42.21080631091679,30.96843966540821,41.88934337824015,29.750557726578453,26.581997623690185,14.201331923678085
9.046211700183292,7.672856449861216,12.554482454538428,12.984509636496064,7.544197388047726,15.895409230941253,20.282450529417904,39.57207598687119,25.33203181060784,30.903457623621268,16.98749352815921,13.729529251680695,13.192582064028706,9.890500377267067,8.210254144592277,30.99105755101873,38.09365954308081,35.93606785732607,42.3923785658907,18.52580340816689,23.012467090109546,27.382698166733547,28.13219344586992,6.209659480993984
3.657115,5.9297087246190765,24.747543620948733,43.48308198264847,5.331279953364992,7.036323416056982,21.380485780640896,30.266526271589136,36.8221867656078,43.29898176183268,35.13974624268083,59.45869020887616,94.05728193860891,16.63101977571757,22.882515854315994,68.68912116685804,38.9765268064527,31.12227940073252,30.563189054045363,33.29638229626443,29.610891812897737,47.49984401194165,4.284941813657542,32.608478162098564
3.209305,3.3767470000000013,3.3767470000000013,3.5302355000000003,3.209305,3.5302355000000003,4.052096400000001,5.14119474,10.779225066523376,2.717697825,11.591017230979684,28.158379403334592,84.5449367514889,15.374468508973754,9.23855243881161,11.2542643755418,52.23609115139792,18.203712865617955,15.363876179841046,7.632907968224346,3.304597218338249,8.00595783856919,1.552644,1.940805
41.660019809180135,17.287658526634324,9.797510453099326,10.242851837331113,9.311683488482828,4.961458348848284,22.573230155307787,28.07377164093124,8.840901056979169,12.12568579669206,7.646040694001352,10.158200169253991,9.539874941560273,3.7371779999999997,7.195391786554912,8.016144916172175,8.958080363328806,31.123146487843226,30.114467316402784,22.841643073823747,22.654462866236383,47.39012552874191,23.15237264096386,12.667524585417864
17.241042843792606,9.74870311654896,6.444426689340439,7.025227742741504,9.265296350439094,3.858629500000001,11.698443739858757,56.86976628928996,10.68989431029,5.851492756741413,6.735140775440281,8.394635286298785,11.658688705853667,9.143776740251301,6.9573226489809015,9.06696655420302,35.88075526675129,16.366404609303316,5.703873219693725,9.660443167856798,11.988012962672348,11.635433305856017,5.943477034819395,5.603123879909808
16.535837390948743,3.612334000000001,3.612334000000001,3.7765310000000007,3.4332100000000003,3.7765310000000007,4.695680236928255,8.528880641178182,10.591415820000002,16.167362995396676,53.9456719144711,21.944340796179905,5.374750757594144,51.00267593590672,9.434191905320382,53.950424028941846,16.21436957753832,14.033916759141077,6.453256514901928,3.9721363862139234,10.365382072493304,34.971403639100245,14.111083096447995,14.64763067979289
3.731750000000001,6.410481988734179,5.582471325822787,4.826297926021289,6.0926068487969465,6.701867533676642,8.258631428569096,10.467099570779734,11.40093632084602,128.27466182763126,3.5046000000000013,6.646480198687577,6.241911838767464,5.649508168884441,4.099823982713578,10.516475793544105,18.814616954053587,21.898993407014792,71.67006387226337,35.19890318766445,23.24726364881333,17.281650854488923,1.8054000000000008,3.684461849272462
10.622655443130984,7.7302137731904175,10.273853815714682,13.179638533113062,11.573839335829422,11.684920987444086,10.161359469744689,7.613477415525555,8.659545050322983,9.225594858315947,5.979519734374495,13.811898154658724,11.16140020665823,24.733097513176155,26.865414585958867,29.15174283659502,30.382229734430204,63.876326084622654,32.861948363828226,54.201003209189615,26.23814340385953,19.39898614654619,36.36657103904044,37.75520459229222
2.38832,48.227118998717,47.14804809197143,8.221924261883666,7.474476601712423,10.883902425388577,11.449811152770817,23.606237432162228,31.340429267973853,54.858114917547326,35.32338601165608,8.15397447459537,27.621797687796438,22.500784566615188,8.109746865196875,21.808266746927295,50.57016831745482,42.92787717458362,26.432557754604368,19.894974092407423,18.073959614704275,19.89298431042377,20.34561595659897,3.5414686527003263
3.731750000000001,10.166909553925866,10.234189335477511,6.51826317098779,9.189501088708266,12.25364068290158,30.730460786642496,15.996362059676605,37.47779719842391,8.607557267218075,12.32517921765882,12.718727251622717,19.865248374616677,11.544590477476195,66.04493591127171,25.797374875632176,33.39898371753948,13.611922737688698,17.95160846056678,14.780734390507286,15.261164689505245,20.07491579715251,24.4267926890818,19.57072818463024
19.1918580186732,13.763032654857808,16.775691573022165,9.19596190187739,12.2552958562796,11.330990249734242,16.493709195470952,30.00246425422728,38.37293217886278,40.18322716196728,34.76648935401114,13.732212430707522,14.193096929044863,14.36895424944395,8.647975587251874,7.051330505046127,8.00051433785572,15.0063132710134,18.93693984996932,17.983932201837135,10.502434561797406,24.656530326168102,23.529545281985097,8.197290187035497
4.49834,21.004456305687064,7.964720214147735,8.22656495115445,3.70341554101404,7.534430308481281,10.113489856977283,18.53901918,15.933332126340808,6.333095249587081,3.084048000000001,3.58248,16.91442132431381,8.051460134835297,6.197743099872911,15.094039543895013,30.371395393076195,57.48765131745305,19.011488000677424,5.147841725020476,5.090646370591932,3.2563363098065903,3.618151455340657,1.9859400000000005
3.731750000000001,3.926450000000001,3.926450000000001,4.104925000000001,3.73175,4.104925000000001,48.671328474617695,55.43844017692332,16.94150968350328,36.4015235008551,23.677342090658136,80.67367865471,14.295756621026499,22.141923082069535,13.900804455173457,16.78962433412936,46.20044730349585,34.376174047288366,23.735201574979683,18.71852088675264,19.07400354191313,15.840977907823072,40.90282893310002,55.29260011711239
3.88102,9.654393402327829,9.841492279165925,8.332799124911574,7.527259931633187,12.24486654970808,5.57376555661714,30.676255351032964,7.54121863871278,9.426523298390975,40.967397290250815,46.5869489854762,50.179573388254546,68.48846848876737,25.836323078461305,15.810579878864264,31.81458015251628,50.600948297856746,14.880668068929555,16.95938563133256,14.181226465150894,18.462383545820487,16.0059501488579,14.085264093905211
5.776591752973267,6.077979148780569,5.327636885230412,5.726691944210463,4.2076942928229375,6.537928928270596,16.800126632520385,18.946389154548104,40.27572773123167,25.77306875987925,13.570853290268174,6.301736457789018,19.244303996072436,21.504415567207616,13.046310349036885,61.19056791160215,25.20004584983849,7.909802273957827,17.353304960345582,20.16260337327829,16.013498040854312,19.973140777292524,13.632883824385356,24.1219924645338
2.761495,8.728941119258685,2.9055730000000004,9.125711170134078,7.79295505796205,13.506694258078646,10.474729343110418,5.41314243388389,13.813728394904537,39.36789731139103,7.791120999007751,7.952518965999102,3.6023820990259465,4.660150060549618,4.466650345055132,10.346741620603796,4.405295927200765,3.7012888973936175,3.313174204828046,6.353700721462595,11.64054993263062,25.2737376528196,5.6905201913742,3.343502367104769
9.868851232229773,5.9485160254571205,9.908344780703736,11.645109046520512,8.003061235160514,7.571556680777775,12.874377878314585,9.470228029744447,50.107305096575054,6.697613639508875,8.477726032643382,7.296356219349368,6.93998998274344,18.65707366979212,11.124270043705673,12.914994170619565,6.626163288040804,5.761775092987269,13.083361722002095,19.344442963870705,16.240335996953345,19.40310314266701,25.77259280994012,8.038817063974236
11.775064829417634,8.114738516965014,8.114738516965014,8.48359026773615,3.806385,8.48359026773615,35.30299408485308,41.89657771796574,25.654175333715862,9.944854117359649,17.884061557655592,38.376435705024846,25.569631252978752,6.427076407002229,5.959546882293988,6.639331513880465,3.7270810748119727,11.611446231901304,16.63397409359842,1.5635702808,2.7200408413725814,3.3580751128056563,28.58479440168488,23.92481660766567
3.2839400000000003,8.992171723017124,16.290005001769497,15.880011690467889,5.3439671467477305,10.914787119738026,17.844868940877213,26.210173976858044,13.531804188629634,8.654394806259585,10.611036231771664,16.88971217313441,10.591090527255647,11.472841547550555,11.155380113138598,17.01108560837972,30.17323878891749,19.724301899794668,14.911662669871758,19.578016501011792,21.20518614375927,23.6328602583484,26.565856719131745,8.35081083190928
7.972750396206885,13.362557969177802,4.409406660925272,10.477895717814278,10.977032022092418,10.099634328598423,14.445140320213804,26.31622030626036,29.579100514396835,5.969101221125572,14.27218410697662,33.22409818884414,30.367822026860917,8.796587797904339,6.160761669796228,11.837336154251268,17.414532850081322,17.04561402772599,20.241812437626844,23.01600597691168,16.43572672770802,22.463030797854326,21.47181168147525,34.78325279284006
5.17006960846843,5.692115074065122,7.237072013872102,7.566029832684468,7.92702858507208,9.063465867689311,24.22867035421285,15.183133858249183,31.22010403781251,34.743852767633726,77.00837957875699,38.58142999864084,77.41226771737458,14.237107334403326,20.420078235714506,68.49609921895677,27.510982694275008,23.29404139772205,17.244276268382535,19.6204926232587,41.42189803747544,17.920030071648775,23.0905636341287,33.41567213707598
3.88102,4.083508000000001,4.083508000000001,4.269122,3.88102,4.269122,4.900209600000001,2.78825976,2.737488768891556,24.23242985013468,23.14762722640709,4.23384,3.9761279999999997,13.362383378141814,13.392689603211762,14.994547493236091,17.335805818653636,11.753117770749274,34.46383900387524,19.365141790753945,19.727861446104583,25.57538862856625,27.233732633017297,5.627447642518844
5.0602164267358845,4.476153000000002,7.197908167878983,6.102350155936742,5.40388037853474,7.525085811873483,13.889549490934062,26.609178952416205,14.829822090032636,3.6025296749999995,6.424579191164712,7.462895020039815,7.008631844906957,6.343460767033842,3.2873324999999998,18.896316194895707,28.73994723541528,22.92816047972941,16.31611423410494,17.9749202044773,13.541946260359971,30.48954785330317,13.71512683841385,4.137039630674246
12.768226139785614,10.290624805071133,12.968303472879498,7.437261938487022,9.133809771487256,13.603139395600618,14.07652380933999,14.356886979703129,16.12458707815238,7.369677157356538,15.6407701886539,17.84387878771863,19.308438966469527,17.800442887214498,7.724072035525537,15.61330702877744,41.51284249889284,41.81236595648464,47.98651893486286,23.631809924334693,13.071742011946606,18.89569619431956,5.139092802072012,5.262949450748211
4.104925000000001,4.319095000000002,4.319095000000002,4.515417500000001,4.104925000000001,4.515417500000001,5.182914000000001,4.302817385859173,2.7809001,3.861766125,3.855060000000001,9.294466129698936,4.20552,12.275969711302462,3.1719874999999997,9.98329507210952,22.709808271504944,23.29782180660208,18.41265735244784,19.613548778457066,14.25991021906584,37.35470226246156,20.500476543718985,28.10862717894977
3.88102,4.083508000000001,4.083508000000001,4.269122,3.88102,4.269122,4.900209600000001,2.8373360400000007,19.12517737190432,31.1373721634596,20.402257404290857,4.23384,8.22165826594935,4.677923999999999,19.861634397018992,33.670235098706186,58.521496706516615,36.16351884111105,31.55622485375784,22.449642904807387,17.605271282196426,27.984833421308146,16.904390201297932,2.34702
19.27028110447473,8.456437553746069,7.258706588520847,14.407950381002014,9.781845985374584,14.407950381002014,31.99424587626048,25.70984453919937,25.39612271362012,100.32219434056368,39.54908660362513,37.90198038645232,25.51842809398424,15.384007419328052,10.121287457728686,10.052261360021088,5.1136888856501,3.077872761251,5.230940214610906,30.03003501645157,17.28135179841305,32.18775400888023,18.959663002417,15.51177855322202
5.96478032889326,5.590440944322291,8.561137308343378,4.411138965445648,7.267882993339889,8.950279913268075,10.273364770012057,3.5051437593566144,4.335131820854363,11.85070336223261,19.5045554895301,18.447514681142994,11.661919191873341,9.786073258910413,22.3043532268421,27.612256894554896,10.997994257282922,10.896079387445976,35.46571897874618,29.111726123638263,32.11188858344402,17.98236617985121,27.085385758536447,40.41048734567546
4.966981494190126,7.562933807908505,8.724874927881594,9.12146015187621,8.292236501705645,3.7765310000000007,10.469849913457912,7.717384386799316,5.617613310064588,4.216531191502961,6.12812451801539,9.046076183678885,3.517344,18.071833497112614,13.530418352903716,5.8075832944794,4.007562931498224,39.91350056277331,30.14976608707124,28.564665663213983,18.169795724962658,25.947696470193783,22.83790153544994,2.6104759394617063
9.04894581526025,11.36405378669736,4.414994556718948,9.65615677204818,8.53324111935015,12.621663720441315,11.425277672832946,5.459960854508123,6.145999960951224,10.287090116187462,8.498140417809628,17.028660249415285,30.287402710913135,87.63889501375967,34.737205438912746,21.66309554495748,7.181830968201528,4.037169077586731,2.830812508792255,5.468054408869138,13.189525966269809,12.441620185520112,19.89503432400869,23.29461291993446
17.910473039817056,9.11828270478456,10.289474194736686,5.553360833460162,8.10957851552047,31.012939104621,70.66545096982425,11.443508890726552,78.7266234647599,33.1862654024013,27.13077232021931,27.70720305465708,32.04261277474187,47.85280112323624,7.5566949852405,8.41866070478456,19.891894050703808,11.832208748090324,11.206988931375516,29.81265716844836,40.7740109027715,20.09763837935113,28.38339420001552,19.11596742559588
8.588656379395466,5.429133868351615,10.42430877593388,4.515417500000001,9.907400902747074,10.898140993021782,9.512065586571298,6.484410035920833,15.89536316669811,12.89043534354112,7.221220858681237,110.66175404049464,16.87717813223358,19.137664178027443,10.381077882089873,14.437224131362168,28.425089103229844,36.10402036276431,9.283113815459425,6.88220363020814,17.31298507037981,23.61875637848584,20.09383373506857,30.07628010760279
10.135976777043131,10.664810348019296,8.470813600922247,5.906777033112939,10.135976777043131,11.149574454747446,4.5232704,12.418688912341768,18.94240032771288,29.06745335134393,32.90973989292795,17.758135193681223,15.688090708778287,19.824493990342212,28.350902743772576,24.159833881957944,36.10797324661142,26.335555257612526,26.77204344497489,23.308372832099675,17.948907192735604,25.66627495205596,24.093453325354023,40.24805969796387
3.58248,3.7693920000000007,3.7693920000000007,3.940728000000001,3.5824800000000003,3.940728000000001,5.4177024000000005,62.46230741061323,26.77785648640416,14.381509005362505,3.3644160000000003,3.90816,3.670272,4.186420545156305,12.638934226958987,21.397907248785483,56.35097102048755,47.75648334592415,19.6001814799852,22.508289200123315,37.04343778235764,33.482412600815024,41.258555617806834,17.96717770946691
3.507845,7.5348181697802,7.5348181697802,8.29475990477021,6.613188949140614,4.260497540477021,9.04178180373624,4.488675893846529,2.871400686716489,6.0642265919780565,6.725292250712906,7.812208170020041,7.336682455323169,6.640376944517034,5.533647453764195,16.75470620946147,18.792324596976947,13.434321680572744,20.684736916296867,33.260352408671544,26.43987552043661,26.31594860975629,26.541673012577625,38.19208035483991
9.802981013778936,10.314440892758707,10.314440892758707,10.47225406446788,5.561730322566024,8.545548709645255,14.773129071310448,19.06498314293485,5.491772223119378,4.47033647958721,8.675199474214427,10.694161105940656,10.04321216905731,4.108495219097665,6.701076095488334,8.439088003166214,7.543494437345549,11.299188452302428,20.717516892394052,70.23990140640834,13.066677247811858,12.834588361735731,9.10990773864485,5.928284960901886
5.872853604367887,9.515402954094569,4.162037,9.947921270189775,8.581027537346923,4.605615989554081,110.14446597279093,73.360463946028,5.010329014892408,72.72183017296157,12.937082297906754,27.190662472519858,9.265185746436181,19.945274678302813,10.935457926145155,26.327975659690598,30.389347891485496,20.97734745755339,22.89536825419981,40.09681930222288,17.455469142176515,26.44207582176953,29.0597982442364,29.098277933637327
7.606945396884708,6.57381223899211,9.919776153211629,14.130684838778247,12.846077126162042,9.375378902205073,14.862701062950832,16.652253418340393,42.06475359878426,32.70149889744192,14.471800667889337,14.856997436916805,14.622954397665074,11.914871967148075,10.513014142943394,6.95860678134854,9.562909670941252,18.6764698874072,24.46678604331261,25.733177740893897,18.96277868297657,23.079467585572377,10.229581028625434,5.46433724998033
14.874508221685383,7.567981573561684,15.904344570990745,11.573346483427816,8.079013898380559,16.627269324217593,19.08521348518889,14.944076595338847,33.29468610891629,40.00656769975316,40.56102125126454,33.47574113656906,50.435104221509405,37.01447391844587,21.04193080504823,10.759935837910797,37.04609765770107,30.31281470390168,33.41569862275477,33.11867148913808,22.450759938874967,30.267952501808697,46.2224760539965,7.82838645542405
2.910765,3.062631000000001,3.062631000000001,3.2018415000000005,2.910765,3.2018415000000005,17.724574807853248,26.30847759682817,1.9719109800000003,13.51869370255704,11.344895261282431,12.937246661317246,14.563019019872883,2.699073,10.373103572989034,22.223716292853002,25.3927413103399,20.03739912516563,25.31879895310438,22.373861710261743,39.313534622187206,38.81449982520618,58.22969730509052,29.309887818604267
5.161045479902929,12.108872269265383,9.855151968505986,7.406829034803565,14.26080579571594,13.075994249462743,8.492102029350148,9.5530736658884,9.75563384389194,9.075440422529455,9.558346612046456,15.053110156083896,22.96306308158012,23.120189723362056,20.142331937768493,19.037356427452625,28.23629332295373,23.821411916752982,12.907611047844432,14.036934631912091,17.39860767026692,31.91093163104116,25.621121662607973,23.588964455637463
6.978686399506198,5.452981291326903,7.342791776871739,4.515417500000001,4.104925000000001,8.46683942432102,21.544454807857665,30.834569273341604,27.47765436972275,18.722285246672826,6.3852194930435,5.261853108956236,11.485860707301702,11.398013946354217,4.775106822491944,18.285981914420866,28.25516661143383,25.08340166249268,27.95705884698625,28.37617125796577,13.866064624382693,31.16874665674292,36.7765897866907,35.69174352951363
5.03312536214299,4.07593367911519,3.533805,4.686281560653924,4.646690663186915,3.694432500000001,7.168060867222019,11.401115751015166,10.538167044112624,4.69846197358149,3.275110862281902,5.912247339380796,3.440879999999999,9.127780589175536,20.75561791722369,23.301878398236234,14.73301750618798,18.749171563680218,11.180138448394205,4.827439125212395,15.94757198326912,11.79967027738332,12.953330028211932,12.400492675617516
6.002326553299675,6.845557694907793,4.162037,7.156719408312693,6.506108553011538,4.3512205,8.214669233889351,6.929048842523684,22.05461407190552,16.218658388151802,4.779413135170034,6.324708253887876,6.665546786326445,6.214989425444962,14.141067101256589,21.226871075708726,23.365623751824025,21.65001069014212,21.78431838408074,25.636199849101978,15.179707075631873,17.035525553608412,8.722209656525253,3.677462620588818
3.4408000000000003,8.650829711164022,5.645555323256377,6.16399462174483,8.221862948626962,7.734933506332919,19.612573850414066,87.88366891174371,5.569938426651648,6.962423033314558,22.16930867116588,9.996557025576934,8.423347337091334,7.6239092796359085,2.3068999999999997,32.29294324656566,32.6738266553752,38.68388959201913,37.95564044114357,41.64805579201142,36.61547624886785,32.64073067996539,38.66377449631596,49.232259258590645
6.167002063964794,13.061041591604374,9.382301371267086,8.345298413532273,11.561606922191876,46.04787758265172,51.28875690358712,27.371538233933222,22.04478791134988,31.438856918819816,23.43892669097851,27.109141734568382,30.410262157159064,27.965637115368523,12.31085166040863,29.245693867874238,25.847965207778643,18.781132828707456,14.851303988331711,19.822967331692908,17.334169935287015,17.22638606584169,12.067103876269291,3.9011544712407744
3.657115,12.539372568628336,6.829076100468841,9.708403070028933,11.917585499109578,10.276960727031828,4.617505200000001,5.4124322339276105,9.137351582926977,19.03461438401869,24.094649285238795,17.60592238092985,6.659189452473316,8.894091970543519,8.410243326250026,8.042838829850995,3.900671043338201,15.498450214284418,18.123076022846394,32.59174597495181,29.06340010222668,23.507770266105656,5.765661917355779,7.207077396694722
16.365115590362716,3.455276000000001,8.098471272031556,8.466583602578444,7.696894184162221,8.466583602578444,9.718165526437868,7.328968008177309,3.121592841283006,6.331021446745228,6.6431515800910335,22.07498969228012,37.857579625473974,24.438502821459434,16.268456264917315,11.356844130813416,3.712712784979466,5.731079864415944,3.3458551887359125,2.0349917940490685,3.3559879828427626,3.159196679978574,1.6955001407394183,11.747372239723116
29.45571787186368,6.492786787798884,6.492786787798884,6.787913459971558,3.4332100000000003,6.787913459971558,7.79134414535866,2.4665374800000004,4.180457116008929,5.225571395011161,5.925763273321635,12.471770578165676,3.517344,3.183522,2.6529350000000003,5.312280099108177,6.661527085209614,11.952411138725514,8.450026922234734,1.9725529831363176,4.345500556659582,10.756272041226316,19.16003997237376,22.34157657750336
13.874767675338568,8.581322275442055,3.9948598184675856,14.916997499789495,9.152743556706564,26.983287879268275,14.300344692966606,5.490978771200252,13.172277917093986,7.55788915733833,3.084048000000001,9.881845918923904,9.143760039123881,3.045108,2.6749450569223803,21.606200326572605,27.756411491116783,16.91306447286672,14.42883387429818,17.498605655345255,17.55416596574939,15.232190570076677,14.62802979129736,9.7876818675963
7.8525906720660705,10.810197747436217,3.533805,6.358153133047003,7.85259067206607,11.30157037231968,12.724975085129016,7.762713672635307,16.712705326820355,5.5866568290406535,10.50228124530418,26.08527477803688,24.50832775202432,8.958692051190049,7.939119683034483,22.804850813099403,14.77644596197419,21.447550209554173,30.168991325083503,13.642415222892064,5.664621394644046,10.289432454063316,20.35875614059619,35.34674141819031
3.2839400000000003,12.264602154443434,9.710371866169709,6.282665665013444,6.25640291160957,9.255128576623012,15.357950239403651,18.528608076577544,5.793974661744859,5.066280308224407,11.07357367280606,12.421865010465789,11.942091955040338,3.045108,9.007249140472165,10.034674489999173,5.604515841267421,3.1518604915474007,11.238919877605124,18.65105878868616,21.52844516224309,20.999571310679748,28.998863897314585,11.255962577923706
9.034398740776684,9.505758675078075,6.833897837539039,6.89059237038834,6.725878858605463,6.6366551833495055,11.406910410093692,12.899916542046398,67.83961571371766,20.496598825079367,35.67440370285673,52.75037207662086,39.97154591388774,40.89842472704402,44.15813556232535,120.49370878600999,37.96649417891992,15.368115693150427,19.75593659159408,26.549077260687884,15.398360243727756,33.0159090869411,46.32547887176657,20.222822787901794
10.469533807417369,5.070663668535575,10.124004351087956,11.516487188159106,13.480233807417363,6.683374500000002,13.218924424669584,7.521677244946288,15.69690239999073,87.59165463678823,54.87017692291784,92.91763856687191,110.09888042191258,36.52805170725253,89.58761813335087,26.995267354686497,38.47133375538077,27.765366974302346,64.16130397449324,56.53665559575504,26.37137589605332,28.53499284398938,28.22115009755306,34.786202641035466
3.88102,6.344832658386643,6.344832658386643,4.269122,6.0302128571443285,6.633234142858762,21.80999053940869,21.343302376970733,64.47865219540964,47.02287180839388,26.181609294912068,26.455377933137683,25.960538970499286,20.433849919622798,6.567715240765094,5.602376658386643,66.5270983225008,20.955422096848583,22.148337710389537,19.923155658175137,20.5958968817429,30.04142679228247,24.971191383522232,60.91714087385965
14.754851916179392,52.765040382563,6.705363267834108,6.537933352314786,7.446091267906293,3.940728000000001,10.48555051314003,2.57377824,5.626037489826408,22.69601028120611,20.969450047301795,17.121953530510446,22.873101993734256,28.763730293420366,21.90610901151744,61.511233927365,63.53807611282275,18.411255086650726,17.167937328106248,13.3959355956555,24.370321969526103,24.88478200640641,16.76625154867019,4.5029721896824615
3.2839400000000003,3.455276000000001,3.455276000000001,3.612334,3.28394,3.612334,71.19074768029306,31.41692321607714,16.23759817844154,2.7809001,28.93137908458995,24.04537347516161,20.065551989843808,19.27771867319047,20.479188735274136,68.30894140876745,6.985939197136272,48.90561122900459,3.8417478172196735,3.3506394209106998,3.4962595797770097,1.4298768000000002,1.588752,1.9859400000000005
20.61802492783924,9.141651278401628,11.692383515898426,5.217194564083029,12.505104882539497,14.267082486667285,19.87994184785553,22.497099896795195,27.08635778011455,33.35238081587011,47.20927356432984,3.90816,12.81155409309975,9.873995244318847,7.1522997046750545,23.806402087599835,32.30651721015319,33.864481335344074,29.23510606271064,24.91307713017904,22.85346261346254,22.5192302932438,23.67401385694296,26.982243664223915
3.58248,3.7693920000000007,3.7693920000000007,3.940728000000001,3.5824800000000003,3.940728000000001,4.5232704,15.569369864743011,18.293107049797683,13.87319247609662,3.3644160000000003,3.90816,3.789345061758381,53.98018798343575,10.08495690452849,17.39466704830006,5.669535219160468,11.581182450790138,13.195283419503587,10.372050777607898,8.492244447271592,14.17573192935507,10.290499061059345,4.14018
12.302436541174831,8.719678853592242,8.473737593206952,25.376912065014512,8.40159620046386,7.059064623714894,10.827650074171732,62.01980224620871,30.432577327834466,6.819894480302864,7.782853852793074,11.84563873073331,50.61701448626775,11.872170630474553,10.105842743294069,10.434222397645792,22.531141134868204,54.2178721289162,19.213503128693223,38.90452126446408,16.070593832054254,14.506102303063717,5.253283263194772,6.566604078993465
3.731750000000001,3.926450000000001,9.75987761855446,10.203508419397842,4.73978031725584,8.817466733171058,11.711853142265342,6.664141230123712,8.047676802095264,9.112911075,11.277375725651908,26.00558319223121,26.224796671193346,19.94769017011021,7.167753848337323,8.99454807685591,33.216505215596136,54.98058110973007,22.83231122602358,17.791133202117667,14.200512853672231,19.506698132668287,4.4876371920025,11.46094167146588
11.722489479893504,9.473649423351812,8.634003739810439,10.62242361497526,11.722489479893502,6.913801275489116,18.161425952004677,6.58262738212795,6.39625628582547,6.787499257730344,13.254080566926184,15.02192077765593,7.561345459485145,28.983504679084664,9.058287325372252,7.957534423612492,10.815441623456651,16.73932126811721,20.75319500188051,53.63463499931899,13.728102962521998,58.2349632675025,20.59440879873713,7.0890944285521975
4.899232686619614,15.37435159651194,13.234389108270014,15.044464260011557,9.920714457353377,15.04446426001156,11.438835748765737,25.829476387008388,26.336108684344808,76.79554165868215,8.442682294617924,17.85950648561419,13.618855802034819,27.96300473858227,26.575766409157456,19.603012079863806,24.04985033860128,9.00399236452728,58.43723978769329,27.204682776518236,19.81588314087423,20.89062892257453,27.29485662385311,7.063363941653862
2.3136849999999995,5.560382736250602,5.560382736250602,5.813127406080175,2.313685,7.992465114488986,7.089257115000804,2.136554601467447,10.272799589721664,10.70030051779019,4.962986243926157,7.462817264393051,12.86580393657089,6.214233069412186,3.700976164027649,13.585244542794676,21.94415212924177,32.713310103125124,26.69921844287539,24.391462258052226,19.626469026126884,26.20560220071938,29.96293920796918,8.916549082938213
9.287924350309783,10.62751208723044,15.720844594682728,7.172480777100506,13.035887138698136,16.435428439895578,28.95571324655954,27.90669502088749,35.14507682394291,43.60630180247471,114.61964543776378,73.39713106660464,28.762283463104485,24.512477853187203,18.251367053886813,25.496628515984668,41.45434895841569,29.109802352715413,21.697369154024543,23.220464656155396,24.02890334567024,29.948159482412773,37.67037389644036,6.173568828977471
8.05011847864039,9.468021828427728,10.573802084956943,13.82944682843526,13.457813958170693,9.709730098469532,15.974874528814697,83.66987603285864,106.40864908325686,41.22757164602411,30.90927484154744,12.635177237567856,15.282284059712719,13.831882100341833,9.367384177631333,7.584019721537871,24.04199189503527,40.32084935144212,27.43646636670305,28.57720936715952,24.440905673968977,29.64704409765274,7.216634139308788,8.25270341904184
2.23905,6.764274962323447,2.355870000000001,7.07174200606542,6.428856369150381,2.4629550000000004,8.117129954788137,5.208277129442875,14.09587058442222,14.055129895480638,6.03753467711514,5.766743896185423,3.2694839695326787,3.488971155878805,3.643289065252549,5.534406787355547,4.023879645600034,2.868221411383705,0.8941986900000004,2.640817667770164,2.2673687046511506,2.799220623026111,3.110245136695678,1.35405
8.381180355792274,8.101815622768601,12.602469472027744,10.20987292278739,9.951378452543455,10.278726399235886,38.58585878291715,23.40617396285636,27.141130869175527,25.68876107485462,8.996246305624807,8.40007930835512,12.271074707549174,11.106458820953073,5.315376164452931,7.793246823312325,7.496859704143326,3.3374806297013424,8.86997755664651,17.582358536770798,13.916350022522732,19.182077979670986,22.42231762734921,6.790482367942497
3.806385,9.154644224368672,7.516114380251368,5.655316477196026,8.700694923986752,9.570764416385428,9.01933725630164,9.320130947824053,13.213487078699512,15.28499133448722,15.048432730462512,11.801882790330106,8.913913534772197,3.529556999999999,6.723264259444308,26.220654508731677,17.38543113754436,8.709367865868787,17.57849004568217,14.673827671497596,15.47277641155454,11.428282201851408,4.209348058086872,2.974566834683772
19.7169115169132,51.6127902104681,28.33166837487123,10.787039901409466,6.894589844318684,17.809898920765708,8.060152672614722,8.259951321580965,9.664264043860406,12.080330054825508,19.841450385519952,52.31214480692216,92.87526113856319,34.38710253335605,15.254417718838118,22.733856426726014,28.846363703451523,24.395036766010584,23.87070006243952,22.350098619519557,22.57949369144736,25.8822807096026,31.2589591834282,39.05258873691607
5.381070566362763,9.959976516737612,70.56372346789006,60.495225778042936,5.868912250950717,12.391152345042904,14.222887909092726,25.44159407519017,91.87910445785306,69.56692712213157,37.897711510226486,13.8344897032791,7.065687796346635,10.683689062463442,2.76828,17.352393370646432,39.48950444544197,37.95602924265968,37.67172878200306,34.40304203317318,31.181434923439244,38.16108988917803,53.05876895601782,69.82851101141132
2.9854,3.1411600000000006,3.1411600000000006,3.28394,2.9854,3.28394,3.7693920000000007,15.065767803300316,16.774944284287226,27.92255085,14.018400000000002,7.672799999999999,3.05856,2.76828,2.3068999999999997,2.5700400000000005,30.66856106868493,34.51792535525705,11.935018657188332,14.421095508721825,14.923338192984334,15.705585417706054,9.180154264218304,2.0055364445639485
3.955655,8.716212980054381,12.33696954898176,15.210380559533332,12.07085045300489,12.05052483375478,14.505277244457258,21.09759291232858,41.52072583632004,57.38025141771819,35.352134765846124,89.13583974246824,25.86296190348542,36.65437806833021,31.05437608473414,25.24862232234458,24.968655567836286,25.895251686473788,19.824703748945076,24.00719217333392,15.038637709629128,18.36423391605243,19.61318228911933,47.310188864800864
2.38832,2.5129280000000005,2.5129280000000005,2.6271520000000006,2.38832,2.6271520000000006,16.977112120762854,2.82733902,1.61797824,2.0224728,2.242944,2.60544,2.4468479999999997,2.214624,1.8455199999999998,2.0560320000000005,1.4948712,1.06554419136,0.953811936,0.9810637056,0.8423274239999999,1.0399104,1.1554559999999998,1.44432
3.88102,6.987940731950768,6.987940731950768,5.449964600616349,7.101499819862766,5.281272800528297,8.385528878340923,13.141667433667545,2.6292146400000003,5.624084756261427,3.644784000000001,13.052254743056467,67.55481387912444,54.31833741106003,19.32919022389007,28.33155113365646,87.05514350609481,29.418010554188776,33.07317033160517,26.81027075449941,22.664150138499423,26.353343676087945,22.610466018698304,30.381193130161265
3.58248,10.827544794208205,10.827544794208205,11.319705921217665,6.238760994751666,8.17494338564129,11.256123506123132,17.553431730964366,76.56511672440213,69.46138804123247,40.07954945941438,68.83453664353242,16.79909187074095,31.648123869581774,5.904042009479649,25.81059226095515,33.133961597168614,56.69470197675429,39.06665814834383,21.702345763095007,45.57372710152477,21.54392434129194,26.58065433440125,16.52789285770523
2.1644150000000004,5.120808824832579,5.120808824832579,3.371761954108324,5.467433180361076,3.371761954108323,6.144970589799095,8.099712350476594,10.41316398,5.588944465913807,2.032668,5.3093284585041,3.2941710891928015,3.3991842165158257,3.7607743247737377,14.114208667638135,12.756867492917932,21.964789432116547,37.51358090048581,23.704072412319675,15.97934057954594,13.50975645164564,12.434621352458432,2.94321468895336
3.88102,13.706419419258612,13.706419419258616,9.293964768418194,8.21830027862551,14.329438483770367,24.279470498620796,25.05957833802757,28.012657345505254,23.823982067561687,11.556462954744877,11.85049567338181,10.39021648315607,8.5033952189345,7.9954644885827495,14.89678478337564,32.24703357038361,19.13926672247163,41.37978043808732,23.697635763195635,14.397419043505357,16.107208230415754,9.794414320125744,7.711262095491986
5.622987690691474,11.232882793922546,12.726284310304704,16.611621205909785,7.141050381382943,16.611621205909778,14.222995937728362,16.637602900307265,31.578813656061133,27.152888358707127,22.670145402964163,30.588252029358767,15.471549466661216,9.40931020116167,6.80663239347878,12.645696102637036,9.039411811647089,6.331123963435155,6.967560643413608,20.81789586908097,20.65529435647255,23.578922256981908,23.615787838636727,13.573934429790842
33.33356862553841,14.070774666653932,15.871541745289353,10.252329992975575,8.865072614928867,13.017677959049315,10.262880705682802,9.60766448726403,6.676855571644169,8.980616575749663,4.847915703577399,14.675166319477768,31.80712447244853,35.045670783509486,18.260438996019314,22.119690330338518,27.918842899343083,15.573635387649546,24.158797572180003,21.947658887930583,15.569149986441426,24.11743561881428,21.89877451168942,4.915542035967531
2.3136849999999995,9.473614316151943,4.753879350606896,4.969964775634482,2.313685,2.5450535000000003,6.16822405304108,22.81662202838213,24.80633243528701,21.878585105095976,9.750839120483606,16.558705254831917,23.56729915692022,62.96976638687338,20.084609572010258,20.726040988682072,27.338636281452654,17.712422105540945,32.01544616575976,1.8559459290842093,1.5934889290116947,12.61464294953624,10.991315798501338,2.13981546506982
3.955655,12.407893717003487,10.02457494048586,6.842871948177521,9.52748857980061,9.350197059087794,11.691724492866443,6.844879186635883,5.76813790239725,6.554697614547635,7.996158402819124,5.55078964372439,37.462912713605505,58.13183649262764,8.210513491315224,7.7590537743079775,17.448036117878566,12.755428137704724,11.136782152660976,20.54441673983961,9.07023730971687,5.134686596037206,32.60086583214069,35.448168620782624
3.507845,10.473831239374546,3.690863000000001,10.94991447752793,8.19629787770442,5.470285176710894,12.568597487249452,21.68821195246255,41.00218947362916,32.08012905233449,17.307310336932773,10.859419316556624,3.5938079999999997,9.23050641907313,6.559933868342547,4.02883359759291,15.954867442574926,22.64942710681143,14.509882040659043,16.9598027106937,23.563715215953163,55.034594560683104,39.21875355669303,26.974927999076776
3.955655,13.719671323788404,8.21767796724768,9.867749558992832,13.039357043269968,10.107304845002709,18.124693588546087,5.197953216190458,6.463779361646647,8.140551153126964,12.066742737393804,16.919964226845565,71.87441185852212,15.34594453943021,25.427379764089174,18.49679210635015,43.660692981708735,23.6716651171766,23.583086591560303,20.9327804681379,12.933867351673747,39.04878280112039,36.9796481634529,7.885460978736381
6.380385814938877,9.124683809480509,7.064767251623548,10.338467071576506,7.690505746844943,6.043813928611774,11.866762203896515,12.78499898990345,6.730920488223669,21.00782974925965,38.48161902489699,47.58752038876941,28.809002544042954,40.060986998433535,10.289621751016764,25.739181274872223,20.52901461577314,16.14958126324915,19.368213931977067,27.41418830422237,25.142378482218817,25.342258344349617,34.77567389062817,5.683742227636382
6.087662796525049,13.225747745342494,10.483310639967916,9.762868881012889,11.48258117546716,12.245721096560295,12.726824408359722,27.17309490186705,7.779947195754732,9.738833035807843,12.75825324059818,13.697139511508237,7.536502504465141,12.365176532998671,17.25207390641899,19.008236794234577,37.36347349542629,25.72398041521659,18.417345364946847,5.796477018309842,11.780318707820484,28.53296596950972,29.338861556830967,7.251994487855216
4.03029,4.240566000000001,5.571566000000002,7.1397865000000005,4.03029,4.906429,67.28514953691936,44.12497466212312,26.29025364231896,47.58074843523924,40.5111289122983,4.39668,4.129056,3.7371779999999997,7.6656706676121225,28.224743713148523,40.435268585843005,59.92591297435984,39.36133014310113,40.425634443553214,17.8608440593152,1.7548488,1.949832,2.43729
3.88102,9.537259094286073,7.554076878182047,8.282154522084674,9.15577558524604,12.679897557245528,22.723999866480284,30.150133625990875,16.814762287398576,8.480686698244812,9.276676266372,12.724368193739169,13.538602233370685,32.93258573705275,52.66539239381388,34.385073282090595,45.473985722686855,25.05991660043012,24.59134142647305,28.73158033552552,22.16433774957144,27.3794499002578,27.6036004581214,6.888238409730582
8.139760671863884,7.196604386146706,6.968631144279086,8.000394091240219,8.573098239050271,8.238729753192732,5.9002463609645845,7.704205969655074,28.15072084523176,15.383690495580884,16.40048238304126,4.15242,8.783189974552688,7.9496001853011595,9.843623979681313,10.015333284584715,8.24324741128666,10.37931235713505,9.547347071520688,34.68168215429747,9.685692961704984,20.46134544156269,20.12917215929928,19.700312446666928
4.104925000000001,8.90924193342732,8.90924193342732,5.715114993963959,8.249334524602764,12.383030483099084,31.468427529245105,70.07951266649725,39.20466079676558,126.64360922271491,48.034123203200345,47.614691690968975,18.818236847580707,27.894208234827122,6.323706268175648,17.410751270104797,29.38671981577215,33.58441444546397,51.84206034555957,34.0427182819883,29.979659618199104,22.987021444467825,8.05526198074822,14.268574310299812
3.657115,8.503086979629511,8.503086979629511,4.022826500000002,7.860229737805983,8.889590933249032,4.617505200000001,5.647062442935046,8.251427731782792,10.185737664728489,12.962101624758429,8.574796077606525,7.8262142859803605,10.989243873332175,15.193214909250852,37.4462396513423,12.664188899292958,18.400523996082004,21.06248323016294,17.304516958279077,13.95326485443702,17.517847558370303,21.119029224752595,21.02699508665763
3.7287811875479626,5.6338410579168805,5.6338410579168805,3.3660385,3.060035,5.889924742367647,5.753196085007958,2.6563264042082007,3.1092880788497914,4.708932970606724,3.1286466808472824,25.46829567776853,23.384023336746793,4.137670821825756,2.9555651462844352,4.609506320113812,1.915303725,8.010845499012872,14.96552285096664,15.18463395042012,12.817441712949062,11.139857009716318,2.5904663617168526,6.479652893971896
4.03029,7.003717094637292,5.161616364879099,6.198665532684935,5.926943299578856,9.696897387407226,21.423996248210106,40.47970211729549,34.823860781546,85.4791624361441,44.16852201916949,40.440113867791744,22.759370339662414,43.406151455948674,29.85913953958012,3.469554000000001,4.166317131935718,18.70199696378308,18.672418418911235,31.435553695796443,23.913858544330235,31.597273211749314,12.536802621899335,4.02542718061422
13.121918860964806,8.408119538747002,13.872125517987811,11.327034389886386,16.95059344931191,14.316128797346558,14.412730502753568,56.06196373510128,15.4033308415951,26.119572083804712,22.29787517781288,30.79151549825117,107.79470733720895,26.099016814874894,12.512383152781377,14.59225001288591,6.156960847855526,44.862330964832175,26.896265972386804,31.5956685439824,29.547180533313107,30.174343867993645,80.20964824640494,15.5057324226792
16.88550215346049,11.14512911889919,8.797438257274951,6.723526082607157,10.592478088209972,7.8435714949762065,14.671571737447556,66.95223524807413,15.428845987016324,7.80024612647881,8.3096387737789,8.010522051624557,15.627714313494598,9.822116045431063,13.398361880452903,9.551898004387642,20.47944902969143,26.317286351746667,34.93169289674576,52.17985211071802,20.64534293628325,24.33452237158085,20.43505914842809,33.066331878157875
3.358575,9.236123655097892,12.754011787679488,6.45277660395602,10.449857751733049,12.23040195462796,11.831169399283706,11.818386574297485,16.64928987308386,20.97934404326301,49.30448122781611,11.26285495399703,12.005957630524923,11.240011891020314,8.4962294639344,4.369912810366917,18.554314315148385,24.424778173687216,23.28730737401585,24.029024632732572,18.212460796472303,22.99090993243904,38.97472169448874,35.676786334888774
5.017779004291487,5.779948698021581,6.280321226310379,8.135140575321167,7.39558234120106,8.135140575321167,2.7328092000000006,5.3132435915654925,23.867639980377096,60.0623192657205,23.2305187761198,41.80627261145278,35.985998456606254,10.860034588782094,6.970245987611944,11.9807966716176,21.211012518685028,21.60225109308949,11.55204578950336,20.84225511721249,21.05866179311014,26.780182242595195,17.162862498249044,4.472427265627519
16.458037307741108,9.008123552950982,9.008123552950982,8.035848292326365,13.371145786084746,7.114691344244776,10.80974826354118,10.317603386835936,25.93885957838861,19.35032638133833,10.869663946599792,16.80180666219524,70.93015885416979,31.73574783608999,17.75095396328897,4.847113875258144,17.76271818833279,19.62251347352369,23.12743959073212,1.6248867624000007,3.019501357552198,3.727779453768144,4.141977170853494,5.177471463566867
4.104925000000001,10.89247410819342,7.461382240949586,14.03944396151838,11.72866709006206,11.76362363661816,22.836444296043883,56.29923756520474,53.97109685200786,74.84142386829906,11.500496435349245,11.666403606563463,9.880203766793347,11.309340056534511,10.661777690391087,6.428054761014415,26.853764564872087,42.9549933378788,19.10647531088554,20.6464770031772,26.82197601255969,27.074045953885552,37.02477172914923,25.54169743583027
4.9961377716846,6.038953539235643,6.256225265817381,8.812076283072704,3.88102,8.812076283072708,10.114731037961718,5.755365553418711,6.565040390209382,3.4613844948215786,7.13549669813966,8.513978746035441,8.207294906835951,7.428361825400131,4.435069184525049,5.118729762941493,37.58682346799452,17.93217154762718,18.34471315214254,17.714614071795157,10.61478410764071,18.385592572493582,54.243043030168096,16.08490191872258
2.9917250000000006,18.79768263840189,2.7485150000000007,11.240505258329245,8.391610260081421,8.80428228634214,13.045469052769768,17.64385315320277,37.14941976306061,88.37853081747117,21.35012638186439,48.38012434127656,10.767826704826323,6.393993161003599,25.1030940687049,24.186008657201818,26.24897642596201,39.541120044535546,22.31419227621122,16.22678757729144,18.477857628366536,23.09954550926704,33.33942553783003,15.573939855372554
3.1346700000000003,7.877694157631914,6.281934509536227,11.920059133287207,8.680178769289393,7.787488916486084,37.555459160247416,78.7807690480084,32.491835012540385,32.22850406148206,77.46688108841809,15.7355769868965,8.689896271452946,30.37316526748112,17.166837643185918,10.929242690402065,6.12719967289718,3.771898782832682,7.76015425077136,21.384072057152085,29.19152149132748,23.475244686000416,3.919962128186114,5.237208170269391
4.137815,10.785180919419211,4.162037,23.80854070712417,10.250378559778586,10.016471703800727,6.078231586814056,39.30837510526803,30.98283305328299,8.680206934939774,9.8157569168057,21.304877452383103,14.680799886487746,9.504896482703778,3.0566424999999997,18.788568569056043,22.15360531405349,20.668885475577223,23.61168711789642,28.181253058757797,22.72485694374048,18.984252667648104,9.933998433289506,5.506719980889368
8.90598642865415,11.914938602138871,7.448050739185822,6.027860250028952,11.32411520037992,6.929063648898346,13.385023908178978,11.407390242220774,2.6292146400000003,9.58946664468536,9.776803248586598,10.609376995427064,12.257989703345734,16.934664545992096,10.062365605035751,5.422745464355227,6.188139888485997,17.005761314790387,7.923118460886804,10.37945537976498,3.377918365099737,11.838623952932943,24.77285086760554,35.013794353990946
14.8955107288329,6.769731737899167,5.726227902935179,7.513821147879523,7.624154372590366,8.386569809849403,71.73210457851647,26.765517718440726,4.358771378470944,4.776592009349057,7.160075410780518,24.86843896575488,24.166124126113917,13.789591971202523,8.25643163205433,6.051136940899821,3.033363739836919,40.036899628116245,37.71907252868099,19.651974250345067,17.85575191743348,27.35063633889823,30.500191930839893,11.442580313558764
15.824809834270846,8.772910978267005,10.938083216551505,13.19583816257557,9.060488129347808,7.662620220292984,15.682243920175925,5.47511243992925,10.611599782173254,22.018522434727448,21.868977157680035,8.180412058041302,17.911957416523624,28.75439940912997,47.734070588387894,35.855050312107686,25.91086943992891,22.356667122543755,13.771053056202112,4.9277536611030825,2.456818315517984,8.971632375243058,8.430943711233835,5.042281666697413
13.461671819800673,10.4114341435056,14.943221954883388,13.13455957475477,7.628395720409907,10.89392467646767,16.972193632862417,29.512877067436705,28.88465354937741,17.640119493263597,23.32246121162902,33.625090726433115,26.381401096371057,8.50500797498223,9.41733797428512,77.63608708815582,36.09395037072486,50.39709425105985,27.13182181660813,29.30916285513458,46.84164741163409,25.813930397193023,25.24565518121168,19.768924119101804
23.671989781588188,18.149516,29.633384000000007,11.734519500000005,3.5078450000000005,3.858629500000001,4.429035600000001,7.277969501537695,39.19241999465769,54.84653395666128,87.87923395973651,22.024211399417656,3.5938079999999997,3.252729,2.7106075,3.019797000000001,18.69748265494847,4.2869869075205,13.370676322148746,19.39345025330455,22.66557128866972,26.698204674377987,29.13676372642994,30.38697084464709
3.2839400000000003,6.3554867390947845,6.3554867390947845,6.644372499962729,6.040338636329753,6.644372499962729,7.6265840869137405,8.310642388921991,7.409008272633147,4.985392554828271,3.9469206165901833,5.921242479310092,6.659020536071608,4.4650709338668415,2.53759,5.199943695623005,3.780702864648213,2.132531468433897,21.009721653741305,3.1111477192325974,8.591299219968324,14.588707543928312,20.10231080166005,25.95570000579557
4.328830000000001,10.331749707379428,10.331749707379428,4.761713,9.819431540071356,10.526844617074923,9.9479780504853,15.18398367035521,55.61072866706315,129.2679917515251,9.144212080399754,103.21880014131908,10.060065830776661,4.014005999999999,22.89614208879286,24.837389992480446,24.19414528387369,15.380331200844658,19.10895705075924,18.82700691035394,29.293599260118263,29.64218279020076,27.174336204943184,30.400449252691047
3.731750000000001,11.738161145953947,7.015414165206572,9.82193450300998,8.321222823174418,9.557721020259258,11.813474547432,8.138884298556855,3.58994375636902,8.446929440692008,10.920756859216583,12.685727664746532,9.977318183229004,23.178318230895954,7.890428929119672,10.010693787615207,32.943370698771176,25.39109383771501,10.59670047487101,13.288046068057383,6.53930278798348,3.887834368852245,5.553287305002538,5.175066487937499
18.138187775694888,8.553141427343279,13.28326381686734,12.783653081249744,8.254621557799064,12.100509421140409,13.010436292822686,8.569874720768249,9.904256812324034,19.68086123446414,16.05760107136289,29.81085473125267,26.316654118258775,13.335189804677839,14.900402668219407,26.15102527163528,27.4823532103068,21.61060136028139,25.962811568302172,24.63285097291957,23.00473800216997,28.448255046017582,53.465400021553165,15.00795934737505
4.619043826731069,6.521945033170535,5.298477824325058,6.608846596159396,6.008042360144906,6.569013066402349,8.897235665821663,5.786839569744686,19.973076517540484,22.87642805862923,5.642335433875216,4.129794225472109,5.728363848977468,3.252729,4.642578187384699,3.531532494206125,9.269632514560758,31.22770634727974,13.881159147741204,12.690618948120164,11.183893913752796,32.63465275296614,15.372015310893069,15.71522257660342
4.03029,4.240566000000001,4.240566000000001,4.433319,4.03029,4.433319,23.15843414554277,18.256735400831563,2.73033828,65.61714299415117,3.784968,4.39668,4.129056,3.7371779999999997,3.114315,3.9100075087469066,28.608854631639037,14.509205013054682,15.116499065692658,43.1440649782489,16.481624904448772,15.958504756293706,16.88044760794021,2.43729
3.58248,3.7693920000000007,3.7693920000000007,3.940728000000001,3.5824800000000003,3.940728000000001,4.5232704,2.57377824,2.4269673600000004,3.0337092,3.3644160000000003,3.90816,3.670272,3.321936,2.76828,7.5217230000000015,19.76086921094798,26.74797957679353,21.58370820796342,15.065247149059338,30.557266678505307,31.087487346470656,29.873673322499886,2.16648
8.526402478013674,6.606773596077415,5.897428197058062,9.379042725815042,4.481374996002486,8.143062106311625,10.765509911370309,28.32572220313512,28.16569028360297,23.79526348289076,31.5652446592877,38.2766083069634,24.533472411015463,81.14001962573069,15.959974789720745,20.78691760985815,14.233196069199275,17.404059076030236,39.059811138807326,27.15689754340472,15.031457553173738,25.10528613910843,65.30516626611063,39.87712001701118
19.83110440991838,19.804784571524493,6.665898544092635,7.255290825706528,9.459687864920962,9.546465971674914,5.369207650582234,14.163802408918947,12.483696064479666,3.1601137500000003,3.5046000000000013,32.63431699144937,66.87289025662737,47.18755773719661,3.6883766008566634,7.022873884056119,35.73561780113284,26.18899306889304,23.498955653736456,20.61753031642918,14.96189617379524,19.77664732553552,22.482884275107526,10.929199030565844
3.657115,12.27430033231084,4.178425136965892,13.350513653112383,24.789267311514354,13.06787984935922,6.437879947197715,24.44028185778921,7.874020953045975,6.421301427364398,9.186260064404294,11.184150088678264,12.59516149788913,10.962881266815256,5.010483037158094,10.177815600649462,27.98846837131834,24.08935845880963,68.66465312774385,36.422555936323896,21.413205976678377,20.68348934153768,27.67500926582966,23.122057339733427
4.147954546075111,4.211006502995852,5.7446371317406655,6.00575700136524,5.459779092150218,6.00575700136524,4.685136452696269,11.18042646401368,16.829680066257545,17.453998719360587,23.89991045465452,22.27793883884237,5.593576050139672,2.629866,4.218920207570624,4.700157653242363,3.417325368132205,2.683212644075813,18.28077638657675,23.314075392945355,24.851357825520864,21.407639724524486,32.06244692216985,29.06853337776546
7.514011718988442,8.227895535898085,12.207492648920704,9.82559584997002,11.838553792361411,19.97243376282957,26.62159074743736,24.369346659718385,19.07784588075325,41.24975800341864,41.16910307503128,38.971834896919496,30.39280980624431,15.575728062007855,7.138646846793936,7.749425154859898,17.11187320072845,21.872821329624564,21.54130980573781,21.948968621206845,16.98634939465039,22.37895706736927,25.567673172430457,20.497858336340745
11.814410680926144,9.974141474767674,3.7693920000000007,10.1326577444479,7.603213600290845,5.709850784127972,11.968969769721202,14.592292323395116,16.14657221648814,14.528084543188124,15.21809985136857,18.504355629286746,46.25368835416866,19.974565167623574,7.325111413662955,42.7310419244918,41.44938810050474,20.50876596278929,18.523510053742296,25.588451889407747,19.794038475533945,19.32948946110209,21.96519436546017,14.865906660016224
3.955655,4.162037,10.333830347550672,15.003294999621495,10.339764178280651,6.162172250404706,12.044311320116782,25.916347249967,91.03505492007535,32.560054159371376,18.51560558106996,20.921433941396,5.478369696017347,8.332848217702175,7.589270597092998,6.298463337315219,14.6346854370063,50.75870497102845,76.90246353051442,26.18161124776002,19.98788359258924,32.89453667077665,15.457115061499964,5.245553065664148
6.576865075621585,13.988161950233492,15.866837942519496,9.210677323419995,14.736160390298457,10.678308583814257,25.62989953005532,18.089176314493827,8.236456182845142,11.076242655900058,11.458997258062242,19.198956971807025,25.475317861149776,21.852583621971416,21.493707729004658,29.188141860967733,39.3853174694821,24.711675674905244,31.29552153783053,34.92315434060704,27.90432798917291,34.3148017693015,32.40480521539471,36.58907798117807
4.03029,8.911147411871479,4.732206148618052,4.433319,9.170164281006889,10.087180709107578,166.53498320911154,39.43344421236923,21.7698807180378,34.0974727626253,37.83952862168837,107.84651806106942,40.91483681595824,24.59713310117642,15.01560721201045,33.49579204289939,28.286624943343785,25.2500317415835,52.51462959848746,3.766880213072528,1.4214275280000004,2.975564324532632,2.967094937110526,5.404306899905701
11.86870303433896,6.067922139690949,10.80311518647372,7.206055640533287,4.554905365421476,10.585456131881983,11.091191766761696,16.70718027136436,23.10861731865756,6.151350080717121,11.380579659685043,14.735173211557896,35.43427871934306,97.64664401810218,27.221700173563175,51.69798637547656,64.10775898862799,23.685928147066598,32.81350019755614,18.457796311222445,39.690147449778266,21.24930129164364,12.315778886541525,6.17873651913782
4.03029,11.83880497717141,11.378467698341405,9.48936227256371,6.655353821427308,12.376932476133751,14.206565972605691,14.4371350608842,11.707537643885992,34.617261509878915,35.686940219618656,26.68326591753867,17.506493462808567,9.013526326059706,20.090015069636323,28.261065903699684,28.134684709237604,35.533460959457635,46.18685957959715,10.042170958880185,13.397141800321732,18.47866786071112,25.71064101854844,12.326173912600076
9.358149206107884,10.333242952412771,10.067723794729352,13.85640612724542,9.358149206107884,12.82954328602385,5.761843767660314,9.74063422160487,18.602185765791663,30.571598823743923,29.15395900140752,28.2405626150454,31.983445021588896,92.87390434149903,24.582113326293097,17.72400900983787,37.400520302521656,3.890141570992482,7.931896595133296,16.913512098090955,16.938744898441715,18.76191317563153,18.41732593034804,18.13411933355205
11.42483067759911,8.097435677337316,3.2196890000000007,8.465500935398099,3.27075658823959,8.001913441271,9.716922812804777,3.869424537549035,6.657927231187733,6.517036463903578,4.654827511033759,6.78639144392058,7.300899296800931,10.87158623898828,4.8431742180397785,22.63842260539684,11.691561562356515,10.452280710701682,12.716568750248124,9.73716056598904,17.15728100441055,13.606584687216484,16.694705831539036,17.339106960358595
3.1346700000000003,4.323322215471415,9.94454311090123,9.678152043069572,7.043459451891475,11.621367639622328,36.58845974357307,4.120994565203063,10.728806592656497,6.82502197334362,11.458039047115513,15.55676691605239,10.823781861983855,5.420211442531485,8.45903771085346,22.79937787822909,21.57283308527301,26.477170167474128,21.52162712710077,25.310011160802585,12.121558312070606,17.980567375884743,11.43276765408154,4.764498769698146
7.2817849930031935,7.661704210029449,5.833341605014726,8.222349047431484,6.123318328668796,8.434734602559459,9.194045052035335,3.150780753075251,4.802276924614225,6.493351472962095,4.662643302157521,11.800849806383054,11.656171471068319,7.110272144306319,5.925226786921933,6.601096645481317,16.925677344768733,15.251447751496626,9.231978541563503,17.85885841933174,17.891256304533336,25.846364338983783,26.90301681610364,46.7837759401388
43.4376899122956,39.422959171858274,10.95137431731443,12.9031773892472,25.47135852943598,15.881995410531973,15.909696368697178,8.69401477865879,25.72022797576681,25.303732872976354,25.42332671243632,93.54401007036294,12.397882037303086,7.779505494265975,8.385128611439363,9.914027844602053,24.746558515946287,24.05248856315664,15.893082252373333,14.48961097401305,24.75030753382082,29.67748687299176,65.96452444655189,37.70229354262141
7.508498049876158,4.162037,15.80050020236149,8.259347854863774,7.508498049876159,8.259347854863773,8.358832296795773,16.930722676600187,24.18307212080904,41.96225439559062,73.6982041222012,11.722044599908232,22.614833312051147,19.95171820633555,3.0566424999999997,6.4638374516325205,4.738747212685699,15.6506182983692,23.82837193683992,14.247073308304204,16.152300281650664,15.89329753183987,29.444659496696307,16.441462690124744
6.707407390299671,7.057359080228349,6.600981733523624,5.628701633628194,7.285736810366263,6.901026357774697,12.451293142514862,7.832001814295096,23.79148217117537,42.687015848391965,30.83233092841614,4.4781,6.871778638599504,13.72250766415429,67.80654842705933,16.889798892581414,24.20593565825793,16.16240083957833,18.95760813488108,55.78076480662887,21.46975870264345,27.87280933856228,29.0839231830748,23.861764289113204
5.176037769933712,11.189782488950682,17.134091319864343,8.768728050884658,11.3384588996742,10.006929803760938,9.360684081204214,18.00383425762252,6.386304134040063,63.74924225219739,55.59900982878396,28.514448795909537,6.934994327196044,9.35926038024964,18.409261688132382,66.65178344356414,41.24613342461743,22.48529570837198,31.53402676504194,20.122171249951,13.083266303721896,20.87807969503396,31.243596245940783,29.59954895815526
10.058747155587586,9.455751759123704,8.477490235402012,7.86762503803385,30.70176334950215,12.908611242635654,17.484467246098152,28.195816063677125,53.91912800181821,5.599542253337416,6.740521042372597,11.588048044573217,12.631218824498061,6.531859670339119,5.21258136283364,16.655432614085964,39.47116125683264,23.11869754209353,21.74934605538857,42.88682583202844,22.363497217613773,27.97406796609481,26.42958327746769,5.173672847951711
3.35942074866588,9.119158809261808,9.119158809261808,3.5302355000000003,8.666969116240558,5.713301146496224,8.12398841020383,18.72725326058931,6.791311004501394,47.97210627867658,14.971956166957952,100.27739389596088,13.402139826068277,21.233189935226523,22.334506075875094,56.565959913526214,21.742097484142494,17.24799032233398,12.556526989046011,24.75699532023888,12.335315994041146,12.913666953477865,20.58705795407129,26.80220117110171
2.1644150000000004,2.2773410000000007,2.2773410000000007,2.3808565,2.164415,2.3808565,4.0904292,4.804368389426816,1.46629278,1.832865975,2.032668,2.36118,59.423418258850326,57.90738351747252,9.58867798188914,50.78031615125933,49.19911074578764,8.696594532893386,36.59624792320572,15.737825247666049,31.11195092339696,16.562965939388384,22.50936737820539,3.998447339634377
7.047541104337635,3.3767470000000013,7.415238901085687,9.198629893469516,6.927807761220199,8.100646166394364,8.898286681302826,15.044839953772463,23.96811647147712,23.995188672442712,9.561055038148938,16.861711594871235,6.207941579396517,9.17785359914515,5.445827216988172,8.520616001252408,6.195051179422979,48.39673275103049,8.123310046795906,15.832108748439742,7.577555497791891,26.45533661208427,24.558300471775635,5.985556695094666
10.820827248404097,11.385392148320836,4.4566975798772575,9.674310838845708,9.32918871903138,10.029847173793067,6.60986539014926,6.379008421327952,8.62513921951389,8.734360013763746,2.5508706902322835,11.947768510533733,5.37796910551747,9.172614993776149,2.501277916804553,9.315320848626138,21.020095737369044,21.95439241781961,11.739598573206544,19.86803713578893,20.90171211827036,21.696097196797982,3.5605031603783,4.935544473142174
3.58248,9.703642945585692,7.815472190172064,5.632725170435591,9.22247056811863,10.144717624930497,12.123531534702831,32.626930415100496,28.320237402092907,30.8357687154462,27.25009312545936,20.71456226805937,18.902300310633564,4.90491648186822,7.820654300991117,10.554093990320007,19.928688352187045,8.987793760042996,21.17536429828921,30.636786167538325,3.252637785790508,4.015602204679638,4.46178022742182,5.577225284277275
6.754252204691077,9.816314235856698,4.207961073323431,9.318232700044426,9.329554852260497,10.262510337486548,11.77957708302804,9.851738012119666,25.92878688,37.60421161371232,7.686759973572189,9.709459357453374,7.718127983724757,6.274305391348454,6.545865946312199,5.044043670516285,7.031554340930305,35.73182194185859,27.792474387737112,31.741356415053996,27.506892178892937,39.14986053765927,33.076439784626835,30.400454493441625
7.799035665022658,12.331722269914492,13.937650957960878,10.983764675239446,15.750334066544871,7.637518760948689,15.878653698819685,28.35274263099149,69.24357310389809,179.1722345028905,45.03726416559181,31.653712488007745,8.408857041755606,37.087048328369136,28.684095033847527,8.030816971407507,25.823720209986934,52.74083158220517,60.6994200043759,12.387306661626,4.179491767035798,18.79678055641911,52.1068625583887,41.64967731646509
4.104925000000001,10.134739477446102,10.134739477446102,5.897233853112194,8.124754390871834,10.59540945369365,22.28796329315597,20.678733486517743,17.325614599895165,13.21295103772995,23.559656797093968,9.239623580113138,9.86823618540206,14.953905561713999,4.647960675775098,10.110207466084397,33.25948239057948,20.20267494588461,16.91996782647348,19.1468131251218,17.612988416942272,18.819183871863,25.488232580209942,32.86408727837237
3.507845,9.063054876353084,3.690863000000001,9.475011916187317,3.5078450000000005,9.475011916187317,7.066293430209696,4.5209865278781,5.921052446233706,61.5845741027157,6.781607081269018,5.092641371041469,8.824732621903529,7.987200127695091,6.656000106412575,7.9343698096561885,9.163897605897324,16.82284583695712,15.322629700131866,18.53517339549817,11.305037634854704,5.397253511199234,2.483035633846616,6.784487887778134
6.595621915814837,10.559458960682107,8.335130457953298,8.026385729110087,8.014292778984139,11.03943436798584,10.31080318026857,6.0348286075020585,9.134923914604936,19.096279224934705,8.950345291246498,4.43855575390137,10.28178723744854,9.305969467227731,7.032636948908288,3.8160990952542524,4.5262490050897,3.939204821127513,7.388466063485377,12.700220298050578,12.252003461723206,15.884446108975562,4.855288417684035,6.17098738867553
3.88102,21.54522399972696,23.523204992711573,53.99248873301168,12.355934134823787,9.90406325904562,5.22360622878001,8.536876971475444,5.619290103238439,5.233898050383773,22.711536994059983,16.479328542320808,6.724054324073102,11.457320743200237,11.911609792724553,13.407357036892385,32.680026572597455,10.02043417254676,22.473724574408905,43.43564401851605,25.310252049003044,27.69200136898049,5.519744840990841,5.14873950921796
16.953258332062386,27.165824215020702,44.72488859592463,45.66908767992373,11.036813356954132,13.89790110128212,45.12733630102902,43.888951292104686,67.65295834355584,48.97087154306201,29.95755886112228,61.52072398046124,43.61806437226993,55.71170059277962,13.992536119651142,11.124500579067416,6.062872969601819,13.237159581505296,16.24016926821381,20.15121563096941,46.59081760335118,38.23280977858931,41.58082398851015,13.91966910750087
12.01359078161626,5.2645115946556125,10.79712221347456,11.28790049590522,6.346676561781623,7.081287463414782,12.956546656169474,19.22188033610748,12.29792737624703,6.487110272418823,7.531601907706168,5.322444809692823,10.268331575322629,9.515420252746546,6.197088270019173,4.307327668354592,8.245187594041216,19.185767004157395,26.84191759362689,24.195391048778006,42.62938941870264,59.67364570100049,36.181989616355416,27.135774236817344
13.456437170366224,11.452017119019867,15.042801786805818,17.289617908279286,6.788530803621806,17.289617908279286,11.478621456377658,8.740077134847978,7.8326130651125,74.70264646381182,7.646581381567963,12.239820220897798,15.721987626238205,11.87866375601752,45.39401144979062,11.445182351707276,6.172431461137966,9.128123002635082,43.26203181676212,21.663230393447524,36.62125952137233,48.56299689566558,37.12353281563376,42.0481683908184
4.568292880140821,8.080285158451082,8.723754551890723,9.120288849703936,13.9755191605262,15.697346868240013,19.70004000735164,5.956666124605053,5.616891942809399,3.2233160249999995,7.212155348038977,5.931508931523583,7.0324075533350054,7.688177377436374,6.091767482906343,3.452292652756267,5.189519729769553,2.0620071655981347,2.904144715568989,3.405811454774184,2.1333204420394223,2.54496787344492,3.912599571371476,5.014028724415028
6.214070149822824,5.985798891379222,15.748460437159698,16.409626242783848,11.314417270061696,14.497688109338563,13.927246583127118,12.935679139764884,25.65568925636131,29.257900394842697,39.66678465047361,101.43327193785466,80.64752041073719,20.345111824193836,29.342332195423996,39.1292183345857,42.91697885270314,24.031524213918992,22.43575130969265,26.290034908270176,27.370231127311705,28.12644752453947,54.46512573221745,68.85855670838598
7.4665866787430275,7.856147722851361,4.515904658427705,7.391581277293865,7.4665866787430275,8.213245346617331,5.419085590113245,4.911652601306316,14.214707270309866,46.84714371323389,20.020454685998377,5.904465278655668,7.075607972571793,6.923562193016261,5.048132620635164,9.584135487387053,15.060640101021212,17.75980430519125,15.23508631783559,18.58240984947002,9.492187798129216,18.05546893049147,23.1382180363653,3.386058323809651
5.3406525627941415,12.04629460465118,6.917599698722854,13.6088576332054,12.371688757459454,10.661823166445732,8.632652958253916,8.225329423440334,22.503003581422025,74.62140584082967,38.06596038086093,23.433677135329862,8.895394048543025,10.250224463109396,8.133902377945898,14.3878423952005,47.30683465904555,41.99051464384493,31.77121776005673,30.572362625702468,20.957230928035298,40.88685027412064,45.56277410225006,48.23077586574216
34.89169547479288,9.521956103330908,7.994863756497822,9.698952387027813,8.336598154762958,12.046810475463792,24.90876860110314,4.60026093802415,10.42989627529714,6.6015172667412365,9.84675169182126,8.316439984098409,14.865971148194284,27.124824831874857,13.424769703921644,23.469916184156638,32.72038441113062,32.54916765992388,29.56811429276379,29.17376419464262,24.37987714328448,24.507264608363865,36.719081679200805,33.92801787386814
4.104925000000001,4.319095000000002,11.288110394629468,11.801206321658077,4.104925000000001,11.801206321658077,13.165604361121026,2.949120900000001,34.873222322377906,9.084978255061566,10.075338203470928,61.73217720996941,32.39308953963397,9.948124337265483,24.01663448160027,32.715688453167026,40.8627183019832,27.160547793451837,17.571271633050564,13.678230101587957,14.793674908087068,25.420691347228484,28.409567659637784,8.645361946138081
4.104925000000001,8.731956604584889,9.882181207116142,11.449993769763264,4.919905048654303,9.806450671643752,24.11845310422916,64.85735399196196,73.49751400450349,19.218839377501027,6.356507052830106,11.67707138062511,4.653511310257102,8.266594781055064,9.01376613107195,3.533805000000001,7.110261741298953,16.6368306547905,26.14931602142497,58.79467264005857,21.912330274701983,34.53057321315113,33.724836823104184,24.122490532986376
29.524683679712204,10.34532919293604,14.686543331449467,14.627261178982248,15.533705577816702,5.010973217573132,18.618421867995707,8.652129909173414,10.31237559574005,12.766614631295967,11.875712390562729,11.499925794046854,24.755196867382207,10.995344251932387,11.471508592809293,32.014478387109214,68.74553924093996,26.07486184873665,18.97238619754644,29.09491478835396,21.95598927832152,22.771372482341185,51.780503715584814,30.391191559183213
8.698338786452391,7.740787059214333,10.57365638083697,9.382360350677226,10.541447407096896,6.107644132128721,15.886686370236834,6.155789819957849,36.18087084635082,61.34132072639439,39.05569456417365,30.4977583587694,46.37387490909557,14.332917921829312,9.025577682695658,3.870253521971969,37.91101274918158,55.11738620958468,36.735575894108926,28.297611966527118,34.69140028525558,22.13188577689457,33.87251050969626,54.44692906796557
12.469781097750214,11.478138558020367,8.783092612600068,10.823457657529154,14.840617369727788,11.056950952119818,12.413911535782187,10.60527966097593,58.24741669187917,18.343672759970392,14.935195442874791,13.78361066735191,16.21050470956098,13.783369495193892,10.845610616898101,21.03200849730726,49.34396990472319,10.592646062505365,17.7227012834973,26.72513420922858,21.87523987874086,26.216259480092408,13.939350904960172,6.6150434629101085
4.03029,8.217939053733138,5.661056376333264,32.58181540772227,7.810437943630668,8.591481737993735,43.25730833341567,54.79691289156523,46.18828433386784,3.41292285,7.335019981844453,4.39668,8.00183998019395,23.597362096830295,18.18295335300986,24.18975931842277,67.4505663995976,20.800748481906574,24.676960855263214,27.287749033200303,43.14346696372828,38.81534457603095,39.669280406459,32.22293074274751
9.907054410741551,3.926450000000001,3.926450000000001,4.104925000000001,3.73175,4.104925000000001,4.711740000000002,15.35096366948189,15.79966858804709,4.796905426624261,22.98853806824424,33.77600071525379,73.05770400812946,67.48127887024575,24.64122524079978,35.609803023766716,24.258210949073305,38.222433807458565,44.403671009425615,20.535246426611963,16.892648678331046,25.48150179861698,16.617388969276274,13.918573592728944
9.3818264417397,22.845941284901706,4.162037,7.174012737625362,3.955655,7.174012737625362,14.366343004276835,37.95590120369495,6.93039726,5.522804020742168,6.124848819474616,6.026043174318399,5.613534183732558,4.74114486118752,3.0566424999999997,15.17937099591495,27.52293311140472,30.01746008058751,29.055068546100124,27.63103352861142,18.275478822933778,58.73196355005432,35.39273598787435,2.995662503193348
2.9854,9.108644499908456,10.957729810453433,11.65551329003199,4.010547159083131,12.422375759622552,8.683343938317023,39.12604014538832,31.740131937219797,11.403751538424396,19.64851035877188,36.22310188411753,31.54910412759275,23.124602913038213,7.355139007552771,12.744205699908981,26.55971298077343,23.738626687225835,18.7317618374878,35.62179986487772,19.954216947378647,19.816067815909097,31.19620353984244,6.829405286461554
2.23905,11.612712373466636,5.838139209366873,12.784789079241335,8.610638880176067,15.42873170489168,15.522344561105845,14.492453975881762,45.7191919327874,29.74537045989962,11.898834753142935,3.774008494675367,22.716631495503584,10.782733979594822,13.098764733014479,29.85034719795312,47.345740012962814,44.4715537910751,25.146515755070105,32.70031221793468,37.3627763366958,26.27993541164585,36.36560331929344,4.524441654309439
6.454883840172964,11.028159483463536,13.195578341073684,9.95634879588324,9.790537193559288,9.354374373178624,16.423893700517873,19.87946692587411,28.371036650532265,28.678406120928248,105.03416184598512,22.89370244148016,22.21723116225069,16.85017855757558,19.20241859750154,19.003268555428964,57.41052939179572,25.91715530536333,37.27702880077426,20.693455530443604,12.695356584122134,24.23452242406621,21.287607722867463,3.7255839812787466
6.140540890905556,11.239486340249194,17.245125320208942,9.942755370263349,11.23214662062033,18.02899465294571,19.50048199403541,76.34104685845678,20.648621462356733,13.879345883652004,11.232744474579684,13.03893638382852,12.342558632408728,12.190936442244581,23.830826495005663,33.85965812443261,26.05451455661201,21.436386839560623,30.32740370958562,23.798481046360013,9.517888656519466,7.047011027072527,6.0003618285681215,17.31227620437859
3.657115,8.855523125505854,8.855523125505854,9.258046903937936,3.657115000000001,9.258046903937936,10.626627750607025,47.12681833452617,20.144886502712104,77.45009947988184,21.93702591192593,17.177751679336627,16.0317520476158,93.12330052164828,20.349083113945813,32.11526566529231,29.802228238807967,32.1166161661551,61.13346204666454,44.45293573798556,11.863674935257809,24.58702043855412,25.450175653333588,4.043164032312264
9.576904037243931,3.926450000000001,10.076568595708835,10.534594440968323,9.576904037243931,6.150728913035378,36.83814677852564,22.78619437877791,27.447406624090423,31.5412337206638,17.44155184713126,10.447531676993378,9.81159496621987,59.70768615909332,3.4995399915277687,16.799152277058635,45.89552584012764,41.34569120063215,29.537323844711448,44.23652700000702,35.76217623224272,23.2197023271362,23.379815230085207,2.25675
13.4875851824308,11.58215119298695,10.646751854173065,10.203098368518203,13.4875851824308,14.91983370067388,16.875374178587226,38.147049869865576,55.09555457119792,65.16446742657112,67.47068256816576,101.1916647051358,57.61110850000857,12.50666989643583,18.163726238791234,26.062003758166416,33.69757972234389,39.33496763405883,41.733882038579736,47.53704584673417,51.42095671579275,65.84054609480988,72.59080700457899,72.13547656500138
3.507845,4.966647435750706,5.73211809720113,7.593198484652063,11.049275403274752,27.91626662815709,13.19835799216213,15.89099249722939,4.676406207241914,13.151224523993436,68.25704990621405,10.866533587547368,96.13309220487342,10.270017677598664,21.69470688646327,69.64437110818604,18.126155816390067,7.661783776145421,14.41331911860247,17.411738510400493,18.516832056451427,21.76791440193021,57.13460972835486,18.74620975546475
16.857781604502918,7.181283904378713,13.739428284835638,12.709032697608462,10.372607040512388,15.900400791841284,7.885571277093231,19.31607383825028,21.67413682030189,97.93564162603565,152.37638227765808,106.0241834256596,25.862920430911384,39.71294558857889,66.80436000500096,26.9507491547256,28.3970328394913,25.462042389779477,20.555413491795733,15.624963700503644,13.812622439965686,21.648231256972075,16.470771178517523,6.205522087970715
10.385917995575875,8.772872647744785,32.54006357624022,23.32211294671016,15.74692010533263,13.54088385207013,47.66442881542964,32.355807485545064,33.45103523023198,17.716764030290314,6.944096773796527,25.773074888105143,80.2770810892386,66.8643400479793,6.635911266723833,11.323311648148707,26.71986726264428,37.96998466278838,34.15208274192048,29.676710343468816,3.7737127622572975,18.850612250798623,15.941420593203803,32.64457422258277
5.662049362026232,14.733385065997808,10.198524760663084,10.434571919772631,15.741764547206769,14.667370304584164,15.38675316526547,55.91374992441335,31.272125095124643,38.02731135273161,12.231865170244316,17.17283405149829,16.12753110923318,6.136130445045826,11.771624096098758,13.55160600150844,13.156926536598991,15.250567972413457,25.91293041771397,9.993587117539182,22.574482767604845,23.452342427564982,27.55682694026665,27.30778519764485
3.657115,9.628953225347656,9.628953225347656,4.022826500000002,9.151484470371736,9.517195970371738,8.401453565682104,20.331538232706365,24.67629167979264,26.62998406513752,20.35235006647358,32.025826588493835,19.66013681227274,29.604004056639518,29.32587117531215,21.500757698587524,17.48454410967509,20.670520684724902,18.847823672224006,53.53811251578772,19.876418459117257,20.82023029858274,24.600415647663183,4.477079954096864
10.103056650081134,4.041585944157521,4.900089832472557,4.973233389772477,6.15298815857381,6.020347980823392,45.442182025324485,23.06580342483468,17.289934492397304,4.980146485673048,5.395324477887616,3.74532,6.025129963763234,26.600849568186423,33.48025893081013,5.062782816773274,32.6121896798197,20.508473998154503,24.874637386488352,21.123231378213696,22.03368681682577,35.307591495615235,35.16722202592923,14.805639960053798
4.17956,4.99380850191853,7.67663876055191,8.960502582221963,6.729357353246601,32.44041776823095,38.95603482496216,6.83201407338481,35.26890300807345,42.262140586194825,14.720957917230658,97.2478663656036,22.582571005345464,26.16481167815188,8.46461693938367,3.598056,5.0986000230246455,15.397202338328947,15.323917022718357,16.979003235203002,3.540741895056369,12.186083314350505,19.06839608567904,26.175592337689874
3.806385,9.128786755254046,4.703680057534642,8.569784679080938,8.676119643423265,8.082811214738612,6.203376915069286,9.844699737198368,17.554095321888166,3.2233160249999995,8.148008012954023,6.567164451284262,6.620976007708178,7.634622567183246,5.335919080856894,28.052272442848473,22.836383398700903,15.743912491927128,48.76320349894866,16.44603787253672,11.205046616969256,20.354386184223323,11.04095901178981,5.246823341674938
9.922362978172805,15.941461904105964,10.279620133672328,19.353879568069612,12.329450920556228,18.473319833215637,20.60789179685826,19.406183004380317,35.39216945806076,26.386686693929413,20.45094401626628,30.88737093074505,19.627044784669426,31.185238783570053,34.65041982786369,36.91094659844608,28.231446148859465,50.27603829025978,6.971793640272866,7.069548206868839,2.227015357263708,8.452134161820084,12.395114541511065,8.973393812742442
10.566992751282484,12.781043063079514,14.052736953353223,14.691497723960186,4.104925000000001,14.425598092357498,9.455805471319652,9.595348157735891,7.4104297927206,6.673355033010293,10.789853986237263,10.878250791592668,13.68320592903514,6.2719997657703415,8.553598055477549,16.16693106318431,24.281231137557896,18.549377151314864,23.82611642873844,15.953637677641597,3.769925039170648,6.794310445936791,10.98272784654874,3.1274994868996555
3.731750000000001,6.103057574775597,6.828593433034127,6.38046928271994,6.489985494205986,9.667366579982076,20.74380742436804,12.787482117663467,6.274914904065903,6.469056035492341,14.847158249529947,9.587470988411974,9.003885797812986,6.017986549172825,4.4821478432330135,7.56576514955119,14.75555263880178,7.008283439252537,19.64153004145401,25.979460253079075,26.65442474723951,25.00812894500936,3.5846254255115304,2.25675
9.187691881786344,4.162037,9.667049719096935,19.494344495164004,6.571673440893171,6.967238940893171,4.994444400000001,6.60075741976685,6.224243627551983,7.780304534439979,3.714876,4.315259999999999,9.41284480537162,4.55006647428464,6.567070608214076,7.909404315624767,18.1027300482391,21.202654154423456,21.101184187754537,21.44116777066772,17.755861237200953,14.310934040572445,15.724041368275776,20.145685717532384
6.261536492185715,14.744573376716104,10.4899425612777,15.653133154989362,12.099001985432867,14.2106821021056,13.476018316311103,7.797559255079077,10.466551735163652,11.017460800256323,13.573675026556671,8.035897156763165,13.329253142087044,22.666361873206554,10.053506903078775,13.672543713630596,29.226920911715496,15.459998861343582,12.936314328274293,18.68864681423908,13.380148247161555,50.64698506352877,23.55971525044932,7.672888935425328
3.479852321513808,11.63885084781078,12.227811959731609,10.970861020008384,6.95224239442866,11.272987782384464,5.250782717691908,8.151945478345063,14.69953326289624,18.612115826709115,16.815167051265295,27.555507917800465,69.31324282543261,20.93352847425584,11.224761132382794,34.724135035773394,40.09843312536475,44.23132207501362,27.79041991621835,38.253421541519785,20.609756428309023,21.186605347514167,2.942100557898497,7.028006122610576
3.43321,14.988882471440036,14.98888247144004,11.553253946673962,8.838852112828404,12.722733293549744,30.603330863937533,52.85532293501715,61.56957434478892,60.53525735222584,77.10979281546747,31.73870453398986,23.758943062490175,13.479595060561044,7.466567945152754,12.798055745522598,14.488843693643648,35.882465761620885,28.27765088388056,33.86426532831534,21.73142525767751,18.003073265436658,28.90785758397304,18.62508736754279
7.226741157079476,10.580014372313713,9.573641274550653,8.953847994128422,10.48151725809068,15.378975765563188,27.890571179476613,15.108775580002504,15.044440158095338,12.64813541726237,74.09847708102217,160.18885983538476,48.053427920980646,11.64958301489757,10.803412727874962,8.834235646520161,6.584254197256444,6.237544799867711,10.78295229440394,16.228898082396423,18.162058641059133,20.68262154833751,25.066120155253937,22.754007776079373
3.58248,8.04066949471081,15.257785083254731,18.275597175737456,14.140817010023028,12.334805694855593,18.0306052868992,11.893653572908478,10.274647515083904,11.797656342596492,16.608802473069108,10.814010661753446,13.91724698851495,8.096470725212846,12.407651454514708,11.145599919732843,12.192735047540284,7.412382844328105,7.967543965810139,6.1197282521647605,10.566137696748005,21.46971120861309,52.060678923707655,28.836868488592025
8.428227528666104,9.103403691906562,7.850588848786892,9.517194768811406,7.237535735618482,12.22478412887698,11.115893000498366,24.776340584099547,15.273598501480528,5.242270610121272,10.436969849159793,30.97393944811028,27.267350988903626,36.686661203143125,21.68361357099123,56.355800273333585,22.977140760473795,22.43008605777965,23.33953313920229,30.89217510072453,23.256932117995824,51.3732491363989,17.348327750847947,31.705703354443184
5.393490802515435,5.674890322646679,3.455276000000001,5.932839882766982,3.28394,3.612334,6.809868387176014,46.898370780536645,28.124874437415976,8.084874922403015,5.065191362362323,5.883808148198656,4.805247536263508,4.566541609086889,3.8960128652561523,3.8359596012030357,9.097658184140029,15.84228638580142,16.108607755710683,20.29215050184303,20.73284643488973,8.156922058233453,2.609341004853318,3.261676256066647
3.517703319581542,4.961405916742965,5.661500500105644,5.918841431928627,2.9854,5.918841431928627,6.293601400014087,20.698083386802484,13.179074229510814,36.5079058662893,35.39428536878525,23.63993964181331,29.977868130635848,21.601923572967372,17.205588723987475,18.086714196332007,29.79087006050468,32.247166687980474,28.17874590940644,25.6835165762607,21.908793542378906,31.418521417307847,27.319430871457342,32.32225269614452
2.53759,9.735527227564075,9.735527227564075,6.820459286792737,5.284710650085957,10.178051192453353,14.936515443959332,12.21210174841991,2.0824491787317627,9.0592419903582,7.815768678350563,14.14578210322826,15.93064386730897,15.579221971224893,11.890850684646145,51.55498327410366,19.241344867191344,9.639615873644669,13.574885628220525,11.863756649304472,14.070190185867284,20.829350648349617,27.8535878583138,17.57041911362978
4.104925000000001,4.319095000000002,4.319095000000002,4.515417500000001,4.104925000000001,4.515417500000001,5.182914000000001,14.063882386958326,17.74563284215201,3.4761251250000003,3.855060000000001,4.4781,4.20552,3.806385,4.416954523274476,15.522912001498502,11.78542273334209,15.292009346300905,26.9026248235828,13.333645595849664,20.778879360026867,29.174124094584748,12.155629858790295,4.245651240251643
3.507845,3.690863000000001,3.690863000000001,3.858629500000001,3.5078450000000005,3.858629500000001,4.429035600000001,46.64578353371304,2.40639984,2.970506925,3.2943240000000005,6.547300360166696,79.37585079427839,19.815228369919513,15.728864694454181,30.103124408456033,28.92695624584817,21.939266875912818,20.01577745733144,13.95099617463454,11.08988877045346,26.55008577828472,26.2563947230252,6.717735134821226
10.635171780610442,5.936380531873819,11.75832672052081,10.90654608102265,11.725615528813153,6.382175584954794,53.61285780433313,43.94120718479617,36.11654436752546,73.15340720037449,36.20030930359763,24.39257546831611,25.668695099366044,34.553958136998695,21.99880440911177,52.971542350562245,35.94040111165439,20.74762871552734,31.914990065579545,43.43734672506903,27.631439804227856,55.698679064020645,38.98649592704602,41.7017714410449
5.457046080921815,9.04439169159067,10.84582632593717,7.572182378027993,7.169153378027992,4.433319,12.654704664255304,7.405637777263875,6.983212806011746,10.764343507514678,9.680572257861275,8.132186830049841,6.760152115078585,9.558342810161005,7.965285675134171,8.873857903039502,6.45188139685868,26.680726376315533,13.57596627745222,15.60530807964468,12.168256573559638,14.647637534008584,26.309145286805776,25.45015092869036
11.23001220104233,10.270783072098869,7.732274317653767,9.61378235674843,8.521040107330224,10.298590122847964,10.510923371078556,4.355606633408176,6.078484929110477,9.50977851388266,9.698420194251618,5.136160634458214,11.505214081067871,10.41328404096652,8.677736700805434,7.156858588197444,4.1714506854734426,12.511240620141574,28.364870871149364,16.288608146165476,17.43218585452912,22.459127842082538,33.777906048356826,26.75295441343897
7.40627017389001,13.087155129866057,10.489801092097824,10.724565316312368,11.71343138233878,14.375034318837466,10.302105357488516,7.436896207968568,3.785627340768697,11.516035645418723,8.453964253494517,15.424660563095484,10.862047276773044,11.737112234597284,4.497081585210728,9.039741046781954,9.146325314676153,14.883712691248164,33.554431061788755,5.46121590785422,5.580553225023953,18.31400273743281,15.302217978342592,7.521918613333983
2.462955,12.230815687355271,5.493037,15.226210006123765,13.842009096476149,11.542286792398814,10.148398019725043,16.203029711531745,28.376983133706144,42.12518678265051,36.961489937256005,42.33540070803928,41.06193203039408,32.549696718745224,22.385928092716586,34.606554487448676,8.914605986932544,5.569890063233637,15.959854199549111,21.042967932515317,14.547992512181576,29.89986545815068,20.53569955223842,4.872183112605623
3.1346700000000003,3.298218000000001,3.298218000000001,3.4481370000000005,3.1346700000000003,3.4481370000000005,6.0661656000000015,2.2520559600000003,2.12359644,2.65449555,2.9438640000000005,3.41964,30.77930990085533,28.73911349370772,9.856405620491014,5.649184536316919,1.9620184500000004,16.24753320659582,21.72530092774264,16.21157178942094,11.452040325576457,14.673864712243144,20.87084677055668,1.89567
17.58235193079098,9.455315333949516,9.455315333949516,4.269122,7.361999583419578,8.098199541761536,17.678477113917573,6.456183081743049,15.474943110382595,5.055172381066547,26.549046366199043,17.135578753528886,9.206678191433936,8.332896233450622,5.688817859915128,12.210850118733969,27.238541030104624,12.952326432027156,10.728879144009571,3.691417620855438,2.8420140758736543,17.79185873726483,16.693904896286767,5.4344975435547545
9.337282407015314,9.664724967381332,9.664724967381332,4.3512205,9.185482407015312,8.535635573858421,39.49630891386848,77.0777483245674,15.826687402618088,7.778433511031602,7.063619240855654,6.649232561808485,8.436401333483767,15.814946104610364,30.82508113642574,51.67447835631677,69.93480149209586,22.648176541652774,24.823450852225424,34.76569519643809,22.16068107510564,23.608205068771696,23.35033680370369,15.938695752010217
3.58248,14.147689618711471,9.023626354062126,8.782423715124244,11.961292842618391,11.251853785418175,22.3031122656835,48.98075823611968,47.01480540731788,8.44810882954299,20.51260668271981,12.017014491614315,11.511918378216333,18.678590258802355,14.951496914387594,14.139495981070331,23.20757656517552,25.72126948689284,18.390021594522416,27.097791231948975,27.74981669595684,3.4840474383001543,4.794789732502107,22.329766602002977
3.58248,8.369166037987632,13.06980071494297,14.056107424445573,9.23217149763434,10.22325274816454,10.042999245585158,9.494437571078656,2.4269673600000004,22.1237190895063,23.02617054612499,23.237180729341787,32.73931472761765,35.1288170402357,23.259319577501692,21.150172916158162,46.49091526344693,9.552759698833547,12.267332695367353,17.016420446413623,17.189304706459442,23.62884807924607,17.97762361048053,4.810226911390337
9.89000257597184,10.744359616215224,12.88949872419819,12.39522312384763,12.69330936481322,12.613387922999614,16.9428324295283,53.9415089239356,131.47565097229986,14.378746550043468,9.599562421220345,13.36401821141511,56.18730430445609,38.34926331077611,89.30967150147882,47.23063175940751,117.90129483268196,23.77477482535166,22.8637362130648,33.11089115256142,38.81924031256496,54.84943239729997,46.22716256693525,61.244304305448686
31.6227334332066,4.004979000000001,4.004979000000001,4.1870235000000005,3.806385,4.1870235000000005,4.8059748,13.076722880244176,9.705890524963806,3.2233160249999995,3.574692,4.15242,6.632759125489172,16.864328185031212,2.9412975,7.060151049462472,14.767310860171774,17.703474832850155,36.61769918569919,23.226413156435108,23.3998891408078,29.903990562207195,30.77242604101896,28.956212978560306
7.771077950903559,5.582903997764783,10.159363207899272,6.99346072202288,9.655593131474516,8.548185745993916,16.392602777248253,15.291823185789363,43.66463406565932,54.98414675672739,8.363363141173803,10.533374325244925,8.026159814591272,4.722540328974199,6.881470934762114,5.89562346431025,3.9925015067247767,3.973141110661732,3.137097151891357,3.1034694879850613,3.140823012380816,32.13103114578006,14.917274890513111,13.65004598768583
8.234172489372739,8.434170239326537,4.30116774847522,8.097397240435464,7.579495786276457,7.377252867029556,6.539068795120703,10.176765594268389,3.212871136631544,5.679265326973577,7.732961990019616,8.98273362477026,3.517344,13.38628482720632,20.07785213732937,48.04377536014767,26.259797200450013,15.362378041727434,18.05187359695695,22.42753906935083,19.975536115036515,26.37709616963676,20.98727036880458,4.31970684420742
4.03029,4.240566000000001,7.388840395786845,7.72469677741352,4.03029,7.72469677741352,17.555376474944218,12.261204299999251,22.224693550765306,38.172587167188055,22.358662828216563,17.493039714633255,19.212800933988397,78.34337503053779,29.656346489831375,27.638264572194476,63.2373866976021,48.313436201503066,27.36462323544205,53.1761231538333,32.33517854534891,28.89611535947426,3.3974232323227262,2.43729
10.079443086250208,4.397624,4.397624,4.597516000000001,4.17956,4.597516000000001,5.2771488,3.00274128,2.83146192,3.5393273999999995,3.925152,4.55952,4.281984,3.8755919999999993,3.22966,3.598056,2.6160246,20.51373636319072,21.58273279783393,17.826346810610822,17.50631708215996,16.099304774651024,24.56474821433047,2.52756
3.806385,8.295640919690538,5.58574918093862,7.9644483479572195,8.528166059946523,9.380982665941175,22.5519085386906,21.19723734966633,52.710316504968745,7.22180607712744,7.001249322554077,6.727936941789012,7.197954470907668,7.509901364583019,6.589946500867767,7.3416386081278775,23.63886805933341,22.54692295474397,16.617575711549904,21.01134250788612,19.7382186982456,19.91618075635981,17.530657461836196,22.405667184098007
8.368136510906385,9.417115785247177,7.39592682711896,9.806562940370991,10.13869812830684,11.781525941137524,18.855948915037864,10.617798066736892,2.0730346200000005,10.489177618309848,18.37978606508136,34.23574067706963,31.998717573500326,37.31591575103733,25.751770125155236,32.51645312766104,33.193793088336335,48.05112232785104,35.1529589328872,19.761081689490137,17.65866156692151,31.10056302079452,33.944866923774164,33.80879262901629
8.97979823990849,9.448309452425455,8.716745618003808,4.77899982399085,8.979798239908492,9.877778063899342,38.7054001304202,20.288552770756088,14.712857409213049,6.426691477173395,9.798444077242738,23.18979647752184,25.674226975536858,10.704226974682467,3.3571486366877865,7.730435006529919,16.90533954873936,29.378077026973923,49.94503975244924,27.394136316713222,15.929212926701672,18.517830803898008,25.365393482575687,15.741584186318
4.104925000000001,7.098134513036611,12.25088408650557,12.807742454074006,11.643402230976374,11.032244987411728,13.21890649685383,4.846676640223841,6.811546868178413,8.990037702802246,4.544932256943778,11.633404325394627,11.928734617664327,13.13200343278271,5.212942514269936,9.897130638366534,4.561707989798423,5.085435897297312,9.663847860876508,14.675903073337553,13.117932553556509,17.30947587602474,23.22906430176716,5.265973420781638
9.27196499237798,8.781582608122873,12.722916810319523,13.006682875707988,8.89337554873774,14.836314469886425,26.214640923537495,38.20141980333967,35.54018066809984,58.70344190830652,44.080632064431065,27.581975938494864,16.424296438554595,8.809396319881154,8.729990830489468,10.163285023171547,9.487950250630869,15.552356705268698,20.43328932626,31.975436487866286,33.52467906096406,28.54647728365089,20.4685665180233,5.944303374700663
5.551797182246209,6.459371390194451,8.744891132087895,7.841496490799747,9.493887160266476,10.443275876293123,12.669532739715128,22.240652239869885,25.792860334106948,8.039596263443839,8.915998376598083,10.35696781119979,7.303326950827503,4.778745888790337,5.9654133360306805,8.550383382426944,28.15464535599902,15.5250277859458,23.05675879452064,22.5580885912635,20.586505271731447,24.753248101566264,21.929809053943654,12.399324798713144
2.68686,4.4241316037507,5.564908463572629,5.340806706900393,4.638436942009413,7.7260674138007905,8.868181727145256,5.209656293503725,5.323644125600921,2.826158845903566,6.923970616621983,17.140606490372203,7.98287125144162,13.608179487644842,6.045765890904882,11.334911618757992,11.22008216495328,11.581381246905131,7.587756582753983,18.92137072103241,15.630293790954475,24.01482072997515,9.896698777842298,7.445552702312517
10.963580899556923,6.950444581907343,13.577850281581416,14.72879687059756,12.661945005701886,9.391081108427668,9.678987405990064,31.36474701047996,51.74547453198741,5.506929553018633,12.574783099008195,9.578148988300326,28.220982718948154,25.74523076348561,4.9133502240345095,58.698089798085164,49.46975219126731,28.6451656112826,48.80320865658357,23.241127308022943,38.68699816069496,29.131031490287608,32.33026822103611,48.075631229100615
4.470970967832035,9.63863113259001,11.278988987305569,9.65838036691916,9.8246135899222,9.83176221875671,27.615941133449343,37.06722231457578,34.485776546805134,8.698649257825533,13.450665189506651,8.764843871328141,10.982396489517665,7.461854825779737,4.843188037762051,17.069063716886372,20.961555623453,15.708392155573502,27.44579834151692,35.43973217799103,16.631489406867278,15.09059079919644,7.355463708616815,3.519562448444616
3.955655,10.125438325126312,9.61043046196304,11.344637551452852,12.770179824113942,4.3512205,15.36459586116774,11.578245190113885,22.533265870394352,22.173183133057048,3.714876,13.931105262669748,8.346068921070263,9.965669460219951,24.474346956705542,15.524353017346078,25.08081679079917,18.274622684107484,15.122889927677925,21.076311274875508,15.876084515799024,17.67088267314429,1.913724,7.023633191989536
7.687056993551869,9.78758434222358,8.820123612297685,13.629803281294858,9.78246277968528,11.414922553474218,12.33263268850432,49.3478457159756,8.583835599203594,95.33374391731353,18.348934973509444,20.646970783453074,67.96322697004703,79.06056732840133,22.20271005783631,32.254342890165745,59.13758226751206,65.07599758138511,34.67008218700554,20.468448630653132,17.346395856527565,15.21812464362682,26.92736388915348,20.12057688210302
3.88102,14.282949314754472,14.282949314754472,4.269122,13.352387992839304,9.552129470965385,17.412825407356056,37.062491287540894,36.232828213994914,41.75029707638785,43.33358295638724,46.13790941089265,45.578621369069374,67.66253250678236,12.425826827357605,11.23079895547461,34.67530924312377,28.822098095475976,29.110183018887607,27.351612320761134,25.30719639660286,30.91698914584253,26.29173889737429,5.902106209597498
6.430229472079933,11.470189538390956,10.877161634863857,11.371578072812213,18.60962934990938,54.708341534034304,107.37106378069404,23.840052810133837,7.003388413107156,14.489575156118152,25.537705507607985,7.441076017825145,16.864248557289482,32.50271289684242,37.91962615223237,48.474952072827215,37.03457711923476,23.72599071946705,28.800115366656275,25.4717069993958,19.38295101362444,24.36551442082904,23.87909332489425,19.172040309680145
3.731750000000001,9.313827854465142,9.313827854465142,5.384983787734487,7.455557382500322,9.737183666031736,5.299453947759835,13.652294831491572,16.36054779578235,39.51922644313274,30.7555712087273,29.27748791361724,34.42963170960957,38.9662439948107,9.681986116899022,12.4677711209313,23.38832557626137,25.52933327891517,25.30055260930632,19.916953562974367,25.88969437114006,31.411288662805788,31.979382650216284,14.959764602873046
4.793440528005181,11.368418382753989,12.837578511574664,11.395387696441386,10.091579781165574,10.56942775703346,29.360113848466643,15.049187712404107,13.59487863758766,18.42694645876518,27.14246294252968,6.9047789047432895,9.495894473630651,6.446419173189326,14.14023384624916,10.142861296032375,41.81026673744087,49.24331566532794,19.04490982920117,46.24103142914841,26.54354080692236,30.27903080252249,23.23193055079378,5.673715879021615
5.145424053535529,5.095874171363542,9.274059645070995,7.561406705068397,9.73930236505774,10.71323260156351,7.624702729217725,10.820824796848225,10.619184901554387,6.049831381933938,9.146475264575962,11.441258103423513,11.987462329384519,6.043267962154711,7.525824554817342,8.384268992527966,2.102162625,5.866671873934775,5.263608491710479,8.769109625990717,12.59419072415332,18.726922800288783,19.805081499180417,12.89671087989766
17.365823262882227,3.932653621230532,5.878326795537389,6.145523468061815,5.586839516419832,6.145523468061815,7.053992154644868,13.125304621696085,19.924434831785764,18.61185323090609,15.785539310284156,6.344620573829195,15.137770221830595,12.311691080755711,12.71211905000187,18.028163600987483,6.2346118042393535,2.5823076520696304,13.446288143985996,11.79249430327219,12.11330303327702,15.76618542658111,42.071191082923406,23.498232923600263
3.58248,9.547640063283628,5.000293848703693,8.53391527819615,8.927970191756206,6.8615297928779055,8.413598718547668,19.979497518672385,8.859376053403613,5.455208003618611,8.330041401467064,6.779647783790357,9.296575148020718,8.898668100350044,18.230566734803535,16.006906346022014,51.10718609979868,42.51253115970968,18.048651630969683,23.28660454614652,17.107827776884488,43.34840128484955,46.65355363836927,45.697042749923256
8.72174075949205,11.225054562522036,14.429640174796424,12.687742182373254,10.62781965847805,10.950905342590808,22.378203954421533,37.11230859874988,48.06303262026753,47.134018435590725,52.51010213721905,74.94619459011938,13.532382412751462,15.31821817957582,14.340130964445828,18.538819632249858,10.654002716383262,37.95785432386185,44.989939498202055,37.49824889569754,24.773709813565,20.507203936044192,22.35430984590343,47.710737310807545
8.548532015791327,5.032895396972103,11.949138786277294,13.913947122179223,8.799545461113068,32.82238046988393,70.28417491735537,31.81282048453977,30.58578300062059,18.41282728372177,16.0303133304918,10.421002687721767,6.443538866587177,6.530273064307365,9.004403457494815,67.9336531520979,34.91559166034867,58.38276858303523,29.48769385224505,31.94722407711668,24.279429927329687,35.87069322166936,4.500049232628465,5.776860185584893
3.1346700000000003,7.093614549834168,9.692155262506212,9.849285304807838,9.461228242336189,4.943786745871591,13.907824244907951,7.355471195771456,8.887042308712648,6.927756338881108,9.376769326479137,11.168933617399054,7.504081525463364,10.32187294904396,8.314156357953463,17.329017966438663,22.557915130937328,18.606590499548748,24.17956279466474,22.99720695427134,9.3079814921513,15.591392938277492,4.483317522171515,4.479909538321324
8.370906535352404,4.440260472107682,9.578365193184489,6.522169721052043,6.661743601275203,10.013745429238329,15.49981583182138,16.06555458480377,15.175544166352692,3.5736423923617955,8.549284635239045,9.13189803856626,86.53562661016149,18.903674669852712,11.909617217632508,12.25283187746328,17.262000933838774,16.372210177021294,27.5230215545311,13.717388151574182,12.741875044497444,20.53996711256229,48.80281038831743,3.880985583315602
10.145664533443432,11.052335148474684,11.052335148474688,9.01123407659947,10.37582688874837,9.01123407659947,15.043199888688504,13.913319016546502,17.387405069554564,29.60679463073739,36.64224034130462,26.2148643181328,24.016974747924486,9.037956739285095,7.39302821323058,7.384028400242249,9.789428067217102,15.301708902041026,57.726456382277625,21.105662129442827,19.34375417495703,33.07163692937683,29.01473456054941,11.277809081327256
3.731750000000001,9.321169415878616,4.4943152016714345,10.635374819221484,3.73175,10.635374819221484,14.139237347623132,73.87820317967793,29.032626775079077,6.359347262113723,9.080003798228615,4.071,9.905458688976669,8.274468869965565,21.153694163374794,9.809281566961593,32.882017736812905,28.40289900742548,34.18419879767681,8.699197171994596,5.350441127983474,12.623753441002918,19.41480747482332,28.158834072180568
14.052150886663297,13.958109590337637,14.54620509530336,33.98432765947508,24.99404957728654,12.565844808772558,33.40323986913272,38.84740757512352,46.087795130508006,15.149326568292878,14.044220775299324,11.025811442736218,9.4405500584551,12.018925648043023,11.09375335266611,17.863706765409155,25.81746198501509,28.42930512887134,9.568478053224531,5.204386411009456,5.414817481329015,5.474082565422307,5.669046620938765,3.913776417114786
9.063845549194689,8.693116917672672,10.481892527795244,14.050903114433924,10.16975269837648,14.341416724054271,14.427892951279253,11.433921589898755,25.60627670783153,50.02468028937091,27.798413366039853,15.484145917604078,13.021126277018606,5.974827092903126,6.012663990257737,14.92087504808666,32.59651572549425,59.7377088842485,28.62373249213181,26.09103151460885,20.117578790125823,27.431615355476342,26.277536046058035,44.265502889739054
1.8658750000000004,8.245420057335695,3.974235348647992,10.98543427681762,9.82760100799306,7.834117252362975,5.973033888939251,14.87272745963407,22.41853961654797,32.2572080782139,40.566744715964994,31.14968517051716,36.68931744767338,74.44961423709968,6.350473458147031,12.876221501264753,13.561147605220595,14.56351213154143,5.363405894739787,3.0883105150601007,9.726149550899173,15.742599367588523,10.593048023955664,6.0394230842727135
5.917285899509956,6.94018247931252,9.320744545406288,9.74441475201566,6.822292965958825,6.260137546187513,4.900209600000001,12.9432447927394,19.92932729988405,49.51229640235304,26.67412758787695,15.675717113774654,6.7576833156942335,14.548791680941443,24.192667839630396,30.610735565358596,30.33354308856729,43.28562885361863,26.97614463672733,25.74998484573217,18.763991922654267,18.055956272681563,20.24387286942324,5.357152199275587
3.1346700000000003,8.202961147858932,5.166691580136736,6.622418820800477,3.1346700000000003,8.819998542893115,10.12382441445123,3.0494386417711645,4.529673808453162,2.65449555,7.530117333062895,8.747105992951848,4.348575603238736,27.239945849399305,13.537745335896181,19.768756443187637,24.50874405986224,15.469538165281511,10.429235376875496,38.4312378768821,12.249499015571963,10.14941321667568,15.4696498131699,4.446220665597995
11.337720140154554,11.452009168564064,12.948638094174646,12.248584615692977,8.129781637563692,16.30836092527293,19.586652030763688,9.300372244327642,7.680790044039249,9.257783634236905,12.315853837442107,15.833852510721552,7.157536643322633,7.547443004676954,11.65653255288724,20.25968642738795,39.27216990897833,32.158744101847645,38.400487637169086,45.95707259770174,16.59798691013607,80.60081256119115,30.191162385447434,9.295024746613288
4.17956,4.397624,4.397624,4.597516000000001,4.17956,4.597516000000001,20.295753186797203,3.00274128,3.1202160098352483,7.148086428951027,11.939543008752176,4.55952,4.281984,4.200272800850061,3.22966,3.598056,2.743647152031645,2.787252899995231,4.963285872471922,5.558226391255767,16.48913696788906,26.479202491033647,18.21074201921849,24.18608154782105
11.384232800042428,5.3341212966250895,13.573163528168658,10.300454590537628,8.858401615546803,11.966832937821632,16.287796233802393,11.28996131093198,7.883697022008549,42.48179279177102,13.707389133415813,14.5505673994227,22.361196160475437,54.46325702457433,69.5570481347961,30.57022835366787,18.831715967331228,13.829362137678258,18.53297479810872,16.507771866512062,26.07416024078209,31.53695313389685,76.16274359285401,32.63698873970232
4.136376615429717,5.663477600154227,6.391972061752007,6.682516246377097,4.828747384716863,5.159300553945378,7.67036647410241,8.46741046804371,5.401016369256375,23.437257471790936,64.27557382423956,29.23484322964056,3.670272,15.132031060446703,16.96852942598537,26.032177340931142,29.08748205874508,41.29718721992706,17.28259246383319,1.4715955584000002,6.455292282579788,9.989200637539197,17.154881138124814,2.920151580480949
16.743905770921582,21.20689046815133,33.09427832256379,17.649868283109253,15.845916324359164,13.26266175682581,25.07250680657152,27.84958396928964,17.685792685406295,20.10676151945694,14.881382287224255,9.903950760757702,10.75633363841053,14.878401362621018,9.789028201492764,28.293531449584027,16.940936763688732,23.17457361028053,20.03002144372494,18.30581514353204,14.242081701433712,20.363010332271955,17.059520720492248,5.980151825312586
7.066287261745872,9.438110186867576,12.70909077643113,9.134330582764528,20.301520423029714,38.69304141142647,54.25611423796453,41.482497284619086,31.331721010206216,84.47241153202242,60.81137591650142,79.4295342666503,43.50748348492742,36.63189421556091,54.44782584395721,7.967773467440193,23.220968361188195,20.06083722554265,5.9957072905048125,4.961713066165169,2.805445999257389,13.89313172499237,23.658062099646003,7.304623924845839
3.58248,9.450199766885817,8.933762697168925,4.210683740988377,8.981594819767508,8.79993133779076,14.16083506013149,12.460216125286172,12.581782394957958,30.20372384107657,44.30543532380739,11.295840919728285,3.670272,9.856331286616845,28.56412178612235,22.852524874507388,25.191820260470312,20.76690552430592,13.566887917650796,17.811438287444783,13.63036457651548,18.458172834544648,13.485395111613387,3.0569556386177816
10.28635520126764,13.796149322189803,14.582946703045373,9.08404881381239,10.171867164913223,15.061370092946946,18.6828897311113,16.40588550405218,111.6062165468334,58.23534017220232,95.7660750148496,33.273237794736346,28.74399448996207,12.1581309415385,9.255302908840193,18.979994183898228,25.177051094066652,20.10672935975032,17.81345082413244,31.87565111173709,33.44084452872723,22.664318391022952,9.443708191234604,6.895272752694162
9.62015696779953,10.122078200902116,4.240566000000001,9.1847059226296,7.079308346072471,8.625719225849648,17.333284571844015,37.31786480642137,73.54457192729723,36.73584342053694,9.034582195846514,6.614147888052707,21.88131312238751,15.455106382995199,26.759326197492975,22.365643103429445,26.580807678251823,24.5581864344206,45.73607487009792,32.631619779917614,25.04409209829171,35.431059159675264,33.126510277612425,28.96176629939813
4.702851534134656,9.009283403637276,9.182992817069058,13.092715606597189,9.701543375193156,13.38374177535684,15.028160522355028,11.484765238701009,17.81760040583057,7.61476442094995,17.23362653244422,13.273132339196865,21.166606327009635,7.356916972484593,15.717813882488452,25.916991553626268,18.199599250219155,22.5344525171568,21.453544216869165,13.12827500662236,16.83805816570533,16.464774694021944,19.43752619349829,11.541793226641689
6.935576290293782,6.091511119735374,9.468090829272278,9.898458594239196,8.99859872203563,9.394164222035633,5.283865517960307,6.464906316648556,9.386595239405649,5.679060447930342,5.652323153287998,9.816653151311597,9.219117742101325,8.344155178614857,6.067821705926234,6.167959125984739,22.5769062076106,59.4501313858532,22.85783654666603,60.96350166876272,23.06860322327771,31.359739749493105,20.68217508890883,2.808021181892625
3.507845,11.498644532861874,6.596452405355243,8.75069313137542,10.928463812224091,12.021310193446508,18.313953903859183,9.618123401442965,14.64173163396324,13.844639299247904,5.887742642796414,11.690930362739133,7.671800005631219,6.104070814828936,8.444722036718616,9.40798189052335,6.98952902803034,19.49257738182349,15.6323067552952,4.489146849725362,3.150912136763714,4.357616223799473,4.311757986732418,3.1197113242654995
5.526770889487748,7.546740306574219,9.5257301960452,9.958717932229073,6.232092699268213,7.113919966114536,25.649169479736504,7.620369453898906,4.540508504176005,5.078356297665003,8.50230463779241,7.055127239121854,7.353852220805125,15.309999338479173,20.723430273499567,9.302471864136683,8.586188310101596,18.648627223582988,15.130976535496744,21.704090429648307,26.320382909342648,29.163598778973416,29.10223228938028,15.87054475130948
4.062858072137021,8.174602998304385,4.986066999601032,9.828279497705932,8.934799543369028,9.828279497705932,22.77227143300035,24.29187007345809,13.988555363380543,37.185250262790944,74.84195988261158,9.747054047311666,9.153755105301391,6.988058047429029,8.116251696757189,18.61411488987601,27.322344723006168,23.13021290374363,22.85981644975995,15.913696813937408,11.915346430067617,18.61488724916387,22.932781064713257,27.91879723614577
8.46285,20.96137374680649,3.926450000000001,4.104925000000001,3.73175,4.104925000000001,4.711740000000002,2.6810190000000005,13.865103990425672,12.260747786376252,15.824598544141695,10.970916448233664,3.8232000000000004,3.4603499999999996,2.883625,4.8159738200274935,12.77246668381178,27.05755919565252,24.48163447345273,12.228547739310116,7.861332945435496,13.253998459485269,21.797532775545296,21.60771287152419
21.04778741046892,9.443450978038078,7.725057067418945,13.926068274795968,9.275838452428609,7.479569193044183,15.984704454548416,20.887284644385375,23.1055616714561,34.26040291172616,91.02613383815574,16.945980251211882,12.16134089957321,8.13811778558039,6.233735533619321,23.38936385840678,51.74572730833167,30.64647708072225,26.07752370585692,24.345449164416323,20.99212689005398,25.46004299071154,31.65557723267836,6.778976756227267
3.657115,6.891239061338955,10.25183842042594,7.204477200490724,12.635892523991425,16.160479915143153,12.06584382782879,3.024913013144696,8.560242826253097,9.997478954027788,9.788244609100444,10.162969684588775,9.415390447696204,4.930340145173067,8.267657099620566,10.877855303262185,7.908920002516449,3.11275317187714,3.830994165736076,4.849589942221481,3.4363915909813616,4.242458754297977,4.2393696609614455,6.135732263795864
7.030939813545495,11.104128107557315,15.185846644803586,24.528098125244316,9.54708193371908,4.658748981354551,21.11556688035002,7.82316927077037,61.85606659787018,41.8314883036394,36.405381717930936,23.592556990258128,4.052592000000001,11.3414154820763,9.667211972654243,6.819924837685007,15.470318023707444,10.420452911734191,4.782887325065755,16.437559734486705,18.248505382021296,20.97332047201185,26.329056334133305,19.0334373541461
3.955655,8.908764358091519,8.908764358091519,4.3512205,8.467007447772929,9.088140570161576,13.1082204,6.082992655086953,8.341645367308237,8.52350265889934,18.097493448655225,9.013031970408171,12.552284530509578,7.8512250879348935,5.278753847429702,9.0143647826764,11.08606299817566,8.234039723049726,17.075495616829187,23.399767885622275,17.325863383831926,27.350487084950256,24.935649893212005,24.98635279876809
11.68151379706361,16.804972642033057,15.321912190135413,3.940728000000001,16.535476319182585,18.189023951100847,13.499401756440651,18.497735209149912,18.78863838882321,21.53217048281799,5.255773462686306,21.40775166396617,43.84249196993437,25.322969594787654,45.625857792798506,51.37173596220567,30.6391479305338,18.106286842779507,5.168332618145668,12.017498738718308,34.056404095019694,46.375821301546914,33.39418340324904,23.895852597428032
7.594185867636911,14.12118460968206,12.403323479316551,10.412912699728148,9.324795258033015,11.64660679387984,21.485294111119725,25.633236852044448,22.652745626164226,36.30019177585863,38.45481664887463,41.40953232392494,25.9471672855323,22.351033102273046,17.53051817019746,14.60367876471383,12.798723412865453,10.270134464406118,11.476041239005207,34.74695675302585,18.3676989498288,17.637935044667692,6.108582639986512,7.721292802791079
8.948664161706054,8.043828428659657,11.93545237608633,13.658053181444444,7.69609101189636,9.297278068358452,10.671658304550574,8.920382243880953,6.552795212864143,5.340433907705138,11.660630384158106,13.545176708870528,17.727550981514074,22.537167912599134,17.041598688978024,22.102074700645268,40.59877052066622,27.195479860540587,22.84944628228735,20.693376525357813,45.91379739936779,28.56082887473152,26.9320559017744,20.288065034824804
5.976451655499614,11.778919185997657,11.778919185997651,7.522147844266336,7.962713350609704,12.053405158884209,14.350336483335267,15.176577937401849,16.30226107421433,8.475670293142135,6.503712701707132,10.008047883464553,11.469180514690425,18.29070865953423,19.179037731141328,62.28097137302564,21.42702908072188,16.903629576638366,10.086325178517296,7.49944314736946,10.787681973125776,65.0551156962851,3.350397452394584,4.830715817669845
9.386156010129358,9.229562940453253,5.976865551212792,11.717898694090014,8.068299125571963,5.629373665664891,30.198919863544887,34.91180852441795,79.09461337254359,65.64979074208084,85.24823330392407,36.25054069990268,54.91804470101155,30.499469479911056,7.687891176057006,8.966702427573408,9.644260771335212,22.18837852043261,11.34540600738132,3.335365550958809,13.39510729855485,21.34228997266787,39.92011626263457,6.442107438719986
4.254195000000001,12.402460139669923,9.900952929862123,17.44566437049003,8.986834857710283,13.256787448167948,12.832917526553636,22.482224925183424,8.194576737508461,15.035189108647264,11.495623748758543,25.238849930293974,27.163555040315693,24.63112856752554,19.25158866370944,8.630447417144344,17.401477727488796,6.762100620592007,6.333810494414984,4.842002438263599,2.117594928534934,6.174720366149101,9.085679022900509,26.83790208577141
3.507845,3.690863000000001,3.690863000000001,3.858629500000001,3.5078450000000005,3.858629500000001,4.429035600000001,2.61558396,14.519114809442202,30.315572485616247,16.80893058088483,10.06078693112396,20.278365460838074,13.920059951813569,2.7106075,4.674899045434788,35.66699760677638,48.929422023019264,22.5810731790807,23.58398206287367,1.2371684040000002,1.5273684000000003,1.6970760000000005,2.1213450000000003
3.58248,6.852828426475112,4.330016804813657,8.04348225340903,7.312256594008208,8.04348225340903,7.550644345993746,3.3393785932843687,10.713423249478552,24.31617969747672,6.276643682035495,7.977007193463498,3.670272,13.954672769666145,8.259062944718066,7.342704353413044,11.095422367890812,43.62070596299434,42.23125691759416,21.42426969163296,15.482833905101373,15.420800140771496,19.89844742810826,21.461338445897955
4.104925000000001,9.875517551818335,7.939710875008802,11.205100430505148,11.377713341126851,12.789369670486408,7.270454400000001,25.06601381060956,29.16928367755318,21.292984789448475,35.901703615042365,45.81708836077649,34.562643413626844,18.501514894057664,7.252680996921426,7.529346149105652,22.77545330504877,17.982780590611256,6.20286306880837,12.33408045440133,12.334458209913503,26.72078642117928,11.5132670050758,17.800813690234364
46.33388927473896,12.773056245257212,8.780698001447352,6.642372818938389,5.828814313172222,9.179820637876777,35.31962532152153,68.20828098459168,5.653555652351878,8.007295647541739,12.927115496712233,7.960101089883029,9.10107911185177,4.043715163482453,5.800450817412272,5.198378727864827,13.405500062924569,3.723235107224952,3.081570786095784,1.7051966321787937,7.064485487506879,13.540573984482188,18.15267659776066,14.939719172070818
10.976033528610122,12.577724918806243,12.98839524077808,6.295806447613478,10.347322490640986,10.123497420784684,17.889592838188026,28.12398658528037,6.807283360842969,13.423461283461416,21.44917203012029,33.46356876275003,29.86167262713263,25.35419073961104,17.90965202983064,16.504023972885815,32.09320278749445,16.42053803913652,17.730271198410165,23.15186695636961,21.38259264913459,27.53442045527666,27.651323483394187,17.309554000252408
35.10225853732755,67.77986795577992,66.17047513208588,62.99955334012593,7.728759737233528,10.249120896287272,49.887857807771766,37.20426853380386,34.75591648923346,10.643822319871196,49.15934151943727,62.16588247094303,27.023602395710135,35.155118095305575,24.413012010551356,61.23718389276891,40.41287326314931,22.90693929351697,5.492259483299853,19.78585763881084,26.63220640674597,12.629950323500294,5.634584587468657,3.412920637021561
8.008818287083388,12.685858590518045,9.963885964821836,7.683960384964338,12.574207506616426,10.028086342628294,8.97496059030307,44.36939929409048,78.21643690531623,33.858769595355184,4.943701080734154,62.33502091775763,10.496994115161367,5.517846728740286,6.917770760548258,10.824752549174141,3.886469147137156,19.865432347908197,16.25330865510738,21.922165045874905,20.38034920272077,28.8158378196287,26.272902223876955,30.24049757070255
15.44675390816381,5.48058061947484,5.629723754431076,5.261930815270043,6.059301936854625,6.665232130540088,9.693510588363328,24.383186831523187,24.881172103873023,26.121375179570645,23.646245085589563,11.4499488762251,17.405782958736594,5.6186254323561045,4.682187860296755,3.019797000000001,18.513705107984684,29.080131519514996,43.45510534622961,17.278956231866033,17.790875468368583,21.83307559939549,46.21517734305481,25.04346429765689
17.890562191375494,10.054407554116269,9.439905607339496,7.044644152393736,9.4172231072005,7.419226265526813,16.770456066615818,20.095021361817334,29.38864767803521,12.593091303531306,6.334201080449769,10.27333429876418,6.56116336435665,8.732334153949553,6.588581139438766,5.3891472730278585,17.361865250933707,39.536224158464606,3.760911353429543,3.8683659635275296,2.1710120708982217,22.63202543442518,4.556000428147593,5.695000535184492
8.327679314335585,5.765487335300971,6.457028780401295,9.160447245769143,8.327679314335585,5.5455715100174565,8.301667692561812,16.779061446257636,11.133494177078576,7.052030255730543,3.705819735927465,10.636196000608331,13.181844570254553,80.82185105048096,11.630331848373743,20.967824385973874,8.592527501151777,12.08972034880223,13.484038165296784,13.487236233306458,13.359175601919176,12.97272277187621,14.437400317629445,7.4705414628576765
49.83043203605715,12.021330226959988,7.748851065977721,8.247644190189757,11.425231207441303,9.81299482568034,20.2428780781492,39.74739715081766,27.53201431306039,17.76478336349242,23.99745739737891,28.14759695563669,25.019984868674776,100.42047731293962,24.309023599261614,30.390276044051298,33.89153582419658,45.05123146386878,36.241395379992674,46.86099315477803,25.62551173985288,31.45351530847877,21.19013034794589,37.76693066372224
6.46015638373046,6.847014761456645,7.64629717993871,8.7775144749605,13.946842821195355,13.54763404336831,8.97518807539478,9.18866824032767,4.408566552224131,10.1877434639182,10.822332310978156,11.854276794572137,8.582139754031997,11.155222688235154,8.256760194965675,10.115182722826171,9.021970801058288,4.864600122839313,1.7394480758368631,11.446063010324208,17.27557882322498,24.01173708084845,38.12391955375471,25.005054624719182
2.83613,8.615569928122817,5.799835964061409,5.795853792289768,8.188351584579536,18.26761924303749,11.456723913747382,4.800513965349209,59.39938897743514,11.950690918678202,7.689930183779042,6.80955184384034,10.049720825543856,8.108955105701025,6.722784412072738,2.441538,15.07974551581007,40.2763844711169,23.506432958809025,21.59867680787908,31.443400052474043,22.344089674360703,3.961479185583144,1.7151300000000005
9.120317926537547,8.250785976202485,8.250785976202485,7.618745276795129,4.911979218617001,4.597516000000001,9.90094317144298,11.419527631117752,19.96009873782312,22.64208508802661,8.845161054976945,8.554533919729094,8.033823159397759,7.27135383176973,6.059461526474775,3.598056,4.908163836444568,9.488115841733642,4.896441102812838,8.300631405211886,15.251832795939976,10.586080559075048,26.847429572901728,21.29810705273227
11.253685362755215,10.340296126718128,14.488990710168755,18.18247224409553,16.78033766381419,24.41863241099444,43.39438581692297,30.857198154457123,33.230541406973494,37.89619141464259,27.51605813148868,31.85604335098441,13.093817892432082,12.742642419899585,9.725967387608062,8.591309294690964,23.9840134683558,61.106171445352494,40.15587131478876,18.572881772246607,13.206243069257477,19.67712244556464,20.25106472614237,19.76688800283528
7.51670131316409,13.386130014318434,9.7240077480428,13.17927438766565,4.30051595869641,8.244747602081116,28.507638386216385,7.554993902309143,7.447187780796033,9.796945042715446,10.555790490341424,7.128595855139776,33.3922399573076,19.993315323587375,23.99643317851685,13.957630389529385,29.379972846463,14.400448854669872,18.349135901968,21.406246227613785,21.57146630666663,27.4391684522808,26.656640059718068,43.09813486114909
3.806385,4.004979000000001,4.004979000000001,4.1870235000000005,3.806385,4.1870235000000005,4.8059748,4.243816446508992,21.11131499241601,8.022404024999998,3.574692,4.15242,3.899664,14.147399061526952,45.94885929268473,9.36485863930849,12.377790277339413,7.534559158253727,33.0409243504453,6.498794597094754,6.977190012654569,10.977772875115772,6.744103554586168,2.301885
3.8956455893574966,11.131493948275386,11.979131443652651,3.694432500000001,11.385124925785576,12.523637418364132,6.915747773063231,7.336811317161064,29.74493591221438,121.69257267495354,120.34884581433884,103.96019014031867,28.968203752853892,60.663475294226735,12.841983881676803,34.3616032023384,3.310933691252045,4.045516296160036,13.706830251461012,4.434970854583059,3.352415274969996,2.1639198038374143,5.508060438403773,5.0765240059937975
30.468024436591385,21.79391152533317,3.612334000000001,3.7765310000000007,3.4332100000000003,14.860695907310255,63.00384346345301,24.68620526623202,24.526974816991064,38.86628117778907,25.277618646536016,18.56890282388528,29.516949512933024,20.97145291473506,40.66412843426019,4.020931555353848,46.07271133022593,25.049824535445754,18.85167967462646,16.950811452308436,18.75764564905516,42.39153161628302,24.791566880180817,31.01106165891848
7.428776148311717,11.233797584386677,7.913305351258007,14.651607987698243,12.74858832871998,9.48827105986004,14.729949167762946,83.78550484098159,20.90713848048632,17.579551916775433,8.807611669076154,108.9344350919396,33.363431215967715,16.70329376949903,10.92356526699794,14.262017798615538,19.518945476211982,54.48303975446509,33.08018662098566,45.432560514597775,15.149106092225894,14.808239219084632,37.10533356881907,5.920139594038845
11.834347245416586,7.832643080990762,12.37118203005536,14.631275884640145,6.652685166345347,11.638794433362268,28.33656586088425,27.821743123051125,31.981338359862352,40.431686001448064,51.27366031827031,40.29823460906957,34.54395979173643,23.47970265863463,16.83457960593268,5.506966192889423,22.83929076872526,25.52539038973656,23.813575905223587,28.08626360870803,18.01251845349191,5.791524798605671,3.697125978280391,5.949936969657386
3.657115,3.847921000000001,10.056264264366732,9.92331803224937,6.607360766124685,7.268096842737153,12.067517117240072,6.866516971256024,5.0212749675062485,13.052909273240928,10.907206759060044,10.426479853362949,3.746736,8.862507875358501,9.51842888733532,11.549240528432007,21.782179969232747,10.955943948537984,8.081816438376519,13.20743992523908,7.465691302846173,16.689015646303112,19.138662700979992,4.157950331155199
3.507845,7.753222632910562,3.690863000000001,8.105641843497404,7.368765312270367,5.9821356717487015,6.6227098017717045,9.031761045808851,8.928776332027445,6.240004443981678,10.216793476341996,23.737504141928493,7.808440746916266,8.871114300162628,64.30769688061511,4.515483955753434,18.441063462168817,15.87233788126506,16.408454212575982,13.483892243350144,17.698972193482245,18.14198057111664,23.39141000573651,8.105188021483405
10.84339359912792,8.288284702700112,10.560797342329844,13.707391891357902,6.529068914722622,13.7073918913579,18.60964179933005,23.731446575798625,23.989906130099698,107.90795501295354,14.078753551515044,9.034812329695534,20.17508893676415,19.67191257490058,3.380349771690028,10.263265236979963,12.371075306516312,12.585550984731452,35.891853460787786,30.318919184669323,15.23072632083035,5.425822101156976,6.028691223507749,4.763739892986916
7.985273000570659,10.823300320113814,8.164497560356251,8.114907633312642,11.321167515113896,12.453284266625284,23.91718041094036,8.39484804387596,9.661128939034562,14.076241223403988,27.018403979127644,10.99603176838422,8.89413853268113,6.177819366455253,8.748174898042556,5.449284861182189,5.143400566654409,5.0509162445330364,4.273380212642043,10.170071052701244,15.27451540132703,13.943838695795142,15.305572932717045,6.846397746294175
27.972077291579577,40.144263051286245,37.15302411813638,10.092447472628283,4.03029,10.092447472628283,68.00483648529973,6.591604823624891,28.025729143733205,29.99574119267602,6.859564568671924,6.182430532309451,9.399792974866156,8.507682993455248,5.824829200826843,6.489247058517068,42.80949259763776,31.6686724328352,25.125071039381822,25.416938148195747,24.848086694291307,32.79263863292346,29.661637749241187,44.06550572490114
4.226433715796125,7.761675558228826,8.424622009680972,8.807559373757377,8.00687215796125,4.1870235000000005,5.158678152491649,69.10365498825131,12.25722787599712,6.780364922855368,4.560893332738729,7.818299701493455,7.557574397794557,3.529556999999999,6.18712848569733,6.89287255337534,5.011574073414837,7.128846194725476,16.345395798962926,19.8798448068328,12.469642028923351,13.20614660402574,11.523620672341025,4.588078998621597
3.806385,10.282327880383631,10.282327880383631,10.153098882182787,6.5182374464467205,7.766668729309673,7.919526432188328,13.463428462295706,28.686067414226702,31.16810358743832,24.00023057677446,28.922348714826345,13.585554323586932,29.304600859952693,30.724333899938053,42.70326379658676,40.982204422930025,45.06957214744943,12.471483239067087,12.45572041229192,18.72673461715408,21.33657578649275,6.424087945119265,3.4498668063812006
3.209305,14.78658352025428,14.13555276566102,11.950323925091512,13.19450337873193,16.007261927229465,12.345647052783905,14.083380148165896,32.78818561846784,16.588413892198442,14.553808019379876,15.3000424841607,19.764439735706436,56.88150561479244,42.0725235185213,24.59539031811442,30.836481484364857,22.397223775158235,23.003209170619403,19.41041862513596,20.740222438390493,11.388053108910452,4.807163905711321,7.1266680137944505
6.5242619143416025,6.86465818813334,6.864658188133341,7.176688105775764,4.03029,7.9962816057757635,50.41273780053022,26.22372259273683,31.92539765097632,22.076589456226284,83.98817438847615,13.016276728172684,6.68414501263772,6.0497701387531215,3.114315,25.195142463754923,31.998831286788626,31.821866476648093,2.716230570598712,2.3954349040345706,2.3987490753339293,13.529768773565545,14.98177279391603,17.81426737655945
11.522217327462103,11.479448515278811,12.877234705062415,12.413334925296148,6.077533652412285,11.735546734030962,39.58385245627076,41.59745030530448,19.422911139800423,10.568489873542598,10.31729040902338,11.080216727634616,56.22741847178984,22.275778773062694,22.01874255315635,30.936892772914657,35.75082345540108,31.601242244471766,26.60250965591129,27.616778762844785,17.54219278281907,21.18251425320864,71.88668014162108,26.06920323998904
15.088443162302742,17.37351274500307,11.405892530696647,7.4770421931863025,9.002923796282142,12.466351496488292,10.999415673309835,6.15467535523579,6.236072117590611,8.117137194743869,7.487624771843243,7.414421625434807,8.649935603106883,9.833619126432927,7.40694215301373,5.39818418796957,6.560709565325317,4.765389544256927,10.0202052172698,20.09708315464893,18.80000737488152,20.329911208895204,47.00580312099346,15.697946321726112
7.608120364621066,8.085318795925495,9.475667007695554,12.755697021429189,5.16879,12.755697021429189,13.177760301210244,10.633852204330427,20.186988518267803,33.24495145399235,16.605019901073756,12.65027803778101,11.880261113742165,8.983336588155804,5.694689626605496,23.984819007379475,60.21706543985256,53.411244960841096,19.606448711012785,37.89775172286798,15.43965329881361,18.27723258446974,29.210914193847493,35.030612919500086
4.328830000000001,4.5546820000000015,4.5546820000000015,4.761713,4.32883,4.761713,5.465618400000001,16.656459362994397,19.012691737525827,21.05869576526021,6.418326896011084,17.062989000920172,4.434912,8.854025043788267,21.061624268633995,25.13875570111903,48.10322359620872,42.60977870737253,40.68066041736219,34.874858358167266,30.946420298367475,45.338232293447454,45.19818312648436,48.99019990115039
4.403465,13.404372734237072,11.473977612160317,6.573646089912936,12.73969309452283,7.6709355742943535,13.70268851754662,15.970332508995726,19.36970062058556,10.587621896643828,9.748951273228592,13.897847012206723,16.391479052094308,22.08520034530706,22.70913934134893,18.263454775601115,28.173209418041587,40.81917367433112,14.046919202203831,27.28976729677841,20.70950020519989,17.834008480583595,22.77325530186128,30.71109596248245
8.360290776112404,6.534940922535895,9.950995973135011,12.464680567784914,2.4629550000000004,9.927720348611164,13.411266785096124,71.22090466926753,10.9122424170856,10.502550363454189,8.12763702507586,13.52985554068173,6.69359600710272,16.61513082704092,15.409419673699533,51.587205490035466,36.30203737230634,27.47424910967135,25.225000343805764,30.458474486986347,24.13572519184656,25.559340011356465,26.71738896542127,26.30037851000373
3.88102,12.87929035847569,6.808630947324795,10.16679534102574,11.621773037354858,10.911853998471184,20.707491125773103,25.45815821127557,24.512903229183788,22.97289361554722,8.88014612660809,7.271952772394728,9.687432138117915,9.940620997956573,11.985188620094645,26.726882868301374,19.62579921079748,15.743826928686603,11.259630406006586,21.1251274878706,22.015221875289868,28.802843494867304,10.17541991231372,22.62077335541777
9.076278064250303,9.54982300673293,4.794615727884812,9.238202911037789,5.686719156806915,7.995364644975213,14.96404440807952,17.13810540858647,8.348292500045734,5.1983291917001,8.523808964687241,7.9292872512150865,5.82607749187491,3.806385,3.1719874999999997,14.983166471784523,25.695133165212013,22.60283223024144,16.30766817968492,17.876231053909656,23.77870644694102,26.742271417057445,31.626946244975016,17.150815930437833
4.104925000000001,9.214743723052583,4.56387743615263,9.633595710464064,5.966080712896024,8.098142247324846,20.65706689238713,26.0192085136823,12.508289514197084,41.77607877568862,44.6452415464048,40.13331747287646,76.77480266478233,71.37145224955648,9.148224681026432,35.876628209208796,39.937302222335845,18.386671461635537,25.800415861640538,31.159880877969396,36.92232913497762,16.48274118943413,21.53418833513661,29.466930166716114
4.599014773394692,11.579110033798647,10.203329921931369,9.322447267075454,8.57288087113484,11.426059778735429,6.5865585997221405,8.616273723102802,7.551959824195115,7.144233764385331,6.505117956431229,12.679147096433882,9.629482365316685,5.86808687261967,8.795108429695624,9.752361584634025,6.327378425836909,45.57832509095088,17.807084216738073,45.0493821690348,16.8037472704901,22.67604066094523,20.341565928973026,17.35325784734682
3.58248,3.7693920000000007,3.7693920000000007,4.260634896866237,4.92939112924145,3.940728000000001,12.04750427087387,13.301785177154178,16.489128449054856,5.87924810138013,3.3644160000000003,3.90816,10.913257620743757,3.321936,2.76828,3.0840480000000006,9.779759925528612,20.05156333672356,50.84549758645656,17.284453614694012,13.827762046278778,15.628909989346186,26.594655174332345,20.87867394261925
24.33780501040628,3.7693920000000007,3.7693920000000007,3.940728000000001,8.588981432644305,9.447879575908736,10.844522643651768,16.253775406834077,10.365526008335491,6.50246992401434,8.066173867179,9.36979792652106,3.670272,24.37295522164835,9.088911479517051,19.096004772512227,35.3571487754673,27.443359495592272,19.549221399824784,27.844651924404303,16.217960662480017,22.742025336742184,29.037895840131675,24.83707479600144
7.043105609898021,3.3767470000000013,4.753636398840813,5.769419269832029,4.80872197845145,9.140111225725432,12.344467340944451,9.568757672804232,19.766321017579344,22.850147138588856,3.0139560000000003,3.50106,6.207549364620865,11.269126242077377,17.147932144697343,30.22444319504192,8.147450284662046,9.829574984290474,36.71210775023504,15.8593401116862,11.812445857119686,20.452754280868348,20.355705583523573,20.13140624028209
7.11688964412446,9.504151154774974,13.303357155369149,9.566283625854128,12.64368655262357,9.281596582031804,32.30144509663931,25.160377577829127,49.58125861588159,3.1601137500000003,11.874070849420391,9.487223430599132,12.95353183573134,11.096356178431499,3.2323969633340344,22.453938989169604,53.25009055571024,27.366756179015248,31.516096522067883,27.433026756427115,17.731709635491182,28.667593055665687,43.82604722254117,31.223538927190425
6.245444833187994,6.843631441715847,9.839341883431697,10.286584696314952,3.657115000000001,10.286584696314952,11.807210260118037,18.45671034725496,14.37545294411822,7.918969954229235,8.78222250752581,10.20157159965119,8.25472674188126,5.551221897151435,6.026069384668795,8.050370631898659,5.853151705299871,1.9780479965451487,3.3211645587207417,3.8413441247917897,12.679570740860846,16.094389176584336,16.75923597167955,4.246471932099179
15.82363995445253,13.373547302330758,10.418866197738549,11.510247983141396,7.939739616727119,24.297777697583047,16.048256762796907,8.928034016085004,4.921519881726115,8.860988426691085,10.35437828986898,10.240663180722724,13.021876261322808,11.786003745780596,8.39573462843504,23.443862583591063,6.07694600657148,9.931697547532275,15.959974905808233,12.556374103684718,12.180627455322467,21.299548183148428,6.051937766265297,12.974453423786212
3.507845,7.865157896694752,10.511530464834618,8.376368531057684,9.710836717876711,14.87161230414528,29.27056531358637,28.357035254957832,12.007504502555609,18.722910616912493,9.362719711444235,19.35825067720911,11.836772197157119,22.444347169689404,64.34560703386317,24.060920051931245,26.260035438796223,23.089416257472397,27.599040548722147,3.164912797534769,12.863836264436074,23.13481315008096,22.76579154542404,31.587409581408608
5.55965928809415,5.3434210278397805,7.199881643016579,7.527148990426422,6.842862718569474,7.527148990426422,6.817151185809946,13.70172481761627,78.82483532234929,57.1128042317507,58.64124935082352,36.71144282012539,15.690845704486067,21.6432527240284,3.0566424999999997,5.8908122533772005,4.28300998339553,16.212217257756112,19.28091537466921,16.785969778461414,2.1870989676794323,2.141396135280123,3.3105391176004098,4.138173897000512
3.43321,10.46282555388937,5.77943264065104,13.487212048468226,9.3232095287533,66.98111450198918,32.419304024575,28.30917168930476,24.798447323226828,41.48478788861105,31.76349564336775,30.609134795742712,32.45397493647922,89.08950210345441,43.3376443468344,28.185951662485135,22.11470155699335,17.079349442628853,16.281381556311317,14.295012626397892,14.964565440153969,16.438629147629424,26.18815787204908,34.68368497904126
3.1346700000000003,10.26682588587894,5.746308763195089,10.73349978978253,9.628466090909996,3.4481370000000005,12.32019106305473,9.572956978819075,12.628143575589194,7.899197193182542,8.155068044317861,24.442162176376225,15.524380536610453,36.08222411361603,19.47504785391479,18.696670587532655,10.005056555267949,9.49178670031738,6.489085781601967,19.36883467133208,14.14925924119626,23.53420937920182,10.385904967064508,3.692453451293925
6.09422829344222,6.593560309253391,6.593560309253393,5.732712604120786,6.808535903526486,9.738289218824075,11.177862407693723,16.36287563430875,29.131289912159467,14.720709399047244,22.56314862431523,21.98210899556448,10.461845754093794,5.810853675998667,58.35486381678847,12.042435030883889,48.83277697584924,16.60074434890791,16.977561312800816,14.384739635349057,13.956569097649774,23.80266868665992,34.17750279075827,27.06881014744412
3.58248,8.312300349468723,7.692812847268442,5.02013804171261,7.1150946819685394,8.690132183535482,6.919070400000002,12.573664914653763,18.79140533201369,18.57511299328764,138.86891924825653,58.62500302303471,9.565230056321028,21.904327147579053,5.0696676016057935,6.8009730132016815,12.914568337142656,9.149399806430862,38.5999146954064,22.28351851111913,9.026337717530346,14.25646703037188,3.157400195892455,4.777543025802833
8.687499147887408,9.60680352027038,9.76171620976362,17.027533140883772,12.61359968377393,11.09433423713288,35.74024291598205,34.054672196331936,13.658794515858451,9.956530546553116,53.50830026531049,20.508410611486845,9.172766450129638,11.424664874395056,9.745363128611368,27.98749104635267,24.838269594706293,15.310760333637004,30.92926659299862,42.173039416942274,44.65671325104344,37.87624720656288,36.03195868055942,8.34003144806514
3.507845,9.37203685804932,6.789685104390538,6.288387740942581,8.907307757650177,12.821480240942584,9.15263427388681,12.559478482528563,20.02872157296701,22.18182517329413,19.778237429624863,15.789146399014488,5.353920329766527,17.342311987188435,14.552666105864168,18.764425611124295,26.38660139288216,23.493688093891937,21.63931794450048,23.60225867317105,17.828092902815918,32.70450927171732,14.047058066236096,5.386632754626393
4.72841658718214,9.994190853543456,11.252590753185602,11.76407215105767,5.1270832220549964,10.00993895761711,10.61030059680291,12.402227438483845,4.86782669818732,23.697289314656533,26.21756039801737,11.666848414272073,8.315999641697573,6.220094174219324,7.8019267545370585,9.59768428211534,12.179606445814692,10.628472446464915,4.111842078164741,15.714929917582152,28.784392939158703,35.55533438455023,38.62923191405168,9.313723400261148
19.265699108371088,5.579290864424185,8.53345802548465,8.039655520449381,9.193768865974624,9.980511239864772,9.987873573075726,14.670415103491386,13.691322172149906,29.02756313762025,33.46955747240612,7.710765893582308,8.473474888605365,25.06075584195559,23.382291235576755,27.655195866145238,34.1227436203437,32.582620988744175,19.784885626205583,34.78889022791848,17.57729231571734,20.29904415600213,21.333939210892297,13.6938286747874
3.806385,14.83562725256542,10.35741937907104,13.698740945219628,9.4346791915502,15.509973945863852,12.428903254885247,7.961158773120087,5.181439548529069,16.798097670271428,13.24171688658732,9.09486787795941,11.266931255691206,11.298549016705659,10.895436242962205,11.34245105560187,16.480593537969334,58.076286464948645,14.0726069172934,10.455330395379208,11.206551959941958,17.71875998081592,15.123680301897046,25.651696861116744
10.114488933407277,9.066272351665756,12.080375305426626,11.276868600735114,11.883573955807252,6.751645872763598,17.74873438505141,9.752153509450665,8.004344825211087,10.342929736199649,7.286724663215033,12.20050153902342,25.278314203348714,16.08558765981288,46.563836889549755,13.278638016388152,17.719401679106745,40.20996222798082,15.194622807536131,13.408939319665008,9.519716719530864,13.570937808497764,11.493053979427952,9.231257699786688
3.806385,9.429704706300964,7.950234059127975,5.475956260794651,8.9621160431786,9.85832764749646,9.244386741518973,3.744836610325887,22.658590576345272,30.42132247529381,10.006898179015105,18.71648732090942,94.74621999750907,19.498591498448633,13.507892401800188,7.7152129415189705,4.289325797395459,6.5986027414572845,11.062850698957536,12.207033089478571,11.80614642269743,3.902239934057528,1.841508,5.4197776861910105
4.254195000000001,12.53193722867005,12.53193722867005,13.10157073906414,6.733967406837112,9.85616594685756,6.559739758235127,7.880746548249841,10.51565871204052,9.03608573975655,11.314910179478671,6.826117928153385,12.01835200520539,20.79045897915821,100.00642388878505,67.60052334512221,13.849413307507378,23.94941777659201,29.50409435808425,57.01377370832024,21.95895097882116,42.54593409253382,32.34689294656935,42.38071927611846
35.562617259267505,6.817494495602728,9.315893991205456,9.739343718078429,8.853948834616752,9.739343718078429,32.76596766638496,52.30577232110907,52.639018756252206,48.04993752021743,51.420892493856535,40.7985922093466,21.754749621769395,32.951490764461184,77.13652360133507,34.397474542606794,147.26232907451111,71.11540225655627,49.24768437294176,34.245996691412515,28.170196388909385,28.374081336421177,4.0746231381857365,5.354364315005387
3.806385,4.004979000000001,4.004979000000001,4.1870235000000005,3.806385,15.366554021576032,41.81531347365742,18.171988270380965,2.57865282,3.2233160249999995,11.79185043450023,22.36591366287745,56.962874851618714,66.25369422781546,37.53130032245844,21.177728930871883,21.55279218264229,15.34577987497326,54.966787587157945,23.891946280610718,21.471988262578726,26.316134864566564,28.79950581572001,2.301885
7.045784967152743,9.161809500724097,3.2196890000000007,9.578255387120644,8.707504897382403,7.601640923036803,5.808320782055159,17.478734969604464,5.898938772299424,17.38539213770808,17.119723294855547,6.978737785089483,8.92089039289138,5.257246491063441,15.095011684572698,17.238776244877126,27.95928915140812,37.39620635177044,21.59261564985277,21.19426325548381,22.40185820816758,32.28162159154134,21.691884265734497,5.26580335691505
22.551344302816894,7.10112485558243,3.612334000000001,3.7765310000000007,15.622111131195243,6.760744665725466,8.502059069698577,33.549512869730016,11.53293213694696,2.90730465,5.77201916125178,4.074158971429803,6.451159519017203,5.000357317149661,4.7492834428649955,5.291017564480799,5.367078773796553,23.882678893273315,20.91792315342476,16.91787650176338,17.12142573269788,19.43174303706312,19.040684325641426,19.087446077859745
2.83613,7.902847751470014,3.654840057018639,7.327099903116911,7.510971003463235,8.262068103809558,3.5809224000000013,11.945864757099152,5.914875960000001,6.36042680884182,5.65687245281045,5.180252679231525,6.824233901860953,53.457514479709786,21.92252664079494,20.970812531496062,32.2814018903507,26.4466294250378,44.074984626534174,24.954254934729285,23.84621975142786,50.947928694753685,31.033734182049223,21.585016919077283
10.546916856316331,5.455484950832066,14.368652019597508,17.54229475186504,11.637267518077431,9.87102620568362,16.275065422263822,12.756311258662336,10.530192770120156,9.252329485677004,9.508362516950998,63.35185988274489,47.14260889550989,11.060965374379778,9.033821462450991,18.334871099594892,66.83959957392125,18.911296551741565,19.540750859672716,26.697406807961688,23.00858625145769,19.99270451658738,5.434700129164403,9.399983044110623
4.104925000000001,8.037476370713259,12.936138432215907,13.058569404694474,6.644426744881163,10.73069280522008,15.715030118659092,8.054360277366516,6.391530728613418,7.361307221178879,9.36012561453037,13.026847789105576,13.778342591993809,16.455019398443977,9.500432244546241,16.379060961198523,28.78295323311513,36.56967261849414,51.19969213622053,47.97436244311477,31.232143379716163,58.50999081697503,36.9100041457135,54.76739478660811
7.850316616064603,4.5546820000000015,10.923559647759925,4.761713,11.08511189880896,10.925987483419998,20.50014835456999,36.62524106454892,23.150841886649957,10.55119907076309,17.87122509277127,19.397448818918114,140.92180217592247,20.800077839764462,52.301584864024804,20.34998514496479,5.353734052748556,4.631861928254639,6.380600953832716,20.430652007180008,15.79403164974242,21.62437219857905,15.926556583481366,25.99431551344906
3.2839400000000003,9.718381457740747,6.302142117154888,8.076737683720163,7.883628643832893,11.202359569456236,13.691386078995972,14.914326543986244,30.68351844137421,39.20336230743024,26.443831595947408,11.48888609766582,10.123251019523954,3.654754341701016,7.13727864383289,4.690447276683199,16.363176328313152,13.646428062968925,21.881463508990123,24.821436882322057,22.259153592593183,28.261129555992525,30.29586024594425,33.44576415197706
12.068516548601474,10.19977004293837,17.198251507650617,12.254424744787508,10.606293634996328,16.49456263276786,11.458480361410205,14.214869571181591,12.754176850718974,17.19282153883796,23.52587024662571,30.09094304328228,68.2028828439378,25.564621538164236,9.325671878464776,4.996263016318872,8.681663579195138,22.201297875787155,22.716887388604537,6.333057718698833,3.746277154349453,21.68645962913448,6.635607154058679,4.437680992493874
3.88102,4.083508000000001,4.083508000000001,4.269122,3.88102,4.269122,4.900209600000001,47.19297330315128,49.22579782552236,60.4284444532717,8.450068153029775,18.335541275676302,11.278646674961465,12.012907665639192,4.468846658247553,71.89875997338673,19.729034292979136,47.656338636370194,12.265855524334208,17.50684196441991,18.46085316975137,12.648545158576605,22.04634964522841,35.181130608752966
52.66327739472799,43.83064416182897,51.64995094527955,39.35651030866888,9.904927754687078,9.645857979218372,5.693215569937428,7.941686963944526,56.065671331294574,40.29811147118839,38.929324078700326,42.28453511863808,140.4113166275352,53.146604227165284,15.746591280576409,12.53709134884087,14.131488636711,18.003724351563744,12.479390470043963,15.30992002285217,12.68795270857509,30.002477659448225,24.81768577926708,11.85478518011572
3.806385,4.004979000000001,11.00266628459008,37.861095937270335,32.37640050003851,9.895293026676525,5.133579833704915,19.52663132381898,33.4525390836794,71.73477429325332,44.78091541264244,36.83249805955111,20.169148082588208,19.102776151486434,18.192116939168795,20.45463003022425,20.232531991542796,10.296874567644478,20.742110834661247,27.91698293515277,38.923475944404125,21.93032330142254,10.221495975957064,5.753921512179873
8.903462387761946,18.17157611498979,7.9579890638786,17.781375506228056,11.979247311397698,14.18550353305418,15.600922850067676,24.91661916310177,95.38608566503991,21.221116838389296,15.059683935962276,64.70823625628134,98.19832826699302,27.76038024680038,5.984350804054832,16.963577428128364,29.61384340410793,25.397651722045165,15.207914036738408,18.79602053054253,26.83713740080623,31.12578225047632,19.9495765994582,10.877770991743612
6.313871898503188,7.155247962284027,9.203074603806709,10.156623594377717,11.601835592878729,4.269122,33.837947732503025,9.191531909188996,2.6292146400000003,12.20541284881584,18.52785249867912,36.68034369708903,38.08561415462961,5.854681214975682,5.442880316223655,14.748053556665864,34.35096322190755,30.88561513364713,30.174238395253987,3.2931342745253227,3.2564551228059138,4.020314966427054,4.467016629363393,2.34702
9.31066622231553,12.871347649949,5.413132394229676,8.236867666736648,12.233099006149876,13.456408906764866,11.755728134610568,7.853381956165894,3.1325284133668663,10.359210658389642,11.48847558838423,7.096268491455647,9.538832746340654,11.343419078429884,5.026523514781084,48.53388703293909,24.96072924604729,26.75739990189973,24.238849097277942,27.96617789613953,30.642983440267148,28.9364322211952,35.81131666817433,20.70961015748144
2.612225,2.7485150000000007,2.7485150000000007,2.8734475000000006,2.6122250000000005,2.8734475000000006,3.298218000000001,1.8767133000000007,1.7696637000000002,3.0730896260755403,3.804235459325209,11.0495249235741,13.359815948431235,7.878364112455217,10.563065830120662,5.3851891060830335,12.839977814003156,16.786734701634067,20.033625103001704,19.057530855180588,34.65453924166705,19.636908545175096,23.05759187551669,25.29887912852732
