1,2,3,4,5,6,7,8,9,10,11,12,13,14,15,16,17,18,19,20,21,22,23,24
7.872112925148696,9.290303876197257,4.240566000000001,13.72729537280479,12.453298864674007,8.659324217663565,75.72014784933076,38.70164415240136,10.50425239242002,8.993409183682909,8.292172054787633,10.967596406409127,10.746999025121196,11.786055208145386,21.55495141819504,21.5253107231363,20.354381882306964,17.240481033046255,18.04915522060896,45.31870252608816,13.558211714410216,35.54224743644256,10.461953406393212,17.932686170188173
3.43321,12.206216709111372,11.117099196598671,8.473410525221695,7.711135935945228,10.038956696948045,14.473877624914213,12.473085475521788,7.6713085899120355,53.04295599895275,5.98338017872771,12.655581561663174,11.885241814431506,10.7572443274137,10.25305533766942,5.085875773874867,11.688471749775768,40.409879343202064,18.787742595561188,5.861684491376592,3.747804490169423,23.80494767040153,21.647319599992525,11.760178369050058
38.373845938652416,35.0112790209716,14.14484818177623,14.07646853694584,16.439680931558144,12.861460535980944,16.48801218627811,14.753152679739983,20.009738742223607,22.93475189117789,22.28157009050001,13.01989920882724,12.284447945584978,12.766358702585054,11.773513028718304,9.38193137312535,9.843662275158996,9.340443289200518,4.669472711747011,8.300303661053704,15.907737067507286,30.69956856073804,23.75859001191495,8.525146966626991
20.310090287072185,4.319095000000002,4.319095000000002,11.145697319590774,10.132452108718883,11.145697319590774,8.444425100650475,25.568850023704,13.897874087816604,6.260244877944616,16.562108706663587,34.05524802010326,24.25393660843398,15.512235188044274,17.703082025014776,63.92180003002618,17.221712591993146,19.46718788357252,16.121040945710075,16.033452498697077,17.049213509306558,17.197347703665066,24.07036549567496,33.168027919295454
7.731945903119803,12.32231839811105,12.801352827358938,10.395049116999177,6.522915349391475,15.142575625087238,101.66339021879884,33.25264878975201,27.479815917673555,17.949217699967736,14.836143905150298,12.733811336976697,18.3633853133341,10.217109655610349,9.592274963494711,11.68200919948859,20.63406471378257,16.331165103486235,10.911580675673362,18.892903597817977,17.05297779321084,26.27693564954037,27.051586276709426,32.68934200900112
3.88102,15.958023525890512,11.512327005607686,8.487243338244685,10.108327611834213,17.28310502008161,9.346098730104188,10.029098654605445,9.871540665615024,8.343424710913824,11.226400937367025,15.695435618381342,23.271553271934742,31.648302365479537,54.99670020844322,12.743428497344773,22.417874391263933,20.456225673049243,20.13513083007775,28.41178105446942,13.032943183065404,4.898560790681606,6.369663002075988,8.622460001355424
13.271688961070833,11.563673381125255,11.276711384329344,17.17869050246212,10.65365407997338,12.632224469802004,20.260680444506654,22.189776809559294,30.707766808660583,31.371635447646646,9.42239834771549,15.75651585409743,16.755809576874,20.259466970911358,22.492262278775275,3.405303,5.617396965154127,5.44187325414334,3.0311939082272428,5.451686688433195,13.792347999516704,33.053020278319195,18.714976001909672,8.494578218325335
5.542083529016258,5.377593499197193,7.040948283649926,7.360991387452195,6.691810352229267,7.360991387452195,6.997482855766616,3.671874172757621,4.5333973404375,3.4761251250000003,5.609643108468547,6.20269023481951,5.817865433679897,24.06890192058856,12.330671023128291,19.994715778539042,23.26615421539249,3.1778934260474467,3.951880794059845,8.840134438301334,12.727354815856923,18.71879786976691,14.01510326874391,3.786092519404077
25.93173194523926,9.63304213850697,8.816473579511182,10.969731865097984,28.48268960107805,10.52424362485498,7.324759388786529,26.640094776215705,25.02014735668388,32.81939636047209,15.96686426190516,28.5639132097905,37.02733638364102,12.093944769614348,14.627193909569007,20.221874525143118,36.44495329824648,63.74994481646706,82.31316671771813,49.87935645581442,28.076268882211654,25.566676956871284,27.52662753800699,3.7521232948641208
10.914264188126182,7.842722307754809,7.685244419191948,12.866187500158048,12.589468202803898,15.778651977540813,45.51557871063885,18.38818129125685,26.117811321680595,25.605567276411826,17.43051274698105,21.631643234545,17.225683729953094,76.8917714942422,32.724831116172936,43.105890111674626,17.604351893854265,14.020328792339493,16.582634023312032,12.270910409340363,18.407575886903192,27.492839692306635,29.65370458731836,33.77139458414741
6.215599844829634,6.539892010646835,6.539892010646835,6.837159829312599,6.215599844829635,6.837159829312599,7.8478704127762,2.4129171,4.761510837715735,16.89388479179718,27.852386376053683,24.09347635708984,33.31952564141545,34.853807926997554,15.010715396853685,14.770848987870972,8.848313830146893,14.807931380498353,38.53630252343867,23.130151102365154,23.92943017152537,23.673345267172746,20.689845230129364,7.0038366001939965
4.328830000000001,10.91662127721103,4.5546820000000015,4.761713,10.10046161324742,6.273330803469563,11.017856314656898,8.362797272092353,17.274309868451297,24.838091800118985,7.6788792709027325,11.318510415139905,8.658534004951244,5.543113596236979,8.0172782107241,7.985376854992507,3.2255278637299805,4.628919885969354,22.598296871752872,14.611172240543,18.254974064872457,18.941896765980783,22.236437583836214,21.267745599372144
10.102483997961954,3.926450000000001,3.926450000000001,5.8999595094920005,4.233857555102657,6.590357397758151,7.247601460901072,3.763213596589083,3.038323568267045,10.53320332901153,50.08796914036131,14.54063047481768,6.138054752062209,23.569846717597645,31.836379483109038,27.667561871146745,39.24390795335386,26.90468741875413,20.447969630090853,28.148212274977627,34.62305364989712,26.880325225701625,27.9475850682208,39.39393416831535
8.069552543584518,6.24663652476079,8.265265054643583,8.876507797942974,5.936885953285048,11.712649846556529,7.495963829712948,11.21361218102726,31.88906896562557,75.37255639627462,32.277457086430985,34.11795370390851,80.77370345212262,24.826294028215994,16.8407941727224,24.979811546122814,21.98602677798894,10.721794331455072,14.525637195321826,6.5060756185483175,9.683491807771938,16.14793839069096,3.183025053720843,6.439221798502149
6.179764699026427,24.590485630365407,12.934899073554687,6.988593899619496,12.293499119494122,10.80337713182404,10.0671963434386,23.461120412633026,29.89978665436655,37.59412008388,32.358287987460486,12.16285710432021,7.848911624989885,9.871128198620784,6.256484296789525,8.368834648407296,13.778048554711209,20.764366825868677,22.00693398180325,24.096745481658065,25.527877394863182,23.74078448303382,29.16628770000825,27.14683843108785
4.43509,4.240566000000001,4.240566000000001,4.433319,4.03029,4.433319,5.088679200000001,2.89550052,3.4279200000000003,3.41292285,5.5253737219119285,14.336623453848835,5.711243019919932,3.7371779999999997,3.114315,5.125030072673584,17.764178183017908,19.171808601592527,36.61670486036302,18.654230245976034,8.838359730917347,12.718185127664464,10.815325437452325,4.699252761317665
14.219355672573052,3.455276000000001,8.705535098968168,8.3527538889444,3.73756869750664,9.101241239830356,6.150975583242394,4.640615162747748,5.605161133819489,2.7809001,7.770229675112083,7.541421360057957,11.45035891241388,19.928741427661464,14.194690378317425,31.15812442672357,30.264476979843955,24.459375919493937,37.60149619177157,21.971979191751156,17.389426547427405,17.308095874454832,20.955930622598032,9.51230208948023
6.522018257430828,10.900909572155294,13.78481419010349,13.259922562282778,15.857002015377322,12.766856003385673,12.010050283075678,10.157530017958155,7.165194639385935,8.567946728687723,12.0136927956122,13.313427605665945,9.45950540056901,7.202945485335603,8.444694520454698,8.910017732956751,6.627654611789684,5.845105267338212,4.336592778287868,4.562849559094724,3.8155999261619504,4.454264158622982,14.354467100443095,12.24898709603298
3.731750000000001,7.37803249911696,6.050500768687363,10.211570959976164,7.769201874364404,7.435822796350632,9.17224661424346,6.669407057021585,2.5280910000000003,7.8612217762130525,8.71817915950534,10.127177811546604,9.510740901278549,4.630293440866957,6.003474175645222,7.774431764567173,3.4413328016192755,3.24105124298844,3.7074056875796457,3.813331564367636,5.682590411392198,17.367328553754486,27.39314711633977,3.63016186536556
3.43321,13.143652756647008,3.612334000000001,13.94262985385914,7.097543373570115,10.31720631485386,17.87904222861831,25.751669027343446,14.21804664561384,6.869090892358912,21.30230744672497,10.22969237754518,23.90223570904757,26.31430286152388,21.940593251799907,14.305444566562628,20.05112788478576,18.8119316689506,14.406647405998426,18.300711205886664,11.44976441513889,16.968636678617955,8.204483165590561,3.916028020844604
6.74640540211992,4.397624,5.597965231522749,6.009280971165958,6.746405402119921,7.421045942331913,5.2771488,8.281360820051322,12.497993866392957,14.04549565988237,25.90028680427834,20.46219630047209,6.911732332922859,5.59460058748031,3.6704314326872587,9.119988400824015,19.79381555897952,18.81466434946476,2.694279660027493,10.946201772564075,10.904892785800524,23.42896347425945,23.68184951413585,31.17316606676836
3.88102,10.757088381513377,5.227536120564072,12.57496849850002,6.055618906857327,24.99648342898752,46.65947111782587,42.929708309343255,44.30857429809379,19.538098331720622,10.735941484885394,5.288190985142947,10.969306341011444,5.167111090400133,4.6793418825715705,13.652982868289572,25.820909895690207,48.10417464182724,24.273233687210844,26.61381653831,23.527549355261588,38.66498862337428,49.35066305312098,5.598222005915972
3.731750000000001,3.926450000000001,3.926450000000001,4.104925000000001,3.73175,4.104925000000001,12.189830400000002,2.953665,2.5280910000000003,3.1601137500000003,3.5046000000000013,4.071,3.8232000000000004,3.4603499999999996,2.883625,3.212550000000001,16.143097187447115,20.37362811336366,34.60463335603664,12.845329959013505,22.640263163670912,14.917515377098049,23.6970457854689,32.47503882091971
10.155742150797762,15.066773813275288,4.600153685460983,15.064580548042168,8.46480929148928,13.581596665644946,8.908586375199283,10.287742582254578,6.880053682522266,8.785019736123488,93.11128210717236,48.67747805060318,28.322835440761594,30.256121872005227,8.01638945325278,25.046191421703938,18.55194559414137,19.041121032090324,36.19307319146538,6.9605815638137765,7.096998593477826,13.076594563160755,13.812248740384623,4.910256159862137
16.078896185373853,9.564472306071634,9.564472306071634,9.999221047256704,4.655820357097939,8.972311856846396,24.482588385385075,29.283251472871694,29.52123404456727,4.930821254119344,7.0026089811555385,9.407371687985004,14.831362035251244,8.429095428265981,4.1387162336968135,6.419058232725911,16.31028082804837,46.87922655643231,24.570176411469134,19.308972462857653,17.383679679972353,25.631570212040124,26.93980142761241,42.08235801147088
31.23254595011147,41.31866801227115,12.756621179569343,14.333866898929616,10.069915302038238,15.987961516032463,23.147260382524006,36.55677079418538,14.838080489518331,8.304940287854189,13.41536301130699,17.580935740267176,13.49535848138107,14.02437309838031,45.75033811752839,34.98162252697123,10.342794037580417,24.605968892939764,28.755551528905805,20.8065518504704,12.528476086411226,16.987461816201122,17.24131965235558,32.40546547784358
3.806385,4.004979000000001,4.004979000000001,4.1870235000000005,9.292347597958727,10.2215823577546,9.843519585603842,20.58784182368073,15.752731194526216,3.2233160249999995,8.726726439822109,10.137106470500427,3.899664,8.898230569578224,7.402837313698835,10.749692667270395,22.224351426352523,48.47200691986044,23.02284376266321,16.917334552116316,23.859639889725383,40.93332015899314,42.16373273096797,4.8654834041125845
8.029493630667634,4.004979000000001,8.226251496480389,8.832442993734398,8.029493630667634,4.1870235000000005,113.95737590066008,39.13964360418343,28.487721679301995,4.653798093897055,7.144136860007776,8.759447597091963,3.899664,90.70120007702559,30.665844483065964,67.86025737354198,32.8486254582974,26.27002975753539,27.61174887352393,25.0670705727804,32.69787106635862,34.38932728754191,31.256887259242376,7.539608160942455
3.657115,8.219010811118068,9.31362227735698,36.99458246113512,5.649787855811717,7.093203375402162,9.19198897334168,27.35654401177638,24.918654706092216,78.35006520329956,9.578882295870873,7.941988970205055,7.458563554627356,6.750690624674299,3.8058205571966703,8.117883725457963,20.93607775068757,23.934279746038538,28.510269456016665,24.65230377040161,23.54895338209575,29.53807347659282,35.68140395655701,40.4508553676626
6.051281397619685,13.526262698637767,9.596643021146289,8.117867519105687,13.084280801623258,14.940240786432383,29.437419794230976,53.49507584739887,63.5136779116607,65.0817344745816,18.420968858151124,26.069012557638697,28.650760218849946,38.36209331817734,42.32105954916562,16.06912130183357,28.0625288859969,14.899418794810703,6.663093729752803,7.690742459880912,6.828199640284052,20.294073058282688,21.67961698905842,13.741128219979291
3.88102,6.067368699415067,5.165613836044583,7.662999394867098,8.958738086242814,79.39867090509144,36.98292889681217,48.23763218967393,54.47442655109816,5.89924292257744,6.542323594036733,4.23384,79.58424288634133,94.36821102041276,5.383098748460359,4.521531093866817,4.789453160975753,22.002586560106725,43.7765914013961,17.456724116852243,26.243155537486324,47.332199757432754,24.043832045698764,27.587527722997866
5.360238155543507,5.830286394403522,7.813982788807041,9.668849629374945,3.73175,4.104925000000001,9.28094734656845,4.500960719569144,3.140994723995465,6.224632369977324,6.90318397678645,8.018850074044863,6.2331050017213006,4.46705176888144,9.547106268250264,23.524007463482825,21.72534266330129,18.73181054420948,23.66189653788407,21.056367339435216,36.38989099810309,59.00781139968726,30.040511766103407,37.08492420049755
3.806385,4.004979000000001,4.004979000000001,4.1870235000000005,3.806385,4.1870235000000005,20.96272823973799,69.39573218508703,2.57865282,3.2233160249999995,3.574692,4.15242,3.899664,3.529556999999999,2.9412975,16.227089609730992,30.76799895784339,21.39818479933124,16.182909210126784,9.755924261878068,1.511155555898505,12.56906451460062,17.335976930543218,16.795557256803068
4.650699500935847,11.237518271336324,12.212595194388353,12.76771315776964,11.607011961608762,7.925569801249914,10.259859784480948,8.629703515374919,12.642927293878635,33.30831860638619,9.97799256489598,37.19173310798021,72.49103637875224,6.895890777375964,8.969054697606769,7.793149153734122,5.089760946450894,23.26547194468187,21.5242392545513,18.003591774967294,17.946432930125262,5.053867342651468,5.615408158501629,22.93599247879144
3.530206675995345,12.704343583385745,13.222574327654211,9.784568202805824,11.687865871663613,3.88322734359488,26.51853653727149,40.6097236579249,12.067602386209014,10.64188744112801,8.564095741485078,11.291464801093635,9.771509598080296,12.949814226408066,14.781709169169211,35.02001262958673,30.17844335120767,28.694992365539097,34.7735573127379,36.968143706450704,18.667364286719387,33.9767781138766,49.05414565983382,5.262357515416334
3.806385,4.28872121822169,9.679823364433796,10.713094519098863,15.598132068483327,9.526536151989982,16.1548134550009,6.996963392632001,2.57865282,8.247312020281479,3.574692,10.624556547866638,3.899664,8.78081324451907,14.426780693050295,46.1950376644417,55.683933035942346,45.96547315656548,42.17337052875418,35.91803293814288,26.858458434167307,24.05167855313898,23.614752515350013,39.24068485204446
3.8143277086930887,11.185423103885528,8.538781329713174,7.135638132123165,9.687497772195474,6.616836193435969,14.414998389977262,7.079272252319219,15.363166188520909,9.268593890891802,10.278969910503832,32.925639680261085,19.027173540984354,10.14918493688635,5.35713993295614,24.125873266212995,27.244339745492564,26.391927941449858,17.099690782819867,14.482602131602324,13.748771903857802,16.745302549542114,21.315260905031373,2.8217864551086453
4.17956,4.397624,4.397624,4.597516000000001,4.17956,4.597516000000001,8.130694248199804,3.00274128,22.061449835608315,29.15042724189471,20.66426809368529,92.29144168263254,23.55779370153973,68.93617587492355,11.966488575354301,15.249392441878165,11.45127638834932,1.8647023348800005,1.6691708880000005,13.714940278207,11.616975362567988,1.8198432,2.022048,2.52756
10.98467628976029,11.924682857432806,11.895566068171654,10.369260744509996,9.544675466757308,14.346002354883868,29.487383107575013,26.663434135901525,25.83353193147523,16.863465002128617,12.634355703938688,10.187957523786723,7.732456516345264,24.859257264752333,19.666394547372903,26.125209683457086,33.77622989915604,28.086492719779475,42.12071044077045,18.528766116977053,17.166562504164855,24.821129770343628,22.96440501793333,18.99181833323845
7.626408003285747,8.097743236632738,9.082943124453555,10.937778556830091,10.13070445182801,8.389048803614322,14.585310889343113,20.110548337944497,33.96725829643948,35.29666386144804,51.10735696044365,23.054000363640696,9.090705786762953,8.458472874847722,12.14384183597652,18.566134523918755,20.17278066776649,18.672957779607632,15.643946524982844,15.377690276559962,16.135044056522105,18.933801695027206,8.269473898360092,13.229513509216927
7.775027684466315,7.006001545317295,48.31617092859761,50.69037246566817,3.806385,10.189595560255302,24.82870442145089,31.51895833130172,30.130285660561448,88.71735594045948,40.01392690182932,41.63454351388816,30.60532808472661,33.36888335702134,28.34728499817211,29.723335507209498,52.69743152484614,41.242366660129896,21.302109039795884,29.682598704091266,21.97515954160753,27.16924510941004,22.35494596972358,5.6018976669747085
3.806385,10.365390202671204,6.059645932469715,12.341539484045796,13.60184052929248,10.52297041364968,7.325472831026757,8.408805343740397,4.480934437590268,7.569744964872288,20.38704197554036,9.969530161919272,11.99116626558345,6.900836752930489,7.358623259806222,6.198001972615985,7.236640073158844,18.121978867604746,39.731635364771854,19.857947021059505,17.985381469731223,20.76442041185883,19.347204634259416,26.680799717874645
8.541547959384461,7.99191680836191,9.966213734347852,13.874572152561136,14.31050820956491,11.16839073445196,13.11125402609426,9.232864350949862,8.7062125519652,11.923444723253372,10.412551555766298,10.608671182015028,11.581197972147667,4.868081817405462,9.787659570603294,12.646180980408051,28.156513454856285,44.11270840872994,32.39234263642983,34.66144486678799,26.40535475591419,27.910738121573527,21.86089525709948,8.109422237396014
4.104925000000001,9.04235232468787,8.183578265653715,5.188774432651783,8.593971217678554,102.84334344279918,10.51266083023322,20.80211929049617,32.30932126781399,34.17755285516289,24.768405743686927,10.739266407530003,6.086951372008719,6.666914214057139,12.313092504910419,7.3982882656537114,2.5693098750000005,6.8533097288237474,16.687723925177504,3.530194131705746,13.01672041702194,19.11663904477395,22.56929035697496,11.697979976043948
9.546628012243508,3.926450000000001,10.044712952012736,10.50129081346786,3.73175,10.50129081346786,4.711740000000002,7.544788720622249,50.76273140502027,11.56945902829367,11.374682403055152,33.30677506889962,50.29238330613356,10.105592664438543,4.517557664597349,16.47361704261648,27.719204191076766,18.43578008937572,13.327073619595632,3.921522347791077,1.3161366,4.156745224619546,10.42801323637794,16.577925681182947
5.106625410462653,10.312754705519293,8.18749195436929,12.641721309803298,6.090405138915896,8.338668371665857,12.323927496274218,21.40016295600873,10.864922193935644,22.57584674510474,15.580684473046851,28.91058557755865,27.615477448766928,14.389527972178922,21.292183891686694,35.447823206405864,22.484049038305532,13.87988536172498,16.341020150111586,15.551679797110356,32.41200140032393,17.5851054816435,20.27053706106732,8.513529310707717
3.657115,9.364785590392676,8.863252445811526,4.284991552849239,8.900416056984772,9.790457662683252,24.17862784277092,25.48380927501735,34.93543444033752,74.40274353705348,22.41097653037341,8.634102166525945,9.11852901964606,3.391143,6.87759422585187,6.841406701006666,2.736543770173638,3.864571537538387,3.55451659347078,3.656074210427089,1.5419829244108851,3.4602817363769254,3.960061122911209,2.4998740951198952
3.657115,3.847921000000001,3.847921000000001,4.022826500000002,3.657115000000001,4.022826500000002,4.617505200000001,69.72187629535775,18.85091452236831,19.278743152960395,3.434508,3.98958,3.746736,3.391143,2.8259525,3.1482990000000006,44.77414104394601,33.87107542434008,28.057073505292635,12.041504384447316,17.26183396794844,27.398417352572302,22.197263941799203,35.3345622763857
3.43321,3.612334000000001,3.612334000000001,3.7765310000000007,3.4332100000000003,3.7765310000000007,6.59801398992055,11.472609900733817,28.63562042385497,18.29499392981871,21.80464343695733,7.904519051263586,3.517344,3.183522,6.3852056168200155,15.37176113859596,12.346381664975077,15.537925651921908,17.790650838626355,9.164812095206452,2.93202315276969,41.27314378125822,29.811856876099988,6.805894341530779
10.500775935345349,17.82627744426921,17.68877776054166,9.695361231215568,16.427163842631014,17.52208638858401,14.419385409649273,10.902110805078316,19.503700985945557,40.54488914730124,12.382537798997303,22.417624874077493,27.964042336116588,9.110305323659034,13.108831300011854,19.261465326203208,29.873513755327387,25.58174203595781,5.9256818841801335,7.799185623417468,2.910951028853032,12.196567686125654,8.683772692097548,6.80981909331492
8.358206481980535,16.490736702825615,11.63826488518982,14.610683049192682,14.229336424316536,9.592384017022264,7.918533857781007,20.919603525809254,23.70286616901524,14.456768612293654,12.000582708875664,19.65581756930964,18.08068434532857,82.86532263850683,8.214203186372082,11.937462916406984,19.720881619059423,19.955815593022585,22.967082355601462,20.566882054890133,25.7465162006018,24.515559583125704,27.798435945215985,13.774693714085569
4.909653644066991,11.456132420427314,6.079243984242665,11.1565834705379,12.5345194818644,11.801965960852632,8.051936314641264,67.98390239752399,44.723996701485,17.798177466932067,27.638969080653265,30.31789563835824,25.68933692404263,28.848064255132318,16.025856141664846,3.5421810663226556,25.47255879355548,27.809944937003387,22.16280269049462,20.893565145522025,22.05303993057048,22.257259509005387,21.21568446554661,5.313316578354755
3.657115,8.963746195185632,3.847921000000001,9.371189204057709,3.657115000000001,9.371189204057709,10.75649543422276,10.287739081514268,16.050727505699914,21.06802363366869,37.27447107516119,26.52710073989063,16.781828287768796,28.684468864653077,21.395848826162467,30.865497257014848,62.12633523470626,21.265037976265734,36.35250977740626,41.22095581839617,42.2386068248087,22.36866242752497,24.94395716031638,39.89895867424797
9.779965917407738,10.374421623239254,9.982574693718195,11.938407985384604,9.208969624645304,6.336272844417535,12.91952226331238,5.665411508633879,17.47645590830915,42.410971135514565,82.43809615728743,58.38118119592031,17.354271853867925,8.797565826995818,6.659826615096601,7.411604238036727,5.068437865850495,3.845170773105096,4.334349909444732,4.25421563560798,17.28114996421105,20.43830526711195,30.985663024143943,14.464283488496402
28.470327817345535,9.079721052516932,9.880996113440656,10.33013230041523,3.806385,11.38767230041523,26.791015336128787,36.09033464744696,28.233556842623333,42.291422807716685,84.5177533217013,36.87819866259305,10.409417710071159,8.708045410267383,6.275930188429752,4.150919248280428,6.894476346931489,40.029621042566255,10.746452519299948,6.443999085120767,16.02853198733965,15.018458594475154,32.26574319375537,12.390570694812066
3.060035,7.26993184476845,5.852346849099493,7.17694881303213,6.332028703108393,5.271493656516066,9.20307821372214,2.19843558,4.680831098669921,5.898075035957406,15.6282153565863,48.9835968806271,11.443969734780687,7.534335313899677,4.446750311068977,4.125516774664746,3.722336611034865,3.0826325500675344,2.75938975069984,10.048868247417015,21.903577012543845,32.92295115007471,2.5978203160022346,2.665300230418296
9.975864057590275,9.621866295810296,6.706940876962771,8.535512840313194,9.975864057590275,10.973450463349304,10.592698404187244,7.665928139642455,6.457373946293865,3.2865183,9.368637549736954,10.882760790098482,6.814402487472868,6.424555335791854,7.708622226319758,8.587917753925543,14.552951610500347,15.15519423376765,15.430733622010637,25.696102037339536,18.448508128122725,22.02155396445373,31.66162548885824,22.81358870276592
11.886506063393307,11.666079440169494,11.314371559077838,7.702423532850556,10.268357568917803,11.142905871574376,15.20613665591988,15.007060052280508,14.45512176063348,9.666676477158134,8.720080832703783,15.311399335734624,26.34687262588885,28.733766724318716,7.554811137304077,16.033320496872804,20.86308058950224,20.117172219994707,20.391332666877076,25.23316571344588,31.419081062888733,36.04560562827702,39.76007578773075,48.13120306917861
3.58248,8.026556019255963,15.906150671848124,11.824295577407202,10.34598912788438,14.79736525997482,64.29355460105684,51.89222667137005,5.476019618072435,9.789056118582756,11.913375680574324,17.138275596003467,19.662634027387266,12.078879779583023,8.239391037208296,9.0368866308009,9.672578128794402,7.0751280699395664,15.691666474226553,20.81280334447324,19.014844856950543,27.67368723907732,18.42100427059836,7.739531258968681
3.657115,10.538940194637387,7.193430597318693,7.2024430594351205,10.01634811887024,10.700021274813755,6.8072933000631455,8.607275562732992,14.310721227379515,12.989127175610015,27.25997336738811,50.80423895552696,60.56202015197615,18.536270084462394,10.821138964047055,16.842433983476525,34.144162990885405,24.94733097273783,50.283443194107406,23.43449374514805,22.32252748522747,32.24545752107653,29.14512168019802,4.484075415636528
2.9854,3.8231614625163086,8.497063889724735,9.774545977773304,8.05359484800155,19.426619740974186,23.56903051506631,3.658266627335256,5.251377164194357,4.17477097749969,6.51888118739413,8.102769458713471,9.103709369165792,8.239699915147742,4.3620723825466525,5.0810453847191255,3.634704570505885,3.3711538330910886,5.075862015198408,32.71039363062727,8.781575383206244,17.512350261108992,19.61714593106735,6.852517845986392
8.531551259001693,8.59378328758538,13.954995928188938,8.761954450788227,8.733783395246435,14.5893139249248,15.352973182671596,17.604745154217945,17.61704997622718,42.33581662854213,29.934148177478622,28.927790178252035,11.847967682703166,16.730389146308063,6.186312412617752,11.417723941245495,5.314648037069835,1.948011606735093,5.29678593383416,10.084697037661488,14.672957199196102,16.267576155589037,36.92970978265709,30.76944573303667
4.104925000000001,4.319095000000002,4.319095000000002,4.515417500000001,11.65596279792139,63.87632186108728,36.269362604652976,21.948003,56.25365835207596,12.687952999896892,9.966197581770627,17.582973539593333,19.969538391914746,22.311829326480364,9.081352469561743,13.4607667356774,18.42460425,14.81285297169232,12.8283510268402,15.534862352669869,1.4477502600000005,1.7873460000000003,1.9859400000000005,2.482425
33.49611304572407,58.5701750534839,10.638002556686825,11.81260217961421,10.32629804757217,5.016330103692117,12.501199778498696,20.4860379433607,27.534696801861536,13.671871144644248,16.49994177215866,53.41660130746516,34.16981133880668,22.572606019238883,20.352364744015848,9.244645184045908,25.06034654509193,22.83545602463338,16.313269770665578,19.10558711001173,18.73024726345741,19.60624774834562,6.825086453834556,5.912204091413194
8.98229979872456,5.698826098412472,5.698826098412472,3.799971960926702,5.048417233591144,5.957863648340311,14.496328500624026,25.4095300949142,57.15873197285435,29.834529498942207,20.98938166272804,25.739214548525624,19.40511513782908,5.022331339923236,4.185276116602697,4.662675898701114,2.008733175,10.203374599017272,10.76504935032541,15.575495279284418,14.412463424376597,16.055091876562123,17.06413810185151,1.940805
8.247477508579928,15.527206012898878,12.934028242863816,8.879065030574118,15.295477965116303,16.825025761627934,25.418343419908563,3.88194647125128,30.725531767097376,13.076287460516967,14.073243486880004,14.6055757610665,27.96486108336903,29.002213466821154,8.853020938046276,6.53569076426395,16.58830729026755,32.57437886441399,49.7678457822922,37.448723782328905,21.719783351975973,20.808389502484253,34.65392179078917,36.78051720799967
11.82318595533194,12.440047831262303,7.119767667268724,14.960114248194502,13.600103861994995,12.759836610059558,6.827349262648572,12.938934181548063,16.198567739465798,9.846605589362008,11.285890950249064,13.624942003997,16.947382535737237,56.33183415973751,22.039467233500318,8.590302867915677,26.220565663492074,41.25070405579301,17.539396143662326,24.75704627551167,17.42561327799577,39.17371453879632,5.182702533885002,8.224568738676819
9.160309821433705,8.935974364603895,9.7362716868096,10.076340803577075,9.160309821433705,6.832131597895269,23.266820912994344,25.750415385047148,26.312123314905467,34.946766137292606,24.445629496452224,18.13080314235758,11.329709988548949,9.035745814191356,9.109572513430983,7.966040471026036,6.603110240488559,4.234343394713985,8.769318454428028,15.008687051550174,17.313294889579634,21.674788885898675,26.47926281745774,36.161318025550685
21.986175649118287,9.779702665139824,11.438252365883224,14.009576772643394,9.79871551110812,26.087744176346103,14.362203051439032,14.00284390178465,20.68723307766445,36.09622883229208,30.08252648567296,23.785188744828588,11.308068765633536,11.210656431527095,3.22966,9.956700535595083,8.852631207732387,5.603993615366453,52.23282426845362,17.5964189028095,14.176326508517342,24.342465570571505,24.276750661583584,11.4836606828
5.056909545629397,9.84939937127739,11.685458967956656,11.752577470053792,7.532121403881467,10.51327821550925,25.224204279731428,41.00874820306645,23.748959240694973,8.982860530542881,14.92907895665973,12.85533386167156,22.733763776558387,61.761233259246936,16.038946435390184,27.26442946451106,18.325604250271823,9.254007991685274,3.853178136530892,18.66657869071365,17.017349404622532,20.137981841783752,15.11765077092528,4.283492290920085
9.640544084918345,7.906090927573712,9.255472341559308,10.781971734371991,11.943878968247253,9.612114075079944,15.28852213373207,4.333622344652294,5.9197912469004725,9.364436371747558,8.206389882281691,12.06368614717882,6.179853610912361,9.555014200318201,8.54511102091833,41.7389786918828,4.090107876569478,35.46851467260166,11.395684534478162,14.453136494353307,18.41522676581162,24.23061715238239,18.68468409352229,26.24528098490552
3.507845,10.843082961609966,7.256353796427924,7.6083918090539555,9.11230323707908,4.9835581927161865,11.483632069748564,5.664798526579849,7.032865258632989,4.41385551627428,8.237503491124205,7.251750392277021,10.061991258511862,9.555925104409082,7.215118671009936,6.579512105951242,6.450249445476129,4.790217221124513,11.106908261230014,16.447526681554162,15.683549511462331,19.52804772960762,24.82248788545973,29.60161489585252
8.311060905412596,9.65149739898716,14.499968840559148,9.172324920975422,10.55631064946002,12.827611089981838,10.023590116697097,24.49980481056868,19.026875055901392,5.8701231450983125,12.942120948598246,12.219535575061666,10.972170144624856,8.079954729604557,9.997310234733765,9.103028809154331,26.75669845747724,15.742020971941985,18.70315508632454,19.117787259883457,19.39854457751406,3.018286380844501,6.667153215944551,9.791645640852945
6.284310957460381,4.769343350297699,5.537195308879116,4.022826500000002,3.657115000000001,6.9127420532064185,7.934625661071716,4.514867576568492,11.790894696792744,72.76275022587626,38.54802768178889,44.04034119683312,50.90288473749068,21.862127863112196,2.8259525,5.409972041639807,2.2890215250000003,2.803732765049034,13.1906084479464,24.92170449908857,19.6847778826312,19.53357931078412,26.845941511657987,18.468760876984767
5.605032611485864,7.123361370876383,8.349253646189375,9.497733966439768,8.634303605854333,9.497733966439768,9.136461937201895,3.5246195438316645,5.893557762382355,33.71869987770052,10.465729299411027,7.639808384519751,6.93604533182253,6.475803018257454,7.47924021088387,6.653329725794989,15.257477814706876,12.259074738707485,15.006158935373376,23.624374817046537,22.546219901238576,15.293788892635725,25.11286586964692,24.045350237273755
8.770981606156013,9.146769741590116,6.75267337244636,11.373970028498803,11.803761056960392,11.330135913428242,9.828692672413451,8.48023250892233,15.73783137723114,29.44503341963425,29.440126842171924,11.21981037410082,21.248147104608183,4.881944641058782,9.121088089469392,10.431752293592584,14.36333369190432,52.55316238167333,22.185388571813423,31.948860027731545,26.97456680853581,29.80652627322633,4.493517063568357,3.106574469304054
2.9854,13.258754545546337,16.30308051914398,7.332872215147475,14.758493809655471,13.60253725077516,12.588363688138854,46.93720811207448,10.40966371479917,9.922858340325517,13.435565368939002,9.678530399839492,14.415419493017017,16.285950488139772,21.070314510056075,25.035040542111,33.987751167279015,28.430395526021822,22.83900345331781,41.78679502687786,17.426093116879894,26.19853727135609,38.33166822962824,78.47080005946759
23.48096317947401,10.995381340995683,4.346694358915373,7.826136254134738,5.945311604458108,14.567278422492564,16.120739160545934,29.564492979523468,32.84739690826972,63.8034503727073,72.72815456299016,81.5372502098656,25.627570836878327,9.221367700790166,9.039779873070184,21.232535385410635,36.214512807066406,30.80582663667864,29.72106970226914,22.80366131905276,19.82907846090689,36.28593854283504,35.02108617946709,36.18959686070101
4.328830000000001,4.5546820000000015,4.5546820000000015,4.761713,4.32883,4.761713,5.465618400000001,4.25509524,9.86264807696758,10.120775098012029,20.37524135373973,18.88983452944344,6.059885744475092,19.70351704762152,3.3450049999999996,3.726558000000001,2.70945405,4.078348664319052,9.38147227841108,3.9475207644690298,3.759370061245381,12.02902201564909,21.819507364609617,16.300346107845996
7.484101106496745,7.874575946835708,3.1411600000000006,8.23251121714642,7.484101106496745,8.23251121714642,8.029466352152138,4.568832713600616,3.241539005295045,19.30518319257353,4.704870206745581,5.710636967180041,7.6675059557468614,6.939802844206071,3.842453479336036,5.962763851732359,3.980422439879325,18.806762406745705,20.90342034468665,16.985296717417306,9.923692299691616,4.458815877598446,15.589211367685625,1.8054
4.129773985875187,11.101700706566469,9.269573523642263,6.458157075701645,10.92433412968174,8.17568793306806,14.01260070223562,11.388871010862474,14.744913893284991,8.141316979020017,5.747295950179841,11.91745541419826,9.948905911015917,12.164937726884673,6.92341743842947,9.404426772508627,9.359586056374324,38.20799949866352,22.197691672278246,18.286480357787237,20.504309785774044,58.79653154217603,45.457706234248725,5.252525230399894
9.746926397919871,4.076550256104806,6.304190140262015,6.202594863791986,2.6393865335248474,6.590744237546651,3.1097484000000004,4.304563548664855,5.551840219285758,12.883623075,13.847840455771054,22.68096711805127,39.626071929017215,17.851598805310978,8.073361701691079,9.400966758707757,3.5660221267184182,14.865222587187777,17.31524367031364,19.609859919128745,10.920028447914284,11.852835188520771,10.970548588721996,3.6233699904586327
3.209305,9.555842706927413,9.555842706927413,9.990199193605926,3.209305,9.990199193605928,11.467011248312891,7.741420505408946,7.268300697942748,75.19510210993963,13.477201920232732,22.134233734149007,11.009606760933233,9.811070779792566,53.19476533014517,15.529830903895279,55.53254473187226,31.415478281069216,25.98467809012676,21.132934534138872,15.28901476112496,10.867146833467793,43.1607458971104,22.425547944271344
59.961514392063066,17.991469621449504,12.46892734888983,9.295759496147236,7.2283677887556035,19.11344564608607,14.962712818667796,52.62106531023245,3.87299236348241,3.435475872983219,11.129290526281832,20.21777598188704,10.569631725666158,9.003978607390904,17.032331754895115,62.9485785848748,20.91513507772729,20.02243387967053,16.641138834992798,15.258298127169626,17.441129951846925,23.40842572343334,19.827186843123325,8.330142254905743
12.140894618509138,5.938525419458325,10.357077073593915,11.072440476739263,4.392409729741441,12.537944846516393,15.32919911832632,12.195399133093527,11.709253345671062,9.1933439860894,17.274096653809856,6.435620530443947,10.869290964825405,4.790694620101924,7.377300735090053,20.496974719305133,29.35993225925925,34.49076611036831,38.837984058674856,18.94316434046976,14.358251917308143,15.873484679915448,20.35234313545147,2.178240562643047
3.806385,9.933531632196036,10.215843662300612,4.1870235000000005,9.70927290218653,5.95788987065596,13.241711341882324,15.08760668677088,46.04778821177426,19.89941420192291,63.593610255189866,27.83337615142528,22.465685739981215,9.00314396384569,7.502619969871409,12.051484102413388,55.90837468437711,21.27806272812283,21.05067444164317,15.485775247938012,13.757918886029852,12.875254043461796,19.18564428086859,14.022348015358077
3.806385,13.639395637759655,14.97983124150529,14.75633920095235,10.322270696957595,16.751419568932516,15.920052021581489,13.120791359641004,10.360346425715768,9.501806423303808,14.301607220906812,11.861156161784743,13.022736016029999,15.239261448936592,13.818106066776915,3.2768010000000007,22.97957112704574,20.290234267562774,46.25288232655932,18.417736369092214,19.24219513181216,28.41818725038407,9.061770627538149,7.537443635668984
21.37510166095524,8.896334035953258,6.106076460326492,8.192128370128588,9.462997583100035,9.11594877482919,8.81183097664111,7.522588115027151,7.24774857976713,8.866865224708915,3.949104147924273,7.580258425611076,11.243649007943212,9.562963622153774,4.673162899901264,10.426666496956155,16.139233133501218,20.974147613531997,36.788856360064976,26.386233169522573,20.787100928809483,20.567537669422435,23.022502344931187,49.11110284422383
3.731750000000001,3.926450000000001,3.926450000000001,4.104925000000001,3.73175,4.104925000000001,4.711740000000002,10.899369976334397,9.235560685647814,3.1601137500000003,3.5046000000000013,10.520731295901458,12.660742700476375,14.018833653206995,2.883625,23.94144540505295,44.4605918946947,30.63457187258985,26.66452198605159,11.763204131029164,14.146909449877477,39.79804628647444,58.58437318739604,24.85974353053485
14.180081259726906,8.72559384613579,5.399907814679571,10.33426067830757,11.080529624323535,12.18858258675589,8.137165640739468,26.53000727766327,80.88653010157593,24.03619183962824,10.40606260371254,13.640272874441486,17.427406392998716,10.653696075946888,4.291403181779919,7.724880157457345,6.935404223951593,5.509024214384897,9.905345059131204,11.372797267559292,19.97231320853047,23.260757600211704,22.53309234418586,7.261366559062828
3.358575,7.903915232160224,11.87741778429016,20.006247773042137,7.587951222422572,9.40554844625486,14.729640639202032,5.62463030234734,10.50883881740243,17.38411862948241,21.41028662958949,7.969008586751439,7.502655837663841,52.58518925444237,8.854168023381655,13.348137408770247,7.567562536854629,6.113985742826116,4.659009680693055,10.074457795632489,13.70158440036848,15.131283003147312,21.84231754917809,32.975016530194004
3.657115,3.847921000000001,3.847921000000001,4.022826500000002,3.657115000000001,4.022826500000002,6.9494172,2.62739862,7.331270843854783,7.427928559545529,3.434508,3.98958,5.906189536430903,9.528625866031266,27.825301369472516,32.70708891709898,15.73396901894756,1.6316145430200002,1.460524527,1.502253799200001,1.2898138680000002,1.5923628000000003,1.769292,2.211615
8.254992423893663,8.685687680792464,4.162037,9.080491666283027,8.254992423893661,9.080491666283027,20.76848903918097,38.0433326816268,34.430065291004844,18.287545766842225,7.752514624178397,8.792255995128937,22.278940137558315,15.45914834092328,6.378857782099647,3.405303,5.044556877205228,3.682948359935312,9.835940086509453,3.846036922124125,12.620722093026547,20.89968881482708,28.4291784990913,4.992149568599725
3.358575,3.533805,6.796858257834802,7.105806360463656,4.133887241014468,6.9352376674404725,6.9815307365812345,6.7721451253083575,41.24490110890205,40.76118158058061,10.174560390960538,30.25664075846599,6.618127950528851,5.1273075093975615,3.1943674135111793,2.891295,4.04326254477622,2.88203754191649,2.579829001715528,12.12489580638772,7.018660618186284,9.121774387755808,18.862822833335343,22.640468060677154
8.957025169766439,10.674512398600095,12.92480791629652,8.284339901681943,11.57100481153501,9.855680211890856,15.509769499555825,2.6810190000000005,9.236052136010665,16.01132238565849,11.536192189752263,13.400627291126364,16.39665732908499,23.717084273011263,37.10476730802376,24.12750308603365,24.23005081006008,12.15720114474846,13.276404169230569,8.696640672894809,9.082857218355766,19.317678239012057,21.68198095679012,15.45329271885049
8.035704385890423,5.352290947708936,9.648292212399134,10.086850949326369,8.489368431289297,5.096546449938761,16.537426511553946,6.455991703751409,32.57746084037126,15.384171530953346,3.925152,10.003488544786476,9.39458054640817,8.812411022330863,3.22966,8.739079088153671,26.891933732218423,11.441455728406538,3.662124929246736,3.766757070082358,2.9940828038599663,3.2025681750513018,43.141160244581336,9.977210003946167
3.900654656567991,7.617251697607876,8.237207807756487,3.858629500000001,7.435941565679908,6.58959761112395,7.653988128713339,26.002671474747192,86.47934524994568,39.06213532826512,13.632668057356232,4.683779250693798,9.10145558919992,47.831797059238504,6.049489580827921,6.739533660891671,34.89373129794424,34.32360445885781,43.17455525789885,23.367772596725214,17.91433026223991,13.880393170089643,24.05063711090646,4.734383150213157
27.038147080792605,34.60843292700334,20.88033245100377,12.87987776370586,11.448515197621498,4.239457555926808,43.14183573600658,15.569760995685364,18.57776700554447,20.601309219971927,28.433992033876816,11.974903359864664,10.928529153883181,10.857417618991715,20.997346700077543,30.311629532905776,36.1610881303991,28.93461378596878,20.911319705594742,12.923605938427675,13.497907283789315,17.848341185190186,19.04898148572655,23.858979218211275
3.955655,4.162037,10.06200041990572,10.519364075355975,4.720300897771404,11.3922952529814,23.618012998194413,5.6312196275172175,29.70215901878259,40.989459805449485,27.784401869658407,24.36065407326284,26.430052499428868,12.445248131747372,14.281239376603468,25.402153932535164,5.985605095770734,3.811678994933494,2.394078952842254,3.300075654875494,6.399628493074886,14.740518416136585,7.20950623138295,2.392155
21.705502639696704,9.28860146417272,3.9443109557298577,8.640944495446677,10.474828022537254,8.276685973754251,4.73317314687583,10.324933230715258,16.39215239270654,15.244141214673864,7.162987552882882,8.569531731021497,8.047908060437582,2.891762794795522,56.83050603133252,16.26233089803817,60.79489301020423,36.44988428710087,16.647009104772838,12.646163499232452,10.13764904097128,14.336787011118606,15.197260029590057,23.476418827474927
7.599787671825609,5.415086083241085,7.709496971883977,4.761713,39.099189988261536,18.21095121094319,26.793125022966368,22.13439211619794,23.945722008996608,43.1839836063734,18.43973004761335,4.722359999999999,38.13620870381045,53.710927068477474,18.66766449661647,24.955811154352045,26.40592776648799,53.55680752470884,85.64912526180373,41.59534903255102,32.541591257947054,33.7388454570441,30.64959596034744,2.61783
4.632563396756476,12.876689444695687,7.27798547041455,9.20512767867884,10.545104280910506,14.819072851443984,15.452027333634826,14.693164818762192,17.222465797953742,5.857520650296636,62.86646085070828,13.350737365649922,9.812343610061179,35.35990792048874,98.14146821002554,14.23247394980011,24.02789316288569,22.40148039910802,21.613491514408068,30.538812233612884,24.037094114578203,27.28725320195437,31.23488709286006,23.106615580052104
3.955655,7.000171913822487,11.235340163744194,8.778896397645417,6.653055951153601,9.932784582305564,16.856168242454366,23.721498307311396,58.74977173394554,29.759530580311463,8.057962024159368,16.749148202882612,10.62838134636974,5.545280744846903,6.861778430667885,8.970387043494474,25.83924846165273,20.83096340436391,22.85786138113191,23.87629300975992,21.887963968223065,28.73517260714588,6.446422014437286,6.095080608500736
3.209305,16.40479328874785,12.611791880912554,12.193494158649557,8.85122947389225,15.89232764812725,22.11499057295236,41.42710894027305,22.445065808784307,5.548971777666376,12.568845724446987,12.453231796069424,9.023924023715184,37.71000680298162,14.678632769872047,9.359920462093632,8.65775066668615,15.88015817603156,43.50765297856543,19.58656396768585,53.10357503920938,28.798169764410453,32.64629290589635,23.78559419353223
8.88033176375078,3.926450000000001,9.343653420989954,9.76836494012586,8.880331763750782,4.104925000000001,11.212384105187944,3.0172844745621257,5.540394284156798,14.810791357151317,15.360604983781805,17.858508163093827,8.080070675148331,15.106779180921157,11.563717817280526,22.953302661650852,50.27552025609943,34.01893758643693,41.28711430481531,37.58060676325368,14.896495818057693,39.29081485627732,31.55271674849878,10.864956966807108
6.018028390825522,5.611698986023009,11.061616331843394,8.376959603485941,8.231121530340358,8.009903375160944,16.565336303246603,22.37907803480666,53.27472951905879,74.99136846236875,69.87780150689264,26.106894931979845,22.992094277759268,27.51401365051277,27.165493739729143,22.4849459390871,32.63693736127195,19.96146430110765,17.253125069865007,18.43449296737886,20.137085090100467,20.20057750992304,27.471974247251065,13.668638789128698
21.084129593577703,4.319095000000002,7.299364617970546,7.631153918787389,5.049087551147694,6.419478644814515,8.759237541564653,10.853882279423312,24.87329222389289,5.07519315480741,4.593969822637325,7.568086531028813,4.366736688575417,6.141041490110659,16.817733153778715,29.929759625013087,40.84566956993987,13.997717935720726,32.22758502428073,22.049735824128152,15.48699176311744,20.018588761637417,18.503214741944223,4.576002830805754
3.88102,8.911711418309102,8.89158533573671,10.213505980097544,10.296336352365724,11.784848824879605,11.4494945579882,10.761483088451012,5.159734395216926,8.392602707311225,8.937576595042186,7.497389903906359,28.02416331384444,39.62928361687986,109.36128582446217,37.675832256099085,6.986545640406269,7.797574444764522,18.1349812692591,56.56986933452639,17.55821711868763,28.819526486906163,5.400228514323684,3.229986645210205
8.276150400152869,11.557770851002974,6.377493502226598,14.074248736932086,10.533240272376316,12.331403957447684,21.765853930880013,27.66887096341209,23.012328124398078,8.75305197021123,6.0933076341730965,14.199315416533214,10.328886717880938,10.606420797500009,8.672852551574389,10.096530186744873,17.535240537697437,25.01794641539205,29.4041987155125,21.875460293491145,13.42208871861606,28.296895814484024,28.807163036841978,28.100317370000106
6.501438844655345,12.857397593657495,6.615078045253211,16.030581997801555,11.86788630373335,11.974899362476084,9.869722409963948,11.530097147579475,17.498318099342285,8.419699456321407,10.946224728570868,17.282264800405823,12.763539628628562,11.305347221943924,7.6542739989409645,12.754789184119305,8.279318292263678,6.527134706290135,19.86233793480046,20.607732353176463,4.600766387448887,4.193825492604929,6.8637771696998975,7.646867759846987
4.17956,13.767828099576292,15.812646045581376,15.557835531685814,13.093876191764387,10.496054821320788,21.27479927416269,68.47795477942894,35.894609699974296,13.57685471234583,16.938417856980298,14.316133669264186,31.994811097129578,45.682305145247234,101.949374582058,79.20047136642906,38.80845258237966,68.99292170435764,53.75818894018171,28.42685740896587,23.565821538241188,45.71957567383846,36.00358909228398,40.65539984457248
4.17956,7.146606101122024,7.146606101122024,7.471451832991206,5.631042743934951,5.715157712829915,8.575927321346427,4.8797735212785245,3.13997472,6.90870596068703,6.378788916703954,7.849948684486636,134.81914149384906,6.796045039510713,59.18924515318041,58.84085862769797,44.49652582681357,88.63865846080064,15.391563893137016,21.53772122209193,28.893371098555303,41.93889193522552,39.30575493583813,17.378957960243817
10.041802710237716,15.187994963657696,12.587340653308338,7.870266478438801,10.839654075583836,12.998157025189766,22.18104160249681,28.446204611464783,14.545519502039657,57.385237864202246,13.598891091919777,8.785804624125037,10.104498882974276,13.241938997365885,22.19354663321914,38.5780667917079,51.21884454684741,22.101042978182367,39.06965592168201,38.84471069165599,29.029655948187983,27.126626242925823,5.836052722509439,6.557213002363219
3.58248,3.7693920000000007,3.7693920000000007,3.940728000000001,3.5824800000000003,3.940728000000001,4.5232704,21.67717464,27.41841819852195,34.23379022475583,14.94659530356808,30.73606168084732,13.291303694439174,12.119432473503748,61.093669973360754,31.467884217049274,39.28314785894695,28.23456250547203,23.70973597716405,28.378608205601644,16.713865262898317,19.490295506589288,28.112726734396738,12.722669308329094
5.974906375767233,9.69160524626868,10.023038938798514,7.335197529940832,6.893238403744316,10.132132757462706,17.66950198871658,6.617524177245603,4.669855689518423,5.842633107060507,7.564950551925177,10.048396123103508,9.304832897384765,3.405704290502768,8.42014965141658,16.946985566296675,10.052207067987313,8.670802610449764,39.38919685455419,25.3229570258168,17.05480387083496,18.72275626363937,31.84690347927961,4.731582299005212
16.518232912813758,16.862212406738102,8.595456043235187,11.920598194158671,10.229534758652662,17.102517412942863,14.241461983078068,9.40501746102974,7.993500013180627,12.925798008308018,14.825964245686254,9.307955382918772,14.521401392458605,19.53270843612078,18.884273157195835,22.47158501941148,30.987476307487974,25.743286067093244,14.801198745243664,20.18338164587188,13.222028930839643,19.878135996249327,21.50085001738734,13.427135084414978
3.955655,4.162037,4.162037,4.3512205,3.955655,4.3512205,4.994444400000001,6.452094924640322,21.51512786200681,19.07787336481517,73.03842402041793,61.27928167578376,20.424581382089816,9.186432507053825,17.87999185830257,4.953413092801806,5.362654637651771,2.9670132534176497,11.641481341691884,14.887491640191628,19.205697482795443,47.760817446880246,18.316684457553563,20.707058387799897
39.76131471356304,146.4155907467728,27.205218562204752,6.988610737214836,10.287908093037093,11.316698902340804,12.989602218339009,22.961034784743905,16.288553451401775,7.760012625865821,9.661687600417444,11.223172465131372,5.6451797356406885,16.386526243812597,16.972148335851124,19.29187570155796,31.18442287709544,25.548338889247493,62.87608064994925,37.06923754246903,30.05980978099568,62.15434828689579,52.946384320783714,9.075011085441782
3.1346700000000003,3.298218000000001,3.298218000000001,3.4481370000000005,3.1346700000000003,3.4481370000000005,5.926922355347823,19.628772075683028,30.403224452749352,34.484718004250546,2.9438640000000005,3.41964,3.2114879999999997,2.906694,2.4222449999999998,2.698542000000001,5.541230603414153,7.494978699270696,9.781995965231832,11.379641937250936,14.243949775185984,19.18011220982589,26.6404580623796,30.663873012291106
30.39712095492841,4.476153000000002,4.476153000000002,4.6796145000000005,4.254195,4.6796145000000005,13.63339605401487,23.678608782008745,22.134836442702788,11.365691278204563,5.569460813164466,26.318785528910936,29.340349729764593,3.9447989999999997,3.2873324999999998,52.61349551973521,47.29266254692983,25.91417676530721,22.08309027574915,23.85787788864016,13.50607258974169,14.101855971493702,2.0581560000000003,2.572695
7.171917843501783,5.791846654895835,6.011128930711808,7.889109627851963,7.171917843501784,7.659859975862536,10.3865916,32.05290909344458,16.370186637029178,15.251100191312856,12.420702744934031,24.82410656316484,17.100242735768273,15.490857463724064,13.751464785717742,17.09731156729239,23.730987985713536,62.49584549709445,32.874986332456146,51.20751712687496,29.640083170223583,24.538060239549345,38.64580227372901,23.913150019843883
6.357242648247273,2.939078581005983,5.806608098698575,6.992966913072,4.889752971360727,3.7644896239216,12.94025713027287,4.567264239984258,4.582789151273887,5.74405504595473,5.576518847040303,5.562975658661553,6.708526822985404,2.007003,4.91241477364562,4.389913400204661,7.861018840295522,8.652962638383165,8.760441116854201,12.241397112819826,11.109499029724274,15.101900061825637,12.710276941252705,15.763964608052929
8.080605247411357,12.9256065330761,9.863845323939804,8.911934409591378,10.182636306779033,11.912668016167396,28.577965376299822,21.83707787122099,24.91694507949625,7.732822503512883,15.925913828398476,31.76799504990964,31.23197097764335,5.190987915202612,8.518119473588348,10.57549625433499,7.618906457841093,14.504982216102828,15.152897234155692,26.95934607659581,21.802031236518392,27.934190315415723,64.71283355601362,50.47881595891072
4.766740966663551,4.319095000000002,4.319095000000002,4.515417500000001,4.104925000000001,4.515417500000001,12.50756748630002,23.723520693750444,19.51404591780919,3.4761251250000003,3.855060000000001,4.4781,4.20552,13.62105191962503,12.763102642168915,55.67165362651788,13.448203480010612,12.296391189404044,15.142349186436524,19.876978134731708,9.627773127445458,17.725607516876057,20.31482250965932,2.482425
16.38340354273985,8.169579034052031,13.885722710728649,17.756928626206086,12.6806606157408,16.467439052806483,25.08861951474393,12.684727112402197,23.130780647246414,9.253099843983406,8.324493510667509,20.347928490439298,16.018225993433727,9.52942658086497,12.604724774572134,9.463548388928082,9.263374004852333,8.802299359376017,6.533285088356461,6.925200528320101,13.36628400730385,24.59368625263617,26.467033351541705,46.9322431945325
3.43321,3.612334000000001,3.612334000000001,3.7765310000000007,3.4332100000000003,3.7765310000000007,4.334800800000001,11.04398064,7.056373320000001,2.90730465,3.224232,3.74532,5.383584000000001,3.183522,2.6529350000000003,12.105709609035094,18.71847385248577,25.04993020639757,24.752912795869364,21.638392855216075,21.4456566908739,29.71970388583429,18.498607156066523,2.07621
5.685316940048065,5.21113260731422,7.523561300479809,7.596925905335917,3.73175,7.865541359592528,18.33196356057577,26.86460320100518,37.675862541841504,37.47821560785696,22.598911217078367,17.69472276868153,5.074100570307458,6.63045635271436,5.525380293928634,5.52497869316559,2.794269490303327,2.972282773752847,2.8556578499763314,11.21451200846626,14.8553492204826,31.933757178957475,40.982887256642016,4.324210664813714
8.180960512046388,11.389744372461704,12.099270231616766,7.295638997949088,12.096030047640186,9.962159056505872,15.701740759572605,16.686523717198327,28.603155115844928,37.92114947105217,32.95720634800363,44.69544128376745,59.48049756263571,38.93415504156557,16.2925783505818,13.234321839149333,40.70682458769747,46.0286325090444,18.04302041640658,21.586293247654943,20.79948198864938,23.122400148790256,28.12545185551328,37.799360178718686
3.6473058455086007,9.609706270702736,10.21729639777301,10.681718961308142,9.71065360118922,6.23526394047569,30.725109838000336,18.659191542949458,15.012346148366596,6.022635260169459,7.485547395821142,47.27277588112769,43.91708442098634,23.088819957195803,17.391591726185137,21.974573662013793,27.00427714304285,22.312849128696765,18.094020354834523,14.549693571575132,14.333698962460904,13.10216222901001,15.696641702703326,8.461261498873617
4.092605613818257,12.184394058323743,12.369044585248716,8.924005504001645,7.560082566438496,21.876864724195936,7.43957605711268,7.940589348700668,8.050613596900401,13.29207479969128,78.79742035203986,31.75175714050728,24.594872051084316,14.563574477551859,21.80459747562351,31.99849787378909,22.595080254516603,20.228197045500508,19.048311330529277,27.912635810687476,20.491075834247063,25.901067565903386,28.019416089456858,13.385262071402629
8.990978893463803,8.266046739802084,8.12860300325467,11.61607986504754,6.199240566687305,24.05407624071712,44.71615477430242,37.1235660786034,15.111603491294376,8.942461482885768,9.917285576483277,11.52007920500582,3.8232000000000004,24.250862552340784,24.568454585787766,21.86694284456943,18.157148976384548,48.345154639793215,19.19967478550561,14.679233275967857,15.194415914149497,20.18944004652957,18.76873716967733,20.23217876256416
10.591848225823254,5.70380039665413,8.895941997472951,9.300302997358084,9.65168806097068,9.582680685729915,10.405723674330886,12.39018168867372,22.39914118240752,16.819267826367,15.666688955248263,7.071554904686403,7.698814483336143,7.839924840748135,4.18892929205816,19.344890478686295,48.39434354949056,32.147752923806195,41.622524525029306,14.814287934386044,10.97910639585124,11.69609320330201,3.819512004223251,5.902765427124425
24.001036220061483,31.48022157157921,5.814864548362368,6.0791765732879295,5.526524157534481,6.0791765732879295,6.977837458034841,19.02695154350249,22.13475534645116,23.12596360884607,12.267576409344134,26.52700568699033,66.58552902322063,24.73706047294721,71.86977877787379,172.48366787798247,77.98471436487267,46.62526118169685,25.101783902279852,16.037757749614354,15.004083285968369,19.52494169393157,25.694103998041665,23.94210931657757
9.039391568683271,9.511011998353707,8.74948081676002,4.635689156868327,9.039391568683271,9.9433307255516,4.711740000000002,13.31048974690003,30.234216233098,25.786616723793564,3.5046000000000013,26.82431179798585,38.201498050187276,24.444638259568396,13.68499423744629,25.95414231139065,32.430334756174204,22.651598485301665,33.9968576437663,20.64844836713849,17.30334549845391,16.86425634275331,19.24649906284205,18.19233586969949
5.674246967663352,10.989109945726293,13.200090035710408,12.432494959949349,5.267968068856457,13.02960106658156,15.840108042852483,14.158765564186744,29.387029494826752,10.623791471452948,6.644482538159768,11.933387545178316,13.108869140390903,7.944010186362024,6.784138138179662,11.181241673147506,8.301062170387034,14.141349565024948,19.814154181320124,68.49812902264128,25.352365316329585,56.824274103814936,36.37988661519379,34.912802314407514
14.02804270524442,9.891343547698884,13.115759321761528,13.711930200023415,7.162864927064363,9.481266600264671,45.84518853088251,21.84123461505257,16.980786549080943,21.872282565988016,8.812273199256753,15.365621736529418,18.38963350556578,27.688081399622146,2.6529350000000003,10.731075808713978,4.18343628202315,6.486212334415517,11.79411804781403,24.233433799200075,19.79770866749661,20.519330781215903,2.4262597824082923,7.2532433867307695
3.58248,3.7693920000000007,6.700093249217676,7.004642942363933,6.367857220330847,6.664207948767941,4.718650483281179,4.574890117771605,3.6980535271915,6.330724100720629,6.393456727206387,14.67776470607949,59.36232053872037,75.23280120670294,24.060352027068927,5.481894476632643,2.2423068,13.767289165264524,26.926560943852493,1.4715955584000002,1.2634911360000003,2.772660677437337,9.603912556726035,25.116332114066285
3.209305,9.028924500092996,9.028924500092993,3.5302355000000003,8.581209235625572,9.43933015918813,16.848617127033627,21.860966197520348,11.73900261673782,31.97894350419336,28.720744874701094,31.348510767414748,33.91959417367058,23.090404261715136,11.713668864025173,18.986874042378698,32.984916429991145,30.959082508456767,24.32119187314746,23.90844851937176,17.63813030627368,21.77700318809806,22.245128788443,4.566903365375966
11.579475021109888,7.891589560732847,10.7921066590652,7.876588910041097,12.58653923229606,8.207613529219154,25.748550220532486,23.53735006754318,36.61952673423993,106.15455647158504,46.38092848030104,52.853872590568585,34.3971051581549,25.45925415626387,16.424041351752418,105.21893571544457,31.05522111019724,25.062221196577227,3.910202895873391,21.66720922562083,29.44471044745064,21.85651242127634,24.564791294151085,30.874764930185886
5.6011705390526165,5.13304834913256,6.482044978805234,3.7765310000000007,5.6011705390526165,6.161287592957879,17.176491019415508,21.916958508483336,67.50136438886966,22.80367119887443,79.01603182272382,31.241721302424548,22.93372732397759,64.8340606055085,4.328177234722476,2.955546000000001,7.164837234756499,43.63845669255875,23.20309061617052,6.7805663925942286,1.2108456720000005,5.284407816058287,15.318367180842124,3.0230860457127045
4.03029,4.240566000000001,4.240566000000001,4.433319,4.03029,4.433319,12.067322388605804,55.563182264870726,75.7645333267083,35.94890168330078,10.971986535496317,4.39668,4.129056,3.7371779999999997,3.114315,3.469554000000001,5.793451769485307,10.619440192488328,10.527993700813491,14.411639522235316,7.717656188255577,14.727018334814522,39.633531589169365,22.2754243708519
5.877810262812209,11.460004857217712,8.095023893314005,9.120588412411012,10.760075416731128,12.705070221435385,19.570483487557727,19.04072690148164,13.691089491232418,29.36324975609071,21.91708837011129,23.127488124221383,102.9692283713999,13.865418885077972,13.845604015659177,10.374575104290434,13.03396052142924,18.019159226699628,18.89515850865727,22.70653793906955,19.829066915394154,21.053299140325542,14.03599311823861,18.88812558845718
3.507845,3.690863000000001,9.54662796785247,9.424025957049867,4.013790132459079,9.424025957049867,11.45595356142296,27.138150866632945,36.47529827585608,27.87144304353834,6.857937541668294,14.648925631983156,8.777245878790245,8.4133693510826,7.011141125902167,10.175555423447024,26.697487823843417,37.37063849824655,28.087211176186617,35.00844612793652,27.76607537161792,31.080875909322984,3.41049018771122,15.331121206830108
18.20315260885869,14.54252777838696,3.7693920000000007,3.940728000000001,3.5824800000000003,19.821671632948167,53.50881098222387,38.63117891728232,37.50257656376375,26.2042730354204,5.641590152620329,3.90816,20.901035821043923,3.4680783697512223,2.76828,3.0840480000000006,2.2423068,3.547590649799115,16.1853573177474,16.250615806825223,10.74995876656564,28.68402754368828,16.644960351948175,2.16648
13.422669822592525,12.788719278989651,9.62298223457371,18.94551472902465,12.793833336474504,13.327066884186936,16.93969318066163,21.985103309121406,17.731881979199848,13.255008935800394,11.358906214504517,16.869956573630876,10.393615809954385,16.20623175208407,11.366187365332966,11.2243723168409,6.93599399340159,5.988497296010012,5.7738369726855545,16.292260183638565,19.83320326503121,32.76645990272823,37.89924079474616,31.03768291596897
2.4510960232872425,4.747683705079142,8.432512017985946,7.085552049525574,7.362604335688372,10.931937777427018,17.006695846935653,35.7506856255208,26.24494846243749,12.269950894384255,11.213176181405922,25.52380871291228,10.322446650624295,20.644178151748008,12.330529938559145,13.447703432493201,12.58562381855161,10.374220920138864,5.283305137457117,3.913004573741005,4.387404837636673,35.425407105618014,18.399251543363928,4.646546755482305
36.11667096578186,11.257286847825917,8.818971560187427,9.683315322143756,9.856380789020342,9.285319101425928,12.97674815463361,4.508130460317519,7.248136501014162,9.060170626267702,9.223211025769778,17.69246306846503,103.84013307950536,16.56534946248727,7.3336992016827605,16.790842299774887,5.283423306885744,2.799549015857179,10.141780442321878,22.90906173483756,16.592417747156937,25.26957787309236,8.250090512802647,25.545054352147748
10.421287521425157,15.357276266063195,9.61648202326323,9.276976357198654,14.8508615748593,10.7430795069313,11.506398810019068,9.869660806465497,10.155045949780655,17.248907803551354,18.50644266222744,15.096361368739704,18.50321481802582,30.880253458764848,24.75632581537218,22.44697957410392,44.04763036411593,31.19165917529548,33.60946921155279,28.11913136456668,15.927845892629984,32.98959297434434,28.102498912666665,7.723428965897213
11.51698687635518,6.640469781354391,11.51475764119738,7.866225623166245,8.864111223407667,5.996514544580332,15.678345941795966,12.438945774572886,10.553878022709029,59.600273506965486,18.792318351955743,32.001031424872075,26.108666577329558,18.426946576033856,17.19617981770467,25.04033973919314,19.22310075290584,21.52215692974348,20.708407779715724,18.722838894164685,17.49935223839038,19.78273930355348,47.46834028114634,9.06361139778824
33.958951708232576,46.63068371218717,7.928015485548775,4.8438115,4.403465,4.8438115,5.559853200000001,9.000545704926587,20.74932342260438,3.7289342249999993,4.135428,4.80378,10.844615048366308,4.083213,3.4026775,3.7908090000000003,30.05611066875246,32.27212997153509,29.27636667616,24.541174532316827,13.806934425881469,25.616560116393227,29.440224831523,7.86796342386837
8.205853765019862,10.519119495806626,10.295400120088283,8.675781141521849,12.33639464711953,8.996263261888755,8.752639084689273,8.862895006478395,5.403130512449549,7.302412307961747,10.187699800474702,12.993974117682148,12.63870945665368,9.83453145002535,3.480935840933632,12.23825421904006,11.09447904251953,12.785616872772138,11.004415742527248,9.150577497058483,2.877474999815294,4.693396120144082,5.968279465642018,5.208962433863635
4.9597455222408415,9.839677220524017,8.723901802314677,14.837723916208189,10.18903666788016,10.060745367793904,18.35256862277685,12.071902593524248,6.503466901228026,10.713573236198958,8.818939918721972,13.05924547055768,29.90879957821173,22.197331453640384,6.015363751565438,7.137737838257463,23.78772289807659,12.912235387180532,19.225301274709462,10.474401397064485,36.591183842166494,7.503675244435494,16.26342602478196,9.434856796222851
3.43321,8.294036737792927,4.058210451218375,11.265220644068116,10.876759989112912,78.05285740357954,63.42540809801442,22.180828519030037,32.28187400726109,34.54033996488054,7.332766106494167,10.459698204234634,7.230701201416354,10.085722898995611,9.47140846890558,24.884260305097545,28.54533380173734,27.253926697260503,57.18279838828962,25.51150259848395,19.94998574861703,19.20651049758264,21.266830369536528,39.71295995803865
3.507845,3.690863000000001,3.690863000000001,3.858629500000001,3.5078450000000005,3.858629500000001,22.249217043000183,16.296768526887817,8.9645062247902,12.323511292982444,10.902388606803786,5.248137593846762,3.5938079999999997,11.531120427742334,6.217971277417509,5.556903880403099,10.446271403757024,22.251547194321343,37.11207470295508,15.96574132569884,13.447435471141969,20.77716215744978,16.55309849734691,9.77214201907636
5.84683,13.404810914698666,8.339893571542389,9.94194839774778,11.12049564203456,14.01412050173042,17.36840351740746,8.461262674331316,4.850034729004243,19.56252208930186,20.2699935131884,21.178509464851885,27.259819562239226,25.955554870513787,6.454065404371574,25.116014088352603,8.746280512052891,5.683974394187296,3.357751553240836,17.60733002496492,15.015683273917167,4.112491771049757,3.78587505622112,6.585121346784342
7.763233983275595,7.9444018141524335,5.9295676390275975,7.135279017122209,6.4866172882929165,8.539557381603156,7.652770280199739,22.45792479212323,56.30807613514608,13.101915955507014,105.84804653934252,3.82674,29.767030676471478,7.198635148128278,4.190322305548103,5.584131404704338,4.1932070624899405,6.206050994598072,24.26552115434429,11.682147185175738,13.085268925627595,11.943570444322289,16.63393051924489,4.694762053127138
5.874813995520823,14.85931688546566,17.38026052104487,9.934309408896713,10.630563387357412,29.833686061979535,55.39467605664506,34.274016966207654,58.79964024151581,11.087353055077877,4.44033596996685,18.0201048227212,21.39441054583688,15.317089099313021,11.449094459620506,8.941640818293163,7.379020139016816,35.12112090867168,58.20644074675099,32.67008828795306,46.190082438753066,35.76294626816186,19.140814391134786,6.901670775657253
8.901942312174118,8.040803640767654,4.594275268415919,9.792136543391528,8.901942312174116,9.514968177782826,9.975316681248543,63.58658286478116,44.84011021208733,47.206532427303614,30.85445386355496,17.804079532606416,88.42820721753698,14.508927857889194,20.535889987025634,26.085753155720486,15.145565983670377,21.248899222670698,48.783371342922045,26.02228451446208,24.4684684737343,31.84425690090901,31.178364207825226,4.31674298085512
9.671206932433233,4.476153000000002,10.175791641951491,10.638327625676556,4.254195,10.638327625676556,98.42573734418708,36.14549155655671,67.35915016587676,43.74984828918394,32.08823471854038,32.36933396064807,22.57604858344274,41.32284585429022,34.006662200046485,41.95938682218921,29.997349343340236,20.40475440506502,21.320753362366155,41.28922258044028,35.64494012166463,59.151747396024646,4.440629088500997,4.061740680313124
7.746872575138568,5.999489115616379,7.433867859360633,9.521278351019632,8.655707591836029,9.52127835101963,4.617505200000001,17.847553737134813,15.52876893938986,4.82855201192799,8.128838434072096,7.955405527407096,4.910619578695561,8.260801585157042,6.786251320964204,4.713075811357367,4.78307447203423,15.117167856664748,16.329003216889234,12.1144646956187,19.41428312935872,14.612239161672417,13.380878292975318,19.40272763550081
9.37686382534523,7.74791814531569,3.926450000000001,9.698164739962056,15.785609575614355,9.964509489484058,11.437523935755612,6.98096379072865,9.295495945405968,5.00548664885761,6.233317750043601,9.882158171389143,8.784505000079271,6.379136263356819,5.690150253227711,13.230175438906645,26.93969743164616,21.04345679909645,24.542627322037905,16.432074242618114,31.34634787211432,21.91802016674966,29.70371633122636,28.133303626362498
52.14111932412486,46.76560613103653,49.12827064741186,14.976416926025774,13.614924478205248,7.927876869379572,30.571475048050164,33.46262174517188,49.87982192622368,60.82491639806295,28.660398317986115,35.41449694511503,27.3551589864631,22.540275124710917,17.84089245434164,8.369205236540626,8.521705002949375,9.274171660034693,10.339043105254392,19.888834394271267,36.25495126656806,59.6312743209029,34.39520289632172,34.04146264345986
3.358575,9.142791065163834,3.533805,9.558372477216732,8.689429524742485,9.558372477216734,10.9713492781966,8.777303273128869,2.8260217621286903,8.012837155657893,9.428628262275744,7.916241979066854,12.340903250298636,17.62711643513414,9.129208287082372,11.100836080786905,49.63544512844772,39.3806239819753,9.22353778564818,9.232539044589238,9.45313339999685,14.078142587524022,4.086668923894733,3.847283798672697
3.1346700000000003,5.731195336150518,5.460864521022681,3.5894462897259136,5.447003831878589,5.426467056162791,4.444457067230104,13.641725946289217,26.66129349216325,22.42387995626809,14.547049103406287,15.419237040919423,6.206111940591814,5.569116867117695,5.836580739776166,15.246927553225298,8.57578580486048,10.78965253689148,10.704870873447002,11.014438311257685,13.305587977165173,13.24415893284271,17.529772730007195,28.68163774056353
5.170321377837293,4.692421088086021,3.346639950180315,5.687353515621023,5.170321377837293,12.399708356399255,57.42310764820517,14.4290319386331,16.827106090200058,7.566017551528019,8.252995629816875,38.36956736780177,73.23883681751292,26.73579659878536,13.22722962746274,14.761656324966243,34.51982363928482,43.27330801223936,22.15670758714501,22.979693569343645,8.45974914294427,22.440495340565924,25.1941458169914,3.126716090154569
3.731750000000001,3.926450000000001,3.926450000000001,4.104925000000001,3.73175,4.104925000000001,9.044221969077226,17.496283403020808,8.431765517643225,3.1601137500000003,9.24833819809373,17.10867522645528,23.733695811274576,3.4603499999999996,2.883625,3.212550000000001,24.91062023787873,17.332065874128435,16.764062340711888,17.113216711981558,18.60090213976123,21.090097482848645,12.414311488278685,6.564064282270138
6.628345167127848,10.699307424105564,8.980780558189059,9.075078566024755,6.13187022659713,11.866793842822425,13.58907154132661,5.585134641325004,8.491208970237786,10.67557213786256,8.065587864754702,9.885909588726296,8.896743286371901,78.02215883081031,26.52577846680144,48.89239241168295,26.26303019999275,45.10157128001243,16.618057471879396,20.663515027177905,17.58083843529494,19.07929284363988,25.76099479159266,5.258555443010146
7.785789579715746,12.57536420913181,16.33536690798864,11.57791251682722,14.026546609665056,11.276828689079744,16.919385812798577,9.14689928932931,30.06669661017446,20.506190627292906,22.963728181855423,12.985728504014093,7.741159023525471,20.830535942101125,11.315045774761337,8.115126775938771,39.99183501495395,21.365922665929748,21.941896043439044,24.688946891607213,22.366113610454864,26.126953637194617,19.13895584394905,9.388847246139225
3.806385,29.90868549460546,35.56249830063251,11.6246598204277,13.654801035795485,13.05280134534821,25.709053535132515,39.02602818770656,16.037566104283236,13.572449593933564,9.924610755780174,6.047526470212655,14.38635242387502,7.5990830264033,18.287551450147426,44.83768189837085,36.549336150287566,26.089459618110507,6.275287340261003,15.050648582316285,31.84211384955113,24.81010915149857,41.13882505648913,51.59254657437396
3.731750000000001,8.326873991382518,8.326873991382518,8.705368263718086,5.252557690485316,9.912498746742504,28.13092022824916,27.28631000624683,20.549238283659253,40.23295842491389,63.0829920150404,99.7499341290498,21.795633143180137,7.338409610737558,6.115341342281298,46.531818748210995,24.281655648847536,33.64663252038661,17.18618533355052,20.80217105614036,15.815731575519338,18.42794808643065,18.15859013908283,3.981183621375396
3.731750000000001,3.926450000000001,3.926450000000001,4.104925000000001,3.73175,4.104925000000001,19.40219072491052,10.886662775651764,2.5280910000000003,3.1601137500000003,3.5046000000000013,4.071,3.8232000000000004,5.390462125701193,2.883625,3.212550000000001,17.294131956357333,37.424345801959134,5.201519029576535,21.48870914453149,23.80541995188159,24.57457100417095,24.292874371941856,63.61797905422672
35.05974571553288,6.567438776815324,11.706123293736509,11.30234570502353,2.9517809786804343,12.238219807088168,6.681051279598809,23.05417360131277,20.35052926342692,7.669313125344868,9.70129558386138,12.137077494632893,7.5380745455982465,5.6879515681464285,7.982337065003784,9.57773724032987,1.7144165242857456,15.232930357016,36.58266951499156,43.35467516896479,29.392628174512108,25.29403450127345,19.80174557226247,6.728162524198669
6.211226787219752,6.53529079350948,6.53529079350948,6.8323494659417285,6.211226787219752,6.171522806843566,4.997921158701898,12.516840582579242,45.02198989446626,14.760312873874197,11.032491043926354,3.82674,6.363438668961897,5.759501202694679,2.7106075,5.347056103780484,3.887663311818908,17.029825885682705,37.8298154600752,38.32675338522954,17.67547909601713,24.84990708478943,3.2955974046168968,27.11561920168621
3.666700058483906,12.3378404300893,14.197882038786467,16.274151139159212,5.941250071336599,14.89472909992408,21.395828887046186,21.87182077757773,14.958964103608633,7.997012985105837,13.89413694094225,6.647062337101457,90.89523164561739,16.094279419730384,8.32409568100089,26.008172537757552,34.41197360023078,22.4270924863486,21.864538976177144,25.13403668621912,24.19656760573924,29.037175140998905,33.930471800923016,43.21532936876674
10.042407297780503,15.99861764756968,8.69720143318119,15.492854547700368,17.642915142986986,32.61953702915764,48.402164562527865,41.83062302869641,39.86425719601705,6.784982657754298,35.26135850618075,10.18503849759143,12.078544556701587,24.414901021091758,11.676949618284468,20.302452976387784,40.47199443745277,28.86839340626822,40.065351105245526,54.96924326731791,22.694747843057907,19.97516354310836,32.14819128587251,43.50560351558776
4.03029,4.240566000000001,4.240566000000001,4.433319,4.03029,4.433319,5.088679200000001,2.89550052,13.042031976819452,49.105365149087696,16.873956602491038,6.155755378443804,23.90903015722406,5.2087774949170385,16.23293216209449,18.951868808907914,33.03529626446532,19.909563732068108,12.061583082111774,17.00723956398675,26.29274108774188,36.4901997902837,23.526894889154946,2.43729
6.22704602123151,11.433999459064598,14.176696546687904,14.821091844264624,11.930532024702016,5.754440289955856,17.01203585602548,5.559959299608192,9.12783276226942,8.959541861171111,11.229900991753938,60.38512791466498,8.996870742674576,7.707864122035793,10.411510799690022,4.171354149664763,7.708902277169505,4.499409542377083,7.772873010218379,22.252578066218728,27.0780687753982,22.43422268738149,10.809507959893145,58.40639148936295
3.806385,6.899704920922019,6.899704920922019,7.213327871873019,3.806385,7.213327871873019,24.90874983087147,31.2142353040069,28.9615356731298,5.553070175743566,4.292392641550915,7.911637326749218,19.263675315133227,26.96654458775614,24.196345622181607,22.140925532325234,22.01682021467551,18.7741263024352,16.201317967957902,26.21046452453357,16.599640232618604,27.50997900344785,25.779182537668145,22.96823237590089
15.13902101979816,9.576917697625758,10.167407163290113,3.7765310000000007,9.663238213044318,7.892063639478837,35.70207954032444,29.587996533908044,5.043816398264325,19.6483739956464,8.945199283323682,7.826839973036861,4.933800230187809,7.550230806253562,13.272701455778199,8.318787679055546,4.541514754502138,4.21317918306486,15.675667785350036,19.701683271919386,18.589670801063622,20.686815188601592,19.115046441204687,20.80556582353241
6.724358481853379,8.560073462989578,6.618115476447913,6.157603105653642,6.982067917034044,8.949167711307283,17.214668828433176,21.911344163547994,22.591115349145607,29.09449247597433,46.53169136526481,45.195156274360606,15.624977420769003,41.3670460684404,51.494487183804836,7.003696469718745,7.008243471732759,22.841681175361668,23.09479075383217,21.43041413679057,19.76327466848372,13.47140351775264,25.092182115069296,9.57340824900111
4.225621624121335,8.343380133989504,9.122838392928829,9.537512865334682,7.43578718091001,5.191442573066937,10.947406071514594,22.377439776651716,14.401999274852484,7.342308457900209,8.142698730878621,5.417922611240004,7.3650208490345825,8.039886878216011,11.603950736256328,14.948049190385658,60.81280527459874,18.87575374885716,59.830816040966816,38.50695762431009,18.20133000466705,57.17477579033596,27.22252516785436,47.92740562651669
33.79198156859525,16.113725738908123,7.34959902584301,6.850558906626904,9.509740348059786,9.492554931810504,21.591485728083743,22.16028635962348,31.3435938841878,96.24231405490929,70.75420951513983,65.64768368388587,79.6352518752179,20.674356729344318,26.921859047079018,37.02242835357432,32.20091419867506,31.93895873997198,57.105393338698725,20.255142242915127,19.050908044927404,27.958049233129348,19.57797286408273,6.029172944760848
6.913766158904973,7.333140453924864,7.333140453924864,7.605142774795471,10.429705510893225,11.472676061982549,12.574582686316491,7.861756816644202,17.500104113892014,26.77677898810713,46.15910430632104,49.60229847539602,19.41108271179059,37.867581814194224,17.411567460571785,21.986249613246308,13.883345553951424,14.001483537019324,19.537894673370797,48.38436917360842,13.761001820649712,19.06035625858358,18.065632287780087,23.669177037913364
3.731750000000001,6.659369124223884,6.507540283989223,6.962067720779513,3.73175,17.444042333351128,5.998685086328639,11.0398774115078,7.573543937695349,5.359641390005054,5.9438997141833,6.198287843300176,6.484254233654508,3.4603499999999996,3.8871668647366056,7.8172298172369565,10.04905125949404,36.1434771375808,8.040900433114858,2.5998617349837763,2.2322045199355647,2.315994919018601,3.918851829963113,17.71522768376055
3.806385,11.924095897039098,7.855956234260896,11.993538577995931,10.90321688908721,12.46610025599542,14.30891507644692,65.60827163798004,40.11309736627565,38.00610403366767,82.93575466252138,30.25428309420649,11.610539656320562,10.508613438938283,10.737549986853411,53.41241311497841,27.275781938625848,24.895136978787527,29.075438416391957,20.233829269279507,48.27694947352289,46.89365263281418,23.095912255791333,5.551061522153231
3.806385,6.439889371262248,11.831797391604882,11.486257724622492,10.442052476929538,11.108491040808817,12.834607062018996,8.633062248917003,15.935196823036613,35.482266889811854,39.91788208456724,21.47007877722793,47.451910774780764,82.92672293511082,103.59367155891235,33.5563181010957,107.04934011794636,17.445995645990617,26.68366477099248,19.10759962065568,23.305537226710257,25.21472263523995,18.47850345858799,15.477119087735437
3.58248,13.438001762349534,10.490588054206404,9.960503431792803,15.442916725049123,14.048820024274509,12.182427640111737,10.448932887681227,9.486699320100753,14.410461547207428,12.48630363085026,29.376539941745985,10.21472736157137,9.497341236624276,10.901084363038953,11.633508795797344,5.023751683195585,6.179179292435844,14.233749757434994,15.45226483897425,15.679594085573214,24.2458597948673,21.73273010802613,5.767973551738171
16.151914501077226,4.162037,9.072904008392852,9.48530873604707,8.623007941860973,7.38499991220963,64.85643621773772,49.08130699081557,24.47326937239541,3.8886841202905154,8.098129197573783,23.006079678790464,30.52645237576952,11.960576960022152,15.452003901523149,10.671723890818734,17.086448864003163,3.847137747245389,3.443729441268251,3.542121711018774,1.8440441090374533,3.107966763695845,4.171763526022858,5.802679883833075
3.58248,8.706117346094498,8.706117346094498,6.052096071573473,6.141714026149664,9.101849952735154,10.447340815313394,9.743621071253395,10.674573311081508,15.36704058528905,13.113820769417538,5.769421109927028,6.510718302540812,63.75830426886597,28.76249141817201,30.087672951669866,24.907725279354217,19.801708083431908,17.679668070245366,21.4147414556335,22.4429309258985,16.03542399034782,16.176137984661583,5.00389163768767
6.465816637288771,3.298218000000001,7.392214791683732,42.2445699605524,3.1346700000000003,7.394264554942081,8.487329750020477,12.334656711475525,12.456912722736336,49.021067289304646,12.07229460470407,31.50122841110685,6.279318744084825,11.919223181690638,12.970130553620546,23.604372948733797,14.40896184578631,11.518673246671865,9.493757730500764,13.940395462896664,17.33397151040014,18.804154748151387,20.21361734018632,4.065118494093204
6.239245937625546,3.998857156257339,6.26289950011742,6.863170531388101,5.091632187569749,5.127404734428705,7.877726175158516,13.709292322748905,90.2660462901746,5.2835069008165405,5.590026000104802,4.146072784098517,6.392144454674076,4.987369397804881,5.375480774271684,30.14216577362147,3.2766866086417705,8.406769350013711,43.69967761988988,47.833526561702094,18.682530610148824,2.40435622844857,9.337204878964668,2.211615
6.332409282545738,10.954382585221444,7.884108404072477,11.992572843565902,11.059259186615485,12.34964083748138,17.87420412938019,67.73976996150496,12.678098661402178,15.069454881665749,30.29955462564204,17.22321721033623,98.46741564621261,8.619874727242372,8.47115851667962,16.895164018735628,25.424631051334917,18.01618409042356,12.530652556580115,12.23828470972964,13.496667943560906,16.556032357725357,50.78612245722832,23.398430801802668
7.21092300545908,9.739153471758696,11.476299218319744,10.48452675207276,10.603706094571644,13.19309313105328,10.494290687619785,5.859230348067112,19.61827895642323,27.69408976047255,8.09071603769556,14.070083247447544,13.822349369847307,14.132651049670814,9.881648167845354,3.2331868718812475,5.891222056083679,17.039456096586033,25.13997414216297,10.19556866779492,16.01194228785905,16.67079026389595,10.148112514207442,18.578954448699967
42.24999358419855,6.75266986080557,6.027976969850441,9.079965338353462,8.484099846050915,8.574876353748369,100.83700834029575,20.40738166385472,26.64434081718911,22.12911386067477,17.605486559133226,19.615078213354536,22.425715495680258,23.782354690180494,19.342113240891997,13.387222775932736,5.166575318558974,3.785164178115924,28.808227487797343,19.62165260602668,18.707440394945365,19.718924377778627,1.660968,5.1307006974141895
3.806385,12.131625321749029,9.216762599613428,13.734049150978532,11.549369900496847,21.745902336373977,43.55082012838911,23.87754599609885,13.70914142818322,27.32750125573768,64.7488717708919,78.29878570750836,28.957417699556924,23.884663071675888,22.800549243431625,12.80130945897857,8.743583620522656,3.7203791840758296,4.624680585704676,6.000151475960054,7.977855365385805,5.815531236505722,6.430711310137285,3.9442364634961216
3.88102,6.741928856562368,6.741928856562366,7.048380168224293,4.582852870763711,6.121960778816194,7.204174342354049,3.191636676747811,11.311101580299187,41.035607878004726,27.72219736102296,4.8463486872119645,6.65133968224754,53.7708854448631,4.154557633078321,10.126819621835532,10.860828268611414,13.732878175448654,16.24432707445989,14.212943843449162,10.74210077302148,22.39658114560933,2.760427433959854,3.11099143323449
3.1346700000000003,7.333360448757514,3.298218000000001,7.666695014610127,6.96972274055466,7.236027610227089,5.168404334627256,5.00729124195327,4.721670351146665,4.603050983359998,4.204429161677966,7.701569683064542,12.952545635578335,6.4628338139688655,4.200314906984433,5.200643373159478,21.224550885950386,28.311498692016464,22.85539273894129,2.469155831567021,2.458124791504334,10.244947611678736,12.577290496414884,1.89567
9.244427156828436,13.034692824440366,12.157460678375363,5.620372089858647,12.139778916193032,5.197894378718133,13.601665107415204,9.0787956338448,24.410839865346183,14.4543931125435,4.530216575982141,10.802933871956055,12.225396542928845,21.767802435526903,23.723252807165395,23.28782435750264,33.347620981529566,20.09857362861711,17.897773029188656,13.47473999225951,17.084835655098484,23.260039474443392,16.60921638494251,7.098223432970864
7.416423607128425,10.331427177269765,14.103805180505423,10.27941141452183,9.360756327170153,12.58870069675352,18.154678749077,14.816250564087143,16.29091033188412,20.378400386760035,12.953598917049389,14.9291407509615,30.213970975128703,27.9080359957892,31.858164289973764,29.19380988961534,17.868226965128727,19.248965754403454,16.747663069728155,22.13396166574887,18.696052956380303,5.409586588453621,5.328624000863388,6.92084515488066
4.199735995081839,9.92026283062833,11.07655481746209,7.147581965696088,7.772565490788155,10.822481446385884,11.44179860202049,5.589362389571932,4.954524782139946,9.211322219773049,59.0522751971484,8.980023930781327,9.609349655363745,6.025234384305792,6.36085028430344,8.314493103758675,15.52119694238794,13.046411613755692,20.00385337394618,20.59646015842677,6.628589200743556,5.894223269933513,5.093051501342449,3.5942443903202013
2.612225,7.427838268613657,7.427838268613657,7.765467280823367,7.059515709839424,3.3626494780823384,15.098807733985934,16.340502903580283,10.014626614436942,10.516845766312128,55.0773212806366,8.123952092370372,6.321260559653369,3.0408227078231187,5.455080321239555,14.09250557352909,12.697225841905336,16.974002611025693,31.94280541137684,10.285589922935724,13.403311445674822,28.54674787995661,31.13648473982578,17.117141360532013
3.843841588952245,7.413605906454864,12.126320121375436,20.333474132424783,2.970528635580897,9.671876490528868,3.0155136000000007,11.287356186937595,11.546759886700414,5.47364680755022,6.343717868004583,8.004101893568325,9.73261517357151,8.153152082925157,3.4201297189574285,53.42010429519497,23.732524371059423,15.646046313718337,22.79077174162975,24.164464881501356,23.44054423668196,24.0486973705474,25.97638431107173,31.38443541983689
2.53759,14.84918661703988,12.871716994187173,11.582955888085737,19.65248566548945,16.907554850207358,75.98981416199908,13.779838424301516,36.192966641009214,5.94901770720533,12.14390403702054,13.712106889641875,13.503996761113019,22.574942188659055,45.02463501505419,32.8270434266299,68.19078357629456,26.204149514876157,24.759451090289115,16.519564144231207,21.60898840722692,21.27395868223844,24.949346032254727,15.075366121994442
6.5124753878904125,9.259874167862431,9.021015296595955,4.1870235000000005,8.80070685375355,9.680777539128906,7.385650609677921,5.436776047685566,15.289033327194126,7.452598576610391,4.853870087443599,7.867204849899333,10.716440494284777,4.371574899310516,5.923444226724743,7.576260682796534,3.2349940980518967,3.217442900258481,8.027550153385704,16.860840630254287,15.754777691621593,15.638657855161105,8.257522276576658,5.322166595352937
26.147564186194245,19.24601919602855,4.083508000000001,4.269122,3.88102,4.269122,7.985799626372824,36.24043146058578,47.77171487822618,65.13169395835406,36.09772454669128,26.04972235086629,17.224523145906005,14.74542257364599,15.29178866943581,42.08931447315477,32.227384881267895,25.681945079698306,23.540353315714,22.55705338913062,14.82989553499462,41.11149523442753,31.14652023902548,31.666683008290214
3.731750000000001,11.442877253084312,11.442877253084312,9.100352242991647,7.413525078358932,14.224103571916013,87.50838636404737,3.256300536581404,35.65975534266406,74.7457602655543,24.99930762372364,64.99193765102636,47.693703998395925,28.748910782203875,55.88879362593688,17.139286027716743,75.96700016618996,35.889198069150744,38.21692070750322,45.92475688420968,44.49629288565698,43.37217973716951,54.13785055631653,16.275262168107908
3.657115,3.847921000000001,9.48310979731504,9.91416024264754,9.0128729478614,8.039644960896048,6.461748806394014,13.871138586786929,34.509081567370814,83.40446262268345,22.379945454575346,34.044775622854445,37.45928735466209,11.97506751158881,14.463650764597991,56.66604144226291,22.40853683994406,18.19882533218049,15.91349871461865,34.346738161283504,22.719650435484407,21.25247452551441,2.8292817512332227,4.5671477805182725
6.116070600054957,8.100190092781753,16.821205990830556,15.265320220905847,10.587892971272666,14.97525946562645,16.617145780513326,12.329104313973176,46.666356653179655,11.14494239214274,13.436778866391329,13.69471056089242,8.233639511097465,14.24204377590894,11.019102262142052,8.117967117813766,18.99462126593159,15.237078109822583,19.858221111489907,34.49426899412999,17.28784237466633,16.361477010968127,20.96886501270681,6.159841379770479
11.289822287733696,17.317708040543266,14.068414977563371,13.43793425909657,11.289822287733696,9.450356288866075,20.78124964865192,10.60025900097876,13.817570024789978,11.652547948368603,10.60261571369773,13.142515337826056,16.862321277643932,9.085864488809307,18.81079019348084,24.03073940017434,97.18765990087206,21.951917921599215,24.7841943777589,33.71630002653658,17.10044080135967,19.55585877874032,23.45949933191456,10.28446692336646
7.239535952031071,12.320896027058906,12.320896027058906,7.283942613076881,8.676437147701586,16.02572675556158,51.30359873691427,58.68586136960572,29.48257477847027,48.06809836818851,47.03043207815167,12.774482732788336,10.123286333800703,8.220401001498367,6.511047563701064,9.555946256823528,4.785661193757435,4.125544739505647,4.602742851270689,9.54866899726846,13.947628954966104,17.966726686828583,9.644135552414305,6.585030659519274
3.731750000000001,9.30073097790307,9.30073097790307,4.360314385313576,8.375193369337739,9.723491476898662,7.056880790357703,7.666693817592304,14.01947896559046,7.485481248538101,3.5046000000000013,9.643132043205284,15.97589662982395,14.596601041650928,9.5851349152536,14.848276330670704,21.24777210729781,20.82415032695473,27.045335698922976,18.28436193438844,16.580899466968347,20.18662147352819,16.338818898673015,4.935544548349911
3.2839400000000003,13.694085371912571,7.817127090182574,16.181539448344395,10.945840912148052,12.83016426030954,9.063152466268118,18.61375056856392,8.78888844917712,7.17841619548056,22.400056939613496,95.7221886418004,13.140177905955547,5.665976385596009,32.41803647344326,12.66381348131301,16.304540814667263,18.53171181928237,28.42208071758313,28.8898433315526,22.707551976476385,32.263752117362166,28.48817741434768,6.2172452754483984
3.060035,8.778568236971598,8.778568236971598,4.422684966531791,7.142532711600103,3.3660385,10.53428188436592,11.004475288904668,6.339752468372263,15.181029573971315,10.876696277627538,11.748735161996455,28.63938745371737,70.17365429192895,78.95438326267643,67.70955493396184,60.680540716811535,8.493358966214096,10.594465163096451,11.031757147936403,8.92137092631716,13.752631255358706,11.256772214467157,16.75893410444488
9.9225615145202,4.004979000000001,10.440260376147345,10.91481766597222,5.752441163710973,13.18671938722432,34.26135471206091,20.63649445085089,24.93807957019727,40.8684691830203,72.74373504557292,6.578671840470823,13.607423154284415,9.200920677100546,6.16366322562531,4.712772877322135,6.036613707859104,18.72398160405428,17.501755753163167,21.59955325637669,16.542029883834413,27.45549740201413,28.95295399894664,31.40887149862263
3.657115,10.98458881568778,7.822857991513054,14.667011321906024,5.427001181627164,14.849629622360585,15.75949242672667,32.82233173636876,17.971315834860786,9.3360826423266,25.382729918272407,38.3083189030163,28.140252200825216,16.719071028907194,32.76539684418243,26.309186329862825,22.349080747545315,39.23082566666648,35.440494993425474,50.44805139314512,24.60568201054217,43.59260019776973,27.2183614538004,22.54097459633129
6.536165543694168,7.512751310844032,10.466394865154005,10.17945302654937,7.173992588459435,10.942140086297368,12.366831815693626,7.146558212884496,11.697286283017435,7.24935330419461,4.072109281825518,8.925544356425133,9.300931733390506,8.552495813420817,5.722130361271215,5.523423416733907,6.044874753631423,1.8960170418063973,3.880345387713023,4.086149754661018,2.588916456826995,4.230615461992711,3.247111383524045,11.099811658971438
5.608509475287745,7.184381336551767,9.494238492626064,9.925794787745426,9.023449807041295,4.022826500000002,11.393086191151276,8.521318590943476,46.46278152310531,57.052106754473066,6.906019680942381,25.98116515544306,10.546813678713221,13.870426707627876,9.473865547859518,7.7680133121485975,32.45568526320417,24.01181055269499,18.169265266527,7.49783333676937,19.30213930223941,30.585645919702827,8.826894255427769,13.653108604685428
4.254195000000001,6.973998144508307,4.476153000000002,7.290998060167774,6.628180054697975,7.290998060167774,18.89168205760212,21.8483135591895,33.45626133892513,63.3113283713109,6.224725616585925,6.942986113646518,4.493568097974905,18.571664580524846,25.024687785671397,36.469418192925694,48.79234736945037,67.78022847084219,21.81494241110124,32.44295034023434,30.40824124476167,34.452825613781734,43.71851088754946,22.454007928692395
34.353707416354844,7.11129270725865,10.412249249826992,10.27541266948926,13.171197719616831,11.829684081332918,13.57841998900822,14.38945032695499,6.612687761366228,5.40883699509473,31.280851527728068,54.18670750069746,18.63462692177147,10.03469357172216,18.817662520990236,22.809908122310556,25.53059437068409,16.81093305743873,18.957747655899343,15.79645195760292,26.94278717256945,22.62662456598673,24.06169309089754,8.289996809773138
3.955655,13.33938978981211,7.399855604127453,13.94572568934901,12.370205883313435,4.520470108852118,15.220453422821588,58.57748498432731,58.49597387870203,8.997613282649136,8.52587319546482,21.31918909513385,32.52691800994533,33.86450507354056,24.11112339602462,33.03328748983392,27.343928982845,24.30227089987836,35.62492645601924,24.188737971090383,20.080133294286625,15.274255316798689,17.792468038999782,30.65924997000432
18.47653100723957,21.46221004819946,11.173076871101712,8.718628859644847,10.46942812560366,11.680944001606331,13.407692245322057,16.120052317691794,11.702614580343932,8.992396146691153,7.443572465151331,7.171673198639488,10.879269440231266,8.346416597440792,4.0929603229292075,9.012812038563153,70.60573823835504,64.12630961391535,22.21864660393809,9.56677836936828,3.5311958436695208,13.814066417273269,47.94694130105261,27.41552262098915
5.532627406701221,6.87397302120954,7.084510379867361,8.507069771936322,7.733699792669383,8.286962533339507,4.711740000000002,16.533236260169065,20.05727082334125,6.5490375971559365,10.865104155698752,19.55446244468935,10.481979548614394,6.688563058011489,12.117444881272789,16.326622879166937,26.65986419379636,36.0552644160547,20.43829313189987,23.077942180295203,16.174986969109483,11.813608759609574,10.584173532432589,2.25675
9.20720765135251,6.237260586409615,6.237260586409615,6.520772431246416,5.9279749374967405,4.022826500000002,8.766974228438743,18.628649330132784,4.015933566747791,5.019916958434739,5.567141680431722,36.3092091170562,6.7579496429630215,13.974620524230426,14.638527507076475,15.711056129874812,14.828901996238258,7.656639473995317,11.432981528646856,26.804574216195014,23.03923663827941,2.581129324563798,2.7458515304333804,2.2879087133151086
3.209305,8.55370497735912,8.681090669624043,9.622239262946128,3.725543741005976,6.965110708374808,10.046767855529325,6.710356728749497,4.833128623959039,6.064066648234101,8.771708142156205,3.50106,9.569136155079496,8.275753193967429,57.222809383512335,21.6741892801009,16.26764411122856,15.684657246972186,17.24019606756438,3.5932560078273914,6.962225965178547,8.147474043569613,4.0408064610078345,3.73663930931004
8.509147415398425,18.54974715254853,51.58032515946428,25.96155140328228,11.804989837804962,9.905439790061326,33.185019668748936,30.99932602245048,4.912559890161228,9.996680030832112,11.086425238982054,9.315808258236862,6.952341350576509,10.946445122328239,6.0658928102541365,43.83936079889661,51.83152938003144,39.70347676172722,27.061385812468707,17.763580990082104,47.792569960895605,63.0373377968757,49.23728288010045,26.372215959515525
10.976363702236869,11.38417889269812,6.635702939081761,11.568527420582996,9.53033600074258,8.861070420648767,15.599436345289606,23.54486406105468,51.67359814586084,31.25646535159808,8.471829509422605,13.478100523728802,10.774568118631379,24.382462084920906,26.440186343586962,43.74143485058183,33.367888395366606,18.80260066028034,22.13112480583668,23.711983359385933,19.415895728626666,19.88193866039649,28.782826716017027,27.45358324811868
12.374984612365498,13.824775828922164,12.263767659498145,16.50195660756024,9.194431795165343,11.692616007582211,16.10345655616724,23.645028887941034,14.121701186790183,17.290318146453025,71.51059289398978,31.240334295717467,37.582981508002824,38.91871317573196,17.95223298563052,20.485348738823113,64.41568123589694,7.030300101460321,23.354186582951765,29.969863119062232,36.44382643525347,48.791433826352566,41.36171982414785,33.660706415238735
8.209728562596597,11.118160277655551,11.118160277655551,6.9600434651033245,8.13921912574639,11.62353119936717,16.76689872300197,22.41715070731652,68.60039810624666,24.69956159213298,32.75236867958731,32.54120673155636,10.8257969345166,25.01168968212818,21.49076540720405,32.32175452196104,24.760071574931462,21.37250834538095,20.27103527473257,19.66390171596892,16.656810819468664,19.958074880873863,11.054936849659766,6.334641466413212
7.115023376493131,9.29789795184287,13.05545616080794,7.546919870170499,10.620028886157469,11.682031774773217,15.66654739296954,5.25021259614669,6.986557436002218,15.100065514862113,12.807539846010396,13.53608527566864,8.860834502248407,10.26216548281637,6.652002205607847,10.68173685884286,81.82144324313275,10.401697315522888,14.178917927177814,23.498013659486965,27.48787789346922,36.20477293088304,12.764691923357107,3.743551849621927
3.358575,11.551170493762951,9.521104992900888,11.222662335400608,6.991371854687608,9.425838214799992,12.50802759194083,7.7332372305519135,6.736449032945994,3.864281745919009,12.169488628414904,17.291240264899265,72.19774430923921,34.83720006343505,15.631956218417152,9.005621313606811,6.87147108767781,1.4984215191000003,4.384385184025215,14.579851733210814,14.252900125756122,8.3094067296939,21.48519556902002,22.63844918795938
6.371202714460141,4.240566000000001,4.240566000000001,7.008322985906156,4.03029,7.008322985906156,19.156163846688266,26.600563837792336,14.242631067201762,5.395250298654201,3.784968,10.700556548177929,6.5273349548935515,9.1992202671111,4.4207334593325545,3.9173807801575937,4.133634696351798,2.842499348650965,28.78580769116982,33.407806852157265,18.594107877870343,24.49854587046158,30.267510672062627,20.40312942276196
3.88102,4.083508000000001,4.083508000000001,4.269122,3.88102,4.269122,4.900209600000001,5.728653838018461,2.6292146400000003,3.2865183,3.785371194590564,15.626621432673096,4.617331625562073,3.5987639999999996,2.99897,3.341052000000001,6.992299577142565,15.125037571111376,3.511246909527059,15.987655606979128,19.409155050238784,15.132213762114866,16.63351376524652,5.32151764066036
7.775754954412942,7.980476041389285,4.162037,8.553330449854235,7.775754954412941,4.3512205,9.817735820702254,11.733681602189897,19.702952868295736,11.392863297935325,22.60846030699911,88.73842615934002,56.80669110126658,29.625959512868228,21.966180492839545,41.17508894489966,57.85244079400644,14.78023009205479,18.514304553950318,31.275776321678336,21.732752537854203,48.50746233282667,55.70297575888991,3.893771365479711
22.187272181511915,17.084280185097793,11.126099473534127,9.268798265441536,4.297841618055868,11.63183126778567,7.022500544571437,26.66611414937942,15.49750345570727,7.445748079310838,3.53897723083897,5.980313124326389,18.57675486716977,34.204973048357225,16.013171641425952,7.4593232514189545,6.618608122206971,4.426767372108006,3.246301026826649,11.141515752200878,12.85490395992354,28.8987498722162,32.12123950261172,30.27323490287994
9.889721567616776,6.439574014209805,11.825178786712458,13.281604435210529,12.074185850191393,8.784158065149235,10.230201868244276,38.81526049003275,24.36756820125421,25.79577967237435,13.261972595147723,23.12754511379183,26.816188814625054,66.30310767726948,64.40835027765229,10.39429912320824,61.43626385780191,54.48126160926088,28.4886572914978,34.378112450797786,35.7216401546697,42.32599320683115,27.604378741262703,6.941496830819388
26.39300090694234,8.310681575263718,6.718476397338078,11.566753229252411,11.40061365380031,8.62298599506316,11.758142520280748,36.57702745153146,42.47525194733464,15.931765357634193,10.668300042813364,23.41796487647101,92.61046004574615,19.362115798085128,8.768737082071446,18.77761031185656,23.87641618538207,14.84902094989348,13.499996503647903,18.61805204292882,13.452004859506168,14.63714451075376,46.40534454831055,30.026546560319613
2.761495,10.352176167976095,10.352176167976095,3.0376445000000007,9.838845118324384,10.822729630156823,3.486687600000001,8.481783653704005,21.02213570484933,40.688057888981085,9.078613294967443,19.7403353930106,11.541601748075227,30.799183577699665,23.148592431234643,35.5182491054314,22.985695195102625,14.870245351358369,13.28178616256855,3.3403774672815687,3.309484907532589,1.2023964,4.759978824043101,2.908726907367533
6.33881203475095,4.083508000000001,4.083508000000001,4.269122,3.88102,4.269122,14.873094969788312,2.78825976,2.6292146400000003,5.859863286273083,3.644784000000001,4.23384,7.0596562860265974,10.943181396664228,12.873005903388131,13.820262188471107,49.17510435993732,19.7213194249822,13.720766445694842,5.189679157768898,14.332030867424796,18.563016821424625,15.48664767957389,4.056728111440286
3.43321,4.730374,3.612334000000001,3.7765310000000007,3.4332100000000003,3.7765310000000007,4.334800800000001,2.4665374800000004,2.32584372,2.90730465,3.224232,3.74532,3.517344,3.183522,2.6529350000000003,10.147035351371425,8.472975819351815,14.640950251174347,13.75659435936035,15.07144707178271,12.937251601363831,18.207236790355232,15.339362312810316,9.389935409907451
8.373327744114867,10.972287777122936,16.420504865134077,12.66607037001362,12.796847174240847,9.614362281710925,18.47998863574055,18.886796040022737,9.650208858394764,16.48001307730342,9.210835444745571,16.996847255445648,10.251202385557436,11.464635445866751,7.375494906018858,21.37302198553776,44.62840178071335,35.14533606428356,21.73410904748799,18.27714284139762,16.763660900589926,8.478092376978351,2.9816152657870565,9.422165326388352
17.948087452494057,15.61426486834561,3.847921000000001,4.022826500000002,3.657115000000001,4.022826500000002,4.617505200000001,2.62739862,2.4775291800000003,3.096911475,3.434508,3.98958,100.87902158208347,15.31405724928187,7.393269428566566,8.82026011266248,39.40768212596648,10.92448323596894,32.415498218872514,14.736996600423138,19.054195104195525,38.20216304046273,16.90896681233121,9.303764236619347
4.03029,9.832362942164508,9.832362942164508,6.824851989727383,6.929117866336222,10.279288530444711,5.088679200000001,17.952742483368016,6.330682489989585,10.887975431904056,14.26993916827806,18.431807626238754,15.389218857607453,25.28371047061045,54.30265304841188,27.656931293863966,72.63586418826829,15.22759387021166,22.03457509983348,14.38638932577565,19.58130376279271,33.41900038089445,40.737326183204296,31.87710260701388
3.88102,8.006984612047301,6.862375940217649,10.397157907785871,9.984665170461112,8.37093845804945,7.731978492223793,7.173330751160842,6.4151517892053285,5.297475319206543,7.146730066951308,10.892362004139391,3.9761279999999997,23.65171635152821,13.308906741696596,25.945724779616675,35.5964214507915,17.331021870063868,52.05309317780205,22.75940367227631,18.221046970161,21.746265168829936,23.4153530650578,25.15257494437404
6.163686101806371,25.233559282226576,3.931549080501036,3.7765310000000007,6.16368610180637,6.780054711987007,4.334800800000001,5.683063006817854,24.249664847433824,45.478940113996615,110.82525614917584,38.58183521901787,18.01074812282317,23.051061238362387,6.436701980329243,9.859300800056301,24.967675710848127,16.212605107060043,17.96535211867372,19.48894661506504,21.818549400633056,28.992838953032777,28.298751766461884,24.61585727217094
5.877473250415471,8.065991147664048,6.184124028698019,10.95711968437852,7.666024644474095,8.805684489825952,26.376908987834643,23.429538893203272,61.45719605549957,33.73864148076987,30.304000758398548,66.47025339684551,14.529342785518525,6.247913856825653,23.572863886710923,64.12609377114265,18.654647702718723,19.9374195443758,16.895384295639563,28.32285111781249,17.38970342094539,14.715034439152689,19.25622841387202,19.776640214874664
4.789502096639085,10.061816826707211,12.586089431852873,11.965064355115194,10.19942211208608,6.199698620917925,13.904999788828404,5.273838844410967,13.537408451208268,32.42690650950088,34.59850639245483,87.51460810201363,70.7066511417988,77.76268326671776,13.432934071861517,21.50415511766799,21.34680506533393,36.44217128696935,24.0499053654011,22.65277197650104,13.118995269992125,16.58541257133989,42.9955565907642,5.075180699390016
3.731750000000001,10.72056079531128,10.468381154163543,10.944216661170977,9.55449930807,16.68145118515804,18.793156370637277,6.841831918477534,16.240077149631677,9.845965104799598,14.504306012196244,63.446671492306514,84.81575385122235,59.870564231113846,11.07834288102394,25.713211851080903,37.14088929083512,38.40283596879687,14.113763152251742,14.803449587384035,4.100686260660583,1.62486,5.625084033827959,5.436996154036828
3.507845,3.690863000000001,3.690863000000001,3.858629500000001,3.5078450000000005,3.858629500000001,4.429035600000001,2.5201578600000003,2.3764055400000004,2.970506925,3.2943240000000005,25.81825271430284,23.30809761982641,8.356372415945266,2.7106075,3.019797000000001,2.1955920750000004,1.565018031060001,23.355959220938374,17.161470806422635,21.25654617547561,27.798803204528337,28.423334465386336,31.135702293685533
4.03029,9.938603968860768,8.56690451758301,4.433319,13.814578049885634,19.762073171370357,32.15112114439654,23.48058431570324,31.053074271701643,27.86984302996928,9.28852154251656,8.842575732893124,22.892014704832732,14.093308483448581,18.118507590090143,87.90506989896578,27.93855045473504,49.14957048558861,19.42525480789239,29.08953653596968,24.946771596416102,31.78423247309692,5.688781114666222,6.1785057981174285
3.060035,9.388798971147583,9.388798971147583,8.936082007007215,3.593053517416959,9.8155625607452,11.266558765377097,7.392290649555479,2.7952262548711224,9.059047907454142,51.47825646237588,33.48404016361836,18.094934606270705,18.674788310057888,13.059406525286033,13.098074465208986,5.585136217415759,1.3652284951800002,3.563631159899959,3.6654491930399584,1.0792320120000003,3.885312151245745,1.609363704608371,5.073927615209275
7.67130607465857,10.225330205031316,14.351003268891926,15.003321599296104,12.161937374461631,5.7876444061569225,79.87410848197793,16.754353598539872,31.74704691162082,12.374684399610452,16.24923769444951,11.118555830138892,30.657495499699653,19.267111861616602,25.9173557499357,42.652095875116046,20.04692903161899,15.776767753450628,19.206105485982,21.527407664234243,15.388587855858566,24.158070172206216,6.947760684518544,17.315884349001077
8.63389540367593,10.286522128745474,11.29889689287763,12.077081064997518,4.785197953256175,12.077081064997518,15.684663276130683,6.37570564966357,6.526217035066003,10.63155064033674,10.536769435486947,5.220215949006736,12.233972570295636,3.321936,5.5099064372772,10.929514137558844,8.424027407350644,29.16717125983301,39.58419329263763,27.13701998229029,25.50991985554716,29.666827043069866,12.177941645626994,4.724870029386115
15.664627826424116,11.248691145219306,11.34575787988173,18.76789558054477,14.689713957842752,15.020882209089647,19.721008931386876,21.82861970783362,29.40796974368704,11.569555028721188,19.30483503933229,79.92593623669848,31.741398514521617,14.740789241530743,8.757301922552395,11.07976747782525,29.744473142248467,27.303710272733667,29.96095930262488,18.76333467898776,29.44408576623341,5.999380957567621,8.704971989692076,10.881214987115095
3.507845,8.912706470536188,3.690863000000001,9.317829491924194,5.312539212206346,7.084520404318841,10.695247764643426,11.44573818538061,15.580118682097432,19.312133559970285,14.42459507959558,13.823606299205222,20.31815469486799,14.229490090857848,5.151046264233579,12.584904104156575,20.715309970724817,22.60482095914089,20.491524469913426,19.807862124389427,15.436942385084484,17.15631844728075,22.823506917506386,26.93379807677108
2.910765,3.062631000000001,3.062631000000001,3.2018415000000005,2.910765,25.73396668012704,64.89772218014306,52.073109967901445,13.11853924862216,2.464888725,2.733588000000001,3.17538,6.254705157488814,18.57391923154688,25.396637182506023,35.35849793715233,29.470144172749723,30.59599104889841,24.412011851555462,32.10158544844565,27.653397073751293,36.18546360418725,44.958024021072966,55.44086712311847
7.940518799481813,14.43452085057875,14.43452085057875,6.201228327556225,13.71875948608724,9.580914327450651,14.334589178586851,5.704744897505977,9.293835971847466,11.61729496480933,9.832579137595564,9.930107207182235,12.349639771330812,7.488114341526265,10.10232261161788,6.4743216095874505,22.91048990619523,16.01998492099153,20.1306334098779,25.738181306289512,19.40004484243917,29.284346629577986,19.02995711731402,9.845062690953574
5.634304507010306,5.789118745835946,6.206567169586728,7.21605611261855,6.560051011471408,7.21605611261855,8.282777451005641,3.00274128,14.621272663035088,26.67067364873205,3.925152,7.156419285241537,8.544487055715145,16.658264504556936,12.348995147925706,15.65151069928259,61.914024289350245,16.038535658095345,7.602398531730096,16.423522699708926,9.507617267299889,18.36497985414227,21.5154758004528,25.322637713454125
2.9854,7.914779755468427,7.914779755468427,3.28394,7.5223113378418915,6.913469070273512,31.84042181881776,15.111114260542116,2.0224728,52.96303190032147,12.999606964538383,23.76423414933787,16.208657733151824,11.480720792756426,19.074127850468354,10.334134584966039,21.01527954035918,11.888271770468313,15.237019305321878,13.201666592866683,13.29509965245817,20.03011306392729,13.62294522238508,3.800793272554248
3.43321,12.962991057994529,12.03232336878226,5.89216038490732,10.853215905392446,9.13539627155614,8.863892794035186,15.081151970335556,19.435143500731098,5.237398671013144,9.836479891766162,13.44021612324,12.622116011390613,8.944233317359709,5.755660954383664,44.37732937444629,38.51933569882607,12.62376290191016,37.57622972483484,20.54027519962633,12.291860746846435,21.4453689558231,26.69801221634143,22.880280833136965
8.397891907523666,3.298218000000001,8.836042789655338,9.237681098276036,8.158654548090777,6.342909049138019,6.978493303448368,6.349607006953091,5.740299706992119,5.490763190331246,5.415289939185025,9.161336626389456,3.2114879999999997,5.3469150662155185,5.049186363777338,9.763194459022081,15.67795587401465,14.826344827785723,21.976489632037914,20.715728028734095,14.928773780032138,21.999313399232378,16.359388532091028,22.660319793352
12.322390508904896,12.724456465359756,6.045006161214766,11.647193433388365,11.35903892991145,9.526010205450508,13.535289862431084,8.356462817564934,31.735221424714183,46.00949827529384,32.4588769511351,33.38056561601696,17.226780039295146,25.10087526411075,13.51172901820818,12.905682058934353,33.85837247458365,27.09503184283523,25.76272237391548,28.2292167964119,28.688429029351603,24.965564338259444,7.908879592572571,7.451880426333791
4.17956,15.151456393491328,15.151456393491328,10.503535718563915,11.07626605267979,9.523373147998496,10.054322695084997,21.81859753486472,15.881252551858289,21.79248018866848,32.428842780457394,131.13198818775209,29.481167589029248,15.019209688131559,19.537606402915888,30.20428059053561,45.80616857396111,41.66632538057446,28.755139920222536,24.163149727219544,38.82514739053252,30.14160445973333,31.93707779124287,17.21331165546979
2.015145,2.1202830000000006,2.1202830000000006,2.2166595,2.015145,2.2166595,2.5443396000000007,3.12906726,23.116998622411955,21.23754242688433,2.391444,2.19834,2.064528,1.8685889999999998,1.739444656600471,6.425655275213345,21.078717484896405,18.40005904807588,3.842091473919312,12.29989744596898,30.549933698714952,33.62507302868356,21.85275228040357,26.366006688866733
7.117749126521525,14.535989598221375,11.98859237513838,17.110716913758456,11.035557789708944,18.28671800201256,17.308692262659108,11.129956117627136,18.848942048550956,19.006169948325045,10.70056178937971,14.229466143819051,12.200290952049338,15.415249885994056,10.367692170795614,14.495414258867001,16.57799627789075,21.10843425302289,15.099946334092651,20.124311517763704,7.192049253909211,6.6344706738903625,6.303733511358746,7.357084310394916
7.150164435240321,9.120202009438524,7.523216492731123,10.994518578798706,10.942914248627089,7.865180878764354,29.51390573577174,17.912117447318376,7.701217159480199,12.54345199651516,11.495738911475913,8.99519134304833,36.514507517872254,18.871263478193015,7.256981268526539,8.232944613265412,7.798545627859033,6.727643130916467,10.665227459122512,24.864630976328502,13.378322260672492,7.72760500916439,13.46810517374233,22.3391587575104
16.04459997961734,7.329247393885817,8.337004742357273,3.4481370000000005,7.923599548521373,3.4481370000000005,10.004405690828726,23.671004527761045,35.58123901064457,30.101904727823133,16.896924642332312,30.88588738584504,27.8967805823884,5.349048069745899,6.1227814693119695,31.892423702696522,40.71986546075659,23.59997279127102,24.81138638403617,23.18560460735857,11.43766069856557,26.701715821350607,21.831274333592955,25.27336377440803
14.587740230644332,8.668606392584538,12.7224937022306,9.672147433092618,14.858367350097032,15.694951148020117,14.218716799835294,19.64684448031663,60.7051259514299,6.934645988477644,13.826867907478556,7.512635333828775,23.055122454239594,19.395998920854133,15.391361341751402,13.213099934710646,44.04621463269292,25.068049294475923,31.306192287020288,70.57423851193133,29.038875572794844,33.0614667143777,36.79410434122023,31.76272585296699
66.69438837817385,12.21827253224248,5.122523283820011,6.3782780365683065,3.860917786168653,6.662447166139343,18.427319276902477,21.312813605999537,12.439659690097086,5.128983086990742,9.71744321115541,4.709359388041292,8.42339153554442,17.63781141563705,6.111721459717876,25.7925921648337,57.50287531638219,18.342026238618228,35.30921427155367,50.37850255400454,9.929482859231658,14.334006647416606,19.693757619107,11.1848381869609
13.130627795847628,13.125064472420604,4.38687637083591,14.443690575432392,8.75467468459725,9.378995918827114,40.45940459786981,56.335823815237504,36.585640177455126,7.413617698820306,10.276576816904551,11.26751180575378,17.145049646177338,10.958362454292693,3.728979578309732,11.303757841642744,18.109642246987715,26.56162085517939,24.103683330838813,16.532706338133757,19.77563461606088,24.914352207642505,28.59785103004115,23.978001060100805
4.104925000000001,11.114196547746351,11.646446822884911,13.58970115285905,4.104925000000001,21.363694238062735,15.89183717796075,9.042586691757004,2.7809001,10.65848565048898,10.729873468361676,5.491495140137972,12.894954284145458,8.54400728014502,5.777921103545959,13.528540677405477,34.56145192827292,24.29188878816917,58.96632202056068,34.28629176900953,19.168533248206607,27.159233824040086,19.25066607372795,6.693863125099144
4.03029,9.925484924382166,9.925484924382166,4.433319,5.012657657857174,9.025887800482288,11.9105819092586,10.744412173225426,52.30643349107042,52.96730107167748,36.85644841923855,47.77389851268832,64.78221008321712,74.41571141432927,22.560116496679758,34.090896505854964,3.90605905725272,46.0565574926399,10.136114903292736,17.800419384186917,16.608655558883896,27.595085385683124,35.72524674931008,41.61933188683828
3.1346700000000003,5.439065060140925,5.572868001399732,6.105949969549955,4.660687016009542,19.11941454208679,32.34649537913205,40.35128616237621,18.457764655690774,4.592883982381212,46.25467221197952,25.28380703231597,33.725115722898344,18.5567566461226,16.8843971906092,6.825162646703634,7.933386455680706,22.526577591796883,23.59368497624239,21.60859524495608,17.95495132071744,21.00220514186805,6.628270607653013,5.557510232046134
5.25614450184559,5.530378128028839,4.629266752019227,3.89761698401005,5.827096613366834,4.682676137351758,6.636453753634608,13.91869363227782,3.687367942865726,4.450998730426515,3.729758635649233,4.176833697864528,5.3849512050528725,4.87387944716591,2.07621,4.524854832023595,3.289868626836989,1.1987372152799998,19.05108521926352,24.63983201568069,8.407154820548278,13.226813612137422,20.223439814785788,3.1786170307603765
10.43762772969028,11.16654407308042,17.289598222490945,12.907345707751611,12.391138428582142,16.10231873153611,14.316951630121562,21.26355459575235,22.91408922523709,31.056276986652872,87.43598584949231,17.926104843754693,11.562064573344687,11.494688387705148,9.748234526565785,28.344819802446334,13.879429453069047,29.63217624242028,87.64574476449506,26.98260314050063,23.597858098968448,15.176667799796965,27.740727342236653,34.68509986157815
13.660037614823228,9.86593077927944,10.229840533158514,14.838933003802548,11.882702931881145,16.04482527667584,8.037974218110932,19.349314723693027,19.09104650996445,18.36579131001682,26.174803662405925,13.959299046485766,6.183330899633791,14.624663025403752,9.821304211661689,5.4804369668938175,9.607643710598335,14.31126862100021,30.32772873492256,13.51439015773491,17.11150920189386,16.25844755607533,21.13733046876946,13.783797961453663
3.358575,6.320294004740049,3.533805,6.607580095864596,6.006890996240542,6.607580095864596,7.398586872038723,4.315559427038205,2.2752819,3.9654234434082105,4.535870084995065,6.071459996582309,15.827425407911525,15.489756644889146,4.317114296275612,8.470071148127643,18.0901499379209,12.945105031963918,19.630578905129404,33.20916448761915,7.451045477818269,18.788512700733428,17.547162575604077,2.031075
30.297983355070823,5.871960328501678,3.3767470000000013,3.5302355000000003,5.022792567384545,4.144031292037847,17.711721148416487,15.580667952962846,3.1192008720384368,4.135261743057653,4.5860495701206485,8.2240113251583,5.7175511538228205,2.975901,4.420222379789058,4.924421658915892,31.08966736496334,50.50307493955843,39.3014984220435,24.50292811255049,14.752216913303302,17.65812836365809,19.67973435469105,2.45686213495507
3.657115,6.323804028879007,7.149098371838677,10.350083129357465,4.441485656531917,9.19967283311065,84.76889979395335,26.319065395981468,44.81433882769281,28.29172114328576,14.440676799670992,7.982739705980665,18.685887441375602,22.18710424127523,42.82508545068022,24.858397383548777,54.45726397184285,19.47949196454981,17.52805421748228,29.387369870933163,22.101413256453707,8.056390834316527,15.059646775215953,10.24527008125412
3.2839400000000003,3.455276000000001,3.455276000000001,3.612334,3.28394,3.612334,5.466207325794594,2.359296720000001,9.202643873319351,2.7809001,3.084048000000001,3.58248,8.54752410097615,37.798529906655695,14.952039702597677,9.9585457756448,2.8630584,1.5645318563995076,1.3114914120000003,11.302761888790478,28.25026018001835,14.648507807278689,17.234311672215398,1.9859400000000005
3.060035,3.2196890000000007,3.2196890000000007,3.3660385,3.060035,3.3660385,3.863626800000001,2.19843558,11.605265752058887,2.591293275,2.873772,3.33822,6.552730242458436,28.205427465528786,66.91062561858315,2.6342910000000006,1.915303725,1.3652284951800002,1.222071543,18.407675186364767,10.582878786059691,27.50762194799532,33.08688180545111,14.320438967589224
4.104925000000001,12.956759495351928,9.517808015709972,9.788476435451,8.898614941319089,6.166005131556442,14.904993762412577,17.377346182836302,14.495685330247404,28.60493182021285,26.30994860755897,15.751916530743555,14.70113861897709,7.241202503407974,9.010456342927501,10.240137612904402,15.492369753590982,20.38232313516483,21.727821909511288,23.992027470898,19.767221245193333,23.634527577805773,20.82537386254166,26.30799084081685
5.515347815285427,9.71285513394177,10.278537617221248,12.641417434026732,6.22055922292814,10.055642272670111,36.77427390031596,33.9163353069929,25.781794432759032,9.229438374189856,8.14353060840371,11.556816922292406,19.156842989061765,10.542258201015043,9.2415771303919,16.388980421170924,17.670035831811575,21.215305250937107,15.654058822075314,16.851372870707063,17.07851113783377,21.9318181359836,5.559861638249628,6.279855666939861
11.383171751546444,7.971305741368584,10.998734201750995,6.724151652419549,16.862411643467237,40.16138822147968,20.92622250713257,13.892696115567103,17.476066197823574,9.98606065009896,10.515716579901454,8.711249604038967,35.789369807301576,21.610201030248138,36.72199885610284,33.91760202292085,39.94450009670366,31.809261549146758,21.906669640237663,23.370503173607307,42.7734693762063,24.47130551427248,8.771478850899754,35.80812331842026
6.841719362870594,9.182263580423436,12.557031767231727,10.95662640569776,5.6080946283411786,13.127805938469532,12.185556777142027,9.157542001495829,57.53558152898019,32.604939407764626,10.813322022235852,8.479348316934006,12.226831833457789,6.0332260064579435,9.222012436114959,8.386883280118312,76.7772672059626,30.05850154188427,5.001094700615282,1.8753188693432483,6.059045018279126,24.24207485932805,26.966517387335063,19.40669676425223
3.731750000000001,6.004256965708043,4.792202902378351,7.363304105314883,6.693912823013529,4.104925000000001,20.347553423153425,6.957016108622958,2.5280910000000003,5.250458196694774,6.286457259873576,6.404825254495508,14.138659584640253,10.853592466237728,6.263986789483203,5.674873881033855,2.5417412099641226,45.021116212274514,24.561918503169792,28.438307973549627,23.20153720289817,29.800832250056057,30.858576288777783,15.230439405198917
3.507845,9.234592817531418,7.586007637021571,7.3360600219060705,9.31737561871013,13.726543702487216,4.429035600000001,12.771943838074211,27.307673927634184,48.60452966698254,19.65801841823956,26.543062158518435,13.609398357035587,9.765682133894568,7.689596652776306,6.88710036244196,7.975407368063477,5.627356137022483,4.471007746550742,14.50486020609709,14.926636308607373,13.350714724256942,14.168855345607462,16.938373843669385
4.104925000000001,4.319095000000002,4.319095000000002,4.515417500000001,4.104925000000001,4.515417500000001,5.182914000000001,2.949120900000001,3.0894129,20.75858542912117,4.4253,4.4781,4.20552,8.81754110921668,3.813001417798187,3.533805000000001,47.55655947621255,13.26472221413542,1.6393642650000004,14.849382926788186,18.87535183835149,27.327507659575623,27.48995808774736,18.54193300314123
6.343951738184217,4.601788386035919,4.790256762262133,6.978346912002642,6.343951738184219,6.978346912002642,8.009928629429119,1.9839540600000003,4.2977389411771645,2.338484175,53.29122091268091,19.59487125981128,28.78374379370023,20.809779980245924,12.682709793162132,24.74063087673139,6.727719220609559,13.75189397075049,12.004227133430328,8.525345796639995,12.18170313322509,20.931879561303045,26.29183687541705,16.64108440114257
8.234866436224904,9.784778068321872,14.961018600219182,15.641064900229145,11.263926507412604,13.765130974933168,15.730938793313342,23.033115194636004,26.299218101124037,5.707419112858618,10.137545682879102,15.511799901053694,14.567603385337385,7.156374176046938,7.965177283207254,12.24083340017933,8.16001471606631,21.178344547706025,23.023013451884022,29.80596085832205,48.11092176076575,15.189838715483036,6.593201897312415,3.6632578659001487
6.654695002644478,12.144374321574018,5.293315102685922,11.088771584736556,6.654695002644478,9.481151833282093,14.368219420485936,8.339223195871542,5.839135823274228,48.98533900443128,32.51378044145857,26.68169232268744,32.71160483351795,45.791307144952796,27.933057246806396,12.379895458062705,20.369955103702544,33.66572269020817,33.00644797097445,29.753257983850737,31.46633643630429,36.90900334423547,31.257040823369703,25.47225738397224
3.88102,15.776458114588854,7.926699229560332,12.0156343558591,12.55907456400628,20.16142299818752,37.59480998816943,8.56498290645687,47.58592338595752,14.634140984275286,13.211906235933206,9.810826364248472,21.485668601391634,15.710373554439197,16.248864583375006,23.363439483024596,29.333364644518653,24.538401226420635,24.72221338207188,17.752908188156223,19.52839175793877,30.059475213967705,6.572826703631318,8.05131441339172
6.699447450040615,8.535315958254273,6.328633573364706,11.72423185475662,13.80586454600985,11.000390729166924,8.458780606486062,27.96882085410478,33.80213274711162,23.37889485317973,10.030529271149868,23.4236075369523,62.45274336480487,81.30904846554671,33.28980266872736,36.62342136373869,27.25861197481109,36.08257030900936,50.470421277460055,19.69730781808715,21.90189393697298,21.472197929817188,26.178357305474208,36.254041324755946
6.506695085149724,8.69784157855661,9.086695688566998,11.094087531239206,8.974714905261354,10.891208423652117,55.14038123676949,30.270613927309707,24.97939548295195,84.9028515316034,7.0678933103051,11.810269376734226,4.961240870675835,8.837024547755052,5.052917705348742,10.700208510846801,12.22934135676539,39.93881170222333,48.53471729212988,14.46354078063339,22.12044820429726,23.858012323516288,35.21439800472646,22.418110969007888
6.330722782839141,3.926450000000001,14.436678365071128,6.963795061123055,4.886849014595173,7.281447290136727,81.13956745086115,58.410694453426025,52.84318426705739,34.490105606648115,5.402980119639024,5.64613501990251,5.302457236082357,5.602533627067413,3.441485319548805,5.449926569574566,3.420216711202878,10.396129617125402,21.751460069239847,23.32665336046213,30.382305638830623,28.869924441134145,36.96880056643561,8.45990858971942
2.462955,5.671943836675449,5.671943836675449,5.92975946561524,2.4629550000000004,5.92975946561524,3.1097484000000004,10.201881982364675,21.925757280639345,54.38847186706468,39.622596435586544,159.56046160396286,54.477521747198104,22.179800210191452,12.739395298772095,33.07928223617966,39.97971951013354,19.09036730031788,33.53772387140327,16.487425572281666,15.697397319608234,15.604338806416097,12.231561607493596,6.928584489498046
15.860884331075397,11.01799689953054,13.988603442431666,12.906068061590336,11.714046289973115,8.419859712011935,17.558514309027824,12.698698972078445,11.824032857658436,8.657354595393477,17.524889863006578,15.668291171417106,24.114657416544564,23.84933961045594,24.33287365815566,37.977024199307344,48.99434195194704,55.16602918390212,56.40953692240932,34.11664214454228,29.83912578636275,38.46066710740952,32.69294158951615,21.46738508907566
39.5483232469987,14.618491439895214,10.46950314806428,14.464274790378887,11.949157287961702,6.921674720115056,54.649041293779,94.03406641100511,65.06148222344615,36.24376816032235,15.310810002101132,6.625671347845539,23.043814420157492,14.329488187081031,8.63965782019788,12.446257817359605,20.538088265382697,38.08365938988744,20.854265861686283,25.654823312399717,16.94161503497203,22.845335364152938,4.337725712796606,8.696036288118986
3.358575,11.741068412637704,11.741068412637704,9.307880505690866,11.158866673168063,9.723186065170845,17.102110613935224,15.46663910570944,26.077767506851355,36.5025541226396,30.570116234158093,16.53326258925502,11.432325065949254,10.34731273330129,6.538593743667136,8.8906629432168,2.383525152101332,4.376840420547097,4.456463214770346,4.214481909850059,1.8186896097796983,4.235791120702262,4.60117758114537,6.657631484004442
3.657115,7.050313335696968,12.42104957386096,7.370782123683195,10.131151948439475,11.98125604920422,11.490674205592937,8.588318276685044,26.056981773451284,25.34088343945457,34.413861770820105,37.81367744989715,28.230957474174865,9.951362608627754,9.484143859425503,9.245628209754832,5.038868186400212,3.067440076468979,16.518406877110568,45.15145020016172,16.815664242868323,23.604960056708585,5.711256453195269,4.175981679555232
4.403465,4.633211000000001,4.633211000000001,4.8438115,4.403465,4.8438115,5.559853200000001,10.83213353512513,17.23473034541232,37.19692672894519,4.135428,4.80378,16.073989684257043,15.62965760145464,33.646526148543565,11.773628634379376,5.468700140625753,39.12681395311461,28.693737495486047,25.062837303927395,21.9408661359024,25.49968512755911,6.939460818671962,2.662965
3.2839400000000003,5.731242212462463,5.731242212462463,5.462993394982102,5.807566447702865,3.612334,6.877490654954953,2.359296720000001,4.170036486879099,3.900308688588199,3.7611949723028815,5.942234600449433,6.008370511308223,16.015110737991673,36.01735755211241,19.91915877736444,58.57180520743356,23.319274534078588,15.69621549122392,19.78677039315332,25.773147542235424,21.48102062269404,29.87169278785553,7.086748294203341
4.328830000000001,4.5546820000000015,4.607922000000001,4.761713,4.32883,4.761713,5.465618400000001,5.690880321596704,2.93258556,3.66573195,4.065336,4.722359999999999,4.434912,4.014005999999999,3.3450049999999996,3.726558000000001,11.324874242276634,9.688560554760285,30.749327596441397,1.8240897708851975,9.89616429234196,14.206929861146836,5.305983447916828,20.05979766759848
5.723247057896622,12.067993207908458,8.975700784838105,13.412591533993448,10.423886021002147,14.772175533676531,13.993718664197818,21.35635785582363,28.31350065149476,37.62780028309004,13.28974608520701,5.27291789548805,13.557369279476799,27.314582867866505,22.957197574253957,22.044211603310575,4.972508034640992,6.749885853925364,15.619449176456548,12.46637598893392,2.6109555282256767,14.07996310576423,28.51933589069703,6.256435015248836
3.806385,4.004979000000001,4.004979000000001,4.1870235000000005,3.806385,4.1870235000000005,4.8059748,2.7346393800000004,2.57865282,4.6362618,3.574692,4.15242,3.899664,3.529556999999999,2.9412975,3.2768010000000007,2.382450975,1.69821105498,13.213457818546926,21.858567546946546,13.7610233724396,31.42203710780292,31.174019817650542,2.301885
36.0074243236009,4.323948311288207,4.99387146693231,5.220865624520143,4.7462414768364924,3.1197430000000006,3.5809224000000013,24.208567976120243,38.46404707754538,24.41944978597494,4.457339821724707,5.177717974730718,4.645116918036078,3.417063457120493,3.6675502321009255,4.268601151756645,18.694944324849345,20.65623352782689,24.08439503158876,1.7710449050398267,3.92759512293974,2.0665848264360007,2.296205362706668,2.870256703383334
6.439625993163605,9.29804658219872,5.329311905045164,10.98865372935833,6.439625993163604,12.453053155687718,17.754548505842813,19.41915740842725,23.01696115474482,43.19619525036033,24.162054675837563,8.698720862105906,7.113050274111085,10.497615056860718,6.828580416302964,35.76833831966321,106.29006532423794,29.70609269615811,19.13739368657102,27.88732667708404,12.558456479094628,12.099692027901424,25.25200615087887,6.577911469915279
10.39700673568012,12.743749676471442,12.235506190998722,9.876391851246444,8.22441461679377,10.72286148565378,46.960451985377546,50.20381360719008,46.727001668189104,19.221209187417383,12.541648958485212,8.412439327803229,13.681798863802053,10.621770132195826,4.302374399741561,29.48205805816736,103.05941655632746,50.77642792876019,20.12117831102213,13.91408407937576,13.397612916558566,21.75171917021465,20.51079556064257,8.076061829327601
4.104925000000001,11.3859066490305,5.031542514961799,12.57221858391816,9.217894619575276,9.42067621730138,12.238192948913008,4.855612605173867,8.56131304503539,9.928216856294243,5.9318483498626,30.883899007535376,94.93581230946594,49.6902736922447,6.397047814062203,24.124235461875493,28.96263210374417,16.949475731328896,17.846936523801777,31.16928682525364,20.072946515352537,17.514423926906623,21.297891323502693,24.572495472886192
3.88102,8.371403189336633,7.299429392002475,6.958801709674796,6.326183372431633,8.303641564512194,10.04568382720396,13.616933111901613,8.335266214796432,4.494373434086398,7.280635623354862,7.790441268991464,5.019913155030103,6.810819521057917,4.57350702012643,15.237990693243441,71.87640904002448,21.879761458571053,32.244797015471526,20.182124232009947,33.42470806107504,17.62891066809452,21.19094819711524,24.062328092891526
3.209305,12.130921448290213,7.18522175685188,8.253042790909559,8.677038467134262,13.398949468667034,19.859120213282544,23.458956838959,57.02005240425533,5.764507051991371,9.89397841680585,12.231774993188322,11.97427369496189,6.2023156244081505,3.8242569268367297,6.178498059263802,16.743708325907278,22.847815925108225,28.97618754004465,15.72017576877488,3.1814945304445823,14.401544792039788,17.672565859246024,10.769735120455248
4.471300607960068,7.809975142426172,8.638078951854212,4.269122,8.209744458373835,9.03071890421122,16.612808693595923,2.78825976,18.72491611688384,78.32637968000834,43.10448179290605,46.37135195874506,96.5929781275422,76.19375596319435,10.865428685691889,34.954960263097384,55.01587692723091,33.67358688281826,35.220748536802866,38.97081710642367,28.71971823317213,32.55637831567084,43.65662580877146,52.53831039700744
14.430395967549709,18.907170733589464,15.679739080870394,10.832539764178334,7.421152215320205,19.780293166215227,12.012857411738192,13.665729051391002,13.69948592884041,15.097628347765996,7.584339358406663,16.739250753501846,10.131541702663855,8.227033878237611,11.856969283730475,27.488917212929586,15.725813333283996,40.281308891413495,20.74879186781017,24.810703246031533,15.65546738365182,20.69425599480326,28.24237112188207,36.82007085020604
4.769008953596917,6.982305073727269,3.926450000000001,8.668864395826436,7.880785814387668,4.104925000000001,20.15149230919846,5.661830643345297,2.8366038,6.673592714638283,7.401085808294506,8.370909844001764,3.8232000000000004,7.3076377551594724,6.089698129299561,3.212550000000001,4.932655484732644,3.51599682951743,9.15328731790019,11.723331569623214,14.093893895496151,17.318941719134774,43.39500015073899,12.761238385851453
3.1346700000000003,3.298218000000001,9.039491920265908,4.812282662873098,7.10309374653992,9.45037791664163,10.847390304319088,5.459491318100167,3.4678097926916127,6.015028931729032,8.068306837923288,9.372275619809878,4.482011017666931,6.586505110427925,6.638695230698664,11.491185194083178,34.355188626947914,21.562035586442843,20.081947738825605,20.62161124372091,25.88793306338044,28.92864797744178,34.032895220925134,45.22203944573333
7.398794101056987,5.85253944060662,5.659311570556066,7.532640646004136,6.847855132731036,6.724596825792742,50.47877934493755,59.91072729268935,19.46136693226151,49.780669328693634,23.02634812592888,9.113227270445236,7.580108422901071,15.402791887306963,9.413165188645984,6.3693966609099295,10.019620806273968,10.322374049414918,46.96317037816721,46.32165074829297,9.760514075249692,15.431361769774474,18.363027010895216,22.169504807437324
8.471012748012123,3.3767470000000013,6.144862815258555,6.161089374006061,8.471012748012123,9.318114022813337,5.260001483021916,5.226735233435948,5.824424090744214,5.958214034767465,6.383112739833849,7.33309272246126,16.3021708720396,17.08194247154589,7.214842368506446,5.85118667818103,5.302083888187588,3.779325395500114,1.8547783504457385,2.791973512403326,3.669258465336728,13.00780430421525,9.002206619012444,5.122786365398635
3.731750000000001,3.926450000000001,3.926450000000001,4.104925000000001,3.73175,4.602646642262287,36.77758941745441,32.798884830860494,11.326468285274494,17.85899863930411,15.295725097943716,30.31002031579484,51.14538891477378,5.553986151263802,2.883625,15.23669682405298,24.90901210473521,41.92393919931303,17.41123545784972,21.159737766004756,16.714129211611613,28.70487570621197,32.06896198219253,7.978078131871954
25.24421508175094,46.07735682725512,15.389695139303058,5.029291487796788,9.193893414487029,10.648439731529304,9.151221223218348,7.792340783595153,20.25285252088056,8.197538520594668,37.2676599607348,106.4567376073822,88.12405926102167,20.863241949531872,35.654383549017496,140.34238728559276,40.07731555381872,24.94398840636736,21.37426215871332,21.49437903877074,20.49410238971634,28.27357436239554,33.09162539196332,46.10965428995483
8.159039812988112,14.298405910296212,14.298405910296212,10.160413157386383,8.159039812988112,12.075581275101149,37.82848224349116,38.261504527364586,10.361022517659412,7.51390137577785,70.94423026005144,5.709444127818001,99.82773238253104,57.50683938987681,19.26439825111897,16.091296159822768,8.505725273947993,6.062880975270129,8.773399040026833,29.47408457634189,24.26014263219268,27.0009912046368,24.549249906709324,44.07403936009472
6.298695045042957,4.976789349348498,5.426934784783565,6.928564549547255,6.298695045042958,4.2440750000000005,42.80163021276652,69.67046514908327,33.7592170293303,62.05316692154175,93.4513193814328,78.30077350054749,56.683531226363094,8.066090190809122,4.3161877650366,3.748096270926556,2.33573625,5.569606286561321,19.41904383050196,36.25999998374452,17.769934916637766,23.014380925808023,25.72778468707,3.550368550367498
5.839436041753691,8.528232675047754,10.382556323403367,10.854490701739886,8.357112778009844,6.146435204940883,12.459067588084048,25.3844588283172,35.75600671995036,38.92284748032038,18.397715096395743,10.764784167014762,8.561911589170561,5.181292486809669,7.625055451635456,15.028028160857117,28.360710520594616,26.58975513579629,21.29346920357553,19.344284887243628,24.249519399265093,23.29066004420447,21.470956064476447,5.206160905534486
8.231549416353463,8.533576338652034,7.1307346971886085,12.298972320548168,11.18088392777106,10.213371487474294,12.52114324349441,6.104080198550626,46.3226954275268,26.14826373087492,70.20366909545719,23.29655374450673,20.980754989306586,15.812702774479087,8.639773944186729,7.086290367121678,4.415325157828198,4.400075165567455,19.183325120641367,16.884827232978697,14.434747266130692,19.903955401639447,2.5862842259328307,5.770298693856006
5.433644766578532,6.008250512957708,8.627136658575143,11.45402776008373,3.358575,12.214886674495862,7.733900841822646,7.8784308643881555,3.6810473455039294,8.81770814753553,5.5704048146145855,10.567356016543128,9.534101999384493,9.014076217012422,7.869877860679888,5.034932289300259,4.958870419467559,6.653631804434555,5.325904159122903,11.487828453092224,2.0627410202082013,4.533868839564584,6.128734982286771,14.674094143844
6.020397811589069,11.560511886270676,7.33257815643587,9.602556923585247,9.406897051176877,11.8376464217132,10.794478035327126,15.109662965650273,29.14024760759085,6.627733598462707,6.84153905068338,11.69060029760868,10.70148062347058,4.075474232672985,8.176183789601566,6.543266506228476,11.600991079701416,15.285924277115958,12.118865359112547,4.420560844621298,1.8844721647862508,3.958403691578748,5.315577215926107,3.4769812742138884
3.806385,11.840388227529006,11.840388227529006,12.378587692416689,10.589336518344597,7.996161242447816,10.937610324622884,11.68623745193655,7.623573180486703,4.083282116225703,10.617314223395734,10.557556610142454,10.848838045671616,6.330578756238958,10.317843110198512,17.937318792674603,17.872900454182357,40.327099194661,17.670212781845528,14.417849528301094,35.922997967551815,18.505332524274102,24.971122700321622,21.300830993693943
17.11193638540312,9.009917658872013,13.940360233851662,14.574012971754003,9.309761779016766,8.522553423213413,54.1876256957847,68.97126034141264,17.187707669825638,31.064298679119585,25.71027041404292,12.436490163359997,24.111479308901316,14.992550530273638,7.169897224574758,27.26339971198761,31.844870610468444,63.88082291802725,36.90904616091261,29.51619194924759,22.136342645774924,23.886265743394123,33.15616441183851,28.14469134967236
23.240937787623,20.510581649300303,3.612334000000001,12.738463349921592,11.580421227201446,5.276484054093729,12.555518247140906,13.49628465831587,22.966492590291026,4.7257611759862925,8.602719789224622,11.722169031141837,4.809488932222034,9.868931247498463,12.286116726155624,23.004912860595347,21.87462099289723,18.836707695155457,14.490323330671908,9.54192638911679,12.708646560647832,10.019881214234877,8.058747052477472,26.144492181906944
8.712246587614217,8.98838486426153,7.67246404983204,15.963251134516252,13.008642261229848,13.563992531305862,18.865342507730627,66.73222863331155,66.87082725856045,24.03570115787319,13.62870452591111,13.803234377642822,8.846080156828958,10.625664129192693,11.213854102759347,11.713721167292977,20.440096503073168,40.24450502949432,54.01233125637602,48.43095122220411,15.25007936110276,20.59916110296004,4.27214463593483,10.757226302674535
5.290590502979789,14.840401641639774,13.31635453632031,16.276612670621237,13.085802240941913,12.041211549797394,22.662827944164817,23.246951399983807,29.73138510923459,24.918056174331703,20.175198571087304,17.97971419217621,13.392279282188026,11.661795736915126,6.409047140968764,15.897619139022195,17.6887063953363,20.29595168938648,24.46417666271505,53.88162145386487,30.379916510873247,34.881112930439336,34.946000943780334,18.717857278703256
5.924489424503806,19.2795688674732,33.91934798088805,40.61852537417385,11.580983971523764,8.60596184553643,10.567951084841209,39.0468606387494,13.036497890142227,26.942344731501848,6.858741227760806,9.994428339062878,11.723907524834209,9.59115197849933,7.78011209073514,7.4197770397853136,19.67935483020096,19.29902027092708,15.33070724483896,12.07300925385776,15.58139802413166,7.210090347534824,23.565012578423165,5.423520411139243
3.9856580320272257,15.842778583849544,13.161361395395394,10.655822977765736,8.34332152883478,13.759605095186084,19.755258190364437,19.012242195744324,22.07716367942758,43.84554492979614,31.476615782859792,26.63291032657455,27.37128220357359,11.286916599711603,22.123408456474237,31.019224264949862,17.819099758447425,13.330271360705993,19.43074225825574,17.69070165260345,38.61313187550948,23.25053116228222,26.11258837397345,26.41539581421396
4.328830000000001,10.050517632587656,4.5546820000000015,10.507359343159822,9.55214485741802,5.457463000000001,21.05553745745053,30.31995942402785,22.09034021166176,36.11118124781931,8.970709953053445,8.34846287622408,6.137603785357393,39.21809626870353,3.3450049999999996,11.800992469048571,9.299365568870266,17.809501402768102,23.431270515335346,34.008987006224565,21.249482996334564,22.88233591710295,25.337541928933625,20.930501380873995
22.75082851136741,9.803515431627016,8.574903742620876,5.625082139896044,9.31739069948022,6.909539814766098,8.815550464337683,13.761514266887335,9.388878826121957,26.715560801366124,61.5969750128542,133.20678553018436,29.55553818472423,61.048010608627465,32.71813544875877,132.26109494368032,72.99666660045094,25.088674745203413,26.831373796807963,22.750532009965205,14.38787217270502,16.180843784446246,15.85452371297802,2.52756
18.87537192588664,28.650998098796112,13.041134542933069,13.633913385793658,7.632173346111776,10.165737504948604,9.867285767907678,12.407688765348317,31.177729888035525,50.2602939644548,75.89832151597446,29.10524511893083,75.26850035330156,10.945208064533182,16.781040138102234,26.844087838186443,16.91774492991614,17.78896424466133,19.129005838003778,16.900193370608818,11.902569823480976,16.628857394988803,26.41653352069204,23.199107830176427
5.791186799311269,8.181692351594153,10.568385695362238,11.04876686333325,5.188765492407212,19.41054967580515,12.682062834434683,2.7346393800000004,19.246355907093207,20.01624217005637,13.415803685548994,19.29254541608864,27.054206321029444,40.62477483352835,28.93094394214305,42.36819310701107,17.13480457900525,4.481259307765821,15.703025945007017,11.309507305771406,1.342459332,4.373453674684839,4.859392971872043,35.37037523548781
4.696520264578521,6.281172223863379,5.778816179090702,7.091870462664963,6.447154966059057,3.940728000000001,8.140233922363263,11.73651544430624,48.71343968448861,54.19112839994249,31.480164550896937,27.423376246594,27.627721398421688,8.242704654017166,2.76828,12.7055642858172,22.627336489812222,23.29517861223814,22.532665599079778,22.63752787991185,23.21638398426288,30.95627377450249,31.136149713984327,32.7106390936048
3.507845,8.866405073892725,11.447634428459756,11.476091085540432,3.731431528361256,11.967981447935196,7.010264954567029,6.249901427106962,13.702517839812128,12.14503159381327,37.890668308412856,69.96967666085929,18.922518488033102,9.881385943861623,8.407259694830508,9.366246350557981,3.731093857278217,4.8540827154849016,3.2760576135999604,2.818595847673441,2.575525530592743,7.902297668012194,8.468254227520239,7.7330215608658435
3.657115,6.76953210923947,6.76953210923947,7.077238114204898,5.662536766902207,6.568169511837418,5.786149643695787,4.622303660044337,4.254136530477196,5.739373532696618,38.43304970106927,25.642618444167294,11.47087708353895,7.898349869298212,8.738724635268502,15.254627668614555,16.171887219262217,11.999328689860317,11.912070816238888,29.13588864805017,2.2691308876581298,2.5327220781353783,1.9931870662227087,3.8908279966703176
6.855956631047068,7.213658716145177,3.3767470000000013,7.340986454444186,6.855956631047067,7.541552294151774,14.28590638090656,24.975664159036555,39.94663011889275,29.117175084950688,28.325416537484205,37.39864117591422,69.81796527575975,14.210332135913111,21.13620582219038,27.049466206304572,49.55566922949169,22.87578928118866,39.25102431329316,26.24345515404129,16.22234303856805,33.97232749721401,3.2286623860006047,3.925563615000716
6.51202694320254,11.49186421212735,4.083508000000001,12.014221676314955,3.88102,12.014221676314955,9.756537265494282,17.194991180647584,20.99206519224624,19.81924993864851,22.487893037672546,35.20747754506998,25.266431091327608,4.954131213164945,14.655456323494032,3.341052000000001,5.242003520783468,17.456620810781565,59.18575076212984,14.299335129700392,14.032213715726632,16.05015399379205,41.75254391639606,21.544975145147927
29.477529494297738,10.463962612048224,7.017715936902703,7.336703024943734,8.972258277909626,3.4481370000000005,13.901461985628638,27.67096922680912,23.37219948663638,6.528745334195157,12.119731404456958,25.33201129496885,25.947095840346403,20.12104677508074,12.740480661302925,60.85203453384751,20.54879388263889,19.922559268048,52.98269603204633,8.947521351741882,10.276018781864575,18.94554442241437,10.412211128315176,3.900924036664056
12.284437070080577,4.319971871946818,7.466977684925601,11.867855011213368,12.134889273182823,4.551596500000001,15.510437065875651,15.277501227393405,26.695099899937208,31.141271909259927,33.50154152474692,24.67012432778925,24.026179116858604,15.581413121855089,7.412445651848078,5.465639644102557,11.108007037654168,8.4311398574443,17.042569585302957,20.4978191829618,21.38588702799407,24.096901617773,11.992386496320885,7.06717636371899
3.43321,7.514231241131596,3.612334000000001,3.7765310000000007,3.4332100000000003,3.7765310000000007,4.334800800000001,2.4665374800000004,2.32584372,2.90730465,3.224232,3.74532,3.517344,3.183522,2.758039189554276,2.955546000000001,22.178711314364712,31.77308165854672,19.541535824574648,1.4102790768,1.2108456720000005,1.4948712000000004,1.660968,2.07621
4.7627250000000005,10.809718494849584,10.809718494849584,10.37575317613485,4.6657226723574015,11.301069335524565,12.971662193819498,12.709822825929246,19.006591230299215,13.506887514843267,22.66920324491273,43.76321313324372,66.16725477614438,21.279387507329904,16.51540110383407,108.37850221142237,37.13620743209013,34.110045500015495,32.56736342071255,42.85205812369411,20.459563243869283,22.23365728617052,28.05170795786944,29.33886738300156
7.78213653416153,15.92862915088229,11.393360984806646,13.024610377297993,11.022392480252847,15.570149281242616,11.14513608050336,19.88283818160925,10.712933722100138,19.890603083633195,12.652277309953163,13.030787009824513,10.078714860896767,19.55580235970988,18.200073711002922,16.37942883400669,9.969878780036874,8.42643970508944,21.55065269030453,23.262585565659,15.237294670211034,21.440443042577783,28.63307974861512,16.791999495474393
3.88102,5.7414049405868015,8.228250351467,10.335517623510787,9.658539641438846,10.624393605582732,4.900209600000001,47.79325941600023,15.316982822545665,58.54880389179744,21.786857475556207,15.75036130364884,32.60079977522474,36.72474476208791,75.17998559540777,35.30990925839304,50.63068406481095,40.38495656043298,15.62971149202752,37.83310669070973,15.682359383902485,15.39065434600124,5.0555435895865335,5.840935040079618
4.939019183002225,6.627963178002876,5.832820934876977,4.269122,5.997018366004456,4.767893043415335,8.335224090303878,12.14565806794368,26.808142765056672,37.524135749239136,39.27811151355083,52.717819003784726,32.2601175808622,30.66214050335818,12.438150171456696,12.84692021522165,22.289387573447307,12.86684654467092,28.982896176936528,47.11352228857035,29.10220340669911,45.11773278539741,31.415114737337547,35.38822951062304
3.2839400000000003,15.31674553286626,12.885038679957557,6.620763988393517,11.73033838276657,15.585363502118614,20.641736632113385,58.94578986332636,59.75147875321801,10.512462278883389,11.08876388887163,12.594701623501484,16.40342638069571,59.958764876306745,8.894407039242088,11.595610551439094,8.211404405011107,10.126087586113329,20.237119951255707,36.22548687431613,22.58711163124856,29.66672322507151,56.46260124989538,36.50001169781359
18.514411199707624,4.162037,6.692903287242605,6.997126163935449,4.490181396754637,6.262152368397824,8.031483944691125,15.03360078727207,14.157974539301804,7.450711228766159,50.129468831981576,6.939298674977303,6.516906581717816,13.287374757097536,6.892532323637621,7.973499078350219,21.471197295316145,12.074720343914631,22.05114207733048,17.352638272288257,13.430764227707597,2.769685297230072,1.913724,11.746739330633826
3.58248,3.7693920000000007,3.7693920000000007,3.940728000000001,3.5824800000000003,3.940728000000001,4.5232704,6.421148762011358,43.28235690792248,3.0337092,3.3644160000000003,14.488984788368796,13.257173487113175,9.46758728560148,60.08156612494986,3.0840480000000006,2.2423068,22.66416772570057,17.97084573951463,31.932411156298127,12.600695772982396,12.75551962443881,15.860932566557386,7.158604248905602
7.11481215488019,6.451143123035795,7.906801932742224,8.390653056608617,7.991935913689196,8.802222095421872,9.656475194159722,5.111528523793054,4.153644352801813,8.056893983975808,6.681736632409223,10.37925150914758,10.557637535432711,9.732943091020607,70.60143926066395,9.597443484909752,18.40036240137546,20.869322368762223,21.24832476124181,26.895083808546687,30.715563976218498,31.74837252780497,27.58135171205204,5.7537155105057245
3.060035,3.2196890000000007,3.2196890000000007,3.3660385,3.060035,3.408120428708333,28.151106598091296,31.378549440817757,23.382549594788355,2.591293275,3.8438186728339865,4.401917644516273,4.562395582019472,18.859493749676673,3.686357741450704,8.080596639985323,23.748101090777915,19.00015399052869,21.33949691303735,22.1730617635665,21.42714332244924,22.75825796491987,23.030134479869844,19.92853946711632
9.142922902344282,3.7501951347011526,7.846935670013103,10.057215192578711,4.508921331159021,8.726687460441251,9.847029026436775,6.568593827753778,5.480431627105654,6.493798007968095,6.212616118463999,7.335034441293011,9.366978720504495,4.180999779802001,8.49072791847094,3.631264990631871,4.174521728913623,4.019135930000991,3.1683049406773547,3.150019885120374,1.7374326045189736,3.6141088860873776,12.268046063269123,6.002225798984915
3.060035,10.927313429180296,11.16586586110182,8.930052251327133,7.891505933677767,11.67340521842463,13.11277611501636,7.305470141471906,9.588341706095967,21.950995283709137,13.61095971969033,6.135569538078981,10.872248051080359,9.840391175862083,4.3460284228059445,17.219154122077807,22.300154777771358,15.397168585655995,15.205275739768089,24.225672454627592,22.218407877775952,37.9956145944384,24.291838617400465,3.401239635239435
4.104925000000001,8.125912983105094,8.125912983105094,5.0839682377364745,6.947678688682374,8.495272664155326,13.186588458636606,23.868861230890925,19.210931777727996,6.539955774099738,12.684614059525716,58.719088910259,7.912233828778512,35.93918085883109,19.341183643191137,33.29326795516575,20.026641633223804,20.008957661343512,19.86349812613881,3.172410153648746,1.6300411507938573,4.041690477455784,23.2640908377956,4.670415801709539
7.456606217881524,8.239410649621671,10.384923987730382,7.957290177131909,4.104925000000001,7.804675660813975,12.8846037391205,55.66705980476205,31.472266287263345,24.68052139805126,64.7284517511012,30.525074259642444,24.14223889277989,33.33702485869462,18.845005577890195,24.432315028753127,25.073474143296764,47.05524397048281,29.554913259267163,59.90851621354402,24.436840197390588,48.42605842046353,3.096100855787645,5.710463566376156
4.104925000000001,20.72933029060212,25.30086556962532,16.515692622180776,13.698913873564084,18.21219441946251,21.552810168536425,27.44187127485619,23.3103606296059,8.78320566152033,14.131453543731844,16.5527097101433,18.87261201649794,20.60302768386822,10.083630996038071,25.98641134505135,27.410175649397484,25.546949000560694,30.39421867674151,40.141600719812814,15.790417330791689,54.47622641927309,22.79016069928263,22.12619377846383
3.060035,5.501872672198377,5.501872672198377,5.751957793661938,3.1805359744273707,5.486855649921724,6.602247206638052,3.756733224603552,2.0730346200000005,4.4280567642942925,4.174072088303828,11.924949728657952,10.962055227242452,16.31578498092669,48.890598005676495,13.775021273224464,1.915303725,3.4350928209773817,16.544272868037485,23.203264732865986,17.31375820048178,28.760593238468164,28.39087901194297,2.87074483092264
3.358575,9.001992877309014,9.001992877309014,3.694432500000001,8.555613065211045,4.993692016302762,9.300298692924232,10.330857292589014,5.796038960177518,5.220302108968978,12.383700560591745,4.706492536796578,7.857918290533198,14.939420969976261,8.861681760004895,7.365266899616466,4.394998040419481,21.07806782799369,12.247323616522864,30.14547748705536,17.846578308325427,15.330521217096248,15.675133662976975,4.45965854430721
22.93792236780017,52.05683126116332,32.17236229075816,16.079302957712375,11.574078477714991,13.417429516084132,21.26837150407376,10.458530793197976,17.793488941228954,16.689312382342,10.79490446519747,78.61621384998236,32.796917231307546,31.06298192143656,24.203336779331945,31.123285643987895,10.838110122275724,11.525913985416306,11.555516607830222,27.275831690537903,12.367272129306611,29.43770128306157,31.230311799870485,55.31590428815382
3.1346700000000003,5.969424599907875,5.524223499923229,3.758428675746874,5.673420074292608,6.240762081721869,5.675583959944724,13.804942296765432,8.242362557602593,4.275750161001618,25.8061824527956,10.694465455868398,12.62807572375361,14.140060302425027,12.872654138428416,40.098198091305136,26.42155541676211,20.811111852104386,20.437536880272415,19.00377843207768,15.27176236660493,20.97934060580518,18.79606385129922,25.3205292347188
71.07909850927797,40.482938719181,5.016840885796505,9.378494885854414,8.52590444168583,8.89218714726897,7.293707635977211,30.81368858743042,36.14580675770882,48.43944040638045,25.87768693916153,28.684279303621377,22.481440521327695,9.944204666979985,7.899229557679051,8.359539038503497,2.5693098750000005,8.051477738650844,7.759086453012872,18.7428074026806,20.993527471082867,20.747335648457632,3.2692472339818472,5.155981737462182
8.793172921247605,4.004979000000001,9.251947160617046,9.672490213372368,7.659812030054967,5.184381084249523,42.029732593383336,47.17422695622024,43.0339928145948,48.25641839424416,41.53555540213977,113.68194692324536,12.114099846522873,4.790678573472534,6.794724530054967,6.789234231487443,18.401233755968573,10.78088814297587,15.20149710950549,24.27732034249184,18.52346815391519,41.85814453532446,20.964373797434565,15.238912113523504
8.839849023700888,3.926450000000001,9.301058537980936,7.169784414220534,5.821426873332183,9.72383392607098,11.520640245577129,17.000304091768655,20.3690989717376,7.485744877797617,7.865664779128032,7.870412496967603,6.9155913888362415,28.53802354886672,47.127338020930864,15.28910507081272,39.61849119254602,27.795306932934484,32.81643559605062,45.62297902206615,20.385493242017805,25.3400645665543,22.434554338897502,35.22532153397365
3.507845,6.312190298696252,3.690863000000001,6.599108039546082,5.999189126860074,6.599108039546082,4.429035600000001,2.5201578600000003,2.3764055400000004,40.68060619172316,12.725941478921133,23.77968323865591,18.533452950266184,21.14492135870051,21.2565261432115,24.500720167184795,22.09635318500677,24.996050752485967,19.126998504807307,20.58293549381276,11.451723175004537,10.330122423702113,20.06704730668393,30.19833603602516
13.4465629294795,25.04530562498308,29.87850217962937,9.434101786957926,2.38832,12.253406517122889,12.289053623056382,10.528075940301605,25.226257491799466,59.52703513664751,62.37539758361099,66.00592910726677,69.08117859837134,36.08484834790009,15.208673726632426,28.50828931783218,21.231123354236352,11.877971110306753,12.00865260094252,17.93811741692954,11.498233472854492,19.09621750464742,25.79923219280221,19.217016049962293
9.73996916941739,9.886075733386718,8.473022510081213,18.218057449682988,11.11538332053447,11.478771405202975,11.787366511877911,12.000641158395547,19.51555955280244,7.454646936218915,34.94637288612182,49.45975588580564,44.044744703619386,72.77190656323407,10.608952403652168,13.232231906629579,4.5823565745448445,17.754591879920877,40.39402884267087,60.004850096954655,28.56148746369724,31.465407189934776,90.41106236443788,55.94113621301344
13.093499320920596,12.902738944170707,12.094882177848588,15.107725258321643,7.5516675982154045,10.498479726869745,23.44642867811033,9.61264024496726,13.670711224505425,9.734290128449176,11.51649426421848,13.730634653957445,11.53064147706985,17.29146550916184,19.14674260277143,21.712252706873635,22.466528120824183,37.8667925906232,15.038157286558198,41.44862208183362,9.5518610521244,7.192684813100288,6.834980489294546,6.176352448821148
3.806385,5.828128191568109,6.967596436298179,9.428577425758313,8.571434023416646,4.1870235000000005,17.509952938900934,49.35941861382575,32.422604663006666,22.303100374164504,19.13914941463503,30.936380526497288,9.35714782727343,21.94803074428707,20.026535175584087,21.967114175475857,34.74250333241986,21.71414335676427,43.95562526137538,24.274307720504417,21.95746137951316,28.32195868160926,27.3206311809704,31.024039172488123
11.292080538442477,4.262655707716501,12.621128128109882,13.194815770296692,22.3631181209766,17.647620565027886,15.67639629355356,14.135203036996042,33.902617190800065,56.74060193164506,39.60646545535884,30.26114948344328,20.66348702023805,26.468961611380582,12.462376505069606,4.496575890279066,32.67428222066124,31.265992109218782,26.03450469251646,36.34901529761622,33.73081977621532,26.934870033002124,27.426123983966136,23.52645478129873
10.120365775341403,8.533176276475164,11.205622606616307,9.537040794720678,10.341440870164572,9.430124122737148,12.218503093096263,20.07723853808136,2.57865282,8.308840060463497,7.365417101182363,11.805431417099664,10.876933638153698,7.949360830737097,8.606856834777783,7.596573542998261,48.79445917124379,35.401721234066564,21.855355118033632,22.678528286654565,22.31929521085124,22.4708516703959,22.03878727241131,22.36184341366485
10.463207845130604,7.286370614665913,7.89442313254082,11.250064672932018,7.868568278014096,7.215404720809708,11.93776148064065,9.716072983144924,13.870348398173812,8.322815640971672,13.431265731520387,16.028311679444574,17.628597749816436,17.805390510134956,5.797745012816417,9.819692183340209,5.072645553347065,7.983490838574384,18.83365200095953,14.830617076752576,13.088629418699568,26.08514324587449,20.43764460671509,8.894922986481907
3.060035,3.2196890000000007,5.439921966911421,5.687191147225575,3.060035,5.687191147225575,6.527906360293706,3.2091003057643057,3.5819756714939146,2.889110587794851,4.855467540714325,5.640189567496438,3.135024,4.794161132371972,3.995134276976643,2.6342910000000006,1.915303725,5.398856297608647,7.386176429028469,9.82857300730216,4.642411055654164,17.04736330887238,19.12015398296626,27.012968597346497
3.955655,4.162037,4.162037,4.3512205,5.094155000000001,17.76984829930887,4.994444400000001,2.8418801400000007,2.67977646,3.349720575,3.714876,4.315259999999999,4.052592000000001,3.667970999999999,3.0566424999999997,3.405303,19.152569966682435,15.924612033973666,15.37002717046977,17.104934535098867,18.268482176101564,27.37058031751119,18.94657529420974,3.7674764903675735
12.448021762271573,10.749893539774863,6.979421265398924,14.101873750863502,8.209921073333959,13.341229665334078,11.491318111238964,6.538654974866136,18.844544626791308,38.733864002281486,109.72376421857273,60.38417991433147,5.309789902079448,10.60512172843037,9.906274948953698,7.834989621299292,40.28794643542841,16.59349063439644,23.440613592543688,32.56771702873843,26.724125143178444,30.694105749813964,22.54411854855116,2.43729
2.83613,2.984102,2.984102,3.1197430000000006,11.267354999999998,9.3467055,3.5809224000000013,8.866191878954885,16.31158050524418,2.40168645,2.663496,3.09396,4.206613447773373,6.499161160764129,5.229404999295456,24.64396745760163,27.70561906165657,26.52286850054673,21.585524449614507,21.782141072525864,16.264618589712335,18.06099078945017,11.589139383425891,1.7151300000000005
3.806385,7.181968381596884,4.181478410088716,7.1393772687567,6.658090344821812,7.508421489851288,16.501636360310354,35.64911600574383,11.678039793186436,29.709433751053258,17.141600742737538,7.446368419687226,85.09871494412964,84.62223689945067,12.181190880901653,23.107598492223893,18.391468869952572,17.741148430233636,33.756122695726084,24.215013482877158,15.761179188659684,15.714805981272333,13.346382934408728,2.301885
2.38832,2.5129280000000005,2.5129280000000005,2.6271520000000006,2.38832,2.6271520000000006,3.0155136000000007,12.245348164129563,51.08869557816151,32.866147441192126,17.31576878892267,24.83060211323736,3.5799334770020104,3.024011726015335,1.8455199999999998,12.14077522684365,5.443024441736735,4.902524152861951,4.022457955839743,26.727467074019557,12.712049053712011,12.1945269892239,2.847236728770296,1.44432
7.236804327192711,14.30825872963244,3.298218000000001,10.790620869607514,5.718804327192713,16.437266908745432,45.73390177206607,24.731420778252872,25.267000387071494,7.431993684671156,8.216660188213861,5.29901041977652,8.669466969659586,8.379158621568386,7.537307482143808,3.2196295713639813,97.07390613155296,24.975400617056174,17.847675295641324,16.43549485375554,24.093949063782187,24.633261117063004,22.652103261173888,19.175485748844302
10.138134439297245,4.666284598541476,10.823206320029186,13.883971501683725,9.550616137864928,13.350556699047049,41.40308827731472,28.025935530231465,34.142016186204714,7.002210209656898,6.515210130003967,39.18771727676575,68.3125660644397,46.87996437837004,31.06103342122643,36.409673104865114,24.6124781264578,20.923997720685872,47.71265320857777,26.48166651437807,23.884335352636203,35.86480868882104,66.73422482365919,24.913091993872555
3.58248,6.721128801024867,6.894760377555741,3.940728000000001,19.601326166427697,43.06820872175785,8.273712453066889,9.878996563583923,25.26580247600365,31.885955825166764,20.07234690655942,33.86252162722685,24.71813712193446,41.884546480906614,22.053172270451395,19.466647973513876,32.08797730008511,22.338340668284697,23.24453404425984,25.678409670238917,20.31116807808325,23.664078153931406,28.79793530658864,29.65014095987704
92.23726591556812,7.007938469251767,13.743973529183542,11.1952671782419,7.0359852357398776,13.088296240192449,23.389789679959417,31.19239412556056,30.61646715771064,17.608921063685397,37.80443712726362,27.676105701138635,21.133771674265656,24.483639329678528,12.79149270403042,18.239616518997508,8.17590882123914,2.753769483033538,22.964490801939696,30.679040151320685,22.80770866782517,33.6801948794419,35.53256253543731,28.23494753698949
25.16958048008735,14.241035379699586,13.724436668199212,8.71819255653096,9.06098750577472,17.79633301722891,26.40891595883125,26.79247592050633,28.7910433258528,31.9178370702956,60.411647102588304,81.55897017823199,75.23806787096244,15.596632410734966,26.246433355375817,65.86569837407129,22.45788899452249,33.97179421535067,24.74638215603305,19.073451249428523,15.960054583202378,18.271550033518,23.9402563919415,24.53578031819557
11.322603046343568,11.393162804746092,7.178029960712751,15.638806891161517,11.080539861289276,8.198114365469062,14.21557537705483,17.427298907769014,43.80768774296014,30.083264793314505,11.66060438639711,11.812595545116157,18.065212908807187,12.974466532749176,2.6529350000000003,12.239066262648143,22.61249944307087,38.662689563761575,23.039791660138903,28.72774630665737,19.508357830594864,26.76344573336756,20.10725370046664,29.628956784465565
4.59962262331022,13.11945892056738,14.127585499356208,11.871384562581786,8.62831140198268,11.94740928746133,143.23130852401434,35.15291986685145,27.304514465529856,6.364559087162549,8.593769023145162,13.602444260242654,11.0566398800618,16.981012595133294,20.883038678969402,82.70212834305512,13.950386628946704,8.408460010556443,36.739774401704615,37.93790382636849,26.27435046476965,18.40906262270127,29.37314498623346,30.444437002484456
16.391417362494636,10.669613186805474,3.926450000000001,15.947120886921075,9.849232755873484,4.104925000000001,12.80353582416657,25.55701207596495,53.66100888470035,64.64504229220013,56.1877451139365,40.12886829904131,21.05222616533331,29.514289802857633,38.238748816423104,28.657505763485958,40.01676540858746,29.393981322835376,46.18220465679431,30.02466347101581,30.218130984238133,42.58757926280571,40.17081544615873,10.210867173966152
5.986202538374732,10.78195741355941,11.47172127239737,9.228917584424408,7.188031666525808,13.195024417602797,9.627482373849046,8.14699012289476,2.6712270965359117,9.700000799777811,11.265317289336773,8.961908922885117,14.10861929489257,29.855955081161845,42.429210405700545,20.00885693992193,29.557660968025484,31.957128590366523,34.81898699777955,42.36056328992184,21.873741343902275,25.08368062652305,19.14590949718212,8.11842129586888
13.219442725872389,8.58476850199402,13.909152781135296,10.240076558078968,10.864387493859356,17.44982632071928,17.816495206554485,3.747845619408461,7.958901874887103,8.077948615006031,10.902671860611068,13.733377473368858,11.605503375197925,14.782706143376851,7.386517451604619,9.79610158085379,7.35333325397178,6.894228051672955,8.5108674644282,21.1103971359684,24.689394314451064,32.19599351642542,43.84206008269353,41.11349286880055
4.104925000000001,4.319095000000002,7.796498596122717,8.150884895946476,6.418404251965938,6.151377828175915,8.312577236510446,29.21391714552339,48.00642398522757,63.19420447802237,61.62177299390021,44.18854495044017,23.507046463484404,20.084186821379753,24.53058120755269,20.431066229504182,38.03898098544124,31.960712237499227,25.015222113035083,33.13548961403702,27.787521620845126,23.10227914725661,18.8910732822727,46.3936404361924
8.88565139464978,7.034455671456169,22.58465116302282,10.368793939066638,10.642357363825784,5.3450730123796975,16.53512874071579,13.168461393943478,16.592531192658335,23.71830594741413,17.222832255015685,10.213579139046248,5.3468608067647425,10.49488525084808,4.590160040447055,35.01031507926958,23.871788432971872,23.28165335253947,21.812197944324215,29.288169481054105,30.901083543599384,32.420994168760934,36.32436842576588,44.56687506358576
5.184430810205138,6.739643894223534,4.830196247936977,8.376818491372806,7.61528953761164,6.824186819392327,104.39365233944272,76.92905656332726,60.61624106201318,4.228978954090759,6.7730167570074045,8.307588586485425,7.801909281221095,7.061450298512611,14.35115934383732,32.05233650543339,28.19324084350814,49.60873635303368,30.16523960550492,29.59904128011666,17.045588987236687,22.28568132412038,38.44561964709212,32.906296463118046
3.955655,4.162037,4.162037,9.753061424222071,8.866419476565518,9.753061424222071,4.994444400000001,7.02751560329277,3.31090433801391,7.13019752534775,8.326724377991964,5.94467808002086,12.11554885301966,7.409931753931157,6.851324140982445,7.632830679825969,5.549572554195781,31.933790128394904,11.8977351601181,15.598975387243536,17.603349090765768,22.70669461460875,16.78385813479389,9.749298382671068
3.955655,4.162037,4.162037,4.3512205,3.955655,4.3512205,4.994444400000001,34.58202572013482,16.730183921875792,28.51470579520394,10.11445495334142,4.315259999999999,4.052592000000001,3.667970999999999,5.772755031689384,87.14509941372977,37.13850356071804,30.37946969505603,31.91420602923689,33.37664425739122,37.513984577714304,27.646875188403705,27.499599409541947,39.51300670576471
6.685778854311744,7.034602098884533,7.034602098884533,5.822778550996852,12.140899760788164,7.387752739742919,7.784965879851276,16.644168440804403,15.239902110889394,3.657233605191484,6.017299913164587,7.293576931976447,19.068916907072293,4.779349708069994,5.1662836601499835,16.74145765239158,42.27111621514237,30.6457376308042,17.560094793155603,17.21823194282634,13.3916684822069,21.56728341692092,27.38783834782823,24.59956259810989
9.159156625877134,6.462465177914883,9.575482581979962,5.98835388734024,11.1948281031905,11.802404441674486,22.306013151826225,63.82499009810089,9.392335611385654,23.715372162999945,18.035614431975315,24.818299851082475,136.61966099927196,60.96718476670945,8.650548988829023,19.43196800332412,29.062183429730307,36.49140154993597,35.725516292906875,23.502397622094563,19.36201683876682,26.77011334835497,28.247809996031528,14.64391335298076
7.809067666790789,12.983653611925943,17.16577078280105,14.915363263874353,11.051012905072868,15.534132421838695,18.134103603008302,6.336811145508984,8.82743573581785,12.782186991357078,56.316908393978295,24.120959054823505,14.133278142332403,27.777776682733727,17.608706534437776,22.377659061771578,28.3292211076716,5.768648899716057,6.433931467489536,13.374968755921604,5.753925096322408,4.21911440494646,7.650550739935134,6.600632138016948
3.833854361451419,12.441528011484442,13.353745635119273,11.55719629826998,9.656241491972905,10.46559394348458,11.0381980863875,7.5482652819214655,6.691327123680769,9.786500465964531,9.78762200933573,4.925155434838427,10.90992477544056,9.634403452364127,4.601833533137203,10.339650370862907,8.046033875519688,3.89564378340294,3.3518253946989285,5.449662856477072,4.640492025503867,5.921385212147812,4.1637033966699954,4.890607502580242
4.403465,10.381022608856432,10.381022608856432,10.85288727289536,9.617952240942254,4.8438115,12.457227130627714,7.088265189617506,5.00176342776632,5.621386769780927,9.265706130218966,10.763193989648292,10.108043051147957,4.543713171927367,7.0483038610916635,8.493563952700718,17.55943944362766,10.51547862108716,17.097981317938544,23.719849270992835,11.367946853509004,23.899388769065776,16.128329332163933,3.4137804977076653
6.802611493758861,11.195184661134329,11.67666389282435,14.027796237832147,13.838085424503516,6.795363995162835,19.264945900806325,10.724346915259186,7.805989646796647,9.72430160571762,45.92059799239862,12.957696853568246,14.433692662901356,7.530985800194363,9.085004473394738,8.902550512438983,5.963901256485888,5.025047577852875,16.4116923323206,23.521311786217463,9.117435335768638,3.622978148693293,6.386145134911144,5.169783149911812
10.3120130584097,5.714420160896195,5.323429418996538,1.6821545241748197,5.431060483496382,5.974166531846021,2.869198625698962,10.665963369305748,9.653527546745911,4.599120763978982,1.261656,4.911331151377113,2.1377704846009786,9.033564315684732,7.068488648223496,8.079584656220295,8.833345074224942,15.888921928824407,13.980730007144146,18.966185076836364,12.167328365997164,15.361604142043394,20.85984137819781,23.40059029699836
4.17956,9.849270144863752,9.353665949876138,8.483503437971061,5.82816073126045,10.296964242357555,11.819124173836498,6.7251793336251495,7.8838305506622115,25.514598591973243,28.40047829691264,46.05336485672199,22.40741309693696,22.119689633960736,15.641429095342417,12.93149141913433,35.39382481032628,24.182107754748618,17.85346232279533,12.041987574454447,10.954893040167333,4.075866262803121,2.819631911092011,4.52151977773003
3.652280469855988,12.347119845732609,6.384249555909574,9.67581279696821,11.734865969084709,12.90835256599318,7.369985047502753,6.64895130434551,12.815760285449617,29.469462372148907,54.9926805639711,13.819785301019246,47.8668988480261,22.547897104041326,70.53950792793796,25.519505380867233,37.757206759347774,21.100489936455048,21.22452473687872,13.949033015020678,23.98922346957825,46.32358464676744,19.660204303442413,2.7118686063960946
2.1644150000000004,2.2773410000000007,8.242448735153205,8.617105495841987,6.545251071459247,3.5147199537894527,25.53072088218385,40.17547172865999,68.62216114465875,31.466192117369605,24.144670381006847,2.36118,8.025705154589446,18.584375792568277,13.037610754592796,14.591811723758866,35.4200149298206,28.91757153196159,36.0529659156466,33.3566877035735,22.396878835076524,25.88056091063728,17.388393828614777,2.399795128466136
3.43321,10.00989185179982,11.247193994903984,13.163070375557794,11.966427614143448,11.315595616918475,11.14100071128982,24.036554258916617,11.383432274879551,20.32802923769128,70.12977152066722,13.683696620757418,11.829505846154335,7.3271362544496625,8.461302521079189,4.575286987336361,6.5434365472906375,32.8353735458326,38.63427095050389,14.616407472621068,11.44604486938369,19.94709733248729,4.164204071338012,7.7444541376077956
4.963795747675339,7.167265988450348,6.086993992300232,6.589550591145265,8.249251074809571,6.815425644885744,7.04512751168425,37.00127940440696,45.22937979066016,4.725091859944878,6.590071089830413,4.071,8.451406634745618,24.315693009915787,14.932191502875623,66.7092222354477,69.33410483559264,43.07551713176969,30.902017801720618,63.42071076639836,27.19665041916035,34.92269769713238,28.71634089243012,13.38017032792215
3.072685,2.434399,2.434399,2.5450535000000003,41.26290150033685,2.5450535000000003,2.921278800000001,59.02899420924727,6.637340087298314,12.497999824899756,12.62137974005634,15.726595067058172,48.26577649364418,14.351592872351889,6.411724257278136,14.223450653755096,27.013438542289645,41.16655782016507,15.85769290706593,21.08214526912345,15.26421682761348,48.9413819292952,23.381588498669352,36.23175444285507
11.348823333951094,4.004979000000001,4.004979000000001,4.1870235000000005,3.806385,4.1870235000000005,4.8059748,28.387608947305235,34.14225987869311,41.27008897680003,37.99713359677467,21.6819950809901,13.27275112824085,26.879110456690118,12.482256637774464,23.424635869202437,11.257077987920836,1.69821105498,1.520137773,1.5635702808,5.167362404029084,3.26621035156338,1.841508,2.301885
6.264206083526679,14.048820520847732,20.332971244672432,28.106184158397767,8.41030482233786,15.854139476863311,16.082996997245992,17.537724110248742,10.727718590173192,8.564662149143583,14.357013692307255,14.389894101204076,19.741551871529072,16.235876864671695,16.938729831763062,93.11933472012919,50.65621439205652,20.02659770413302,11.091658601826602,18.54936659478276,17.65260139019503,15.166861348398868,5.9971580599927305,8.22094205872038
4.17956,11.513738446425098,4.397624,12.037090193989876,10.356399189212484,9.2213553755549,12.83693807697954,23.026813553540904,53.05694803268923,51.08791887842902,50.9092761881247,31.841605565128923,34.67078023609708,28.002649867139624,37.78514193818637,55.86985659138881,6.390404551898418,14.351392012268246,14.656690302432876,19.30286718789949,7.553848654886431,23.71737160317204,22.789962161452674,23.548401594153564
4.415639982075616,4.464123478678564,6.464998397063474,6.758861960566359,2.68686,6.758861960566359,5.356948174414275,3.172349350600762,19.019764482666822,5.203206542369886,15.911388466075891,6.703003597255892,6.294994682640317,3.292977264416876,3.9464356169727126,5.289544143051933,33.69209690182717,52.38419137202656,22.655561230085013,25.87016860044212,22.61824750916836,13.621481359299208,2.8053615401221355,2.879421283435112
9.97167325619552,27.365096075564157,30.51517761615729,30.454552583147763,7.954605677857298,30.51018317342354,15.825316514477372,29.31429113468265,56.00832790938749,130.1276264579072,10.133191650199327,6.419546387907766,10.344125417911487,11.299433741318124,4.670844540598063,8.691938719217294,7.627117775389733,10.70007393864786,24.167659148902523,37.40897722971871,13.253619799845922,14.187175756703253,62.758101489624806,8.880969589344629
2.83613,11.212420662036768,8.620374807646247,5.558622508449262,11.617832860613454,12.9159831466748,12.832813789390396,15.831184586310355,67.4907084703087,47.44334982591561,40.628428751347215,49.53735911130175,34.628213221913306,14.990979596197013,6.4425183238415205,5.144345622568457,12.369541247142404,9.109271953330463,19.52489038029985,47.55579487199824,7.849440617251889,3.5947264208236342,4.082871967369048,2.906964757991734
4.17956,10.979081960443551,6.916479708904076,10.583969879359325,11.084688809428,33.595377252798855,32.19188363509686,17.516468863166715,29.39376080888348,26.671593049703432,15.83854303113226,9.436763242387537,7.359199411049839,10.083561839566622,26.1727206773552,10.007911195645189,13.282259359982469,11.845928402001991,20.036676324823063,17.74838798171403,10.844143602978692,16.949863438540774,18.597292194351287,5.342138564161346
11.700432345654876,9.092072376564364,12.674428056088546,16.273675272662448,12.157979904224762,10.325923570457288,18.48403493931588,11.430239443304346,15.438492761258528,23.397202914190785,22.867426205336816,31.09400131755399,10.717752666828543,7.0375482509387,9.041243176187857,10.218435986827124,52.25070755076479,16.622717662550933,17.20093632508501,16.487756281858882,16.613492270803125,16.357287876149325,17.11596631418025,21.78464459845006
5.938963608487807,11.727420988283864,10.980339387067712,9.95257613173213,9.13892706288762,8.588922180970355,8.723055607296896,14.010355455801758,24.921233617100444,80.94938963773328,28.37022931631597,13.814778998388274,12.172481962778702,53.770670438312806,18.755225256731404,9.595162626777702,8.68717642233912,31.93422387198241,29.93482854984457,11.234115266236811,31.95721160365666,28.39521920543838,28.45001831513528,28.76818254514176
13.608157948062164,8.96175858394127,14.573214998173183,14.722184130525996,8.940433118966594,9.321026699662744,17.487857997807822,3.2178682318059733,8.927166525955336,11.728919786940692,8.454249805003212,14.316350583621942,12.810884268216444,5.451729228638044,9.953425106074292,11.92353954395987,5.860695001524022,3.171876437687423,13.672098899369113,22.648888590201008,33.17490311816623,23.16285314166933,27.82520501053857,37.02366674728643
4.65014,4.240566000000001,4.240566000000001,4.433319,4.03029,4.433319,5.088679200000001,2.89550052,17.655501960000002,39.49288804782672,30.33457564392464,63.65031141869842,58.06531639970032,15.757517149308697,19.17447271747272,3.7504930676620822,2.5225951500000003,1.7981058229200009,6.2502515582115965,17.896884746034633,15.426868346663936,23.454471664404533,25.752756646885903,33.81546198910606
6.162970925888152,2.5129280000000005,6.886447307389613,4.22746247384029,4.882310348842011,2.6271520000000006,28.959899201594776,23.65264905618616,5.038092261264774,12.120311917798611,55.09410212416973,16.004707506427543,19.016159630845504,2.9854937441875293,4.7362815407032395,4.9186991830186555,3.706303778637978,1.2509923257191942,4.9235255034728045,2.688514559035037,0.988926739698968,2.5782982807916373,3.166420550054428,3.9580256875680337
5.05747,4.083508000000001,4.083508000000001,4.269122,3.88102,4.269122,11.007208746264752,6.787087024976122,17.240894741820313,37.92863693461901,67.52894282187212,25.40351414777619,26.900707511247514,11.418241132149014,3.859032527487814,9.634908952949493,26.66030377444134,23.47602225905465,16.19175084838631,24.16994631155905,18.16997382560684,23.969271701089166,17.366502335876426,17.29355277333188
3.88102,6.527024573507024,6.527024573507024,6.823707508666433,3.88102,6.823707508666434,7.83242948820843,7.653985805733187,29.237890255495444,15.45591992746422,5.825773999493872,4.23384,21.405227166157616,23.58772878779473,64.59301280808361,78.98782888179403,37.81119866395386,26.35325364686619,21.653865871389367,59.7502048571621,20.13112276207265,24.47373869537496,28.239933127129053,3.7514453784619626
5.041323121199224,10.396377583050866,12.101885000105034,7.150182866638294,8.58410528662699,12.651970681927985,11.077664411422925,11.256981432053388,37.87755281302591,46.9272256100879,19.14052736859093,24.75009340300744,15.589793931913412,18.928183674213408,16.677082600850007,10.168471800567147,65.16718966135929,16.70592927189207,17.309697159335975,13.030185473452798,14.855435177619066,31.611393315207906,32.789608092808805,23.073820309699027
3.358575,7.1629751834247735,4.985473073369911,3.694432500000001,8.417418285986045,3.694432500000001,10.6279055228276,6.047366076418844,13.650657669670238,32.81261432987297,71.83207602746373,72.21685474711657,118.21198323211965,15.737159257650305,10.666048264647184,8.705559220109727,46.303018360362366,13.736367583867636,18.416739610446708,24.451923047477777,28.32875968776273,29.391174887977623,2.737332903709472,3.560725242600524
3.955655,6.619824835535187,6.619824835535187,6.9207259644231485,6.291569058566498,6.9207259644231485,23.337225304396945,9.096899568858817,7.912986856767048,23.007544941209463,15.550792501750257,6.438818235060453,29.561909939604448,25.100134928459276,46.494824467112295,23.377896533660877,35.346592824640425,26.070209261229657,31.32709715414449,23.961859834479814,16.619333884921513,19.88410681775135,9.7035577545354,14.0319143177525
10.115561876199031,14.320514535800388,10.114161386627092,15.878053109303275,7.183395271878985,14.692819871054562,117.21062081113844,4.458610861562327,29.18281955536626,59.36696476054548,68.21868577058046,23.08153210254168,15.929088926369493,22.82786669533139,28.40174076622879,32.554443571277695,27.10237483176005,6.43996512600858,2.968492452491,14.361043210809498,17.85599685042672,3.897815948177531,5.315268662542884,6.620598928369318
27.623821293525232,7.321096995939655,13.373010337105397,13.980874443337456,6.396954875680066,11.047316723416158,29.53364038134383,24.84487814625878,31.50543809345744,19.0237750318199,18.05159569401972,84.2142461061462,23.49253991163752,38.56902856019044,65.4394427588821,42.715469245787496,30.766369828395984,21.43340583401575,32.24595874666113,41.96716348747372,18.88074623099324,23.002284833229247,25.35780265179651,9.994582102665197
5.1581978675040006,4.698722925878156,2.5129280000000005,8.213072366133067,5.619844178754668,7.977036711878667,13.547326678560845,12.86280178316031,19.412645110788645,3.9771252496818,13.301484563110948,8.145195735007999,6.4670027547330795,3.070768068137599,5.769513645630665,6.427621851756314,18.9823459392989,19.690862410377637,22.42711647153365,6.987020242725057,15.552129240923245,10.400502493391324,3.388875308185044,4.515271548754434
13.226043507360451,13.962940763090783,11.104774768308625,16.664432551006154,12.667348527259984,13.75469092725532,20.16197548452441,23.43355707132821,18.855237771034066,15.558472050788035,17.25451216722555,18.65249888341696,11.496371105857133,10.617498611081619,53.34230376662859,34.42413648482718,28.83624487711444,21.693810228298616,43.87698842626555,32.869734694986754,21.131923604209494,23.14853663519888,25.41106991623273,27.77337469930628
15.400993162285262,31.24843275288081,26.65529807508824,6.700911950678897,6.091738136980815,4.249942807459537,43.60418041571782,40.22399574314578,15.678577589104792,32.30647054894927,13.270162906751438,15.58059933913356,4.685387483716165,5.648702636109482,4.589919435826908,5.244191961400876,21.94624688763083,1.7016540636396191,9.372570210656342,17.355830416669246,12.980081668785242,18.804367963122324,20.962763889462625,21.80502056449324
4.413584999999999,4.004979000000001,4.004979000000001,4.1870235000000005,3.806385,4.1870235000000005,4.8059748,2.7346393800000004,2.57865282,3.2233160249999995,3.574692,4.15242,15.943603225653133,62.87009315302594,11.535699521440185,20.71536490294669,24.216121281946023,44.71540495091471,16.86777014041657,21.10185139070789,17.989718538076175,21.53590752011243,10.85324857106878,4.975841327937016
7.55000664273072,9.32206175933023,8.264650187282978,9.259127702906856,7.226123321875391,12.313014961066724,6.954494769863268,23.178585448672948,26.308734388718577,21.19393407433509,14.948773398129967,11.911045570955489,11.608928428495432,5.6185343595397095,8.649638609013813,6.823488983942356,19.771053753629893,46.191843498916285,19.068258433574243,54.55977999052221,16.826956162722087,20.961921417589338,24.926887322118684,37.64962537033044
3.806385,6.911826162856747,21.87392151582292,20.411084117921167,11.248204451101545,11.09810783672493,24.747147876431864,20.67829803399005,33.877191752560414,94.66329845814788,45.04823738134245,18.917247534674388,34.5822276372504,22.722013856330044,6.098636420156169,27.388781068688473,33.556142321226524,24.010511295444545,33.75587194523101,28.37376533954816,17.935873448433707,18.275081520474835,28.99241035303195,18.99729880643455
10.892542150335236,6.039253726744472,12.165569895512292,13.94647364520753,12.678612404734125,9.296847714907472,108.70221710773696,33.56702768335379,20.01612218434855,10.356989732647085,11.697201663277392,12.369883324292678,11.470169209692518,12.417008175206528,11.113824857899075,68.4763191679447,57.53497500834253,48.50527805611079,19.132450924659008,12.237754304008837,26.27715674152798,30.35160946842509,42.93361838377481,44.0326298847661
3.88102,5.5634062590833455,5.351992222071438,7.363454723537899,6.694049748670817,4.269122,8.451965421800024,13.690243154561262,16.91025634709422,14.872011193982972,7.27324606234451,6.864205479276609,4.222158909991683,14.338845798457893,18.045286558397162,22.82128770655935,11.44518917535507,10.408350672112856,24.05962446801966,20.90410228081016,31.723986816839776,19.91508905275513,23.397150964735445,29.78822683177141
13.092694902400057,8.152294587364445,10.021121440378227,14.401964392640068,10.033990409741891,10.62126517696136,13.770324417105533,13.162836443697191,14.524704437339938,17.096814863760788,9.557937331024192,8.00482920293646,8.598871873805383,12.59107686195499,57.848903497697,66.25635390740815,44.381304422876326,23.40067884352556,25.018888498097542,30.638727386173745,26.862837251261205,28.660424542801863,15.41425437359901,5.759697897738049
8.420618734363634,8.859955363982607,3.455276000000001,9.262680607799997,8.420618734363634,9.005846671081814,6.799537433227829,4.372225085374498,24.76121915085934,16.173167687146098,4.838233939324182,9.18612952839669,8.626973817972544,7.808210099137189,6.32642121522276,5.6410506109992085,3.078432328110147,3.0276589067419537,14.73530565722573,12.046853412936544,13.86300300460502,22.99278460112838,22.15399313896421,3.821522824766307
3.58248,3.7693920000000007,3.7693920000000007,3.940728000000001,3.5824800000000003,3.940728000000001,9.911069148879378,28.958173637953333,32.35476362255483,22.624720921609192,17.462520584771102,4.868361803724306,3.670272,3.872786199154504,7.0218136131666435,21.49288957191042,22.2777870651952,20.28981815935192,18.368236886590037,25.24255892125832,14.910124688761956,20.920320708550577,1.7331839999999998,2.16648
6.155022292363489,4.266410518696793,5.626252593483958,5.348871443413262,6.6396767508361885,7.303644425919808,20.87755646830552,65.6747726225851,12.154145189549144,9.869431623543388,6.235522513828769,7.243283728184932,3.8232000000000004,6.606198030450055,4.631318350250033,10.035378801015025,47.29895307453664,20.78798193502416,27.99312678051096,22.259441283581285,21.736966812274485,32.55596117220211,39.06066534446571,32.72955287078489
7.258260715995856,9.554667006726012,13.956431827188242,14.590815092060431,7.467435490521952,14.590815092060431,7.805965804035609,23.4048836753891,61.18024101824595,82.69351224137421,22.46916931286196,38.95536547432958,34.182369837512454,17.997831544747225,15.714252412950312,25.386447766908862,24.91921724070701,23.863797566428406,16.71563866530043,17.665393583058954,30.460595370530623,18.328513738596985,12.441226456757894,7.89504345861482
8.493202938052999,8.243741834163053,4.78081815696036,9.3425232318583,8.493202938052999,4.515417500000001,13.98076451846702,61.56020164109443,24.838833781658888,27.610300875929127,4.061118268395531,8.786591066452033,8.701336764993428,11.148917037167955,10.976778633199277,74.76920661194778,20.62642104456953,59.97189751003869,33.42679553186128,24.181093171311637,18.737060720352385,19.782558382631933,19.78287926947464,13.313287013422269
13.957271651929675,8.940485664251392,9.496859530676533,9.928534963889096,4.531267699150641,8.183544201010253,22.5866579259272,24.151821662266567,34.42649697231742,19.953859164735693,17.719542876353884,78.61774283563729,26.90153748963019,8.369508812534612,5.340164067253204,4.35604543567199,24.19764310462388,20.46009647552326,13.43344569785252,16.95203517530027,35.50848960219124,37.55059223063036,25.105654999222853,5.458375312522573
2.612225,2.7485150000000007,2.7485150000000007,7.302690271030468,6.638809337300425,7.302690271030468,12.164387998052367,2.5999228607560028,5.069164763372178,3.235015073235094,4.911187134595565,5.485282475323915,4.120080834307884,5.969299748040102,5.129989033368509,5.715148907762974,21.908935098530016,23.82865234191712,16.27134976058078,10.81216036138572,14.358622851040302,23.897283909090945,28.220654017653715,36.11043725958848
6.585859964640604,11.34222542058682,14.213637975314334,8.855849814307449,14.011653567670797,46.29029341529829,21.05917130618968,54.295063989002,113.11164358381062,72.250822729374,25.09079675133211,83.01944741689779,32.7173181955566,58.457492392324525,28.719043624531285,35.83617334764362,57.65812449895967,74.19066777078861,74.49824976774599,37.90351042020466,45.15204820495093,66.50795761704752,40.15284249671754,50.80148193539607
8.619356177412598,11.30149465500671,3.612334000000001,12.07450626637764,3.4332100000000003,11.296584339765753,10.883036343066236,15.123370788852323,13.531957380755165,10.312529101784738,8.094699714439658,16.101465093830026,10.312809487825941,3.402111632271109,9.857823137035345,60.255291684679115,22.369605978504318,12.651801281390764,13.753627239267905,6.641396081940437,3.8713739286610505,4.779473986001296,4.96838635712299,3.3592361024608604
3.1346700000000003,12.692201758199166,6.8370596106693045,6.654541974515521,7.394928357747891,6.16124890151313,34.46591756315855,23.524679440212655,18.71569460557739,15.943890497717955,32.42331079626766,91.55351328746184,6.092629970771501,18.855563506045097,57.386558545174026,7.379264703769931,24.850436657119364,37.02424505996001,24.888209452598264,31.378254358484963,25.656931027574032,25.87300761059161,23.713815100021822,26.38018139365542
3.2839400000000003,12.911483348330275,6.850597290853898,10.709355037585432,11.349256432714846,13.498368955072566,10.73270447238352,10.621805317815392,48.78343543980163,19.464788329492418,79.06591055413661,30.9238053822348,21.39306111435203,25.721997495839712,12.180779525408955,20.694597731805118,20.778462128190583,14.534649002502764,13.58677501419412,12.089268732857892,41.00847891045095,23.005466822993288,18.87000178291936,24.3335277194463
3.58248,5.969883429962636,7.610096606045793,10.256523855826993,5.673856152443826,10.256523855826993,11.772705643210116,7.653027806074517,40.10391643549221,15.270641528973943,7.665405141249192,10.0450091260164,9.55260863611339,5.986522764598129,9.774968445247172,24.508024060787598,18.25609732336391,13.92113766844582,18.619963189611724,17.050881015593472,11.32591640772996,10.415198512280815,21.047739891946826,21.04299381093287
3.731750000000001,3.926450000000001,3.926450000000001,4.104925000000001,3.73175,4.104925000000001,4.711740000000002,69.56560484320403,7.777149655026085,3.1601137500000003,3.5046000000000013,4.071,3.8232000000000004,8.813829556269452,79.21625292504655,9.849484411083692,18.823770186873208,18.960525254029115,19.24024273804998,51.04411979629696,38.26794773422015,23.95790978377213,20.973655401603686,2.25675
6.272431778718533,10.765829128640643,37.20129299059432,23.557786000628813,8.06042718752748,12.308361068237454,53.48135908731936,41.50588410216177,30.40885530641103,14.505816950600538,17.024893552654827,19.526105246214108,12.63781515825204,16.715155858601918,7.370849842059076,7.185406420856277,23.22426808192825,19.99446552360705,25.819991490872518,39.60565343921248,36.52443106480567,74.54344743171458,43.79129236582904,6.766723835574307
3.43321,3.612334000000001,3.612334000000001,3.7765310000000007,3.4332100000000003,3.7765310000000007,4.334800800000001,4.898849472610856,28.30846310236487,27.47662635138278,30.728929488170767,3.74532,3.517344,3.905268431599626,3.1594237239295624,8.119189128395524,14.174008611310336,52.38536197119641,21.50996154896841,40.52975904094749,19.72095293315785,20.098401630274218,4.676782920224249,2.07621
13.003215972848208,9.441644550949748,11.088670320823436,12.393575241655844,7.902161509231301,12.522283454811324,17.14326850662957,16.743783157038905,6.837404489935818,9.413288890547667,8.757741375557787,13.879660309154357,22.552460201858263,28.940866458872247,6.794699149626686,18.095844983720294,15.007274144627935,16.438463077310047,19.322227724612976,28.2220111104378,24.312024929797992,34.66123942184011,21.63671247684446,4.940743180472007
8.843597566578783,9.330856146659482,9.27061754156801,13.431555358151767,11.401488836890511,9.75498597150764,11.485862345695557,9.283241177701797,8.753715834232173,9.336632102635292,7.008314814397788,11.885263508196871,10.642732460763373,7.609397823088464,8.336609301031705,7.072876112920032,56.40188331135219,8.55289466330097,12.389087707462576,20.571527008926157,26.42710289352053,18.59925349957481,23.86943107785785,5.362963900972579
33.254602316504645,41.047618786899584,9.17413597981737,9.522187843029611,12.95594229747143,10.13379737079147,10.362674874760744,26.7218085542716,72.90025494608405,75.30130832465962,60.61687638826064,35.25200807483348,28.039107611242414,28.561964836096937,20.543199471104728,37.029730715739504,19.57681386328054,24.52002631606472,58.69912466127656,28.838702019336825,23.747269205376725,31.94053068254955,26.661336413217505,12.556882543159812
19.49854255719097,14.803131951491135,3.612334000000001,3.7765310000000007,3.4332100000000003,3.7765310000000007,4.334800800000001,9.339817720134306,6.549725513187751,2.90730465,3.667591040655066,3.74532,18.364306014602498,3.183522,6.004600197583985,13.466437309154992,17.526620996766695,34.590146015643256,10.075623645874405,24.48752583801287,16.93311039280745,35.82873765127982,7.575261135538209,2.07621
6.1153700443139,7.790024292688155,10.621630173749944,10.930295354737448,5.413958234293446,8.888342881788963,8.121075519466745,7.252554421117521,2.799190336416948,7.928205219276496,4.396414170280136,9.61407600483776,10.342323595176502,5.964200841681998,2.76828,9.524598687613592,3.2331561156307496,2.0927104615671195,4.031567016444741,2.642101313217585,2.232396690869826,6.290084277553132,14.33300884424594,8.109712210183757
3.731750000000001,3.926450000000001,3.926450000000001,4.104925000000001,3.73175,4.104925000000001,26.158463235060363,22.76485991103,25.79064962509677,30.14747415365957,16.52131255609802,24.30394089164607,30.440159756251315,15.798589346188418,2.883625,45.83930546298974,35.95267297064907,18.42852792479332,41.9396716992604,20.251887783282548,37.43327136113687,17.52586949021404,5.696925562483262,2.25675
14.69834728408145,4.319095000000002,4.319095000000002,4.515417500000001,4.104925000000001,4.515417500000001,21.39541890084683,34.70883493991117,54.01128744750241,53.53865380134479,56.077430648133245,54.30309314052933,24.111463420078792,29.97135546663136,23.611118657162226,33.8597436694155,42.66143647504865,59.03433152169677,30.05298364064494,35.61618050452489,27.85782801962604,33.61041500158088,37.76063448769301,22.293241730977595
8.669463240215858,7.576372044686919,4.743118513964663,20.258389914433245,8.669463240215858,3.612334,67.6613759883205,21.699798318990627,3.717266661300814,9.840689884675044,8.141756782115763,21.378989862575395,42.9726440903117,10.430047205493572,5.954873389292439,8.116677050272784,5.42629585535329,3.8678636856958257,4.92965630942644,8.374859611414948,11.316384846408296,14.494143193021513,13.752388599300092,4.206524950825619
4.17956,10.595712274463216,10.595712274463216,4.597516000000001,10.0703050542419,14.99620182456612,35.69137668037636,9.827147903933769,11.98844484566771,23.59416187559439,33.438211945747355,47.79172876273022,44.46724363159428,20.568740251778063,31.950398235007786,34.32530102967485,33.532952558300785,25.087790388783983,22.20749782133437,25.305454400626733,40.11506044198361,22.38932385008988,23.761742308081647,6.089947325292531
20.514477214990347,10.575552692293186,9.22062980908747,5.862039567250902,7.187227466995164,11.056259632851964,8.233512533293577,35.18511592847943,66.46238423315579,8.966108815354108,19.052746341693584,22.651184817144124,9.99289832211526,25.19907303247054,7.377106217099021,12.264654129755844,22.3965719747862,18.20805457389942,21.432246894084454,19.263991234548065,28.369768099746537,24.15452219476174,34.925440820224345,36.707740097408674
8.172114317494708,8.82411943959122,7.036969249507078,10.857710038877604,9.658633248184424,8.059148448380778,13.80120532703626,21.585168559119683,22.888967919081537,44.40068379763263,27.160384202933365,14.000696182265836,14.423498940520737,17.11332668204208,16.187496584877046,9.333313610138967,5.115000643268279,4.87671293208234,6.382645427708876,11.848795499816145,11.259888540911763,16.987583882493603,20.42223959810773,19.59842315132088
31.937150787254275,3.455276000000001,3.455276000000001,3.612334,3.28394,3.612334,12.404701926254369,49.82710492724861,13.630343179386188,18.42281519711953,32.279167600119216,6.950037563105769,5.510894218555486,14.905352602158771,11.257644305395743,2.827044000000001,3.147505036541248,7.695380945042007,37.99317518382306,35.96431436239298,13.59859737895018,15.342714402839109,16.933829302434066,12.031967265422518
18.51600411607863,6.34783843204513,14.491017066467393,12.921966143553258,12.895662904441147,9.162549242928682,8.32897718544057,42.36076236525242,79.06820486806585,67.70874475362699,98.72124708036772,106.59329236584672,42.07341029296839,27.5018346717772,26.78925062189804,69.5941889211072,39.52552649863148,38.56927381377103,44.73353317985969,8.033199183797635,20.1355724674448,41.775049650013656,47.70667996646236,30.982005457776108
7.094245750255502,5.940892936750219,9.955459460538574,6.210933524784316,8.349592424789074,10.881395181116346,9.704580118186136,23.164111513909138,43.95097275874117,27.606849301382752,60.88180687555512,10.812887806349108,9.804359722380571,8.379768872449793,7.7584804925147735,8.485068533540675,18.213497269608112,24.45839229828968,23.180373567246733,17.598386655716187,13.974027052509182,23.37546942532133,15.565294313216285,60.1454802399314
3.358575,9.180407063592568,6.849163994986125,5.910076738758193,6.1784858493286094,9.597698293755869,5.0035182769984745,5.2815582975848105,5.91091303182386,12.679806761731102,8.194082337752045,6.988566381085755,6.774734510472671,68.89844902986864,6.375457107083614,19.523655068602363,55.0333430688556,66.28579233564403,29.06917063641061,24.53430592951489,31.08172163566472,45.989562758613566,48.87815931528497,34.34835919263871
6.848804077849957,7.206132986259522,6.738048155216268,4.923756942848328,17.50697012060546,42.53041213324144,82.16261679496837,44.42033201556357,30.975544798155077,48.4296333278974,67.10251819520458,36.58454424758445,16.129976655940197,19.755710295581004,53.80065642520214,66.72402633512891,24.884255378894064,48.715051144318544,28.88784694360697,3.384107835269237,2.0493763286399047,6.3660939467495865,27.2711192685328,7.719062565413624
3.955655,8.809723798948871,8.809723798948871,9.210165789810182,4.839099598147305,7.995429467357637,4.994444400000001,6.015366779083929,4.325633746348432,4.845954471680392,7.863224547822131,51.67752028386366,26.454189882058056,17.408598142493535,14.574593816037606,23.02910971241857,74.07860772791855,26.09365241594735,26.288484864651306,49.523292633561184,25.77958359577886,31.70589902145948,24.87490480653865,43.28753526315346
4.807914834694524,5.9236493974862725,15.300722239715151,43.089062774188825,3.657115000000001,13.290106900358928,30.09394435542005,38.99107668923256,45.53248302990297,36.11119115352504,30.90990417097489,29.06319043437876,26.917531883474076,21.58679932863356,19.464462915533574,30.130254029079644,53.04854116349888,77.10683215006559,69.2602185364829,25.81240510990531,35.333809244888286,49.43384525672683,45.281342295205214,6.908775751536398
3.657115,9.53485184475061,3.847921000000001,9.968254201330184,4.061915,4.022826500000002,18.21395021370073,28.79913102188582,49.054694575114205,64.20355001078,101.41955220879586,32.4864226615055,26.207456295252502,18.662671398274497,13.977175884037356,19.46793369849083,18.75386116562498,20.78631046337373,15.25536662824302,3.722469200533413,2.416231690990552,2.448140823164711,4.384169293003285,14.55341707384189
3.955655,4.162037,4.162037,4.3512205,3.955655,30.4932514796698,40.42996809681373,33.47302931940424,28.769363565653347,37.63564433885374,19.833079173659744,21.883462358680177,9.62370561710197,22.364515484808475,3.0566424999999997,11.850001664374663,54.04331923569921,79.09657214510231,29.565519626212165,25.697339341108755,17.517389097534224,21.95302423390027,26.91055431613812,35.7368315963108
17.08029642844618,9.27021888493753,3.847921000000001,9.691592470616506,6.468073332537108,18.704732382453443,52.6091949592236,47.29767551344982,16.195441335897343,25.62554880839382,26.345280721743947,35.92715632096079,23.6038073457642,20.725281001012107,11.60881976566715,8.797421843982107,5.440970547423988,2.4676835017831777,13.0099007579738,20.203807170531054,19.986998308501224,46.385288766830016,9.397910088166649,5.0447943470235685
2.9854,3.1411600000000006,3.1411600000000006,3.28394,2.9854,3.28394,3.7693920000000007,2.1448152,7.904261441644138,10.84944694219861,16.550188532011546,50.50375628725526,19.709053293019902,12.188419143630023,10.023963140261882,2.831400000000001,18.81099045,9.221468845693936,12.640136448817175,45.15037749557669,21.994322950228288,18.919251446768268,18.97837601337032,5.431006226070281
6.212341660459549,10.551390476278169,6.536463834048744,11.03099913429081,12.06096269163301,6.833575826505504,36.87857255591378,7.204594059091753,17.70539602297295,54.70832037907365,16.24186370835208,4.55952,12.35652778526196,8.066298143824287,33.076133237167646,24.21458307414369,32.3262402473889,33.14217086791454,37.123050025059264,19.43971823648128,16.86215244929545,26.77790866142435,44.18733132047184,6.74742347394704
26.007657814347823,91.26550172559384,11.201238702535406,7.185053375992538,3.88102,7.185053375992538,8.247191701139263,20.87555435488541,6.452547652700547,8.817706649133012,16.870112004824417,7.125672769579375,27.26607389950532,37.51431046902711,31.906685310629072,39.07978831360869,29.050191863358688,36.50052987674629,17.774522823059232,16.414050234752878,27.671794210069347,44.27393715812865,41.02008330436116,31.532316080912985
8.181697737735874,14.053509600104883,9.866260565388178,8.999867511509462,9.377024504294548,12.783351655874952,32.41831116093599,21.591624183437386,27.820607504565984,30.561977458064938,91.05541228245671,48.61094021673301,42.319295248649226,35.871347279941084,21.538759621420937,23.58815359921265,46.47410786129792,40.92856104100421,63.45926765406395,30.97190074553352,18.945299115984483,20.401992609801614,22.90128901098322,27.64568119103153
3.731750000000001,9.604961692217438,3.926450000000001,10.0415508600455,9.128682600041367,7.34308456002482,7.499373012543107,6.558363099264501,15.45417668039138,36.7598630290245,14.385718699825896,79.88474601837537,22.38770090695317,27.313116211147072,2.883625,7.858605020905176,5.713725427389527,2.1027001963896823,3.155826683547706,9.2300204018552,13.371697503554367,16.74125802794623,14.973182600193905,4.482039313168332
5.371875653995279,3.887064214202951,5.88749185565311,3.940728000000001,7.507712882369985,4.555832756060879,7.771023512001434,3.055864769129641,3.7907308568426745,4.738413571053344,5.254951408351535,6.104236484448751,5.806104966983377,8.976003365038615,6.478557088242265,16.167448777442917,24.26501843420552,14.835300080852464,22.51489959446131,17.318379930214174,10.857628091639542,10.088436233681565,1.895502696676647,3.1133390639471075
3.88102,6.426014926932171,6.660265619625391,10.43054799155452,8.778989029039995,4.269122,11.084427887100937,3.907900632828059,4.891590582421864,7.057144870703102,17.564838308576537,34.823376302822155,77.45504554926644,17.661538280416256,20.34447250440319,101.21974564912745,83.90660702723878,12.611209922840825,14.413530699676402,50.887120725561424,28.10911881618101,32.5007664703352,34.33441086189137,5.309032891079522
2.38832,3.652597100699064,6.159869122237004,7.869629863215689,7.154208966559718,7.869629863215691,8.485925283355503,4.050384253382394,8.970622832244436,6.058314229409433,7.297660351835153,7.804591599883328,4.000428478067905,5.026892365391436,5.528252383250689,12.394663440353307,15.74342542220488,34.62311790517801,23.69233455003796,16.831227026466582,13.4135704221997,16.695846579400875,28.28112867593291,35.31109455569426
7.888685628312554,8.942569806740849,10.158150531923487,7.684195576044273,12.53514793005017,12.656956267325093,6.2221157541312895,41.57005849766288,44.66791150194793,60.563658972495375,7.508005208835755,13.674706832782002,13.218431471066395,16.02157384190343,10.59400552026492,7.968112897093479,4.463942015067777,14.22396753505001,25.726118383802703,36.25254300661381,30.043364262497526,27.23794676889264,32.86570738958088,25.528913534950995
6.633311617600683,8.982807571014446,11.15098439819072,7.213959854902749,9.371983665810028,13.32172128542131,12.312681085217337,28.11764637131733,17.958793891552453,29.27061000071706,29.634032024706155,34.30465608941837,10.9670098679144,22.195043973541654,36.308433686035826,119.85557472977854,82.36216620623586,25.645453674599853,41.22076722123719,43.15743142074683,31.277559616296955,21.48495836917509,20.45515420658883,27.40687388066994
19.712191027664318,6.407487773439398,4.174310361431422,6.531973969387346,4.270525670995526,5.197867982992969,19.837420986114665,17.281131695280585,59.180266768881125,12.764716414111083,5.367597098184544,7.139530871984658,5.617723862693734,4.241096553212849,2.4799175,6.727311383011953,13.572368750321974,13.098227332453137,23.761322972586317,19.676650619096502,14.768994754203709,16.456582159900254,16.352990792457835,23.75465649052359
7.012838610821776,10.332885392743982,8.182898053363425,14.37564534665302,9.701365052956335,12.043112554109491,31.008880049953152,27.028679924478386,26.88512515957993,31.9127574519822,19.906435427480496,16.073637312392062,11.91049161085498,4.783150062623694,10.098593838557907,11.25050505390237,3.9813721595419858,4.394437151860652,10.706205397527864,24.83030994140432,13.869085272363604,51.54360179924669,26.35236684354044,5.2850008570592575
12.373153273929503,7.806026782516104,7.806026782516102,4.020104065651188,7.861811193657958,3.7765310000000007,9.926391176688137,7.593073415826269,11.756205597664458,6.282502659730136,7.383266164478779,6.8856008464120055,4.8784824538294185,13.222695630834165,10.439098210755732,26.02673914952037,16.08619943368147,41.97301477376654,31.620822781516097,14.36559565652903,14.92828541179014,26.00961396187237,25.874339649577685,28.19892970972643
38.12742087184261,9.86613716711021,4.790269000000002,8.143720446210645,6.306979445432531,16.509819593230326,55.78314279806765,39.44050243797302,99.05792381237764,102.31980403385812,42.07533299090596,60.75229031571072,113.24596412928199,80.43219504006899,53.45243074025056,33.78871412407507,41.23735062251065,30.16379771070949,67.18849688371212,31.80162367901069,22.050991376607023,24.4420131762193,31.163885073798323,56.023003234344095
7.27174106603236,14.21989415730921,10.493386361975668,9.09736330350164,15.392185353578434,16.637833427881223,9.943038902661431,8.917098012504336,7.619448588444958,10.438577159044875,13.57803941285619,13.427197984014564,15.082044847643818,9.948997790184357,8.655509765976047,27.033535998232335,26.67511890230457,22.133074038772207,15.83370620335917,15.349461466807082,16.603432850641948,23.834355965831254,29.545989658087453,18.13763660041484
3.2839400000000003,8.11239980225313,8.112399802253128,3.612334,7.710132043463717,8.481145247810089,9.734879762703756,19.243691251347126,21.794689274900342,70.37886966314235,55.96584897405274,20.02734231699668,7.899075990773895,8.118976060456914,8.119093800437527,17.192402073104336,48.11974037996544,18.11155958406187,14.9865588427771,18.005310436953565,10.319120009655316,20.65180950248812,27.36364639365506,64.35345238423258
5.457864894414613,16.402790656091604,15.263511090822146,14.242645430866178,17.8180233010001,13.970486813329476,33.65267285935524,13.924615791272831,23.64004994017322,29.660234894744512,23.761045596817283,15.870442219330076,13.376082590755273,14.278586198485234,22.42939525276636,33.452027485834,39.681376719932246,26.452234880083395,27.317324777270787,24.004039627409902,26.00488725659789,36.78253904111139,22.13254716972369,16.746205629036563
6.109942256570231,4.460367651099373,4.706411926282601,6.720936482227254,6.10994225657023,5.177567846987004,5.057188051099372,25.574916817402613,24.48998197730602,63.422351073851125,5.7380327279094345,6.665391552622069,2.9056319999999998,14.139780855395525,4.721319016440632,7.546475297099553,5.971567049999999,9.460391384754704,13.401705916009382,6.427982858785399,14.9491032459921,24.01712296859757,30.2726851631812,38.59073800220224
10.731129484378044,10.59787807877271,12.837647717280811,16.875527150524164,9.842989689199616,19.379304965236,64.34498720005097,38.53910869401373,23.082392297183816,12.769201265223268,30.183236610809224,33.58241058121411,37.961958524062624,45.09268562022152,7.886539670587079,11.317063472686385,16.604201245759054,45.113104137548206,25.68917637129672,34.05330432074501,27.27172069054725,36.8357444746159,58.28343513273357,51.00898218978105
3.58248,3.7693920000000007,3.7693920000000007,3.940728000000001,20.973971193406488,3.940728000000001,44.21731187600848,53.13087945007256,19.92472994513768,28.65248790825945,17.925391968179373,21.571780644009625,17.027171539069194,22.62305787466481,17.533387370876348,18.42654854391085,26.865826637016337,19.420591406261018,5.173173228832075,1.4715955584000002,2.2716601303235047,10.299908558603027,14.128148013248058,14.341952658358702
19.254513000136622,9.015445331689044,9.015445331689044,7.954853687376894,3.7562306283159135,9.425238301311271,8.793239416746804,4.619289372087936,4.355800495248694,6.576703733011176,8.04684376712741,9.347343769895474,2.752704,7.945242204411152,5.588120358901122,15.790414248780623,26.715063324061788,15.40084874375035,20.972229157920676,26.385767388505293,2.7390914299754696,2.915974324732425,2.334599185026622,5.181679698529013
3.1346700000000003,3.298218000000001,3.298218000000001,3.4481370000000005,3.1346700000000003,14.351010413917226,3.957861600000001,45.53594123945176,35.23495107848413,52.70805270160879,14.657423251490476,10.246260047605196,3.549003597612565,11.751138672803108,2.4222449999999998,2.698542000000001,19.569522986732267,18.1970297940568,22.23045218908757,42.31223879018533,10.557413062236808,17.00456387628528,40.42119188691534,36.44528620373399
7.059988217768754,5.206218714565303,9.96789738863381,5.774739594026076,6.7582840593567015,8.097861613798889,5.866528163552883,6.8061791921398775,15.331104658569746,2.40168645,6.630249804513265,5.397882664237502,9.705781379165598,4.028676189001341,5.9217155040035765,8.155552408882208,5.929625811333982,8.81951336846626,9.777383003553794,10.338071076602958,7.606460763068293,14.53794413855394,16.63605137996326,22.43276636610487
24.167871980691498,48.53100173618468,26.636300791468862,10.767357557185957,10.942998157199892,13.61428834344532,58.34223228543624,42.85880274221898,27.86399420191175,16.15205323694634,10.276902617196424,11.472808807053744,18.676859779485294,10.147143745767174,10.32224709744041,26.91837267854582,26.408127006935825,16.903975378215183,17.58463424746355,22.320832846129928,16.509353461122576,12.574354409494182,25.063540984744364,26.902915722925844
6.674265036497216,15.480553800314953,9.211227662581528,10.530346682231407,10.662317713533406,13.094284792183648,21.08447752115671,19.23754878299365,13.913865455280163,32.25444603363014,25.019144974190752,52.74325393428306,83.76629708821093,22.914820597321153,8.917843124760493,10.451637957862271,15.88779339740974,54.27578153355547,24.472959565791744,43.98171007825501,24.19900929073416,26.489069632981906,22.801894740959995,50.29223523239646
4.254195000000001,9.176269315343111,9.176269315343111,4.6796145000000005,8.721247696400477,4.6796145000000005,12.353171178411737,10.634767097759708,17.870312635731278,30.28020237648336,3.995244000000001,9.514088396073246,8.934969971964438,8.086975136662259,3.2873324999999998,7.76805284440175,16.48946057351435,18.466560224923253,11.783664292616416,27.021787792545904,15.073464890786754,25.24446489222564,23.438010769158247,4.328617492715523
10.453676868270009,12.1614066166114,12.155459500182936,15.35347601363224,12.166234989252148,11.045977079632044,15.826467860885824,19.89998557184999,11.11203913031844,9.543853590327172,13.064071516087752,23.994909901043737,20.480976303941052,11.21189429945187,9.58617753248878,9.728649698505988,7.614957081909184,7.318002465518843,5.631129924314706,3.175091971558996,5.079470092634597,5.103805318367967,6.762178590143391,5.14556450162647
7.550617245232237,13.14445564478946,17.99710480392103,18.19840090629325,9.827520267273307,12.632190041628878,18.168964083869856,10.749061858038322,11.259836685275332,6.877026452806521,16.916903245391268,16.038320778586176,27.315600209330643,31.19638416989085,25.40501588756381,13.478023935131317,20.41336502182204,18.639584711679323,16.230600681169506,8.509934242736982,12.045972073243492,26.62982062384169,29.428012862033743,38.761042975754265
7.9374868532582115,7.829420853219995,7.647880817800947,7.8563909493252,5.325401383399085,9.773604471064196,8.880231250057214,18.20697615150465,13.576490609106717,18.57230788027628,15.281083721066036,9.435219774298735,4.377337021496888,5.881773253752621,5.434777139325647,9.244471230256522,22.812142160738176,25.416915698125724,14.896872549732832,17.569932713569415,16.76880251430528,16.6859109287819,9.81030798862422,34.14938115008039
4.17956,11.95124352938294,5.542759533957585,8.603623636930822,8.946920474586367,15.019690584470942,75.45790495022767,58.776421849447296,18.091377349833103,13.86713262058179,8.390401744519226,35.68969313271419,86.27869571227129,29.66065457979262,11.111628878598548,3.598056,7.960975172596738,5.674583103026954,2.6889755618568008,11.111187995616648,21.99331354693359,26.80328552803487,39.545712659908055,2.52756
15.108121886609435,13.687067020346207,7.918409995639613,12.048519108617135,11.638255953817035,8.27833772271414,16.31163870558779,81.8487046865948,8.812579034632824,17.960956433540424,20.107493555781325,14.19094852597878,70.79180392105333,55.773021183355226,20.132880672479804,31.606111763548974,40.080981399514464,20.85232201029052,17.072500015700044,23.85070542600618,20.34171587773693,28.3537482316803,34.0526279596751,23.666457022899863
3.58248,5.211117808827036,3.7693920000000007,3.940728000000001,3.5824800000000003,3.940728000000001,7.793497226481111,2.57377824,46.312212552685175,17.178998925718826,3.950567471587061,3.90816,3.670272,61.32439016507642,3.4731560624686297,19.291297052335974,26.46998601110321,46.54427421692829,34.91896956089463,22.814758486917448,23.66004327738974,35.48821450546597,36.12249874783578,2.16648
3.955655,13.268089039115608,10.268101561118836,7.246313310933942,12.610167268580945,13.871183995439036,13.987714773366752,8.786138467901976,21.73877835129038,63.213164651550905,28.30067623153033,32.84100085670334,47.71433971218309,36.74160646509634,30.941671180081777,11.955275853232122,7.293610900295598,11.373846783653526,4.685698747161589,13.39891984182688,18.178131813995304,15.76411169972314,6.100729144957735,14.078836736363048
3.1346700000000003,6.555849980555662,7.204703000000002,10.026463161490003,5.750066510445462,15.060892584302035,17.061087870103343,17.561228558889034,18.63010046609529,18.0551099227264,6.438499091333123,3.5781488794209366,5.593256205559819,5.331879855140337,3.994124720924292,4.449720533080876,2.5076852674065755,2.565380673502222,7.558960695360523,11.204881494180288,8.636568989428968,13.913609608918616,15.05401158977537,13.440196513172417
7.618035118589628,6.323872214765407,22.81118503519449,12.01041435634869,7.235619096395499,8.46090650516553,17.42725787933552,34.480301618130504,46.0991529966208,36.86171736188942,27.38203413725403,23.94568598490397,7.6277902447443235,11.004483844356166,17.672873572129177,11.114845598570458,28.04645582850805,14.805867995372624,35.69425121824001,22.28778843068766,19.007102705169345,28.30227108059169,31.44871946245829,4.5385402115814415
3.806385,6.69066570834206,5.198617537040914,8.554655419626982,7.776959472388166,8.554655419626982,7.312615727785923,16.125949075822263,26.670060205343347,56.81405698702069,7.303579330590626,26.95353553272197,25.791513074321553,16.856883411440844,17.313228265442042,30.655625477832857,36.83358000263028,28.210976250259225,23.1680061436914,16.588233075354562,24.98676869523321,26.792846550818247,1.841508,4.703062447728812
29.02394386725341,11.57369239357556,7.024950668503009,10.778796344840757,10.99979029141478,8.665239583695932,10.855936388908972,8.011690346753822,8.246260871273142,9.31482241495715,10.330237838893886,3.50106,4.001290829943861,10.235351125918182,3.4483740364862836,8.8699819188249,4.954586205177962,3.383988614371435,10.127208503968616,17.539056813009648,11.31860077089369,18.13737331596351,10.628291751836894,17.856469779655818
4.807495821313482,9.932974365625816,4.186937669602347,9.483390173096035,9.44043018220635,10.384473200426989,11.919569238750976,6.782333405685988,6.395462337981975,15.340350084021535,14.881510875857805,10.298651107861472,9.671776692600341,16.583109147913202,10.567902999492635,13.632522778819725,13.393691202042303,3.480890153153455,5.729671570787862,7.670085600311711,15.022740377702458,12.72620710644364,19.65509233000557,14.8878742612152
3.060035,8.839489734816091,7.051371319192793,7.371888197337919,5.973380234427576,8.974228076273086,48.80118112194248,8.115544160775281,5.691409401159048,3.002472227404437,7.205789696409701,8.635211335322865,6.617220043047033,4.6384640540097735,6.491811582105731,5.978304660386437,4.19466530898112,2.773326907300177,12.254118904512586,32.79146099028958,36.96938651383292,42.46660284545057,49.2733558410559,34.31114081769807
6.688531150920754,13.626556208043135,7.077622536139244,12.885551327658431,11.33977306475558,22.263176928107008,16.022659418916387,24.5114467847465,24.84916815657474,62.66937915918634,12.407411514337538,12.990451258990827,21.481200474347794,25.562791321194382,10.208960231704495,5.906070251471257,13.635704299651705,61.66597954088856,20.373355405863336,24.508270343406966,30.489748098714845,19.788286753098213,25.102515568752587,19.34270165353169
3.1346700000000003,12.133473671760202,10.98940851080878,12.062232610410565,13.567325893405732,11.643117268773024,25.3198687410526,67.30419461008728,27.540753452751712,21.89704070511217,17.135839701362634,26.930220367144617,25.985506137706608,9.877989847507818,10.169136626411209,16.02314699684059,76.88478154545261,20.50789048864337,14.532132979483004,40.25285657098276,27.92591783347341,26.96467095819888,21.17810638449066,4.1206123289876775
4.8816149224273975,19.10841127456227,13.431482618221484,20.82116190116818,11.33225870232397,14.511061041883876,21.61980032677699,15.93126106134805,11.95828293149329,11.20694033489266,12.653088135055777,17.255524200546162,34.667605739613506,35.62365940848269,16.95224465923872,15.213037418195377,10.068238344128131,7.464709839019438,6.21639999551304,2.898265332064536,5.922170686639646,8.094240315926813,6.338764639148527,9.630640907185086
6.002837613452503,7.290129920775308,11.441552218052529,34.88911642073498,21.92714447542357,20.53275343175392,41.49725261554759,8.476502968329,29.097877575397035,22.1036682152077,25.38750976356058,17.674463308116763,15.840968041488575,8.139016319864728,9.415234660307542,11.177892913035002,12.955523615908689,17.06992097811517,40.69093237692498,25.038411055640807,18.492658057870567,17.82333655665204,21.904198670073463,24.52484968437289
6.789249749879497,8.325894738266197,12.467454327517723,11.278494651910073,14.327536998417472,11.82129872396393,12.513699715960175,8.147940102423288,5.726431743156794,19.673918446184267,20.528485836499527,16.38710246462069,10.596765185081438,21.615515423474616,25.2145144860695,11.962401185581871,5.136643040929542,3.029010197409238,5.800942033156335,10.138828853371985,12.062344624051432,12.984582455096945,27.28219224444835,15.600533274309525
16.00108312906427,3.455276000000001,9.38606944975003,3.894169225917874,8.408216834870425,9.812708970193214,11.263283339700036,34.85433826521914,41.10966572190743,43.36462729638588,43.07573923768593,35.73724101803583,3.364416,8.27187037156783,6.89322530963986,2.827044000000001,19.60444878217457,27.68232183515386,3.5625951373443767,22.44722232419405,22.23585764133367,34.90535853358325,29.36555544372845,9.72847400664642
3.657115,9.165077706779623,9.165077706779623,4.022826500000002,8.710611043633525,9.581672147996878,10.998093248135548,5.335343193385297,14.932510352957722,4.847571974248,8.180399936629746,9.962951986045544,8.92407265814154,8.536255101659886,3.1809501559577265,7.498699941910601,13.491525321365282,21.203345107644108,24.366909418138256,40.26304812212651,30.567622784213142,25.43779691432226,21.256139516452787,2.350527126244328
8.734087096033024,7.246571788376656,10.567492422487309,11.973665406352426,6.255988273378269,11.973665406352422,7.573976856559669,6.308565610163738,4.2381476921104415,4.469381575882693,10.222575999099302,6.824714480049019,4.20552,16.47482853813774,5.972334511717772,9.37069466584103,5.4667445141988535,5.78680188422948,12.502032864583304,3.347713286223426,9.31621863208409,11.766802697254892,19.73124471725693,34.08446682781224
1.418065,6.262372523701523,6.262372523701523,1.5598715,5.951841654757645,6.547025820233411,2.31085991167653,5.594954113717572,16.997160286838728,6.4959125681876895,3.267115109540813,7.900518168826521,61.902438198055684,6.926580443502543,3.8029292628614857,15.0563222520378,39.2117638825178,23.89106529060958,21.248741342301567,16.390785076737817,17.620013593440277,24.055315040458257,11.08316743317708,6.383734291471348
40.5646503814027,6.619719415689465,14.323957649627692,14.97504663370168,8.595866492340196,9.383295899585889,29.240991120514398,17.225843254840736,12.261828443122525,5.519210963819788,9.705444344015532,82.92745208554375,21.219521784579015,16.648548172436143,17.678558677893918,9.189047625734776,23.459641909488997,28.861775770617587,64.08358373353208,25.15155828026155,21.13989762019748,9.542427661603158,17.339197450520356,8.232778063084286
17.272216768041687,10.985319851873118,10.8985934052287,8.670514522238772,11.276319549495248,13.72035197167626,53.49162850947069,23.810626418575644,22.94494613291469,9.736743592752642,11.713818284118858,7.376044260590979,38.853419110831986,73.41283442558522,22.598030562050205,8.279163887389108,10.10065296184282,27.171900984508397,16.285599607855225,2.3873969097362755,3.331694062437151,7.517045565252308,19.28315989458695,37.22978006662152
3.209305,7.8294038582563665,7.8294038582563665,6.556018228678757,4.478864186858219,4.22849305277202,8.326646983926112,15.157479737284396,30.40946783365004,24.81990867771713,21.57070293459451,19.14439078766094,16.807951510380878,18.780508586922398,5.749994193422685,6.405875884027936,4.657495296672376,3.3198626474680704,2.223777587823934,22.09800080095057,24.895690775592723,23.842058755603265,25.13350621339192,22.60012259447684
3.33454,7.15667579278916,14.426996577208042,16.581254050159412,9.277879605040347,3.912030980252019,18.344395928995738,10.82959058991439,6.285341710614607,6.204073282205887,13.35187569671578,12.412052364404424,15.443266438380594,11.473482436412821,4.2218374923253865,11.100269902025168,9.093810472502254,1.4651232631200002,6.019978298511236,13.840948942468705,10.223481813977488,11.678922826922737,15.283823265332453,11.436950451687563
3.43321,11.737383877762284,11.138628965421544,9.923509909051978,8.57468273999585,6.357213102505489,10.851584126674734,14.98556757343424,20.78978033301047,38.25943880938367,6.662743611172536,6.228510921202774,26.452801695563945,15.66578085404272,21.43319125909705,27.20489111786157,8.666133040725489,24.91180025916338,15.230668034794457,13.4618426709435,10.939278527922788,17.52116048993422,14.117320034767245,7.974328727255641
3.806385,16.94492930997162,13.128602155543197,15.102162176107198,11.285667141623875,13.77726668818707,14.027508362551416,18.15788975095604,32.441817398097896,38.95358628680984,35.48691072961452,44.269397569981656,22.67052886785485,47.96773882327591,26.935996865012854,31.052762501892545,24.375644142680912,22.763177910241343,22.92856266418596,23.57372537083144,17.509776189147026,23.209696594864592,20.824468293175407,9.739196785971668
9.326099446356263,9.812678547905287,8.314428489385664,6.603887278542507,8.376795001564217,10.258709390991893,5.182914000000001,43.480242612876,43.39644771715127,14.403794309899718,8.758423827882403,9.138321819888237,7.123224095930026,6.447177364603333,7.206531390366203,5.576873261617671,24.4468106085232,33.247578866619044,33.82024603415293,44.49752039822984,24.94613646313168,30.164855155072377,29.13031897159036,9.503276958575189
18.6772171179167,16.322617913113966,12.66643083627906,8.191008142530018,8.516422744901018,13.242177692473556,15.596330673842193,29.599555427243068,86.66216644850113,4.81684326515023,9.19593761733239,13.132738207411789,21.809993543637425,71.35365788202202,21.21953026586839,25.992950990568055,19.73705801486176,37.81523147067215,12.871600271855671,4.811672032734569,12.489577019792856,24.08354100649766,25.85568667776811,11.659818494668835
2.910765,7.018614286138427,3.853827657227687,6.303692031176722,6.670583825668753,14.65372933398027,15.184052551916974,19.367192320452,21.027023073534863,18.710526911057507,13.78358519579928,3.17538,31.38364015031772,19.64440589020813,6.4213685083303504,7.284500676277636,25.149178299375983,24.02865170491505,16.807446780745742,9.478309629949225,15.825364145101377,19.887689410049337,9.639358559781092,3.124499656902733
6.972159375024801,14.639034021258736,8.006972893130706,17.034597686378575,15.485997896707794,31.01904767323857,75.70886263843241,31.466505244494105,84.87734180669145,107.86434338227645,21.13516008458804,11.348954821074877,26.18091330436961,130.2892845393195,71.71264354827348,33.37784372201724,54.88257585569711,6.909046989620391,7.116324093247982,23.376330622645884,23.77057774256661,21.95119981101257,30.886429891239555,7.819382499035781
14.149691102244942,13.237803117366289,13.51995481930575,12.183548503147152,6.434180996159219,16.545762766767105,18.9916581322892,17.06165240032087,29.25935408551663,81.27790859392312,29.13566853200592,25.739535019783496,39.013477285276515,12.997948668628112,8.852763381704898,9.082948161603897,9.271623011058653,17.89812535507895,15.96986207277313,21.002897279377443,29.917524630034983,41.25628579494372,8.808628578084479,17.216291547148987
7.073782740622352,7.23954453290904,3.4965370000000005,7.48130346321613,3.402528887031118,7.568614738950358,8.93141959946405,8.156438941349798,16.92070831531937,5.990207838990655,6.643204660758383,3.50106,17.906617753755956,25.746619775782623,14.656504958764717,15.897993225900656,14.442392523361187,13.391059328714556,17.581089136970775,16.469353525933514,30.85361255038209,18.011567660103033,17.91255825690614,20.23415864619337
3.7742094134898303,7.689386920757781,9.119487779804183,2.955546,8.667281774194059,9.534009951613466,3.3924528000000014,17.8369368139611,26.698689593909425,21.38717882564459,31.78386795902445,43.79257073794192,36.082726400164894,17.008453885877156,10.05711587851988,10.507509532466226,22.47207852775187,5.287804644334696,32.611526623211,34.06135881893942,16.004719698259812,26.37716946077273,1.4314014073232757,5.241478701390083
33.39457119593581,6.85320220829718,4.319095000000002,4.515417500000001,6.513373999621284,4.515417500000001,8.223842649956614,19.96846541219178,15.729890976977522,8.634679209886016,22.657580314486854,4.4781,6.6729902794539,6.0396740723760995,7.6179414913397,30.21806023837381,22.0012101320636,39.0446297101181,47.06124751819743,19.453172537513076,18.5500583183088,19.52060824290724,16.338978123064848,37.66117846191265
21.891923531066404,56.073677058167725,6.002375345980758,8.938087177959762,9.201443531066404,25.16648882640079,11.617822614876893,6.030908851619535,16.21398760868896,6.6530747762893405,4.094467575265094,10.037938397526984,9.426933451590559,4.541600628517618,5.9283393117750505,7.921242691961515,2.897225003541161,3.3851831652132462,3.6747364960981455,3.8581884811931983,19.7066547348744,25.358382034030505,20.008130196783785,4.263211391222464
11.272288296865588,13.946591896731354,6.083454969765959,6.359975650209865,3.657115000000001,6.230134030753763,5.2136475919375895,3.7298309503796254,6.299214131740684,4.896130015016931,4.653890165326886,6.822488060860443,38.80198020363726,49.52169929165962,18.177432191826032,4.9773722479903295,3.618878706751645,1.6316145430200002,5.69501470071786,28.891635090957447,6.150337934046736,10.515579879840493,14.39423051734149,17.04790588594312
5.596330456827488,13.757974871022885,14.502759992217374,10.574258979172686,8.981861943307889,15.332129811424378,15.121015659582731,60.630007379211605,51.819127705261984,41.26833044254072,31.694019019462907,15.386717821261527,13.818996771593152,8.858319542178162,10.91983443978963,25.436688443827165,30.36717254681423,17.74090084349097,8.576472559973185,18.14362812546452,5.098637744875045,4.9246066661101375,5.857602185854984,3.8478723663947134
22.800461500601543,9.806923439944995,9.806923439944995,5.1622272478727655,5.946636325126803,7.960128060424712,36.57834714032943,32.184361817014086,23.21455735396729,21.731479760716795,18.562068838966454,21.89337209619255,16.440484572066644,8.771604078992791,6.236017210305601,21.246757564798536,53.85617212440472,35.6860509315098,29.26741303518384,54.949124306814085,49.3787232339501,30.554175525860057,34.87980150507259,25.276086981193327
6.511158829427262,8.51400178268765,11.740006834512078,12.789411482884644,9.434346762162146,6.221412925378594,13.16529757569035,24.889184318130813,21.069439227889333,7.066340265570908,27.64738054115559,31.665756337534493,72.26701495777246,36.100467677541616,3.3470000295037976,10.169061015760104,6.250113992095099,56.97855014204802,12.482646689645827,24.229967624349456,22.86790589426696,20.070159876731985,28.970394940085768,3.9375782644362487
7.352747384165196,10.232694664348514,10.232694664348514,9.93086461778852,7.770758398197288,14.84511127167334,12.279233597218216,8.893275325135654,7.061888845206141,9.300255762922315,6.90518884773775,15.139122505205126,62.22982892030532,34.3068262988614,9.493929888833362,10.719566576881748,27.169924830377816,12.96982836616922,3.8839418830540007,5.428949508708056,2.888641854632664,5.389863833415549,5.617057920771887,8.031893956944456
8.229040996550944,7.746820974021153,12.9534180299486,14.357172330783854,13.05197484616714,7.005322986780986,11.756439882654943,9.2533234105199,13.729465547127685,9.274377289484644,4.305289910800944,15.540604094359004,24.863089625532947,12.760216349742334,18.936316250945147,15.096725655212866,6.290537344059679,8.374629682769706,13.76028358472612,19.73916343152238,22.431894539998297,20.512849022188945,47.89354745619613,24.484713935132813
42.47118014598584,46.77454668518551,72.6453421198832,31.888542483102164,11.579729963814568,16.180372009279104,16.8760256702816,55.92838674094054,24.995673565349254,18.49261296737194,31.128039735315458,10.09182634884719,8.516082857534446,20.54680040157577,10.020714617713075,7.726325617436353,22.05686052916986,63.77614934487476,25.921807743088504,24.730242839374284,21.40342864774276,32.45298150908237,32.925666754338074,19.3711484767559
3.88102,11.458430260478782,13.674075909458638,8.803795011750397,13.691092366975548,16.38656995502035,14.950137001954513,5.947108638778677,11.035687151246616,8.429911271622565,10.642949914414762,16.251143757044968,15.316956112466254,8.578006669621375,8.834501446647092,12.578524176422945,33.769534981706514,22.962572633856453,38.73136896351259,18.687329408365635,23.52735783835496,26.51882782880075,15.136370790133846,8.05413793616759
10.778228209107263,4.482785217682726,10.416661296488812,7.344870179759353,8.760945553760141,10.200213665772294,25.52196242335568,62.41990402933926,17.714006410896896,9.12719961525765,5.4148429961091145,11.758067137207924,5.9071014503008525,13.2649126707093,22.269608146536232,16.05062526759748,46.51571283976451,37.745036650141216,35.791939788823406,21.444054113259824,20.123907673870963,22.19676564514708,4.011832110014133,7.478697049035852
2.462955,2.591457000000001,2.591457000000001,2.709250500000001,2.4629550000000004,2.709250500000001,7.518020400000001,22.960097956198155,25.131301422236877,2.0856750750000006,2.313036,2.68686,13.218004434252755,39.93087689903195,1.9031925,34.56285807846656,48.06538795979454,24.219417332656597,27.72106492128392,35.91574293687668,24.9365886539083,29.13592931009311,27.4356354210409,41.05249566837736
8.0202312996171,4.083508000000001,11.047755875217993,10.186090513198808,9.12232106415851,15.784750027051349,43.58314248129731,29.87755945623942,42.10336378667056,47.59887831421104,31.49097516098813,73.43515056893116,19.79282912022329,15.67131628496399,18.092470430702317,26.31084388305239,22.77857051208692,20.06905457070238,19.26835974953705,14.964612534911987,4.548490792517162,4.391878738465806,3.880143522028195,3.846602614400717
11.901040537251298,11.251175305391838,12.004678674799887,5.657389754671832,8.548543050391022,11.907696913854284,26.39588733534793,8.407236645617822,25.81255511455011,30.81817147374109,12.202833272026892,7.926946073204806,10.960409053264826,8.338809599697646,7.9386707141841715,15.418324281976119,20.5136103972595,42.82200770364389,61.69930158391036,66.60589629700299,21.93186246209898,32.18800655705267,30.262362855690498,2.709695008741449
8.990746856195601,7.067672132330308,6.536081650433339,8.778314170576039,8.990746856195601,9.889821541815165,4.334800800000001,6.4592652631207015,26.34616081973869,16.641411118055128,8.123667774697848,17.96720740003202,19.90591746627081,8.336874357563191,6.947395297969327,2.955546000000001,5.627390191355155,10.123881361812945,6.587426067168774,17.500465351139436,11.875075924853697,18.584247695392985,15.485791784303387,4.214953073296977
2.761495,6.704582443529032,17.26648394338673,14.455252690962167,7.94921770491028,3.633398253644326,10.948513664298906,41.97165580532868,75.83406876008966,119.2532838743081,31.524007297668465,6.899383353191736,8.883842792969808,6.382475219761351,3.4170328640991223,7.794783717938355,5.027722015976036,18.062514343963407,20.660938721319624,19.271949858119807,20.45136529575808,28.35588710353641,18.645356569491582,3.8534977981214937
3.209305,13.018051234579485,3.642474933168567,13.054167884980636,10.581958497918608,9.10777743400086,29.88924122753138,12.122436047611211,13.207894920672684,5.1004342847176725,8.976937373080393,16.817495350684773,12.056539669587263,11.69086758890368,11.524271827890521,17.20231697183357,27.30748936434463,28.12656809480037,4.532533809480467,9.5404423441287,14.495268120090358,7.862732137363321,18.23789352027813,18.832135141731
4.03029,11.732219841031275,6.6365840478561084,12.26550256107815,5.791366232051523,10.086170723914393,14.07866380923753,15.573987541886076,9.98770985882104,5.2063205139794455,10.709355036410336,9.679908696154566,11.423709176541342,6.364978829644827,6.668877116967166,8.841060495743333,6.10814055743934,4.523211164964958,14.73527129652854,14.437665471927383,9.673649456825917,22.51194343048434,25.20780039005383,13.45062328782778
11.286551706470952,10.475179031908343,5.250371534880623,12.415206877118052,5.003651360269572,11.025950568784458,8.08945886434843,8.108651321640261,5.934929390816514,16.01234297612088,8.083673080767769,15.671575692948348,22.527088367001177,7.334423312376295,6.185506110305528,9.716248860353254,17.648165084250298,14.815879543439667,12.995947863501511,25.152669873090016,12.857155699229263,17.678943936819373,21.140820418600907,5.484140853540903
11.339027685765656,6.237601252214276,12.201725695860675,12.75634959112707,9.793105121484654,5.148651820709098,6.033938984366664,8.331459313983544,4.988023607708535,18.923166406459224,25.572080727536704,101.2198073276994,13.576000131416667,26.232861407038015,22.9960165323943,21.16347450603019,32.0281634134296,18.66083309671627,15.4357885218651,25.68845868365184,16.862438303846833,28.10068888653789,18.793051344846297,7.01301289055854
8.645162891272241,4.703008749353161,8.633772118855028,9.751410617561346,14.766295335376215,8.744687683104432,8.14080134573086,2.89550052,70.89570251049268,57.17251270633879,38.66613923036255,45.28627423571035,82.26659661151578,24.961416795199973,3.114315,7.631538744178447,4.54139007219328,41.89917298711766,21.55163767980937,17.478618496441946,40.14719794214197,31.663206312302574,47.6538238609865,5.360998291365024
3.88102,5.803164162564894,7.522820325129786,9.919420819856075,6.449337645389126,6.837439645389125,11.385769984530455,21.48494412058709,23.371345934440747,4.868262357309071,6.495312042787614,13.54870592565115,9.238641309761748,6.8463061466490585,4.081484048883019,9.261165881058547,26.315808601184173,12.90189298139467,20.214700435547996,27.87799371787937,22.10109845190151,22.47948746989061,2.5553639262571948,2.34702
3.58248,3.7693920000000007,3.7693920000000007,4.330348,3.5824800000000003,3.940728000000001,4.5232704,2.64193974,2.4269673600000004,3.0337092,3.866198558637663,7.449213366486834,8.340913239735302,4.0491959999999985,4.6202970492575455,8.144452426245431,19.980748593621957,13.051641253639511,9.543341075809902,13.681263652692836,14.494914700359525,29.31848259374261,25.278099164208346,2.16648
5.825988779566989,9.495172205924469,36.4293658143152,14.64391846651056,11.417116000073714,33.23912362026549,12.628297722815695,28.46388980386249,33.07607927276203,35.36627232213459,19.743161992285646,34.13836771198561,35.873410118434705,6.368001312572971,6.9733514885733765,12.183594491703449,26.16930290142659,29.26550240140836,38.85466842658923,22.0771975523968,2.865571663475025,16.813885847771267,27.36374151867246,11.3233381708892
3.731750000000001,10.303158807923609,9.723458007203282,4.407950418558356,9.792258371167064,10.165433371167069,38.32265439863027,14.51468731340921,22.972854176996435,16.254841679065443,6.867822827319591,77.20618404691942,18.753592727934077,9.080094125991277,7.566745104992731,3.212550000000001,6.129063535044112,4.368796487779445,1.7103635357411788,10.550530613139667,17.52269796397734,26.69181561717408,2.471772821263788,4.922241285055151
3.657115,12.06846971864897,9.672725099867328,10.690388753693233,10.67810867107926,8.722124557123822,10.501541834249265,7.611302278444636,5.087961759025418,6.359952198781772,7.6465756689403825,7.4288851107054255,10.939785642465392,10.168848622580281,10.996094557732683,17.14715421204553,23.406642370928395,7.631709242891614,31.931940281276823,14.880103210507537,16.275347445022202,18.98661995144317,15.952647246207736,6.936423241747905
7.182336056729056,5.820287316800941,9.541957281374378,7.122402306172968,6.239102897663612,9.975682612345938,11.450348737649252,14.50870518125553,16.456910891438284,21.318394249644,34.648840752855946,76.33753157665066,62.57953663658826,7.971935919303423,6.278848939477567,7.537700460674263,29.467185832525185,9.737309771580325,26.948120254803225,16.09811257326551,13.553597136990438,23.81625896116136,10.526926343145254,12.211675746650656
3.657115,13.934772229765311,12.552046966403331,5.227473509747182,13.24379178861992,14.568170967481922,14.630215632268692,22.82178756716526,25.09438689866924,5.797996333416168,9.014182749645716,14.447772860312645,8.234619649679763,12.280606931265748,10.10912682057909,91.44739446486174,22.00759815170299,19.34181085116468,20.73690696036429,60.182766975709285,40.46478042865756,32.33553322484634,12.083579855004777,7.479271879380806
3.731750000000001,3.926450000000001,3.926450000000001,4.104925000000001,9.117804222065532,4.104925000000001,6.915876000000002,3.2990166,5.753763719999999,16.428630824073217,15.529998099125518,92.7318484888666,30.479762059119416,22.498658939450337,17.36374883385768,31.477777118134853,41.493333143699225,15.743512782266498,13.822185405576162,18.65030413919085,18.687406843655,22.28460045709636,12.217755199713114,2.25675
12.49189600055212,11.976425508367631,9.78407301348769,11.162981672007245,11.15773234614839,10.833476523589848,17.086664926931892,8.338383709265344,6.202413415563056,11.667834381741638,22.68685429254638,86.52283059705812,32.20280017680996,31.155055292251564,20.745415004081607,20.011718102080444,8.829003506959419,5.189773138672948,5.437756846070303,4.9830709897035925,8.205898400314505,9.49667087993618,16.35690737989717,5.374322643213976
20.35343151026255,10.992960858404285,12.530131026271828,12.604707892297252,9.672886472994238,16.119827117268862,40.58987035566893,33.35017491667688,28.64950039643087,37.8255931920805,38.782144231627264,36.65270585006033,43.799435076065116,22.366088095216,16.860628880045947,18.841461799230597,16.758485424747203,19.00121319530344,21.058594916961194,21.160668963947003,22.410946309049628,32.95340838640373,38.9990554184358,33.873085438382326
7.721104305557063,4.083508000000001,13.36564564894904,13.973174996628536,11.331427680015306,5.476005638889363,16.038774778738848,12.975048100960077,35.92492707288182,57.48903859440677,9.59039561713858,9.668511332742908,13.014182389960892,10.885093372063631,15.02278327528851,7.907036069120662,22.57461082766562,21.20189767134107,15.423977727254124,1.5942285216000005,3.9210850472854055,3.953469165232829,5.083979535706852,4.05591552711486
10.020184016346043,10.542976225894536,3.926450000000001,11.022202417980644,10.020184016346048,6.305876905721116,12.73515202704674,32.393654642478786,31.1019271998324,44.92955553104176,22.280716096605584,4.382823174364267,10.265737932952153,3.4603499999999996,7.742869467176486,25.27949186559089,28.559251203933155,8.789300099686008,21.789268253604423,29.33542119685879,23.68668858505517,33.59992179197683,4.847709579449629,6.059636974312035
8.51999539810025,10.132132240532378,9.58494676738234,8.64679002204279,14.347030481751524,8.64679002204279,18.114685443046277,8.740818348868448,4.373760875114602,10.971461261268436,7.912077949065767,10.902717032612111,10.239073387148768,7.552484443491486,74.60907171627288,12.350921892986097,2.1955920750000004,6.400898955372477,4.477157701207903,21.43219164443749,20.449927252534625,26.95245828955234,29.45161031638949,37.12128744350938
9.432099258801037,13.25382974580707,7.412124792007551,7.223785629400519,9.432099258801037,7.109761377423204,20.703941776257093,11.378257451782348,15.115645825161446,130.58143676765758,38.76528904557396,121.49182749715744,19.721042012100423,66.70353376127142,30.798879422937603,38.87168374724276,52.7095584571589,57.421618349501465,18.481686715479142,38.15872236762033,20.770482209929664,28.971491208190823,28.001614887554457,2.52756
4.403465,4.633211000000001,7.065080997836342,7.3862210431925375,6.714746402902306,7.386221043192538,5.559853200000001,18.80066799115508,4.548935472220726,5.686169340275907,5.933186434930201,7.351533423592308,6.879297500522837,5.8692031749699645,3.6011208527744407,5.780520816411552,7.65888083691221,6.7306725001357695,17.89109898101797,2.2307998185931703,30.576508441494106,25.71693339511034,16.836837904559886,2.662965
3.806385,4.004979000000001,4.004979000000001,4.1870235000000005,3.806385,4.1870235000000005,4.8059748,2.9527561800000006,10.970423586317985,3.2233160249999995,3.574692,4.15242,3.899664,10.314747614954205,14.692665946102021,13.805517763703728,9.292427390681125,4.450970785579295,14.519462753438532,17.035093789303772,17.485803465193605,24.16458546196809,26.97578437894236,18.549113962354983
10.395988027697635,2.434399,2.434399,2.5450535000000003,2.313685,2.5450535000000003,2.921278800000001,60.37107797067116,9.32594601304464,63.911331849660925,15.776066269339433,90.6153917514374,33.6885209326729,140.8668641011303,44.6140641152717,11.835346865588908,32.031274491241106,56.65741387982129,35.625181261447175,25.63184399086314,14.144802799476125,18.297721803996613,1.119348,1.399185
8.798150371853247,6.2384366521488825,5.964005047408078,9.677965409038572,8.798150371853247,3.3660385,18.741601136647635,33.88777749975079,37.2580417482821,67.65438966085424,30.282930064564283,25.927015626462328,72.30272664039244,24.64874375581629,16.795228854575342,95.76950086567336,48.59930981238839,100.53087698508172,33.755562890053426,50.26593583971825,19.532813403751817,58.01437236150437,24.033060436963567,11.716286188849026
10.080386964649035,12.927799384718494,4.083508000000001,13.515426629478425,19.214207196930243,23.263662493729814,47.159055273190965,63.70922931353326,80.77202468395008,84.59703620138471,4.56570136349008,13.40372888873893,12.462270098513681,3.5987639999999996,10.643761954146385,64.69524160269727,39.995006314889245,49.128370714425,35.325561495063894,23.147490834738434,20.0860189296087,47.068281046656914,27.036622608289893,22.765220021985662
8.534569401976995,6.774961065638741,8.655804028434074,9.049249666090168,8.359415605536514,12.312040053959484,6.605701123467389,9.740670264883368,8.529249500585605,3.6025296749999995,7.725841612156031,4.64094,16.224162933647474,25.35555831966427,20.066710373373603,21.34215887770399,29.44559277398069,11.640193960610848,23.08492341972379,24.359684391482944,17.77688233241858,22.72882201590601,20.083914937689844,15.347649961445624
2.015145,2.1202830000000006,4.677809133664571,4.8904368215584135,4.445851655962194,4.8904368215584135,5.613370960397484,3.194054467961709,3.011862412748206,1.770734925,4.175234598642756,47.41909693539386,32.512232841306,9.671308577700753,3.1289760395257438,6.327744960522597,4.409847586060046,32.961267239523046,28.44759507497788,9.848573623739563,14.053949101897103,20.40346251974538,25.084207694454083,22.44228426204246
4.9391533032553365,5.341593214905614,7.070852429811229,3.7765310000000007,6.720231648167696,7.392254812984464,4.334800800000001,6.11936911087463,19.470156786153733,5.69081434569837,3.885719586339338,6.3066355700008,6.884917166818445,6.231487528300954,2.6529350000000003,5.785242897118278,4.206254081603143,9.742149245919206,17.342513817444267,25.25526611719212,10.739188911111691,11.546716100240614,3.2512108843309324,3.780041661783141
5.99339876650221,8.736319048133907,10.0046719644242,9.584923137759796,7.114920860739247,6.592738643152432,7.567317399096704,14.589381521529596,78.45119820816991,72.20660609211991,33.1534209669397,43.96701650024681,28.853894376645645,22.45843659950169,22.040690140163132,20.06784640149948,27.21391855938715,32.96788708517277,25.990538493679548,26.709142929559995,16.398723376725894,23.78447461248416,21.190142425806044,31.673855720519448
3.955655,4.162037,4.162037,4.3512205,3.955655,12.62508417040267,17.41962201925633,31.912696872638172,20.63238861288061,41.75638275597679,86.25700665359811,39.7692807829575,24.02798259861246,25.674587018803624,3.0566424999999997,3.405303,2.475880425,1.7648075669400003,4.137591365371969,19.48743241477312,18.865926692067543,58.89861616730847,1.913724,2.392155
45.96329233825737,98.46519895740376,90.24070179003844,38.06063082550089,3.1346700000000003,3.4481370000000005,4.756461600000002,6.047288280000001,6.811277040000001,2.65449555,2.9438640000000005,3.41964,12.68347444772821,8.849697111506233,2.4222449999999998,2.698542000000001,19.777219808768606,27.66674577453969,27.818063434880862,23.403324549003333,15.8416425624151,27.918913003743604,37.96620084457325,68.20414417136024
33.33685009128807,6.694203908647505,13.21677025571028,11.119578710685529,7.446082385558364,11.96444675691416,15.860124306852333,12.222131949611354,20.779782249114845,8.139639064645335,7.191600864049883,13.703338056258586,9.663966524200754,8.49514054902848,8.555134001331435,11.284853466719868,5.150921601686796,20.741922142017955,17.52194083219123,18.82952727390474,23.734213154123008,34.79722061356616,35.57727965826504,45.38946254788181
3.209305,3.3767470000000013,7.310709044145994,7.643014000698083,3.3962494773044583,7.231736150628273,16.669455089396905,6.978505158242495,2.3695497000000003,5.883857472438234,6.525260965022869,7.579848595733635,3.287952,18.04156498195919,19.97339563401786,3.728401865381289,23.33492151065578,57.54516795994154,22.48706058108697,29.455090631536297,16.354895914838245,23.30268653675828,17.491946811056856,8.20826528438022
3.973871718198324,2.3950724874226066,4.593388386803451,4.802178768021789,2.015145,2.2166595,5.512066064164141,3.5726447447743888,6.72129414,3.6968839028200793,4.099883849378286,13.106073712324902,43.74337627134786,5.17835121220459,1.5571575,3.758226861930096,2.732479406432232,1.947711320904896,7.553081696452462,9.29237551047579,7.518402143383378,10.654326043922332,2.1120613769524503,1.218645
7.8090519292005744,7.05335686445575,9.187271775619294,12.194824095785616,7.117062441000479,8.135152431678389,12.841444020448774,6.946070041890095,9.366571055904686,6.067392959019565,8.323052952298442,9.795586260710722,9.467355220838428,8.326248321604117,8.667688951538675,7.242942826715313,29.999782290156677,3.3810829913818137,2.769304965731318,4.070357104062019,3.4486177558464712,1.5923628000000003,5.363444014819115,6.387890113889691
2.53759,13.26526804086713,9.907802078370986,13.133345623933492,9.316769864158514,15.301409163198104,9.147093679664522,9.982065642010133,7.3092935679603475,10.417822953284904,10.759157296303046,6.540546802863259,11.848592922059836,8.430377111418828,10.863502590047503,25.871869039245595,7.155012016741514,3.9441429656026674,18.67038713107525,12.637511018425432,1.879066456405304,5.028603859887673,6.35156361530288,4.033166900233771
3.6429973694988433,6.16665549368174,7.981668924066553,4.54944397526497,5.368010133914158,8.344472056978665,11.302978708879865,49.81165847281441,5.139091385835124,6.7184414535478885,4.970900555294022,8.27550947799537,7.014374612192291,3.1495439218854693,11.882875723269105,6.530456392418088,16.65986440816295,45.914633138116045,16.168487832750937,18.180503087454984,22.009976273864805,15.145292799272958,20.91192096353268,21.83674240969127
4.254195000000001,9.555175788431214,4.476153000000002,9.989501960632632,9.081365418756937,6.127765625627081,9.526947699625538,9.476758580105203,6.152212281870607,3.6025296749999995,8.528586654136951,25.703676201246115,21.564231923411032,7.706554037144361,17.403982273477318,20.19437207758347,22.84315328481493,54.359216835201934,3.3638991159892284,3.730403802519503,1.500395724,3.954162903281677,4.393514336979641,2.970767443803347
27.26693024890193,3.690863000000001,3.690863000000001,3.858629500000001,3.5078450000000005,3.858629500000001,4.429035600000001,13.183890044275728,2.3764055400000004,22.529566617666102,3.2943240000000005,3.82674,3.5938079999999997,3.252729,9.514480223662794,21.91562631376766,13.82849128303843,19.89838727406692,33.635303061382324,25.74775842070333,13.475280797485755,24.605169584970515,24.85158283699697,2.1213450000000003
34.3353596842374,58.724237494373895,22.196539293394903,12.349176393951264,6.916557019048408,18.470342208020224,12.43470602312486,11.845832584645423,7.389898634736028,66.57561067493428,7.236652355184178,11.186095215591363,16.737327007229087,7.311723565647326,10.575609193818984,13.630990512256039,7.127746864914303,4.100826044015867,15.861151115133254,18.15822385353461,17.831987085384522,29.31892274500398,15.193117823269777,32.49759150473169
3.507845,13.910198611069896,4.60110111923577,13.590867786917492,9.851928861340204,9.568304975206187,10.13852387478634,16.919812832853875,52.19097308490286,10.88895654208332,8.756743718476175,7.877593626908386,13.544415777570682,19.60661966099078,8.138450791446644,10.010142637278618,16.812748961236412,14.974131617124437,14.34059735692204,14.436891498259214,12.915386930571906,24.20055482588411,22.49562110805071,26.3825887289502
3.43321,15.38487856015449,12.257621264271547,9.14544090954551,10.752009969865233,10.510127967547222,9.885580713836992,7.528903947763167,8.697622129245485,11.878788351799438,15.870357723113097,12.641195613071028,25.963530258979468,33.955599042040554,9.180258180066852,7.234754643509499,48.203294843837234,26.466155289115022,60.926707164783295,20.46331791581523,16.271326797568218,24.205669677356887,31.41954437093759,19.772922786059272
18.85342233650638,12.980318445061435,13.172847862336068,13.771613674260433,7.91500983105485,15.274083416453488,11.94603637207695,10.438750366688538,6.328159348355382,12.728431980816053,22.68038954959473,13.24560491315432,48.860784037844894,38.3111262774375,34.39671845029636,42.95129276524648,52.26838302082813,15.593753119318,49.53364533110061,21.27288566559625,34.69722629740378,19.74132852741833,21.25189715069667,13.583313693825549
3.58248,3.7693920000000007,3.7693920000000007,3.940728000000001,3.5824800000000003,3.940728000000001,4.5232704,2.57377824,11.5797033921756,3.0337092,3.3644160000000003,3.90816,3.670272,3.321936,2.76828,3.0840480000000006,17.988295301592338,8.257536109685327,2.253593726676985,14.234748515956404,14.31895889807365,27.46075644656624,34.64393313347788,44.89770139590606
8.129195949135493,9.50283092540949,4.083508000000001,9.934777785655374,7.1586721074039374,8.132069126583211,8.743002219835821,24.799467499229458,10.442703657589483,61.61777569251456,21.399124891945267,22.058039023457614,17.39331359287699,19.167174661929298,6.978976130419063,5.356502674739068,25.471423317833263,21.86666434369632,22.79486086355724,26.73824812824936,3.795773358174899,25.844758630577548,25.156303157880306,5.46180740641492
41.56626627305516,42.07717976435177,8.793628939217523,8.685975223223265,6.529878625756883,23.698514514709345,14.144075940152929,74.80065496765374,26.652659578049096,75.96211820415277,8.663150631402686,83.15000092933003,44.1779353474125,3.045108,13.331934227831807,11.53512648115877,21.748009439856787,38.42272333174635,26.380138950663905,38.0962248613284,20.44676819504335,23.21478473567345,17.684502369158107,4.217394134827623
4.03029,10.12220255144941,10.12220255144941,10.582302667424385,7.079372810293084,6.948812318491794,20.192891180638167,19.50198674818194,55.94338377377523,81.21013339288248,27.82587291373849,36.823083100601714,17.95062325261257,20.342468297545793,3.8137915076455102,7.625586439247312,14.217225654266745,17.065470176699378,17.125041144284136,21.49977933623861,15.895562943584483,18.59328525828178,21.253213016460705,16.747730084369195
18.732716047060357,18.716926061944477,23.921148804764076,6.445824847203171,7.387007553921811,9.52561119440634,15.037178486809577,20.57962905674385,15.15853023682056,49.22561627624505,11.135365402428798,19.193826502226937,8.871859222386357,2.837487,6.494864483288999,6.675357605625998,25.17167794039852,18.04402991571657,14.03055746628876,2.72074137979188,1.7076110427793416,3.770540169514202,4.189489077238003,1.8505350000000005
7.103237368282103,13.16824576375399,9.82811822028764,13.61787256246601,13.243860771266514,13.766802389379173,14.599449000856898,4.709173158727164,20.204334723973133,24.69178133675044,29.84340370290277,25.173297739661773,40.72769204078449,18.201146709886626,18.954205339210375,13.493024490036147,18.582391348999803,27.31858343739545,17.612868233750113,11.007028204113286,16.630563883521546,27.633105397724133,23.605076352583296,6.992598601086606
3.1346700000000003,12.395425682434146,6.497627749027954,6.535679275285716,5.941526613896105,8.079450412928573,10.45512447494907,5.949052232233418,12.787783794334729,30.6225912514324,35.00616596616989,32.06861998519241,19.095330270152044,9.927535421716918,7.730830032871261,6.524409601984474,25.56647784971655,24.76798541322159,26.213186588857237,31.83443314138218,23.87674102056489,34.263990816088075,3.2139631222375664,3.7345493824240297
8.158684657943732,7.031720107890966,7.031720107890967,10.05669270679102,9.142447915264563,4.104925000000001,8.828451140258256,10.270899203823422,19.52845177992145,66.63322347232119,9.946347836862731,9.973579543924975,9.366492093425197,4.600621048258233,14.519524983033785,60.53940487772839,40.71084557580764,21.529803433283785,50.574100223571634,19.03490514024329,3.2244149031616254,1.62486,10.31777615950477,12.54660929464025
3.731750000000001,8.68139728418771,5.439387772241543,9.820142767504285,40.327567670551616,48.70258703847718,40.86551410034174,74.86397954798622,30.65643886605856,34.01931086478969,36.990064141988825,33.44708211497847,29.845057701768486,74.74022472832348,5.1880969347132675,8.0573326688726,18.452051088873382,16.461858749437834,17.33716307323596,16.830650504024927,15.413429241710954,22.7604186933166,29.437162430359194,23.021860704584697
23.5838220557555,7.780075907914365,13.314117193206034,55.551993003652754,7.726277534657098,10.456732415221603,13.954797106301257,21.99260587322881,25.778468726321744,42.3284035684252,50.5368606531432,31.792701559979307,38.487693086714366,21.094225516038748,46.25683537398237,30.597650984250457,30.43716126803048,24.55682738849604,20.03789831611676,26.38494619161995,34.65325604059399,40.68357065587968,42.43259228520478,13.774353987059753
8.008866963862976,3.7693920000000007,8.42672089241235,8.145795615669828,6.39927170427644,5.93260213373834,10.11206507089482,20.913985628021663,20.45013253711277,6.441295527965588,3.3644160000000003,8.736945778759608,8.20513168787859,7.426403911945667,7.308815010045309,15.440006045729332,11.669789171914394,20.44045987525885,20.935962903061125,22.16266420219248,23.730001003175506,28.49037030362649,22.748106238737424,4.843306899095001
4.081263994281859,12.037384974756703,12.706802735297202,13.284384677810715,8.334941281785474,10.665147297707488,37.74734843097505,34.85223089561411,19.360099796200487,10.226780435851804,6.959965529454725,9.079367931382317,12.097953445125265,6.872087176810092,10.92733165559334,25.820972574279292,36.03800471373845,51.27105423453105,21.66761134820125,14.997705110851314,9.94869298635443,11.455259189486984,19.37180067376931,32.631403984927694
11.626491542814849,4.590812443564911,10.372974808499064,8.1180136626144,10.770599340643946,12.911787788434127,41.43341016478373,12.770826057643443,29.423737581698365,50.60816960423324,46.71379176105787,38.368462542056,49.00556072855328,44.39542444891643,7.990588256117605,9.593825447459038,49.67823682208069,27.68022895338327,29.920093406279832,24.848212185846887,21.43180999751509,26.748684681687724,36.13068327717217,5.833101024492339
2.83613,2.984102,2.984102,3.1197430000000006,2.8361300000000003,10.95993496319595,30.159336309086832,2.03757444,3.934966652552859,101.27316277345156,65.19494190406452,5.62342827237504,102.66407925007468,11.018530267473487,18.4823497297406,22.283452974283037,19.64515577602191,47.95033081666111,6.999725464383535,8.66724449432265,14.825027912626622,23.834104896787554,48.193562631489286,1.7151300000000005
22.32347895019512,16.294685742658327,3.7693920000000007,9.534396990993503,8.667633628175912,7.500335539723141,6.566175596710674,6.227129481390382,2.896734692692151,14.029469035046969,40.651049625658416,69.45633294718374,72.74937669026735,14.259829845444257,23.034426304482356,11.585467691930376,6.741767924024899,34.05289121130037,3.341737716917484,1.4715955584000002,3.0569544726825506,4.298047367887964,13.577164187406815,5.028752077763654
3.88102,7.245742392203853,10.95629794464587,8.047230522410167,14.407056349479095,10.323410426943177,14.083748691517815,11.051390009194176,13.27575341366898,19.461246767107703,9.992687192706814,18.06783327064744,13.654004276048644,10.977284098313056,7.54965096263187,9.5283271710017,25.69507672952213,27.74974409621427,19.78053471239157,25.53907956099353,16.867638030872808,21.945709414619923,31.68901425238482,12.411294013352046
1.7166049999999995,1.806167,1.806167,1.8882655000000004,13.493755,1.8882655000000004,6.727406400000001,6.357614885758676,1.16292186,1.453652325,1.612116,1.87266,1.758672,1.591761,2.725151450560948,1.477773,1.6002726862149184,9.338941386476774,17.70309930707618,32.61256617120538,15.69206168818222,14.227417930762838,21.950317871159086,23.54328159904748
6.823375406993278,15.612307263112614,11.850603091078897,16.52894131563873,8.959404524153431,12.38030131777822,15.724923820694336,19.41621314517476,11.324759041009925,10.16356855424507,29.16966083591756,19.82383456026889,30.289934418178067,25.734839084354967,9.237869400604893,32.23641724643702,34.49388668757828,21.034764386475494,21.086143043253653,16.577917825699362,11.523271326221312,16.343043637167256,13.364988412103566,26.913478743596592
10.93411084147334,4.162037,11.504586189724128,12.027521925620674,3.955655,4.3512205,13.805503427668953,2.8418801400000007,7.407363090059939,8.45336523245107,5.502243345958388,10.197925254795706,15.696998889189198,12.256280519539763,8.366511975290098,17.428932074558304,22.420924784452826,45.71949528831205,14.948739120386296,27.740249665326584,23.69034175236512,23.67316304840574,25.158584434693747,20.88020435626625
3.978425,6.149591247843786,6.411169872628164,9.710740870040704,6.093260622745775,6.429118122745776,11.868974889946236,3.3059594958547662,5.9805323110366375,17.509675989191297,13.098550644256884,13.583866290922543,25.536568835233496,16.784404907685552,6.8215948260616495,2.891295,23.80857171688985,19.440844890652507,12.72636020775548,16.19280445284175,15.810147032033807,24.28465003899272,14.578080450036326,3.233825701487901
8.807823992398982,10.000383774273766,8.857929993482706,9.688606391638883,8.807823992398983,12.60483696968393,5.637057014779711,9.112970078174255,8.598468318023528,4.535430611755771,9.378249470696929,12.500664763322904,6.845142833737972,10.625565048824468,8.854637540687058,9.864655019752641,18.5815849678676,26.673200149215795,46.12408187228159,19.459505358907467,3.1769374802958468,3.655787288899,4.261176508575635,12.461090197543822
3.806385,9.684513408694569,4.004979000000001,10.124718563635229,9.204289603304751,9.584928103304753,7.284317087430355,22.11119607926324,20.227238657493952,102.76208761708784,15.573491999999998,19.874309563044505,20.787514573028492,15.35488993465719,8.711338089683814,15.224352649523722,18.90929738989761,13.501776262749257,20.62961846392476,28.8410327229162,18.262366638751352,24.583989826044075,27.42810479552999,32.84052610452673
14.34023349690021,7.103287139912646,7.103287139912646,9.820412190249154,6.937418227239264,8.451144937453988,5.405177667160238,35.476742822466505,63.759377457274,29.830886177372022,6.865173670518005,7.364790573312883,4.816300526186182,7.1241056497546,3.0566424999999997,26.522908823731367,20.911929587867824,14.704177489546526,16.34395625938125,12.943667561343394,15.524109862698651,21.265096674510698,24.05462957753682,35.941316911349965
6.539482301441739,10.477216669317691,10.990599856563977,9.615813784222317,15.828685328672,14.989170608902798,15.660252885639132,11.371878103085916,9.06656233987498,7.666348971944897,9.809668187746,18.00868932399634,9.17055305160383,22.417447512508758,33.29719658048792,27.473973658867628,15.063901485539851,9.424348490654449,6.663622559663144,10.162745054240046,13.532790499550652,14.902239704430906,5.053529009930242,4.8380679396728254
7.296969579325418,15.473680659160935,9.153984985832656,13.490748209199015,13.94415233856969,10.646724508347504,20.082007235800532,22.25525926645633,8.359756194234299,13.468788004739803,14.715774680328254,7.807458112114469,11.226179759036611,11.77071606315525,11.431913367103784,10.691670203905014,53.99617289984658,26.86924273547847,9.106214946986348,9.893150971186156,11.658188624805211,18.1571629531277,7.052614033340228,4.697742138777434
3.507845,9.122727584455063,9.122727584455063,3.858629500000001,8.670360927374643,9.021145427374648,6.503020259519209,47.318206983220605,18.471629538539577,5.951219891745546,4.616581043849315,3.82674,8.882836175397262,8.039789223565577,2.7106075,7.464049841826869,5.426857725906766,3.378463878333024,8.36010269694352,14.033845282637726,16.11718125621849,15.5226275371714,12.996631646893094,2.688980599632282
3.58248,3.7693920000000007,3.7693920000000007,19.48713290338885,3.5824800000000003,3.940728000000001,4.5232704,2.57377824,16.01897952339534,3.0337092,3.3644160000000003,3.90816,3.670272,15.316628379558567,31.331227510202194,3.0840480000000006,37.72534035029422,8.629889055891333,21.935469372065963,17.597068519407227,11.106606984177445,20.48214269863692,26.55350940518176,2.16648
4.210187247235736,6.951538016372133,7.727442270465166,4.83399912927908,7.159905899159661,7.6731033317558595,8.34184561964656,6.637730048953155,9.590420912760877,6.219255707121746,18.81579298068644,81.07435723597489,17.76826583001792,23.488404655536293,14.27264297929253,8.615658756373707,11.223533791991583,15.02696626680187,14.901164143206104,15.742908903029614,14.123321992570526,43.82348461861811,30.260577536420687,31.656424643934542
2.462955,8.098268642528208,8.098268642528208,8.466371762643123,4.841930728364928,28.922842897433085,67.70960800900302,16.43332407893841,10.976520281971592,21.59650620262854,25.163014032447965,17.205904689148714,7.885316424279905,2.2838309999999997,5.947451238220375,2.1202830000000006,36.265771648628,3.6100781857013775,10.764075742349966,3.161617620315029,7.116662335106785,1.1759917763781342,3.723621644798844,4.654527055998555
14.285740740980264,6.495548944817893,11.24547528061832,9.391951305854006,5.956095856422863,12.252916443728786,27.380111374788868,23.0420295282998,19.69491971253815,36.65406776910567,31.099101529061045,24.73013485022728,28.26863515905079,30.906928264729338,8.424905971741168,16.389798832026433,3.864021987816068,25.123001433357643,38.36704877763187,14.161071144191226,12.99775080940728,27.74869441034372,27.4590445965332,43.98545644239718
6.016894125380551,15.083159955993109,14.682862101782169,14.85364908457827,12.76397734744365,13.03865899076342,16.53388703696636,8.411719880310676,21.75135424296618,21.133143344563443,22.74734306579568,18.605638379707617,110.34122850928176,75.61907434211312,80.80534804312225,17.497630410089617,22.264137004657933,14.05167558893618,40.02656887458779,23.93258812170676,24.43092127886852,31.71923420879776,31.17779104182861,7.345513161927636
8.81910244412437,5.779378391102969,13.089048486474567,7.70249375934927,8.917909470999113,13.684005235859768,9.842954370168556,44.04743290664744,19.372926885439995,42.00620839919921,61.38821119396195,28.528126962774824,27.726583840619224,34.57105699014229,15.494375534376912,7.677156848947066,15.791601232601906,13.266737274688342,19.500060081574016,20.167031947227027,20.965669461454645,21.11740886614744,14.796582432020342,15.649910354465598
3.209305,8.334900746620816,25.891280283947484,11.603354060115052,10.131343573014444,10.257987662952855,11.838276115989803,64.27749885079935,36.63968969705833,26.901329977830645,70.58874051057457,86.17251757533944,25.42401904720988,14.94678871425716,21.712852460407607,41.577671956512404,39.596494352634274,26.48707366733897,66.58595535451728,21.851756162380973,2.793838691437553,2.928897798380996,3.325259272503988,5.267792454109649
4.134833474956228,9.920929819952034,8.483128386705186,6.320253735916988,11.35659685406002,11.974609195478797,10.476838626682373,6.930146301635379,24.27355205453225,72.28072574212827,26.242906155847457,12.106139167096543,53.2940577390981,24.27533419003003,28.486612130122992,40.07574055600756,57.86043267218932,20.4274444196614,51.12159632770999,56.9944700953056,17.551793585119484,13.49933054825492,22.17110044388416,3.682645556037755
3.842056070526202,10.109394619071953,8.756367912292022,5.900164490829565,10.551283751279623,5.263761247683917,10.940404471113538,5.8863733887635385,3.5612621666076136,8.935018922106334,6.144507565010125,7.535340773970623,20.64023114970233,28.579199114874058,21.923196108748957,18.55967042697751,23.03745297413318,21.900080458218905,3.742973409361664,16.034276093630986,2.269819389139322,3.054154823696173,3.256430853857597,3.9884604413441527
3.58248,9.388950115296987,7.856343356579628,5.275953585246185,8.923382340984737,9.815720575083212,10.06748851640362,28.685629703265192,28.76949822888424,27.471788598975085,23.472592248803707,6.29170319349732,9.828494095169976,10.805438601428218,6.5201535453198565,7.975747625574682,47.51595524608453,21.20431222634666,18.67398973496828,23.302687622361645,25.786630439908777,28.00320354520413,37.64187588357703,4.515479089243737
3.6091142181827154,11.399868524774137,12.065465630862352,8.359206293148965,6.767590238584825,11.53751320304404,28.508830954432295,15.212482121167891,10.947638905823831,24.169939927893857,20.3458418102612,8.427444627228793,11.877791929074082,17.714850292121987,49.088528201313906,9.467171392988273,8.78329686791282,6.231734823505191,8.943910313760075,11.4548276313524,10.319360197499316,14.405837407410774,15.015818871841654,9.494234327086293
12.802580000726936,12.692994499727876,6.923815353853973,15.2618023302722,14.772729368965392,9.85648448004214,42.08458229607905,47.21793069844072,16.699325479708794,4.931729651850427,13.246207841429047,12.943181419630536,8.731652957177536,9.533208658240932,10.894648326896016,18.354814886124057,34.55629421720116,34.41454740341103,71.08229882914313,60.29129826774046,40.2732122170392,44.25336394678445,50.961170818632056,83.29421951645519
8.525561366873044,6.641985871422793,5.943469653567092,12.465656054121595,8.898191411219477,13.682767645839856,19.93778302136665,11.694358161774389,7.107128132440717,12.653191883409614,10.642615445416064,5.196632818232984,12.335031913213573,7.1954000619576615,7.2853902948497,10.599635248016282,18.74861940610945,19.48122834420527,23.41895633570382,52.92095391648281,18.366063094254528,21.52046696630602,23.138009047481347,18.39747894455889
8.695970719016747,12.139841601546276,6.366915062406911,9.565567790918424,11.537865984940668,5.2215922446626,27.4351025126095,31.52699401247051,21.50474844756988,9.235681677205434,23.14262047483297,30.041141672506512,32.3813856827049,23.382515913120372,10.835529816306934,12.068769003018236,18.170622400443047,19.901714985339336,49.51349274100035,28.068430205807825,17.751866370917593,19.33363538454681,9.394564274339894,5.35430683703524
16.918246936963662,13.220147038860578,14.883055527233262,12.368975584618497,13.447480287203083,29.4409076744522,15.249060815008017,44.46495707429775,31.4203518856281,41.05819162825492,20.222121712937312,9.247169020157164,13.421614132976254,21.082932736079297,18.01651986599964,63.482590428650205,45.09557674719461,41.52055443797037,20.10732031067833,26.02640991303478,18.923023601354032,28.667364756526087,20.558734935589573,21.74485151417852
15.8583316245093,9.062152566423688,11.881813480519169,12.421895911451854,9.614441915283036,6.109585351698263,13.43063868393549,11.64983042338958,7.768227592895024,9.562806645882146,8.088532869204611,12.319235614662992,10.002581359263944,4.745060980619148,17.65037542266107,18.81197908853151,4.059789081880502,5.038185470093112,3.2690193151507487,2.688989242605514,10.361326147099732,19.90735634192409,4.166819962923587,4.415804966294171
4.104925000000001,8.547506407593609,8.748859331764733,8.515018766490053,6.018609816502418,7.251986787598461,25.168913198117675,34.54777360025231,15.004933554185078,7.041319938144006,7.808899238269346,11.6233346001248,10.45214344606144,7.710302025664933,6.425251688054111,3.765971088557903,5.584405153908899,12.30879612964704,17.592719541236907,17.014785266197684,18.743485639083776,11.159955638096308,27.40584011590371,16.78591110334226
4.104925000000001,6.930325371103313,6.277517778327486,9.520275711281345,8.654796101164859,4.515417500000001,10.927620816427282,5.452810961574075,4.322065529358206,7.329038698395514,8.127982425441783,9.441595746725302,5.264922254241763,6.8747278252483675,6.687796987263754,7.450650556654966,20.31792414269091,15.336020506123711,23.662162148655508,23.071129174674358,24.13252997413491,48.25998387395094,33.325703406008856,38.23950954904268
3.58248,11.753889417109908,11.753889417109908,12.288157117887629,3.5824800000000003,12.288157117887629,10.564196957432385,5.6431971852049925,7.951200888661112,6.139134758989089,15.095355994237664,23.882159285700443,38.60316843278811,16.52209737112431,20.89524971780788,21.89023680816767,26.626196471735835,21.91987435160445,33.112219493414024,25.274275949333934,19.15602179771809,19.903417021805115,21.6773148347242,16.673469411556848
4.104925000000001,16.50064493930827,17.08305578306184,11.97128051153818,14.73078290362658,16.43638721308996,24.34341189294162,10.702330062981618,13.603513558009762,34.12587200574272,75.64912978757653,131.89450661195858,44.78292102417794,13.035553291036608,11.141263500185612,16.1134153155322,56.94387678824376,23.511643997318945,26.941924649296016,24.611037987550663,21.75594016927042,21.501014285356447,21.032198332632426,4.819934016151968
3.2839400000000003,13.212557401418332,13.212557401418332,7.84250367223614,9.616629600619904,11.611158586177952,11.204027334081394,6.213768665557964,14.82610403269372,14.974673504196158,10.953936125378782,13.69897010815724,12.865119753747669,9.126998836553467,7.780632763473738,10.810274237524084,7.859784099555215,8.654874579488874,17.278049902431842,7.6903273804862655,13.722864962062465,17.05006489500767,3.9634233839797774,7.593994299087167
10.86600588704352,8.803847081882909,5.377595851441145,11.952606475747874,8.922562282442856,11.189110773940463,6.453115021729373,17.48576631800564,29.839970343923117,12.43641902612595,8.976242466326513,9.12795565214005,5.093967244300496,11.601255340034493,9.319119288103998,8.271742780866365,11.00659056376678,14.888969537445014,38.94122073407585,19.860958008409,12.307352489202458,17.519944607735404,17.594721677786428,6.990886213316408
3.88102,15.862645248049532,15.862645248049535,13.91292760308429,9.066064366327591,12.107754748102954,12.61972294263882,48.15895766136909,27.79746193637599,12.012443400851213,21.91492354778965,56.51992176208777,45.750082327664664,9.867961701683939,14.280138317217784,59.32349369390328,54.62455998790617,52.4258593118393,61.42440762742655,29.28804917099836,20.261325739395485,28.573612921423752,31.583048543007884,25.85637392455781
5.871321605883953,7.683814922399804,13.21147680529526,16.20762336127234,6.949205807032063,14.390313306337966,19.135460913564163,45.2695737020012,47.4057333458351,22.95116183579793,22.082123442831584,33.36564371237744,25.57989209634994,14.934186471382366,14.957686381098377,15.562324160338726,46.950241933944966,33.46462178227736,39.44646087764673,37.49646539190658,26.98862116527885,34.14051971763916,39.89105897816175,35.64110136328505
9.737024813202558,13.859134737696056,12.782231656697098,12.288441694797497,11.678975225768736,16.090195428034175,18.853226843451385,21.641644637001946,33.18020646757239,33.52552054466076,44.63491141185693,34.7648679556026,41.38264922305838,27.916993487742594,58.307124085564524,41.26082779394145,33.77164637383899,67.09337612589022,49.86893536744659,24.314721053030585,24.263781063639687,21.66811086673267,24.866194913569963,38.40166134225202
4.254195000000001,8.909196188602001,8.909196188602001,4.6796145000000005,8.467417865200247,4.6796145000000005,10.691035426322404,24.948909876445928,73.72016398435812,45.78950971276598,107.30824023617404,49.52832405345672,33.56830891484266,55.54379028634256,42.12647973868666,51.948318217664095,50.40089334940592,91.2172283620433,26.6473017395586,63.38416223191224,36.89324384948176,46.00282083673813,31.711648730917005,18.675539779142564
3.2839400000000003,7.873812554686664,7.873812554686663,3.612334,7.4833755685038525,8.231713125354238,18.152552394435087,20.54932902,27.458464837872494,34.84824006793837,30.07384264163798,18.946529578040007,7.666762637771534,5.1691200396069075,9.964540103860383,54.8444523958452,19.72563597791772,22.59263700145014,8.882548275194658,3.322506226188821,10.71890194213684,19.27447360677048,10.560061371308011,16.756556253229622
5.5582161617209405,10.56494357749528,11.295088313167348,5.299353004407164,10.388662727062895,9.51850202006712,14.079810185484696,11.10383318437423,11.606953654330049,7.9633467557918305,8.387147901201306,9.439836714116147,6.5940935274272885,9.161635055367524,6.097190300491508,5.222623807842012,19.96488483732289,10.881402384952258,15.9733605272455,16.7316266495615,11.8589351178975,19.002354810314287,13.931019162555913,6.7437107387276445
3.58248,3.7693920000000007,3.7693920000000007,3.940728000000001,3.5824800000000003,3.940728000000001,4.5232704,2.57377824,20.296038646664385,3.0337092,11.718020472497908,13.33584196300262,21.636608436317058,9.21126906443786,2.76828,3.0840480000000006,2.2423068,1.8601138899337375,17.58983963326433,25.523223739502683,23.745828690140204,24.33118906422792,3.5313514485119257,37.31468128386168
8.329307693813584,14.027826706326056,9.473237433101476,12.352187437581298,15.337702532568208,16.87147278582502,5.2771488,59.68019885038893,27.88253066083116,33.1995672570992,74.22506755638923,36.75505900946597,39.13689498825736,107.12926226873569,29.02779527940511,9.508105618161558,8.909764290650303,14.185286894795125,6.252247513111362,46.31396003636518,13.269404589111897,19.38619586104056,21.305645200732368,9.275369515742826
11.259765,11.554352297123195,14.724653143652995,10.626554137416733,14.126218854778068,14.721295140013272,20.765149208716014,18.6515992041408,10.65531929115649,9.299256979328169,13.63166632216067,15.616275963143092,9.568086635237371,11.222941115344744,11.259447320636259,21.94998302896158,37.33001625795484,47.030713432710826,22.482883085639344,18.986588803942137,23.80038815755527,5.324094295527895,4.548792296596964,9.5116796864976
4.129817709173228,10.074268726092535,10.737422671715269,8.10564945806811,6.612241255039373,12.089393253265705,9.900714450756034,6.93861296889408,58.03329845074181,32.48746120185584,30.408020395435784,117.86895382042786,15.46578510223529,11.342746126079067,18.254395271671402,24.541923284613684,29.38805287387873,16.51667348581526,29.566721301053526,34.821387217879234,13.643929762489256,19.31102940178156,25.891006530530483,4.718771252284129
9.278088734512163,8.258237066318225,9.00921789353497,14.1641419517798,10.306204148490451,12.488093320834038,14.947267388023205,8.22268354642236,13.734355796262014,9.41177082834463,5.646569295225956,13.006197227977546,10.117222684781126,59.83337734049205,36.55220693898911,108.38307111353535,78.07731795147401,18.88790360719614,15.548603544338414,19.14296776911984,11.286125048674664,15.466826718311893,17.48906520217904,24.32917728125976
9.94150966819242,10.373421441047194,9.228640514549138,11.83146324077102,12.76599034707591,13.213417078903827,14.089035193344964,8.521282139962937,19.972503759651158,10.810472734819282,5.245185917141047,12.281895645643775,13.078832798269074,7.897921281769184,9.173465149523361,8.177876923803826,12.635225118972324,33.00767744407548,36.79126586199568,40.676888931676416,29.71264200194956,22.1983936446174,4.474271365165028,7.449688977684268
6.417661513255311,12.486772688928715,10.559170224991222,12.124251377504583,11.72666934939327,9.239400610441695,12.169118683581086,38.909881287776464,107.90177370712402,54.48442557565404,42.4704085390667,18.01846500650028,20.291578456424283,24.914964382350032,31.74366941423549,30.831760118484002,41.05425765679019,73.0280544844445,31.82898352204412,28.14336011617219,10.281174714080306,19.347944905745496,52.614883592697375,37.72499105548723
3.58248,8.760108078154934,4.294730534542626,9.982121147240184,10.529405588400168,9.707512367820174,7.589894400000001,8.370927074481143,3.6108262335260575,5.993356383815149,8.522285248236676,9.899624278254723,9.297038452621829,8.414680636516515,25.87976311475152,12.51571902113825,7.533337610683414,22.51390393582295,22.66720748390344,3.727647567578724,13.324484549750355,34.874159581737786,34.50081566763883,44.41214052118405
6.13770023639664,5.038841052372133,2.910210518704333,6.751470260036302,5.238554189117311,2.547962489005445,12.897852746841824,9.961518715052962,11.516741291069524,10.62030438128185,14.594206550223047,21.223194598905835,26.302766035823844,8.978805660204484,4.221672359815065,4.703223733850237,1.5905076350471063,15.21326463569023,12.20464291348028,13.85564679272686,13.401231299862742,18.6570034757972,14.718818890696332,21.352452640302893
5.545004251941854,8.099070492350796,10.503518066667151,11.794513596370589,5.8484363079289325,13.797165165885309,12.388702531590836,13.661496405044147,29.69254940653664,46.36664755382616,47.77818782009633,38.18185536096955,11.801078317653243,11.630668156366124,7.581991437910118,23.769599887306775,102.3291147092648,34.355609599185414,27.50585733750142,42.43246942010106,19.935216789087555,47.19858090722146,23.40912222555077,16.722707727024368
8.521334384001902,2.7485150000000007,3.596343737704623,8.191645945601712,3.418012643272988,8.191645945601712,13.777818891800669,38.977776831593246,31.74478355017447,7.216020889725245,8.002644464975699,9.29600114618389,6.253554944364499,4.414738081547747,6.584667478546923,2.480011019373988,7.561613054044772,5.122450497454074,1.6358595246566254,4.5153983152211286,29.999746926115137,12.542633487863148,11.864066958625616,50.06804528349454
4.03029,6.716324180922194,6.716324180922194,7.021611643691384,6.383283312446712,7.021611643691384,8.059589017106632,12.960054802467695,29.74556051993056,14.53158595049569,5.994735632558652,6.963581795396412,6.137935665962409,19.98026670922725,9.261905285150027,5.495174329845431,36.38937045036553,36.216678987851736,26.46809856088269,22.949467885611345,20.55732884296961,28.80713661206227,29.774631116633586,22.119764685943043
3.507845,9.573650744693596,7.167055758228035,6.09506120459426,9.098924261485648,10.008816687634214,110.08211894652504,31.045084189976528,31.696406151753035,33.53520816832234,19.27120024700711,9.926099194347978,9.321901852083318,24.967668761584772,18.11890380181006,12.136952828262114,11.974461079322412,10.351040111452544,6.835206518613892,10.83138160480433,9.416929785392796,7.710547820492844,4.033154679574384,5.502511509910292
3.955655,12.959661510680563,9.94539205562984,10.281266536530293,12.47184399486976,11.030388749131015,55.68715840524105,32.52349216818313,8.449107404524495,6.371079280397956,15.558884616722276,15.538149385450492,9.922604342217479,6.108344711103914,7.6036892367824604,11.84258401497795,37.689340295941285,53.83262450791816,30.7281525674677,31.75149348796085,33.73546788628259,36.847611909998086,41.54494284067854,16.527345769609273
7.246564634929755,3.612334000000001,7.624646268056527,5.101388387811661,9.655396249132774,9.605127966549844,7.591526793629006,10.173936057906465,4.521711986233823,8.176365096424707,5.486439081164575,8.037145601645369,5.6660864377691125,8.829094287252051,7.460988010693507,8.312036770992563,21.93803335508501,22.05968364609767,45.42919886254893,25.490934572257224,17.78062349708136,22.91209512547909,26.02276451293363,5.839034095325354
6.565964616375446,9.492538706061508,6.908536683316775,12.6311613161682,11.482873923789276,4.515417500000001,14.498376467253935,8.249696031160607,7.779125134552514,25.41732080002668,31.198070593929224,31.157867564034124,16.789770045511727,8.358315570275234,7.499670872375111,13.955769631856965,16.845115643900836,18.838176937675893,19.292490743549514,28.823752469081548,29.371574049055976,35.67231431240354,38.9456575764216,46.32177903318245
2.3136849999999995,5.484694848901737,9.811798488531611,11.263132016478387,12.660606554417749,10.572970639179305,7.178023010006683,20.90743143165378,17.83981770418376,53.67186522364051,70.79375576733642,49.491346289700914,51.5735212999006,26.50385975973316,55.03215867339492,9.604016918296345,5.791645376699501,14.054304108289884,9.995615778379388,2.3292456776959254,3.4742749399046016,10.547446220476605,16.972196672834393,6.5207022806933725
4.045547234196373,9.037784276132385,9.541064803745623,4.1870235000000005,9.06795415232022,9.974749567552244,22.020241319316963,26.18039148508433,35.11060811067975,27.68517554631221,3.7992965329844206,10.1973250649119,64.53453312450932,10.378014811136723,5.3437908526090245,5.953338351397676,13.674908673200308,16.309665091097912,15.401064844627,13.656466312282838,16.460480141298444,14.695744213286074,14.561279482341815,26.48294980711324
6.586855,3.1411600000000006,3.1411600000000006,3.28394,2.9854,7.741133053352624,32.594992769356296,13.27240728,14.932946623336504,31.37376278229754,14.792178186279298,3.2568,4.087694534696164,8.05549061222382,2.3068999999999997,2.5700400000000005,1.868589,9.660455197393349,14.136156260292786,12.516196443072614,11.850216337352288,9.656017172742814,9.29914416079176,18.227930942563507
4.283434474683342,13.093680601105143,13.093680601105142,8.029787870538781,34.38725910210609,37.0558932116582,17.729615318768605,16.880209578136007,12.387320128546444,51.69066630297722,18.564104074924447,9.780583242700716,10.830478390846165,11.34201467007526,8.737821713525593,18.04467957088148,35.150220738517945,26.83573981520959,30.51959853997288,21.80827632854003,17.313091929435338,23.34855467422076,20.848431287847628,21.268323321497395
4.03029,4.852661064383428,7.913136386300557,8.059518548089688,7.908578286726938,4.859930711539964,9.250925637807295,14.395130729495683,5.691924508426285,3.41292285,19.193037915175623,41.72471965615914,26.408354646756692,65.40889072010829,105.93053575100755,44.948288565994865,76.85717649160847,29.61626009651647,44.84276960104791,20.502809803575985,21.895990785938324,17.046809695617657,24.46855709544428,44.850295346709295
6.753326265029502,7.105673722335393,7.105673722335393,7.055236252379209,15.040310643804954,6.121679654496096,12.059379298924002,29.743331215362296,22.194642792598813,60.68240899687292,6.342254231505967,3.84906825081979,6.571028518205857,3.114314999999999,14.461226029659084,9.198330541721102,44.435241631103,12.43413178585104,17.343866151257227,28.74801930828188,24.78613789017217,39.788122153803336,29.7115964664862,21.8216995264288
11.59349849328665,9.850042444626627,7.771610324197062,10.85447002020826,11.346955854012997,6.786516472193154,4.8059748,34.34818712755159,6.997238637955017,9.817585314996824,27.65249345181483,9.852957436379349,46.29343810753858,47.46709098751471,19.72548471971465,32.489560732872505,61.71979470552435,21.092101326300465,8.328910677225648,27.68649396096249,22.64056447281382,33.013844415121135,2.4378878230650973,4.846194736124143
2.910765,7.166368477959081,3.062631000000001,16.585152258998676,6.81101136334954,3.2018415000000005,8.599642173550897,18.39988073793257,18.684587395567828,12.085712987162369,6.396428062971741,7.430194214563133,6.977921523241898,2.699073,9.260229045706811,20.764119145232783,25.219890645118408,25.451867333322834,21.70076759289134,18.786582532870646,21.863559196961663,31.73762499085203,41.64673461087492,22.59534104750859
3.44868057346623,4.313344400835983,4.724184001044979,5.368433764947336,4.880394331770305,6.565123764947336,20.346558888414705,10.695352708113656,11.767659055833557,65.0702659249205,90.88335646719086,4.330149554513537,3.3998483093476457,4.525456562187011,6.290848624134753,22.193254075425628,43.59957966093068,75.08927584848281,22.094699713692695,28.801553795409028,14.707338238381144,17.846964934443307,15.873618541546634,2.8726738969992454
6.113214555885066,9.823808239474792,6.432164880539941,13.300448489106303,9.336677252393391,6.724536011473574,15.266601744017672,9.25116414621958,27.88245841523585,45.264559667088925,34.98134097240591,36.626590059904565,9.565481200871018,11.211948313130932,4.723847611365732,13.01745788539831,28.71573886406889,18.12787210720337,52.06013951392208,37.03592678771302,49.6331935689921,30.73011162452049,23.57045241460672,5.317634987841141
9.44459768861325,9.937359307149595,9.937359307149595,3.7765310000000007,9.44459768861325,10.389057457474577,6.019846800000002,15.98024911188842,24.81960579157512,28.91829682075594,6.3569599116123845,10.30319747848718,9.676046327622743,8.650046595316606,11.988554060572291,19.420189174793766,21.878621592125004,22.223545738538284,49.28870612035987,5.136048048701068,26.2924195989754,26.57886669542632,36.835669279489686,20.30226767074285
7.734296804144603,9.173785336845471,6.424968080303768,10.011390434666763,10.290995965210454,6.296397228716531,12.99350099259616,7.39340944909294,7.252643001979938,6.979686144735831,6.935219250864326,8.890340164973525,10.543186380168184,9.54255989501333,5.225144481304009,8.655534509889593,37.48668741331868,44.71753056836186,26.372995678176228,27.16160428170712,18.11106789124733,21.03288896378667,31.679263349930704,6.097869502472307
12.717271840495195,6.781280265042853,10.96803727993754,11.466584429025607,5.396027921676124,9.15880530253257,41.26607714376252,40.07683789966434,16.283423380718975,7.853210140003942,8.589254286879923,9.31198335389938,74.73064666201901,24.269688552000183,22.931076387260536,11.15616659807726,23.31398136788033,62.46396712202999,18.47177897498015,40.02686139851031,11.682999235992211,15.29877269391502,13.018812330921794,7.1988136848492
3.88102,4.083508000000001,12.114784660807002,12.665456690843682,11.51405153713062,8.947789836563814,18.51250409468677,14.12413296323834,7.800246550427034,6.528139110564688,9.614865491750594,5.625840348068572,8.333694306997268,10.676665970793847,17.169330685471955,26.9807491316829,13.154404692475238,9.77278836712222,14.538981360266416,1.6933926142384517,4.060846691848025,11.449249761493528,15.987287105038366,4.390868468217104
4.4286922802176365,8.326276916852215,9.304016231708264,8.449198546689939,4.661006373623516,9.726926060422272,11.164819478049914,9.286329648280812,10.167013662611575,27.3897460097758,37.31385228837997,29.290725867187493,36.974293495466775,15.954830514908931,23.39446292378993,32.221572506666426,46.74412207735552,39.31516402028176,33.324400629820715,25.485389712291195,25.29339390147233,33.044381667219085,40.98750812734463,49.39155034649125
6.71968,9.623022965222027,9.623022965222027,8.139376454548756,5.154042256199548,10.060433100004843,35.660365861453634,22.78114955243888,17.146695832627024,7.744870605499595,8.589144464826271,19.36015484415861,14.346029205511755,6.398605942000909,4.368241188205595,7.87338242609075,4.47521574053143,10.653662447998215,13.765106905186142,16.35728172397037,16.35436906702425,18.53606098589191,18.230842486834185,23.15897199718056
10.437517906339146,14.544917096016404,11.59264202249317,16.61395621524101,14.38627238902601,7.946095984265487,16.365538619504072,8.484632314933329,20.45062655403354,105.754098453567,24.067134772106915,23.63162402002016,34.768262429451575,19.17487467061715,7.852840436812767,21.472223063737598,28.892638394735453,15.132832345348715,11.750037920876013,22.85156586253704,12.75280299799326,21.349362876253384,13.85487400538896,20.986281412649408
2.68686,2.827044000000001,5.703546734753804,5.962798859060793,5.420726235509812,4.960381239373863,10.033395804862836,38.3580747709177,83.91819975228786,4.590369534888537,5.090768986391824,5.913519529647068,5.5535661669728995,5.026491600200008,4.188743000166673,12.942542794774075,37.61268683187984,44.92113168201502,22.96405072260801,22.915469389770468,17.254173278679072,19.48035931217493,23.18547088716581,3.2781466957826133
5.507687761868903,10.853850693117376,9.783194818419224,7.814159966903003,8.251002148956625,11.775068581189988,17.363650448512615,17.29227479914963,33.42264141748076,33.97482583714461,16.876693067713227,11.677753964816514,16.263147649479112,8.677405946451342,41.15765140343353,53.35996478739987,14.80195827840788,4.775839361237048,4.275048021567689,14.097160336019837,18.24209710927663,16.054443248696987,22.48652981409649,6.473537523974375
6.119689851962502,10.01507578924195,5.382410042930447,12.572039722083137,13.020606548167242,11.328980539717366,16.672659476870614,7.04508600938081,3.137863141576329,9.968609436339422,8.495956759156332,12.37647848596354,70.59832581624465,20.71835612686092,39.133376105020076,125.93322351661983,17.50059568827144,38.43082636901386,43.73477520544858,22.1619123837996,19.50725716691722,21.88307116918293,21.363006859585944,6.202096518645434
3.209305,9.306990243629103,9.306990243629103,3.5302355000000003,8.845486595184685,9.44822617494392,4.052096400000001,9.317658439079642,9.905385780665116,4.431657825,11.96632421622462,19.48146939440312,8.274848715768155,5.826597806820681,4.657533116321354,7.614810199332904,10.619665973440592,34.78473765130569,11.225194972074934,24.85985801033058,16.272949212266973,25.43632085762486,16.08101895517632,8.261939475008601
10.184760300077402,6.736316970269342,4.550864882282077,6.226516475026597,6.402284723809704,7.042513196190675,11.466670891129096,4.936873844756272,9.580157635855851,29.960812984953275,26.006540186205044,6.984310607792403,13.63764174729021,5.936664016623542,10.94134048982999,97.89567370988107,49.85963586608176,18.89578560275682,17.037067625467326,15.10679167858298,13.790769243391868,20.4877841007866,1.8054000000000008,2.25675
3.358575,16.30335885821479,8.97240805827686,12.350114187948598,9.309217480907355,12.05023294032243,12.743273404476405,10.850950444916238,7.790724461644893,6.392775854871009,11.8782078120495,15.028443387442149,7.763395455136373,16.18320022090654,10.815893993364673,21.8923925034808,22.985327980052947,19.51307637802757,17.93990180034432,35.339277279536056,20.542539919138648,23.396323113520666,27.312050163418064,15.09939548223022
3.955655,11.962172674083671,6.667606958010953,12.505907795632927,11.373561808296303,6.243052362235542,13.686455220097482,10.922075359979443,4.2930171381489295,9.627481910439728,3.714876,12.40255318575166,14.887615165749382,13.850030207888912,14.217845570291184,33.69190190048107,37.09953765984336,40.32110288979084,42.60788287291978,31.08353845685649,19.181601755330387,32.00739043280096,36.31927775551446,57.39894885515017
6.77015542460362,14.66007854869856,13.949269112052054,12.667682159353395,10.174723206768508,18.21464516720574,14.8232429969787,16.12268740322401,18.4079326677185,40.32939098028788,31.05131750295853,6.816823287093515,11.893911381753002,8.564983129186151,11.123886894318078,18.062694340815035,6.56118896376424,5.271766155587634,4.625323445368181,4.580853007405293,2.9827562635447435,5.451250159025211,12.798787382338872,24.39506365552053
3.358575,6.214315833770175,3.533805,6.496784735305181,3.358575,6.496784735305181,7.457179000524209,15.125704220611487,27.406156958141224,33.89704070334885,5.5466620665056094,6.443092299476211,6.050904072551573,17.976939470608194,14.211492808695422,5.084440227630143,10.1186048051686,11.680810164961487,13.32495559680318,19.35905885995375,13.691952848081453,17.530087859784757,12.661545330655894,7.9027689098783425
6.517823668046353,7.900824084719505,11.129340220679902,7.4931424382727805,8.93005516832321,11.6352193216199,12.251595108772111,60.053099076458,34.02215993491865,28.10652719303431,16.157355204605917,14.902067685592478,12.812486775964485,3.183522,10.498087309789515,9.01176587748437,17.462220035790924,8.759548793449968,8.438655256899548,15.024561618964237,13.710803594263654,44.41548642163586,21.04985009014464,19.419055307940475
8.787120806137281,7.018738814233063,4.397624,12.406089283449214,11.27826298495383,9.365099151398605,11.854409722572395,10.759225889975609,21.60184511318236,37.27602329264304,32.20211052851822,49.208323675537216,24.753565004142754,27.4241922030997,21.905424339527006,75.08040441498862,62.63562484333058,15.911784428950236,42.09299156745914,46.07300769908849,22.95537569314977,41.5770312776006,27.944784309144566,19.15399570161644
10.501779817359314,6.898620722493435,10.186672190247574,7.460334852652053,6.5565403560888,8.700644588312262,10.59696677630059,23.271296819219177,18.52385459957105,3.758489787085823,9.092236335097008,8.980183932397578,7.638113980271843,7.949795498931486,6.032328985822087,6.670531943387959,5.3540223855229225,4.319403254532861,2.6461428970129512,11.944295127057256,17.945314013071663,26.78379583123092,35.871196285262315,3.5666157709920854
15.35767672808025,9.308150967622108,9.040126841007714,9.451041697417152,8.591856088561046,9.451041697417152,5.088679200000001,8.282472715535205,16.00133225549782,13.706393419795944,27.25768424667245,16.52403256095242,48.96044639577023,44.03172479757137,28.447083973086595,30.675999207445095,24.93481981591085,15.477088626713568,19.737701634762708,20.210676696472586,3.0302287827662724,11.650640023488076,20.61831164098924,37.25862299908637
3.507845,9.219977360143458,9.219977360143458,3.858629500000001,8.762788400136342,4.646871010020451,30.253729850341298,17.51941897929795,24.084825092742264,7.4204885406609105,3.2943240000000005,9.559405527421465,8.97752866923059,5.910601199077221,4.371777624423264,7.543617840117374,6.099153195246344,21.29971372788955,17.210161773375212,27.209942341689104,16.14455515722886,24.53326337276157,26.17998225235572,16.677126615021475
9.092960305224894,32.27342964150745,49.15434976252366,42.59947213047449,13.266296741236443,11.156055529332718,15.22830621606453,22.01037623169356,18.262406705573976,24.753358925038903,68.22903790897843,38.46805701654639,28.361552784522143,14.12669493159044,24.15433930603545,37.50307457784238,22.69865441128203,15.919047973829391,16.195367108291176,12.7709216420349,18.95959181620893,17.924516358425898,5.636835495052638,5.6890456127399816
14.564631086277911,9.60463007290192,4.65681818844563,9.265297303425909,9.128367424658848,10.041204167124732,13.724548770454648,29.63234729997302,4.591200575135095,6.734534112218396,3.714876,9.958219008718745,11.41913621372394,41.3623983863377,10.005364613433933,20.15156075747182,25.905365709801885,21.31708134972287,36.1432216569014,17.077776238713213,28.408150725245417,35.309814355180414,31.84659498698774,31.8112998781571
22.828527039047763,14.854405620423442,7.669994121017895,9.77388539514842,10.655267826774685,11.720794609452147,9.083566318366929,6.006221155002096,5.26871056046521,29.374493288613127,31.81669855705351,21.68458914338795,5.824274370126728,10.409670113907081,8.340651720281134,12.682057989708843,21.74321132455936,13.747518885805444,16.39138479918481,28.08343196856933,16.255830774943135,20.09339868035084,20.497739642465564,22.003384108736547
2.08978,12.30316236286912,8.389921279753118,6.174551800023982,8.84890571423137,9.449378037466117,19.267898835442946,7.100401516063831,2.4667151511569694,6.9181990871298975,5.816192442810158,11.627825477328832,11.177461672996785,9.390593746581656,11.160574769094653,24.381402196588994,55.677228800616994,11.54068647606948,4.591638101664219,12.20877184684871,20.500955440774348,23.7729783212859,21.479648685090243,14.741057181962049
45.250988555877576,7.007055914311331,4.319095000000002,7.013320571885276,6.8015249071488775,7.325558455870937,81.72376358000311,91.60236989882944,37.595169449538005,50.79828595728481,12.993819301787536,16.771372685164977,12.094349050910774,36.700104481729824,14.575276220672988,32.22664733978082,42.94170120856195,42.904607975880126,20.825499489734607,22.60482351470907,27.18086656198138,34.75339887670339,20.45002236866551,4.027346186662785
27.4881353819065,12.41232514877288,9.28983915267231,13.260048800534005,11.208467641997863,14.057821138536594,6.107826085188055,9.355160732446516,30.8546835290588,28.76718903325587,11.817301312986244,25.309556197840827,29.730926756139034,30.28430202210871,62.70733299642254,18.250243579950507,20.79954047827152,25.040011906764484,38.692140000607424,21.922907350504776,22.85811878364375,26.71960893713758,4.651967070366156,5.3506698032183255
8.991139263535333,9.46024218163283,9.46024218163283,3.858629500000001,14.442792728839713,7.422770771297965,50.46809789870993,30.62252496946248,68.54754949124604,89.84057086194278,85.4821132600497,41.83806225306136,13.472555776813005,15.986089132581915,3.4809876857859554,7.0393321861810545,5.003627852189808,33.90490122771685,7.179534447300974,30.370375104751474,12.137318280546834,31.654077198131464,45.47276225591925,3.0257043485313395
12.535674776429635,8.40611814010809,10.063763048575176,11.488267964906248,8.832111399103525,8.818179185393316,10.370578659627354,11.582670673127362,6.905525527246428,9.340385601749572,7.890215526963971,10.22915745327182,9.156167689767239,8.830651929526743,7.910960581201808,18.72183133031303,61.591608432927615,20.245199286997348,58.6251244171677,18.74712377660593,44.52053016584405,15.393899508503432,13.242221386507484,5.07532939688229
5.909532724578951,5.2476712379494685,7.049443256618084,7.369872495555267,6.699884086868424,6.645383746789919,9.00584806843149,14.831608882429654,24.374732414433364,27.647385865526644,27.47461402914822,19.024357009621184,15.601060618600501,53.696636347669404,30.08131154047292,23.413788666234577,16.953615065562616,15.798657282221056,43.78266330348514,12.370572938020398,13.040315221585953,36.05131932258272,26.622598303235105,4.051708558461933
6.484590013656884,9.925843954520678,8.613991448709951,12.148126570403472,13.228823763716148,11.469303054456562,10.33678973845194,25.525382538014565,17.319801800478327,5.913946144046563,8.292944456583918,12.115672282749909,7.45942049263944,7.591444004009593,6.083872755683755,14.545192970365223,8.51057570981032,1.817566571181188,18.27196538523102,23.955775385385756,14.754484663306254,22.595976828439635,27.46210887684268,35.101594729955615
4.03029,7.926219038855695,7.926219038855695,8.286501722440043,5.781736692018201,6.084683023902876,34.8367498750011,27.51383020102705,31.76975773150906,71.89320855368675,39.39262872698823,9.029084291945583,7.717791040087887,4.897227107700368,4.66104714360049,6.485088304518295,11.669454268785952,36.157584439433045,12.569818618400667,21.160442979312727,18.872270591882835,27.068662707039056,36.342653521822086,61.266749646157926
3.88102,10.219594482370503,14.672399320002494,17.591553156618026,17.926014345622796,14.623706209950049,10.686238254686677,17.89505716108104,14.6362149775921,36.70150496688375,30.10830466339,47.95636784121674,25.036141794801093,14.378452362081086,12.323339447010554,18.124802272510287,25.589956454045552,36.83247286830431,27.622708349254445,20.268322315213886,4.779553664159603,14.804247880470443,31.08387943511146,39.42573026249944
21.801371520629026,9.97858397355255,14.898449132835776,8.983167387787203,15.938842564612733,32.5093371639151,5.182914000000001,13.388024132838725,23.30952597211441,13.086454246421289,5.284689511242869,10.363819374078972,86.49335438172571,15.051122658269367,11.941477304839607,20.853441207048924,56.57081858808258,42.92321961115819,36.75121828390874,28.14320620823732,24.009530999414554,25.99832922806906,29.08654715185101,28.51582880707052
11.741940849011511,4.0069506170626426,13.535925397791685,57.681664118825246,40.79274227446223,12.276754841989815,35.00243220084329,17.42188966472849,23.13737648498165,7.598843755612048,4.930562214135294,13.605254560700738,12.777108630918953,6.498663713305218,6.519261961540255,9.269367487806361,10.435967045894564,46.4639948161211,13.474531036924825,11.652348289578995,37.46239858799268,6.909083846740995,4.682243265191329,4.989031924613235
6.014144851981177,12.938354414487108,14.242550474171502,5.952145534636166,14.609088983522934,16.957835631938327,12.799287807117135,4.281589890322114,9.896993736837535,6.704752907708443,14.477835954540229,13.627544869371432,13.676991747441404,8.901786250321868,6.695349637383516,35.99977744047201,37.40552139374381,21.942921167361437,48.71029919448936,51.08031894775171,32.384141186388376,36.13769867952985,35.16812872417576,35.22868390141699
4.16438,3.7693920000000007,3.7693920000000007,3.940728000000001,3.5824800000000003,3.940728000000001,4.5232704,2.57377824,8.940015360000002,6.600888449999999,3.3644160000000003,3.90816,8.665882474972,27.45980523061695,11.98622503487211,18.70172725022326,5.344629306567295,1.59831628704,1.4307179040000002,1.4715955584000002,18.22961930842488,1.5598656,8.109034287161817,4.287684800239823
11.21325980518266,13.829268848358424,7.66634571404137,13.127827884132536,12.995094158335853,6.929674485563535,15.495373076457229,19.622707610158333,37.55916985395843,34.96861229947433,27.855229260224988,14.744720676435476,10.15388883123439,10.962556552493945,7.884641330362059,10.372150862345316,8.03781296715922,21.709274579121264,54.74587914530144,25.380316178488595,21.72370351419835,26.004516080352296,23.131907492389622,6.980555109470877
35.59745166059254,50.49370325338665,32.24612803085826,38.58841046870255,6.205401052423347,6.825941157665682,4.429035600000001,18.368609650165727,5.960749634591709,5.25484643666577,5.827680988362795,6.769528420825468,7.284174674010858,21.000150951639764,11.718076143073715,8.84319910208343,16.0514989456355,18.26544159896825,22.298284127003303,25.03519111215406,18.330990769391573,12.389388447548384,28.64295307086548,27.859194196394853
3.955655,4.162037,9.742022221932556,10.18484141383858,6.6073008699266245,8.32868930488994,9.864249684595684,6.651949388231963,20.62841346884108,20.7047496637668,11.712732600113078,10.100669170749002,8.74494758038615,5.009134035037269,6.223277443837995,7.970745454308454,6.424087638628443,32.25128478534565,21.71100521258016,22.31034389292909,21.253155338160504,20.42796443447637,20.63118854168768,24.41578772017732
8.974006614450804,12.88162437680582,13.350153254773934,13.30582402059646,14.667731121949066,9.686636437355537,21.541794857180268,26.028747151009817,16.49182178255445,7.946078985007965,11.27386807983791,14.655587019354464,8.705675438252419,10.910566643014155,4.172526936197614,11.565169756577546,7.812065584743153,6.72840305825696,16.689431241319177,19.40824311839924,18.125561378938205,24.34941173204746,25.39691497513462,13.92342672356892
2.462955,2.591457000000001,2.591457000000001,2.709250500000001,2.4629550000000004,2.709250500000001,6.016652400000002,14.94736254,50.22056888515832,25.540489533732963,9.145103594016325,3.687181404506429,2.5233119999999998,2.2838309999999997,1.9031925,8.684546005987865,12.449420333033284,10.853360399579987,11.200039374528505,17.257839657632598,9.471341625864808,12.66087072843767,42.69193760412652,22.71914528343853
3.507845,10.851549175609936,10.372389175609934,12.458001410864927,9.104811989278236,28.91358646177448,50.94184531003861,47.19639941957446,38.00335961925666,43.81632424787505,20.82488081547272,10.754242721518938,6.846722321408894,6.041094516969755,5.542884962778021,23.507211445049556,28.280615595635798,14.931846112389364,14.445933832997584,22.364715528162257,40.83027324026968,30.40778847384386,26.325489551816897,5.612477794441364
4.17956,4.397624,4.397624,4.597516000000001,4.17956,4.597516000000001,5.2771488,3.00274128,10.850367042885445,3.5393273999999995,3.925152,4.55952,4.281984,3.8755919999999993,3.22966,3.598056,2.6160246,37.73708243556214,17.619258285597457,20.806709586598224,15.580846797913164,19.486364707879044,12.758836480700944,2.52756
8.308375846371082,8.741856325312183,7.107308691136133,4.29748521159277,8.30837584637108,9.139213431008187,9.59889442936336,43.86683660757644,7.279167914689784,6.377919532210686,21.47095722769777,11.982658913642585,10.698806293624328,47.15517336177965,69.19163507964669,45.03487949811131,38.04161799598532,29.72206516119167,37.42602865532946,35.29269642660403,28.69394574856691,18.60130442033894,22.781548029477577,14.25830325948287
9.919142633916476,9.596953235128485,8.472754428781016,15.712645496965592,11.866696614015009,16.67965612298344,12.523995742997151,9.710776976629772,22.50935691401431,10.809196550015074,41.62094880912648,69.93176020483001,11.256857291858184,8.457720619688738,6.990140701806163,23.935639030773174,15.627936072016167,18.04901113748542,16.878970609964746,17.795956773570733,18.405308785834343,26.75130553653253,25.64666350149852,28.496107871958955
2.23905,6.010060363761398,6.679210462297164,9.784356883406527,9.92626322180953,10.824233532718395,9.733306827211608,4.6794697529438825,5.581587550673559,4.452641046006665,7.954648419013672,9.640620372963332,16.949000325389772,28.985600282956618,13.733446902032995,18.600358255165872,22.417062494108475,21.348556288059356,20.122105224487317,13.289285479246868,4.611888561728865,12.886480152428245,3.33281942717127,3.418861666417609
8.743636613690104,6.922335052736879,13.326425073492969,6.292498056276919,9.292262089823035,13.932171667742647,7.544821813672982,6.821491099613088,11.360702114639496,20.451700165227567,70.24517187903815,14.725781742088513,22.42284489357231,51.59249588174342,5.272453671616186,8.613166000277525,6.262341147722439,2.5521685661925777,12.451844708215344,8.377591962849063,4.477209693384552,14.969511445190928,13.747515049902814,15.654369086033016
3.955655,10.014391528881072,12.69834289560224,8.948037887652989,7.49520826502574,13.275540299947794,12.017269834657284,14.10673975061505,12.19270462970436,25.204988934542342,11.33405812169456,12.42622249658558,4.861008804474844,10.487637496645684,17.479363298809453,23.398680435716486,75.78279003311387,63.40283322787648,30.471306544816272,25.31092632580888,32.130775764502296,33.69842181475969,36.54651659318508,25.8950096993233
4.254195000000001,4.476153000000002,4.476153000000002,4.6796145000000005,4.254195,4.6796145000000005,5.3713836000000015,3.0563616600000008,2.88202374,3.6025296749999995,3.995244000000001,4.64094,4.358447999999999,3.9447989999999997,4.063104365861769,15.861015304016481,25.01131709536997,59.32778249727879,9.404975660709828,53.343906409717945,16.896852806077852,18.145835809334088,30.457531951591875,37.24549851069471
4.048714959799657,10.269253391233326,6.779856275651387,12.746741387514655,9.103442860643648,12.746741387514652,12.982514989136476,17.386378787180888,26.53722689521657,9.812883968983389,10.882593437561916,12.64139641736991,3.440879999999999,10.74518695476442,4.515106388169957,17.43777129460389,25.38658098820873,54.109796911746415,50.67860341892296,28.76066368939287,32.842471047953794,27.08446348318104,30.51954173255459,34.08582621460828
34.25554185039512,47.09239846781082,4.397624,4.597516000000001,4.17956,4.597516000000001,13.079164813339496,67.41583178237867,80.15606219016239,65.72277165702938,16.965558254590935,4.55952,4.281984,4.927118933649185,3.360057600118444,6.188530046602152,2.6160246,12.766200693634383,17.26974060590725,32.67842831362879,14.72506466467281,33.34428135869542,19.317251150509023,5.694153600698339
3.1346700000000003,9.72750407198008,9.435263795980989,3.4481370000000005,9.245148498162886,10.169663347979174,8.166121574386965,7.465120188325677,6.263167873482711,7.828959841853388,5.552289603958863,6.752628271725209,9.471709449501265,8.572774061932858,7.143978384944048,7.002444246532122,3.1947734178469425,3.5051186573860185,3.6921907397837126,3.7976819037775327,1.1055547440000004,4.0254765160380375,1.516536,5.590939605608385
25.98129008658629,12.35769248130426,7.176197705798967,12.973505418812378,9.448129013408936,11.493874916619262,27.007073357459163,39.91463171347384,14.203618876578371,11.640699866799904,66.31161756999306,27.22713070095365,80.68585719186166,41.56722767217401,44.43236393283027,44.2535487569478,20.925936284731435,42.57504225710623,20.28352684251436,19.53007782484252,16.98803198196123,24.66201792164109,27.49505910753856,20.67804531321217
3.43321,7.3407867291717634,8.578502496466353,12.9863229931778,5.530948758837944,10.558849646627198,15.099424170530163,4.915556274910307,7.794569502967705,20.003530988069368,19.29576203633501,6.330369375586813,16.771976382778483,23.674391317496628,24.852191385039653,35.175913280258015,23.33120333595903,18.58878331248025,15.086345858639811,23.43387321057015,29.0815432245864,25.02871756190255,25.15853456235496,20.23905503605213
4.914516213817821,3.1411600000000006,3.1411600000000006,22.83747607542773,2.9854,3.28394,4.026076933207129,8.756210580992056,18.202370823155363,24.985367138773025,2.8036800000000004,3.2568,3.05856,2.76828,2.3068999999999997,2.5700400000000005,1.868589,24.56459951544608,25.315891034615177,26.526370676191213,16.808882460430222,27.696262128575427,9.756726591979552,1.8054
2.3136849999999995,8.264527710923776,8.12114442020108,4.215020973002397,6.37879777679889,8.79008877444859,7.218952626571235,12.233606739075771,3.751790041688431,6.766915449089964,2.172852,8.717443412676285,8.51297040050263,4.419943521652191,4.27941698260221,5.689582446110452,6.563192020701491,12.905940745100564,21.041015273828545,13.463618600578483,8.72550187559441,18.212643068611424,18.0694113542495,2.2290777510048563
3.955655,4.162037,4.162037,4.3512205,3.955655,4.3512205,4.994444400000001,6.2868763948704895,9.09009041567534,8.05448340897503,3.714876,8.73208449830032,4.052592000000001,3.667970999999999,3.0566424999999997,3.405303,2.475880425,1.7648075669400003,10.928234751690413,23.23625185385088,20.6900963985052,28.399693290167868,18.330864241997297,17.36634980129915
3.358575,6.149455046940591,3.533805,6.428975730892434,3.358575,24.61962035347242,83.31599783704648,33.90304268770606,21.268680977736395,16.282809172170495,29.88488703186092,27.82307771158781,22.05545564324321,31.46522048512366,16.60834173481088,14.45029702425329,29.252912871211564,25.0502022041353,25.069909533983687,20.355703862725203,16.347288468270726,10.41595861951826,11.217694667257678,2.031075
4.315124213026901,8.300085312805109,8.742417569783457,17.8227601865918,14.863511621457295,4.97785576865918,10.49090108374015,14.082224971772549,14.453153197447447,3.4761251250000003,7.803149566418291,14.45302631421949,11.296034991901227,15.145496698860658,13.533492958706441,17.13238750661876,43.00361979411751,30.68617206012637,19.94786048312444,56.50667074432682,26.895634661154137,17.72798175063048,39.12392954019484,22.94449381712056
3.358575,9.73408343658845,9.170421760534955,3.989073830664328,8.983545858137154,10.176541774615194,31.479892093945704,22.447839459750465,12.566832316268592,49.15051738491713,59.52598506878808,8.339200453516597,8.027816536965432,25.601719178684714,16.147443971823186,13.851932912195643,18.14471640617545,1.4984215191000003,11.155945362287207,19.294589339539723,23.442821557162787,37.80486488378553,15.706631040183312,5.594721133726644
3.88102,10.98625194023109,15.789835399440616,11.403097672116086,16.073559016565106,8.434891735890314,12.43709052861303,20.99053639533518,32.12660585470991,60.4123772220116,10.319037014587549,15.384924360763918,12.358431911372099,8.297340394673116,12.144325924224756,8.04953745590522,30.05771894371437,24.27381783831473,23.36738725020892,43.96719465366765,27.93915812881941,25.600817997220723,29.710234041775287,13.212335156925809
13.39427739247745,48.90366646472769,63.76321089100849,29.51278873865933,8.401781297707059,7.981157853051,6.266619312644055,25.759147237471208,29.06957475264917,22.10593583062827,65.50547411111185,18.16436569012756,12.127512343049734,22.391636642653065,23.250939925726804,47.934226610111565,40.37345927292368,26.636625267448945,23.511226292597904,20.843270990713638,2.9631920335252246,3.658261769784228,3.1775079180292507,3.0014799487682824
16.588671953713526,10.023944969553536,11.16858023271006,11.676242970560516,6.603215363196703,7.846917726545961,38.710648882227815,28.22477509422451,6.605672901518327,18.728274902111007,35.325513385410126,29.08249331379307,93.21089497883328,20.2649146773053,11.835686942129286,11.584944934378866,18.93391061803225,15.000920218269728,47.59208342947343,20.17907949436105,20.17646179657033,13.577171153755016,17.913025928666954,5.609183264326059
2.3136849999999995,4.00696079724619,10.234328612100992,6.3445632920859945,11.662050947800594,12.828256042580657,10.801843739254052,20.118134579620744,54.274754598132816,7.606831446647165,7.708336719789911,10.968571439540488,12.039381031245723,13.27414390260513,10.518465308665572,11.872808258851064,5.249646823566768,4.916546433546283,13.076144320523296,18.01400581925793,16.448873066448826,20.7556773099266,22.75167682804268,25.78878888172145
5.49585655117528,7.403156785951457,9.255225235066574,9.67591729120596,8.576259653525838,7.013568895602984,9.300737371968223,13.560245689118176,21.692065440102414,5.682635628323967,26.05529804142042,101.77238868731428,26.853550199269964,36.82009584529776,19.65621487707895,26.037475758459223,17.70530091905027,45.720237059801896,37.49343729443645,24.663026333936063,21.429349709105903,23.548253508274023,35.7607668720264,19.2528970065364
20.68303645873332,16.938513457622264,10.368051683801252,6.584986258343786,6.652918864943301,5.394713970744535,13.062581099372403,5.7936884970133375,12.131955812546018,8.112354685600144,9.382849040356277,8.56723562457039,4.90325534350566,7.485048600091461,5.742172428823251,8.66359597362154,13.291962655421615,12.520929402727552,28.535686158773277,4.957132101148948,6.659743196097619,5.157752801380772,11.57031512616152,10.505664492292844
12.965301511089066,13.585309892129484,6.61253579255136,17.587929081670257,14.261183622571778,6.511110344466764,41.16285244232844,19.43250154365077,32.088807128320965,36.3827391671274,11.105961397964082,16.4220878887598,9.83713726754339,9.764098472897746,12.355156792908856,13.764466237828897,4.634247049854028,5.36892448230803,32.266022949897355,22.03935810186604,20.709019715608505,29.535391673309885,38.3521579714372,8.03275653341432
4.03029,9.209368318313023,9.209368318313023,9.15573442649585,4.244945246658903,9.627975969145432,16.880734738914626,24.99517704485576,39.04475023979324,5.7759844040145225,7.615164227339714,9.548405919813648,8.967198602955428,17.431265299694267,23.634343206048406,68.06009498146022,61.13611828721262,3.905002020620271,3.495526105414564,5.566145528952203,34.51122541772139,17.84111187469018,53.083827547140274,29.86131605301547
7.901275061103776,12.34691697440886,7.25309047533445,12.908140473245624,7.901275061103776,12.908140473245624,8.703708570401341,14.586344761274388,11.052594329097872,8.963277225609756,6.473832820959674,11.601154173193072,7.964159285702393,7.6820974255980525,8.62337629689237,5.934346752546368,7.344838608123646,8.09784240815331,11.158824077535494,23.08303928351608,21.44811785349391,24.83043757875662,20.6869220148309,29.420248256011668
3.955655,4.162037,4.162037,4.3512205,3.955655,4.3512205,27.85059331001216,35.067236123362555,32.20331665374372,15.304490990704736,25.33925902277244,39.75803481747421,18.878156202286803,13.772729248351412,9.849793522817977,13.865588583250275,63.0624046496822,19.820303987480465,18.97007762380798,17.941232988505917,19.57155167226336,24.63064000538378,33.99646276389245,16.245122030361273
3.43321,11.77439124973484,11.77439124973484,6.5210024594575415,11.190537138177737,9.565119392537971,19.11253349968181,43.09440961758784,3.4950508420024025,9.476350312920507,10.118856330002211,4.047741097460886,28.691254196595448,15.768850713324284,17.10592686248053,18.642973865297915,17.003292413041798,4.621593201701279,3.694128964872057,3.6243161837985656,2.5969591781638384,4.87252794917652,5.298197338876763,3.667395813974685
3.657115,7.832930595480033,4.267395694261058,8.846785484002146,7.643857961985242,5.776993403273506,8.141092631792871,9.635066994531677,58.84576766359097,90.114062776033,49.40232427899963,201.35432195760245,25.601709516651404,47.26923232171311,13.733798846528936,27.254967640282647,27.462928452835836,24.32238950141991,34.98092647211627,19.73057004670732,13.36221957924315,31.07741923131212,61.64764545556246,59.2439224816338
4.104925000000001,4.319095000000002,4.319095000000002,4.515417500000001,4.104925000000001,4.515417500000001,5.182914000000001,2.949120900000001,2.7809001,3.4761251250000003,3.855060000000001,4.4781,4.20552,3.806385,3.1719874999999997,4.9876200000000015,15.859453265603772,25.509212385210574,23.297778590851028,26.37939047901009,20.330807606004544,28.765871318161548,41.46417945209589,42.906742212716026
38.97596042047413,38.27630595203018,29.48226871375611,3.612334,3.28394,17.11157634542724,21.411221141785557,2.359296720000001,2.22472008,2.7809001,3.084048000000001,3.58248,6.848457257835778,20.139784449641738,2.53759,13.535809047373863,31.39566023408771,23.959328959468262,12.030103307701689,19.650685975058305,11.29149588472169,3.7487656520336574,1.588752,12.253125441167317
4.34148,7.490846172500941,6.932628046625799,5.886033590170945,5.527785590170945,67.28682142610835,67.3224257944763,17.76924864,85.37248164028756,31.181199732635097,19.7500337041328,35.18988811125562,71.10241333757065,20.62249944984467,24.609248533146076,53.91241017318188,20.03450150354429,32.14997876005914,64.85836402934892,12.02869066399286,9.83241934109701,4.620101367252831,12.198435164934905,58.47122823416673
27.21377495836828,12.789323731562249,10.836902189098984,12.508058865459144,12.732393279944416,14.173499815161142,15.347188477874704,11.934427756308326,17.848685115295922,11.780337980774512,52.00668988862315,73.11206560448503,21.20399193202634,17.528285165327453,11.55952839068332,11.115764294124475,6.84664010904085,5.137824399993732,6.117419679559644,4.302020458970622,4.515399636488952,4.974740671010669,6.70449294087944,8.481597711024527
5.524664338928549,10.977048765009805,9.194463442903231,9.387702250581818,11.042283468529236,9.91386935971038,37.26782248137463,47.333796910707335,32.884281596056724,39.37678860321894,45.08371819758812,34.09103506300976,25.731308532235854,12.208747694171997,28.43694357845677,77.06651997299926,36.89505342647221,21.312132830317893,19.82135136391512,26.516675243611758,20.862966261211884,24.877892008607763,40.99076477287206,47.78410303836276
8.658209678279048,6.507381397896927,7.581343225867474,9.04872801083066,7.465440486928251,5.399698618067088,11.70962518566464,21.840775782337197,13.796878453321565,21.960132128090866,24.244390675297005,37.71650712425074,95.17559911067612,32.026514248643025,17.336679916716403,52.108634242377086,24.238548789773745,61.59741876928325,30.3920298298106,11.156308183715812,9.70239989066654,22.54583177341809,26.74469486050125,26.50164708510281
24.290477985891066,11.404249596559795,20.47830628609001,9.30812288999592,8.760159885449653,9.63617587399462,5.182914000000001,6.293475199183794,18.00778670566521,29.058347960163168,10.599223920075111,8.543470431603545,7.384314329197733,10.269182955756312,8.72116277935473,5.70840522824698,36.12992725480436,22.2158795994907,35.02263467031227,36.00526760361045,22.103593100156345,21.443322081139048,15.877160147082902,23.26348209598304
5.805085000000001,4.319095000000002,4.319095000000002,4.515417500000001,4.104925000000001,4.515417500000001,5.182914000000001,20.2645824100975,12.2333895,3.4761251250000003,3.97386,4.4781,4.20552,3.806385,3.1719874999999997,6.156819454980481,29.67559659208337,41.14269773434653,43.984951162812365,10.787914212215806,7.62160455567995,17.76995080760769,24.44145634405984,22.21396255093809
3.1346700000000003,5.936320115527217,5.9363201155272165,3.4481370000000005,5.641957134591983,6.261812848051181,18.161833338632665,4.27149504747817,33.08878266609204,27.840371996217144,3.728753885611402,5.091164756394654,50.22262064426329,19.397226077227796,23.55846921464471,31.477489026443582,21.008851001586443,20.54893311137989,28.03256595544929,37.57867950842598,16.060026663056973,19.96298376067306,9.693270531427345,2.653802275874651
8.367387574254327,4.720921886942586,9.52448075636843,9.95741169983972,8.595655867636134,6.9442702271998735,22.829125846498783,24.444657469301564,55.0257925916275,56.89351254919662,35.50651126090944,22.042425693292607,22.66943773813699,15.70517318279722,18.777713995592844,27.00614189237555,20.181961961661425,28.3565279389119,20.00709929438252,48.334753859495095,15.227065697021708,21.843258717057104,33.801812520867216,34.38170091141809
22.737359412998785,14.691142954734604,4.083508000000001,17.8571579780331,12.563191326417556,10.310659627426418,17.76711691358254,8.214679698793107,11.54352716494645,87.20383391587677,10.17832814407127,13.45306674817292,16.192821391487346,13.492561353836749,34.5887559360649,8.653410284901328,52.63797422197538,43.95743519450383,11.904295995300394,16.81905498468513,15.32717889568627,25.751507691950547,36.544247903750026,17.956128773638284
5.361939784265044,5.641693164313657,5.641693164313657,5.36233168763682,5.605486182017192,5.228381168873138,6.462527997579759,46.52504963167129,42.1416551968962,30.34742926683491,113.65883811446736,12.57706444236261,59.21872286125218,32.460047051196774,24.17835304546186,27.07310991811834,48.25335612818212,21.96802319185989,23.97655932632892,34.911839913934585,17.54749298568724,43.85279376957824,23.2972650166584,20.325060804757097
3.358575,8.872728600074437,8.872728600074439,9.276034445532366,3.358575,11.28289520566562,34.82499698010894,10.642609499228032,19.92804032177717,80.49294534118233,5.382334348478347,9.19937300383375,8.639411168817784,7.819467053258688,2.5952624999999996,7.259505218242721,5.278140260949615,3.55645502719535,2.722970147212351,7.090271360026967,15.5344513022048,19.3180674191612,4.079721940830621,4.123286881389732
4.104925000000001,4.319095000000002,4.319095000000002,4.515417500000001,14.1959595027289,5.778708964529242,5.182914000000001,10.079257261071277,14.739721064209432,3.4761251250000003,3.855060000000001,4.4781,4.20552,3.806385,3.1719874999999997,7.834541666513755,13.132827087475162,13.660321376121956,12.507334127806615,9.619978969883917,9.36273944553226,13.83634068084966,23.735598068411665,2.482425
7.026038168173588,17.806162788904558,14.999892634389427,10.18974173913091,15.558597826556657,16.5515540283805,23.53776761360891,3.567238688194483,18.209635242457725,40.81200503589121,102.63034296148273,13.036780692705022,17.33793161113471,11.802244117432108,8.671035774006226,7.604288669384314,39.02199157680804,25.563581066226565,10.75616243276048,29.369824964231395,42.677539826416606,31.14483520544914,26.008887730596697,44.25199250538988
10.644636402595944,9.461659853316837,6.928078899990604,9.396090371651058,11.245418135376328,12.369959948913962,13.66357471997243,15.229256713382073,31.72377847826994,33.986011552061456,33.18075893287043,143.0145513174136,54.28293089749658,62.286260024895775,19.39221634180901,82.03381363036308,38.74278547446973,85.02714375309081,23.766952448936603,22.77303109507516,17.070305389457786,32.732426420304144,35.80785357814591,11.129263901790395
16.269956740518577,12.464733070092691,12.464733070092691,7.058667698815094,11.332859213780184,6.188718571440225,14.347187582080968,7.680516355762562,37.6394070890925,10.031956185582304,11.125546872479427,10.401383451759571,10.36699884526205,7.323406661991696,9.154227329838923,8.4986931498476,28.592283866612163,63.90498986647069,37.56497019026482,19.769538518832828,20.518921548245338,46.28508833537551,18.12197959854219,5.019720826420728
13.719224506283243,16.97550131965846,10.775653617667416,10.889805685959413,11.178467195106888,13.323421785682717,12.9307843412009,17.129871411433175,11.503052819529293,12.980793020711667,12.258654261809866,9.527074076403515,12.18698802417912,21.385722396530838,18.398713845937632,10.454212237324649,27.13475946065426,19.288294793641708,17.11671175268397,25.81253204477833,26.368542790488764,40.97374465084222,31.281305238667688,10.60594483900168
5.165116726805276,8.021677079601927,6.827642001832898,7.137989365552573,5.165116726805277,8.594350331619346,31.60348077942857,28.01044717149314,7.64460633880282,4.534080073050576,7.337469057825212,8.523322642928274,7.8107389144734,7.069441934164581,11.690751006232656,7.4895093639996535,27.86773212306145,30.437163191028027,18.022309947127127,45.7815022696099,24.55473244286779,24.165784258637945,20.574669270010844,34.200649649028726
7.751555366410684,10.614528951171735,6.070878609122238,11.09700753986136,9.698749788236142,8.380464881611752,20.765466673202702,36.154458625497846,12.747928435557354,5.218449433528354,9.201562501961046,11.605427853321228,13.328155466678911,10.303195483621966,13.13374027549867,13.88637802416337,17.26407511275076,21.28607102307651,54.06458940054864,14.370325196281176,14.891685590235596,33.24160370739066,15.507676145914132,6.100762319794423
10.967623814908167,5.414920407160149,6.639698161635241,12.064386196398983,12.048904846994423,21.55628299640117,10.61315774362849,7.879522431197502,9.639847423157482,8.684957816852393,3.618702455490319,11.964680525354362,8.844935188440035,7.579449269692994,6.715302812389349,13.189087505151072,18.309031838504605,11.85061607093881,15.188632272965132,15.00834342893159,13.266356193556534,24.45174197463486,2.264542220049968,5.083311841895688
8.278352333730842,5.232208616125693,10.047980888691308,9.945299402475213,4.565407627497747,10.940221902475209,31.87866048961214,2.8418801400000007,6.469510640113204,7.225585077388503,4.431271875257695,10.417891529972954,9.783759002061558,8.855207800477011,6.789881106403908,6.688784094931102,3.7491112760261753,25.52307144711218,24.45630180941728,39.20452865768922,19.41798682527228,20.4264710957793,22.78769075990673,10.55830565374128
6.63020496212244,6.819790271539064,5.569082849638328,5.65877825925986,3.955655,7.129780738427202,8.371354439131988,10.849048179736576,32.94937072593788,10.632628188197767,3.854417737154215,6.908762993573275,6.7926842932100255,6.148008237604444,4.3196244265578185,4.17278255434818,4.242906956793167,4.411269623148385,9.196104301820323,9.327336560146003,14.514393151354884,19.543568523659378,25.587956342034367,34.918460288282624
9.89553416820658,35.0303480423039,2.984102,13.151503274136743,11.95591206739704,10.38143965411402,9.98305966172339,21.86612956056377,16.42425838227366,8.568466960986083,10.652947813869485,10.31607156315161,7.323540926636064,6.416201284936461,10.89945597976203,15.9080706845298,35.89554702804469,27.96746863560478,26.615613788472565,19.16302599204317,13.75973712991962,24.131118187824445,32.202532488603914,22.50957202138665
4.846416983030742,13.459201941415545,10.896768411260842,10.453853228473465,10.783848106653732,23.0594342633771,49.0882899657716,16.364716994463443,10.128529692996477,5.5191138115980864,13.663664811461,14.995730600847658,26.91307674024086,50.16048838361168,20.306546430434214,17.570343893111552,15.914973110332223,8.890532046587587,21.48808733453559,6.141450253923535,3.5025416604769744,3.1875276337282985,7.166295337065479,7.704447399044254
3.58248,3.7693920000000007,3.7693920000000007,3.940728000000001,3.5824800000000003,3.940728000000001,12.618313736554818,23.46932630518806,15.789485429027168,4.11564645,4.700564942837063,21.37606180133059,7.49322046201183,11.762525856239295,3.2502095172732375,3.0840480000000006,2.2423068,1.59831628704,1.4307179040000002,1.4715955584000002,1.2634911360000003,1.5598656,1.7331839999999998,2.16648
4.330212274514163,3.250339967133684,5.281578852101572,2.791349,5.019682380096534,5.521650618106188,9.79736148168126,27.699703879920765,14.412231633756742,4.250758306418112,6.648604031811906,13.067691114554783,13.514417303766454,15.318575708376102,66.46107656387008,31.347455514540666,23.86747700955386,22.51915483493428,14.960455323645744,18.511299876683506,18.705655836032435,15.320212595444948,15.02675540984995,3.0356181982401966
11.821188357269229,6.951575936790287,6.951575936790287,4.269122,6.606869691990767,4.269122,4.900209600000001,3.3322445463581576,19.42720111276253,39.28062604387583,6.20471240639133,4.23384,6.768777170608724,5.985947518137368,2.99897,16.997634025652417,27.668656073136315,20.826975131698926,9.749830355032078,16.468755673243674,18.66790429927672,23.75401819040661,19.96909089146109,2.34702
9.741841619374222,5.593972986429125,8.213050966072814,4.327062830968711,9.188684653976566,10.716025781311645,6.6790637958342085,15.396074210746464,36.94043962845625,39.67159914057093,41.59121872462288,54.1471773336428,32.72343592906675,31.509559762584345,11.628353737116251,17.62268115067712,64.82876000047948,52.93272025585769,17.053028209499036,12.26999746601693,22.11236607564385,34.53805244938986,26.47843436075759,24.722134076989786
5.456137554419126,10.257404227066887,7.104524668806981,9.50432215228907,11.293755625132508,10.088083959360404,9.234166328422743,6.98677478588427,36.75918488433454,63.35962269335555,20.61729571520761,52.20796430027772,59.92665438116476,11.94975521980287,4.421146596187769,11.62853053618762,14.424644679115756,4.0362666341526365,19.797836107012778,4.639199832406606,1.9243042352798283,13.777985867075186,30.142900528338203,31.220026243326814
4.136163600253028,8.636324182529192,9.39238784292854,9.028884372644155,4.136163600253028,9.819314563061653,8.85146169823634,13.827459523097133,21.36525899137049,4.516746201340853,10.57177526605694,9.738163203036343,3.886215688004803,14.75907479958578,16.04321034323957,15.943179353493578,22.960722539038933,18.14572332090272,19.545146061066,18.712302213354143,17.057365770598363,15.516519186397762,22.415868828909364,5.3983296016831925
11.534082252714718,6.614775082238902,34.6844435398611,26.954279503498483,6.127312433445735,12.431519808957756,24.84560618168007,33.12700645040419,63.11071887670127,30.494922252003807,27.463480152308865,93.61285459902857,54.76551342546465,16.91356530174511,13.34807156474503,23.687493876076093,26.863779352740952,13.555478939563333,15.316531204005903,20.93177045467624,33.50803835646451,20.90138838155384,19.129214367934352,5.868632503549855
3.955655,4.162037,4.162037,4.3512205,3.955655,4.3512205,4.994444400000001,2.8418801400000007,2.67977646,3.349720575,3.714876,4.315259999999999,4.216457795462436,5.1618566971841915,19.278413508248097,33.31693084020293,21.453238446610285,21.141503651960583,17.166200787227744,39.9249554250022,22.74884111728484,16.694538243704653,29.08197963410159,2.392155
3.88102,4.083508000000001,4.083508000000001,4.269122,3.88102,8.721922,27.683245495339506,8.982244851753336,2.6292146400000003,3.2865183,3.644784000000001,4.23384,3.9761279999999997,3.5987639999999996,3.4403411323258646,6.20069692202386,2.4291657,8.820376318662086,20.430500677665822,47.255600880652224,17.821567952456896,11.794467213723015,1.877616,2.34702
3.731750000000001,9.655213593931355,3.926450000000001,10.094086939110053,9.17644267191823,10.094086939110053,4.711740000000002,6.237070451018848,3.5340542179620167,6.513324476540052,8.617876596236249,10.010664733001702,4.583852716795475,7.591116837042092,7.09088751920954,7.899720213216564,7.970942621392492,11.872669833050756,25.06077253818767,14.644621810153549,10.647118215382324,27.51298438840992,24.55182691698418,2.855411860440883
5.921503567342478,4.852838486015895,4.240566000000001,7.313782741029313,6.648893400935739,7.313782741029313,74.03803558931813,48.93714279089556,6.942068606609502,37.21107332902992,23.124835000314057,27.86960051505774,25.77822267188222,18.05081316897134,13.472849413396936,17.59492814936765,50.16353727618442,31.726429878458127,23.252347325402926,38.87233734142578,23.030794458288785,17.830538594960668,42.18352397447986,26.880716260527723
2.612225,5.718397128337215,2.7485150000000007,5.978324270534361,2.6122250000000005,5.978324270534361,3.298218000000001,59.15627562297416,22.229169939663034,70.06430500683624,20.79292166820502,7.572024804207257,2.67624,13.802488330208142,26.975366422567646,12.528872365325572,21.18620358823384,25.04778740879451,7.806250161816216,2.103670977766372,2.1933200106523087,1.137402,2.5534808791727346,3.286682045963913
9.503108406584644,9.619970544334675,11.154649572858458,10.119455112059292,12.943934190625658,20.17313872841092,27.314937135593645,21.444316178993112,33.801790675319495,45.44692639170922,49.95385241034997,36.30839021131787,26.92146585140833,25.162883753648632,9.833438185552865,9.872351570578749,7.987067588254971,24.255733552813123,23.519636804572333,22.15829625217168,25.32860492615744,22.00193569930494,2.3361893966957483,8.487856850976337
9.10578484877463,7.189153695818485,10.103765019932991,11.914974650824597,14.7730346352363,12.56337100580343,12.742343472995795,8.20893707781759,9.61878195670069,7.361817787128725,10.512564628010974,13.699424100492983,4.20552,12.416519040758129,14.484666098441846,19.08321266539434,22.77972164765032,16.608108382056013,29.674380089460875,56.32846659002152,21.868710594186627,26.91484367968152,31.24585924359248,34.682209641763336
2.612225,2.7485150000000007,2.7485150000000007,2.8734475000000006,2.6122250000000005,2.8734475000000006,3.298218000000001,7.307821620000003,46.55762253128898,16.862152725,11.57706,2.8497,2.67624,2.4222449999999998,8.020224769771621,17.125878198058075,35.0783183223227,6.209923152221294,10.29634796487881,9.394892674265773,6.282012525723971,45.19017125100608,19.92110703960652,22.94712929240308
3.2839400000000003,8.530972393136803,5.147174797712267,7.149940577034739,8.337663681478201,9.17143004962602,10.661371465657693,7.7796117629038015,19.624202810907224,21.78937679216208,21.434977960247952,3.58248,8.541985874463041,6.453239011641494,3.4251241176149727,7.1776409084029735,2.0554479000000003,1.4651232631200002,3.3297728686891244,4.985586069765923,14.82852177443435,50.855900515440126,56.73828149617003,26.81621476253064
3.657115,35.774188427205566,9.377551347944928,9.80380368194242,3.657115000000001,9.80380368194242,15.33371202288013,30.426528191045403,53.34313155382634,85.93042439621739,45.2439822617908,59.88887482589645,9.130959088607527,3.391143,9.534904739846048,24.159537337290633,16.851135231737143,4.41684511584494,19.199629588792487,19.43079387726436,26.475523642291567,39.04707807597116,26.4792888380594,11.787825311576526
8.148394144776969,9.676296968171991,10.105849468594924,11.191664744687513,8.087640735922125,18.417231517006137,47.56463265098876,121.84795480844714,40.52757844840077,40.11164713337242,32.99566635392137,47.332551576912046,90.82023840505991,58.07284980581409,65.8590364478489,63.6668110505119,67.60152302667659,81.45516204368519,3.078629808476272,4.038245047940217,38.54849260240198,23.54953251803365,9.45463506452436,5.991964186660955
8.954931562635496,10.554612532401192,13.125416061837193,11.716543956251908,13.494875321924626,16.28592235278208,11.298845714411186,18.276565570067724,11.913910796949317,9.177285316315832,14.704219718199546,15.811099660883634,17.58110922705246,24.8054528349372,14.15620644805599,15.198335069664163,9.530193678739012,22.38350787872936,34.64375824871372,31.32359189426224,22.01033134020303,18.85113560141681,19.063597994365235,10.915474827026262
2.910765,11.79919296965597,8.928388211560785,8.497990056719138,6.14602427747551,9.333779378479049,10.352855709714223,13.233742964026188,4.336886659509356,16.784574176702616,18.38067366448923,7.107071587187985,11.488921178568095,5.018955058291498,14.382484931812598,32.79550871862124,30.19882262031164,4.867897548174748,1.3241951546038726,12.840502662440528,11.386362517654131,18.21703671107345,26.26893805882805,33.23147298318644
3.58248,3.7693920000000007,3.7693920000000007,3.940728000000001,3.5824800000000003,3.940728000000001,23.59778032538866,14.714860541289418,17.22094492047921,3.0337092,3.3644160000000003,3.90816,3.670272,14.256526910194966,2.76828,3.0840480000000006,6.60884393910835,11.804315019568715,19.082249813422045,17.89196861384929,44.62656511054978,27.577204872706872,29.36203124406296,2.16648
3.88102,15.979653209317114,15.979653209317114,16.481921486894247,7.732837758423519,12.072917020697018,14.112477980997827,19.21886344542831,18.48014189968773,15.889755449154688,20.49830563222448,22.89870053286293,26.335376166731436,27.252945516485802,34.31375743795783,27.27416062812796,22.64025830239152,18.930102053397523,19.75407039313911,19.085876944543493,18.50777359431339,18.76955934995587,16.175652890504622,8.312362888731746
8.962718937021398,9.186607685491662,4.190476153226515,8.82069649909061,4.220103420922097,8.559535078085842,12.103650572067082,17.422515069503984,24.53995468572348,24.023025059144302,20.454353270649023,14.926861108614691,78.71682898450945,7.779316210683581,15.259333091950014,31.985128779102464,27.022281621882705,45.66398123214768,20.512275852623667,20.93442086266735,17.943757192288263,17.32068329547736,15.062591665870606,11.88183006806819
6.53694669194716,9.041452373269175,5.775613322345926,10.460865121589109,12.519102583897196,38.20637046120181,46.646273905821786,33.64410354330556,11.017552129121889,34.767804533882945,35.09416540031791,43.66236332417724,26.155549718834976,9.949473895532446,5.051276989231895,9.426954398311505,22.14330494030389,25.614764761076284,15.578375502927829,21.70605688780569,16.345027121688627,31.52147616482668,24.0812514197106,28.531937915739523
6.110161544841005,12.342204387559818,3.7693920000000007,10.12276397857834,9.202512707798489,43.82788421852319,11.311729940442977,76.00777520218082,25.02777046181859,51.06591690895118,17.295723247822316,18.048567983908303,12.017653558435402,5.927587528161116,6.695466896893136,10.098167226185305,55.22937321867148,25.94517966986058,32.86595728231063,16.565869783280473,30.741058193251217,13.918635337477705,18.508709763328543,12.563503812532304
3.88102,7.188300694168281,8.858967058060923,12.507567013694164,11.159741464734156,6.765384689440937,14.153632682853347,25.347268106290887,29.68888917677605,28.250708482891,32.81347001221603,25.17487643507045,41.88621605808435,5.345330509773602,8.78630740631408,28.962607486210253,2.4291657,13.685646155871526,18.69492508290378,18.66836433393309,20.88388958178602,15.24085536306388,21.046598162379983,37.3511560311899
13.091838403031804,6.888055339846649,10.770018691615164,8.45773166340733,13.091838403031808,13.56330031065352,12.443242885964487,24.408726470976223,26.994396195973422,9.380650914702327,9.970513864893157,13.210337807678092,8.632096134381749,15.037378950212567,9.356179879659402,18.26303156373742,18.552556294353792,1.7315093109600002,11.568619296224712,14.305073584916412,5.574442171326406,19.808763918112,19.545268473895007,6.019830849633641
3.731750000000001,15.793408593696128,8.376866175362998,11.40642936474812,11.661136110607792,13.56382359835636,29.47377629652985,23.929127355657467,7.899889663295388,12.710964778949757,13.410301185215872,9.798131422338278,12.882486964017835,10.15099239171696,7.93962738373391,21.68304567978392,31.02589087593333,29.293065388088586,20.694436415133943,21.728855412201742,12.870390455811192,17.48415669719409,32.56802275674288,30.01745159074117
9.926109119470093,8.892296712990422,11.04101991820432,14.110190107728917,9.926109119470093,14.110190107728917,34.09305853150686,38.12094694049594,39.66429875686389,10.477471023212866,11.22470081343326,13.993576966342724,25.41670676734735,33.6529003856947,25.38089956991187,56.52255110666434,16.33128303989502,4.428513731433343,8.429408934254687,11.48471772738926,3.8038157391680696,9.802754811543108,21.561812562833623,6.698745107433872
5.735354994597236,5.3308654305191245,8.380342496824527,8.761267155771094,18.277068323428264,7.535078824914027,4.989587562943534,11.179645067666469,42.15292772303312,15.30119145781448,17.037063325336316,39.9723074375214,16.425575554920805,7.3855309908153,4.776414010280842,3.977766910330352,14.748758433560944,7.552062727395213,6.301891577094515,6.91839913914048,7.080412784630181,11.598022697492365,1.480428,4.816650646183891
3.731750000000001,7.912817345410906,16.30111572060203,12.87450966497254,11.986595380389478,14.297075610267232,18.97382982842586,46.55143926995425,7.4087727355715804,25.65975329862128,17.229311975050734,16.810101142835254,20.238130123449533,12.704970355843589,7.765002513817829,5.615996057576924,9.69708181794115,15.400019951385575,6.187283815703219,7.620521860709346,6.671842292406325,20.84460315703837,32.32095750496937,5.4082550878906295
10.94060501326638,24.713608187871586,3.455276000000001,3.612334,3.28394,3.612334,4.146331200000001,14.449692008627274,8.277059198033855,2.7809001,3.084048000000001,3.58248,10.39093870133852,10.673248729709917,2.715652074381409,54.36365239065758,25.45443983866633,34.51016306046299,8.40537691451154,35.96177487511583,17.607925514385915,19.20919114843193,38.91171634477715,34.91408544611542
6.295787759394517,10.41412417555786,10.005816176709931,15.5817613970535,11.61210542483232,11.053306708228028,40.39890328255797,31.49863719465692,12.421411130980983,5.331387543523629,9.0121235640523,85.7045947471593,8.991252680181507,3.8288812841011124,9.511925342580207,10.59691733817887,6.335907260416965,3.723036500210431,4.072128533111923,12.001688509681294,11.528019858421503,15.28561630737044,15.585390872497442,3.807334099554787
4.176185429512944,9.947018279541044,9.021617814433537,7.92185326555519,9.946844943046624,11.004302455708464,10.23257123762713,20.85630488152116,17.52849591575942,27.02118466913886,27.090459375862192,14.798336005184725,16.064527048923615,10.255236459147453,49.544877712233074,7.718927213512038,40.56555567300264,34.204766089177426,37.39540164671007,18.66139334438085,16.903367649692434,20.40699195201871,23.42306258071112,23.63864368394
8.801088461451833,7.125332080027169,4.154941577144799,6.97145569508928,6.772009828124993,4.104925000000001,8.550398496032603,4.865247408692931,3.8521438970953703,4.343207085914809,6.359800534239125,7.387647085227265,3.8232000000000004,7.259550609551558,2.883625,38.406885952552585,35.71501055449269,26.19419976341411,24.61322932625819,21.82811707933254,12.254312068709574,22.03787700380916,10.732565601233697,4.095326101593376
6.0014722360851005,16.181081587800875,13.684983557275036,16.502267335880376,10.548669606803864,79.70309131313522,127.1131609088745,16.080649885039488,27.683460560978336,27.8067166969879,27.35791169535554,23.547968432610126,29.25459062741765,78.56127626515075,14.436739126534109,13.239066753655262,7.62179891937547,5.743186153877804,4.094425246143229,5.700128924024606,13.223648949176138,36.73400521754275,24.60920512384832,5.4363341177136855
3.88102,4.083508000000001,4.083508000000001,4.269122,3.88102,4.269122,4.900209600000001,25.81321628999161,40.840453941634834,64.87582670472865,36.971398082696886,9.602589031912418,22.32642174610661,95.97886221469263,64.38858670973143,53.22720287206261,45.32945891138242,21.73371819991797,14.349758177751989,28.12304299313932,25.552057508031545,35.902257521220704,44.44508648415328,46.06853630851566
9.815086282187094,6.160244233174673,6.978532781252306,7.937351428324642,7.993486282187093,8.792834910405803,17.88523359519592,22.368380567161807,53.20993462451384,6.769029519870252,7.506926247619183,10.392823152438138,8.189374088311837,3.806385,6.176784854417298,5.207577030158793,22.01801446397539,19.97896192252288,17.80089170739777,21.173223744235152,22.56755303540336,27.880627884092007,30.15753897426272,18.27873409107785
3.955655,13.46229726999972,11.253782342606709,6.198342075637788,12.794745339255924,14.074219873181518,5.24476764631771,8.907318094458079,9.54191281927591,10.834822985015355,12.428834775394373,18.181935830049024,61.27519923165365,59.98497567213242,26.911921011510195,27.552860267577636,38.510402777223966,29.98816843751237,52.01394268266715,23.57865315356097,25.48585347482421,21.89864336660797,17.252534644052304,7.737533742712082
14.232231494524978,4.947483912505602,6.282633825011202,6.568208089784437,4.843147924133553,4.862183201582835,4.334800800000001,4.834846388989128,4.922421444733062,5.0564345749043,5.6076401082744605,3.74532,6.117425572663047,15.18256434167192,18.55140547487281,35.11767356046688,8.574407260374644,2.6639935480374075,2.07090418818838,14.63522166029247,16.084918757915137,31.06601099693965,28.254804801361697,14.866510154491388
3.507845,9.10188628607028,3.690863000000001,9.784988337124592,3.5078450000000005,9.784988337124592,15.97154391827264,8.851513191482557,9.570841771642772,12.063446862262092,7.664028755220861,4.361047333174267,9.11343505922635,8.248502565179406,2.7106075,7.657816959488811,3.72838623704368,2.766851277635209,3.552530904024673,6.542041082248844,8.9165782591505,12.738675831526823,11.916276274216424,5.379458194682221
3.806385,9.527665484145963,9.527665484145963,9.960741187970784,4.9993018776799145,8.386090909433294,11.43319858097516,11.002490235936424,12.263630918675885,7.668124311235356,8.504032002378215,15.855583327588953,13.86496582077623,18.929728301884033,8.970834580227,26.82449135392859,48.03960288354774,27.335677657203505,22.26352376938825,30.689775847214307,21.96043090681016,8.393636666355935,4.380864970922112,5.187517921502399
4.17956,4.397624,4.397624,4.597516000000001,4.17956,4.597516000000001,6.395188800000001,12.407436356674056,5.9775045759494265,3.5393273999999995,3.925152,4.55952,4.281984,8.265738830827331,9.23645299807328,10.210829718181857,16.179869890361175,35.86381435861242,29.53662000444484,23.857947429302428,35.36471762268908,40.27663157215337,6.955670436062091,2.52756
6.438812081642574,11.301622472139016,14.26198878576186,8.208121805729565,13.554782730269528,10.97126119756692,9.421496333533067,9.370706024502669,43.62330839523261,39.97352193205253,21.46538966013112,37.0169283972548,12.861383435740724,9.248501174808474,10.47415029157191,9.375857142574375,24.983626215668167,19.13671941859644,26.76896127439076,20.5957519191677,17.480800820602006,14.60280158710803,6.062750616078143,8.02967877043547
10.394348834610849,8.907698410828472,10.036306653436627,10.971979169947462,9.62300704372609,9.675702266438323,9.775712990846776,82.04762783356902,28.06844141606481,21.44451180089589,37.15777373960156,76.85288402057509,7.258288888140131,15.311798789579836,6.804934401086131,9.823744818514141,10.506291204366535,18.74514048160073,12.45090989814267,12.63612064503358,16.381925272782286,17.607996835301,8.079086394241596,4.592551066949676
4.56360287094204,3.690863000000001,3.690863000000001,3.858629500000001,3.5078450000000005,3.858629500000001,4.429035600000001,7.63033651890927,17.071751309980964,28.05707099517449,28.420373778949653,33.83506747352419,39.95384888993971,59.96164079119115,11.230813380326468,26.247339145447093,41.50021100314133,47.53108475923048,21.07464904056672,23.35854277709975,29.37009102011856,32.38903570775349,41.86534353078216,32.887132802715335
4.03029,6.186681629622524,6.511034234559611,9.180661672261005,8.34605606569182,4.433319,10.537802962943069,11.066171391826774,56.64464219317981,7.604120547452141,17.868491914976634,19.591237090401947,14.792160392999268,4.023027440714653,8.797080561587766,17.256846664085366,26.94152410209304,13.749850123436218,8.503133362669699,3.787188232864108,7.72451398733571,7.112270791789777,14.87938322176548,5.04721967609031
6.060484112049516,9.495019650208038,7.100930861755463,9.472310698614477,8.886525334422702,10.683779375616464,11.866948576474012,5.876807318972916,4.71736207642599,7.0589559071095405,9.379903769530683,10.895847813091196,8.22081209927609,7.258508685652636,7.7178922009395965,8.598245122069793,3.534811217534918,2.6918847252825184,8.796739385249587,14.31359152685581,12.255356262573752,13.016603818880174,16.12891615885845,21.5180091079394
6.2605853122081365,5.843501909416424,3.860241545490715,8.960052405714917,8.616731405714917,3.7765310000000007,18.16039631177226,25.652009428070823,60.63374750258118,45.36337907023859,3.224232,9.400070624416273,20.80793778858253,10.384423026560128,42.46910844104076,29.412897732830135,42.98702187343832,22.733607732224844,19.64882746779271,16.4101441038171,19.8949394248941,15.275499779148264,13.887625815723332,5.210908715709021
2.9854,14.791146611070143,14.684677269376843,9.351282904224984,11.85894392336519,13.231615120431888,11.678374356388328,18.572035681873636,20.520634528112904,44.00652838187058,48.0123489707014,24.629655836556445,11.836017953225515,24.02600636029627,69.13229420423717,10.118929562929889,25.44072248150939,12.802493360952404,13.995031723627072,14.317636650571217,20.40553151548379,30.49904554252856,37.02026340232173,42.93041234431109
12.877861649822137,6.555544604390966,15.253714117846984,9.611257104126672,12.583412568043126,14.36986632822591,14.972004975669742,23.61203257320457,12.637832745640358,9.596162755111363,7.613308761759731,14.40314828271048,27.365347373575503,27.638766980407734,7.746658362117902,26.343654573008603,30.5693325145532,20.20793641414516,20.79967897606672,18.595225564580627,23.31627671193684,24.40966789533828,32.413584494221126,24.60942915807025
3.95945,9.222641129336584,9.222641129336584,4.104925000000001,8.765320081600883,9.641852089760972,15.100022787759844,22.90838275854145,53.31994310111833,7.422632414555656,3.719471766329208,9.06297032886038,9.522275931084721,5.478038147677037,11.858160331835558,14.524669059945719,19.05304247945071,9.554369403027549,23.788426415248598,33.50957794359106,25.78544759191312,29.82825937224688,7.687424894683253,2.25675
5.6951904868019225,7.189297938502111,7.018302641577006,7.158548587590623,3.5824800000000003,7.158548587590623,8.21676881358228,21.669032852932755,35.1848305501012,54.298393756462254,22.460977123792794,20.733308409954013,10.70537465908774,11.374822702823792,5.028732478885973,5.6023423728970085,5.958140654877114,24.75576046966408,28.216608910345265,37.12803730234439,33.960242246675364,20.14203444785232,15.507608805312822,11.728355283596697
10.682613592476514,8.004278898679562,14.807966097238715,11.534541943413965,10.839806890790031,12.035462488736623,13.487960814152958,10.35830408298203,14.223148726908464,10.523917243819485,13.36969344392037,10.58288535086641,9.739796230023037,13.534237504641188,11.278531253867659,6.548955462556005,12.556118458965232,8.104420691870095,13.116957356107852,4.740354127135528,5.978546610334668,15.74407733912778,27.675195719088148,10.854060734710956
8.165915954306493,5.084269527818079,9.941076902999432,9.828769440867228,7.6530299596822,6.161634579303529,11.92929228359932,7.260452298560437,4.663394510149218,5.177761359514892,8.873027318379656,4.15242,10.816618794345759,15.495642615220573,7.300828454306493,3.2768010000000007,2.382450975,36.84185550630667,30.72826257674379,15.355981837386958,15.502024772614243,25.86446831629528,38.010364038680585,24.38477674699057
4.104925000000001,8.68020135863317,8.379267495918098,10.85586424444628,6.5752289264076405,9.374144673452223,13.165410980225268,4.352684375965259,5.645881820070624,8.829900687009642,9.792454448101436,8.634901890762004,6.778898412770525,7.339666607147703,3.1719874999999997,8.976416577426315,4.9542749598247,31.54212532180781,9.004512047866099,20.571659899012488,17.01864906199407,7.421966905474091,3.8293912732944553,3.832654414107992
4.254195000000001,4.476153000000002,4.476153000000002,19.5352685,4.254195,4.6796145000000005,5.3713836000000015,6.437172060000001,2.88202374,3.6025296749999995,3.995244000000001,4.64094,4.358447999999999,3.9447989999999997,3.2873324999999998,3.662307000000001,2.662739325,1.89800059086,1.698977511,1.7475197256000008,1.500395724,1.8523404,9.10784374101835,16.472576823424383
10.528411329085063,12.650577200371014,12.032114199637554,18.440464965225924,16.772038081470274,13.737363197331696,60.16445928251915,29.35909613588724,30.229356382937404,19.187856017994296,25.28585745547606,18.73769484437808,12.886903830723492,79.8574056958488,17.205272460516728,21.728578449884942,27.47819361825927,26.084446734171813,21.95494863674166,18.21021111528801,21.63502230436237,29.301977406868644,18.937280832487414,9.705194732021956
6.182107535624606,11.03789242064899,4.812763465726032,12.355980733134782,9.36050555768264,7.284704575749836,38.69617752973599,43.14112910555383,54.731897667751554,58.09080817888999,48.876675547630846,24.30658086309534,9.155990506960327,8.287019185697886,6.959380580459136,9.669897965062004,7.030655152696939,4.920495856525762,14.405091368564264,7.818443838027619,2.1803438045880217,15.646236065797948,21.09761138618382,12.369831773304414
9.937400074183312,6.599112273791876,13.759476394176607,9.833608796903995,7.720023947693143,14.384907139366453,16.511371673011926,8.283545483994661,11.782591640284911,30.22131427548255,32.18459371482099,41.32447908335415,36.24892475921535,19.98365014368388,10.35739305481985,9.298716300792082,7.667185771650184,7.440312770092082,16.264637995789638,3.1711978719118785,1.8646631502566848,8.010705980899843,17.380312879072545,5.813342100624562
11.832988744529198,6.129871882104295,14.235554040651111,13.016287618982114,4.974219667056394,19.798716922273066,36.86134533964219,36.47090519664953,34.48443076958062,38.80965007311417,9.974699085206908,12.2312926423561,11.730653481523818,19.647657443899806,18.32771947631935,71.43510323769229,21.49465027606741,46.89571240200889,22.02604637562632,23.85004011639329,27.418403683618493,20.282975890772903,26.341000805741142,14.04762259139022
3.88102,9.619895339146456,9.619895339146456,9.267884948774794,5.07689630353464,9.004792161997173,19.19020510647594,23.02798186120422,22.08391534052553,32.549409355717245,21.48120317828872,18.822176101307274,3.9761279999999997,8.477939318421326,7.064949432017774,3.341052000000001,7.964569537803632,24.589030907463066,28.998713848250866,31.07107603670113,26.79929506821925,52.54146293668104,23.993437841135744,5.5290908598399975
9.030227967217442,8.73417675199477,8.596684587973588,11.271631919178908,6.320077817535792,11.773524852393804,11.950692153024402,5.130284995232296,14.881993671110608,9.75551556097045,7.6176620554889665,10.946674288961107,26.269299849443698,20.093903933286914,15.68785524246842,32.991582124758445,35.098302262022834,8.935182030542247,3.611839777140557,2.488778387542206,6.684041941995324,10.981460721833246,23.99902068869501,23.244812041188293
7.076423468880638,10.820095306168056,12.975443218192304,13.565236091746506,9.673141956163729,14.627318845818824,16.562478628211625,18.7698407880952,11.385581406254737,13.7706932253124,8.202452248882748,13.743978020272328,12.2502416366318,12.330467126227436,7.722150875172492,8.775653286941044,8.061884434274567,14.527986749064228,18.72920813402287,20.257620760562045,21.67984011427999,20.45469046541397,12.836969112656025,8.269897086513879
4.254195000000001,4.476153000000002,4.476153000000002,4.6796145000000005,4.254195,4.6796145000000005,5.3713836000000015,3.0563616600000008,2.9444126182376547,3.9585335415557217,3.995244000000001,4.64094,4.358447999999999,3.9447989999999997,3.2873324999999998,3.662307000000001,2.662739325,1.89800059086,3.183635134378786,12.409072343678254,12.670818942922788,14.513653736447084,19.254524413856007,18.796666039773225
38.64688395163007,31.73196668349588,41.98238479009351,11.52379900187324,10.229642284627191,12.121841713233325,32.315688716551826,37.09393425782735,26.215058998691795,45.58306110076788,63.42347181572742,36.83333007018635,19.67435635670571,40.06671978702186,23.26419571110578,122.38509927016082,35.39896942541837,19.56567262453798,36.15285517319863,40.21051740199066,21.67550584919906,22.1766329655579,26.26970772379319,31.08377438773224
2.910765,6.461945466206851,7.903928278833838,3.2018415000000005,6.141518418295767,3.2018415000000005,7.75433455944822,5.049414080493031,22.3233613736266,25.016302546253296,20.16324188886697,68.5080786307933,31.13630094408859,11.476814899166856,4.745718777774001,10.51107798098983,8.48562662659652,10.472900206174607,1.162458297,26.41027517033191,27.14657706022136,24.301215821421863,17.155207475984227,29.25438882395209
11.148912109416376,4.319095000000002,4.319095000000002,4.515417500000001,4.104925000000001,4.515417500000001,15.431562487123598,15.874610416953692,2.7809001,3.4761251250000003,3.855060000000001,4.4781,4.20552,8.0859620355476,5.219837299323227,3.533805000000001,2.5693098750000005,1.8314040789000003,1.6393642650000004,1.6862032440000008,1.4477502600000005,1.7873460000000003,1.9859400000000005,2.482425
5.877206288822848,11.42805320216838,11.42805320216838,6.4649269177051325,10.46647932995677,37.55909579157438,19.562528978289265,35.96600974560961,20.22452622396881,5.171864728260638,7.310710030391284,9.090087539802184,9.405558483081087,6.065902164798321,8.392879042163479,5.839638445220357,26.672984882176465,66.24426313385541,57.88006764703292,31.78361984978986,10.216126693842146,12.667170253303649,16.938133802428435,20.84857250443705
7.710299537921666,8.822573482717637,10.242568377048194,7.244212727713725,9.73467242446729,9.328973151517506,11.499560400143311,9.332289967353391,26.21376994020168,7.606459449814294,9.02438012379788,10.619642644873409,8.821017378495462,7.886315972206706,5.088909767402202,28.715172266193157,30.190843293930016,14.08534145916255,22.877614340617495,22.981496025992048,10.547630567487449,20.081390494722044,14.28402820330574,4.056174742176366
6.004332437540714,10.499925479483377,10.901580699549196,8.780682584823387,7.697504388918926,11.009841747607384,9.457761270283044,7.474545550778589,7.110020445117026,10.428491134186435,11.565308378177772,13.4344491261661,7.830938450568578,7.930321372583053,9.516068131034322,10.6015326799963,8.318300292371019,26.941690067005013,3.81577711464956,3.9767555095061295,12.431010525856369,15.883321210648257,35.73294570121783,4.996323877568712
4.17956,4.397624,6.538380477245347,6.686375350524248,4.857761087832548,4.597516000000001,10.532440616537976,11.61046428582054,25.26089816626209,65.90933904258557,11.029307134264624,7.22300063585146,6.7833397275822405,6.13955054047374,5.116292117061451,3.598056,2.700923045267765,11.204085193830288,41.04240327150498,39.02863165367725,16.265013158805832,15.869935031991153,3.20324376024717,4.004054700308962
10.37240549758339,7.304616120168078,8.050996400210098,8.41695078203783,30.939677609813668,23.367597852771045,5.780018224033617,27.33330438100044,6.305048708211624,7.881310885264529,8.740458196638674,6.025815682130708,7.839287253698186,8.630098875974042,7.191749063311701,7.8085284220588385,2.8653104992074976,4.749060572231139,3.716879848120596,9.087046427626852,40.58456775315834,35.7852629476136,26.126378578026607,5.628325353896114
3.507845,9.459339496381144,3.690863000000001,9.889309473489377,3.5078450000000005,12.533159473489372,13.906727395657365,13.530807498987825,27.51988078837602,7.613133697979629,20.86055075360056,4.524132107486785,10.130668496280288,51.529935422160314,12.97485668024125,21.88420383336352,19.84257981698352,50.52457583359288,18.48733903728758,24.75470748353529,22.085322254058426,45.952969022135655,51.6823143365494,35.25152788103184
3.955655,10.633464139059887,7.397750569529944,7.426485462776393,10.106184925552784,11.116803418108065,12.054183097156242,42.40840795543453,37.16661484942614,16.811015950772568,9.491025843127831,11.024929009693944,4.052592000000001,9.371189658239851,8.591720856843338,22.027405731407736,24.06664888854966,23.48327625956479,33.17259304121786,36.14257890176963,18.887962353462008,32.96937832685475,14.542919341813958,6.1116454292868605
2.612225,8.206964630413433,8.206964630413433,7.023673665273022,3.7912665242252905,8.320619341920843,9.84835755649612,5.603796841031055,1.929413107973216,7.0014075796352975,11.962509333171594,18.17936156767044,30.94300621563086,18.8873889381052,7.783067509640587,6.714789243065535,3.701339239001377,3.1357256583221145,10.933538173064129,1.6542242892645227,2.168790524229402,19.603139282587914,25.86571402135563,4.717000707938598
7.134519083235255,8.468198511823953,11.778397144967329,10.750746088739277,9.570414269680429,7.959955057634538,9.131090233789214,86.79860300139866,17.533868937419808,27.06084703674989,21.47637439137816,20.57253926044141,23.58146284053541,22.421138134068766,22.243102685580055,85.42249452762815,46.754137010898695,22.437697635779934,40.22443485292675,39.72182181160177,12.60047555554794,21.287991429031067,16.734651402949474,16.138324816957454
61.89499332662803,67.0893948286583,9.851112700775213,4.269122,9.362627773464045,31.354725980112505,10.248352140718834,7.839521663185165,34.89643594091847,47.14316864513167,30.082407132204008,41.64679545618524,42.73398636397353,38.21967857161106,31.6452200270881,29.84247950361236,29.389602584887875,23.76956338211356,25.56711181022586,19.970641384831374,11.53053179964206,15.153893426316063,32.49769662140523,20.469064042753686
3.58248,3.7693920000000007,3.7693920000000007,3.940728000000001,3.5824800000000003,3.940728000000001,4.5232704,21.919485748653383,17.44067857704925,23.27130026937774,56.61356694049779,20.562079285292416,6.548942237535532,3.321936,2.76828,3.0840480000000006,2.2423068,3.1653379018231,19.60054726078911,15.983085932198712,23.181459359625308,24.83858262429433,1.7331839999999998,2.16648
11.912524697153282,11.17215549931065,10.043606692298567,13.431595025863514,13.60054419153353,30.1237189475158,148.88940858886895,68.02811643809235,34.36466490632286,65.48054968802731,47.79815072704027,37.10911240809513,31.179191249811137,36.80805044755414,10.509939805180812,9.536181919080818,7.178527617251198,24.491283472172867,53.46010963146905,20.00378482429857,20.30085749059543,18.696971323067533,23.30738910378412,24.73537265863932
3.209305,9.772491346744928,6.283903521247695,8.089185499229336,7.906404999205983,6.569535499486225,7.889543008046957,58.07411803194248,29.19063905930388,22.09103482412985,3.5329194781731417,20.487683120032592,23.13745584809652,12.256862548937555,21.676468202015847,13.486379970244947,18.77689262916733,26.009471633480462,20.06703135744647,22.76390815866929,16.86654015000155,32.24172947283125,22.27125539547406,14.304433097915696
6.365993797488032,6.698132604313495,6.698132604313495,7.002593177236835,6.365993797488032,7.002593177236835,8.037759125176194,10.746567717919527,5.906654234443709,3.6899070280091073,5.475471295556478,6.94472050635058,4.052592000000001,5.903012430397993,4.919177025331661,25.25036278183449,23.43398077263656,21.6471138246048,18.03332862947004,21.114450337186,21.84259544345447,23.48293505585833,26.83064583560292,57.76452118963368
8.663906245467018,13.57591193965182,9.6875162039901,12.922642284632875,13.133700143884523,13.463715500621126,13.760923685799323,4.500531484629154,11.65234434500466,22.504052846010108,16.00693877851317,11.101030399221566,6.23490949165187,12.178521951602017,7.385622973979944,8.15720274876624,6.7748155528668805,18.605797452803376,28.231385333427585,31.34684012061888,18.441240989242853,16.614012230327052,4.497814998101193,7.942514316262184
6.878866593372726,16.578133357634627,6.92233838276774,17.661447999161744,8.740680375131516,14.704626589935923,17.223365590095764,12.87257138536409,30.02868916985865,11.407464437305787,22.457838366899733,29.96813613894744,73.03831272267924,30.644160537477596,54.602103920154185,24.905472178179206,38.55263453789964,32.92981430321517,20.70479373129524,22.31939874330904,22.71868411554166,26.692097940944127,22.291356037090083,17.12649105821313
3.507845,3.690863000000001,3.690863000000001,3.858629500000001,3.5078450000000005,3.858629500000001,4.429035600000001,18.152770680000003,16.71224149969201,30.45013134702169,3.2943240000000005,3.82674,3.5938079999999997,3.252729,2.7106075,3.019797000000001,2.1955920750000004,10.899661340250711,20.879667875456285,19.819491843135356,16.01507977366629,18.124406709326696,20.88230755444032,10.534501343946314
4.491416239536408,6.933839704804254,10.513378856979426,13.971151950955662,12.701047228141508,9.40014126660697,9.956912793598796,8.509500380920715,11.416263140961991,24.18816968099,22.51894956188324,34.561596178467624,27.373328721395083,30.238678792353824,14.139795881985753,18.884075940275622,22.779752864100875,26.428363759946595,45.960201154711264,23.03626828601464,17.244461880500715,17.124909283315805,13.938056638421108,6.840960068536064
5.862621331827339,7.471615494526528,9.817228375352585,7.81123438064137,7.519771331827338,10.263466028777698,6.776699904660847,5.6757227888408925,35.772933788486924,89.94015524774312,7.925211235685682,15.72659650730587,19.419158094318362,33.5170920480398,16.63124055788335,20.998675756064607,5.839996992407807,1.7315093109600002,3.726246674337341,3.3239648778889,1.718223752139171,3.879235369297589,4.514007337126808,5.642509171408509
3.2839400000000003,12.772004545485744,8.520759976582882,3.612334,10.724528337458844,10.00069698811774,46.17508868268344,13.555773768165558,6.266043298671673,9.702715950218684,8.238192821160144,29.17793599944536,18.248970805923193,18.84965494415317,12.73029631601079,15.202357806629024,12.02043130651789,7.826792516353891,20.58541620630294,6.977570256862851,11.471310353114642,13.249603414953436,20.955967937580823,14.658063206624792
3.43321,8.786798158084213,6.669971911595217,5.743682663403916,8.351089158509787,9.186198074360766,23.87197395526826,14.102102125384372,5.6574833099286295,10.66593355132757,6.163296540579763,9.110279082010674,8.55574035527959,4.21993454993388,5.416701799823683,7.189198492977992,5.2270226233036245,1.53171977508,6.9021570236778,18.79860380339731,13.771713473024112,19.19961391659956,14.45676040185408,5.050263404158093
3.43321,3.612334000000001,3.612334000000001,3.7765310000000007,3.4332100000000003,3.7765310000000007,4.334800800000001,12.14419104151159,19.84553671932354,6.486562615958377,3.224232,3.74532,3.517344,3.183522,2.6529350000000003,2.955546000000001,10.744011529809791,17.28589649510489,25.91235149411196,11.261522367519335,11.3829131290013,16.458808138329566,16.827388636137094,2.07621
20.492390585380495,7.024232550204959,8.323432486623856,11.597131630285812,4.310592213139659,11.43627822454354,8.114365074142045,27.77817858259092,46.13476513898182,14.95101322252166,9.90110842743769,10.6131903181933,14.972094955954043,34.147514278892466,61.46891115893185,19.717971853553504,23.77460670867903,20.372247184101685,9.871901271796004,23.05315984038942,17.058456421442855,21.91714228948169,25.260498757804644,27.30200255898625
3.955655,16.467269756135277,10.619596062704552,14.583667346115712,15.650710925252534,12.658126436183863,17.075203810478133,9.973562958558604,6.513533305309388,11.059009924142476,7.720352315419908,14.46314116970153,8.978415151666608,13.403073698831141,12.09373116951332,10.249679124621556,7.033274896245037,5.619263349876691,12.433694738602275,50.87556033291395,19.91147051974091,21.64721634377776,13.19286840542658,9.464659176140865
4.4781,14.847922382770887,11.609195432377575,11.058803806289587,14.13704753473757,13.43103631770932,14.815319725289156,20.023582388582817,27.213075055937423,22.68185944812176,10.319168042776989,11.271020256396282,15.114426227629885,11.761347153110316,14.20502568935821,3.8550600000000013,9.233969773442634,4.406506633444828,4.46260589169844,5.408990958385613,3.725683488129729,5.753260359201077,8.847959609224405,4.275905582117742
3.731750000000001,3.926450000000001,3.926450000000001,4.104925000000001,3.73175,4.104925000000001,4.711740000000002,3.2585230733345703,2.5280910000000003,6.909391549008271,61.673208706254194,20.07156057955236,24.867167664505068,13.679063032367514,14.870865547547078,30.342071204653685,19.994357731398143,11.210380998896516,12.587764812172695,11.50130527444601,9.867832932657564,15.081202721155933,1.8054000000000008,2.25675
6.293141354374592,16.905973104921568,15.631119515564142,12.128727437383922,10.15177490645732,17.674426427872547,41.66426424217166,76.15329768365274,6.570411949097785,8.899978537256281,14.046416242535914,17.28599425440171,16.006193268258354,23.82102070420325,97.11431562482596,26.575966291235797,28.800715710818935,23.280835531693672,18.8625613547016,13.32825527802134,14.453694423489509,31.41961322165209,37.22210267725898,12.749907630902602
2.9854,12.409648657972523,6.634265521210754,10.886933285598614,9.810297226409034,13.96850837112481,9.093523564882773,7.245334533332654,7.990098202035528,9.565060441180592,12.30431344388445,11.876454470114348,14.29592297858964,6.844151336766594,6.731641272596773,9.745063841056776,6.913662950151201,7.945001851339676,10.1535333165388,12.294142026629938,2.751761091348163,12.489541852583722,18.469900283257346,5.268240995945301
5.290868931832803,7.092026705348198,5.01232792633705,7.124494150032168,4.104925000000001,7.124494150032168,5.182914000000001,21.35270363897421,77.41907954754122,43.18211933066629,4.226312013443314,6.346860135009266,6.9055346432240885,7.676204817932534,8.32794098603553,3.533805000000001,18.175783804807576,26.705953613332195,31.923128514249928,15.817793196339508,12.71798970235334,7.53519441484228,3.133446223370238,3.916807779212797
3.461632219774864,12.131999786371978,12.883618463668828,13.46923748474468,12.24476134976789,13.46923748474468,6.815415477714185,11.92333517656461,7.069507964716544,10.515600973007576,9.934073449565512,4.815378173808645,12.544830600236512,7.405050067080719,7.621872921145031,15.511287284876337,25.519138548767987,22.19428769660781,22.76114925984545,48.99371599431081,24.06866310487668,27.423534827732293,48.56623904068916,28.579324877840826
122.7834131138516,78.91596487281593,76.73069022708981,13.984126025599814,12.202785281700068,13.610789134298455,38.387074737047165,26.48026888412048,36.67138674083007,9.469690108255769,9.783473311621568,5.645341351655149,13.024381839150093,2.906694,14.900339460873194,27.56401887010202,58.04341556650744,18.959986163159662,27.17021172512549,64.16237731464877,22.351912526758984,44.15917727040017,4.518845740135649,7.328100934747492
2.3136849999999995,2.434399,2.434399,2.5450535000000003,2.313685,2.5450535000000003,12.1419144,17.792875567790826,16.469067329511095,1.959270525,12.484330095120368,2.52402,2.370384,2.145417,1.7878474999999998,1.9917809999999998,5.700298928970168,4.895621333369906,7.439159009095573,9.858727979200648,10.703953231288514,12.637927435550331,16.01894559943994,21.315074896891904
3.2839400000000003,3.455276000000001,3.455276000000001,3.612334,3.28394,3.612334,4.146331200000001,2.359296720000001,17.329084758302816,24.89389945679019,26.060317244780084,27.20285058816992,27.107007485786866,26.330563729775886,18.617512709366064,24.657543925091456,61.11506986681709,14.710060250772742,8.152430676873303,9.94298413831181,11.409556338922924,15.156735123517729,1.588752,1.9859400000000005
7.51984446081775,4.198094028636158,11.780481268477688,9.641570605124782,5.563247174415348,12.315957689772128,13.944719318274611,21.0164029168766,3.865420046318731,8.098819720338465,10.51480972723628,12.04840512097355,13.628565698498939,16.68531887167586,7.81822937991241,15.670205628473239,28.68042869262705,33.39550833511779,39.33871739934915,23.185236334242077,9.331604172337146,3.95285993400385,5.30286976594032,6.770900203144575
15.43326188147594,9.10603631178346,17.90547925663248,10.49015711530292,10.88532129020018,6.857676847051096,13.74390131597449,9.382545031651096,16.310408099319826,9.217887983474062,9.452798592675288,18.38157385184296,19.56655858602136,50.56555185663171,27.106358612506604,7.914854797665708,6.813221553002568,12.91611024510488,48.52291021882783,18.327439212951862,32.08617056678727,56.34696691649171,40.01118707422286,53.38575665563866
6.242107044955737,9.38218445570372,6.567782195127342,12.89843413495974,11.72584921359977,9.608188833773326,15.499451457210016,47.82021069137401,48.08562400148117,23.107484642200923,15.510944719161694,13.089975855476927,16.275190261609996,21.168926234451632,19.716370915574903,48.87951156829167,6.091197775764641,11.963984804984436,18.842389236119,22.777609863111657,15.733163752117548,22.896766342427966,17.234130221515027,6.902386086626547
2.83613,5.470511366277361,3.398503561046226,5.141520312983104,5.199246339850383,5.719170973835422,3.9124436488369807,3.641000248682828,5.607695607525154,13.611849332851037,15.593436206967658,10.554596578670798,20.170735519800047,20.723068287576304,11.409247398886537,2.441538,55.86239952000912,10.346182542731102,23.791225736505204,20.342821972384595,20.82595807207208,35.76879157584972,17.048134807132165,4.542672985710187
8.941020127160176,4.362877908820487,10.297736997025352,6.422578164158397,7.248849560688541,10.765815951435592,12.35728439643042,18.01639152826446,23.871730196905204,37.12954524214174,35.531178156904524,5.446496878610576,8.293308741285351,3.321936,17.780250427915973,6.48310365960824,6.1258382500524,17.547336266668538,13.823468050782555,18.337556402045717,24.25504846721348,29.13522810099119,47.74104616612615,30.56799000169597
3.806385,4.004979000000001,4.004979000000001,4.1870235000000005,3.806385,4.1870235000000005,4.8059748,3.643459380000001,2.57865282,3.2233160249999995,3.574692,14.319753468860563,5.221584000000001,15.076164488310377,8.688835628443991,96.9731509726959,30.20224907272359,22.140412358524767,9.258263313411272,38.48491026417616,13.091840587915517,11.892844027670034,21.353488789641,2.301885
22.97664577529653,45.43227840975398,23.23612262078058,16.800769169451563,3.73175,4.104925000000001,4.711740000000002,4.752723865737274,10.658490056242645,63.3413761769014,10.390651010896605,10.584026676363418,4.103082381566655,12.791043687612655,24.27261576700175,62.26984309970829,8.517299275446872,12.115836416815275,9.92905764759624,34.9885593181266,13.83327933044968,17.195531702839386,37.70712762959388,28.28072481227427
3.806385,12.657341802230498,15.55056606664408,7.097953973869295,16.27933194346365,12.602042416501115,20.281252516154968,10.07802664280656,8.826973422232022,13.60133678419136,11.729970671850356,14.690943150718288,11.043984119882381,16.976527417052175,21.968199478973286,23.270246889184953,30.155243503474043,39.430731416516245,24.9170543877628,41.17125491805005,18.320188893737047,32.486499771284464,29.16013637221165,5.332612181486365
6.108988458776917,6.750750196929927,4.974074716563504,6.382172130700663,6.569509150532303,7.226460065585534,32.046321823389185,56.9727060051466,23.091289348011134,18.22407777496624,15.908891050130592,24.168600551150668,6.730501074379339,9.339446996534162,7.240674979488723,13.92696441622942,49.464622886483454,9.879802971793826,2.429187245951653,15.501620814034032,16.261239096143285,26.829563637720568,28.05512422309644,6.899078486873993
74.71713240258943,6.092216560272213,6.804389852684603,4.433319,6.466982091394455,4.433319,46.583602517371446,65.77131882954784,28.25663446048312,38.80171524125038,72.90265751596212,60.99647823691777,39.5305586705202,34.67308091523763,23.09693720467262,24.17635664883181,63.55904237019524,35.118637057514576,21.602133067358437,21.09598259407641,17.868642608988782,29.106030303991822,26.638735675033505,41.01649152885784
3.209305,6.192819682654533,12.086344935665078,16.811277737334137,3.209305,6.4743114864115565,7.243645440341804,4.121694120392837,2.274889454906974,4.732321723139478,5.527475419228838,6.420804779912286,57.723655711413734,12.841645184262386,10.96372746912068,18.167709050042724,22.590590192909588,24.746302972442397,25.959161173345866,46.16744717419518,14.257374114425152,13.63657233328067,21.88469370346556,14.864233359833584
4.104925000000001,9.431556775562798,9.431556775562798,7.673735828291892,5.871816372470989,9.860263901724744,8.372126411154676,47.83587009127872,22.44989723239688,30.920303170512938,19.5452033235532,24.20754718841032,87.41233555625179,61.5317329454288,21.59284426197912,13.42715399635275,24.10764609455912,22.55001510835447,18.356483694561867,19.12222998035912,17.30668502193908,18.349925255497403,14.115080873139316,5.420842173783274
7.947237235160972,25.50658758582954,14.105724689126149,10.284488528819985,11.014324419053022,8.169063016220964,37.91595535074864,45.3402977737566,28.038957098883387,28.641734896304097,41.32583487425037,71.0678761283451,22.773920514115773,19.001857424824916,8.765617830506496,28.807948711253005,39.83959326242467,9.77050819276636,14.385743301460236,32.765360283952226,31.907563384904627,22.47983493357956,18.012546268472136,28.615827459545933
8.102473633873617,8.619022155298849,13.947225694932431,13.546681820620478,5.412185969337381,14.58119049924754,16.736670833918915,7.183327516259877,6.556532392021395,11.411849712044884,54.37228862888743,14.322676184160102,12.015791786503163,13.170148427777615,12.667417561836077,4.496997827060869,41.0167221386676,18.8533678684499,17.91386139606735,11.867340237693616,14.133158595247936,25.65942286166053,11.211165042061792,33.51873705312501
8.126430602604152,5.976253124116404,11.83928283004066,8.622288209275183,6.255883545975629,11.479372035738155,14.510726892401625,17.552232168460343,59.6383810357123,8.165991051211758,5.334176342186542,12.537442469017176,10.049935064888293,5.933163768722994,18.357474383808842,16.65209249705859,19.840402023815603,14.86464126331699,18.614069810820027,10.935707953308722,11.53186496855296,13.091695202776409,21.564642838801326,26.933754301020866
11.669109844719786,12.277932967052996,10.291872423131904,11.019226808900315,11.24301754575534,8.383356305013344,15.69183956046359,25.80441578177758,18.05394831523447,3.8369478308957983,46.58447142298156,7.382884067470129,12.643156710253434,14.205042239593247,8.161822055766036,7.477912273433917,6.370369282418189,3.732406348883881,2.958572153852576,4.7933862067538,4.115533611859324,4.15327075978149,2.9135749338719954,5.510755240287626
12.532754496064818,10.97448443761719,22.498126999413117,13.786029945671306,12.532754496064817,8.812401806344246,11.268713325140626,14.92653963133854,8.141210520934125,10.612964375531252,4.347740979860602,13.178843436434969,10.523739687607671,13.96079617814214,18.423454869178272,55.22750689548427,39.03901831418701,38.6787143484043,20.69578700195601,22.393017599492868,23.392477653689404,23.80049512637629,22.06502078562638,19.77534410363875
3.507845,3.690863000000001,3.690863000000001,3.858629500000001,3.5078450000000005,3.858629500000001,4.429035600000001,2.5201578600000003,2.3764055400000004,2.970506925,3.2943240000000005,3.82674,3.5938079999999997,3.314545059553999,8.89544705769021,10.931382000000003,60.1053458655247,22.59154741707725,5.231395177421497,12.197593016676215,14.125922685068884,23.079291963324387,38.8534805051341,39.60578555189437
14.571299904895984,7.497678105964354,16.4709878474483,14.074356667924668,15.075400829848988,18.28349878252551,19.75823134054344,19.472517809438344,46.8742141481892,71.03412603144933,26.670071762943707,13.65953157842544,16.795317644559766,10.454550838632134,19.76885621979077,30.883462705504463,35.80277896162928,18.416396801664085,19.52028793889264,22.88399074856164,16.590944973779553,23.58272565242033,25.9721993258858,10.189405263412798
4.104925000000001,4.319095000000002,7.856547932663736,8.213663747784814,5.545800161474601,6.364540623892407,9.427857519196484,5.571739804600642,21.073947325027568,43.6903247089196,59.57941718883215,11.380000333061115,31.670950432038914,23.22485602166102,28.46929618565445,14.133519152066128,4.673642554008136,3.3313724124969992,2.8861410128747425,1.6862032440000008,2.6334959782584977,3.251229602788269,3.6124773364314087,2.482425
6.369356885259826,6.701671157534253,24.97753151214985,28.410285524595277,6.369356885259826,7.006292573785809,7.645796400000001,73.55555717914412,14.932164292137188,5.393687216926844,5.981656900939663,6.948389329374355,3.8232000000000004,3.4603499999999996,4.921775774973502,5.483185492528025,3.986638377728536,3.301912334261363,8.683552750298745,18.607041246023968,16.333153656396973,17.45392719532783,2.018076602605931,3.85182451954448
6.6245816272113975,9.56809080837203,5.968699486011003,12.44737184023606,12.056510101215109,11.632582569135502,11.75746458015943,6.718408954793552,7.885806282877914,7.733537011229339,23.590260519313613,13.152556474052844,19.657503747289816,21.310546394325904,50.401478163118234,29.76034985371862,24.5987680182455,19.357563800547176,35.430042060373914,40.822526608279794,16.015375975708235,46.25445268631984,5.182883365832798,4.759338800553149
7.015305095667919,8.219246243441583,11.752646257144352,11.649576666241137,9.184879604163616,4.906374558092091,20.880540121972103,32.22454127666365,53.91874719655415,22.12238668282403,20.799149162394063,10.964153139410914,7.773747085136265,8.703090636929803,8.222152399009216,9.613645573279772,37.50898126415484,36.7762433671664,51.12247512677078,15.277481009974322,3.544663039740508,12.42437855354553,4.518417797484774,6.04023747850818
11.135466571139004,6.712257213092183,8.528343454870313,12.249013228252904,11.135466571139004,9.581219658426678,13.765450401554997,21.96349531264578,25.20246563545155,24.50395338051324,24.83365886575329,20.25677060461925,37.824606055095735,9.141299436343898,4.642349863101071,16.161243784562146,28.465110240019104,31.211402119488213,22.3060425947261,22.310446889614187,1.427898026695048,5.963964846031867,8.193808690641468,6.734096384918055
3.358575,10.803333210405247,9.383533790094464,11.458730221933113,9.204349785050232,13.13362961644187,12.28569767293231,5.771920548243878,10.905510706824748,22.858758911270748,26.949085339476383,33.55740994882291,32.98322155270588,23.546293441632283,9.396818635789773,24.91220090292149,3.582432135895711,9.81951728037642,11.22752223254749,8.19677413536874,14.659492599057264,13.41948356339019,12.687633395676158,7.3540319758354755
8.457147809601526,9.92751745292174,9.623671846373243,13.02456365000273,13.193858248890123,14.761357477741878,24.98098292264425,84.48833707563679,9.531683735373312,12.78746786619388,23.09726134505827,15.073169415902218,19.551532061545355,18.83411826169425,8.589480972369847,11.870285498426288,23.38978547250756,23.98915289790038,22.012257726015047,13.901659095599948,16.99205513250474,20.8325337065826,16.086492293504612,21.53100143482433
9.14206958239577,7.920579401880343,16.79531876128098,10.944111941788298,9.949192674352998,10.944111941788298,38.762494916752814,38.530291781509405,19.69853246822365,36.01230380093949,31.457936618943776,45.41827341007938,70.34513721584943,22.508443231671563,7.688012521090952,6.288429088267678,6.227290142083671,16.41074882241007,26.25675414138496,27.75885667362737,58.173591179054505,51.090233058741816,32.8827077994498,43.52867226904077
6.33006,6.079111529491868,6.028823215819777,5.466031976040505,4.8169693130040665,14.59168968770336,14.09190534128861,7.683164280000001,7.257754795383852,5.944216494229814,5.095319766757704,13.612326801601622,8.678538103638923,5.313155245797593,3.0167777485991976,4.670709786194562,3.3959148218220374,2.4206080849947496,2.166784730813714,1.1036966688000005,0.947618352,7.557853001795078,2.624861698026696,3.28107712253337
3.507845,3.690863000000001,3.690863000000001,3.858629500000001,3.5078450000000005,3.858629500000001,4.429035600000001,5.739954302478137,25.41750892521653,19.59485216455168,17.751100951235642,86.12352924034003,38.39131869530613,3.252729,21.666522001864678,32.265746507459134,9.323715451720194,8.435075435810358,8.470555977239286,43.48946260723137,13.859340686500596,24.37012847871594,15.61085968371674,2.1213450000000003
4.340672392524296,19.486704953778307,7.804718999650418,5.612007921497631,4.949594785048593,7.119090842995266,32.208272648139605,4.649638620144418,4.384418591900886,3.1601137500000003,58.50825416869068,19.141550170783127,18.393755532289543,24.47579346806887,7.73685874471608,24.289491445776687,15.709834184649802,12.27613185681331,12.917572495769264,29.31184807131036,13.2692195540902,14.347862159699034,14.188746884110872,20.02416675480093
9.589098192650232,12.691844394279094,7.565980897910966,15.071744572950552,12.553311803578037,16.123798211480597,14.764674327032369,25.8864032936921,16.55441740352409,37.5908932136655,36.65465046943798,77.7688354189644,21.184621141625353,22.681835797579875,29.849394800855787,69.99124316697242,33.47536679018967,27.62033949913907,23.661578749820613,26.25890746136607,24.716546489231696,22.83198157872069,33.30517929742615,8.29863661833808
3.1346700000000003,3.298218000000001,3.298218000000001,4.482682485748134,3.1346700000000003,3.4481370000000005,6.025836566848144,8.604958429510114,14.830061169248792,12.964538449602014,8.651254998938565,12.614963305876094,5.038941139217975,2.906694,2.4222449999999998,2.698542000000001,1.9620184500000004,1.3985267511600006,1.251878166,8.424789489208466,12.41414935116173,16.78274707200228,22.99417556727084,1.89567
2.910765,3.062631000000001,3.062631000000001,3.2018415000000005,2.910765,3.2018415000000005,3.6751572,4.706252434328715,1.9719109800000003,2.464888725,2.733588000000001,3.17538,7.739522238065872,3.6715586170670207,2.2492275,2.505789000000001,1.8218742750000003,1.2986319832200004,1.162458297,1.1956713912,1.0265865480000005,1.2673908000000005,1.408212,1.7602650000000002
2.612225,2.7485150000000007,17.624835550203787,22.19435684707052,2.6122250000000005,2.8734475000000006,3.298218000000001,12.216247847525471,25.694238101909544,20.779598693173952,9.977332598381375,2.8497,2.67624,2.4222449999999998,2.0185375,2.2487850000000007,1.635015375,1.1654389593000003,12.39980140657678,7.31112798893515,11.45471770250372,9.958708429289494,14.539097236553069,13.415649491242412
5.997313251070553,8.974193693287091,11.91085921052897,12.45226190191664,8.895113152355217,6.6083654343259095,4.5232704,17.404634433172752,34.91800087183491,21.755304701180265,38.60128984148295,54.13990111392328,68.31360468325252,26.746536668507897,8.747456707957973,3.0840480000000006,7.085439933445957,5.050501584560281,17.98117787845159,45.73808746958109,16.38737410479796,25.88521811513042,28.311979732308863,5.446928906264732
9.427437528783257,4.951808788115059,8.539444099489,10.370181281661583,9.427437528783257,5.465407132195815,16.396065202562873,11.267453818389445,13.96172707164106,11.401959420227602,17.590316491926128,22.03907671718938,21.613875398499783,5.3298639821794085,9.25861782622913,13.969729715494529,22.80534741203884,40.29629706848287,36.02486011815002,18.249065409067946,9.878107794441796,15.13695282477079,23.92819658758485,23.53069869670816
3.58248,6.335699751818232,3.7693920000000007,6.623686104173604,6.021532821976003,6.623686104173604,8.612102400000003,30.47514539384394,38.34712376318191,66.51665426478225,74.91517845223014,56.32028858381994,40.38990658019965,13.744571736701623,7.649848405143592,6.471176763091044,15.357760385846737,18.026282364625853,51.510817418419165,27.683808229589754,25.76337121182357,36.666023899181255,25.537723893576747,3.64148032317126
7.131880378342339,10.04468055594557,4.866777150503949,8.878030621772641,17.3478774758455,27.36244778336742,12.053616667134676,22.27405932442668,21.861678253906916,21.162341531407733,6.407678685763769,8.315593127369155,7.7316616175960915,6.737592673106105,6.259280527529341,48.124966956982924,44.58220655584036,33.509796666155374,23.28361423278909,38.48442032501023,28.95136860775948,51.88364347599579,32.81743714504232,20.131558371486904
6.177028159720621,6.499307889793002,3.7693920000000007,4.892062325230895,6.465311288578467,5.2091737669745255,9.57844057098123,25.67830810823769,18.276328781666155,4.986696360226066,8.9441690116775,18.07624938556021,19.786863435080516,12.924922332001834,4.773158123420479,5.317615546194274,12.114493029475284,12.99258526638135,16.345394982491182,40.68888394868839,24.04400398792088,27.443842310647995,28.754244727449223,23.653563317349064
10.156355730284028,8.852318389025159,3.612334000000001,3.7765310000000007,3.4332100000000003,3.7765310000000007,12.347882397815738,19.82111398100533,23.880748010957348,81.8026229759541,15.906421287851323,5.491482444831041,24.21774256451608,22.96844468775753,7.572362998305811,2.955546000000001,9.068321823620591,14.942334887433184,8.700952877988994,10.761714335954771,15.094457229355482,17.962397277696226,19.56844604399913,20.275333767026066
6.75244148893845,8.71747222171569,8.58168161672979,11.413831856273864,12.512009397806642,9.719160469811667,12.529168629772732,16.58681079972489,27.4880616738665,7.569146941452637,6.9845076149938015,8.587319423565384,12.02270438224472,7.101410443216147,8.19299264106404,13.309885527900189,23.171155370455303,29.10067754611372,25.784773655949877,20.2277208384318,18.10649711846302,19.04594442688536,16.323522028578967,4.446638823958724
4.17956,12.510503659803888,7.646676469242344,12.41618209145577,7.260063107233379,14.947368086882046,17.15697902146462,9.762462856428415,47.90309744230608,36.50090126487921,48.27684845198019,47.58541008431745,47.37099635402947,113.19470839920595,37.82037833235824,26.883870237248193,68.39223979639712,72.85495702412943,61.39142560843927,68.27855904130118,23.824595840339423,61.23128285217015,40.4839660432423,42.42195613401363
3.209305,3.3767470000000013,3.3767470000000013,3.5302355000000003,3.209305,29.22300785963284,4.052096400000001,21.78372892058786,34.84384781004903,12.692369458748685,3.0139560000000003,7.550508605449804,80.55945911224552,10.759358838910837,41.96018036788481,2.762793000000001,2.008733175,2.695364341468434,12.711883538029662,10.119383131334676,9.400232488797707,17.790687871342172,1.552644,1.940805
3.806385,4.004979000000001,4.004979000000001,4.1870235000000005,3.806385,4.1870235000000005,7.489270800000002,2.7346393800000004,2.57865282,3.2233160249999995,3.574692,4.15242,3.899664,3.529556999999999,3.472354332965481,3.2768010000000007,12.31004646755386,11.645150566899622,24.338065259628745,24.17807101728471,34.46808060288907,25.31417461727314,25.31087966526272,12.096131367614426
2.9854,8.187241233290916,7.957873904504966,6.641043630412552,4.729349937876649,8.079802329160788,5.3394396,24.189303219380378,22.981800214264197,44.0031918792674,16.85772,59.14390540323621,35.01132786095639,18.19668096055564,4.91535826860464,12.214790065502774,31.39058422061071,17.89594903825726,13.242140910951832,18.163915391427228,12.985682807873166,18.51985500579832,22.46469115827523,20.445880365674608
72.61328055937783,71.30497614175307,66.94659159770644,8.599628087949075,7.81784371631734,8.599628087949075,6.929693575862393,16.572858979850004,27.75106682002599,6.620292201590548,7.34197496836759,8.528556781437098,8.009427238219189,7.249273264221533,11.162684513049525,23.94975036180281,33.35684138354129,24.806607613645223,25.87630947761872,24.909311213278563,18.031164268618586,24.12904539519344,29.171502935910294,34.22609883066483
25.958924096379747,13.629086777430434,3.7693920000000007,6.627655844606503,6.025141676915005,3.940728000000001,7.607396273809209,26.359011034283824,75.31076972691702,38.611639061266274,33.46517586938116,26.66661325509953,11.7327036205744,4.612529659273818,17.42661200156061,21.399433456994885,6.791820183925949,22.0954496284623,34.653778082503386,22.035549947687628,26.405257303741674,38.24879061182789,38.2170076402964,47.237345127869176
3.806385,10.671443622247445,10.23418493081402,6.72177739794234,6.601763005688546,10.058325024920006,21.513666746696927,17.88093208523009,53.89444128627793,75.11535993202018,11.067426222117012,8.886090057916862,8.400048963195468,5.62641304415268,5.852128401270799,19.92136448895648,26.828170690528214,21.61953755123758,17.919100161793498,10.44772431787687,29.36376354784177,13.83143450676324,14.95338117540914,18.93052445913493
9.896224857810193,13.468469142306487,12.135053773848744,13.5711720912655,13.669449572599753,12.662580056385734,16.028280730387383,20.2865270028002,13.73683587564649,23.508478187756225,96.88046887412064,44.21012568096099,29.62965119707243,12.972833273948037,22.06274781440184,10.963609031172115,9.479128120393804,13.053829949460804,69.08534920731762,28.33875679513952,26.12280694095196,36.3408790730569,27.16729771359146,42.529229337867854
3.43321,9.45113897223593,3.612334000000001,9.880736198246654,8.982487452951503,7.383561344418479,8.475044325767298,5.366023982215672,7.353557354490418,7.606533693113021,4.882435064992623,7.597710959073769,9.202611651403277,8.329215638191389,5.96644984277476,8.01389022527006,23.434443413691177,21.533216586905336,18.513194359218215,14.999569802963652,8.63831945827023,12.18315722346623,19.35235940704293,14.796967654188393
9.706678650464612,7.486919843495912,10.635033105099229,7.0827968407628,8.749553835646154,13.215264344388716,23.793705160515746,22.518268295942207,22.41672117470917,104.19112943826782,56.36264458323626,31.08897063891904,91.20466011141536,18.129556131479767,17.11780184662995,11.885976723781495,22.241349733069224,26.843200212017276,28.49513814682174,24.931484844283503,21.846763278715017,17.295714660557802,4.494805206355927,4.960480955001771
16.413330891099775,36.58161389264234,7.033921458451322,6.295398778253624,6.136284758094861,6.74991323390435,39.54690236011129,21.43774570588006,7.753263719992781,4.963050165638679,3.693203974757725,6.393623401788956,12.838970742710764,5.690009502960689,4.741674585800574,3.978281919014367,3.1510964636102576,3.768769831968137,2.4506186963915013,2.01144508631563,1.6784222577178771,7.976052758152779,13.212046230291635,14.118820868131278
3.376285,12.4185649968409,9.615314207234515,4.112926460567147,8.343943184614796,10.052373943926996,10.535135220922331,2.686244934166464,20.09187022813195,15.796615339626792,61.84084804994405,25.186828284377498,26.1776536102335,34.51285919584332,11.557251283392617,7.335922712647873,11.627744525900836,24.80939039728385,21.749305328576487,23.063930983373805,32.23924519316075,31.92095685439905,28.0449350828636,21.31429579866821
3.58248,3.7693920000000007,3.7693920000000007,3.940728000000001,3.5824800000000003,3.940728000000001,4.5232704,3.493504080000001,18.130196053239526,3.0337092,84.01560684615343,46.6124218460927,3.670272,3.321936,2.76828,46.5381645375528,45.63669577615008,33.30614966029388,19.757549318371147,23.0350750748342,20.099292777726497,18.40920961646399,21.90639098446769,33.2019015075748
4.294038142613981,6.111486937936467,4.083508000000001,6.995041741252265,6.359128855683877,6.995041741252265,8.029091389959124,19.46768620503044,11.07210342966263,15.619456151560533,10.42844145766905,17.998422826007687,99.529876857904,22.200699300323432,8.64413941523092,26.94161784930129,38.50512045219987,21.622836599784392,19.828895526369333,16.281732173815126,17.162206515034097,16.02533026104421,18.942822679512435,12.982414039779917
3.038549465487257,8.73576262155794,9.318781583713736,6.390003532395813,6.086148585847088,8.82808282868368,44.468629732094186,22.214983087456748,23.8369773256395,36.04420071227729,8.31759017389325,9.661847171694175,13.941327695270004,65.36608383921953,5.987458247231851,7.624457659402146,8.14771327964869,40.1954564156532,10.482410291385506,22.8565288014596,18.73976883722236,28.83431144149738,18.890137856000973,37.1893193146386
10.016495543135724,6.462456266710484,13.788845221731576,13.017709246831204,8.144828471539967,10.81460220697094,18.17031201544495,27.077921939593445,11.360725796469415,91.2450624696815,23.327655277571488,38.851046368691776,76.91365705628523,73.50377906478076,36.686919191616255,29.7979607074458,32.18204885469083,19.30604226403773,23.200729224205872,26.45954173013274,29.12097748587061,3.07670355386374,15.670515463998012,15.68833513762804
12.454110146540495,10.553243293860191,6.221278399998985,13.204018792443817,6.408954090859931,9.30148584932399,46.54358395251713,6.367004298103522,11.220287723905756,5.245821883276221,10.61100609741189,13.91590882626114,31.462107885009594,36.69607715112385,25.452026909408758,7.542187982476989,8.735776269553286,21.78225504165868,32.59648029398355,22.154329684984607,24.413658221709746,52.50442183097938,33.63353833067539,34.87554560409159
3.955655,4.162037,4.162037,4.3512205,3.955655,4.3512205,17.4845484,21.790298395022543,29.40772369868875,37.102072002428734,64.89197537876771,17.61530382713822,23.996210867174938,5.185902722667581,3.0566424999999997,25.013723393306314,19.98526822530848,55.59929971555486,18.1028464167915,20.962948475102635,16.52866323454725,20.43698034769132,27.25685812456894,6.942553304781236
5.488842809499984,18.480588383125752,18.480588383125752,11.9180012523663,11.966948237476313,14.777869367229888,15.416107800060766,15.085579674660012,81.9401247911385,45.90100270154048,45.73768874432259,21.85125995582357,28.646573207434777,19.59797161487459,16.535900817659776,31.007539897091057,61.074605019222766,17.90083981316219,20.726146400410265,23.77124040527171,17.227898765890302,19.65366911236226,28.647621604941463,91.89734386084557
18.200140577944865,5.091178326629268,11.24955131839039,6.404969321777996,11.884966920696,13.113861808240111,17.679692882457612,13.253801792609556,42.35407638366165,10.095506011880708,62.63558043453333,18.36340361387869,28.676790390518743,24.341365742378176,24.97816339021749,23.11350000759852,25.13457713183176,18.82860449292862,13.521889568110762,13.273581138357455,23.555582114996977,24.8720190758081,30.55232728291939,30.90642129503385
3.657115,4.110534220423625,6.999279645083484,7.866529089836672,3.657115000000001,7.866529089836672,23.260867501048217,13.548417612137053,9.1112486203578,9.572510809976292,6.716088076698503,5.895548226365291,5.280981230664234,6.631288984820995,5.526074154017496,9.59418007562969,25.583677878037825,24.841280829901518,13.94564143446476,14.772500536336178,13.674895360085744,18.5684787242258,17.472105647096416,12.903425161419522
4.104925000000001,4.319095000000002,6.8202934370214106,7.1303067750678375,4.104925000000001,7.1303067750678375,22.602948846166765,26.327035146495486,23.83999933196285,22.94971515471123,11.661586810869476,30.34418913706413,25.105203331736508,19.41363293250312,53.05795328722312,44.77111336755173,72.09662770365344,40.884411731625406,36.03740626371975,18.14633597981188,15.13379523050524,28.245515331234387,25.6341040339406,25.485314669548472
5.733509242522814,10.299208418501088,9.778811561795273,9.81526455195981,4.620677121261408,10.544329551259152,39.482233073617,39.67143415406681,58.669000505472496,32.19846796938343,38.18712047020237,34.734443977613594,10.028380248217438,25.807866691720694,4.430438960131264,6.1787379925304915,8.934244225796135,33.94116189900732,26.50501826051941,13.748349990253017,2.8141363321711834,7.417777568138231,14.351526465812888,9.728814047155174
5.640357204542932,11.14732973211106,8.51091102124415,14.130896538116104,5.386584716164827,10.710329731556666,17.524469519161684,45.946960177132354,21.998379107284705,59.76310462813556,20.67904451092744,11.102132777470972,14.429350183879373,8.791408580892302,11.960049273781229,18.479663980054884,26.18499788203375,20.519724234394136,50.095143952739065,31.679545513393663,40.56615739153484,29.294008260589145,21.301672829800896,14.71810556454408
9.560743701284656,6.356565677013261,7.943565434773208,9.963772701284656,9.560743701284656,10.21957464609196,40.30714199703768,22.922785947837703,16.11005204097831,14.917073249927702,21.638791891972748,6.864816362556788,7.21959196702763,8.865416886645772,7.193595932559136,3.469554000000001,40.7290452075512,35.62449217602235,42.14722193865444,19.624412511352222,17.304097426040546,24.71834982767717,18.48121928511429,44.17857105601881
23.241476925801265,14.469948781239513,17.74423750458355,8.273684362119193,13.161673740372375,18.55079375479189,24.662789061671727,46.11545718709487,46.2998238294203,22.06105690937965,10.09836940359362,15.404988919747955,44.305716336139824,15.398939705596943,22.620132695614874,19.17117796444364,37.384526690603536,18.58457956763958,21.02680329582381,34.79697470210418,26.202556794672223,27.67977344088037,28.84229712715233,29.65382334546016
4.17956,10.26393627295498,10.26393627295498,6.270142226586336,7.980983242241673,10.730478830816566,12.316723527545976,7.008317478277192,6.608556053491326,4.183150263663294,8.209190714734964,10.641797187586675,8.176564649759058,76.45370090023195,12.716730830132654,17.862758136593143,14.568041114774749,8.36400209981419,8.441357311595542,8.453435704353968,30.75268559331657,25.858466499756823,16.115994909558466,5.899257136596962
7.643068901431036,8.822417866386317,8.105062740429643,11.186558299188386,10.169598453807623,6.0398118384095,13.371893136177224,16.992979738260253,11.570038546487911,6.059035833772217,11.075949774243506,27.78186327604257,22.111548940040404,19.72158847840072,7.8583260779422535,5.871924458794036,4.306888123547304,4.537146010969366,10.587393648053697,15.551751411807846,17.62681383892476,14.922004030321713,8.235054911976706,4.876743262863839
8.45290991600395,8.392369093568997,3.62752810467845,9.298200907604343,3.209305,9.298200907604343,10.67271756351108,6.0728644979151865,2.6093629958143514,16.370918839431905,11.474356727970116,8.96134280509502,63.10466569119293,4.965004021856043,6.531794026003053,6.366595339021582,26.58054139276781,29.628930557548465,21.920353518464367,24.76409225393191,21.78615075024916,24.400001471914344,20.58029440104908,39.94596903822142
6.637454999999999,25.54451835012018,27.55648596263648,20.530834449425434,10.702390962225218,11.37856710856487,12.01990121735833,5.912443715431103,8.403008468596072,7.056027992468752,6.8580730685231135,7.685587859022451,9.855417357273438,8.398192175882302,7.595322371603808,9.126601253953874,32.7090657091268,14.381813144402027,41.57528239295859,16.569864224053035,12.48526480079044,27.89200792403691,3.2606651299593845,5.817433856723905
8.384525608267205,8.298715365709826,12.579048121776935,13.15082303640316,11.955293669457417,4.628240303761331,15.292143885472528,7.803296702199979,8.099168038617876,19.519085618793667,78.77355594760714,32.35245132586326,29.787539205095005,21.922577389768737,18.667782602340743,26.139619126879875,24.299667257534423,18.476786174613117,26.09969300737572,18.20624091166457,12.702462729197054,13.328294725082555,5.783904921508252,6.465669608235552
9.11585065558778,4.476153000000002,9.83504631477212,7.226196033879312,7.7268061825627,9.008803107594831,11.802055577726543,18.10824440054748,8.299357734346792,4.974842475963641,12.247723852957032,4.64094,32.0860464016034,17.535054799261097,8.73644627213341,4.85809311156072,23.546583832414896,38.826773351653365,26.855172122597693,26.674773940632573,22.445872507196714,24.89651802048831,23.655243402571493,4.252725074093576
20.342196517378305,9.51042622701835,7.50106424756193,8.142121229772519,7.947563875088329,10.5429173610711,16.45058161835904,26.297632330146502,61.269042161403895,43.87546113117182,57.72336418043917,47.45530817864312,13.868446861036118,5.422346265429233,14.384474314460798,21.22065773898391,66.1741770182666,45.30742448047142,58.563407114780986,27.76830295297916,20.7352222821443,34.83518139548116,45.82399872168008,67.78133882846919
6.370779327833722,3.612334000000001,6.095130889849751,6.524867664165232,3.4332100000000003,3.7765310000000007,8.052392404341894,58.730241955485006,27.66290528435867,31.070710422981293,17.70234807115779,6.470943138015104,4.512788972144646,5.629011648830217,4.047293133104948,12.423997204328638,29.392177569415725,30.609505605486355,41.66148025290626,22.91463126581359,23.556700955664965,25.24511246778342,42.17067068098687,42.41275958970828
8.656897405472595,9.108561617932036,3.298218000000001,9.689567146019854,4.3897216830619525,7.865918924378077,10.930273941518443,12.470766397710056,16.238280694898222,31.940343005255507,20.38720305562977,10.380301475791558,20.624957032470217,19.194130174103204,25.973056020004286,35.351837683968874,55.13540132541611,13.692996030752523,21.9879371907077,20.502497243782333,11.381301470004765,46.05590205423097,24.134257602553443,27.50176147338814
10.167885950969891,10.361251894059649,7.876934405259771,15.73922220236264,14.308383820329672,12.03707900766598,10.00380286157706,9.444434531545005,7.9658705958292515,10.837525547007177,10.684162090492531,15.609145985814184,11.605857547035269,11.40170600922556,8.649024401741979,16.261654188086396,19.992403878615825,21.08362631588317,20.803225304901133,27.145672710752663,30.080481517796407,20.03988801748816,12.918086122404626,2.5204544460403744
7.907828276854352,11.78578944996988,4.5898930874411965,11.07411912807755,6.634289352061932,10.06030517765678,11.83586590502551,5.908033157242628,5.888391235206893,8.518439578896903,7.954960102242122,11.609036693329932,64.80093311059127,11.022104104665104,25.95113133581528,4.802560693130849,15.05138064296201,14.764232884195756,7.213459313754322,13.688867675581724,12.234420044050486,9.513305073293283,16.20469037359604,6.225697754746575
5.027705248374341,7.288973445628786,4.290543734402505,5.978293197615701,4.484896249096857,6.873928046423552,34.22481125936857,34.4083650676073,24.916446633907512,3.4531462899213534,5.868650031729199,10.67387461042546,17.960456993654663,28.343925561411503,16.04961691475347,20.236014506592888,59.106701360294245,2.3641872158565422,24.83981004719981,18.6966841275008,2.203944843733939,18.7551282958929,73.5324964335831,24.469715776401245
17.01215634629999,4.240566000000001,7.797189066321102,8.151606751153878,7.410551591958071,8.151606751153878,9.35662687958532,32.97442841628588,40.511225570188,19.805567209831526,27.86027675676766,87.26425906240078,25.67061876214677,43.49178805701483,38.174527876197544,33.244181452564916,88.61121929609143,28.16386073373948,25.227572526497912,18.271565753517297,16.081743075219464,25.89605646332916,32.75862134520001,4.481479816480572
6.724126214935908,10.828973375948694,15.407377770834271,6.409469569322883,14.314676479573915,11.319693646445105,6.526149900206988,11.534223046250451,6.898621907397766,9.386118889439617,13.44334834603464,16.481486782825606,14.14821392755749,11.406631368316226,9.61030548969342,23.218475154413845,57.07955268118546,11.757584687063003,5.610123454652958,9.827763469605229,36.538133120666046,23.086282386288183,20.73527664800891,7.301322333363401
2.1644150000000004,12.793291149268814,9.583146195162769,5.355419662965669,9.10215827819088,15.971815622919957,11.75256722408069,14.563992841956606,15.415833826631292,29.119013351998326,8.277668607469641,8.823360318742484,9.814742921243738,5.215559384868938,6.564444577233666,23.56704204081149,29.08793453853941,23.256685943624287,41.669116645802575,13.53374902443882,16.49811059954082,18.46895516394722,16.772437412511714,14.718355502267949
18.476147695651157,12.99148338230557,6.578882116823759,11.894938461410446,12.855359581519,27.47102446721461,16.553534808937886,23.67810494677156,41.53982444011862,58.90286377656346,131.13113862618803,115.43732864016256,66.21649898508946,44.84743152186679,30.4867747342284,39.94336547464606,46.514932809541925,29.89171791276313,17.812742739765994,20.55588488096778,23.929664505441323,32.59596418724747,39.90807148879394,39.647994982173074
10.240595749229188,6.522439757423011,8.10008564660094,11.264655324152107,7.548889257563058,8.030062358686896,13.093919864745638,22.03521492118734,22.34796703769391,5.50270202226091,13.74258835095222,23.40039838234528,84.25410115555678,13.47879323128743,4.387265054058453,6.385791983593751,3.8883228991551615,31.664660606811257,41.51134458952024,16.798767779870744,15.543298226448814,23.23090589534112,9.6243035993888,6.031268476409309
3.806385,4.004979000000001,4.004979000000001,4.1870235000000005,16.40162122105945,4.1870235000000005,4.8059748,15.511437426586724,7.533722108809905,3.2233160249999995,12.683817594817452,9.470044943594704,92.88905093970878,21.68770827269176,2.9412975,3.2768010000000007,2.382450975,6.2094756911722175,13.483102571227953,16.12209840041266,23.015219893791123,28.1597212539787,26.082087942607743,18.44792439201149
3.43321,3.612334000000001,3.612334000000001,3.7765310000000007,3.4332100000000003,3.7765310000000007,4.334800800000001,7.420001608693683,15.152675277741986,13.820388597177482,9.493659712579827,3.74532,3.517344,3.183522,5.976818625148084,8.066795819162037,2.14887735,11.799705487065092,11.75300093882668,13.574606193929084,14.110200754756336,19.955728634759435,13.742743246734776,24.558804006875807
7.073049512621177,4.863117744639029,8.848783876411725,3.858629500000001,8.187175922815292,7.535246653640589,8.649152680700503,25.84076271615242,24.811742045070545,22.72278649375276,22.12742569652411,16.504954651793334,19.149825099930812,11.498689197615933,8.046723334959934,16.98570717791272,29.83789308105447,26.047276917877497,21.594129503654468,18.368474045603623,16.37140472948371,40.83089536244694,27.204996394400347,2.1213450000000003
13.035707229113765,13.228218571316862,10.9195707821177,13.909811505029586,7.957612734215344,16.543563001186463,18.61858462893032,5.802900724839876,6.268920101922587,12.6942021008869,14.307478199730411,6.551446386108196,13.355159343028802,13.840874540992878,7.983252012962069,7.481001575061503,66.84134223309637,9.182516745656445,8.444283546325117,19.601593041119106,21.820726127899025,24.07545524838713,30.2116489237058,21.270174286749903
2.9854,8.864646167232836,3.1411600000000006,8.179649242219822,3.727174127609064,9.267584629379783,3.7693920000000007,51.91092696248452,24.458967381070877,19.050749384090736,21.81800816269977,29.613765009474207,43.32827143063675,25.7999345007151,21.871579862290627,28.131521900161463,35.679623544434136,38.00031756386888,29.76372991625985,25.380064903206662,19.09210784188748,15.930121367445986,19.737522901917856,5.095007000701067
15.137293469924236,34.286132797958544,41.82723835848317,13.249494462045757,7.275508404568453,12.884310587543228,13.321861282917716,16.32541721872782,44.85086835254895,11.649951709006949,7.54666147839944,19.517166504338608,26.219589023589837,36.04942238808199,4.584602300113726,25.73093721204137,63.49446184147267,23.07166302941495,32.25954208668256,32.853684281654594,17.785071083640275,26.002233084513826,40.98372973994821,39.73156025927319
3.4563377411242446,8.077435435271315,9.261639976442718,2.8734475000000006,12.661250111186586,3.801971515236669,27.884564849268184,17.53422951355572,18.17039173645045,22.82409291883119,4.567171908206803,6.840051139860061,9.018095724620405,8.488321329847999,2.0328405565878565,19.071512100904656,15.746234576719706,16.236719168743733,11.613397015312035,16.501192113937016,9.86998921685742,11.505159898225148,10.198548691980248,18.51126860016015
5.560955011164203,10.65458851975499,10.509813122499152,12.458504421120342,12.49834964076548,9.57611163258074,16.687639687605728,24.16824951193049,21.367124059094124,47.91769904681676,33.334943212852004,23.64216001022424,10.880296119815648,11.481702915383607,18.51587006839274,34.82486678431255,48.24631632128431,38.1153242408834,31.73285270027821,16.294042734987165,17.380254588953452,25.21007775069528,6.469090612437513,10.392063662557351
2.9854,10.384720040582812,7.357838562995615,9.320489111166628,7.325477758823109,8.05802553470542,11.68944873447733,4.440436434678846,4.96267820534089,8.357905128079128,5.804492071475615,9.35750194075371,7.494793165964264,7.813572816659491,10.659383389406184,18.367821169026033,16.0562134040401,40.89965335480634,42.264472517803554,22.81057279115429,19.338720986852053,25.277434939265994,24.608180163801524,2.9864844019564067
4.68822523424831,10.43455886403214,11.830682411970006,7.589687273019423,7.705652253517392,9.29253493376182,23.431487798488277,54.56258473874455,81.36913040892425,62.03027169961039,62.36929239687752,23.03937952343556,11.06644555462356,11.730681369586371,8.251146569105709,27.32270329413087,59.262020171815664,35.288799051389795,31.770516151561843,39.50136392094299,35.38552826506875,23.625286711957795,33.75259493348841,10.220498990979694
19.436194101877746,40.54674688810582,6.6175227583857446,7.713078421624264,8.93857838140626,10.097355944287214,15.064739381378017,3.653384963875331,10.38499057396412,14.9375844004182,38.832489288437664,50.50908284315178,24.427814337861566,26.867633186696697,17.072506847987576,22.54795161312772,26.62109228403312,25.730517313109665,32.83205691400478,3.0781726948355685,2.3371675959314966,13.866760169500845,4.44094993740839,5.551187421760488
3.209305,3.3767470000000013,3.3767470000000013,3.5302355000000003,3.209305,3.5302355000000003,11.988583200000004,3.32355474,2.1741582600000005,2.717697825,3.0139560000000003,3.50106,3.287952,2.975901,2.4799175,3.4929557738597024,11.423413424892798,10.867387655448512,5.189332510467922,19.97859829071892,14.85992849301529,30.161680003450893,26.39919840292015,26.4480727218894
3.657115,12.47665454774241,12.47665454774241,12.513986095598147,6.800899562043727,9.850506747457962,14.230569762434476,25.93287933019233,10.707477013826557,11.57126021503032,14.13251480415383,18.14308472290725,6.967561922852702,17.846697840330375,16.18646982721664,8.93388833666562,32.83779514189825,20.34295286627028,20.57893881519944,35.161535052596925,20.928513956816968,22.62090287852697,27.797289463493524,26.8717809577632
9.309786868773518,6.200367283107859,7.572484960050271,10.49876481393509,7.457805594838482,7.916688821870736,16.589997613114537,26.85693521312709,35.5717164608674,43.61909221213147,97.57487038312232,60.41324084159726,89.20942784352626,25.210490593681286,23.972458985125897,8.216424636992679,58.39613045176568,28.07117626653689,27.12327817845402,39.51664200466613,35.8670015302855,29.14811621947268,13.135132803072242,2.61733804969525
4.865678918193596,6.804012089896384,7.766567325854934,8.119593113393794,5.780504142451725,6.106977620025912,10.533752791025917,16.43902406699487,5.0005956926455,11.049304283824046,10.529239239636244,10.644069116887524,17.321535176433784,24.506026491345246,11.559596673310775,6.3544641756994915,4.620115585596386,7.508379111109708,35.8630887105989,17.8889914752781,14.398095905814715,20.729427506936915,21.826552005978844,19.24688337377244
13.823879654060946,14.271919194277858,8.245555709017673,13.144178036985483,9.149380379515462,11.557380132990048,26.827308422468334,15.06103756439076,25.80795872054666,35.37925971442678,28.121050929945564,46.55397140767638,22.355919467236593,21.34057222197144,11.100388119046416,17.866417970225033,19.20767460435236,11.474230445959591,11.672952366217649,15.28251929815287,16.42134231229842,17.74979110411029,7.612953568303497,14.06484799687524
4.17956,9.813288400924144,4.889957127356743,9.48727910579308,9.326679058729557,10.259346964602512,7.344947934898311,7.479843214012375,10.681286302332058,5.959634947044585,5.902622247069222,10.174558973159517,9.555237992184592,3.8755919999999993,7.206979272654657,8.029054146210663,2.6160246,4.161079208694076,1.6691708880000005,3.831172672966412,3.289390678809546,1.8198432,4.512195718531612,5.640244648164515
3.209305,3.3767470000000013,6.007748982849522,6.280828482069953,3.209305,3.5302355000000003,12.799498779419428,30.77472134130599,67.4065205170506,34.18011227456768,10.017660812663744,62.73684175129781,6.701726955048906,15.624880465433895,14.097115616279845,59.74249403604823,4.2124608599592985,33.70881841885433,9.776295401604369,17.633549838416815,7.517302968240345,14.4881419457572,20.5485078459289,6.6147579086242425
27.9749007903602,6.638246323532496,13.206485381033351,14.133770427189672,11.065298991394153,11.84483863442422,12.094502995810958,40.6181764951054,13.660169375181804,8.573896384559662,12.066776333094737,14.016962407130247,7.8682927606104,10.038367802193752,13.474035480815393,29.530187873978818,36.41429037883412,51.30249555606602,28.94167496558613,17.46294318905168,20.42894437269388,33.849860452042975,25.993099788403875,38.120236353816
19.399436412969077,10.621621302217292,3.617089988125821,8.089210237648695,7.852308465251907,12.17336502762278,12.672631523575824,3.5505320033243413,17.674391033254352,7.73632860341431,3.0139560000000003,8.983263696093095,8.938177409471999,4.697321613956019,7.855230775815515,9.083705955110947,3.7244137408000433,6.114275660420262,8.900155484604738,14.009355982154036,16.534165094101578,15.660683743644324,31.108552750095846,27.59724123581429
8.704320191706895,7.129955376784189,9.158458636491606,12.677575968424687,4.425779811749561,11.988059577858664,25.432621582765638,35.941883355171186,10.132974159210336,10.19969370888676,10.382930817640792,25.685160084015084,20.530634678330596,12.559453624377225,13.528866842718022,36.65744682516924,58.02238456709361,26.79103290112836,33.524851636946835,29.48386872411311,24.60908464123532,30.016482435189857,32.89346065122739,14.314735213658418
13.669406735640228,11.419698708351763,11.673560061787288,9.01937035785924,10.37088628239903,9.025654951327828,24.503918689427955,42.26109466090279,7.516158904395546,19.788646867376603,6.347516924639679,8.94483010696784,11.366591915910083,7.552140726053995,5.823491727892821,12.02362485672411,6.484156590924727,11.916542908027305,19.821332763876512,16.631925820656164,16.16843779800226,19.40344321682011,18.31966325979234,16.128529773827555
9.697893449216656,9.33180351767626,16.6405358178957,27.37878840382936,13.633609424946664,13.942613651122793,18.91609279150544,23.76729599087133,9.07672022798114,18.083577655805872,16.86228512428218,29.55587847203585,57.16469174596495,38.4618002596971,30.930265615598728,34.80096320641682,19.014009436088177,25.52874898971886,40.150518634044886,4.092160290173918,13.273080352420276,36.08254443614534,47.01060362283855,48.39121807199943
8.832757382668929,6.531494449143223,6.280394226493836,9.716033120935824,8.83275738266893,5.276568,72.2924391178053,44.434857548984105,24.94495896391044,34.83216219997535,35.00287465583349,9.635735326547922,10.789095772717328,21.2227623246545,14.38372104496509,22.149246404158678,20.03079864555816,20.46220753416774,25.722921269101068,32.70667335841382,23.30280903777484,33.29691261333467,46.230527579863946,28.468054986058505
27.19083249405229,9.66953990641126,15.21767474667814,13.331254243905509,11.35857259157016,13.012658161701852,13.194122588947502,11.6447701925919,9.902573351997818,6.193035013010971,9.352089999600366,9.474762808750944,14.975536260110113,19.200244419352746,67.24987233011373,17.93938350652696,6.680010704257432,26.450085838070788,31.67633993259445,24.71185314700488,17.16289579488481,20.487441037451685,4.795569971048047,5.60414395411123
7.789741383447729,10.639880230836308,11.472909290984084,10.08210311848366,9.586075310719403,11.610023110282215,18.32701201868033,34.0946851529618,27.93098236917304,14.941499571039508,34.1757335106661,12.144951228078488,10.401970854382524,8.46968196963368,18.89775863944779,24.69891295571844,37.81710372343465,28.59983264663942,60.13354625599422,25.938868887617808,22.845425463693083,31.708596504549263,28.3558234758484,5.663482083897541
7.722825000000001,4.397624,4.397624,4.597516000000001,4.17956,4.597516000000001,5.2771488,15.730945016359517,13.625977723420752,32.484403509162185,40.95483516759613,45.08921579195435,66.34699665669791,32.73942628340403,3.22966,29.274919956576763,22.41955514827284,39.11511324302267,18.712039711775034,18.744267476457296,21.9024418153033,22.68299937509208,25.82284190187872,34.531113994438165
6.142671668157579,4.480116480937781,5.934347577709636,18.484422806552228,9.968146752822989,4.269122,12.24813702147875,13.054792611349656,5.630358599999999,5.201726053535259,6.160524081172707,86.72589411203342,20.620310732121034,17.091687746164,2.99897,5.179873138893339,30.48269439131627,28.55284992612689,19.270058582671552,21.558399800062386,13.000682913895693,18.081809289361832,27.77187164548092,18.304784663759367
4.552735,9.208224776499378,9.208224776499378,5.4698856948158445,8.121786050849703,9.626780448158438,44.990880763785206,10.042369303583426,5.928823793361708,4.744261516675533,7.035921559531841,9.54722027916539,8.966085131737929,8.11513723729058,14.32983049267749,50.362064166079875,23.883346477750305,20.57685935304795,24.786590554409365,21.227014738731025,23.097728396407422,30.61003101030524,27.0727059980362,39.53117166363933
6.387602675426804,10.395234859907116,7.576272610857607,10.926756629591228,11.959593656315006,8.976559786280353,12.542016305269929,8.592188068563006,8.102081084259945,43.51886959486459,12.5316831759612,18.8193161945042,13.81813912711992,7.332164828083191,10.796589228492321,13.915706139278694,11.865935947355734,11.710633620604243,14.646506286724671,17.229775268886936,14.984460652184476,21.145123968903658,16.79140635961828,33.490030882962486
17.433148021035578,6.166007879815647,11.373259462659204,11.890225801870985,5.860255422965282,9.518947930797385,10.621641584682608,13.656438721615451,13.51200503007089,4.9625708422656,7.661750801215732,17.64287857510426,16.252817569293622,11.96910917904318,5.397528910818363,11.5542164837902,11.783158760492247,17.720842132887633,22.158047436353296,16.535557965901404,13.919646927234735,11.962712659296653,12.4526877766706,4.013721672009228
8.684508364395487,13.962523666224364,9.855639459072938,8.59678214362914,14.157228172433973,15.572950989677372,13.765324003257886,19.72622143412851,16.608593388078,19.40323460009289,24.02719789139563,12.960320913503926,12.914006536502148,12.895248068531433,56.629439912550765,7.476228939783944,8.50021562814776,9.782368353086664,20.42609358063372,20.19146045284773,20.98331449957576,31.934042130922485,15.529046561184394,29.567664346380024
4.185921396905249,9.007642917484375,9.492203509232812,4.3512205,9.021515731915482,9.923667305107031,8.36152582019625,33.6962292491549,47.43433198385077,40.58640870052013,32.75248593972572,41.704571349576135,23.852388553301214,6.870767247863919,14.13184042158478,17.389748106152673,18.685288414190627,21.31794653051853,21.817601253787608,33.14440577044781,24.761573137245403,35.25669253899124,72.1268662154825,13.415031430488906
10.856519797138835,15.18420439996198,9.413926305210696,17.431101164847952,12.385005013926074,10.308376508962263,13.103697940918243,19.963029218685826,11.600125528490931,14.500156910613674,10.083305009569411,13.972700471643156,17.3588694078213,15.334362579796576,9.110246620861925,8.526852596264876,11.880005303049067,11.7909731391333,16.479016187222964,16.471821801617804,10.467614487955784,19.76157951121063,13.870481974671948,8.856873710484047
4.495414322536738,3.958934398745981,3.298218000000001,3.4481370000000005,3.1346700000000003,3.9863210660928097,3.957861600000001,2.339671669623082,2.12359644,11.088365929759062,12.366191258452778,72.24379084401633,3.2114879999999997,2.906694,25.239366270489516,30.619162393968097,2.0001843841161158,42.52331968549986,33.25903120422636,36.42471455212567,6.076356149242772,9.346479882809565,4.006501674618305,1.89567
9.45261091464014,9.945790614534408,9.945790614534408,7.425489048784085,5.939794692352784,10.397872006104157,11.93494873744129,3.6251284428469193,5.671476286802354,8.004642788170264,8.11592860744726,4.416303561782493,9.684255925196538,8.765148302666312,2.7106075,8.137465048255425,5.91647510429976,4.21726345434487,7.892447601315597,15.78494104845159,11.241640004107422,22.93441857513209,34.6629748155078,23.3408454977474
7.420174823905076,13.912466117484316,10.03517653353897,15.683420527245486,13.431475957501366,19.31699902281156,17.282711419258806,58.05690931349679,29.593088212061023,25.047095755301584,31.366768113737308,33.57787445625728,22.950961945565023,68.84036499374695,36.15014737729701,9.984243561808047,27.697199974216502,28.54514955226797,22.35189163044575,25.58718634158294,19.094515737766784,27.180625845243423,32.18854596871178,9.42161655132345
8.76551764983686,10.400161585534908,8.713195498665941,9.834246308846993,11.112061967507104,9.149098230501034,14.073328105619067,29.981678244962318,19.87353186228429,7.290216166825452,33.17976738844186,7.624638857992603,9.26227409389646,4.755838258580817,14.00843173378791,7.641035957483794,16.552456601161413,20.8233537184495,26.5498474728817,31.71158603403289,18.556332739592783,18.969477404168792,4.59547304541865,4.741886763640748
3.74404678379241,5.690746672842011,10.692729621994388,12.011019838440202,7.892719664728511,6.448771207238836,13.786561901513972,17.737644098740912,19.391026559970957,20.04221362652601,10.25446753005171,4.3476599168748375,16.257585875998572,30.670903680837835,13.757425733997596,8.280329487570883,25.90936647765908,27.45697232805526,21.018823316081736,15.8104661484438,16.236863391698982,19.02728106896804,29.57905001817685,3.135258752894188
4.104925000000001,4.319095000000002,4.319095000000002,4.515417500000001,4.104925000000001,4.515417500000001,27.75465256376975,34.19293891564025,31.11703157079704,48.29634696428785,13.489569636124244,4.4781,4.20552,3.806385,3.1719874999999997,3.533805000000001,2.5693098750000005,3.0730339629,11.465056539793776,12.133363731672237,4.141125864406563,5.25543433488192,6.976395905842799,9.358462671978115
5.141524269183294,8.090768101065239,10.594972810379836,11.076562483578918,5.141524269183293,5.141138131817298,5.156157406209733,7.626962749037869,19.29211490500865,22.86173732832212,31.886031447401454,28.570011555975725,37.18527943128893,29.85075072958879,4.966769826987938,20.645122017567342,20.391121513032964,36.80777058470053,12.174058162098566,19.177206558098675,11.371598696493216,20.52385825196583,21.031580126591777,4.53262330789623
3.88102,4.083508000000001,4.083508000000001,4.269122,3.88102,4.269122,4.900209600000001,9.855754477814616,15.419087968348512,3.2865183,3.644784000000001,31.12295235515412,16.13347224224132,16.472712459179526,2.99897,3.341052000000001,2.4291657,13.42839747960175,16.10135115436503,3.301235062164257,14.535613659574446,16.033688011167836,3.92603520766623,2.34702
11.245108328495302,6.975436256873811,15.441064788860764,12.60938294447439,11.582627659373816,11.396823008894431,16.057502155574397,11.919991487346843,11.843984997091624,22.338978805562697,42.50040457347615,46.6816077564942,44.92579408486432,90.90932132555584,32.832072854625,30.39292871228653,32.908499881486264,12.240641556590734,17.020599323934313,10.213312076059722,9.266329370105364,21.78088050286892,27.478399924747663,25.54567076029145
4.328830000000001,6.879580026798664,6.621258023821033,6.787192341529135,6.90671279830981,5.977000604917483,6.705564014292621,8.22730234953806,22.40896313941671,5.536873113604354,6.140451594167401,7.132847811406576,59.30054270960554,13.833451597899847,13.305370151675678,5.628747294653452,2.70945405,18.053557210724467,17.264280648127748,29.667456900151063,43.57058611496924,28.69036898268956,40.97233483834052,19.26230693081429
9.128381106057065,10.143875493032375,6.241112988404445,12.865515990441338,7.585823177263621,8.785355190148506,14.767374875984844,22.08476503529137,51.56825507018314,83.1357705625969,30.85244053906069,8.899109783966416,38.50256529729307,33.6820679513114,39.226951657992345,81.08596127513654,35.48282602737353,14.368946990269066,21.899736940094268,16.765109715800378,17.759827573849112,19.730402968401577,29.375481470090573,13.548314574616809
2.761495,2.9055730000000004,2.9055730000000004,3.0376445000000007,2.7614950000000005,3.0376445000000007,4.277301600000001,72.20405746635312,61.34869347843969,19.60057425754461,2.593404,9.408496801353095,50.59243220891637,13.491309269765397,4.987231625303161,2.3772870000000004,1.728444825,1.4342139972322576,6.402301546928439,8.798881593817459,12.694946684348457,1.2023964,1.335996,1.669995
3.955655,4.162037,4.162037,4.3512205,3.955655,4.3512205,4.994444400000001,3.56893614,2.67977646,3.349720575,56.40770904192067,32.18874003828512,59.37467481992036,3.667970999999999,6.635341650960382,14.064860262487194,19.851932986602243,34.48159257539385,43.55291272438107,56.7358556910162,34.386567227236,40.72920579162383,31.98321095640488,22.13000417023235
3.58248,7.124139034191233,5.446765517095615,9.452098127599882,8.592816479636252,3.940728000000001,10.849364807332034,13.528915223399482,21.26142051615812,36.44779820237384,5.289335785852347,8.465292086496387,14.304858514930071,17.15961352834049,20.96518578546853,35.187570712476294,18.0867913656923,12.538334654367388,28.6150085285402,9.951737202619142,17.447246176594504,17.954383951692684,12.470713394330788,24.152081582900266
