1,2,3,4,5,6,7,8,9,10,11,12,13,14,15,16,17,18,19,20,21,22,23,24
12.285396471029404,12.65280000064056,5.177802710291993,18.619995163341937,28.18087613723253,33.165415980094416,18.669246848246647,11.181671700212224,5.42937950024121,7.469929488883962,6.653960443713947,13.40225069566844,12.586461522888621,6.981231460096732,13.492912129114183,63.99239626452707,20.547733433195933,14.667252207746088,42.3516338843156,18.01501309006694,13.81540899974716,17.770813466858797,21.093356906084203,22.919574847879563
7.9353554969427025,9.007676941072503,12.094585933156802,10.016441207412557,7.935355496942702,7.183830853706277,14.589501311534567,26.407002871421373,27.268583607196327,8.945052866363572,4.672877295541356,12.539841162852277,7.789857693885968,9.573492125621877,9.063282967487455,5.663448910918911,7.012309269837463,3.238764057675376,29.82357427701591,23.688187570351506,23.29290668473136,29.28281780987629,19.274252091886723,9.070372557669584
6.831188289764592,6.126564111661758,6.781406482215677,7.431956197833209,3.955655,7.431956197833209,23.845649788679413,4.853978032134226,2.67977646,5.721377849819531,6.052825620490025,4.484997504012849,6.921893806965028,5.5435704193419815,5.461257140182028,4.075028151702873,4.131457604765326,2.667233471562201,1.579751019,2.7753333219026284,17.639071352423485,35.82692069393805,47.472726777243096,36.77073567531354
20.67084563008666,9.001024030255309,7.411373338810438,7.510838582112003,6.612202926458184,9.410161486176005,10.801228836306366,6.542666494359649,14.07125051978962,6.147645421918375,27.41790351066128,48.2443530997076,19.830533112863368,23.13989341076888,20.62752690910075,29.439050163227073,33.589653365879585,20.777137636217105,20.35289408133212,22.93533391340577,18.49384558620121,23.720599383280344,66.72658691339889,17.75016770334323
10.187923576555493,6.9354880114582285,9.44400541418648,8.717382020927465,5.330601660515596,8.486202747601238,3.8023865076997554,11.427262423706702,41.7516473286474,60.18850399278118,29.460811837210752,12.139512430756008,62.19567812743472,19.681847554122633,12.540497528407183,79.0132963890886,52.2464942226977,31.215068595740952,14.046103710789096,18.6131107992188,15.52760556644097,27.365620608868724,62.31703143810094,9.854486729171468
7.533339453104382,7.0245223156710015,7.926383250657656,11.032976182979954,4.17956,11.032976182979954,7.21140934708763,18.31828967955547,23.069420788409136,25.02759152317276,9.419457926971033,8.346566330316987,25.864792763142276,105.10616549803713,10.378362925787066,8.634503099723446,15.191620483560689,18.796397118615378,35.83017047242099,25.73645457074881,23.61068870978971,19.578172661876383,28.53083464775636,31.45385544840592
3.43321,8.186065369358253,5.354707854993621,6.964283166522419,7.573147878600543,8.785855833106657,10.084634521478948,5.738240386808475,2.32584372,6.763656783916406,3.224232,8.713245454320651,12.871990343594689,13.797741770591879,11.47151170462531,23.63938624401066,2.14887735,16.68885016057405,17.58236977139496,9.331724878448105,11.856779612049555,16.448113820082664,3.864134940611768,4.830168675764709
6.592079189060693,4.162037,5.703135197470261,7.090172296413055,4.980931073523603,6.929057484859345,5.549239751089294,4.420295839276773,4.465834010625481,16.50126246727598,5.090401663857754,7.191359115338938,24.59263415652247,24.75903347443335,106.07502073336772,47.24049110057772,26.950829965662184,23.068684071851948,25.58685600158311,11.738719310376483,19.82721312007529,31.21677100418851,14.450584893911468,5.2847746827550415
3.43321,6.505301916331581,5.782059937248685,9.321386172968856,8.473987429971688,8.061191815475937,5.491987966532632,6.088007317080528,3.567624659112364,15.427374229986988,70.31451438720714,18.4983626436714,8.681650363038187,7.8576974350646545,8.018745962355977,10.585126369633247,22.1594934511052,41.15369666689062,13.313762378023814,3.407147003503548,8.045723920132458,26.03557333423681,37.65016441345481,5.124585283737819
10.242467892721562,12.331617188563078,12.625151848649764,16.57467097822161,13.39400737309558,13.812776676496908,9.762054697352262,18.83761798585072,33.68664683189844,33.76699557842651,9.172747548258512,18.536142188643232,25.468389342743414,25.857924965460658,19.995465355475638,37.39519469935325,52.333162656490224,34.62816078578506,29.649143905516183,30.769513835303297,15.032865896721798,23.208325006940253,24.876428531609825,17.79883663678358
9.683481676885677,3.690863000000001,10.188706807853627,10.651829844574245,9.12206016080516,4.689223833844284,64.77016066070969,32.53478013342866,2.3764055400000004,7.96243737354955,9.09405235742307,10.56379819296619,5.031757179526382,10.947996935586602,13.641474482191514,5.436350482259614,4.655383890227315,3.819311810066611,5.032949366554683,17.19057168984184,18.84304100114957,19.07438249178104,31.17745613061293,11.520115940361794
4.285909413189659,1.6391767150853698,6.485765638248463,3.445808278352373,6.164157424781596,7.313631236847849,8.394776724034053,2.4246111368549985,5.511841471126676,1.11382805120275,6.585374523448247,5.270740637248758,4.959831634986537,6.333584978139815,4.715851224839607,4.159301850698478,4.389002452275451,2.94501407604865,3.733177586635543,2.7841934187482917,9.454024709612405,13.963095693098117,14.6571291386412,13.395280657492693
8.19662202072048,9.323046865279812,8.62427186527981,4.515417500000001,8.19662202072048,9.433734222792529,10.34912623833577,3.8310061378745903,5.137048033513422,15.764449888687778,60.25799021941632,23.14497874065849,71.17248615397693,18.135787996337346,55.759555085605896,29.632296405491456,31.66590800438912,22.339780482634907,17.2480481375062,17.560768789831947,17.838577131309197,20.36348993528713,21.306097806448555,29.487238795023483
22.6965982381816,8.563492676510432,8.563492676510434,4.011813333801116,7.711070614565735,8.952742343624541,10.276191211812518,9.478881238041884,18.306773880475337,33.66339735867391,20.70322601956845,26.36922060467144,29.042398537953467,10.99492841226281,7.018752053645192,13.673168690307609,9.271042401151291,23.921023393493428,19.5793237084254,49.73715085804253,8.060591697049807,21.397704054981592,12.239938909904517,2.07621
27.318955137382066,14.263384248948867,6.98024861186389,17.076375262793114,15.065382827581065,10.52761498084396,53.55488785450945,37.54644659666253,5.741199405217797,10.414994027014329,11.682830181110232,11.91486531617558,12.841116137749628,8.90469176354476,14.523871696384148,36.015700301166795,35.40486838386769,21.8259495944263,38.972869948899714,20.54890921430345,18.73333594573264,33.426424236973865,33.76220985568978,48.43090040780529
3.731750000000001,14.61246917454568,34.6077194439303,6.565275882513748,4.725831164652018,5.335100441256874,9.794201833340102,9.267955896186656,2.5280910000000003,4.633274257753065,4.55486836091496,6.91768697150351,5.732778838027201,4.497357396761992,4.611970661269987,41.23700616286723,36.15650573506491,22.8591767561756,19.284608571209663,36.58701024325258,14.590324784301997,22.535156314380664,15.220254287421874,3.6093683436026
8.70217155848757,6.984776589133817,8.412874221342577,11.41758382581881,26.09352354255316,26.81017532788344,6.779343499676586,24.892974003745227,22.571889611469235,20.92279174792585,22.34575379600839,17.571472919908786,5.452729343888117,7.9113889386185745,20.036711117474876,18.374916528209294,15.831699848117712,15.912372535762444,9.118853197334635,13.901253485682524,10.769794876976723,12.64234363331968,12.554825190545442,6.217457482038004
7.5093463569213,6.2313557661489565,9.570920915372389,10.587856702678248,7.773843596701394,5.932705282548612,14.604720128291552,19.927589444830577,48.72310488855664,7.254975315357105,4.319884223380436,10.500353754722225,9.861201787043484,7.208473153304927,4.167602884434975,8.28614872383515,6.024577966771877,4.294319174714995,1.520137773,32.47506068894896,25.190332985046485,36.49037875941786,46.339579918692,15.919163124009348
3.955655,14.2245011458828,4.162037,14.871069379786563,12.69370825185062,12.287382036258624,16.231352917881164,16.75869172499895,17.151248490635346,11.448265394438993,8.820242921197416,14.748167979953614,25.925762451623942,39.568618969056196,27.67007068859488,36.04513205318803,26.077604389092343,12.803577019309207,13.209223070701862,12.045313244297123,15.905384754128196,14.837390970555054,20.068778512266324,8.175614858452546
7.207572956687357,7.614124080706221,8.948302381200541,10.74986616722644,9.77260560656949,10.74986616722644,10.417760065322014,4.766927911232707,5.94472657825431,7.430908222817888,9.177751352256564,4.922319145411685,8.99013471191578,9.061870653364434,7.5515588778036955,16.86022501609026,35.90832958870568,2.1973394417557683,2.2707699062635043,4.014348441477023,3.446662803288353,4.00694954288767,11.203537225118994,15.642823154971625
6.859738054867845,11.115019404941815,11.331702535741824,10.58425067308971,5.8877386151379225,13.632461021376129,15.27810528595213,13.61995679238526,4.450099494555346,9.275850867484282,20.91104266186744,12.590255761651836,9.885080349532867,16.578514450507594,9.329530360326428,9.42976647734172,18.00694096890851,11.87270432708071,15.86443114867933,24.829233696687314,12.635346752475725,18.551057861058347,24.83009939670852,5.798937126931214
17.685859558373597,18.79140098056744,12.182429533366795,10.23904680337466,11.647072004223425,14.524292206985283,11.074311967418977,22.012628961503363,51.719743504510895,26.27758207780301,9.185995566658026,11.330528369147531,18.643855811974444,49.17659232440958,18.804588843085092,20.61288283903809,23.06329372418068,14.940019461481665,13.418381116169838,13.089825434009896,10.403048673764973,15.415026394677945,23.194140433824465,14.667018271357737
32.09200805622741,25.03631120930208,7.328025434410508,7.661117499610984,6.9646522723736215,21.092411205841,4.8059748,5.003648441247903,22.12508046603107,29.56981205677394,31.673837272874025,20.33818627825724,6.923552409192172,5.319241787678385,13.906303360661077,26.772905760530314,30.33479200997917,33.89080507900631,58.81717068021751,29.54917189872539,12.007413545604644,16.710779067685326,18.67764766917932,24.04100487970154
5.828610267617158,7.603552788140236,8.338973345768284,4.104925000000001,17.781249030400108,4.104925000000001,11.183440907126815,10.162500727164094,29.44030103297413,5.527659615800463,9.739781572838888,17.099341344821866,90.0738043293807,33.261683605146715,16.262040718868665,7.223934859789348,3.210698852578433,3.328041713981085,3.537340843950505,6.637713371826835,17.67433295127444,19.9595937617711,26.28139040422564,18.999219023764915
5.857000616521401,9.719998306811908,11.430758284448606,8.959650362064142,11.822265360069691,7.603408475698288,15.57947446148291,7.56521894223629,2.567281924453927,6.7105268204138335,7.442046127239036,13.460853216157284,2.29392,11.441725233733694,11.607848997510382,19.398673773463294,19.056692056467465,17.75547175998433,12.30231867304141,12.642567682994647,13.52794579732897,8.893711275064648,17.067156970303735,3.447545456071058
23.61721610273665,12.120217895050052,10.06397826198686,6.203856563836737,11.519215354799638,15.052352120887129,49.93388659234208,38.94510648046504,10.76406393754416,14.860484187568636,7.682490915833191,12.566416750690513,8.869557073169865,8.930744434398475,6.787039109364718,30.805598096590305,31.168573633105304,27.42773999015452,40.06761652536944,16.81828005582155,14.324434749752612,24.170770162208544,36.44758952479543,6.138880816084108
2.23905,5.411387205095567,2.355870000000001,5.657359350781729,5.143053955256113,2.4629550000000004,11.17665504611468,17.515875717387814,13.703043176165624,4.355231599382792,4.829998497110091,2.4426,5.103802087931608,4.769013667601123,3.9741780563342695,2.621965728430811,3.9422268371318423,10.11536409618428,16.01724798934706,11.728154707095888,11.817873603924127,15.555020650103389,14.370036426610078,3.110226304957256
5.984168338537602,10.553410170485162,8.277260715032913,6.144591395145523,7.593776225957029,10.458441784227208,146.90180701409108,5.356230478276632,5.6736455597412965,8.493671532590508,9.419572714152045,14.495150708497716,7.968281564256987,9.300638715235982,5.441590422387122,5.118913941201135,5.043772666364693,4.474909311448641,10.213163839875318,18.437300409137745,8.448788731292904,11.866420735691486,19.14574561224779,13.048089377419194
21.500897045074478,11.985037052211569,13.596321051802713,7.041546802507986,15.25533259465189,16.075097663014276,14.900574891095882,5.926506051840992,11.435191907091804,23.344512600941748,21.25475578385233,20.03157462879099,23.87734928372072,71.95512749844296,67.14666234283176,17.53043906660901,18.709232269674,35.41425683751441,21.30769908403741,25.894610338043176,13.486336145681912,20.418162395660502,13.999054098747605,12.704480377630045
5.137889806890481,4.10187967210869,6.710027573695627,5.65167878757953,3.8984806801032974,6.820264535693159,8.052033088434754,4.581673373047378,9.689851819008606,16.44887107119577,6.915755520323369,6.957053382193811,22.308861055015853,3.6854504062297107,4.927912812387283,5.490022560296422,3.8404803564665513,10.798469773497557,11.301517166211273,31.86109576140494,7.262837124022468,13.487890328625015,8.379590824072887,23.02000474304483
3.955655,10.273937063819089,10.273937063819089,10.74093420308359,8.972372370189598,8.12696041545849,8.87604767117405,69.5149957513848,38.55604395727868,87.46549045394221,62.87399583500454,107.53297499759633,90.61263081707969,35.42109333905486,59.00936198783067,33.854076262816214,39.17947544963905,30.013317385142663,30.16861270051744,27.76598927101781,23.897319294743628,32.8475971983493,44.70455359234607,7.85479343699837
4.713008813639612,7.7128432580219615,7.7128432580219615,8.063427042477505,4.254195,7.821726146586252,5.3713836000000015,6.333394477776511,5.951406130072362,3.6025296749999995,6.884190676581584,6.798270310434298,5.258898912181273,6.797269077129795,5.664390897608163,4.79725033722848,3.6254479760313054,3.2704380437702296,6.100327829663279,15.692015103294215,15.719960030006566,25.575399202882377,26.06278777726708,11.39053686620028
3.88102,13.426926289275317,11.736029588557509,16.772436070646567,10.461152310673294,16.77243607064656,24.47976512456672,15.781133785059094,17.774276029384023,90.278676155297,14.641848077214217,16.18211585741712,15.338274577615595,15.202086366614324,21.75096603059323,20.570399843546024,6.809268549065906,11.230933596266398,14.38014107533011,15.467518189402467,17.54978694925544,32.52243654759018,20.4305339134227,51.97933433673351
4.09354,9.259707555796489,5.704774817996528,5.79399790157253,6.813496844125629,21.43092335171828,95.87830585660494,4.561794356678691,4.615834407493107,4.329483467531372,6.398762253613634,7.432905648137049,4.129056,6.317969800916491,3.114315,5.8655320658124985,4.264629615618632,2.0740440822739923,2.5975718698659525,2.54475780827936,1.966760056367572,2.3607738315195244,33.95372456638604,4.120415087554234
5.633427859178919,5.9273458344404295,7.378895837159347,9.34366432596378,5.633427859178919,9.217364257870363,9.286265771479298,6.266276822870482,7.727109266593257,10.758246473469798,30.25731471846674,39.57491823572901,27.67963850179098,14.498702718242479,14.906729069937303,18.56017141615499,28.242237990110773,27.352203005661707,23.36715433880441,25.50522153717212,27.86687802898407,29.773626047587367,12.192202350266912,4.098481039194715
3.43321,3.612334000000001,3.612334000000001,3.7765310000000007,3.4332100000000003,3.7765310000000007,22.7988613632588,12.898132152334597,17.71720452,14.903903223862567,3.224232,3.74532,3.517344,3.183522,2.6529350000000003,2.955546000000001,2.14887735,1.53171977508,7.772677989435325,16.38809951194019,17.920484648246646,19.5775822864117,31.155739273794133,29.65575346018591
6.425912762552319,9.633145846504208,12.467873622754912,8.96680575634304,8.979316176614558,13.693168270796964,6.344469762250326,19.27628541041146,59.855119244638,34.52152723305984,42.06590708593229,51.29771134728458,43.905761510025926,19.550076994602875,8.39452364925595,31.319037993271085,33.108506190941775,45.08223403104007,11.25900409980546,19.063155638999397,26.395162976472538,29.41062913019532,26.300547118518324,7.165982961237795
3.358575,3.533805,3.533805,3.694432500000001,3.358575,3.694432500000001,4.240566,6.277445960338284,32.644886220232294,13.399114091186505,3.15414,3.6639,3.440879999999999,92.13025680635586,18.95447263096105,31.21101266903319,2.102162625,1.4984215191000003,1.341298035,23.78983059086448,34.61953302566067,38.303694471825374,1.62486,2.031075
3.2839400000000003,7.561414201644162,7.561414201644162,7.905114847173441,7.186468042884946,7.905114847173441,13.54104263379834,5.395350481816722,13.464275801552354,13.502701430153802,7.411749015247874,7.8397833195108495,3.364416,6.663815821584222,3.894605433094083,5.400628597896235,34.28108396177054,32.8622581566201,45.058651801075214,48.86077266377927,42.77173873460229,37.05250943420392,40.19374078898774,28.81488552131659
4.104925000000001,5.846271030399197,13.186489061026512,8.604030986475331,7.954297278273252,13.12062779298261,15.060198858032214,7.032340872805465,5.8205003139757405,8.25704549461538,11.201800803495038,9.601064126614656,7.28509668831829,10.472284165771843,9.216969937219186,16.055298247341316,21.029990543432124,15.096992464114834,23.70748711908866,56.818121502772485,28.109802813477508,57.71238292442231,21.82529011928587,4.473222497333989
12.578032639140298,8.283692495614599,13.23427782031284,9.36598923591976,11.541622798585657,12.641653061247926,15.233475838322262,8.318228080581875,42.98126066342585,5.287955913094936,11.812413261105672,12.788246828507727,34.551996702397574,33.89638847772409,23.607436208494583,26.539002118830258,17.800866377927065,15.456353904361563,15.988519858378558,38.98658322475527,25.67518869196108,28.35559580915889,35.810973443551255,23.494534959634123
8.253619156875116,6.072667775780846,10.07296452787098,5.24702577537379,10.539627982424236,13.44428578066666,9.8690031462647,9.828725466013143,10.339400552034872,11.421306341370874,14.10360540958102,16.98330428173996,15.011598950753893,73.6783801700139,9.872818015044697,9.400901263339083,8.519294175445628,30.41987403719136,11.71405547710996,18.40897190166576,16.68764421280312,22.70482075265906,21.959787852760268,6.37376711980596
3.657115,9.518567753323053,9.518567753323053,6.717555329058475,6.351843829058475,9.951229923928643,9.257125270900678,13.575897185724008,11.287661368026132,32.594668067124225,3.8946356103372577,9.868988354309398,7.260437751666327,4.981255714006405,6.990533417635823,22.475879593033987,84.81166764462718,22.727813979449664,19.72845358510421,20.246960433112363,18.88475753022264,24.99851739170666,2.835951460327279,4.878263650818196
10.03641163681956,11.42262094689803,7.738622202728455,16.337019106226748,11.681459267228744,11.20319483295711,17.93250962114748,16.745027228443586,5.834231897748591,6.951572180121695,10.391211741873406,9.811417107875537,12.953973484760873,7.389327261585012,11.204056395881546,28.136901466886833,30.100887820160217,18.67987161533945,20.43626758095725,18.92099088936117,13.428466342949934,21.55643997615188,15.803812784145691,8.589011933494753
3.58248,3.7693920000000007,3.7693920000000007,3.940728000000001,3.5824800000000003,3.940728000000001,4.5232704,7.39052424,12.796425359999995,27.61148154395457,57.56666357082048,11.423085132596638,83.46923002254003,3.321936,2.76828,8.492433860129573,19.064015780214262,51.29559336087907,34.756576533112,22.73153259461862,16.641516388484757,16.53909035209878,42.60860739190971,8.130268898026786
11.787286316062326,11.241098518272947,6.480848537004287,11.013183609518132,11.787286316062325,12.359036244749682,14.006712395535573,24.839829425547727,48.73339136466225,43.094689329792175,37.10278205573664,29.442884438300418,22.743794310435145,91.45380049780296,14.80949721122749,6.920342593779984,12.708425761547,25.851844783632824,26.63877465209218,47.02352558399247,27.11535377053047,23.712099075087345,37.307239761383705,28.275124097693208
13.1932708803473,11.897328371782184,12.009885534154252,12.442762574420856,10.968392718812035,11.391717454172143,14.53893108994968,19.53071598447348,12.475209864804418,10.4280280275883,5.725513400629262,15.572186735953116,12.988548340946663,7.639841280529695,9.742390421021057,19.490523695969816,25.128155193580028,22.803949730360166,25.878863804093797,26.338444949280817,25.61580285927861,34.528144340149886,25.30476661715456,15.413027663459374
26.233741296751912,4.083508000000001,6.970152577448004,7.012627176913391,9.36803035382678,5.640874588456695,9.93871649881833,44.27596030572883,24.78573509261736,28.01235760635809,21.144098112878165,27.23801215313825,30.866925415060802,32.366609984476085,18.886669133172447,21.827618571967797,14.94021236653744,11.476417419018492,11.111289820648992,14.417811098613326,12.777461405873945,12.464016999233149,17.587106367560857,21.34871500209264
3.657115,16.32901536097439,11.038666217390189,12.22170879278915,10.841143070860085,13.861156430062358,13.57998444223759,9.84187752353234,8.16455076230465,19.87392979011324,26.40531938425589,79.00122410480245,30.494124524160124,7.759500898030057,11.263317250397122,9.564815576965422,12.485431318154133,27.65810115551509,23.0426722118676,24.70566295759272,22.18207269688377,30.730112456267104,40.27765054962881,8.081364347887355
8.29255294138572,16.381182593528997,4.240566000000001,14.956433181157944,14.60449173010878,7.398298295572407,17.167384173155213,28.68049496250147,79.6240809531326,81.99525522071693,38.462803634709054,6.811453808635808,12.237860465180283,11.167614799667493,9.230976082074875,7.8197485351768306,10.426937666914949,45.148578842079466,22.122308832103773,31.194845040288538,29.05868626457649,34.09390188121314,44.37256055927715,131.4461120459009
3.58248,3.7693920000000007,3.7693920000000007,3.940728000000001,3.5824800000000003,3.940728000000001,4.5232704,4.913989740000001,5.92773066,3.0337092,3.3644160000000003,3.90816,3.670272,12.738975589715134,7.300334178240359,23.595961175351377,25.82332560516756,37.50813605461276,20.41468430411845,14.520276204169328,12.19287604273941,20.78966853185268,18.801347879061435,2.16648
8.862584510388645,7.7996559567818995,6.274331689589657,10.28039535757026,9.345813961427508,7.622633376856507,13.344602880946043,24.48611590047474,30.85934608648804,9.723346000815566,15.622675111078708,26.06510411769452,28.71266961843956,25.973171827814692,63.15502224047889,35.7813796700872,45.77409392978352,29.466117845226297,27.718243240239,71.73655698465835,42.71851365075685,24.579786843120747,25.803945947725776,5.651816348215054
3.731750000000001,6.70774470816226,6.707744708162259,4.104925000000001,6.375129268088096,8.515462194896907,56.40956526704927,46.33205325593718,57.79808240900097,19.050984028270737,5.987077921334909,6.313867257771715,9.549489503522844,23.136384833992555,21.80553845697138,20.84218149533165,39.32175897770199,34.0539522798873,44.987323569065936,42.62331553405471,17.140063328391808,22.06629627718577,24.185238300718314,22.579341589728926
4.17956,6.814159507974006,7.033844554153461,8.731589141740654,7.520225165042954,9.190930601934063,9.039143187907422,9.412935762057971,41.9556277089088,18.75798999940537,27.37715553968563,4.55952,8.560148084877142,7.747726623117969,6.456438852598307,7.192902210209267,54.30873585491941,26.81286571546312,24.03301383269306,28.44896773413368,28.74488219084644,30.719409193766765,19.53679030571874,23.643317636682323
3.657115,3.847921000000001,3.847921000000001,4.022826500000002,3.657115000000001,5.720456500000001,4.617505200000001,2.62739862,2.4775291800000003,9.624657245223377,7.445863876408535,3.98958,3.746736,3.391143,2.8259525,3.1482990000000006,2.2890215250000003,1.6316145430200002,7.866719199346456,18.512144291782278,11.327288665595736,38.34619051735507,31.40136540039658,57.72355246023233
27.32470974824509,36.57751112823252,3.7693920000000007,3.940728000000001,3.5824800000000003,3.940728000000001,4.5232704,19.75159761211736,24.766812341005863,3.0337092,3.3644160000000003,3.90816,3.670272,3.321936,2.76828,3.0840480000000006,2.2423068,27.199514855744717,43.32981063306115,7.27046321799852,17.124850293566965,22.518956803629585,29.903415611259444,33.377316076529354
8.744472195237323,18.591062713389327,9.200705527162752,9.618919414761056,3.88102,8.646228975713592,7.691408251179682,5.011760900390162,6.981730935001454,15.470934931956013,7.796980340597873,4.475002918772097,8.958763608717447,3.8037524809562835,9.371251078211374,19.609304373081454,5.473244642200816,1.7315093109600002,3.492238039223171,1.5942285216000005,3.006087449196392,21.3965107871608,20.91268341750581,2.6143962795081968
8.082367499466212,13.91604455566455,12.435302621132015,9.51119380915659,10.924129380642787,16.57843035680873,31.45007146143556,63.45407269853871,22.869928932772293,28.984282586108577,33.58081812054948,33.96156575077954,80.77090343740524,30.060131708579323,24.937875041918407,64.306517273548,21.278892264347768,13.322334840353651,19.657092205673106,15.914360820791147,7.241945045769818,5.372234487716682,3.636759089938866,3.708150995513747
3.43321,12.145174652266263,11.50936762341132,12.980304358268013,11.800276689334554,12.980304358268013,6.612160053109729,11.883574698235504,30.55817808324277,30.514799758457706,22.37680181855317,16.70465432155317,21.973067474516252,29.359522376467623,16.78345191818425,16.21559571628612,37.39048069280853,8.830894088184285,8.153751574977715,13.197069811828792,13.642753855661482,19.271865924429964,20.2047015777551,24.601577963902866
3.1346700000000003,9.192816906816471,4.10202694183861,8.490211271533097,8.736974746147883,9.610672220762671,16.624354213883553,33.738662784964895,2.12359644,2.65449555,8.205158892034534,11.32417825863734,13.84926170657288,64.39108610073023,27.202672684916205,24.327920030250816,10.181875103470444,2.917833798134238,21.718781189871454,21.945252963726865,19.84665293030772,18.32388823504788,22.2616877629148,17.24584425249816
6.53244021853186,6.873263186455264,6.873263186455264,7.185684240385048,6.532440218531861,7.185684240385048,8.583327823746316,13.63170610120773,18.22447306523027,5.531789148693117,6.134813422621226,7.126298420216576,4.358447999999999,6.0573536571840885,31.45246356956432,61.138023439296724,23.36785784685614,20.32606021208469,39.34495771328955,18.441034816442365,31.75427422604355,22.530725188952704,17.665165901853637,3.9504480372939694
4.104925000000001,10.99692050488145,9.782770413084828,7.371429647748885,8.432216132952856,11.49678052783061,40.53120944982887,71.34827980962986,4.735262131682709,7.1405539344050775,8.460802910203736,4.4781,10.707745284993507,3.806385,8.076250784013236,8.997480413084823,4.916668619575427,8.75659440354751,21.32883394009288,22.710673385729407,19.7164422002092,46.47123225580386,24.74358931539341,21.13610483417593
3.731750000000001,3.926450000000001,3.926450000000001,4.104925000000001,3.73175,4.104925000000001,4.711740000000002,6.757076700000002,15.876116920272988,3.1601137500000003,9.45570727541772,14.777298128323364,3.8232000000000004,3.4603499999999996,2.883625,18.050787249975016,32.57805336363623,24.56835416915046,17.303967187243995,13.544484921182857,15.669238514156593,13.918991606503292,12.437075602482023,23.41969125253654
11.876411575649373,9.492725772220538,4.083508000000001,9.92421330732147,9.022012097564971,9.92421330732147,11.391270926664646,10.241681737888214,16.634149968766245,33.23414603006247,63.44523696122131,41.43341165508084,22.405958252417257,25.72971432311127,4.014551182995265,22.959947441779228,19.290178806654936,15.052910623856892,52.49188211027997,22.0564714768785,16.370597567439905,17.814721722682055,13.69507569001274,3.899442957422633
9.627693513559976,10.310207086283022,9.51780986477224,13.540237119712236,12.30930647246567,8.657493885169984,10.470495171913756,20.009624880698095,22.93692873296761,23.61896166357133,9.321480478011702,62.74236478219993,69.08333284650077,105.85228200059673,41.45594375795936,32.450894977789616,29.36199122461477,25.669239873911845,26.60677203892154,34.56301736368899,19.762526197590336,32.84207112240623,36.378352308659366,10.21706646283492
5.69445475994652,4.386659985394998,5.250835164947995,6.005769987503265,3.69981193110814,6.542200235941173,7.189868096906389,4.091094367537231,19.924435341112467,22.69844191934141,34.87437624321363,46.98034357862185,28.99027860965277,30.41584998819945,13.25374886928041,94.23928427458095,7.314662221535404,39.34044879938752,18.30986413608752,16.53365103257686,21.22286228557676,28.54188432294493,27.208716588477827,30.08959070156629
3.731750000000001,12.90624183666386,3.926450000000001,13.492889192875852,11.531004572769444,21.6598524294218,10.552967737003952,10.534957033344371,15.739189213898545,7.500605619892073,6.477299631272128,15.907186036491629,14.650791741100985,19.392654666240826,23.276774912648424,18.29410391746809,31.752951127901067,21.241932419055654,23.58308016040456,33.26082853045182,29.1671266872284,47.55331547222485,30.28238431510186,7.41793764466405
3.88102,14.1227884319036,14.93402854065732,10.95638717371288,12.13746266246103,11.23468717371288,22.216571519414394,38.03862120806393,63.84518639877279,13.441861010725024,9.834741930367146,9.388539757714446,16.121138505320445,13.057247177762523,11.210788120943741,5.4771016416563585,7.9707912681538575,5.6840353539212325,5.225178173966286,25.77962694299787,35.207397078404576,25.8072988126892,24.09820708834153,43.76728627468064
6.524787865011213,10.04829225904132,8.842027918872706,11.784942879638985,6.949876944398756,8.22001022812665,13.52706487054214,29.57126989874636,60.31645541399602,18.97592004772832,10.061453209494152,4.090212917699906,10.260889620364186,9.934414658869223,4.322593231979249,12.238178996668701,19.98357222998768,20.23892649714321,41.48919604072559,27.924925143605947,25.686890156038963,24.35112786799957,27.405059174451083,5.1834185001201325
3.731750000000001,3.926450000000001,3.926450000000001,4.104925000000001,3.73175,4.104925000000001,21.83158616793756,20.164750903981,32.87181848092645,32.77796856362063,3.5046000000000013,4.071,3.8232000000000004,11.668085284924583,18.02043939403456,3.212550000000001,4.7094687502191785,1.664912799,7.920186905465006,19.92634125130017,12.098563708926592,24.31724018032051,13.749088012570256,2.25675
4.403465,9.879604153731243,8.469385043195228,4.8438115,8.049415536921083,8.854357090613192,33.62669301256934,25.8402287713142,23.66348590425113,43.35317855588818,28.488565213910583,8.78118058573209,32.30571661708594,95.7181513983741,16.799188518429826,26.212544616184516,53.527007304222025,6.9613587431702415,15.550860196655574,21.078347622535865,24.2489472760019,24.43560242366324,3.894262694542058,2.662965
6.5582010421974894,14.019878146893728,6.90036805309475,15.89816547566227,14.936392045513765,13.741360915667476,14.309668330566724,11.657152958868162,9.026724887964487,19.46406077478821,12.881180374976395,135.62941056901636,15.698596789521995,10.930206552246695,7.557698117279648,11.470809392913049,10.155852956589689,3.314677285334972,8.058485015351927,16.152190907753546,21.86507067676313,23.983993996340352,7.342967581381508,7.253488491368651
3.887045323372247,5.164253486227272,5.761145596314687,3.7765310000000007,3.4332100000000003,3.7765310000000007,13.174398715577626,17.18396856,3.63251813150204,2.90730465,5.035626899372709,6.22078540021226,5.14469342831345,3.183522,3.792680528014394,4.563225052535283,27.598212712631483,24.72817446849223,14.454303435493378,19.08094246926549,16.931655614775163,32.01105402058486,24.990643148119243,30.97062513203558
3.060035,7.008048222546152,6.9149905136136365,11.431319993522486,8.19706944625201,8.667616836779965,9.046692275498428,16.953984360470205,11.510144362063912,5.082627968791779,18.66395769589681,15.747715010443986,10.646777370898413,8.007999019532553,7.1821826143552645,4.71289810140767,26.813409840665077,21.087270220161187,20.75423107197695,13.255045945176528,12.34413007113374,19.648518099899068,16.752768521556728,23.83786325762589
3.58248,3.7693920000000007,3.7693920000000007,3.940728000000001,3.5824800000000003,3.940728000000001,4.5232704,6.74110511607262,14.082729016414229,22.23825803103053,22.41569865295715,74.46795737219709,13.371186910885118,4.668595752650542,2.76828,56.0871045556426,53.0877978128993,19.03624148534737,40.39933917284653,16.740890569507698,14.621899896030904,32.96540722100956,16.407382876651734,2.16648
5.300365471573497,4.240566000000001,4.240566000000001,4.433319,4.03029,4.433319,9.252539696052873,2.89550052,50.17370372114798,18.75673072625995,20.89563138077417,4.39668,4.129056,3.7371779999999997,3.114315,17.310233812618282,2.5225951500000003,20.34757512585734,18.940904927103773,20.43704839169565,15.559099381547323,25.32944372098536,15.410017502258064,2.43729
8.12907695886241,6.520285228293746,6.64850310948109,3.4481370000000005,6.31882526934153,9.31849811263388,4.245028895098382,56.06940726413016,23.70960863773267,20.145024666280943,13.724854783028858,63.83115232262647,35.42378135711705,48.04714070439782,6.3612386402887715,52.32956997613539,33.806264603915565,34.815448032387586,20.263444736421278,19.79868096149408,21.293094924092586,26.460643262501787,24.22622452647521,34.366363750620366
9.156846657200616,19.90937064597757,15.673588749785866,14.437080536669503,17.14240680377296,13.125388983758713,20.52065650863065,15.835599404123448,10.910391235458857,70.9115566548457,27.95421424205125,69.62710232734182,112.65350308965024,125.54708879851347,54.5327302562292,45.62715269311674,70.54905464389685,26.36209726792735,41.59919843695298,49.8900927819147,24.75936905589312,32.57578944683664,30.914754156821104,46.12635082675116
12.72162517871988,13.006853471575944,6.233648725553918,12.092773940641846,22.79478285846153,14.38950130926344,11.974540905185256,5.344724274008796,7.569403332766715,24.874788049024367,9.068350668766527,54.32471633685984,16.53044385219741,13.022562150393867,13.365863267290386,21.711530930999054,36.608925347584375,26.75307541523143,42.88207920415534,29.202795251992693,23.511189199305555,23.29376219301288,31.618368444748107,7.910864895139441
8.721723899841855,4.783794287196092,9.176770364181433,3.7765310000000007,12.203650773744796,10.974598886981996,6.852366603111792,50.21367344126736,56.44270009167745,31.312265013726748,20.00777038421261,121.7019193772804,56.14611193530438,53.873551202276616,10.095022976449453,16.11965193049842,84.3352529618552,16.092121876160075,43.27065107688044,19.27198212187956,22.17903636020688,28.006855546104987,23.43065674784806,16.944961655519684
3.358575,3.533805,3.533805,3.694432500000001,3.358575,3.694432500000001,4.240566,3.704462453472024,22.87832138772037,2.844102375,3.15414,3.6639,3.440879999999999,3.114314999999999,2.5952624999999996,2.891295,3.3221369150601605,8.799569106572966,8.641394685000002,41.01384257700816,13.508269699587506,18.59285029736313,25.763413505533588,7.0029911066053705
3.887345,9.483790528293468,4.217492775299409,9.089020677405465,9.0135199235847,9.914871915943172,4.429035600000001,12.35663893130399,30.754876910255334,67.93905039442492,4.939498008786575,7.648861434554665,27.212246274650905,4.831192915296014,6.964992668224539,4.096994267657878,4.701811701372273,4.021363886867468,8.767396780286933,9.88514068141586,14.769171065524125,24.622041094204764,4.36069106184493,5.799596402745684
3.43321,12.485063358988802,12.485063358988802,5.494949437736733,10.080599502689092,5.985926134232943,12.164296729156147,8.524925080327728,13.821207504712392,7.985104141423419,11.14369291546108,7.588584374364827,8.547429364893972,11.002989722084044,9.169158101736704,5.837365740303839,12.163922232141436,34.029292606790534,16.938699766658182,19.83399159728864,35.66148106431845,3.417523395284733,4.226900011957763,6.1106102367254325
10.81670362040806,9.265721182562109,9.265721182562109,9.68689032722402,5.116692802801824,22.17012830546077,32.58448163978379,26.40350470285984,10.015632511123782,6.967345399253878,13.89746242877804,7.064736526536001,20.64899346913395,9.303560997097167,7.1648747836574564,11.258672183634513,9.556817496827462,18.99834890594231,16.526950836339466,15.86034956492074,18.86577400879068,20.626524952579256,22.02722531578948,5.225078354748861
21.43228082120983,9.562368970279929,7.92966955019995,5.729739530083616,9.346825100278712,10.281507610306583,14.983113548046468,32.26609517278456,5.181282432946366,7.915061437190563,8.777887920261747,7.657327006791237,7.9419199627574315,8.667056002076622,5.024249584198594,5.374707300109062,5.850262801401721,5.650364029377589,41.29001139737522,21.995321187104963,14.940440263813356,22.870593112835444,20.570794866943984,10.189013939784012
3.2839400000000003,3.455276000000001,3.455276000000001,3.612334,3.28394,3.612334,28.16822631051815,25.223517630663647,7.826447530498358,5.389332975,8.614504230683153,13.73609611986549,4.337584500103168,3.168730119408817,7.608860197967433,2.827044000000001,6.393442704546171,14.797642504781056,11.367699974135927,19.70208541027883,18.066832402505344,36.78811755668397,25.28457087107917,1.9859400000000005
6.131323628081603,4.761429284820108,8.522301354122467,10.360887801109724,6.870145282018147,6.432930658568675,11.534920398957397,17.310381181772026,17.543522294779336,27.73265428883955,27.031595010271115,5.965277134563105,8.928045859309048,8.733971534819766,3.6755902239335794,4.701334275377871,8.62463411431027,14.02098763692736,25.5294477572223,16.911272571069073,11.969801992683289,22.43686210756512,29.538593870487457,11.991560266912892
3.731750000000001,7.386559490570866,7.386559490570867,4.104925000000001,7.020283813352473,7.722312194687722,10.844988,23.307627846057915,29.90075592454461,22.607158135821106,7.45581806921461,11.07069003738138,16.538032268511575,5.397613518500761,11.649891735479454,27.471159531365625,35.13354225816341,44.975476187934326,17.307198340099262,17.395235233030398,10.820551020492037,16.482415716814607,30.64301539962962,16.675529017067177
40.88787506171075,9.791851773145542,8.53163115364505,14.934552019019964,11.17467543380734,6.864225537183905,30.85566515029817,77.43792461538992,20.541934607213665,73.37935754341503,45.86780869130238,97.18917535427862,56.38044906656421,40.194512061784664,14.339588974592354,8.588848384374055,7.829637932474943,10.59939396591558,28.20593966541787,29.61365537597302,24.864027530538905,40.92918780532446,45.528283894577285,44.22549935548842
3.2839400000000003,11.769637849122663,11.769637849122663,21.80897057548849,9.323747785496158,9.585585278725924,25.214653891477603,9.453516650417235,6.382596029150335,19.1765982989506,29.8667664146394,33.15406771734451,24.00066260614614,21.557299983987658,22.108529195776747,27.778458375294456,29.39410540197341,20.73258064446243,15.727903715255094,18.0771751557027,14.57727581034794,15.37436418378099,15.045159416688003,8.665810599743585
11.19432982028703,12.418479200597869,15.458903681805186,7.62751991822328,14.69234647444294,10.595373248828126,20.79057014565136,60.73314302745645,25.23360504386893,24.857124568906134,7.836809219557414,16.191532425596417,13.00430541849563,17.670386156654594,7.515435174275373,12.77723102280761,28.27311820627753,28.542010013022143,25.68841842129035,26.50953634442731,38.04106587570715,23.481221992488138,20.77944542286008,19.067854530329484
8.815062661590751,7.293712253325041,12.816691708719445,7.338332180924166,9.095955966886429,16.182268604570325,12.875846295989817,31.896125176422768,35.51086625596277,97.61104456897878,39.19143211586383,5.354444925972344,36.506617744730534,9.620391574118436,11.83522078804619,5.932753466865852,24.936396495564345,51.26905269486208,65.39380216334847,23.99405381941658,18.216641103821782,40.70205379518768,29.470105201784428,15.067902071979018
3.58248,6.862326521853051,3.7693920000000007,7.174250454664552,6.522045867876865,7.174250454664552,5.348052939160814,17.824085830156566,27.83813155364717,34.37954177042588,38.92509818786414,18.72957702656151,6.514563401012871,4.381961267507111,4.271942858333823,14.068346870616926,16.44062787569207,9.727474537461529,15.016420908582663,31.065440410316857,24.966294739623784,38.634121743067226,28.13842543974153,3.944162125633045
6.539695033357969,12.11003587383547,12.11003587383547,7.193664536693766,9.884792373480234,11.360695366943892,48.775288059165845,36.9626311946807,14.757059629325267,46.80111226343109,68.22464396330147,12.83801995414825,13.083863096193745,12.005320416104741,9.787155233888896,21.081203521684596,23.36192348673761,13.370513851773204,18.963720382198574,23.348270157235333,18.00608922240934,46.89557665785011,24.82309276560437,7.406929002684425
4.03029,6.928801641843151,7.086933150186868,6.417150650130241,7.036095530500363,4.76395760835504,8.504319780224241,20.604741935338115,4.563005237450894,3.667459927423736,17.73243911998187,59.82622830915103,83.77067558818224,37.26877469781954,24.82022013661327,28.67450833545066,53.5041296599412,44.50401678906492,37.706579581670816,22.04486351323687,27.46432008738951,20.500617302527875,3.2586048744660867,4.073256093082609
2.462955,7.910680664270271,7.910680664270271,2.709250500000001,7.518415507364306,6.248072855155016,5.140724708175923,19.77447951059512,5.093384760079891,3.642422665945405,5.118516850727071,8.201907826215606,7.702661262880744,6.5454588657120585,3.8564386051180275,6.078339472875063,22.45733516084857,25.59684777297805,22.84176331594944,14.498835467742085,22.30106108871236,21.284812643977595,28.702924644935408,4.5467097732282165
8.961372029418696,9.428921874431849,6.856655653073365,5.674328811767481,8.961372029418698,5.973127413238413,8.354853626435114,6.438161365831068,4.59875879126113,6.476979854180454,17.83422506219473,13.337694187482034,35.654231243004894,63.94373107070819,3.776198908059555,12.114471426818298,27.03493386792222,19.92628209305313,38.96908676370899,17.755122298524267,12.76779831681228,11.85767266374585,16.250845415465573,16.0695566282196
3.43321,3.612334000000001,3.612334000000001,3.7765310000000007,3.4332100000000003,3.7765310000000007,4.334800800000001,3.1510812142921,6.865164691330098,2.90730465,3.224232,3.74532,3.517344,3.183522,2.6529350000000003,2.955546000000001,16.998878426406154,16.840707352373983,15.746572846200277,28.95005224831245,67.26058326144884,48.81445678761291,1.660968,2.07621
8.232823746754974,4.216678244410022,8.238963888200411,9.05610612143047,8.232823746754972,9.05610612143047,20.397791848946685,21.77043418017437,32.42243396468288,34.11706973781255,39.28655021641504,42.19021961834787,25.999355239464226,25.232911684124247,32.67690555630015,7.087387399380369,3.515857078068892,2.7754002153366755,3.287903445367094,3.3818435438061534,10.25487254706014,20.19345072416741,26.943926163711875,6.471258292228824
8.692495571444908,9.047234288359888,5.682264297451059,9.458472210558064,5.4004991256766255,19.776778568063005,11.80901503902174,17.306001975451682,20.08965622831604,26.502967529140907,16.431759554480227,14.230640771689044,4.926194339676125,6.278673558482215,6.644381304937482,12.728372511300915,12.053443498684477,9.07731571466466,29.656556630252464,17.923433048430155,15.525214007243168,17.20523305809105,15.725861724480374,10.147064114674135
37.9322468787686,8.94041165433051,8.94041165433051,7.670897865276088,5.450001571179596,7.670897865276088,10.72849398519661,6.104601742816418,19.90209205718917,25.598437847476568,31.28268478887142,29.53353475657749,24.741176462992964,6.701833194932197,18.281369853078363,10.472188990569789,12.484779046110283,13.310366664936906,19.212977297251665,21.799321415135783,25.82818211379752,48.12308253648822,33.196017029264475,19.291007930459923
2.910765,8.671264469106806,5.357071964634603,6.400153147672477,6.060617380283499,6.933205088951223,8.264039129269205,10.237866770856124,20.49374720685216,19.15530403984564,18.767621236282302,4.232673106668586,8.443244742270787,7.641918273675643,6.368265228063035,5.217401049113622,3.0351181149022035,6.55236440228255,3.2912823410964323,3.3853189794134733,2.308405039722764,2.744383300750509,2.9320931515679853,4.983859743701506
3.58248,6.446015059513662,5.553807373009108,7.516317895158401,4.571773646881771,5.495332302242783,12.210594000000002,23.333927251635057,95.5503743026693,35.00683897462206,5.488017766225715,5.912443232643587,4.394227147576948,5.680823189188222,2.76828,49.062679161934945,50.051989023976695,21.59468029568776,16.622833020684073,17.84226809227782,16.546614155076877,20.1240282364368,17.52721688668241,2.508347708578003
6.8443530749341726,7.712995190279272,10.191749904960965,9.524317592728186,8.183399844901398,7.4799094424985135,13.934818112187076,43.14642618057021,6.067396818672944,9.345933841865508,7.458302159937759,42.397831166664254,85.05374999245747,57.23791958531498,6.441623198331801,8.50030108926898,49.32583075089623,18.84667670347171,12.777968818688525,11.250668820286185,16.155857455523655,20.786671885046715,30.892993237073192,26.51962193011723
32.76570348806364,46.44356907903782,6.783489802436402,5.800805026667608,9.884104706996316,7.091830248001692,22.40948577559195,8.26048139674185,6.000318442023247,5.750682677630808,6.161962791699998,9.53040319447788,10.577231712441472,51.09884872981574,4.98186422380284,17.955120539490444,33.70757275263123,28.98840927433788,26.60122152181064,23.61431661773959,22.641295090723244,13.91000799983693,14.553652041453708,16.77454916822835
9.949649515094904,14.749191309660423,10.2318445363283,14.166348451654468,10.423686391903352,12.461768346794614,18.347387075158824,13.051314272283772,9.844317415270226,16.798235859859975,17.443931966012364,20.1813259760491,44.124669260526616,13.474508539419793,52.097689832102645,28.611434307309676,40.15973365230481,21.011563533602533,14.787986160466112,23.10232689234361,14.794837698482697,31.43171302033231,31.14717161174671,26.939096246467248
3.657115,12.35019985247722,11.819779523538744,5.409152359725557,10.477497012108005,11.702032576329437,11.61905354198786,15.673130246093235,17.157263045169948,7.234011268093909,8.182720751367007,3.98958,11.767202581260957,4.667234068462193,20.48993847877015,32.64982666536299,29.375224352324576,35.022540756306256,9.033280847457831,18.9148367953667,18.60149918620637,21.24832710829085,29.504151605110334,14.494996540311645
3.507845,13.383602592246785,6.120274725152703,13.447696836584187,8.733927122611112,7.411571984968347,15.105692401903962,18.274936673045712,12.238999791265291,8.13130332916214,7.309260755808866,13.336558846199184,11.004071819477879,4.476170001869322,7.152777304219446,7.968669549150873,21.99105141628665,17.014299162507495,17.303624663883998,19.863113915965723,16.146292932371058,26.620539163334584,34.39881468785254,35.745088945265834
12.025221606999729,10.06545508574468,8.864694366683986,12.00234018975131,12.568615427068607,19.958446979543808,89.2426445782588,30.025675042722632,14.10864878151382,8.538061100377764,26.819241778878204,24.61984687826612,17.38489661921024,15.657852452855359,18.51206196992768,77.70314367082747,22.02525695878516,45.86383576463656,21.71967995789648,19.01394603452377,20.37952894328284,23.720918600335967,26.383384637431625,17.175723236914173
8.22703014922557,5.1466532744863045,6.400086571040247,9.049733164148126,8.227030149225568,6.428918089535342,7.379279894075349,5.225899268269683,5.573438970184449,7.991471455658373,4.8049527328786,8.974941980973346,6.475884377561938,4.314777490308701,6.35725056985612,7.082399867594186,7.920051333774242,22.524209824079907,29.267956475509617,3.985820561656565,28.73291316812029,32.45443516875849,45.90575600140851,62.47849623833234
2.9854,8.442321642721968,8.442321642721968,3.28394,8.099594123248153,31.001072503216985,38.468186666883504,28.02576905368953,18.080266110725763,80.26002159874564,18.850844208288528,35.087359104419264,42.485163411297606,33.60557743273503,15.756864046422402,15.407160337964804,23.09282123574636,23.21278075598491,33.001224960150424,27.152919711247414,16.861516550591514,22.70034040816116,22.08247903855181,18.3619438019918
12.777439850511051,12.152230778885787,5.3192735048345074,12.441721929320693,12.65430526638258,26.170821578404038,16.752917615660557,30.95748025668853,26.041844608428043,9.721383307527391,11.88404320668973,13.21837710499912,6.7141224657736345,8.494576646568982,6.932978987800449,20.11847757211878,22.76387743461124,8.359016800773862,8.622401034814438,33.185511193999936,31.198778125974705,19.428393462711973,26.89202780816652,18.86892866520572
4.03029,9.266288109212503,9.266288109212503,4.433319,8.806802748425104,7.323109212797187,17.992606110378777,14.096588709163251,27.321078160829988,45.40498074540767,16.426004632318776,9.20523249893867,18.43985571406279,12.16197965372733,6.436162502313821,6.347922117094433,47.27820031654042,66.40552830403203,18.5170621534071,3.6176201425513335,11.094517866071492,22.213728271877496,10.23867044573262,5.325853045490281
3.806385,11.537061172793582,4.004979000000001,13.724248168206405,17.33360286831765,6.947287627616216,13.844473407352302,7.944786477076872,48.07184209033827,17.148635333858152,9.503676555234884,11.96179144887689,15.935044538564265,20.938323227570113,11.234093026991326,10.746158045509143,38.47659151028979,41.37001807394945,71.7095644406227,26.066082603940234,19.47293044909052,18.372217512873192,3.94516938819945,4.939513491974088
8.261641842516266,14.265388704398598,12.216956422336311,8.89791183592191,9.685203397452996,85.89546432573249,53.89661084184233,9.74054888229266,5.759980066026953,7.616658572421051,12.541063272204848,18.14939424330619,32.674300451023335,17.692137479534967,7.322311257341583,7.112196020948788,40.54755707357963,37.38696375785205,36.02266927890422,45.60506703181746,39.04576164347601,56.094344424676976,44.364772872056136,4.970888149892244
8.238401969111148,3.612334000000001,3.612334000000001,3.7765310000000007,3.4332100000000003,11.177837377294418,30.199572827276903,28.37287053155109,32.39351939388664,39.93721155828904,45.22767324236302,38.54205766487757,11.340190904641533,3.183522,4.10959285367415,6.165077870405237,12.950263790368206,39.41283740239364,22.59543140942988,20.62193880988395,32.01201643875045,14.34111429214567,11.738230835766297,2.07621
7.66124123084677,10.332787049545695,8.851822672024216,10.544412364805392,9.398440281811114,8.567401859180682,18.886018854498417,14.190084098210114,5.222581943912196,5.327208014549714,9.222652903726734,4.55952,17.64526488666412,11.02909543301727,7.3165955455853515,3.9009805317657578,4.825211578614529,3.648732766230328,21.21203273970633,35.874458796817095,8.518144414486134,17.750460705199384,27.29530397068271,23.583061737477465
8.3042397545578,10.70180084299051,11.153447428209075,12.84086224994894,8.304239754557798,11.660422311309492,20.101186826164863,10.441276734085962,16.67005420172417,23.62262087074544,11.736876210983302,61.84451492847276,3.890157039234887,9.09662495972352,9.683828157629273,10.418899480751517,48.52619697079963,37.7056373921389,48.70995011237033,12.7667249766638,20.01107930917804,19.69159735210173,19.264509183498376,26.22865073775193
3.707715,13.6535277716176,38.05841704446395,24.07996782742789,3.657115000000001,4.022826500000002,4.617505200000001,11.789710997189502,22.95929123404658,33.16571422310971,3.434508,23.870866773641826,21.986372693364675,18.75521267061283,15.241655683602666,3.1482990000000006,2.2890215250000003,19.352909902600057,25.657899573890905,26.510811691396857,21.76344589668396,16.314670527520526,11.051971878061943,30.33806027879216
4.296327341978838,13.187813196342807,12.50670103299864,15.969516533958128,10.060062937636191,14.483983770575076,9.880586198622147,13.911786404234944,16.07699957825206,13.413873077910411,16.78689823099826,35.63951866757725,26.298217440677234,62.09033690209218,16.58363543811989,21.65747391558947,18.950076298515484,40.41951992801848,18.33715224593051,28.60408897349702,21.20097422496152,29.37990836148672,30.816043466131383,16.699619153135973
3.806385,4.004979000000001,4.004979000000001,4.1870235000000005,3.806385,4.1870235000000005,4.8059748,3.02546178,13.83407639463373,29.76140200012106,33.58033656554284,84.67349802691878,17.181187190116244,6.839414530840164,5.048076399410789,10.369723702977982,16.518157534171916,5.782446894846304,13.643788565309238,8.02858572140358,2.3315117195368806,16.418509454342416,21.681222007870183,17.708591352052547
5.118401279937375,10.277658765550086,11.463047929436236,9.1415077948969,8.310461631724454,8.059739012454198,13.062898184214566,72.2599242759851,25.04129765741487,78.06203682157961,10.231480796521598,7.378615306805481,6.341149267579656,10.50166726805993,8.41857952744096,5.680236813937906,42.0979984470052,17.417645062941432,16.567283371815694,20.844337074237384,13.8568106383414,16.13862593415321,18.741348581433705,27.93618991537496
8.952259473554134,6.266345860355913,7.479033560553638,9.08679949987643,8.952259473554134,9.847485420909548,11.303200657044007,41.42954653312322,11.121186104861758,3.67691991732361,7.757899968273947,9.766101243877236,3.9761279999999997,8.30118605729565,2.99897,7.706727720711821,19.83722962900773,67.30773442385271,13.951393900138196,12.8610850277327,14.307461645442489,8.135834264021616,3.2158546882422403,14.60087923246941
6.043962123478067,9.413266838821045,6.2954112777464895,10.180179363758205,11.258107546130503,9.841142604221998,7.883758251776933,28.68950247451202,31.75191714611119,63.69090971488016,60.10934522817233,18.59181084716231,11.581039002193153,13.246113075521679,10.593476808865235,13.50393910350632,21.36576760279245,15.216252583969826,11.18916216611039,16.589296289509655,18.144202053381008,11.852183479097816,8.951435245492323,6.84114560563103
7.749616134792748,10.305559701205116,10.70922800995562,20.25283153800733,14.442236389389924,8.07244421564377,15.785184416177666,10.681553491939445,11.526601688675669,10.192873151452686,11.223810598287043,15.519991650200994,15.679598009084277,6.005274242397967,6.862668484535711,16.10257209112364,26.47948668844208,53.32692596179003,23.309310936007595,4.865574622367905,4.001403031300212,8.185936204244957,4.491722423465797,7.729849087577756
33.64624888529428,65.8225312251399,57.09204476149648,30.711840533488694,8.623305814172996,11.253007605121311,66.97824375157936,44.78801877050147,47.33643544024982,42.99945440920658,46.77490452004289,32.73034350923992,21.553742547114663,20.929999632750633,10.109965509065153,34.67780734434868,21.4047882128532,33.485739775882855,33.11919622007926,24.8114369736813,25.71220097921006,29.595627496794595,32.59331229259009,45.522167461395455
3.657115,8.964625471875909,3.847921000000001,9.372108447870264,8.520098588972967,9.372108447870264,7.129341940739082,6.481780127436443,19.79989564758249,7.214974396025745,8.001483892252875,3.98958,8.728891518821317,3.8010804595663172,6.071290721566671,3.1482990000000006,27.283108390368696,3.801224945273113,8.101178150579575,16.103903371108384,30.582202268416967,18.48979121871029,3.052574482120643,5.152470688193139
16.53010998700867,9.012506122386002,9.012506122386002,9.422165491585362,3.4332100000000003,14.004433359107807,10.8150073468632,11.064929795101127,14.951988886342283,14.727595972860769,6.729678065921492,5.017814626202562,8.775513098882236,7.942651901997578,4.9964459365897165,4.562208780214018,5.3612900338483644,32.242844479509884,14.320498051312734,14.359555774079148,15.368599049374854,10.078511321243449,14.589453322127568,17.62114770751331
3.806385,11.388667296907506,7.656898148304116,10.691542705285604,8.73385159428047,9.304526310107237,10.979526969294568,30.058965929114017,5.943304435148069,9.165909184920917,6.834256198486321,9.226323774476349,9.796140435756085,9.872305393468752,5.623304237390889,6.6016970169129925,6.478562605943964,23.412314973031567,8.98329046059314,12.327114842672126,15.285933075626986,18.03070937569696,14.33505217312874,6.545702841573434
5.263550859745308,10.748636198774545,8.40965314767895,6.747374326501558,6.621421937198623,5.406899815459244,13.761592187234468,18.375540809025704,16.96051597932979,25.03682237886937,22.53890421349093,20.65178391915092,20.634500505872055,8.118230722916612,8.035675351095502,11.100988701015996,20.04988074155476,21.91928761819856,19.795271652850097,19.528738349655423,18.92003612448089,25.095061737089782,12.376253821851831,10.244379211699007
25.015600378654195,11.769791701361845,3.722691350797082,6.871812460100864,6.247102236455331,6.871812460100864,4.869631501594162,3.801225550027457,4.23212780600592,4.210613164504441,8.753234689197553,22.08501519184191,120.98667458430414,67.0540590700492,26.055519139923778,33.59260389831142,32.7809969219844,32.60141866668472,42.706896834478776,22.84934805879978,25.049505312435706,26.121575285243736,12.629867494388648,3.7778918663148833
4.9545084519598905,6.733205447218108,5.563965541267491,6.224335457338196,4.176805355879672,6.360156254494074,27.754459832780796,78.62692215359951,66.1685701789425,10.454691862787405,5.8938455324640335,5.230006489831772,3.899664,23.313506961833856,7.26671593908552,19.570131934956972,3.7735477842172047,8.297212914019097,19.664428522167004,23.77436144567388,19.46069110671671,22.21992547906309,34.24223263533206,8.362999825308828
5.302300795252092,8.446872188320983,7.42261161244704,9.044984499109214,8.222713181008375,20.80553413497588,5.957263476419492,19.110410430154545,29.209769188722056,10.133332594248834,7.722200204773082,8.970232561100044,23.02917992838666,10.68076977562978,11.501196716508566,13.155055574120556,14.909453158221009,54.35243519873068,85.3984110310132,36.15547716167411,25.27896795839916,32.20463874727601,31.020012605585165,12.409253231377829
4.901387468533218,10.83776184570294,7.758412649621263,13.48459117656038,7.373697972780538,9.14046783952551,9.01638706788579,7.38846788896844,6.956024214977779,10.380906347905777,10.857154603701243,9.312870847874349,10.60266868281093,8.598104212252338,6.057361254883859,6.752898552187535,7.517083532440571,3.185977628235245,3.5043324730903334,5.035583395318347,2.531893348900768,11.1157243700914,12.284241303859767,15.660457385063172
3.43321,11.888105544674763,5.261795792018427,10.488481984501943,11.298612707748738,8.518733652052976,14.265726653609711,6.991047494582367,5.662998968777587,6.55801685693169,8.841842453738733,14.00219803647823,11.952391366948838,14.701222981579175,15.97287193237049,17.183654096878318,49.32656541686976,18.856854442272137,16.56100088798104,19.73501970322456,31.53191513761496,22.224036115110263,6.360518969288958,3.9185905860582335
4.638580655054268,10.182422900909245,8.890851048919512,12.479497396149002,6.327013710304549,9.78490629652864,48.329510286426846,34.20195577688104,21.60720261215334,8.585394543912264,8.083749171609517,11.560478066223917,18.437507340744844,8.454930996894372,4.2007307491940695,9.958273218303042,10.75818059682092,15.97345029915548,24.523897569514425,22.016912275854523,3.827721752440265,6.970547619077959,10.984623407978452,23.54633562973064
4.254195000000001,12.93431673796966,11.097254842957003,15.74497675867656,10.628378643478932,13.868736513293106,17.52954760826727,12.827079697129744,7.322815755457556,16.4841449567031,21.66164762706156,21.2690738615924,99.51163877758489,23.366481895286757,11.240871067874343,10.87481722806661,13.661175997369456,11.715737736349825,13.242475938482183,38.19932877127828,16.530022406747996,24.189794280172595,27.27226735975434,18.55139369014401
18.634148130142723,7.58104132196635,7.201610006560548,11.678059025278122,7.221696569893189,11.055693558878852,4.334800800000001,16.373642537924784,7.598149782868484,62.10221976297528,55.58924009312107,26.193825135833144,27.946825306558978,26.988915048838592,20.035343745786463,39.23009676515256,28.061611362225907,36.89868291065395,18.983253985659605,18.644481132608146,12.91297499483376,22.288520427153347,24.660826888909853,11.84922250789441
7.124883093427866,5.213164249755728,9.272634249104334,7.572121942585943,5.919203728951909,8.63311978332478,11.1271610989252,9.437981091922529,18.41909129262627,11.28424970819806,8.27640081738238,9.61400094948458,5.323123920083141,6.383111059039388,2.7106075,7.586700749267182,9.05991019694192,12.773378554939494,10.07616004461046,17.391997255384215,16.921427064390066,29.95028010129294,21.892987467691004,5.329500526344713
7.018894698418431,12.180661583301774,11.613841166545368,12.77495056277611,12.416738697014445,15.457774659964006,33.087742161088045,39.951802920187966,32.63983759977847,53.94580871671017,7.348743052115621,7.642792266210261,13.787485216153176,9.486478477975282,9.360894695622127,6.967679454585495,3.214238269053111,5.541614851005518,11.861421241707864,26.12563610484832,12.025644001617716,4.626127178600698,3.667067258018374,6.33668869723154
31.697650005389093,25.41197006337306,6.196309700892274,15.25795382378658,9.979980526383256,10.82863229683164,25.161372551453464,29.9128445917882,16.5239264426199,6.552394132387895,9.392692504724224,17.56349940669049,87.23499758454437,13.07911502329641,10.899262519413673,7.412388709239724,17.137608806286458,17.273958371153082,27.57296551680488,33.97130262762721,20.91684202369513,52.74401680935672,19.156051418486257,36.18789966819944
14.191130806959745,5.498797261896845,8.735503993707512,3.5985538782303115,7.423421684318881,9.132572357057851,7.430852731027532,61.823682924039154,28.976408440748443,4.817069233402616,3.816996328213312,9.5323519395587,5.8005275882704925,7.698532069585956,4.395607996126918,5.022012428840404,4.73966294685117,38.953694656397445,25.567455910846054,24.08708666230172,46.48401018322851,46.09026600037178,32.80840917659282,42.10281002627057
3.507845,8.902740499558634,8.665836976851425,7.301634376973316,10.015193042454571,9.307410522265846,35.46466875425525,6.22470258767453,20.845231988154733,29.90257592125777,6.52786504679744,10.226457378802092,10.903910665400472,10.121940331735281,8.329578793866922,7.2840604087297915,6.405555219475781,3.4637282812397907,2.733241734969627,11.795001843569231,20.9373808845544,31.770850793706124,3.2220868058267325,6.6012654337404015
9.90661536563105,9.854675198809131,15.41962044188352,15.592317635644555,8.557099713154399,10.662837740229897,48.9967902541038,39.64537956950145,22.71456002786058,44.82623775320235,30.68922983991521,42.66392433141327,25.003103968887068,16.51666326581108,7.449499530353116,8.961819767073246,62.24621066631159,25.12147676889307,35.412330934273506,32.92938879791051,24.74761697286234,31.611358756424256,43.44065863297515,38.11138026035626
4.37253572297785,10.575477743941898,9.13135417520722,16.978473789861944,12.012518942823252,16.489493108731292,10.820487527977283,15.093673556059136,16.496907194396915,10.048818791154916,12.21359408741114,16.83815582465647,7.297260808257511,13.49314139273797,8.239277714780446,7.809762691431288,7.518744811030736,31.71534074073645,10.027094779754176,4.970803143190078,11.446665458302324,24.3513147872846,25.64505502898326,27.317603963372807
10.02261035886452,11.252668533482687,11.691866459617488,11.55494423327432,8.884202147145578,12.619735178535464,44.61047130923176,51.15351701888822,24.24537142578548,7.27866299846101,15.499675658359772,69.91462404628291,76.04795693525207,11.99421122413513,9.822065893043447,3.5118237941148744,13.92227274027317,17.594426533270855,27.399276958540323,52.47523276601558,16.7783127581036,17.81607539190483,23.864882952085924,21.294671417909168
16.021842600662307,4.319095000000002,8.168936964434135,4.515417500000001,7.763865709999381,4.515417500000001,9.80272435732096,2.949120900000001,5.259666115537764,6.574582644422204,4.19868225798255,7.870935931090336,5.142671612679683,6.181370151763235,5.807946605915796,30.559785600031816,2.5693098750000005,8.374888657902382,37.05060625809459,24.789041152007957,17.23841546211463,23.464009374672933,8.632198699957659,18.769703846719107
5.528778170383274,10.40226938377836,16.089800650596633,14.64131307204332,8.75519115914839,14.89215962334264,21.321449526512115,51.38072085480473,39.54244946337302,95.53033154761114,31.01006814802794,45.761074548985256,27.70312709040288,27.569775396688275,18.900127029647816,11.11535044913804,11.162809815042412,19.61113322684908,23.944068784698548,23.36121986514333,18.337277506626577,10.144740803849997,6.8986644930807,2.8406858828533696
8.13971486767102,6.165015713448083,11.285963628168489,9.799156433594238,10.385453123552676,7.919040674268924,22.43778948067615,29.259550688444737,8.381659878634785,8.286744321111506,8.152660237316235,9.3927363912622,8.339186141108014,7.177541952046791,8.288527007163555,6.056257148322648,9.951403355344835,23.076672069465538,19.334972876198,29.07939662458581,22.856543455319454,23.32418032072643,25.81718097315472,13.087560732648726
3.955655,9.048980127032866,9.048980127032866,8.693935869704205,4.42011653686676,4.3512205,21.36785002573736,67.27071548867991,52.08399292115208,7.282865316739878,3.714876,9.38211312945556,8.81102798244522,7.974796160037226,6.645663466697688,5.4045070065134455,12.473705332062396,3.836993424440312,9.837748871478857,20.001900348898413,18.99281671077136,27.484176943856312,15.718687807773929,4.887518993708071
5.653526005635325,10.701695194980443,3.847921000000001,13.697909721317208,9.931549589139587,13.697909721317211,15.01544983882438,18.386609265128268,9.066750881159924,8.371501476449907,10.087609242799491,10.834417733606822,22.27067238955487,26.154235425258452,11.972571262973227,33.24167936173842,8.613432126582461,5.730493611394625,23.377576751228403,25.514393186363904,15.462124343361744,24.670278798429205,22.282382243656457,29.98719292360293
3.88102,7.611560178927131,7.611560178927131,7.95754018706018,7.234127442781982,4.269122,9.644976214712557,47.52452408812266,5.376006281080199,10.115645953882252,26.80852852105097,26.72316623094365,25.16369103847578,22.46696707640863,52.3421806573672,8.998904426481216,25.696834529322444,25.894257120765264,22.308222166286654,20.987581667972684,37.84412481699318,30.7194621606259,7.055642053819721,4.374788532591476
4.300560672617507,8.001338442552637,9.338415631538703,9.762889069335916,8.875353699396287,3.612334,11.206098757846444,8.306517139490092,15.146569176941574,7.085364447923673,3.3227328535710674,9.68220403570504,8.311702055836658,3.5164503118499346,6.858227858624403,7.640521880349849,5.555164565485767,2.1454681828904336,2.941859859139582,13.359503728989214,20.614098275882256,17.10462084318393,22.767170890017933,21.845866266409573
7.948494880990438,4.5546820000000015,8.363198961737767,4.761713,7.948494880990438,8.743344369089483,10.03583875408532,28.32766147581072,61.08501249827317,51.95482851825979,58.87900389948789,64.90921836165346,4.434912,7.370422526009314,6.002168083090708,5.90779953263163,3.2758493387640724,15.837176656524992,38.19497625879474,46.3417466477612,1.9097001747329936,9.53098912174288,43.62961850386026,15.428604306713748
3.507845,7.716469451859416,7.716469451859416,8.06721806330757,4.464342400751721,6.804641494315297,9.2597633422313,2.5201578600000003,13.016320394823785,66.0731250829633,21.793959685415363,9.847987104763591,7.513557032013374,6.800464813697288,2.7106075,5.819423305156773,4.077084924866841,1.565018031060001,1.7411848488260784,17.351118155082585,12.798453281705976,13.998291513639316,13.733186978689233,21.833026170031623
8.819776052735222,5.080461380262265,14.071714142374397,14.711337512482316,9.800063817996133,8.968457284463865,73.42755321857462,9.60830597060308,9.328936073436257,6.467816360727957,10.56078725504878,24.11418231587872,23.07754797546539,26.966618558076952,21.17316787636277,36.853522243171874,38.614346760941885,27.610373557818757,26.432075469819832,28.87958384075345,16.718410306343497,16.758067330900044,6.470239710843822,5.655521735039476
6.036027787589183,8.101291777306878,13.426274219990722,12.19455891920188,14.55006331615937,11.229940463052689,11.892856097816646,16.016099466061476,16.046418716893392,32.42462296877132,35.340956960298314,37.759454327026,28.466244082183184,14.980375528192488,11.984032582492741,33.311920609550334,24.1218620743999,28.347298492468504,16.747874309071815,15.55865184324137,13.580568055109666,14.357656198114103,18.952019699295125,13.765056094032746
8.772039983988229,4.083508000000001,9.229711635326748,5.736427995196471,7.215806352719246,9.927543982387052,27.86994249724257,32.75850004211304,9.799570466387667,7.973174503187796,3.644784000000001,6.416609249052596,6.709334711857165,8.134073439698174,3.857930121154958,13.635503839912316,30.183816027891663,22.522096228313057,17.0563273256585,7.538736832248302,21.20115585568725,31.26097338695477,48.31527053651352,18.52159597451388
3.88102,11.685586466923244,7.9368638850839455,8.96706987343756,10.479181688043042,12.461694429574026,12.981000404842264,11.95805805686114,24.42671236216253,74.3929948384946,24.97941405480243,22.952891422132776,47.925719817062536,25.68102718979121,15.018444804308071,18.267398757622857,40.37487086876715,10.984952889686618,7.489681460350765,41.52017076501696,22.03331301446084,36.027204807317695,31.156269535066457,29.649685295054063
8.31458026643402,5.759849049465079,6.449511065953439,9.14603829307742,8.314580266434017,9.14603829307742,11.833977312120842,8.1423795418595,6.781685756811257,7.040937743802988,6.3721544868075535,5.256843054476237,8.518336778892087,7.70988351978427,6.743140498649606,19.686779451063344,27.914370381103836,20.924611361573284,16.88015351852935,21.656886715565783,13.476218556714928,18.88509023044156,26.004513589338213,14.145344189890828
3.2839400000000003,9.732391433183292,9.732391433183292,6.893553430982172,6.538041915023643,9.279894835332843,11.67886971981995,2.359296720000001,6.266314658459366,7.832893323074206,5.376067609712305,7.132409361843974,9.47646829256615,8.577081255540193,5.04060093307056,5.16150841729957,48.28450790622352,73.08588486013228,29.22905517979396,3.799589961904397,13.376356709370238,12.381799819944156,4.343805874300649,1.9859400000000005
5.858724003820788,12.007338398881132,15.57295588385054,13.80528251922232,8.19867012804103,14.929669638183462,12.71973848939395,40.17596969023191,51.10572408342833,69.06779393564955,29.237997354765884,21.34137488528064,9.9626008486849,12.117088052968326,21.076526008824278,39.09949471967297,21.338054832173928,47.085410412297904,28.451680030660476,21.374510718277417,12.219548529914046,39.383086659907,29.286240083178367,23.760516698123823
13.914770688438043,5.812512573037234,5.026601403474855,7.22700585635295,6.5700053239572265,4.269122,8.295345852509474,5.3053284832247245,10.119049853455264,4.045545520989744,6.256195269700442,5.338141169180208,19.62414388342893,6.092186754942154,5.076822295785129,20.728778897691157,30.66198775608869,23.28965592433344,23.19598050904962,30.272965078593835,26.58980559276586,27.299286099261177,25.517332687717985,39.70746096925596
3.88102,10.15593750359142,8.890405271371156,12.398637379406424,8.10774476643297,14.258396276636937,15.980256764333422,17.57398272443847,9.07232300363411,27.10217294155054,8.65035404946891,12.696263976768527,13.27982865578258,26.256212620949498,28.903108564742084,40.67386395801119,35.68018288478008,35.07673100638091,46.26352921428028,19.8697001328476,17.337819827361834,22.030643566068665,31.549212338233666,13.49915338178456
3.731750000000001,12.537084180582392,8.07376110176427,17.442776886089685,14.083323206227805,15.309130404867975,24.93386088123629,17.78262677848169,12.863912918679722,13.120647485607025,11.190124723164448,15.21404326628123,13.169290464211334,13.308679147588252,9.207362724657616,11.775818020201035,5.416819238748893,43.30804467418793,6.284436992276233,5.718403934409343,3.881817245346671,4.764929748620567,11.58998025085302,5.831741157525118
5.919375451619679,4.240566000000001,4.240566000000001,4.433319,4.03029,4.433319,32.95914133196186,32.60438621538082,65.04869754201117,38.93077630973764,3.784968,6.300001687035355,13.791953501598316,22.199336845813335,25.752467699552437,53.87130926068888,71.53255696197314,32.28934005645872,46.188116477374,25.15940099563456,26.537216519001564,30.315151730910536,31.90875392560921,2.43729
4.17956,4.397624,4.397624,4.597516000000001,4.17956,4.597516000000001,5.2771488,16.81420181406406,25.335587260252925,20.17901256207232,11.966030227290595,33.72714359312875,28.226952965395107,36.26686787066267,14.467709378622034,45.73043712785893,22.214177153173765,2.673405405363292,11.804635163202173,10.564831505509847,16.722142239172637,27.348859875117807,30.62299221102602,36.7968780045081
3.507845,3.690863000000001,3.690863000000001,3.858629500000001,3.5078450000000005,3.858629500000001,4.429035600000001,3.33809586,12.90233359614381,12.221997911556771,5.8366440000000015,3.82674,3.5938079999999997,3.252729,2.7106075,3.019797000000001,46.04662340364295,30.17711657125606,1.4009112810000002,1.4409373176000009,1.2371684040000002,2.960079942607283,7.109205743109704,2.1213450000000003
15.63488068222298,6.513918948884228,11.170938164684165,6.323135983090787,10.61700734660065,11.678708081260716,15.27973129898738,13.51696825289684,34.2062214792288,39.97672676475822,18.950612094471,56.11026336344225,48.03094422887304,6.343308580532553,8.204051131464137,11.03077530894856,78.98289103791873,19.680232141196587,20.253070992859445,27.10141102998753,22.93087033508489,19.08212247712761,25.09894760097696,50.57808528147948
5.240560517267888,9.402093563598353,9.252386207412563,7.616282823843231,9.529448574784938,12.045726491401725,13.826399103174154,14.425868724425545,24.964652306375037,6.455528810545556,9.496298937073606,11.946175032795097,10.73366988955005,6.3014104861470805,6.9975950831967495,9.537592316344957,24.750883990404315,18.013238029449003,24.726859897434814,29.4826252550625,3.862146448211209,4.355537371288889,11.112880180658754,5.906112785283261
16.096367498104254,8.116065981633144,14.7624791742008,15.43350095484628,13.60241477061413,10.701708149701767,12.376007499010418,17.069024955305995,59.819333797286106,44.83866851385621,16.32421518196405,69.72142794204626,34.941554523585665,29.575658745772746,21.382895384102437,19.54278958408788,39.21047713115537,26.23025982658436,25.66990837741207,28.76758285485872,21.74890344097517,30.697702000719943,26.12482352300025,35.77002941334784
3.507845,3.690863000000001,3.690863000000001,3.858629500000001,3.5078450000000005,3.858629500000001,9.667851600000002,28.89328898413069,29.48369963177392,36.5178828906449,23.361053402585146,23.74177718482113,10.225205734763131,35.263902013274,18.594360291148966,17.582243708813824,55.16396833536017,12.959067404809671,1.4009112810000002,19.405221415495483,24.005787810392608,22.159813100837525,21.999481252978736,54.727398579509966
10.353845950528484,13.535175265771985,13.081617736339505,15.79337346197548,11.86410095443049,12.937589782427713,12.615897536868856,12.412471499821663,32.937730756175384,35.041893222640944,14.42839559510364,17.315678866327815,7.902945237561534,10.578157441828676,7.801307268319702,14.833946306090152,28.61640799135612,31.45226650790857,8.063682731160357,16.584187080990276,15.419420054548826,21.62083314111804,22.51894093899303,7.809145354059271
4.104925000000001,10.156209582340257,4.319095000000002,10.61785547244663,9.65259588404239,10.61785547244663,8.173759775399917,8.803514188262902,10.177743115019256,25.95803543476591,20.82197016100409,26.658805023902485,22.39101552296873,16.339407909620743,12.186917811070504,9.348771201231266,28.221313684253943,38.28597008747665,39.405995604761145,22.88375637758615,19.45153713367761,34.047341883873166,39.76914294585095,43.85954162845249
12.582146955827216,11.86182183132845,12.815261828055943,13.5896449962941,9.956592499781271,15.81840658631097,11.852966281815926,19.41184598546866,12.767471559943957,11.267405869246398,16.312880457415215,17.778657078111664,11.218650248436452,6.61800960066561,10.957710944959873,9.947358715395024,8.36886290485947,63.466485770415424,25.288118584233885,25.08555486248689,23.169229740258057,29.744770173280443,30.938480853032985,43.570910621613656
3.209305,6.426540992497309,6.587056465786643,6.215221598657918,5.345089396659707,6.550844860990158,6.941374919207977,7.539476131033379,74.12447423422245,25.52298121288572,19.55826374481838,5.831006614537862,29.41288725459699,31.781529125662544,36.85223511507676,38.741151738214754,26.93476206180281,59.77091089191317,25.98650375151593,19.857402668445552,13.45452639905411,21.573672622093014,21.1246715172818,6.037211995538612
5.060291749209958,9.135011619378092,9.608750381315897,10.045511762284802,9.13228342025891,8.312058565194183,7.551094857301483,10.980037668108706,6.18670691343358,7.733383641791975,4.982255022505854,14.3625227325702,81.19394949880257,79.48191625829791,4.447375055807458,7.474100415854802,5.715979213498416,2.969526159130837,2.6581436207053533,3.566368932976244,59.50296377531932,30.15355908183348,33.60902821660032,5.522685230433252
3.731750000000001,3.926450000000001,3.926450000000001,4.104925000000001,3.73175,4.104925000000001,5.083017014899746,13.6945008060199,13.53470479781896,60.86022782679447,90.7686382222737,13.662760935240042,84.83974341092464,18.856856700292333,2.883625,3.212550000000001,17.93617751543732,29.466854434295374,11.634671434592336,15.741099082006263,38.145188013691225,22.239797203015968,18.352277600189872,15.571628462491647
4.17956,6.984009283491963,6.984009283491964,4.597516000000001,4.17956,7.301464250923415,21.529937588511174,29.27115457106185,13.758842347075891,24.632307399591383,11.727536296186772,18.15416577846679,22.932253512393274,21.35924095859156,6.4544878164190465,5.714189413766151,13.577435550834252,10.864579883253835,21.40575742975872,26.19298084602989,19.10053770050574,32.953686081671854,31.934677994623826,2.52756
13.719732576900777,12.525052431604086,16.41777747544713,11.19874313494055,9.881657165991912,17.963641017531653,16.235948917924897,14.229583298953203,19.00578138060196,33.58565593646867,61.0030799046589,82.65725759966219,15.194065783133402,20.144135878510372,9.231935490297367,15.995771955004093,18.40095969511711,23.30632417374277,25.116039197626915,27.91165698712324,14.413031766627222,19.1659514718956,35.33510277061711,15.643266760137632
4.104925000000001,4.319095000000002,4.319095000000002,4.515417500000001,4.104925000000001,4.515417500000001,5.182914000000001,2.949120900000001,2.7809001,13.523063265714285,19.877214612588578,51.048548587555786,70.48388778844007,24.459668290923652,30.103439692595526,27.586168281984385,18.12900761562741,5.00318231922104,23.55398976791921,10.894455659004844,12.539326434614132,16.488195884106542,18.092344719744947,15.299572416840093
10.37729689629033,7.175544979551064,4.240566000000001,4.433319,23.05537600634044,10.077591261393314,5.088679200000001,19.84258832225048,23.852571113094463,3.41292285,3.784968,4.39668,4.129056,3.7371779999999997,3.114315,17.766473736142153,66.96972773330434,43.13622074872322,30.82521358144892,26.48986424695053,27.04844803037914,36.14721957958586,53.07095324139868,37.42103524595467
25.25195049894729,3.612334000000001,3.612334000000001,3.7765310000000007,3.4332100000000003,3.7765310000000007,8.55799349658245,76.39163637907726,69.42858042315365,2.90730465,62.18155361313169,41.483091288202665,4.860786533643397,10.00665213081135,5.636788140621757,19.641897828742852,32.25406631618715,24.73081182029497,21.17384368775037,27.709747024698352,16.006885094128332,26.08471591846709,34.3805865609355,9.971036253910084
8.889092447392816,6.178835083535698,6.443338091889268,9.7780016921321,9.793567447392816,15.7127491921321,10.906041810509958,4.399575150015629,3.978315619750879,7.527445104314914,8.34801725494282,9.697191760792162,8.84938028200657,3.208155,7.2662586477380495,12.579400266724605,4.757891186791301,28.357667067671077,20.430295184664867,48.87131832853001,37.74179568479853,31.24297575895425,60.41069569161251,40.00385991698333
4.17956,7.06372152335797,5.952847555292151,9.24298895736616,8.402717233969236,4.597516000000001,10.609343846715946,6.22220360930903,19.042081214645016,40.37324103823141,72.01327613261248,28.424000815067902,61.44476942452036,33.15559362398233,6.956108151292947,7.233643531851779,2.7481902252539925,11.272390898596957,19.789533262095556,16.65141679909698,16.163765465900944,41.98324324011625,4.065188100544801,5.081485125681001
3.467220727992825,14.553724572440402,5.19881824166687,7.984367730042496,11.734942625711527,4.721714753199204,17.6195393910194,16.98409017994909,6.414968453634851,16.888935161417688,10.402452070325207,5.531309392073752,52.642065760474935,14.835378901798084,21.07677804305755,25.009383006150713,25.706832856456955,20.923236655776428,21.61060550555722,24.065598174926382,15.932162669446868,23.752037849325333,20.35189241373287,6.0079366780172645
6.450405415376673,10.786725998130333,9.03678512705452,11.052706739915026,8.481795338422858,5.921495397821309,13.036573301769796,7.36528348731841,6.100120360711357,7.977250452695769,9.8881433345243,12.48667864041191,13.401322142592559,11.62529493927952,5.980391985265299,9.064131389980606,6.248187984883036,3.012968537998077,4.750468028956013,11.323687464322813,9.142694942756812,3.49825101731939,5.093892020815547,6.367365026019434
3.507845,7.282399757338641,7.282399757338641,4.421847764219014,6.238600220455823,7.613417928126759,4.429035600000001,4.48202739316574,6.393553221184783,11.74208964933993,6.851901292959862,6.433369983162376,7.090901642006668,3.252729,5.348268792485739,11.760244983488125,56.66505423807083,41.834229539897215,14.607621560400462,2.843097013362575,2.140074268695596,2.419127278711701,3.183340797852835,3.359898998210696
11.881586975175566,5.932996902801532,15.144398157158534,14.292850217216474,10.893596096071764,14.199366860995118,15.986847963481347,12.561359403077626,34.49799648454583,35.24164150800449,13.51731405762911,12.276681439311767,12.01998134655352,92.95835433245132,16.523355760866977,15.091141567973015,22.419184088555067,11.99312718535513,11.516483759848825,14.273944563207502,12.5826099545173,28.50940431989226,5.824197204858368,4.934829497670729
11.461305721638984,6.259320800190467,5.4297299335092815,10.678108730962022,9.456809552453672,9.300017614647114,17.467175600785787,11.99811079133614,9.03058120101298,8.008198271009629,8.881177666652146,6.994911544070684,20.525705300943873,12.131173560886628,8.543350754804878,7.27827465494122,7.173735444862218,6.58394260068925,12.230191733031532,9.583461360495898,10.779825021456816,9.336141784170172,4.696372650627924,3.1207688949170542
4.17956,4.397624,4.397624,4.597516000000001,4.17956,4.597516000000001,5.2771488,3.00274128,3.67987212,3.5393273999999995,65.07297555886242,29.215340707556223,83.7001412666087,25.455466240797854,42.05363649301692,40.73293360194198,80.46115474732926,61.98520302940285,9.657899262437493,37.692239902750615,11.51831417156592,24.903461291199783,25.666581781410244,2.52756
3.657115,7.572142946508811,6.827298557207051,4.606852214338883,7.196664783872008,7.13763030980737,16.049539751857928,38.82086496736012,36.93053337743636,34.213646347273134,28.81806167546703,34.975914266968445,27.213247404044235,6.673270981408589,5.561059151173824,6.195389683507209,46.4366046885822,20.41620125086627,40.85037568165785,28.452011774266115,26.892616010340696,16.55476582533385,16.02349946617261,24.88283207975644
12.864025211759191,8.999338339019902,8.917012172153433,13.374434350441277,12.864025211759191,9.132521058708356,16.55651907072139,23.58977853129007,28.9706723715448,42.7696224002569,49.66265083068765,53.517403950747166,91.13356987692563,51.077834276653945,25.94996768232814,27.889771178436547,27.900520767933177,40.65824058737859,25.158315009315555,3.841922736643634,16.90302149857139,29.399300167888136,22.24738534760804,4.650919396266586
2.23905,2.355870000000001,2.355870000000001,2.4629550000000004,6.5653500000000005,31.790059941969457,2.827044000000001,16.342595199732415,14.42473126763072,11.174634617630716,19.19976966457557,8.904401505765136,8.856011643731819,17.059445028962156,11.137315209496279,10.25356982509943,49.66480121549254,16.041199420869845,14.755054766788524,14.526784608831072,1.03952484,15.966011380670514,15.492354755788108,4.82064334414064
5.952767136406251,9.530437223069717,6.526009952767835,12.297763724452231,8.93303405059045,6.822646768802736,14.115694014153869,31.05760409947801,16.31893643781967,9.467245379609302,10.49927653945329,6.766261258316761,9.151946347482388,10.366709916480392,7.939623741474396,21.157262798213498,42.33572423330598,37.52199584444009,43.96858627690416,47.09000110724334,38.062285866896666,47.69655805454661,38.651851147298665,54.25052663598475
5.988457520559434,9.99245486133445,12.602490643836116,10.02918002435593,7.046868227909466,11.67805206968515,14.356647027147192,17.765729390057302,20.0511060901158,7.81166796505252,11.24850404573802,11.581539242662954,9.267576736830236,13.286553096830493,18.957893896667716,6.092707710509793,21.1153885056787,16.01149733913778,20.092870730225563,33.32085689447773,25.44772652800418,22.83898313059052,18.98718620107102,6.91409336752681
4.17956,4.397624,4.397624,4.597516000000001,4.17956,4.597516000000001,20.88874110892012,29.923338045826128,10.81423062,23.744003050970267,23.281677766191176,40.961535429087725,65.83302776064443,55.61237319152393,39.33582359790088,27.707269868703893,21.511175304697307,48.31433508877412,28.64977428630376,22.63590388812088,16.492527549077124,22.14064108005344,28.30517012060857,32.70410913689346
28.537445748858502,12.256012063958329,6.034170558112496,5.12395755016206,6.3331845233902495,9.565101348894247,6.6367413252011485,3.690402953903391,5.025958003400233,22.536012586519053,68.61430391809893,30.574491423877788,99.71271948202714,5.872589285325503,13.236191209222746,62.54291937571367,49.83206503725051,22.792114799432383,17.896489291022842,45.466078143449,15.25851536019353,15.767882650625516,13.01815320105952,6.140865113460835
4.720091001792698,12.505532434476322,8.562553216779586,10.845526733776584,10.070847911659074,7.5918431670990785,15.400845548839438,21.39670327648447,48.50757714681917,17.55890254715098,27.833117002780416,14.995751207493614,11.832833441658783,7.908838335079296,7.6187584493471885,7.214623004690479,11.48642511060977,42.77818902186687,45.458104038373726,34.53643658060519,21.77066398585959,25.15788963104181,22.31436522426872,30.17820446115389
3.060035,16.03765241314748,10.76905629828469,13.45118465269112,8.067378414952236,11.98648820376616,14.950966756746828,22.745377014835427,17.132058542567194,11.17286680143879,10.45951380794006,13.911007086255625,11.462281817825906,9.70831268255638,7.264680784073149,23.4426982843194,71.50526158726358,61.77630099495013,28.74564944945174,17.518914514735776,33.93318019962014,19.20442603888082,21.4575597157122,35.58172790901673
11.073344641749172,10.332273387244944,9.343165156037454,7.699719088787129,11.073344641749172,14.935849105924095,37.96890670442647,15.87723226124474,47.12903517603707,71.7810016002287,41.927218826080185,23.466217346910444,11.344707237712989,10.268010485985597,6.377441830220181,7.374651064610419,5.557989925936552,4.940350565227112,38.42647147044957,19.256723986492894,21.104711017470628,52.0512684012138,13.591890840815628,54.72542109429144
10.314684779594968,10.9160346750807,10.87220514770435,10.57406157928633,7.920502126792221,13.743400425268293,19.140143949149397,24.975582956300272,30.80516754411429,35.695064613708524,28.83681860602379,33.23506389988129,9.642081411909494,10.69210539117918,13.305854467420044,26.177386671949755,42.6346625843076,22.32247499797657,14.865951375251832,22.04119150467903,22.628146804670724,22.55696500990104,14.60849175104397,17.438460537217377
26.564958904593347,48.3455452022115,29.66239140959287,6.238980368539297,6.308257786516816,3.858629500000001,11.695953234343522,35.697331774243985,11.27581120492608,4.910776395724278,3.2943240000000005,33.58970982587708,13.258243540778224,9.211286601981028,14.494321230162889,20.63037044845209,12.435695801346052,22.348115294152247,22.077516012602743,25.89710865854512,20.54815909161114,21.51913159261051,20.521241056895448,5.408375677056088
8.017179334514394,8.435466951967319,2.9055730000000004,3.2324545000000007,8.017179334514394,8.818897267965834,12.566276342360789,14.508538909269417,5.431274581891023,6.789093227363778,2.593404,27.40400558222596,124.82364867320588,21.445211770272017,28.099935031946316,33.552054052265305,27.282106908123875,7.357444399544993,15.76769670515377,26.13697521115291,16.67824412667611,30.208203682555915,25.75017000585749,4.848333747749811
3.955655,13.612622575585004,8.999621623772713,8.90597649029951,10.944732726402313,13.633513015886148,7.739425176826387,10.415074656148802,7.954803402297223,10.955808879437296,11.23513401090649,5.112397655084017,13.25466480688066,11.996698934005412,9.997249111671177,3.405303,17.971267154155434,21.031280932546554,17.670674411062343,22.65412726772307,28.287350586654675,49.16582979708223,31.50139807601349,19.49801576913679
11.70742098910743,4.313554652843202,10.911369370344676,12.037921551030283,28.20637580291842,34.98540897042887,48.86656953629628,47.14733007864819,22.169770318188437,8.613579208758166,49.25065358424562,12.096813536484282,12.065038173684233,5.81887371033514,8.688331978099905,23.029114640877506,43.880177123205314,24.80874999289301,21.978811333313253,32.95102002790421,25.121032735436568,34.67795584684732,29.22487337394233,31.56258501222512
3.060035,3.2196890000000007,3.2196890000000007,3.3660385,3.060035,3.3660385,3.863626800000001,15.482281633336743,22.426487080251263,42.34626800269096,28.449171077980385,29.7345854472416,35.41451085096656,34.024883834363386,17.164098176138552,27.724078595271457,22.108389070299463,25.641611607631187,26.03250111185949,35.032784211136615,28.23312378339013,32.65639493113963,28.45126400191556,21.53772582075433
2.9854,5.927324917316738,5.927324917316738,3.28394,5.6334079792679725,10.666219196514048,22.21469619446949,9.735486576239593,10.879556382350986,24.896678573109387,17.942169621012482,17.13000352981321,13.50004326935103,15.39930240609144,12.077372396432215,22.449693165664527,14.07443270869351,17.52982375597021,15.338401194929157,14.61016831703185,18.63934930852257,15.11205824912285,9.711647781913893,3.4067645092015804
7.19028647196718,13.9656348607475,10.134655207810695,35.74891245554021,14.050258557770398,5.074454976165389,16.758761832896987,22.19204631077686,74.68584543732335,43.64414231508518,64.73555832425919,74.08720260488403,17.992689566399587,35.3236650034879,25.86439535917277,31.312083360981685,26.674435941156275,17.63072280607344,38.564199945256384,21.008570117524453,20.38163872818488,27.309833146399072,20.002758203757537,12.115529419648473
5.308027406880481,4.219298297612143,4.6745215208212505,5.362914959668101,5.884894301305248,6.632022127402583,7.612408007105573,4.33152306850594,11.248801468876367,30.48113486188542,67.77688069781247,34.33094074147683,15.775538647738344,14.338447956503362,22.83964618726391,32.74694022186808,49.4664529102571,33.065480634738606,22.00217101725502,14.66637997784582,14.118558378755464,27.217002001973384,30.58982697949936,20.57578324372223
18.2568772238544,16.18160128102294,6.722515455970139,12.533129297063766,6.389167582120378,7.775241731084989,4.792841897667269,13.974675542911182,9.808757720178278,8.552366200222847,5.537590107746383,4.103617888741863,7.064140068322536,12.072352708631012,7.403073088438103,9.599010275970445,18.24998964567444,13.201623842530118,11.366004782716988,13.261415353432866,14.132328552924587,19.695176896296303,2.8526979342935914,3.9631157292981856
3.358575,5.787501338442189,8.215681055498267,14.046959648753742,9.769209999302264,10.38128967107136,39.40020968754669,43.931079957911294,23.5088882774452,15.443585685973355,9.541699789520342,30.92163551657669,14.746339833928023,18.5230859194932,43.35326254343926,22.549563559007932,11.866591887591117,5.60450717560799,36.24171496490475,31.277244864789484,10.83690567191704,20.053792492499085,4.076856388758442,5.945373111931369
27.46055142938548,7.575795873210119,10.753967746420232,10.034553832681771,5.003353611012389,11.242784462166608,31.85084730596805,19.720462898403035,28.09126513066439,33.05214432740561,33.11559464107803,51.02039714753832,25.144335726061247,100.55976122148057,9.113249200054318,8.798700883434735,3.3035178135539742,3.9473942760204137,4.081797328015222,15.833244050383597,22.83799313189872,70.07022211521193,17.27653966551798,2.52756
3.869635,11.72133251305926,13.536078587471057,10.668616920399112,9.043532690977626,12.655411990575848,16.42662469978655,7.400454278229581,4.0584380887005,11.01716193590586,12.07180603594978,11.68924418725637,21.851247715663,24.254803131847936,21.315920531835225,10.163382653951977,4.563194111795491,5.8044157162840415,5.195768543988269,13.217133805606435,10.732136699127723,36.73914911443348,5.841861042405487,7.867748494450729
3.507845,8.410966422440454,8.410966422440454,5.092292894501481,7.769591271914209,7.312887004604149,7.318596853464271,10.685822116205362,26.3127595598678,19.69986818788729,7.507308872922056,3.82674,19.302216137099652,25.548676041439897,20.834154523977872,25.23710872991707,57.17336095911545,23.126798661923804,13.701280925380685,11.95076509334213,11.153292432655476,12.554310854550012,10.452650799499509,4.834251925745264
6.773354843773656,4.281865881121599,6.517129829844528,6.388478121113266,6.773354843773656,5.963593238298164,7.332861843364794,24.2202032236077,30.61885111715768,13.195704033371925,13.10635481595671,7.389114375025805,6.939342195676408,3.9526589765701767,4.3385374609502945,5.332197133509159,5.000679348213296,16.063231645701013,8.530123239395442,10.291752537486786,14.194563983166084,12.954884587216135,17.137230024603564,4.096139490503436
30.52164148951496,36.54735221791917,12.264342740277986,12.286768036428724,7.872351813084092,13.773864060185876,16.062874642209334,30.570987351869483,43.712032734267616,8.834902586521068,24.117841944482347,40.44246833893162,50.52653480866502,28.97325360850574,30.241597412067506,23.357303061771276,27.331601008126977,42.95343708827595,45.976276430181606,30.415646068186437,24.33893227726583,26.159872111366848,34.91279457162201,7.693525608120548
10.54061647768958,17.57168719012614,6.632621848543797,6.934104659841242,4.874852892865146,7.256165137203331,46.70749365032,72.35056442466481,25.254429566950225,47.19568635166428,34.34574514218389,29.81051187766933,18.535526417644938,16.199966766729954,20.470463855880606,27.176457836423523,28.16031117427477,49.26451827938333,22.019690801598514,40.88058591995651,18.858251226715247,17.96665993414209,17.034599894517505,8.130966111742346
5.306245065102449,10.447073102773588,6.702266034044913,11.330508368165624,10.30046215287784,8.436903561750558,10.993802001313686,11.638043553449224,6.384068927308693,6.678173217465173,8.278208660033702,10.82999963770803,7.857870654709826,8.467232250650772,3.8471360077212875,14.947665663640764,24.95334534931008,25.08761981825809,17.765009241080037,22.79488408282304,38.47126867727128,26.59888316680695,30.87112415594056,17.2527233688297
10.194032474459004,12.242106154965914,4.9930738698218216,16.25177049841565,13.37945833174398,22.67645997614128,70.35308936357896,6.749556559368151,8.616230350932538,99.92764416587517,73.16818112913887,16.79523749243494,8.849515155542496,14.87179498577533,10.152476631793306,10.03390768055323,28.522828211403283,50.8240213296211,37.11185793697796,27.355842426459105,20.01490258533509,6.409554868007062,10.817899202539657,6.997635845263308
5.612849994594789,12.858712540520026,12.425228350437866,10.507237291443367,12.00622321689832,10.53977038190947,24.44223517816192,9.231525588501333,32.54687173940046,27.24079911398605,21.28222121827513,5.69302495678994,10.344855698805821,9.556807854385957,8.972893197991057,5.476217194384943,7.89975468966697,6.086506912286177,3.826561536205189,1.4715955584000002,4.811467914850732,4.171976662849972,5.412769951274463,7.09448143765053
2.910765,9.29983869999017,5.01600126480341,8.769550723828063,7.601017053971971,6.02244468258477,11.321343341078483,10.065746963158976,9.178063297695385,10.742780020071995,15.858231301391497,14.734387798206823,12.686281791092398,17.798645240497827,15.450729576933142,5.726727053213235,3.0851115280409345,4.575790291268633,8.420247576687965,22.506537423292414,13.5202588423547,2.2926268314535125,10.36323436541976,3.9978833226167945
5.948807248425557,11.552504319080995,9.281358651983222,11.444450268818024,6.896991007085941,10.624781765662116,17.5365651828972,57.88654453161545,28.765249048773395,13.125306888098548,9.826285599847854,15.632297152807196,6.831729488848003,9.780824036649785,14.592056508058175,8.309002547105177,4.7253199934772745,12.18548172036857,12.261566256577876,18.89628306589901,11.375302557291578,21.621783786680304,22.50294824018611,30.22984462096833
3.358575,7.752751673493615,12.2984983577929,8.446804033585618,11.688655464018044,7.366719594134342,10.295101284766725,9.608192992388435,10.70509796692217,7.732822235679968,5.182820338447615,12.7512605062015,11.432757944401644,10.890219910540086,8.228361953521926,15.622148183094863,24.16501935397089,19.710744950558105,18.658229785473036,17.581300441551107,17.89300291803778,20.580471099292343,21.191634512029086,17.86814387228318
3.507845,8.521244028166311,4.569114096030239,7.760858801679808,8.098703001976244,18.528946617970053,33.070523762447664,85.13218265556029,6.9875910001559705,6.681418859118111,7.605738471421171,8.83494872942863,6.159277768118379,4.994219762733138,6.25808868334528,7.420373178817986,37.21720706060866,15.04029708268144,24.410370829157262,50.42773841606039,15.361893199224244,18.49476018847472,13.6906870083586,8.359632636331103
1.79124,4.8016785548638,4.8016785548638,1.970364,4.563578791812702,5.019936670993973,2.2616352,9.978097669787202,3.091617196053477,4.10667155653475,5.068909497421582,61.41382509770733,46.363787346038585,43.411270537537376,6.329667742931579,16.082985713314915,4.395390784134742,6.136332866079727,9.576561144570704,1.874607054453901,0.6317455680000001,15.026319282237068,15.820016666195144,5.387413794764487
24.0711261111998,13.220224348156682,7.902035906494959,9.246505729519647,12.564676033372049,13.821143636709255,16.09290258244036,18.821682679535023,13.88596250662688,8.658815002181063,7.026334458621116,11.186457652279364,5.800610026488583,11.650881412763168,9.70906784396931,7.580773725698553,36.4007214740873,15.46708221709466,25.77724835593081,37.83071874421776,20.36109639141906,25.844985331893326,67.83387926554279,34.72544146848868
36.26921221939624,15.745933738791724,8.647669992204204,12.069018672362285,16.454834567729936,37.98875227741399,16.979498239074356,33.69983621707408,39.07033574956954,22.53576462599269,54.83569768528546,37.18985982165455,13.956505841987857,9.28069171855476,10.934776104464193,8.581168714640327,27.571469007818354,21.209550268444367,33.311342701028394,25.256130747327056,24.462810787194314,30.677247007199608,34.3484200554751,5.898086576408172
3.58248,12.5993379108412,12.00872134067714,11.731288606842856,16.606119621711898,43.63467630394071,15.045634437258723,7.930821458529818,5.768299005400944,5.59738575739437,10.542807506340694,11.393491799034408,5.562016032871239,31.8881195185799,22.319670989310808,73.85897051483589,27.635362070909483,18.4023607798195,40.64486152326747,43.27868688266293,21.022467967058784,24.696939989576176,21.12943003106933,14.570395297062444
8.632966200274822,7.472308323250761,7.174590893416366,12.386588379928057,3.955655,9.193397323843042,11.5614998700784,6.032958261368686,14.83849913338711,8.323333028742155,4.867257890751951,77.69890547483088,29.462743297594407,28.28625182054578,4.9837289045574655,15.447042124975017,24.457115020673907,19.800258890762,23.36573280808512,29.522008400769653,17.820568978702102,27.254555834154417,5.447784468929908,4.247315240793859
5.933746024853055,6.243332773975825,3.612334000000001,6.527120627338361,3.4332100000000003,6.527120627338361,9.00933932877099,5.857988635420517,7.881471520421359,63.06957038853842,14.298823894218918,95.63291830919356,3.517344,5.502200859409196,4.585167382840997,2.955546000000001,2.14887735,8.59094317035853,10.129997766758724,6.710615381334769,18.34178093880716,17.54176318874376,20.48315447182661,12.369810625572631
10.043464329561129,11.211515696957791,10.567471164146928,16.478083126725288,10.47536223561113,10.322306033519451,10.125044128046603,10.09863157343579,9.36290037261052,9.249044613852629,5.95901597023557,18.02124774479677,10.916697478029521,14.126896238619018,8.422616769258887,7.308682991461647,6.286295628093488,7.370131668941791,6.212904272616853,9.917621848500437,34.03274129323905,44.05730163306379,32.78894994682114,9.431474054490804
3.804111280076832,4.720442193887337,5.725439953633825,3.28394,5.441533840230493,5.985687224253542,6.181386623391569,4.765374110804998,38.68415539141937,2.5280910000000003,2.8036800000000004,3.2568,4.87590488099268,30.594937158415043,18.708751639098512,30.743153127259845,24.694531670972317,2.4277294397511544,1.19226492,17.42493953500334,17.87222050290221,32.528135671552675,7.564869885592798,3.290729950811325
23.76417208673101,3.612334000000001,3.612334000000001,3.7765310000000007,3.4332100000000003,3.7765310000000007,4.334800800000001,30.866119447898097,46.02437037526947,12.646380008942351,4.915818935599616,3.74532,3.517344,3.183522,5.383408325686956,2.955546000000001,3.460885503768558,20.370956806600837,9.995653052487496,10.902845248271396,9.19035710430956,10.490454537189404,2.997654578631015,2.07621
3.58248,5.549104095220589,6.0967078168269255,5.658212399583505,5.143829454166822,5.94445979951409,7.48033049667421,16.42402082632213,11.252092082436,11.74937098882292,6.868633826769199,20.1927026247679,20.00343992171668,25.170582011386628,20.400756044766624,18.898198003773526,25.836833907554045,16.637453355904157,50.34279071430201,25.900024425158826,17.19499255469988,18.5759004045066,19.150559939241223,3.582802923839074
3.731750000000001,3.926450000000001,3.926450000000001,4.104925000000001,3.73175,4.689355000000001,20.835474,13.315083506239082,6.429016892746646,3.1601137500000003,3.5046000000000013,4.071,3.8232000000000004,3.4603499999999996,2.883625,3.212550000000001,3.493553769927746,6.646436021035695,12.312681234022186,14.06935485399134,2.03007473181398,13.207830354609689,13.830907186124,25.918146093087373
19.156091582111447,32.46111234653456,9.686308362214373,9.185008083234091,9.664415392040109,4.269122,12.202374912384547,31.079213090647205,28.96345586749608,56.998536041550445,26.132054415809808,30.78350725388713,41.99195617309754,47.94473612245399,29.48684555025338,26.760852505187543,26.526620895638423,50.02877332314561,18.27841847444608,19.794386956937583,32.104540212973404,25.03954935950778,35.320128758922614,26.13361285146093
7.388724300988546,6.143292975489577,10.709896932596337,11.196710429532532,9.248793209137109,8.468609364247973,7.763374766910927,7.312823839430655,6.895693067841027,11.50541209494652,10.356221557481833,30.218684229940905,24.436444449837293,92.05240402654698,27.34402075104425,5.826968972425772,15.655605412573925,18.899070742849016,17.0659369709619,14.5276433577596,14.23044452516785,16.71486098430313,12.35696628976414,6.155575622416373
6.8941705175980745,5.569159346675054,7.184296850075989,11.42482161117511,8.823167745048519,7.849141577512607,11.37630760407065,23.39015651564501,30.47614865352069,36.73223381166581,42.282049722463405,39.07464139169854,39.3915918240745,28.507797605209596,5.2762210149881845,8.129455605065438,4.041503137167844,3.99879827663771,4.147887605821657,4.266398680273704,2.408159031606087,2.973035841488996,16.994858193965886,4.576494002042907
2.3136849999999995,2.434399,2.434399,2.5450535000000003,2.313685,2.5450535000000003,2.921278800000001,21.65057029673459,70.51475460209817,34.85879013014918,25.44985522595561,26.38150663599992,2.370384,2.145417,1.7878474999999998,23.323050261887452,43.194376385233504,26.249331330764488,13.627381865805354,41.98984144246197,24.32879013853348,29.336926358401424,20.121760795891515,1.399185
33.79672846030515,52.41387204679358,55.63491226619888,9.161736350776591,3.806385,9.161736350776591,8.699228335390377,4.50687412982894,5.703639362209313,19.070123405760043,5.5052309431687805,6.619219760715667,8.532957463605076,20.57655828847815,2.9412975,9.031113389891496,33.22211851072788,23.393543631252875,18.795529130636787,19.501743201770125,26.362403936757136,21.46470273072173,17.581495408145276,13.600357718903693
3.88102,8.9595452570213,8.9595452570213,6.817959657079315,6.619440623308356,8.439947257038881,10.75145430842556,13.647039923390464,8.67525979092385,5.783843009689807,7.996949485605788,10.216360128982236,8.723944893388131,5.356715141396552,10.317981663051631,14.58819611033099,27.077700055660625,24.594737553344128,46.24211688369654,39.41867081936532,22.69546643514112,28.362523547669348,21.30118743524543,4.257836458039732
11.31767272760342,12.276254228405016,8.58759114515421,10.99479471712884,9.918306240774886,12.962541045534218,14.38065743702978,4.694368682304159,62.51849624415168,12.155941284966271,8.296395128568852,9.916010087649871,12.091204089168956,22.991917197252874,8.114699335221596,26.0996072806041,22.55267533182504,9.095491097611903,21.105123604633132,24.033817873735885,20.38427997531238,19.66030089371028,27.25494107445903,16.1695405618014
2.9279219851677314,6.52753183739309,5.881247705173128,7.1607780578967,6.408598234451543,7.0494580578967,2.921278800000001,1.66223178,10.013090449697218,15.413435421602628,8.71346264506767,6.991198073947138,9.955654292880979,5.942518362855068,10.98272543428173,12.599470284733648,12.019693229431198,16.657358491162718,19.74730311238566,15.782106677544924,15.37828949643636,19.72177045618814,13.844942107124504,3.8755554540359136
29.522680492594013,6.017124023542022,11.292093237450857,9.664898885712129,6.331300793579434,10.31914788219324,14.017158191328766,31.80585456098363,31.64509133775746,4.975511654759826,8.002560984315322,11.707805159791263,7.832621997157837,6.862936407366527,7.127837778152311,9.238985376096155,15.82640849966743,31.42087902983632,28.032447682304564,39.25416011138822,32.39414568505494,29.509909921245463,20.2673192366554,5.938956471270298
30.954693893618945,8.20211685339955,9.667536810281772,3.3660385,9.188154819689284,10.106970301658214,33.779568491973045,101.86695542150412,15.897404066506166,26.17822174698197,28.57859798198384,40.5041066427939,18.640616308783297,18.737215444240686,6.238962303357273,15.568153129559638,36.15596381091992,30.348571941273786,20.69304609942583,8.498756129111054,10.434687366536007,38.23395066438214,22.527214740381982,4.377310958711266
3.955655,9.71805799837276,9.71805799837276,7.255504203694851,6.355889465863512,10.159787907389704,11.45444590722698,6.345381239999999,13.24329844442513,9.397795065466834,8.67396912251453,5.362635039649532,8.232984549557703,8.564449310361566,3.0566424999999997,27.927512624919785,34.25287889123342,45.86803442042528,16.799928715495057,26.394982553126237,18.43985196387399,32.50431251372721,28.029832118455808,3.8436801908186458
22.81565609708484,7.813955509926761,11.426870824354806,23.82418158731663,5.966588612744664,9.2965272222554,17.130833941477242,52.26283676858393,12.705562660489594,38.90383218065463,10.6716252921442,9.963743513783218,10.30986584852023,8.71668920336105,6.9415925202251865,7.9129359112917586,6.797528660370791,2.798239445146929,12.349250356419102,20.943342013789405,16.25524120577098,22.726366787676827,28.18946977623728,33.51020728654209
5.897462409745852,4.959325486108066,6.620432972216129,16.7512245109477,7.081516299636932,3.4481370000000005,3.957861600000001,12.060225995755854,16.211927493287465,5.9967567573743645,20.63077852002069,25.305692014790555,36.15486395889826,20.607089126176753,17.13028825978129,25.7256371564967,29.20983445527613,17.09782036445478,20.138283894855768,25.46584729724981,29.92967653387924,26.21552263416737,28.69519142525912,26.968284801627306
4.798145000000001,3.690863000000001,3.690863000000001,3.858629500000001,3.5078450000000005,3.858629500000001,22.42186665030317,17.557573604337126,9.360008028153448,2.970506925,3.757849066924697,3.82674,3.5938079999999997,11.110492259225984,2.842122579797658,4.942568433871442,27.47191161139265,38.16163284348248,37.802821864855375,43.7011786577968,26.37360223586452,34.29424965715023,30.81887797533288,31.50134439885384
7.682413588932973,4.153217964998528,8.776767614983786,9.175711597483048,4.38670154503852,10.533692804430707,10.532121137980544,18.30994098552268,15.84625353471038,79.57105342149738,22.78028364259298,6.463309635115562,6.745186093513621,6.716222747947258,6.445747816413712,7.180991684986734,6.329531423631835,36.67348838443001,14.776730698542517,16.87599335760016,13.398680576493884,23.671176828362324,18.534849657644603,4.879406034190714
3.507845,10.878899193263004,6.547732185825961,11.85003021482784,3.5078450000000005,11.85003021482784,6.707426890534494,7.695697513660224,10.057527266189838,23.66081561910986,75.94074208498617,12.846528726857713,11.161668149061084,14.777348999062749,76.07253636129327,38.03505754533799,4.778546452544904,22.477328953967174,15.255754117717574,32.65939902948892,20.660179695312834,29.765450940423737,34.78940702157856,35.380594847544415
4.8419062354954825,6.773010205094517,7.891998721563594,4.3512205,7.500659941981926,8.47336593618012,29.72719063093249,36.60181657120019,23.95590703176008,28.31091561545699,35.61154867935929,112.14591036932975,73.00500099939947,42.863978684057784,34.48917750879556,101.5165778823824,50.37225244111792,53.1812168957651,35.365907730038614,27.469906275553605,27.12473674213168,32.85964222092113,39.443400960900654,4.535972217878398
24.990333870233385,13.06923534802175,4.657899092610739,13.25513283224681,12.050120756588008,13.25513283224681,13.59493555757886,43.54219811791437,45.16462895473406,59.50104641987426,52.97302553827368,73.29420800645006,15.099984607151702,10.037561668659249,12.140110030472439,8.989391951292967,5.603807258631044,8.052095876076287,18.48688117211372,20.42836946801849,23.806514739292258,19.82890304424341,26.54455341540383,9.971484838067646
4.716912647860201,7.28672400721273,4.6978620484052085,5.535986809898168,8.983632680572077,25.622978229216884,20.557777766554874,16.97010806440332,22.654563138767312,23.589967235991768,12.97200074222004,16.637482279187353,13.108552181328099,20.30247522902657,2.5726409635151737,5.961865096810415,19.794405437669084,14.543826626330729,19.69837266039885,18.57322132601629,10.576534596524558,3.015422677064441,1.9769648858308628,3.2724172145771573
3.2839400000000003,3.455276000000001,3.455276000000001,3.612334,3.28394,3.612334,4.146331200000001,8.790126945434968,12.406395633512794,3.521986417165009,16.035693041621577,21.14541876910882,21.61204791777521,17.81978735730707,14.364351696890218,16.523979234275746,26.666621948774075,14.884617678654084,18.58948447723392,19.024633021578243,16.882284889263538,22.84536363033159,1.588752,1.9859400000000005
12.359363032094985,12.010043222728806,8.827931437312253,8.863233239982872,12.35936303209498,11.260668090863357,15.102585990958902,8.486476669875133,6.65323453711087,6.09398922433357,11.607053977967462,11.096422354360602,8.459891791258926,9.246459478524278,9.55041688843703,10.639799479803509,6.241360148003888,2.8300711514859387,33.65372584657931,27.32035787556987,23.787821794293524,28.74848811154612,47.25431814390648,7.474239303994198
2.910765,3.062631000000001,3.062631000000001,3.2018415000000005,2.910765,3.2018415000000005,33.900711724672675,26.047743336705757,30.254880005677272,2.464888725,2.733588000000001,3.17538,2.982096,2.699073,2.2492275,2.505789000000001,69.91358943177494,31.17466719441874,28.91184313906317,11.064425902106889,34.433459999333834,19.19575197592636,17.054259188441048,1.7602650000000002
24.136270034515096,9.921062452270895,9.921062452270895,9.573392245128886,4.588941722021903,10.372019836465029,11.905274942725075,30.38627209478801,15.6322288209174,7.984740890634026,6.582389007566898,6.854182089925704,9.660178015133793,25.447305192524905,21.086215956712184,6.450531855314598,21.33377744829716,108.87744856679548,26.374744220967862,1.6862032440000008,3.325516281709809,12.327926719565427,15.654187631411036,19.93889248962769
10.497992104307723,17.085847276922077,21.778569936741388,18.42328362356909,16.96891657463211,11.343141553168184,51.00194280349631,35.94973902317763,44.71295534553296,51.46221879225763,113.8933827763214,93.93585856357204,40.5568096888122,31.485433710046603,19.211439904813485,12.637541517388794,7.570340236401242,8.71733851769473,4.235287770810481,5.457249067785535,7.39003422968816,26.790743062529817,17.076088876118302,9.973109200345622
3.58248,3.7693920000000007,3.7693920000000007,3.940728000000001,3.5824800000000003,3.940728000000001,19.419056787554627,47.80488732782185,4.158066959999999,3.0337092,3.3644160000000003,4.515359999999999,3.670272,3.321936,2.76828,3.521144744477363,3.0800865757763707,15.420505663451165,29.74690098999847,31.85274124134885,16.2948941522985,9.617043210809808,16.612856236475697,49.10077494231165
3.507845,8.30965097082546,3.690863000000001,8.687362378590253,4.385796432470954,7.48017915894269,9.971581164990557,7.335701321014032,6.859847935038187,55.47380367595343,20.22080490517295,24.51884000952225,18.90195698159162,10.752057354740245,16.2216239204865,17.819471212799183,27.496601092231444,14.457278506158383,29.798506577715752,19.455563039892557,16.182457284049374,23.256813502487624,15.0046644725771,31.47851673055797
5.266914882100736,5.705613410120577,5.2139045032594336,5.79360637031081,5.266914882100736,5.793606370310809,4.289849776466745,10.461165101026136,18.24065798885181,11.188478466846796,4.946320063190257,5.575788363376514,2.5233119999999998,4.883866527038862,9.905798039245532,3.997717008015275,1.834089921791872,8.268901670390884,12.324855235712,12.412226751453126,12.480254904720672,11.313966722137822,23.74051783712798,39.0874592623679
4.14034961032861,14.653101944639468,11.808023364660391,10.963837785813936,12.201456947763772,11.258796080400746,14.329662488015392,25.24277594772734,90.87764996733932,41.9405722155984,106.45940345548786,30.79304382375289,33.22789720944529,40.74913651337839,26.406818674395964,16.949675934182963,30.61160364123818,16.29341147694242,22.096378565947944,23.197386161143772,8.982681148688297,4.081922557997556,21.798416589071063,26.637914918324626
17.21650520658768,4.214350279173556,8.663933070909104,9.05774821049588,6.542739625906706,6.49923810524794,9.88440284757026,28.274818292206,16.986135985789232,3.0337092,8.427629957893819,8.98289078726864,8.43610613065229,5.08655829648205,4.728971440535611,7.0886725125619945,4.624546900250768,8.106089758573956,16.805702320922464,26.00095743944729,26.57515912807059,34.0691864070645,35.78620151136886,35.1328749083093
3.58248,10.209743045541606,10.516426428662632,10.35319873798514,6.420287541085507,8.4294575165896,15.207175714395168,17.45493036062898,10.403642864998536,55.22255279998023,3.6381499287361256,10.267635112051382,19.68612682231357,18.350156432780157,17.407253859546095,8.604348896178516,6.255930530093429,19.455586021839977,36.20270350813435,17.872863043457052,15.199297023851644,16.89876904438806,20.40070040797546,27.82090225944913
3.209305,13.686277604885491,7.182153831333613,9.000507820042067,7.730191214910799,22.46200124985506,125.00167552886371,9.945872711632209,10.065533479788469,2.717697825,65.52354453612978,23.663255865325777,20.07894738127634,7.587204939209013,6.322670782674178,7.043875685250313,8.18396892820813,5.180897035234907,6.107781698067285,24.36663231495098,19.597363830234364,19.4771586364329,20.02306389002334,4.948177134266748
4.03029,4.240566000000001,5.7720779919514245,4.433319,4.03029,4.433319,5.088679200000001,3.986738494059014,4.5232148251050495,21.825484676508445,62.42380961953887,29.91281875551925,42.33731334118092,85.80648873137156,23.14109388935852,16.27868299337064,20.15972382869835,46.254602110854506,50.15096311781838,1.6555450032,1.4214275280000004,26.092618079439784,31.38599415299109,23.40379692110735
31.642500207152768,16.090733224580557,13.03256633111308,10.004287397164616,10.386385263952151,12.52253782592121,17.85658774219042,24.288100696022543,61.90335127659465,128.13829267578572,56.57188864170791,49.63193849827801,8.295992041120352,15.558631775734836,17.395882793279963,19.286076181141404,4.4764525537246085,19.51515103681065,21.61781429597188,26.395891266782023,28.907222852364384,27.21500640819082,23.530134167808622,7.04169122242104
5.498572449013439,8.759489359566494,5.485970965277202,7.051608160703326,8.149063610460914,11.094930495757971,15.901604851933069,24.839427148367605,14.240405242498309,8.101559031901429,10.108491931694104,11.742187597422443,3.135024,14.343249148809209,24.053087712085578,34.39042680835281,26.929118322671837,36.60261230898395,35.61916690984041,20.38273435455281,16.992362755110626,19.159224079600016,7.029081700209665,5.640883664536525
18.49246356385492,22.066148003054945,6.677164248620263,3.547992265319046,25.24529745619773,3.28394,8.012597098344317,14.45684613417566,22.426311643016785,16.169973823779603,5.959782965710648,6.922980212694186,5.76379111346627,6.412220118513266,8.290850824776284,5.463134385234762,3.97205989703329,1.3319302392,2.534397706168453,2.409597721030148,6.855152156436617,2.763172102284028,9.012446492931817,3.837739030950038
5.826406190511313,7.428686400676552,11.860659465933844,12.399780350749015,4.345707476204525,7.784936024492862,15.5559845866812,6.454674740756365,41.12881131121483,10.590683480497036,7.805235283490917,12.028084879133324,30.114043308378204,46.31738206451071,30.345144363690988,28.184448838283316,13.54428345605415,14.113644788311351,29.64196582993902,24.894726255243324,30.69504676256444,21.62785147229453,25.05959078803744,37.5512276214008
24.019341014107404,27.059889985220867,20.167541470016733,18.18059203259171,9.572123955168696,18.138760147471984,25.898566757474647,47.14600922325832,41.3446348034691,102.21295175154316,45.10405088861263,86.23317233862748,26.45892815373234,16.853788136695574,11.258731228772943,11.309626346391717,46.3351035204422,17.435854150852887,24.73152463418249,27.06221476338385,29.996496958903588,40.86072006652979,38.16629724002722,3.5426358145414194
3.88102,4.083508000000001,4.083508000000001,4.269122,3.88102,4.269122,5.379369600000001,72.83823541413207,5.069889464766973,20.16832967281737,9.408323722641784,16.332835571447724,29.59705518109554,13.68891649756799,11.386375888238849,12.207929565374236,3.91648131679224,19.29063290908625,26.54887007835276,8.850975671772458,13.628134810577883,18.452194853508583,27.305939893047,9.952956035575834
9.7820975787971,11.714145433157595,2.827044000000001,16.481705042680886,10.452917572099432,7.684742101905772,12.380928830262183,53.219353452610655,25.595875164062107,118.98753985627783,117.97532961416886,31.811675883197573,7.611740622364927,29.286461178556813,9.736563047687667,34.558280697603344,44.91508116797262,31.91185946496813,31.60145375558565,38.5247287676582,64.18330115380157,39.73807763209994,30.04121392421548,11.244371757229336
7.555832514177011,6.134572431371384,4.319095000000002,10.480557631648832,9.034792877395727,4.786560233256766,12.02985745545779,17.56992730188496,27.3500556387687,15.4459022852774,6.864422826027654,10.393941452874872,9.76126675574336,5.863484414295126,5.838597851864053,7.565579555383202,5.963523908586958,2.491239287029305,3.115977582424916,3.913779905715301,2.230163550271904,3.0752691115586885,3.297713539550516,3.973076749489224
3.955655,4.162037,6.501789988955525,6.797325897544413,6.179387179585829,6.797325897544413,7.802147986746629,4.5577323000000005,13.78506573612542,19.82310399043596,5.866359932822579,6.067291414219136,6.330818802168564,3.667970999999999,4.774981002407231,49.5587875009411,3.8677346119498575,1.7648075669400003,12.364115057255724,2.2846042886379623,2.3100976354209504,45.75499347245959,2.810248436038556,2.541575739339759
3.88102,4.083508000000001,4.083508000000001,4.269122,3.88102,4.269122,4.900209600000001,10.962708199435893,14.853899776301173,3.2865183,3.644784000000001,4.23384,3.9761279999999997,4.9876019389635236,18.94094555975609,20.28330891103868,18.664691768194665,37.313323190895225,24.01929527520321,38.179991240281936,15.46847212785172,17.99051579467667,20.39707686190669,30.76161468356649
3.358575,3.533805,8.012185043314213,8.376375272555768,7.614886611414334,8.376375272555768,5.315377210395413,4.706328830445994,8.869462948023603,12.99836315630223,9.65677963245058,7.610661676038745,7.147404008801605,23.998895142275618,62.572097810662854,20.295953186573108,17.434607378801363,12.055422710780576,3.0411208469776203,8.292321941157484,7.562446153112408,7.894071056566258,15.1221191324019,15.178098601984397
3.955655,4.162037,4.162037,4.3512205,3.955655,4.3512205,4.994444400000001,6.840688140000002,2.67977646,5.521952811328288,3.714876,4.315259999999999,4.052592000000001,3.667970999999999,3.0566424999999997,8.955833568958415,14.159706345731673,11.368766798457557,13.049260950631416,8.86038716616048,10.27270536496802,10.634100015558795,17.322902384334594,7.612234448691519
20.029316723149783,7.866889697467224,7.866889697467224,6.04155254640332,6.683005794768468,6.478137155683986,21.87426841286089,15.604903504171425,7.889816007489975,2.970506925,4.971637202453777,5.991622360069408,7.811827029230549,6.933029012117993,8.371956915203594,4.899009013860251,3.31348320368084,28.33799143806794,8.722209270296768,14.391343674918812,13.160649044612263,26.26101593536293,20.393807402659142,7.718692862347786
6.315939291387701,10.266294751346292,10.324260026090094,9.510788586668928,11.976246778185738,7.803832180891288,11.2671130869825,6.975856020740342,11.54092251858498,20.6182840217091,10.132851340319274,12.459528242428185,9.54165132940376,8.841842028774177,8.182189163675522,13.395543152529351,21.021398280858293,16.559078278855036,20.4592489576136,20.949188804462377,18.01372521244274,24.4280417070752,24.150298722726152,20.093390532148845
8.5784520643568,6.135860198337364,12.110284696207684,13.745559669048326,13.405830202708634,6.092830919103227,15.563906186376473,16.981191163435273,18.68544022046696,26.79390276919007,33.94457257035836,29.11767004133368,44.549182461579065,61.953270944073196,4.958539603982928,5.1602943689151,7.644975786996715,5.575049050205975,8.262859807585562,23.60155709078903,11.806203456311788,7.984916328137742,14.994606316073613,16.763381066547282
23.36637729347592,10.62374624602706,10.007762132751877,6.9207517601809965,7.462471402257871,12.513450302664651,15.377486695232474,5.992199111821221,5.253789478844471,6.071476080904788,9.48235202124729,6.241066615628881,9.12603408867486,18.113333020575013,20.379718786054873,34.63210079310867,70.00869975229168,19.67210023273683,17.221238087664464,18.481160999101377,12.461470578708251,1.7198173640841377,4.601615646314158,5.593286110123072
32.93475282018157,9.987862702897328,6.093466367119046,4.433319,7.010479401660001,6.370442111079002,42.8825705430208,25.50770860957935,31.58445730819771,41.6684377138351,5.566013998146214,6.613349802887603,21.39290497571247,27.358002812969822,20.72922885732723,35.71383451433236,40.06006382821571,25.8387705727425,46.52745767610072,26.2273569243248,14.297880483737655,20.00807929501381,26.55368932626986,11.891938851980925
3.882664874811318,12.948112750815294,13.422748139548675,9.4811334704339,8.246159826485188,8.73681888355655,20.26001776745841,32.05335258865517,33.88179716844814,36.27922535276798,40.44014926390124,29.3951975822167,5.866410632258446,9.71901207367808,16.38857406644406,17.989763161603644,41.05528521612038,53.26307302828437,26.20696153411281,25.62884339071188,21.327967690088105,32.19072502965022,32.760573523337115,6.078005929728408
5.4022657638313305,4.340391000000001,25.55432310576673,39.31007460543432,5.548824632291995,3.2018415000000005,7.005994231380852,8.472276516460312,9.09806186907636,4.698845586345449,2.733588000000001,6.053263235227631,11.74364290112286,6.913438894719899,5.376736053520864,6.213425572353966,1.8218742750000003,2.475597012047809,2.098946526814682,1.2558742059738013,1.9569936854132888,2.416041586929985,2.684490652144428,3.355613315180535
1.94051,5.068901396901774,7.769447502299936,7.865940734122836,9.950820370952744,6.24117656523357,17.576585512812322,27.74732787727531,30.583071975591203,33.812992715318536,28.66825870076513,10.855440404675717,4.935609474368668,14.692041719234394,16.17870889350373,8.048169562873912,8.318933301939046,9.695122452654472,12.947075967399908,18.10107853276156,16.320749347397197,15.77307362585066,8.23178443189077,5.53439240274036
4.781274286750437,9.76365605192824,10.672764309757964,7.2070742760457565,10.77735702544881,6.742272430850964,5.847758747332667,27.117212785284693,19.420201311931848,6.843331184535911,5.756248399461692,19.63128468457781,5.597912789996733,9.993549241779807,6.244585621959768,20.8610168036884,18.924362926172645,19.912560012605752,21.988884997498538,12.789228413004992,15.527140120538125,23.93363112409491,23.741439466060136,19.83380578083013
2.9854,6.066289977664792,3.1411600000000006,6.342030431195008,2.9854,6.842970431195009,90.27367927222016,9.46453534726156,2.560581180006261,4.882315162527395,5.414539814775185,3.2568,6.5943935160914995,7.768955412843493,7.678083802528524,8.24477411618562,4.864189766988123,10.011666944181236,18.26029271573287,12.278586839485214,2.0334058158942088,2.5103775504866763,1.44432,3.366547237730832
3.806385,13.203081226951436,11.968317231434458,10.413086334065998,7.649257618824335,10.114965192216705,15.887979872888543,17.755318165750687,20.820241662118665,31.30526374917927,92.91482586445208,9.455232576756192,13.247291423822352,24.125816126669353,24.364554329382628,16.134207740307833,12.078040608970891,31.005465423220528,33.769155259755884,60.64765241375904,32.0297821205423,32.00611439414079,25.965403340288898,5.54563953667322
6.377611594986052,8.267349996285315,11.915075544053249,9.488689632884704,8.8509284733861,11.639484618146618,26.47414945517418,25.847501201666024,22.77866211850248,33.71703608748566,30.18547827146412,25.57746082504494,11.274013292788027,8.010173147396594,11.771335026119107,7.014618391658705,11.831093724482812,45.16321602456328,8.501729430917955,20.323170275538477,16.558658963447908,24.113329444452443,26.02310269625085,26.43034721026125
4.17956,10.91658960887788,11.776240027039258,8.506048593823792,7.986572266711485,8.22686769426495,12.327073428859809,7.430503947624886,67.21772298992636,14.58089833074676,6.785376868207584,8.158877052163586,18.09313997911333,67.76656745942735,10.091119614200528,8.404822792404419,2.6160246,30.748958616925723,19.780155971639072,21.999601037675124,16.98023674331038,26.053818783946863,23.452275371051822,33.059064434787665
5.7868498358347615,6.320710479561796,8.872028959123591,9.275303002720118,3.5824800000000003,9.275303002720118,17.724399446316646,16.802991966033684,19.472612165533448,12.061408937208329,6.676721283758664,7.034357221729293,6.606178956058815,3.321936,8.059276013674763,24.069054756288008,6.8019197242038505,27.23502748548237,23.568234048810865,32.02777855461674,17.54883376520949,17.13865740968221,22.54511772187489,19.78114011910183
3.358575,6.996653159986241,10.568093397614724,8.721157483489575,10.74929928297223,13.129888862192937,13.57215874684842,12.280614095600082,22.762287313940867,18.311164752547484,7.004187487089617,10.161211224299432,29.119199181747163,34.954355099424575,18.069690813245636,27.206334358642927,13.795556332558991,11.805695853909608,16.126535631221483,17.47014197261148,17.776036078448467,19.942298120888307,3.835679755584348,4.021367143042429
10.795303446078664,12.741202385739289,11.98360333019294,17.315896890560296,8.742913017594011,15.854089326634298,17.913025965104822,6.010223834073101,9.644012236506608,9.916801848353291,21.0327009929274,21.666328291289293,8.056337030603919,11.293465370010521,10.33847826844745,10.44033486712173,6.119209193683631,6.5619997218337485,7.2355472168948864,3.593464809176365,5.020720170007411,3.8018450251513087,15.975950338329204,18.213522771351258
18.984599185755823,53.10096766685967,9.202390716240176,9.14910282122,6.388181910609999,7.027000101671001,27.609003842356817,20.39426093158346,24.2077498406352,46.13493404749614,35.09399022217949,8.605809361088925,4.787876247822616,8.109995725131272,6.758329770942727,31.852326702753004,49.02307454679261,27.61383093054681,25.705928203359264,45.02145145049825,22.90965730952092,34.59725910198211,34.47711363143308,2.43729
9.804141020809856,10.126716542023726,16.98710196391931,9.318896777681452,6.723422823847086,17.125180431425783,20.384522356703176,19.47843108809103,13.559099858607272,7.113314032949139,13.770488932521152,15.11795396802096,18.718760651171007,6.2344466184763885,12.311931923228782,39.734204905649634,66.05236983581375,42.89697135132322,9.343510775002034,15.563555968494947,9.943409025023414,9.521535769259955,4.656311437805049,6.2775727668806445
3.806385,8.31522424516507,8.698900449887413,13.85081302623869,9.405470591017837,7.441476349253425,19.412164517073982,8.919293008054712,14.809458102430726,27.382537220835296,15.493822690756478,24.301761657188543,21.31060581227765,10.198664169374164,8.08178930546053,8.284057774669728,7.232006649369107,4.399304289016073,4.028885346332964,6.565389797151341,14.10748015360912,19.23478818137989,14.140341837214075,9.760447773654898
7.105942700469952,6.7643967459354695,10.081450647476291,8.996244042826792,6.095690780361179,9.809341648237762,9.206170025704688,7.150175342293123,13.451917859622748,27.60298348244887,16.650470419209977,25.591485434044,14.08840434189046,20.150609030683626,45.29569531490055,5.918548747616226,6.044255724080289,9.893222016025073,9.224957992053277,16.63802854972087,14.182499490217392,16.769547028364904,18.666810948472733,23.95795339585296
8.568174723888545,7.648783310453845,5.143667847016828,9.4249921962774,8.568174723888545,4.1870235000000005,8.08539867940846,4.134153847545077,5.804548912947039,3.2233160249999995,8.046633653738807,9.3470996987875,17.609893646344887,36.53233731428543,28.499763878080394,10.47272065352065,4.9564737962003305,22.494907970536268,5.36061354390336,7.535539227193081,13.112042808433314,23.37795357042419,30.559667005255008,34.52978601665779
4.488469257961138,10.120728758369394,10.716779191240978,6.463511981764096,9.1768209330951,8.71318497181724,27.15033016703241,8.220682777678059,8.129349640705584,19.152191565092995,24.40156457588223,45.70817774414315,61.727542751675415,5.703819390328254,19.532181652215645,10.212036291741589,24.904276495437355,19.55457702386691,64.84191853569945,27.993064328490565,21.62920622481101,33.469807338296505,21.236495410908084,2.577562354434299
3.806385,8.056988504843325,8.056988504843325,4.1870235000000005,7.657468413694068,7.364167316297605,28.3167441379039,33.48066462271007,5.187586783531653,23.196079120093348,69.33861102636683,18.465855228804905,13.014714002760002,18.43601336612411,12.140733059636789,6.59208150396272,4.431314875708283,1.8700263712652785,5.43521066040978,24.621140772773423,22.235847592842184,26.39936735722281,30.373179887127275,41.32802620725619
4.056854040324307,15.41938344303878,13.775499358523144,13.126109892816482,5.761178691069202,14.401658420274194,15.405635948747882,6.391259952498131,8.629327602675701,8.923107885147052,12.00235598931326,14.03691184441026,9.278104650964183,6.816296770832318,11.823519984517926,11.434296246057087,6.778930636616972,6.018565014427525,4.765556118951641,3.877393549907535,5.458982099014882,3.549213856788936,6.824296797223229,5.773448616070391
9.87330697252127,16.267689270969573,14.059125341842556,6.832263733598545,15.58204241313942,6.849694157345869,17.705778479823852,24.95773315429233,15.08622752270104,78.53211588813797,32.01023101096979,17.936996163907313,13.302090873950341,14.196511258106245,9.73053469260444,12.454649980803609,5.331208883405217,5.178193560155875,5.161648810118516,5.463751642783072,3.04274670512068,5.48294476591972,6.383701326977004,9.624013624491717
3.806385,9.659516171510852,6.832247585755428,6.874096949271688,3.806385,9.829877743470542,12.899257668074666,33.05269106149608,34.55357437932065,77.81442787358297,66.89480736997359,7.883232722955727,6.152055283672649,7.833315962552499,8.757595890124174,22.85353924432663,9.627117517174336,12.530816801349888,43.57980968379516,18.735373118507745,16.551507471934706,21.702581546722524,21.0291468391685,5.551863163941247
40.3949673300266,3.537859624032761,4.256784496131038,20.99543932694816,35.97416445623249,33.91282904333056,59.19927387552312,25.01733268197999,10.574212787161445,2.65449555,20.74246893870932,8.289655822958947,3.911508010698248,11.215123466573194,11.50120459453229,20.488993194159914,29.184337857934946,31.024330585487206,34.23586203658908,33.54229850837789,13.177583754554716,21.73429286806017,17.353266810028426,13.970863687439858
3.657115,13.303593411711793,6.400276450196667,13.427295207242611,10.436758267349775,13.908302203153236,12.099525448650562,8.026695277288763,8.778310510654785,28.099241234625342,19.731050732109825,24.145574245002454,25.11941416128289,9.67772130245161,9.601346197866308,27.550609622010942,23.7525578089818,10.0443737034996,3.4843098720465773,4.459340005965501,4.202040690352818,16.07190361072056,17.3975217877376,6.311557371164094
3.678482878798712,9.016517802086156,3.847921000000001,9.4263595203628,3.657115000000001,9.4263595203628,9.410204052843527,22.492193195234726,18.14229791975299,18.96040583144767,14.493490102747282,23.242067600101183,63.72442624830947,49.557073079547116,9.225309321523913,7.279547895599824,19.13514029534988,12.13130333369905,9.430223839225496,42.21837785363848,19.690523016248903,19.03813211008769,24.8568572888033,26.059955034125988
28.616020270386542,9.03621345747211,7.041381748553717,6.860650382464809,11.446274152864422,12.86972711064696,13.684808024749634,22.1684894450187,28.9586221807431,7.066694857903086,8.378765950727074,6.803950792527082,11.986465206897918,9.048866988805031,15.879037307639194,24.41401067864963,66.866656724848,17.15226418173057,8.703664345507637,14.353372298102546,20.51092134800712,27.977002105787367,18.11010386386194,3.771755330640013
3.657115,3.847921000000001,9.378107647873088,9.804385268230954,8.913077516573594,9.804385268230954,4.617505200000001,19.365055747994,12.498120117591492,7.143133858626696,6.575620776703269,6.074589923930019,9.13150076006275,7.821789088351292,3.0105627536813033,14.745153634636386,25.480586373074885,39.09505107894278,23.10754862818476,27.6160116721386,19.63429558795756,26.98857245821305,18.082770416304403,4.53817565041931
6.920984169409781,8.559959498345506,9.094402822501747,8.21626897494419,6.2476898585095615,7.056961100651218,10.913283387002094,3.88604480353658,9.042905741123484,13.083301534851708,6.499706872141361,10.704863929942936,3.995039686778835,9.103542623367177,7.8455035655009056,5.958064632796248,6.14191567980476,4.080750088208399,20.752277460777098,40.34460399646411,15.980470204015338,26.13429327137136,4.911967449704915,5.427052305891342
8.102117088931843,16.271568927307733,6.27945768978496,16.09765630325574,12.566468089566117,8.230409393858139,20.85110483619162,18.425889488175788,6.572375049812677,12.86137900812458,14.523383835944095,10.696197950476147,31.488648820262693,13.095287289887152,7.678290120915067,13.854125318765927,32.51154623566657,47.48747990528517,56.86587269029993,23.61905896025977,28.23751639027275,26.61059173982296,36.81490347925629,38.08608985848517
15.992920993682397,12.94352378619573,8.275502922732954,16.403652952510196,14.67583970092996,12.335680269580568,17.549060439680776,11.489870717374258,23.287666374380485,12.241879827924045,10.984400894074724,16.30471103999238,21.416159198997832,24.730260089998676,33.65406991505967,37.25645533291081,29.328742380921888,27.355803278228613,52.5610820235095,28.84781497762757,27.95037231104348,38.051184879878456,33.828788524777075,17.932133866626152
10.134238376155018,10.253113241948563,17.234858668250894,13.41306531949895,10.31980249812772,15.145906754270314,15.378629581780396,9.186212273044326,11.874770308919846,11.443352394947487,17.28476190152069,18.66648981885888,60.76781505452692,51.878178144865664,11.791961894198284,14.10124800129618,10.252539610859763,4.770302611483162,37.46947491205975,25.4445499482004,24.81735273597932,38.70384151085196,54.57331424701331,4.007112907467088
9.169121973360944,11.40306707662017,9.26556927811685,8.54815948002071,11.345502277010658,10.08603417069704,12.14187414105849,4.557186523198426,19.060117852560555,7.242142610856877,9.939463008224651,10.459169221249224,12.176424428282196,9.463209517478823,9.260928869219672,16.46064722842395,24.607537225492877,21.1279419549886,45.02667031837299,16.431080930695504,21.11082319307918,22.84249730184374,19.80190363748284,25.082963703565945
2.53759,8.12372395816982,6.140546518835341,5.383001335493921,6.778475639899144,8.49298413808663,9.748468749803784,11.932485901604442,35.02268183829373,28.16592933647591,46.86566920138075,43.14048164854151,20.437584461506503,39.76719201618851,25.410151095216534,34.19098237521448,22.91113405395543,21.122506525483605,20.56222873825859,45.927248724466025,8.50159888200403,9.49043174168608,19.88203844276459,4.6691576468819775
13.963044453989376,14.691551121154044,6.6218281945226805,12.553967206461625,11.084638888302786,12.768783890270392,10.941480594844643,15.030897857155116,13.922191945719865,9.988181472560187,22.906131114227087,21.629508367457515,33.88439794277145,42.77457503426281,26.960473694743566,74.5614777985734,23.12834148604818,22.97075579450409,25.45491546800297,29.757036122528863,18.3363967934032,26.175728598885183,26.484601371590216,35.65965071597186
9.616625389969425,12.972117825765038,4.417961124257944,12.667832986622583,12.328872313743627,13.561759545117988,11.115962616540571,19.369873245272604,6.884142442958547,10.4403132365929,11.578419216385324,10.886109846631369,9.793309636263816,7.747643944400702,8.875342901569987,10.613550948353216,9.263692034122789,20.889377641927545,21.99246632333315,18.080380797721453,10.66872982099464,21.181078986588684,30.33748826533916,11.771691071068952
9.031967384227736,7.447407408954987,12.694219124845748,6.409151084689904,10.030954351744745,13.718664944695362,15.746641501737283,18.14877930905348,11.001305786756015,8.494394526045662,8.248006741182143,68.93996464291318,16.88095754200892,9.30143039889058,11.017479283828312,23.80924305013606,27.335549123216072,16.902652701411245,7.586714092597308,4.051904938325929,4.574120068585202,14.52906716552376,19.0490281107371,7.542061575775746
4.41738,4.5546820000000015,4.5546820000000015,4.761713,4.32883,9.271418241504412,6.0910690975532935,11.948190663578709,16.951305482544626,30.07717135614564,27.92358626937509,39.55898984679603,22.07978833470275,4.014005999999999,14.590502019234826,63.6624888129411,15.070282820574697,36.78394899541142,45.001568557525,10.65540451316622,23.993707852666503,18.533526845003472,21.513886347424293,2.61783
5.959656329650231,4.881508501890346,7.659681339634487,8.007848673254236,5.582454586627119,7.021137169301695,39.678256087239824,4.552619251863231,50.83505449022873,32.627517986093274,25.956844699216973,11.799021677739512,5.719257821556319,6.750417889850676,5.62534824154223,20.80197940809205,25.3990727325204,16.108939230706156,12.646534940352122,26.7084762993868,16.70348726217291,12.910851589187306,13.416385542353078,11.019883456696048
3.507845,3.690863000000001,3.690863000000001,3.858629500000001,3.5078450000000005,3.858629500000001,20.3630174438464,5.080621124892189,3.8238037263251377,2.970506925,3.2943240000000005,3.82674,3.5938079999999997,3.252729,2.7106075,3.019797000000001,2.727228242891879,13.131066256807262,8.339085420264603,14.63592908376819,17.58898292864923,13.554226499591564,1.6970760000000005,2.1213450000000003
3.507845,3.690863000000001,4.203983327874912,8.954847301848535,8.872284791419512,3.858629500000001,11.20222392794881,4.096794279013328,5.980218511941427,10.577254259340572,5.813278336840466,6.48679278913364,9.089708371288285,11.936497370367807,4.722532042160914,17.74144526875333,17.718380859851756,15.228843940191616,15.152350008328543,15.82954770761005,12.3852016342808,10.099151861719724,2.168946233898489,4.628155617585725
4.570269720000537,5.383375668960355,13.590980581908378,13.03415470694422,12.464663748131256,13.485471650944326,8.76674983068667,22.11009560058331,10.9177313638204,19.02289300220994,14.603469753515212,27.00707979519034,11.831784216878386,71.58997915911579,54.657163069005115,22.55565222051556,20.29848668160901,22.415935797296093,57.1894171216275,25.848958738575877,22.551589265067143,27.473695717291097,3.252694047286405,7.671002050587131
24.543893165251475,6.0447074042913504,4.9129128435388445,6.690255093426226,1.64197,9.871530899705483,6.7440049101834045,3.917223246360356,4.991088134430506,8.00762322479381,6.466291101015099,8.909270958068326,7.1263615889197025,12.856488067941095,7.0166033950453865,1.4135220000000004,5.616982664832416,2.574088240017812,12.48934851819175,45.15074461838071,11.328320797427534,23.111604509627742,5.01932543405589,3.650812188881675
3.2839400000000003,8.18610462257457,11.216008328427009,6.779960601573008,10.659842626190954,8.558200287237048,8.53289964702293,12.389550734021286,5.802047314090121,8.3302202915886,3.663557327447575,22.82040177850577,19.235581306672515,23.948712376940517,22.538928360175884,13.13076330899191,24.52356031744401,21.567180484161845,31.564424503729228,30.550036169373875,31.49947905561585,33.79111277080102,23.48346754430101,11.314983955880257
31.42098175566674,57.167409433968615,81.16271232839699,13.682107623331872,12.192015756827034,6.54316508583525,19.257234031391828,25.80390399756365,31.819310538492434,36.93851998424953,21.989591911213296,16.426528758252758,5.401053990481256,13.602229451973525,22.886626506230694,36.779493713407575,35.97121120062557,26.704539489583677,25.07462440673897,26.45949589032826,21.75384976304864,35.232106230590475,32.30172676412865,7.544944045540412
3.43321,10.561837134861031,10.21275619420863,10.11974579747696,7.161038659539504,12.788327728326102,18.70372017512214,30.0465845902863,36.94066644162093,65.09341866430373,49.52939947553045,15.948758312735327,13.490279671841332,7.195433501096611,7.500352501757274,11.301201909419845,44.36422137269317,40.51221859526539,55.05523155534237,5.408927634424783,9.757094786723842,21.048066694510105,22.08033774257802,6.724593397175328
9.540826366330364,8.33819651533903,6.708409460737322,7.013337163498108,6.633922918991664,9.285161542639884,31.516324094744903,15.113128976382091,19.530492068700564,14.280482929480266,27.14330256222308,59.57163019505881,6.227896733291608,19.44194465132793,13.51536798032028,10.473948139101775,7.544449564281232,3.7659602290233622,10.495606272133234,10.682300871473815,18.40769572440717,26.008580892888983,29.773367280257872,36.31768082275974
10.362341367218022,13.601194413826812,11.51959995352154,17.91866172487551,20.81269711443076,11.085176179534214,33.57425395726474,24.505612304569617,26.403520582575425,11.214233822323228,13.89852873133117,22.02711433855589,35.10658219613592,17.03715184369803,16.168653552534227,14.62618554380223,15.798557088206508,12.4455314350348,12.398197020411828,20.006055706791752,18.244131470818683,26.23506406931514,30.084678397590395,13.129095813209664
7.506284189312825,4.532261930339492,8.571047303394904,8.960640362640126,3.88102,4.269122,10.285256764073884,12.115334431720186,9.974865585321837,3.2865183,7.650190981542558,13.043505126850178,29.878138120866275,24.4591733781744,17.226279929968204,22.21302195653928,11.518411210299456,17.197377111121504,18.59407488027224,22.84349033315532,18.446390875016057,30.67768497729852,37.7155660708114,25.91147401636505
4.492014999999999,5.680816288731936,11.50365759301832,12.0265511199737,5.429482919042747,8.468372409026676,6.816979546478322,7.854811490373334,2.233271434040664,8.162772711203834,2.7413834705442484,38.28012274134217,21.431309094298737,15.598073458419996,4.172049528351214,10.976851086860961,21.297387409040105,23.6551664726933,25.91616971710381,18.41359315299269,16.100233393910873,14.871307941928954,19.24799059031728,27.42159099150879
5.213597120475564,6.831671795745226,7.280358766565973,8.549447831307804,3.5078450000000005,8.549447831307804,9.81327924984896,5.15573586,11.44210350159961,6.581661698234065,7.299133326333936,8.47879123766063,7.30735846623692,16.99925666574969,19.65589508932355,20.79056068745924,20.64762425688679,8.821227313051637,26.84274700983544,9.436456934280674,7.474670721923612,16.846452509882287,12.884490285138178,50.7072312823144
6.137903871093856,15.420859972094082,16.628902087348486,16.789584612083797,9.062951646142308,14.29320941460558,77.2410485945156,26.42677841680269,22.28885589473519,40.073657754920205,14.334190815059683,11.635307033600956,79.19411520506006,10.404090805734626,8.514080618531873,13.139674913804711,9.553412401173302,22.328824942038374,18.683509097019016,20.67093181874697,24.253322733297395,27.95119766303722,42.55924038417285,35.63279647601815
17.09175399835842,4.475980339511477,8.00935368829017,3.2018415000000005,7.836073304358177,10.008484858138484,9.8938942938505,5.168287739249083,4.246914956285773,5.877394689428658,2.850249738034855,63.28497010709992,16.559709802216318,2.699073,6.05514755336768,5.78218974159479,3.923780122655335,13.9162171005587,10.968057686923569,15.500951903633595,13.548053503461109,26.079480193494632,28.01605344154532,1.7602650000000002
3.806385,8.533913712614575,5.363659413784373,7.264640497890357,3.806385,8.921818881369783,10.368472455137487,8.548456886695776,14.06766520142065,3.2233160249999995,7.617046950102264,8.84808484102788,4.120156088187397,7.1217406033863275,6.267393429061415,11.057022809336424,36.36546798830337,51.178398597433855,19.889282347276904,18.207390822592583,11.701501028810348,12.800982696623617,14.462360823560678,14.271507513803542
4.021434999999999,5.7161197950637845,5.438738595612254,3.511033217895119,5.43267583828376,3.3660385,6.859343754076541,9.96248484,9.036264778188778,3.819134908811846,5.473361092380469,5.78275904550448,3.405111178429139,5.424432953544486,4.0858398097355275,4.429399254096708,12.633249470143973,9.711488299369972,18.18616347714359,15.827346245817518,16.14151110832328,18.517524093328223,16.2492109761654,6.222035129981099
4.104925000000001,7.059596019732688,4.77584516995545,7.857998289219412,5.551929670657753,7.380486747902353,8.471515223679223,10.43238010479936,12.587502991263849,5.953139484770508,22.504099454530664,17.875455557335524,43.416942099582414,6.22156734120694,7.221754976308617,15.803683297594054,73.55040058053596,21.31247042581109,16.688061545389957,22.069446956435485,15.130415173912116,44.51982052010615,18.754914329423904,6.470186609537802
4.947964409608601,6.578850588123745,9.745793656862835,9.291829027222573,5.787128016798934,10.687770351619472,12.9304107505348,16.953724097076964,27.054286344707005,37.32677494404753,23.307312748323195,105.8790565534258,24.93519027283311,7.227892663995957,5.372353267411786,78.2023536081675,36.261651734298695,24.80884920424654,23.415827500396773,22.378144317030237,23.13105239477607,24.054403722365727,24.56783927786884,8.175309785243215
7.733775143683885,4.824576909254714,9.020663001201212,9.430693137619446,11.477406464846302,36.19554469398037,21.53271062673912,60.48446776434698,55.36223702604081,7.2600749237128195,6.67166567766565,5.689121870430505,8.783455484265039,35.366330798720426,5.5776237590814315,9.584480961708037,16.293962032352482,16.77126117339884,31.240363870610597,41.15289559089774,21.13016576169892,28.406096796248544,39.16021732739781,29.802643767188307
21.89984910156439,23.88661237819548,7.954772720238226,9.623531177355678,9.745566215616677,8.833217037596153,28.16142511315417,48.79270895611479,19.21344010792791,5.459085171680243,8.522745744581375,11.474072737337805,7.58599643856525,13.82711652790536,21.93435652157816,26.999840273562523,17.10070967144279,21.368010301656053,10.792689410477696,8.916201704737357,3.037011993888579,12.37942000191951,17.680942030462077,12.63261188673052
5.458032381304286,5.624440105479671,3.612334000000001,12.776936958460348,8.919521107122183,20.942886329191992,11.21689761028884,25.565077908168742,22.46092551594102,73.50199194891762,22.979642199133806,23.35097300755125,13.65317607468825,5.061084571754882,4.217570476462402,4.698653963035865,3.416232085934546,6.748755952286256,12.976588267170293,19.12143681293612,19.421162217865607,15.80456273315566,38.53406915053143,45.08972643987914
6.742962340846904,12.2963751895175,4.697306785741524,12.385344238673635,5.752547575080486,10.87783124010867,17.146757807185416,17.10371397734494,23.98032803184057,10.137650040981846,10.574048836179864,11.033072729163994,5.663299797157071,84.22844869418866,34.68293283095308,48.01994964466698,66.46815580713438,43.098786328941046,17.018017953638278,14.733313931435127,16.818502928362093,24.998082998657875,11.638116712335751,7.401509682785463
6.566542109059505,6.909144306053915,6.909144306053915,7.030338428967183,4.462637843623804,5.487475300981002,6.741401938722055,17.575866671525013,20.090081323035484,30.07621565066284,52.403128205102114,8.87259644238383,6.765736031787252,37.52107559447043,19.511944161273494,11.830386134022927,12.56974072528138,10.978535999824327,15.287876821199584,8.110268559602572,9.960363032551223,16.253024807754663,15.453744252054106,3.6529905317517337
3.781085,6.048467013443712,6.048467013443712,6.323397332236607,3.060035,6.323397332236607,106.06332924427656,16.756873275337774,5.788695761120884,26.03691506130805,13.231407427815736,6.271137850152006,5.889416415794928,4.222475984794002,3.1724827411298353,4.948745738272128,3.598065341524713,5.812496077838965,29.787857210690166,29.07368666707472,11.456241963606525,15.642647571019332,18.90871478689406,27.24724501215986
10.214420485264402,7.358617218664628,11.651007985528778,9.629370980940807,11.073272052362054,6.984547276657454,18.97725118263453,12.54959434907508,10.032790568101726,9.377048106159316,6.809723310777293,9.034913955594195,11.34463286945551,72.34318703238716,12.410666776952787,33.54654256406186,25.00655103959635,42.2242112637444,23.39636406658393,46.650666885543686,51.72074713139455,34.87086677800885,36.38994312932317,9.637785404145957
3.731750000000001,8.630772250977861,3.926450000000001,9.023080080567764,7.532142562256905,4.596740508056776,26.7413531350829,30.640367138892906,34.33069249063137,88.55827254104226,7.283609279297917,8.948509170811004,8.403817308239903,7.606232795189353,30.00182264753451,29.54672496929083,28.505722144880554,40.3083000537971,37.88950964809436,29.129057201286688,28.8677935898004,42.48945897468152,29.15038446831639,29.492730512833383
23.418241136329986,56.30508508555905,36.30559014526706,10.952794781035958,15.225069040397567,12.978827072818095,9.138550603927968,13.089560233068458,54.53682956747199,55.58695628897666,36.88827337311334,39.86345047109364,24.22320607718857,24.52099768258156,8.193230367244498,20.59537632657792,6.222334746059026,19.35538989706704,41.19336071044867,69.32068353557172,33.33235401357353,45.92555455952838,20.018833879636126,3.41741054781851
3.0990331374460798,7.614479817341455,8.382790051658526,8.763825963097549,5.776477893399508,5.015403304762746,10.059348061990232,8.395782982380393,18.07149948194513,27.02546937457833,16.43021917418922,8.16033422668449,8.16235605330537,7.387688001949998,6.156406668291665,2.2487850000000007,4.98668940131625,3.33667444511124,6.828751283034572,3.272696659572789,10.850613779281796,12.35645693035034,11.30207859541754,4.818057392576087
6.76474219551046,9.182538812626314,8.923398469532668,18.034997212036068,7.411037744388078,10.844045872062374,9.38700981520323,8.501873905187246,11.743562703805749,23.82766333203496,10.492208840257485,28.01181233405401,24.834831689597706,30.01553799224007,6.672214579444572,11.839577063748509,20.568903175157637,21.957817369407863,20.399363694651743,30.90591646568729,23.16497891403752,24.109964443634308,4.3747090087259295,4.892862333428033
7.97454159640117,12.700676233361008,14.043493130730074,13.775768912972037,14.187508783749433,14.741461087249933,29.02463701208464,35.9762100166751,9.46328135086844,13.9209053403417,11.526272330399165,11.17907361258273,15.447798081411474,19.451422156739202,18.65554699254237,18.695596593735647,25.141114223631103,23.596801502395014,38.08056322804955,30.52924778252458,29.269992383183467,29.70105705201961,29.89705470275476,28.733385942219424
3.955655,10.2887016029977,10.2887016029977,6.389222568352543,7.66111330609553,10.756369857679417,21.78661916226476,10.103916902762338,6.624501502431983,8.280626878039978,31.993259474294305,23.7182169269556,39.616054979585115,26.10672468314039,61.32472544312943,21.757226134547025,18.22753442637621,15.563967956165724,14.15984499512322,15.481376438614667,14.13131304714845,19.13435921471967,26.75290080694545,21.540355628017725
15.937115088034307,31.90688004550676,24.113961830338827,30.389296448313218,11.29222947542249,12.280954433852669,11.520342615419834,19.3736219425829,21.81925842708061,25.04627704581065,27.08488822264846,31.01232388893705,7.918473848030837,10.509512889836781,9.382234492629195,13.259084470991626,7.066516117072221,4.842764595421301,15.87044717800674,16.62652747838945,15.636175656041688,23.367941698866428,3.47442074459925,7.2008148485228185
4.42244,5.359655817858675,26.02335983550084,38.84748481051645,14.260540066213554,7.614797610556751,11.626558797867249,7.403554983249258,8.826553054435166,6.249270201878139,5.857166311897998,9.54676233149876,9.434022165061329,3.8755919999999993,7.115552983292783,11.772336509804814,24.522787585735603,22.954301846929905,18.66294758415749,44.59781097023717,16.297899508866735,21.313699920806915,27.50637012601981,17.79303634025094
3.507845,12.007098810745864,6.116079030317311,11.2851494681139,5.804748480696592,10.873205100285674,14.408518572895034,9.016504146643166,19.926395621778337,24.252107447061512,6.640387827200592,5.770160909737714,9.329917418058153,10.106802348937272,18.931516949030556,6.478895765234595,47.34202320100984,3.274626363272209,11.356316706237743,23.597359672884718,22.31933241939933,33.11409480015312,5.520919964069471,6.901149955086838
43.61538179756643,55.94450112354696,50.48477468550794,41.074924771151096,4.147825610245737,6.4491933823190575,6.500272520508128,11.24399476255553,14.772778498568938,13.134118329336628,17.298242823489513,28.81621730460452,25.942669553689047,17.15761486765546,4.0886627260391615,4.678080323131463,4.20638562200843,1.595484640135983,5.861441604787323,21.102597159645352,20.09022885137852,17.31615813145371,19.15318827502561,9.41550743946613
3.88102,10.601237220170296,11.743543421427178,13.47157006007879,8.187902761653811,8.470800631269643,11.54654114291156,38.047539855186926,29.87122256619038,6.123187900743805,8.130815597508157,13.360234770326064,10.00467601027445,10.415254397193523,5.765670995237796,9.925023824693943,26.59187937580548,5.341985039290145,25.41986855165142,33.07096280481335,34.26981413617472,33.877149867121304,5.543389535428364,5.6241605768170375
3.723085550863354,11.88013385521606,12.337633094187352,10.347529750871084,11.291036308676414,7.670442953547195,23.663396589579445,8.11187321585083,2.5222212295485185,9.929662668159908,3.224232,12.949949902257952,12.16169208212051,5.0650778483312155,9.06088380884157,14.74023388939062,14.593534266423807,18.919841139759264,18.013842520960292,13.642129976244346,13.627091936174148,17.749033293905555,13.210472251943717,6.934889443173208
3.657115,8.090669944329342,7.711465258090128,12.004743000915427,11.361443250233377,5.008515648682573,12.541379240213544,8.420139305452853,11.836074772794465,21.7263304909996,5.327966206560201,12.39430172752732,11.856646932350005,24.956935982207224,15.492823140124885,13.53533200508013,6.550365344377101,2.1313455001864003,11.996698216980272,21.187478811553486,18.522793438103445,27.16954535673569,31.46595040007078,35.92238133849979
3.507845,13.731644935882136,7.096781059005809,10.756508549267704,13.015673695910042,9.884484527471814,22.865821824923657,9.640613244578516,53.59273448193401,29.300932405357464,10.448094206228973,14.470555603388195,14.58740571534975,25.96978583556622,61.1593590270171,34.90967849527677,38.33694907912924,25.70343791172463,27.42349496152744,15.093494409560645,16.55035038747665,16.4004122580759,19.14287843123896,28.065685126203068
3.731750000000001,6.965698910608968,4.736916376162393,8.341453784485228,7.198000823669733,4.316751439224262,15.010170791537664,5.935467781304004,10.520305042422374,6.421540661361974,7.121557381220591,22.42051675320681,20.887849444988163,9.337551261226734,25.364563354445842,10.763597727627927,4.791165977512547,17.33130440836492,20.01679479325358,47.7349128039404,16.163445078308953,18.25249771328976,22.30475609452651,29.732875918891025
3.58248,3.7693920000000007,3.7693920000000007,3.940728000000001,3.5824800000000003,3.940728000000001,4.906598400000001,3.01001184,2.4269673600000004,3.4193502,3.3644160000000003,3.90816,3.670272,3.321936,2.76828,3.0840480000000006,2.2423068,8.828666548800335,23.6049385182338,32.59956547457238,9.44483027334253,8.692027132495317,11.41421525687636,4.316852070020849
3.2839400000000003,12.186059404185212,11.016214663530812,12.739971195284545,4.395775910539313,12.892848632983696,30.087827196353523,32.652895464949594,24.1211622081377,11.724622867791554,7.836489206717603,9.54891397267859,11.144342835118552,21.970713901189036,19.19519437638148,19.79541207970843,27.133533238170152,17.38103898890741,19.585115059737976,14.03253000106045,17.439518843321625,30.7791664595241,23.58312306075845,22.99418565506892
3.806385,4.004979000000001,4.004979000000001,4.1870235000000005,3.806385,4.1870235000000005,4.863474000000001,47.63525129969843,17.436407189471282,19.3990278817382,26.33188884351376,23.141175901066667,16.947794995952616,5.123644578239748,2.9412975,3.2768010000000007,2.382450975,4.275436753597307,1.520137773,5.218169340823844,9.106782151428714,14.869247711784164,16.858372871598874,18.662687183857287
3.507845,13.116822892051104,8.235952773406776,13.454467989839332,14.361086392695698,11.221042927421898,76.4174338978661,50.94168612724701,11.139040877470812,6.776325935394224,23.06020639366099,107.90043796680943,13.694777898921469,44.04304611733037,18.237531329285495,13.502348077303868,36.76657685873752,28.3859392696729,28.60055408121878,27.270136887566174,27.70891193745366,26.84117349009449,37.213634662239336,3.5329690662417024
3.731750000000001,6.341138697619284,6.341138697619284,4.104925000000001,13.371853398908152,6.629372274783797,18.466173679388955,13.261181568869691,10.628895546079466,3.5919820027935923,5.7795959630462646,7.270024094767343,4.998796000043046,4.997272445529527,2.883625,3.212550000000001,3.772167612552598,1.664912799,7.224032459624949,21.61296564165152,19.14395588995986,25.17250368331576,15.471543497355189,22.999763536947327
5.299085000000001,19.455041036353983,9.045640449421771,4.666094629490501,7.943817481963399,4.905630194235748,9.754987859432289,7.457442712857419,4.467349812969586,8.672243670458053,16.361607689982815,15.514320545794536,8.80777612505681,3.529556999999999,6.643210773335672,9.805579220933685,22.0407610390802,21.918227877277243,37.03871638161865,15.222892886817217,10.524084237357645,17.500518857727563,20.39826955631764,3.3553939157318915
7.6704658814716415,15.261441017148975,10.592854805548535,18.804947445722256,17.095406768838412,8.437512469618806,13.748865425637986,10.28718723051868,18.357592769479524,13.973719213553109,9.17709167159868,30.13148609768002,12.491818695837614,18.021906178249985,18.083634974511135,34.0837986395476,33.131430066552184,67.01363024618095,20.65565517133576,23.980667481217587,21.018280056314698,38.86032860340973,5.043690699706495,18.48074554159204
6.892609320193021,2.5129280000000005,2.5129280000000005,7.581870252212324,6.892609320193022,7.131441320193022,3.2740206392458617,2.7455006522689462,3.559810868913626,15.591471299499243,4.165723630754334,8.23239019250003,16.196234430372204,17.422512849158505,18.4842868204891,24.060239760136014,26.71019669782901,3.075123862985476,13.064307921822175,18.26766840742344,8.16400979548427,12.067613003239789,14.391048808872398,63.9750348027796
3.060035,5.718447298412921,3.2196890000000007,5.978376721068051,4.115525190330525,5.978376721068051,5.228241892486892,7.318369937340754,12.68239032856957,3.3733755234147944,5.104068663046243,4.921455285495788,5.027396926221052,3.9385551758220703,4.242802897921681,2.6342910000000006,6.736674376667621,11.348777084126096,21.58216175782808,30.456341314796685,13.679976519261697,15.315857637424436,47.29164246989718,14.01333157079745
8.473315684985593,13.309933310935609,10.257688611674912,18.02735713505952,16.195311356055132,11.935902143398884,24.96196096187395,22.559482320748327,21.977636017756737,13.567083600582029,8.472137056595013,12.259836841916677,13.179781376086185,7.635286091829966,12.9476370272997,23.618907445339325,40.22785028343363,16.731952951614744,17.72372911893476,6.14311491228997,7.668181636068058,49.23424193696788,29.1409526022072,36.84992807656787
4.092045514005039,15.66583339186442,14.410990166030302,13.138351662558955,12.036376819222532,12.890797275120566,15.527050939479894,10.598798714322864,11.242757712241966,28.877737347222507,26.119561658391167,28.69941469543355,39.564996954439565,11.743259364954303,7.715954919721147,12.70008560539777,19.726870819522983,67.89198106371757,31.28751196802645,32.3590116946128,29.24051274391981,25.42333692372265,26.46204472286136,6.201596376749237
3.731750000000001,9.913092205425588,9.913092205425588,10.363687305672205,9.421533914247457,10.363687305672205,15.090110646510706,28.60196186939256,17.074032695950198,14.47944185783155,6.095585343234801,9.501760573558268,9.743511795683146,12.822410156381078,20.654344298229443,35.84092314454474,48.5253028697387,38.19168500330783,25.102550049943304,3.870136738103639,3.322844674129388,2.740267967557743,3.318743786567373,3.8059277327190872
18.195360292778386,13.657086513703131,13.157613284997776,15.827317507379789,22.227972745361804,11.020090430019373,16.59191689854861,12.257228035815196,6.602629023074076,26.03117937687558,10.446413202385674,13.755071963729227,12.782719921954474,13.69147259072522,8.71223487569525,10.774454598349399,33.05796925556171,16.1665881642265,14.194972005192875,20.632033650203358,21.02307515218516,32.97653109507436,30.97016539205144,8.86646691173072
3.955655,14.246770573855134,7.739610003107569,10.81337033387072,8.373119800482108,8.408962503860115,12.41186855713857,27.24624064896114,42.59273703639809,88.34800858086565,59.7062188838438,110.92766540242172,59.44711052605851,29.085206956466056,28.495962546510857,18.92259608312301,59.499840228067576,68.49194967499447,38.51215140621269,27.29049108467133,27.014613972048853,32.53371153344225,23.813613938572622,5.9448281030622345
5.173740944897805,4.421201439610996,6.3200813825995805,6.60735780908138,5.034916282822988,6.454650680799082,6.882972757092943,12.669605287019198,4.069258710187969,14.76924051825663,52.5004612483709,72.34890330036048,9.572020488133708,15.891230188925162,13.837137754017569,8.643175763642478,12.558104296169953,10.201513544447955,30.088955194944305,8.726601754982742,9.79612383767003,8.547565105513364,17.7698675245767,3.632503574521922
9.024976256105454,6.813708366919606,12.226044949430564,12.781774265313771,7.177287110921442,32.74203513049491,24.66972593931668,43.81530217268652,46.321037223541374,91.32314673056658,21.64198834710993,12.676139767253323,8.79044965699131,6.200500552674823,8.506186311359098,5.776137545011077,34.45243162030081,40.58206164176618,26.825981942290944,40.70464844959548,36.43881751376829,51.99715489260641,46.774190181934735,53.82348559808982
8.372845091753328,3.3767470000000013,11.411819859377252,12.087965861777436,6.729900517104541,9.250615972428056,12.522108941864063,13.648780693093425,4.445172764171376,7.090277457243839,8.779438664064045,5.037319862009253,11.290844591000688,11.247847679603122,6.469925752718479,11.047818995241691,13.636167855628209,3.660603365750935,9.49773313584318,10.256873335721224,15.322139003279547,18.456563902087414,14.120024246557843,34.195663735826166
7.687014806950429,9.688365626604428,8.088076449052192,14.048993629897412,13.281060973320658,7.731627021394058,26.33488893619965,34.89923483680552,17.92573322611136,8.442057277029685,10.646026984974938,5.177330091549436,12.747974797562158,6.068522826448906,7.810995401165413,11.203309698264508,26.93152557856836,13.56979351965967,11.13700776355082,16.195078945231593,16.186636241637707,38.46213860301027,31.64557168937189,7.430808422930255
3.43321,3.612334000000001,3.612334000000001,3.7765310000000007,3.4332100000000003,3.7765310000000007,7.813752244010845,2.4665374800000004,2.32584372,2.90730465,3.224232,3.74532,3.517344,7.976194246173417,5.693707198818423,23.860904796140012,23.518907752377658,19.089543164305883,16.502608697453823,12.79367405749138,8.773644858596672,10.84141995467956,9.895366779812049,2.07621
3.88102,4.083508000000001,4.083508000000001,4.269122,3.88102,4.269122,12.862288363820616,26.521911813295517,23.64986460140831,3.2865183,3.644784000000001,4.23384,3.9761279999999997,12.868171617335442,10.324015425200532,3.341052000000001,5.59912743672218,13.220961741756904,17.1256384513551,21.13419825724008,19.51397319484396,27.32581531421409,45.81101087609786,80.146718269287
8.022268116465806,7.658025546952982,6.8752298583202,10.188457112851324,9.262233738955748,4.1870235000000005,11.694576859968471,2.7346393800000004,7.423988645385,26.26185664721353,24.73923570101971,9.833717033953915,6.6944386899947235,30.20616669029642,16.20677341781588,7.973575131796688,25.90936221299904,20.624306896587537,11.398647361652806,3.8047001047067694,2.1296330304796505,2.9531163744521,4.481017429439461,5.601271786799325
4.104925000000001,4.319095000000002,4.319095000000002,4.515417500000001,4.104925000000001,4.870250000000001,5.438466000000001,3.4989570000000008,2.7809001,7.671042224999997,8.863311976981807,47.08783089632157,41.23859168920275,30.009259966397764,25.83432825707187,9.59209681218712,4.226916827802985,1.8314040789000003,21.210509793892047,24.90915363010182,19.23218990853636,26.48757972216995,23.61664461231442,25.2897249431686
15.407365868626972,7.726913870407769,9.056982254740076,13.08167178683962,4.618774764868412,74.28842257779588,25.523852444103365,6.155382650820358,6.589482312846548,8.282669707225045,6.252862158127977,6.1021554356841845,12.183863913578259,22.64905162741651,9.064053002300236,13.032191668004158,69.4305297635949,21.3114143238674,20.49256812853721,33.286693115465575,26.74973955146109,26.711655905519216,25.608320429410288,6.766226080922844
3.58248,8.862623400398656,8.862623400398656,5.392930341435981,6.882939866899954,9.265469918598594,19.430928480478386,6.05148715157799,3.477409837045781,14.011581051811929,11.375933104796136,11.912218746500136,6.395933583252567,7.8105614189839345,6.508801182486614,6.114731147344655,10.839312398689165,36.00820169376498,30.175477955408308,8.874306524537216,2.970730056229196,3.667567970653328,3.142871125920901,22.23207283093014
10.141499749598788,10.670621475664817,4.397624,6.386097924879636,8.244518920180992,5.19370997495988,11.778255274779903,10.910380327929149,6.870405103091833,3.5393273999999995,9.524191069188428,11.063454272289588,20.153872602181373,59.88518980794484,27.771381054207204,51.19677423281549,23.764693202343107,19.125771372222363,14.45504382023814,16.05134330111098,17.263346732243914,21.669975642015785,26.524253654873164,2.691443719311645
3.809919041085929,9.536718291082911,6.852388078045038,10.967163022747377,9.055979290783212,5.213753280621565,13.28408513424634,35.84355599512674,18.87173334010108,4.929405397770795,10.22915988874002,2.36118,16.375371220744967,16.375627705665327,43.695778881716485,10.380696212392136,26.89578648353258,19.127906551600848,15.093725083580784,34.46621635836022,20.04972052501669,23.45087226677533,28.09140997551352,23.453831583733542
14.138492516925774,16.08506610588945,4.476153000000002,10.65744354306702,9.44156731009948,4.6796145000000005,12.232891718998667,16.248380581696942,13.374645166658537,8.695583856701228,7.095077432641457,15.567617223000576,16.855098405710034,7.380591049546408,7.486633893890054,8.340607990226365,6.030817763548487,2.449032919766254,3.869283870375012,12.770651693665842,14.252457781918231,14.546905945124928,28.75507593150781,21.305346372725843
23.5114748031784,16.214171388727273,10.65659761757102,14.395822900982832,15.410162890112693,13.985355512975396,10.69299420365854,20.011191430226667,22.84357493954801,7.412279890535263,9.460886854560911,24.230455885671702,6.864684908230016,16.075290270797584,8.70257645294304,11.266296183377875,9.04126556160902,20.966432158644515,25.69897209692716,21.78444982300625,31.52637856049371,27.291129227250646,26.79240333449446,32.40666964286775
1.7166049999999995,7.212888454987144,7.212888454987144,1.8882655000000004,4.2859147823286,4.971437238794321,7.7707299078957695,12.538352283119597,17.523084805678184,3.2338017927811413,5.99923784176267,7.478426797807855,7.023218210115203,2.0249338889215163,4.755752870628669,5.901454190444027,43.99146290956151,37.00417444417618,22.933755988057975,25.011647413868737,22.47575354347755,30.969026339153853,30.91783522062576,15.652661969911616
6.211923682129564,5.863998286115288,8.776109921615147,9.17502400896129,8.340930917237534,8.23826082551378,9.928040114446118,33.45769696768719,5.362140437459016,9.329541401728656,12.550847952190225,9.099197364259126,31.16341374790778,18.706494257415848,28.163073373826695,25.93064805602732,51.5471877414162,11.250097002805685,44.99325333016149,17.80428263681602,26.922213638913632,32.34025319420696,20.407613306530543,5.044120278013212
3.58248,6.069932934728944,6.069932934728944,5.009666212096279,4.675712262371192,6.345838977216621,6.823811334728943,2.748315147279436,6.749043583935274,78.24959112657191,7.812007621387625,3.90816,6.034764861539587,5.12411282039372,4.457820769119113,3.6068982124383977,3.154658815324322,2.5738030618247643,1.4307179040000002,5.70105008692215,1.9917860491023711,4.2076798520026895,21.6371405019372,3.4887292975714805
10.5322071985335,12.82507142262841,6.850251087929854,14.705139508742004,10.027266977494092,13.840399312624708,18.53187952405701,8.351107970631103,6.524273555349264,47.91045033334114,46.83818967493076,31.62902271699224,13.49240134401103,11.009706846125422,10.330056679694794,18.076635167445687,28.090745331367398,33.18675981984336,45.50562351849391,30.10638507976423,59.569282062029934,36.8493378297589,38.93492752602764,39.273424092598056
5.032895795135366,8.723957566507499,10.042602144892056,4.433319,9.544621873244514,10.499084060568968,64.64656834135313,56.91107085072756,17.48822617447282,8.082559340842966,8.963644889655718,6.857621497150445,7.210582744257948,8.850467555190367,18.27835568333922,25.170477278624297,16.19007864581024,16.19322528201208,22.509283840909426,20.869727228382697,19.614372386773912,27.859187216210504,46.58473974422487,45.89805378863155
3.77982,9.097900544404034,9.097900544404034,7.485727486153098,5.193843402796862,9.51144147824058,7.429729606038566,6.814553785738604,9.217151839326348,15.26180236415493,8.863680986099588,22.72131098748768,15.256462068781122,6.950642675908776,13.15686505845729,23.99661368786347,23.89805756689967,20.557691097714628,21.363471445995973,21.572946280613767,22.907516889531014,20.931876651072866,14.201484149169328,4.115401744094229
3.358575,3.533805,3.533805,3.694432500000001,3.358575,3.694432500000001,8.217594000000002,9.56325552304294,10.452061485227851,67.60471098011664,21.816990870381485,27.19233066090411,19.558431066459995,57.005731353149365,15.700714110843972,17.411584535540978,19.389613465220556,10.693242819766784,19.11178977407045,24.272337408678972,21.543061459821526,16.978635418068638,21.293674033947887,9.33858146394116
4.254195000000001,4.476153000000002,4.476153000000002,4.6796145000000005,4.254195,4.6796145000000005,5.3713836000000015,78.79674051666217,18.48766487760784,3.6025296749999995,3.995244000000001,4.64094,4.358447999999999,3.9447989999999997,3.2873324999999998,3.662307000000001,2.662739325,11.59331480895214,28.93685046529976,24.4057896183258,35.81718106902037,18.98930926713142,10.563451854199236,15.087277990345564
3.806385,10.344592945599494,6.886621702545225,7.500912607927009,4.080260132886529,19.07650886899621,62.843618450061165,45.69373154186052,22.423366475230686,16.786084074339627,10.936524416768338,29.80664826618698,17.09586234813982,5.815169472634856,12.807204157820019,26.936107884801903,16.379413911077602,21.749794357198923,25.45097973055266,24.34135760121539,19.22387398783805,31.28117831145959,42.80688721377159,24.29980555448144
2.53759,2.669986,2.669986,2.791349,2.53759,2.791349,3.778975200000001,1.82309292,1.7191018800000002,2.14887735,2.383128,2.7682800000000003,3.7333589630426443,20.704389865243577,32.03756990640626,8.524443905321231,13.60882540100074,3.6154004713200014,1.0134251820000002,1.0423801872000005,0.894972888,1.1569241142722462,1.227672,5.125290609595453
3.731750000000001,3.926450000000001,3.926450000000001,4.104925000000001,3.73175,4.104925000000001,4.711740000000002,4.844010600000001,2.5280910000000003,3.1601137500000003,3.5046000000000013,90.7442727073888,16.52213543415851,7.828409774264947,25.995407392047685,18.896455129838852,42.97814955750459,18.930303298521117,20.46402124610824,19.308893425364683,20.78994719997163,30.49985284354787,25.89450588933514,16.851817889181103
12.174087259074948,10.269353190871591,12.809257029113644,11.921718718556347,20.044388108310088,13.391495984982445,13.847166131991145,7.398825691661035,8.982901020008581,8.951455769917397,10.425490701724422,11.671517002198367,6.691121947945577,17.178689181408572,11.604000533255691,25.8355611999992,40.00852158893634,58.65986880468834,27.59950645245937,25.313275297057537,17.12085367006315,21.72425709097764,19.84714560991523,3.8068445201015537
3.731750000000001,9.325645103529222,9.325645103529222,9.74953806278055,7.230477105029266,5.900938247248357,19.53970222203188,63.96955434797189,22.216779833104503,21.787693624962152,68.90132400719395,9.668963368046825,9.080417771730929,8.002333914528899,4.86623702618325,5.220515121147232,5.547567732416866,9.056556286268998,12.389045352373664,51.91244961123679,14.88038581664956,9.308668468392014,14.644842822348034,16.487551428359144
12.83442885324076,5.660650269817575,9.80903569831472,10.532546802807769,12.83442885324076,9.849364212839314,12.808838690397994,10.458840568602277,5.346042759841204,53.92804120608625,19.847749670464804,31.56467559940073,10.231979905318735,9.578296357340006,16.646089427816882,6.793438079613376,8.03318569586933,30.792308957849823,28.181484062006994,22.55137322422516,18.893706044806432,14.34404273653772,17.863407128810422,18.077838598452
2.9854,8.584750281386647,3.1411600000000006,8.974966203267854,8.159060184788958,71.13827180977185,107.0022628740814,92.25324013661036,90.92058504626688,69.61061226068063,34.98259917979936,129.5241764195165,7.636217505937598,7.565673989531578,6.304728324609648,21.781797012058806,60.56718453049985,26.870208149225988,37.64897102469271,40.9125029561689,29.167539803593154,18.85228137026313,19.35390253857089,13.400816257490687
6.702630499829787,16.631481382398192,15.781730819756,9.134156870041757,8.445789615803568,14.460738316840128,17.972410743114075,16.460608736321745,4.255849902176635,14.3609258485896,24.29666349061108,24.471209625067587,18.16487776512268,16.716309627379605,13.324403422997193,38.055424152962495,25.27352528373913,4.365021166583055,4.582421974855322,23.241273233935047,8.742051007734757,6.642179669781014,6.353843695598212,5.900045484373996
3.358575,3.533805,3.533805,4.84125778514729,3.358575,3.694432500000001,77.8365705210006,31.5219865312821,14.17359222,2.844102375,3.15414,5.520937668619977,6.9288811862775255,12.084193114699561,65.81997312952743,13.813116677202254,49.55327874703754,21.37837743153891,19.54164209871538,15.955804062133126,12.950760346747336,14.579633350077344,9.235690599654731,2.031075
3.88102,8.90868929640396,11.521764604148505,11.11029292659181,8.434105763494284,14.322024058811492,13.833594932664615,18.86230555737877,28.378746379194105,48.88547216087919,34.614460332363834,17.740784401269156,8.674426242028193,13.938659482533314,8.643461012843572,8.025912295553699,6.335829653533584,5.716522622209141,4.290571822340189,3.574633026913416,2.777163846281462,4.439290350430977,6.299014533950866,7.873768167438584
9.252919015445858,11.625199043021205,5.891105291317417,10.867575050224255,11.739444383159022,11.779301018385755,10.466665598734004,9.078120615912502,18.52559496203905,12.847744205782456,26.415570857496363,28.36241866009633,19.098097119655417,27.117239507583488,8.835011028732932,6.334055732618564,6.379866962764577,6.325893045858533,3.695294014107669,2.492999637969353,6.015207227893165,13.26564596311564,23.826225020929098,25.1837558268156
8.715786804249074,9.170523507079464,3.533805,9.587365484673985,8.715786804249074,8.51592312382417,25.125567909526204,36.4323888334136,47.28142998553572,77.44687831324617,56.58354712125101,37.34036606231454,17.39054001686506,27.742790589679817,49.52820425896577,28.57628285629326,34.53994282798849,24.351245917004547,24.926416116688447,62.15031217281867,37.24476251300421,35.71947996293083,31.65251856918469,5.748101803558652
8.760703224195842,18.625446318358083,9.630592301440313,12.052628473005178,14.31330675769281,12.87329085681098,16.766982731608675,21.021194097474,7.535756557533306,15.99783188910838,13.45222080709584,9.884125672905782,14.664067634758798,11.518429376755813,13.001364041878652,44.528668360205224,47.05649752007907,13.734889314689074,14.074023052021245,27.206235014456528,19.07948414084421,16.617226378254774,9.55810555021074,8.511480998579238
3.2839400000000003,14.310948024757636,14.310948024757636,10.11079519849617,9.266323167816694,10.407582914190826,15.114455036425746,7.504661157662907,6.238043496801406,8.182224899236878,7.569196043443944,22.244615558121456,80.26157492447435,9.008220383679214,9.59865478274304,9.84735822410666,16.621563641227343,62.34212791444034,13.393201945787572,47.84744871028923,17.928799438391167,16.56479845143471,45.65962644229429,15.410198808180253
8.289932306857189,3.690863000000001,3.690863000000001,3.858629500000001,3.5078450000000005,3.858629500000001,6.4720744576526,19.766424554615263,21.76311012120613,19.03053266658133,21.57167590110792,25.38809317195655,17.494134677759494,11.561779371589889,11.839234571838427,3.019797000000001,2.1955920750000004,1.565018031060001,2.17867154206341,27.83184490137179,21.38133432606345,18.39584204476735,22.199482582869148,6.822276671634974
8.469262082362723,6.904072142512478,5.7890363184692175,4.1870235000000005,8.469262082362723,7.451037457653906,12.637101375474206,6.722837744135076,13.398310624205578,20.69794944045508,66.8189620050266,12.340358979296862,3.899664,7.853315749099979,22.81416637940518,51.806780177662034,19.89317187497793,37.344717688961886,11.408845858946984,2.1730145817818363,2.3889798488374967,3.687643916968687,4.097382129965208,4.352679663604735
4.03029,4.240566000000001,4.240566000000001,4.433319,4.03029,4.765133341759159,33.40547328878847,10.49657487532211,74.2998098295365,26.37227621321665,25.971756900721427,4.39668,4.129056,3.7371779999999997,15.080196931907725,28.596479405823636,57.95563255461518,36.919972486936445,13.128533668778484,19.80223651919024,31.37379429359604,20.71949465490124,24.329415546040707,15.740918974436948
4.530966938463677,8.577662028382571,4.319095000000002,9.670524955410478,8.791386323100436,17.295460811774134,26.89905040081573,23.193259897269392,10.386209513273004,8.903628790488288,17.746304236075353,34.4516540007379,56.4731490178239,59.99218469236932,6.34271630008614,6.101170768307196,5.50260862132241,18.224216006494345,19.968531537014503,27.861588842021863,18.38060362438395,20.036193202009827,16.65719199762558,4.930061195877284
24.795147171462467,40.00660297279212,27.226509884362716,4.104925000000001,3.73175,4.104925000000001,13.942013134099543,19.77111487316401,14.688678658597924,16.223481702060337,13.013453129822627,10.089061643286064,3.8232000000000004,3.4603499999999996,12.090032856622184,23.112322171217333,19.03291393583532,10.60160755771316,8.267922880311135,10.276081321756738,8.538971522371298,8.442320597283263,9.860272802737784,6.150157659514406
9.019821539683056,10.622103890153172,7.252220304214799,12.288049894850722,8.15936837561056,12.288049894850722,6.80143698252888,15.457931470773994,7.567813869126245,24.046321897890905,21.13468145226089,4.23384,11.44470906484121,10.358521398965069,11.328031130462444,12.269355449442715,21.05310310281183,20.27727819531193,29.60835477004796,15.815972233580144,20.016697030908645,29.507317331202653,28.386814396856963,54.26613372021753
4.554735816607949,5.536282958080005,11.24588637719384,13.142460135011744,7.413664144999092,10.705019308012991,14.751071422285117,4.847652886854843,6.728863320000769,10.117521996498706,32.92117304567098,39.17511645306152,12.240480298221499,16.813620586133613,11.434102537951114,10.285403583922234,24.494106619721503,40.93234276826157,25.295863575104764,26.66302951604948,23.52460972370944,27.661794079088946,34.31292762138079,13.973438064084538
3.88102,7.296180301754714,6.06053710877213,9.953080687719872,9.048255170654429,4.269122,11.424405658948032,13.317659534395377,50.91275432452901,15.174512946961158,9.80429181244068,4.23384,9.269991068117106,8.390200249152288,2.99897,22.242268331471198,38.11000602884769,83.20848388856415,21.06996522026787,21.03498012547428,17.958510961071966,59.71004881043746,24.59155838841672,21.13782647901582
2.08978,6.056325819157973,3.781008756583968,4.425477016966762,5.360761719750862,6.421273993768031,23.16728157753973,4.623790516755473,41.55231797747657,65.32891860454716,23.151784592326333,17.535649560817085,80.89193372274087,21.114883953254747,11.794427828048665,13.211253221079732,20.511495901223427,46.66931000985446,42.47294344206896,15.342287230746116,16.415476908689953,20.494258951876706,11.291528255801158,3.545864014273296
15.279605136674116,6.758988435937097,4.901336995214617,7.3436566319642145,2.38832,8.730863876659573,35.79766681317934,21.45627953373089,18.557152315068645,6.721322067031728,7.217151163587465,2.60544,8.1316561869571,7.359901780324597,6.133251483603831,3.3588005428443357,3.862868360263025,3.5411431425853785,1.8058754959541172,3.260387548160452,2.799322642359982,1.0399104,3.8399487549519646,4.799935943689956
3.731750000000001,3.926450000000001,3.926450000000001,4.104925000000001,3.73175,4.104925000000001,4.711740000000002,4.239635218945586,24.695421720652032,29.398272072288915,8.455654930786627,14.099367427801964,14.376066921009775,9.549809567766268,2.883625,20.145191631133166,25.158110712376384,22.489783559692786,27.33140585464218,18.40309016556953,12.488783237893175,14.033499751489112,16.06161509250067,10.96191326496105
9.607859390652632,10.640212993840908,16.03488386768601,12.819131173405133,12.53176067529243,13.431083978862468,33.47421223262033,9.938392320580675,9.842908183404331,8.959695062491294,16.345908106514965,17.788960800204418,15.154111384521567,29.48848271043214,17.226354678531745,20.786976576046637,31.284304345792386,18.29927075683092,15.650908577388138,38.14335817265534,25.780258046412143,28.79136157798509,28.14573871059519,23.468137626295483
4.104925000000001,11.832926958528017,12.42922362424635,8.21920952348163,15.099020966991214,8.307433732142895,19.32018900131149,29.30067522092432,42.7844549554734,60.489741743884885,55.09785231474377,37.28963540165847,86.47174476350074,22.36139483020728,21.86912394573269,13.977563889678738,26.10738705455565,42.55155915204448,27.750841768988963,30.265090706949923,26.361319597844343,23.463200076984705,30.201581040667893,25.741859983364847
3.58248,3.7693920000000007,3.7693920000000007,3.940728000000001,3.5824800000000003,4.692138000000002,4.5232704,2.57377824,5.47781616,16.60051651428289,7.997616000000001,3.90816,3.670272,9.478802459956599,2.76828,3.0840480000000006,2.2423068,1.59831628704,1.4307179040000002,1.4715955584000002,9.768897849855763,13.652208266365523,18.66947425920872,16.074371868739206
13.777546239528556,13.5816299906883,9.7653893249169,14.198976808446854,10.245410663193654,11.003676722337218,13.02817118990028,60.240445898999,25.691292792445903,20.597668416163817,9.266694283948034,9.06421653432059,12.959066579811568,16.175252839088625,17.180887894004865,74.2783049310993,40.5228346523095,48.8933916494995,51.29093162543476,27.20316508893004,18.73890615923548,26.51895216774648,20.56873958780412,12.947373572824002
23.144032787065616,24.325224557885026,11.88811031916377,11.632054772618666,6.958834426636687,9.054065253051965,13.951834302416373,11.871494150916268,9.058499546857258,98.28782338795948,69.4719141465174,7.943202927079166,9.49790025087664,9.805533775265319,8.63750443242066,11.12149963804852,39.72054402592885,19.39373429723521,67.81465472072799,16.948620470749493,14.976170715001455,29.75173386041258,18.15331657934433,6.763051873861419
3.060035,3.2196890000000007,3.2196890000000007,3.3660385,3.060035,3.3660385,3.863626800000001,54.0249343446045,17.550830477162414,12.354536947171889,2.873772,3.33822,3.135024,2.837487,2.3645725,2.6342910000000006,1.915303725,1.3652284951800002,1.222071543,5.174605718641837,15.720692964815354,18.093682386906394,14.812530741372758,6.879350069889265
7.4190816102871295,6.56833412908472,6.16903412908472,6.449444771315844,5.86313161028713,6.449444771315844,7.402840954901663,2.4129171,3.972005159987245,4.965006449984056,5.506245338356608,6.396143574858686,13.615435755242382,25.21840238123136,5.9273806067484145,5.047391560160225,3.969078326075171,36.49386948585929,8.053747095106063,13.084139295598307,16.83773310797058,15.641019877109636,24.89723553204491,8.864953839838485
3.88102,9.51795846667222,9.51795846667222,8.142852188020488,5.289649159280177,9.950592942430044,26.692889779154967,7.944518355263066,6.128249471651958,3.2865183,8.49536788760826,4.23384,9.26767405920901,11.416387867031439,8.749585951293831,18.120293895635083,4.486404558530549,2.9884234752690664,12.8763907425798,12.716202641153314,15.65625290867856,19.615638410670577,12.183096966847298,33.95343783258258
44.12134390087045,9.318813896662586,13.047630612624108,14.254866674332758,15.490849242482971,13.574652823227884,8.569026984127323,11.129164907947336,21.265412817779925,12.4713667982323,13.525661721327369,12.225355988071902,15.41758680106739,19.612052446878796,9.080026691471272,10.8829515365135,9.6958633667723,13.41447657496154,17.872917266562613,11.45048012135892,4.109800688698355,6.744948429058992,4.092004405543993,6.580901519609053
4.104925000000001,7.271811962042333,8.709291962042334,33.29877951799702,6.911226244916265,7.602348869407892,5.182914000000001,6.975113812959479,8.761884857715028,21.86126343765819,10.520021838022172,7.539519539908652,7.08059226356639,6.264024575093336,3.1719874999999997,5.949664332580091,2.5693098750000005,2.8052018360909248,7.596823737845317,10.69576265378432,9.54931034093148,16.20437676807022,22.62394191709773,10.801483274713991
8.349465225927625,14.833843993882018,16.31632465609564,15.19829772236318,12.503518293311078,15.521857481017074,35.250632917935015,23.644599489144657,31.111567486987827,16.558325410022988,16.35184373134944,17.680382071867577,14.881760127722991,14.053789369882837,8.281540257563353,18.268252825860202,20.479606383721865,24.58643979258909,48.86083956065741,33.50280155929466,31.993753523024843,27.331232300004345,40.903983075887,23.22254924055335
6.286684644337257,16.319090424628474,16.873387124647014,21.67281136000724,8.163145383718264,13.094708128468644,34.51090795936498,22.96767514630493,11.450655864091107,11.423635654778836,16.597605578761662,16.341406038372153,15.763807180109772,15.240013203328374,19.586135703703004,15.260919265141586,11.056868325682537,20.0294804509751,17.815500340117605,25.812243013189025,28.01816956924037,29.157155760896035,12.95640929332238,9.388536179712576
3.657115,9.090756563376596,8.375824441097969,6.015970598473747,7.0545197133075215,9.503972770802802,10.908907876051916,5.068212336638848,10.421661995791204,52.16994689118681,8.114063709460101,9.425427541292034,40.274458341490465,26.57586752962328,39.262732351391186,58.32906606913053,15.027807678393218,16.172828893583976,8.558358958731763,1.9674441781358751,2.647793863075431,3.761974992567865,1.769292,5.224965267455367
2.761495,2.9055730000000004,2.9055730000000004,3.0376445000000007,2.7614950000000005,3.0376445000000007,7.773572400000002,17.09093222130186,9.868888892461968,2.338484175,2.593404,3.01254,2.829168,2.560659,2.1338825,3.4302057273090685,16.162251003395717,9.959623946213132,15.50173188936994,18.623475575975714,15.643468259103544,21.894931435753527,7.714704418689264,1.669995
7.429866802980624,8.914270706175024,8.914270706175028,9.131569924007286,9.99844326884316,8.507549041318136,8.496245366085253,31.991917319433984,17.24886353684591,9.019580495645178,3.2943240000000005,11.381729078501476,10.912157877529138,17.453775885794705,40.175111699534256,38.61573926578451,19.74325105867129,16.127644928181557,27.3176298990998,27.67306089558681,21.29478177615519,28.24461569066025,32.77895083903786,35.99357659270344
11.875637948935378,9.884023247851914,12.764406576198713,4.69857554864752,10.654213325833302,13.344606875116828,14.404851454994276,2.7054193020891524,11.48892336231142,7.825296039936465,9.053229954309444,71.48174639025419,12.264521501860852,27.286077208729832,15.883662930351361,11.147249078004632,15.012027343874497,16.4794759617358,8.972906478308422,6.48047693318623,32.234680952592655,26.752095110209364,14.272979064235086,6.8897394082476096
21.075898784096808,8.148114178331697,11.62032866370412,13.124547842546397,10.510959861758275,12.925610954307068,18.600174471753157,11.147860151480389,23.177141643284354,30.95361812721005,16.10985007066705,24.80498307439993,42.85746579620192,36.05860745449435,8.312144464644673,67.11561260446892,23.151727974388667,73.18006295260517,18.373971404796336,20.57285024857843,39.5559063181055,19.526295319320536,20.11335169953716,22.06049975983248
4.104925000000001,4.319095000000002,4.319095000000002,4.515417500000001,4.104925000000001,4.515417500000001,5.182914000000001,9.221328594086485,45.789749769027054,27.316263337094977,16.384928091706698,14.56332337455622,23.29373203815023,20.051837893990047,16.345148325800746,3.533805000000001,2.5693098750000005,3.5048467221168926,7.791864938073377,15.09420263706318,19.12244839669101,19.64782230985212,29.880422525151644,2.482425
3.88102,10.234705486646773,10.234705486646773,9.82299245798479,4.412490857223425,10.699919372403436,24.9991160092975,29.321117876344616,32.03850708019172,37.954230822693546,92.22392785694976,39.2004898101418,37.58942912907488,23.673179485392115,19.529714546513173,45.58442485967097,32.057093646636616,58.73034269685623,26.96914237626897,20.711040512094183,28.2628153959498,41.74714759427352,37.10678087820182,7.651036209422378
3.806385,4.004979000000001,4.004979000000001,4.1870235000000005,3.806385,4.1870235000000005,4.8059748,2.7346393800000004,2.57865282,3.2233160249999995,3.574692,4.15242,3.899664,3.529556999999999,2.9412975,3.2768010000000007,2.382450975,1.788511410180001,9.500076340621566,10.926838228863629,23.7293801185451,30.982900231818835,9.131398543944911,2.301885
14.88187291621525,6.414354834676126,10.84341383775607,5.113344218762316,12.393985966860866,13.415281019794488,17.48793683540261,27.12861957277892,25.718811449137103,44.1299662160304,53.32696319731396,35.91884487703615,33.28011778975807,28.283452466384475,21.3584182581881,12.276493081659845,7.337300912996225,16.73608611481039,52.84811582242039,21.251036925429283,13.63979913967087,19.938418774471984,23.757700698359347,23.340887902016444
3.43321,9.994960691667655,7.168828298741835,8.481416324372091,9.32580640288901,5.796219416048417,26.939005874989515,6.7210677815645,19.128103585452468,26.18108675936619,8.921121939670304,9.794982105170387,9.19876580311654,3.82718429565904,5.334861231912667,5.18985095120803,4.321237597849259,4.559761303859061,4.110059076600852,13.55553532157066,18.60149750634897,8.800206626941195,4.5957294840725815,8.87519657811397
13.180810793359838,12.292455631697052,10.381953476334376,11.310483300041028,10.66008113957836,11.632621736588016,26.74864859548667,58.67893629212025,8.954409062369207,7.695372693938792,9.189284716775848,13.33804337169405,21.457856440202846,12.053239176036525,8.268127950376122,8.353829587502338,7.232504946187109,6.153718639096088,9.870528037997133,5.3597964754297855,3.8170668170922095,5.128744875799114,4.449135612677542,8.341220361283375
5.310998990826338,5.588094590347714,3.062631000000001,5.842098889908973,5.310998990826339,5.842098889908973,6.705713508417256,2.09119482,9.337155467239803,64.7246997519498,3.484965597128245,5.79381708090146,3.546943373264571,8.8199502626479,9.462928371927694,23.117244481974456,45.3484814353329,14.154845774236078,12.404462962544,13.226830857140628,16.016124749443655,17.802480477793335,25.224334502074857,2.808588541447868
4.662077141997287,12.082654261300002,5.227547049273806,10.77903699439102,9.033492794801427,10.86671890997243,12.09245149132138,67.22605506263552,30.745667807100563,29.11968778889755,10.353101008609832,12.026329454445763,6.188235345499579,26.374780654458398,41.71818724268647,6.955043622695492,24.4187794255298,12.454865420721704,26.507078097115592,27.778216718541536,29.47507343923081,19.368875144346056,26.88480506370161,43.99076947117464
8.743975180197035,8.967606463589199,6.874421407765258,7.916338385147777,7.196671259225251,9.618372698216737,11.04021909708356,9.189443193696004,47.13211102137833,19.43510378861992,8.21173321270678,9.538882014760398,8.95825441386194,4.4186341295538805,5.902676708836658,13.045066126408239,26.19808056519271,15.427927426511667,15.191062445469546,24.78448743428486,22.344585244631283,16.517083655356377,35.87529988698466,5.287858508182396
16.612617261005408,9.082302717607025,5.104362644185925,10.62395981933213,6.903663134585405,7.594029448043945,9.343929301593768,17.893168887671628,5.920942275320923,8.567450629628404,5.436212976900025,16.808655985099936,9.894827111645304,7.623534452244921,6.194350106455342,8.314403336868626,3.097280290669949,5.744014504107043,15.776497398538618,3.3771750687650237,2.8272091164141573,3.0059586201815347,12.691900225469295,2.43729
12.928120919424458,10.864074225504462,13.336335359223492,9.466430510629625,12.98260452605614,16.75464559542854,14.198759752776326,6.108454016939607,18.350003305540334,27.848456324420688,19.036950202738808,24.045423364964183,14.280851786093885,9.857302328294649,8.156455806706902,11.097794321982988,23.66160526457366,23.52670178859624,15.136221877322278,18.1049512629584,19.708209809466464,19.914550031687384,29.1118869307511,9.03896622979708
3.955655,6.720990777884656,6.488358616258778,9.701760217395186,3.955655,9.458553866604491,11.135933466923166,6.336438175187274,6.904557805781557,13.81974142710076,6.621816730399396,6.003634666646113,19.408462141884122,30.647734900810086,19.88149399887745,26.083359288284644,4.690063202115903,3.5403607359092444,5.627246199868208,13.83238997570209,15.785644385122591,16.01944671832606,14.702664275855073,4.79887540990859
3.808915,11.608915780081874,7.250613867361008,9.290705190110936,9.955278965238923,9.24028889662021,13.930698936098246,4.519040585578737,5.690796103935024,6.930923145604291,3.434508,9.323498898767449,11.003922115883515,15.526659607630373,4.932742169055076,13.629349407179205,62.98553154379732,6.475970898027112,11.56730735875681,14.664236105764038,12.508993146677344,19.77390621035473,7.9063471441619235,5.080000722899362
4.158912171281513,6.521758398559025,8.947147001272805,8.901622674309012,7.818315869358709,6.448281223980663,11.200462851654274,5.43488266793122,12.997696792366952,13.76858096531219,21.342051036758328,12.748640932671345,6.350262122113069,8.901595951120786,4.789646006454879,8.264141509608306,5.380828804616004,3.5094001660075143,6.256469722451923,2.930122256287135,6.865395705289719,9.009235646743315,9.961871543010806,5.805388663774428
9.570378316013167,7.685055692129929,6.360251964387648,10.527416147614485,9.570378316013166,9.69640290021251,12.145328989316292,100.6530879271138,14.92096694320199,4.4791609215632775,17.361905200768813,7.967976600405183,7.224975996070314,12.51821915867965,58.95715084352644,9.979480554625068,26.31472126574439,20.633083700878224,17.402111603652052,44.03973789545382,20.971145735754096,25.55666901503015,28.029052751552104,34.06797015765071
3.209305,3.3767470000000013,3.3767470000000013,3.5302355000000003,3.209305,3.5302355000000003,4.052096400000001,9.38901942,19.011244320000003,21.331836698514014,6.292836,3.50106,3.287952,2.975901,2.4799175,4.768329990434031,57.62737762447387,71.76251017193471,26.092032843610237,1.3183043544000004,9.746457809202049,23.15095812719128,16.49228323424059,1.940805
3.358575,3.533805,3.533805,3.694432500000001,3.358575,3.694432500000001,24.80147018926408,21.07481941072453,12.722123939985096,2.844102375,3.15414,24.389458481762404,6.620249091147195,3.114314999999999,2.5952624999999996,2.891295,3.67541955,9.082390362217,14.69417434735214,7.562852749796409,25.86448202901476,16.831116721806982,19.89031295077764,12.45786058462527
9.30940937029204,12.428141775286225,10.151788187063136,8.442859428183558,14.698645776955782,16.29448429010063,33.60415692270333,19.76272500660208,12.292625085771476,13.982756699718502,13.062893340888817,12.559440697902568,22.86770972840008,93.26726440395726,20.88174968315973,22.809434646305544,23.217166366743527,7.428105417674121,15.567435936833496,15.269993075397569,18.14533918329576,16.533427348085624,16.86211847934064,40.04304806031043
28.614007655433632,4.02902330113001,9.48128062486021,9.91224792599022,3.5824800000000003,9.912247925990217,21.11254365608816,62.70350189457242,21.423896316185196,50.69183261951209,65.76753053371405,41.89000542158895,36.91279657819685,26.832664920164582,9.743773217855667,12.920601215459195,49.78231662061671,31.880741273081345,15.795405967340878,18.328696982353044,13.091630730914646,20.476627873522897,23.576879977582102,11.039021420583314
10.17819,9.38151440473682,2.669986,9.8079468776794,8.916315343344909,5.980711671672454,8.075303342645931,28.995804026403373,26.767346632784893,22.92821330150764,8.37358310505435,9.726889465467172,3.455136,12.798087022205557,12.080319525146672,5.179761552527176,5.58080283081179,14.839263516615508,21.098259757404072,29.659161597795315,19.17956646188662,44.58651163563479,18.000093977485772,2.937313647189035
8.444794274758543,4.987487294504729,7.667296942415132,9.543966354721748,8.676333049747043,5.214191262436762,52.97208547123459,48.69779424969169,37.62581616209918,37.30245025742323,25.6857100148915,7.444388563460758,6.516826172823069,8.04532700976544,16.830201533795044,13.783554575902143,26.00011812372216,40.41466193857775,27.255951077161622,15.735645400558903,11.454596728692666,25.26884700648109,19.956917668058047,5.246952397673114
7.05887401114871,12.626881242739598,13.681554413742196,17.415061555282062,14.998513350966013,12.896978898321954,14.056920817614223,9.750145214957728,8.013788085556872,13.53603571548934,9.257124553410282,5.872077058789065,16.376300298512618,10.96895309617285,12.3517234118797,10.789569778097354,12.75884909001948,11.430257358801324,12.089219140417775,13.89812256927475,14.070858691587755,18.231429902780608,28.45469046892228,34.11934978276656
5.6963064626071525,9.101815918426906,5.413969916016438,7.414424148198968,6.377858418581423,9.41769784496721,16.303478668474323,14.659897958166464,38.187139604226914,5.502583359544957,5.430336740339519,47.00856374124087,13.682403611917207,7.563682570466688,16.199461498821847,6.86348526598825,4.861935027610013,8.365919023135053,25.856299973220537,8.746970175082206,14.022166347253563,18.09520608693647,23.155674594488524,18.35843665261085
4.36370792037386,10.056317859486782,8.359314253057216,8.65967998363953,8.50439426913707,11.440294833284511,13.131468852117877,10.127931947684148,39.03066908353467,6.372619271872676,6.206262737962375,8.5860707969931,9.728176213132286,9.517391237536724,8.036570750654407,18.042867353498366,16.066507070300297,18.62346892097517,19.65295243249531,8.536787837775863,10.61819734397904,15.253746488116183,5.031592122148847,6.289490152686057
3.731750000000001,13.8270162956671,13.8270162956671,9.89503594120777,7.670347309466267,14.455517036379238,5.7563088,19.19978320484257,51.076578078603525,25.809544848298483,51.48544898486045,8.593791168765092,9.331651746473806,12.173966074014213,6.0999945713001535,10.489124028931267,5.630357227703759,15.06111852158304,44.313981724190825,30.73627992558515,22.78868816314455,14.463480654895127,23.82742659249233,12.88584870794484
11.37069091725948,3.926450000000001,3.926450000000001,4.104925000000001,3.73175,4.104925000000001,4.711740000000002,6.383965997432775,6.372064694723518,12.704068118073817,20.10231835989908,16.449141856476754,26.644359171312193,23.43810647079651,17.007546897904064,16.43729304376781,26.42232114297357,21.889266082344896,26.548297002310477,27.401716263930624,15.58255520056145,24.251168580110413,28.51129775011709,2.25675
6.696547211395051,11.452468917276938,7.927239610090529,10.82132724781669,10.884577896585514,7.049176064540233,8.47153749621533,17.738506932918444,8.418158538991161,5.848082960524758,9.828727664618947,18.23734351325611,19.172851558614713,26.22248866844694,15.360782605354133,17.038695128313908,19.15035966524614,2.5846563775358216,61.2396016210494,19.77190080320089,18.381778575294625,14.798639880462645,23.499838942780915,30.388894748471763
13.057695558967165,3.926450000000001,3.926450000000001,4.104925000000001,3.73175,7.082735000000002,28.33798395793071,20.741352670277102,11.468354009583935,12.298271811491402,127.27200605484174,92.84229998188742,5.921054924449393,3.4603499999999996,2.883625,3.212550000000001,10.115032613190188,14.392958085372706,11.941574359440883,19.711532783406465,43.723920922564695,7.051142140819936,1.8054000000000008,2.25675
21.90776410228169,7.002474260462662,7.002474260462662,8.26149534117902,11.176026231992626,7.569411560537282,31.90562751302728,32.19813711140963,14.91974475121445,20.90935524094081,6.538140466916303,24.580243529612844,11.491205835062884,10.782424118952333,9.41004133996903,7.372778760295548,18.34861439896441,5.187855540592728,10.157634949351037,17.91367728037578,17.423203003427336,23.932340730854264,18.463433191206505,15.62248024033484
5.452840278607701,4.129392991387949,5.298806301755808,6.762229594492927,4.063557936745058,6.609408536888036,7.586451537993223,12.753329683064743,34.62695790502931,68.24505454539752,42.23718010629427,40.932702576694496,7.8589229072864,29.569959720843517,21.572135054036522,14.883420571435973,13.25585426542922,42.56892375988047,31.0657461622821,20.29809890712754,5.835465894509287,7.507243303761037,20.66552067175472,31.085222167611075
8.764603866917446,9.221887546930532,6.743480480143925,6.27268374011285,8.764603866917446,8.086427093533954,9.089168124696284,25.380635389422785,29.14322335948287,48.69806650596144,41.461248916512695,123.17323022961064,41.49153570159038,14.116848634789784,53.358616745205154,34.01578187994542,34.244966615847,25.464926427640883,28.339684532014804,28.51022829939355,19.699794373119687,26.320543774363102,31.071104933682776,5.015437785261836
4.254195000000001,11.37127760041875,8.974825207168879,10.919730231244756,12.861318611350832,12.641252727484128,12.909229672651328,57.977941120624735,20.864846996628025,10.891198442248452,8.710297810440384,10.794071429734252,10.838453958417448,15.746182065301694,12.603470709483211,11.120899460860855,14.500233955374693,15.55551211045664,19.14256243615785,21.25078339951686,14.785340601869278,22.63921817614022,25.14628327022356,17.10004953987506
4.908006205874174,10.976614868048458,10.182914938632385,9.1898515685871,11.322035916371306,9.92543922227245,19.25332677955668,37.791191782503695,18.499501719428597,4.656411111822043,53.9489275738398,70.05917345020544,15.552570143788547,6.370917975912363,9.513234295848385,19.555785437781495,34.55847077774907,28.67431653349437,26.64677562581503,28.44678399844593,33.88508630420216,44.56549245959009,59.0971640028142,28.8497524213956
3.58248,9.299770178295503,9.021048659142204,12.927784474844607,11.752531340767826,9.74807288108978,10.349990979357006,22.509460956592378,11.415500470241067,9.952257221750209,10.53960740390845,7.908240922207713,10.683576772356897,17.292552075195164,19.7298389949742,3.1960680667095094,18.277943053732045,44.63857509907204,34.22155280918078,2.758263053664835,7.774978269391082,17.77039803845329,22.11200872680753,9.264708032449796
3.2839400000000003,8.262154421926123,9.360640501542749,8.206003060214972,10.566901622536156,11.623591784789772,4.146331200000001,14.247051008710752,24.64639033097024,29.43358942253284,21.073490453713884,11.527529042766709,7.819652428464236,8.703825132300192,5.422419108318996,6.422089351472587,23.502811782334245,25.043336500326483,21.424290803957383,24.94625716788452,14.5470226507541,16.52638508883612,9.190267205466446,5.555204850167978
3.060035,4.14897917072266,4.9233876463248745,6.2806303990847,3.060035,6.2806303990847,4.978775004867191,3.361737911895545,23.594005051407425,18.603836548792728,5.5003607470012295,7.219784689067524,7.907468922239048,16.85182683536383,4.41201309026611,4.91527596450107,1.915303725,2.547355173900764,2.280241204258996,1.2569878728000006,2.013719505059893,1.3323852000000005,9.566085668737951,19.215310904223408
6.326025556052128,16.370718032537194,17.357404572822627,19.883618943443057,16.118612492655785,17.194490286575174,15.132606147631908,11.726463212863264,13.271941500665315,38.52788204604028,39.3076927947931,44.89302285144026,14.718632137590614,14.31519065276083,12.101013429458993,72.73440388706915,29.398962869091893,11.097647721635385,9.215786166619788,24.69661285532766,21.40417258871076,25.486802294716423,48.15987151113285,8.684159679877883
5.663838711706752,5.959343340143627,2.827044000000001,6.230222582877426,5.663838711706751,6.230222582877426,16.2724777698379,7.727421229986065,3.8369932799671567,20.18377269491686,57.48117938988168,80.25545391431467,53.846235503837185,40.98755352625717,33.80794844568535,36.69219822568349,20.423946515028423,15.049020580877254,2.9109336546095244,17.098257824998893,20.98847360568235,32.884049260998225,38.78693573249153,16.81097188771001
7.604060126897596,13.833707801330297,11.258372691564672,10.236949275891336,14.99103562655007,21.03756118920508,25.426803780598156,15.80574772788525,27.038534404562878,36.64382447554164,61.37860568104118,19.68412381087575,21.86002264600662,20.764636810507568,12.689459775690603,69.60223475579232,65.0624935820609,28.937997389174647,17.185986327564414,17.72945727045492,9.228718849923473,27.28762652676145,12.159432471289978,15.522999296494666
11.937536542176154,11.599314914744712,7.099136404469565,10.984998816799797,12.328991228389867,15.679264886723589,39.6901091704088,108.2908481650497,33.3361486644175,12.76167832104691,18.864364538119283,79.91041777983646,29.879390166515226,14.843433731448824,24.41167789836405,9.265687616260575,52.26795011405935,18.9970565096383,31.52448850987792,36.6941921220699,31.56302574915067,31.824625817238488,32.04609065799696,7.219142651987951
33.09825523801687,13.727994438842195,9.80533650003246,10.997226601874502,10.962345663399857,16.266017933191126,15.27524802406042,20.50994705589534,21.988758294452808,12.150774454622905,9.245172164576315,14.80018443875215,8.313904144131568,6.54302857158751,10.064303691982412,12.866102680712103,33.68381955180201,37.475322956407474,22.96198723499275,26.50135719594044,32.13344205161979,37.12528868974611,5.929553601042509,7.787589451646151
59.12385440692974,80.83367175400485,4.6270798653599226,6.930298830663026,6.739340997086937,7.413275096795632,22.40284261578891,36.559697361390576,23.89299735242765,5.706996489805893,6.329120240742516,9.074582827138482,15.148311917058518,8.258669626120849,5.207672588658088,5.801693554013973,20.046865487248592,17.715832897985408,7.824048571945567,40.58844129666917,22.164902787476063,28.468910312012905,31.061850655698024,38.63741950706775
3.657115,3.847921000000001,3.847921000000001,4.022826500000002,3.657115000000001,4.022826500000002,8.065597139275736,5.273059647057109,2.4775291800000003,3.096911475,3.434508,3.98958,3.746736,3.391143,2.8259525,3.1482990000000006,8.908900361089236,18.71412326563543,33.74715633914263,26.187391741967875,23.60140414065376,27.409749672824965,27.443422562083462,33.12322957216106
9.629252941698091,7.903768839223942,7.346798862191951,8.845317853358473,9.62925294169809,5.0775835,27.790007688237097,16.25762364924291,10.247298822809324,11.961000446614978,10.002239866138304,7.906004292995465,6.0689595378916925,7.45638364497987,7.867262623741486,6.466719959365044,5.364384958531588,5.68510786673737,3.8455886943771143,2.868238849676512,2.1825868195341167,4.192721359910916,1.841508,5.823224110987383
7.9222941269560225,14.66333139475484,17.40364558099071,12.326273805689269,17.852638368927227,11.956322483222886,18.383916271138137,11.679034097981582,7.792880186652445,12.778607063757766,13.656633165489431,11.042745401313312,17.137633224239902,11.967474369152967,11.577448726845565,10.949741780971964,11.602468012361324,5.312041297098529,9.067770227423132,14.449666319702477,13.54877179376579,23.68682354486251,15.66930492222285,10.3435299244259
8.348913194438692,6.715618265137357,10.986483611613965,9.951159419362934,10.531735010136844,7.782917444594654,14.663697419982114,19.5808162689882,34.320496453567216,84.9357001887721,15.482556946923571,18.495799826997125,12.530398985744998,11.979462925586784,8.63745631424964,23.34891177272638,21.97497121769856,18.9250417139019,24.223202920928028,15.717588450039871,19.302568054400776,20.05355008713959,11.059601301899631,6.061425842315577
4.494011839076916,7.345052054963195,4.147022014656852,8.286808065123056,8.915030076615361,9.806533084276898,9.860690479147005,3.014818829324064,4.54200819798813,27.78713397096892,23.46507176669612,12.418064716885118,4.320531949217026,9.981450423965379,6.888886877384596,7.436808062957842,4.1964206177064245,2.744655060720977,2.898252583525462,3.662077293871727,3.144207777566634,16.663835412710583,1.5057830099492848,5.057105248732125
7.672791911893168,10.211211740616427,12.747473789472226,6.363445981899266,12.37669563581353,14.764208331908751,13.005255686479495,14.865816466287251,32.470613813045325,38.10774638161796,20.27839977745874,93.61178311981443,14.141869450371212,9.295671499391288,7.499218239258117,9.529874048154172,6.11101070078007,52.914224120588514,33.99352777359016,33.28012652838412,20.89155629630763,27.391628917490635,35.79154623179046,33.89692288616705
3.507845,12.79914037354005,10.482109130812956,5.830852447220541,14.456652255843846,13.731577481428232,15.358968448248056,46.14837074063664,8.24087702277712,19.122475837792177,23.329583376816363,8.889121195602318,11.978511630521066,13.4552063585463,7.373747160214548,3.2231704040039038,13.84190078355576,36.51550338524196,2.782438145641736,4.996869024245727,4.2902410814230985,5.296593927682837,5.717745008996753,3.585739357083769
4.17956,4.397624,4.397624,4.597516000000001,4.17956,5.784454550129,26.06007570079896,30.685995756817384,39.9824181526091,3.5393273999999995,3.925152,4.55952,4.281984,19.26451939322843,65.21436058698106,3.598056,22.44648449267399,14.139484372147386,1.6691708880000005,26.094254657216357,16.913671404052128,28.27625060648775,25.7195717745704,10.82488432766305
3.731750000000001,20.8604725006935,12.238254500693497,8.41678667921334,5.2996997015321226,10.428988796179562,15.617431642624911,42.12656735224762,73.0674922885671,8.02859757325724,8.90380071136279,4.071,9.713237139668493,8.791378985209215,5.912618741596146,31.49935374407332,77.68027995360987,54.64026103048238,28.2618382212307,34.98398428510812,27.31255989413565,47.34883124286071,37.40866425589179,23.64919133158208
3.507845,10.545167259555464,9.038884303485563,11.183343172751597,10.361677834986338,12.772143127764572,15.854950249540218,7.444189762839752,7.865951288272854,8.321905985421942,13.285003095717247,11.30364854725782,14.931997767356398,7.4283585526849825,8.735031462989806,12.68153394221627,8.121830645188352,5.167412927184501,4.418524664204586,5.9869845048215495,4.428784337548128,6.753758804866388,4.00795009891859,6.977289798508685
8.740997593563261,3.455276000000001,9.197049641923083,6.340862796781631,6.012468796781631,9.615097352919587,4.146331200000001,32.420017650171275,20.910613981926375,2.7809001,3.084048000000001,9.265035841231164,5.905683208500894,5.575198338833875,6.754407231389792,7.524858797937069,2.986981161116109,3.1251155344289065,4.223121736206729,13.087609540374627,14.15109588948337,15.039511785912309,4.228846266609262,2.4359560681720334
9.004504548901147,8.587673093364836,15.53738507220751,11.761969383158444,14.299413665778154,14.998501189418477,13.091416445122592,8.123718987457426,9.412994266631417,9.760056463329024,15.899979824449153,24.62855594507327,16.338999466384948,30.287730357745247,65.5350201458468,22.6298031167135,23.62809998717425,20.44089128559161,25.19427600797128,24.73883591762561,14.052005149981095,10.65315279491117,23.983358644731258,20.48839426731796
41.190871681072885,59.85320768734577,33.29568889635284,13.894924744824255,7.588166995367004,13.562858156668202,47.62443187155644,28.375544957392854,24.83334199113945,22.650641792578487,75.97950657986232,36.235605056813526,23.015527459816035,15.79099040661786,7.609409553721954,17.307116442300256,33.24324731658478,24.99569949250933,34.30801588457159,52.6932720843633,47.68900560925962,27.38668577144461,33.21404302515294,7.580119514734947
9.281843081887107,10.631094089995218,10.942987835971872,14.92035255796474,11.883773916977974,12.456084225579458,9.802931661954451,8.38595311858489,61.88085936497221,25.32456838872044,20.73364972610992,10.483048589724351,13.356166999194798,12.577487280267793,10.481239400223162,12.62037039512551,27.658910049709924,14.60691881618435,35.24167961238059,15.828064326888986,13.220995680274791,18.81985871581072,17.125808728487257,40.23561772646993
6.494389920570533,6.833227655556822,6.833227655556822,4.269122,6.494389920570532,22.52619476501761,14.381037186668191,53.5609507351685,49.29655944403726,51.03560633590506,17.616281650408816,7.084789004258762,3.9761279999999997,20.835395731143766,17.916788591452885,27.102357791443403,39.94875261672049,46.14207745878039,22.37849121331147,26.648995537767643,21.778405397318807,30.72172723311032,3.1419499062364955,2.34702
4.77266357683838,4.107941046367552,5.804870166923183,3.612334,5.517025365257569,5.38639626239907,9.23580847789749,3.607105985838708,6.446385528866554,4.671917388852204,5.181206429981022,5.4772190977943,4.5083205981714665,5.575938080625245,4.454885515625185,4.642639492622459,14.095284749030728,20.309464881837798,40.58581310158223,20.525041245081933,17.842628995941404,25.895960899269376,26.071098033132465,20.00571507920989
6.815529752773223,11.173177797224769,7.103751435812758,9.97330565095601,11.767975598584153,3.940728000000001,14.85834832099495,16.822436574119376,27.41141968383106,32.79327670361121,22.91619903491936,18.962155421635103,33.52726620463302,11.619821888983635,8.022750382078444,18.65856553213446,8.30391527170796,4.116929813635484,15.210714843250129,11.86468069783183,13.533584263018614,25.485329789263183,28.629626902100508,7.60506527359795
21.30453569517288,18.410232674443407,5.936696777954221,3.7765310000000007,5.887771243936964,5.801544026247995,7.124036133545065,22.863662653135364,16.403904832493062,2.90730465,12.657888530951483,6.155252857683563,6.145230679075225,14.669629166671411,16.719031716251475,7.67393674527787,26.060392249049187,31.2036454737205,26.19283258471572,18.413067940442904,15.993574539246223,25.92111247789469,32.86044462150097,26.53348227310452
8.236396747676467,8.865493267515237,9.386577847053372,6.544619022998419,5.9496536572712895,11.39675862318756,17.795227901249806,53.226433723960966,12.781495114618208,22.76950254720116,8.610652684105975,27.25791074456723,4.123038068472464,10.568457455736098,12.700706962645866,19.41747018205458,27.02287263357412,14.777761792125522,8.738860253300475,4.68175637670341,7.293418903385268,32.14240222702771,24.626647380431056,16.41246176489738
4.03029,9.843230279725129,8.060564372539858,6.030772864880305,9.35513621626768,10.290649837894447,11.81187633567015,6.547166402272231,8.716410282758629,27.573002173223298,33.412578168846444,30.726754982455983,19.257753529063102,26.136484758639373,11.349516886339957,16.13678195944223,24.294855221717484,21.34387324046916,21.235874170687477,23.48782349153633,18.359542679428223,19.742155933814143,23.450246845182768,30.95653147369091
7.8360295987242194,4.463027106978567,7.799943711657052,5.131037926432773,8.25888955413802,9.084778509551825,6.423445841871395,6.406214480991462,8.35990585370008,3.9500510979108494,6.961933230239349,6.185190063579987,16.93775967485763,16.381554809847216,9.24317445882448,18.74974509801286,20.359984460199144,17.7175903571933,15.563947485542933,16.15727617300135,19.042740183561595,28.727619229913515,20.48231483627701,23.10093072021773
3.1346700000000003,5.636222719062015,16.174494949302268,11.720183556247791,7.5567914388901505,16.909699265179636,19.40939393916272,27.636282790467146,20.596189721119234,75.04375764369428,59.48076560291145,33.09812907568349,21.472620666576507,26.204728531652673,24.143305848191726,33.51502362163558,29.115602675028164,48.03116355601148,23.5218475476106,51.119907957464974,25.056518756333777,32.01462359889261,40.87242988805315,48.45302949429336
7.572579539237135,7.967670645632118,4.929540994824675,10.124426940258475,7.790105532824727,10.483344829678002,9.442207123754695,40.39670500783868,66.10677954610891,49.56928892742589,48.25275217068962,44.200080556225714,80.09126765049507,25.89978768070364,21.037927581254866,32.57754087318656,31.08156148069832,27.200756745293614,17.742958689776298,22.0897057402355,20.580586110924788,31.12495226552183,30.582487838058483,39.24631783459499
10.941579165233676,9.04376979927114,8.061300950731756,11.01527976345923,9.389923677962395,14.369203449660304,23.491988238806,73.02745768456317,23.228759013099765,18.35721601466552,17.627236386730306,14.727048291779614,6.753880130401658,10.475378055936838,13.05181614128615,28.847816604579627,24.06720844530019,15.065256766823376,16.205409123245904,64.17110600300435,24.005458982091923,20.69785447899041,37.43060973560659,26.78224842361262
5.889093763104397,6.90108269146154,7.605814553917588,9.179475278829676,8.344977526208796,6.969179892035716,6.589942759859344,10.111153967908388,30.51793114066165,19.62658833020736,46.33553714978355,13.089699386251144,6.033411475876125,19.668332039849396,6.448391724797704,7.183937174736269,13.51755218980733,12.9751144288962,14.022297112114336,20.87646395681045,40.970666872870055,16.73226373732835,4.037253949438564,5.046567436798205
5.028724187270032,6.438477659321482,11.305950752950205,10.192329028209707,9.41371080538585,11.819857605357027,14.843943225470907,7.42824856717572,7.764747251288375,12.771577061663258,9.796508376179858,16.367671796771724,18.15961914682676,13.596067100460148,11.516236018750641,11.060751428618236,32.93973287789919,28.78630856409664,17.1532252295995,11.034791596325483,7.869584041416353,16.582989887382624,22.889302939528093,19.11606482056045
13.978310621900505,12.287137512032787,12.066286680589142,10.88730420696437,9.95271032770574,15.34941767677658,18.584367530542067,16.13998866164741,15.601197959068513,28.806595013006344,23.60850956570059,38.09152591792827,35.358549090730214,32.85087076345241,25.697248743591786,18.972690201494895,16.604105162484007,8.169850446665908,13.044045762851356,12.22167254488417,13.087446038837198,14.05510190594702,21.049969672688487,22.25782668626224
10.525816004126805,10.979963615765726,11.60846358799136,3.7765310000000007,11.032837294371951,12.136121023809148,20.94959036207344,30.03470916832073,26.91134260594525,67.33072745007256,11.24228358620456,16.19455994627976,19.129484427875912,28.22852136148925,19.77609202528124,26.49688570944586,35.523309120218826,15.248706024907364,26.23956086008732,27.271787514491574,24.080845023352907,30.92233900578527,7.823933076839319,3.676232428106506
8.779702985792749,13.436232319459288,10.149931398768762,11.238800644482602,9.4512270837989,10.999500846850134,56.16684478403953,50.86141940338023,26.685213821818905,8.168940843460604,9.355432718744538,10.588925695484356,17.191508604285357,101.0003982028552,30.23299878924535,38.49353809185058,46.30484420645168,30.73007118695013,50.96061561093538,23.96275545139022,23.67789399865458,41.0378188884032,23.752529131585675,5.079921380310424
3.358575,9.714266241015114,6.851602134228875,7.917142590984623,7.597560892789944,7.458063574390962,9.7647775356697,15.331917761717092,19.601749347615435,40.75207967114289,46.43666965279403,29.357397026639028,13.98266326524388,5.336329813198805,24.560591419023762,19.998895308807608,34.576713592348845,24.36011400559229,18.10030346768285,27.40048871870886,29.5179565909353,32.11595334865205,24.526289915844988,5.583331085181489
9.96464568562502,10.484540243135894,10.190014732084263,7.881979911375016,6.325673462301146,10.961110254187528,12.721353645832613,21.282477678285986,51.02215185012864,18.908991068778093,64.80598860230448,24.67257168346724,25.665075030626504,43.88961684667102,5.969533126402387,6.168506017597838,34.89816167065378,19.222368591780487,34.66921094822739,13.7628716663354,21.25796769227759,29.469592599511,32.44530041673558,24.12044154169696
5.77712443694082,36.35404088893627,28.39987239312667,11.766964268219002,5.006339648275079,6.2753509841367805,10.14289020140088,27.937377486889385,58.500308724516046,7.875570391412638,2.733588000000001,11.669716629638677,10.959386052182406,2.699073,8.086126203465392,6.603127038577163,5.238123001772977,16.759153377964868,18.628442910652968,24.96724143272579,10.509780929820206,1.6729217675080947,4.724675671854924,4.85807100179794
3.1346700000000003,9.77822942813369,9.77822942813369,3.4481370000000005,9.293358547399786,10.222694402139766,9.065809569935311,116.15693261883588,32.15644673187676,38.51720185017545,37.76441928486702,19.12827847977628,8.809496816437365,8.617477925770709,4.5854207294586,14.906275793269133,45.2264716068831,14.168633459893966,46.35512553518807,46.99726489775448,51.80435243230894,23.89801499817067,11.068515207116926,5.620094299415681
3.209305,3.3767470000000013,9.063082964784504,5.151546167645168,6.8941019719208345,9.475041281365613,4.052096400000001,22.17891974721013,31.81325714176178,43.30487713840072,24.50353070429015,22.24913065482344,24.87721457715545,65.35041380228799,12.975274092417411,30.217389255045166,31.08408522435674,20.55080441681596,21.937136557926465,23.263332391341592,7.8544168434624835,11.003970967144866,18.344258547894007,2.535033128278142
7.809800722650436,6.960896086259181,13.257671925308472,15.101282915523305,9.204065812278724,12.33143765035968,13.22062812785807,10.027000677727964,8.905787502514379,21.30460724772891,7.477785910197918,11.517401084075638,13.054717895463801,10.195817313541689,8.550621077499892,13.209761531868775,9.604370006331864,1.69821105498,5.471707818996913,4.876760855061077,9.835321219971286,3.960959414533012,7.571376374319256,5.579277081283671
3.1346700000000003,3.298218000000001,3.298218000000001,3.4481370000000005,3.1346700000000003,3.4481370000000005,3.957861600000001,23.3375174897025,10.587661538273856,7.366398052691572,7.530166910161819,9.88917837814557,16.86524223568643,23.951147515165076,10.166263823658623,13.54222799748542,41.33354248122426,27.749609981093677,16.928947525495644,15.836794767059976,7.720501617413955,16.385921572838395,1.516536,1.89567
3.7536056549131938,12.455389349034022,12.972555248938312,3.858629500000001,12.544338046511625,12.210533249140214,9.981674579759684,6.404543919099284,5.355682119560764,9.400092331879426,11.578809643680476,13.182029881743734,5.85985723233794,8.92757201112935,9.337271166235142,5.558611417711952,5.717303707475187,4.847773447826032,4.047214321017983,5.949214878018897,14.604304373062204,18.75703721249416,16.25683998178428,5.821209047025186
5.678793162212041,7.942994763250339,4.319095000000002,8.304039979761717,7.549127254328832,6.139112848469307,9.198016740207285,17.249758292580356,16.679285600417444,54.82157580848478,47.25064555608538,103.9078803225414,42.36708966258368,81.49005614568125,62.282446316274005,13.282286862258195,29.05721440340333,15.07012088292183,14.307597007724356,45.7117610060498,21.334479446309704,26.44179119937402,24.24769740571952,26.60153067480781
3.58248,3.7693920000000007,3.7693920000000007,3.940728000000001,3.5824800000000003,3.940728000000001,22.699406400000004,2.57377824,13.244325648346637,8.542939161749393,3.3644160000000003,3.90816,9.719178899217777,12.55102119261887,2.76828,17.7151797295684,35.741389997718485,21.325711708636565,20.820177531031643,24.74678644583479,23.24278123096173,37.26912295071501,39.20839475881557,2.16648
7.571801053064737,7.860371542789855,10.937910584328876,6.337170179790793,10.39553485287455,8.522175469016444,9.352210172103089,23.50729808983442,68.04907117628753,33.31189119555491,23.15808407409654,19.239855001712822,46.75550423214952,15.21380385504492,29.1984669206544,8.880581449697253,6.50665976927648,8.865365842972738,14.925535674523204,44.40516179494772,23.2341165476876,41.92035065110969,18.456040698486515,28.821869031242382
12.363742525478136,14.513692308797388,11.121283430213186,5.892915310671962,8.565238027841033,15.841093597464443,15.610568823473264,10.642705927202574,20.44040270652958,22.29524778037497,9.43115561658774,16.40081264994834,12.450528054695491,8.649334686165874,7.137628453861023,29.586028872558842,60.48463633404069,16.442242314403842,17.279757316348856,22.26379186172365,18.32150163178759,28.10192676843045,26.05431157749505,8.27423646433641
3.58248,12.375794161250475,7.953763588620073,8.132190617309394,11.482719770049052,8.753344780063669,11.240791735554486,6.933885810033283,7.968300586257272,69.78155261693585,11.046163383595465,20.973613233669827,17.29690864155045,4.936960331955861,9.350718465760687,9.931201508651021,6.513756400928188,3.876460981368514,13.556871117398146,15.764354239812658,15.03585544704876,19.61559242111371,18.54689789951641,12.78063512607879
16.297043768922936,9.10465471255214,5.264954285306386,11.062438140511716,10.05676194591974,10.75365104321573,9.153416227102992,12.244249016960644,50.36134938022713,37.17765906192857,9.4446112187768,10.971013031912443,9.152833286180947,5.941462804278645,6.252718339275894,8.657560283878732,7.471944815498086,42.94928513727061,38.24640615366081,21.161572468705803,34.88807750818207,31.88531533041225,27.89504392188212,32.09369945376283
23.00652439619668,15.172314229223115,8.026988237932008,4.3512205,7.628955763323807,19.335413465815595,26.23507831523562,21.18447734856588,22.42848163961037,7.720188494380149,11.608537962401371,17.11458256664787,11.32178088396977,7.074122616900256,6.652479867334229,3.405303,4.775032766407674,10.46804304275118,22.218564684960707,14.218057023916597,2.6906271588105857,12.200292910342176,15.373351087384622,10.478719407320137
7.913357885973496,11.869296753894748,7.233931021696552,11.350491223240349,8.634939035610632,11.307432021214778,12.47328918874348,10.793744179021708,32.75130823995212,25.37899302017623,7.883447777904447,7.500244034516333,8.60012484862303,9.791216857578052,6.550585569543548,10.627871125056688,83.1103893750115,40.60475254530647,24.56161904458268,23.73896697215228,17.685463370419892,22.10284718372652,8.31791901245544,4.1577439756557935
3.43321,9.587680019077544,3.612334000000001,6.616054934685608,6.272733934685609,10.023483656308338,11.505216022893052,5.405880410013763,6.173140512959482,7.716425641199351,3.224232,9.940644948404962,9.335562212415097,30.555327314940072,41.22675436757926,10.717979586736652,2.14887735,12.953607276175832,10.866146607998692,10.112873517361386,11.683124056908513,15.675348250029206,4.4084599336404615,5.510574917050577
8.473019811656465,6.684764259585011,9.665318805664787,8.692858044160161,7.902598221963782,7.654025174469723,11.65415138212673,7.419196956481634,5.779982904559281,32.14404630482912,9.250299402554877,11.421267682451838,10.726060084389552,26.90910542270195,30.6257655798395,24.710432539905657,25.340207118926035,20.667408554761572,20.71435639532107,13.14584403415508,11.923916728491466,13.959485516593707,21.715180405133488,3.833203445022632
3.657115,4.35084697325257,6.1949088751786565,7.177543968584296,6.525039971440269,4.022826500000002,8.238572207418498,4.68781567339474,7.984441764308724,14.888956274999998,6.127863625352602,7.118225423389384,3.746736,6.050491609880976,5.042076341567481,5.617208323239884,3.884630690928587,2.7975907381621203,4.328595776681194,2.067257643178813,14.836869488104348,6.269466062876032,7.79598284069516,7.280869454858226
5.352028291288634,7.8351058749114095,9.549204683203396,9.983259441530825,9.075690401391656,4.768670500000001,18.767104128980897,20.152693681200308,30.512552170432077,3.5467996236114177,8.523257072611296,9.900753165154534,9.298098624666867,5.098812338095863,7.013033491984461,7.8129856498936885,22.331313381795187,15.19946127993394,24.03090333760213,33.440125243571224,31.447129322929595,28.070911603002664,4.278175849755142,2.392155
3.2839400000000003,3.455276000000001,3.455276000000001,3.612334,3.28394,3.612334,4.146331200000001,10.753272219577028,11.45806495914667,2.7809001,3.084048000000001,3.58248,13.673200755500943,7.55939050885895,8.463473856009152,18.234288613283834,21.81539662480937,18.137386559375365,18.365463864435647,17.35340837815687,20.812931423216025,19.522636731834723,24.121645226933467,25.191273367680733
4.044205,12.88743862720589,12.88743862720589,6.343631266572631,9.52025073430431,13.291707027651844,5.0212479292145815,25.85210437155907,32.81948865323357,39.349088916378975,26.66638824355996,30.31695092836103,10.565189144458833,25.12136663906928,20.950632976060575,45.175589301671614,68.30721136485066,34.18607834821032,31.51494343069963,29.377269990004656,23.48256192012579,36.78495580576152,23.97218981570872,5.388961359298862
9.59204667185766,6.541732523973517,8.180548873289194,9.409046004671891,9.59204667185766,13.501231339043423,31.95677760000001,24.90407236546853,18.32449961806212,41.18990721133246,20.01742799429477,10.464050914753807,9.827108685160098,8.894443277540736,7.412036064617281,7.587076177772437,2.7541278374854543,4.163655932756136,19.58676081214475,26.97499771133702,22.373615695564585,27.387184415427235,26.188376737829817,40.632310172186976
8.542067331512152,16.215830083794494,8.630128549231781,9.39627406466337,11.74894740877338,15.19320764224288,26.43077797494964,33.17236859187489,58.38801456705014,39.27173379649659,26.16182964702702,59.91987990249686,55.06337850837658,20.65430199477006,10.795919982948666,18.443313653375846,60.78220347493273,44.15747300594828,29.28954537662487,34.78753629468158,21.52250529071773,20.378812162022022,13.947114226407514,8.245909621031071
17.36680708918158,3.926450000000001,3.926450000000001,4.104925000000001,3.73175,4.104925000000001,4.711740000000002,19.593019497342443,15.26690940959679,4.059942749999999,5.446374177992336,5.635693046540031,11.651372830968691,7.3361670164172805,12.117349721549465,8.111905987051424,17.793106399809307,10.537447423308658,1.49033115,1.5329120400000007,1.3161366,13.45654058305194,41.2629634749502,2.25675
25.506845087132337,56.37660383546344,3.612334000000001,13.227815909887692,7.3067032838369474,8.693792124105629,15.18323217482762,15.021609858250915,25.774535554576964,8.101692806341084,6.162258101865046,9.705636514067429,11.302248088733045,6.775306681376079,8.428895406648994,8.428496188866932,16.308862256409913,25.725367295720485,23.114231032544065,28.37998578358982,35.178568117111126,39.37481235210992,55.33435508637688,65.56065206662439
4.861613158388717,14.678744341351797,12.895525530503525,9.688214061188807,8.621802870568125,14.87989144039608,20.464721045953944,25.828741136061588,14.423579684882217,10.762119067964775,12.969053054283965,8.778992467374335,8.072133507631117,30.01501573571186,16.66424097179508,25.241366873764928,73.964077266833,23.63084962254946,40.3584605571249,32.10762083993964,27.80499557552676,23.393152969559065,30.041365388040603,28.95854932292928
2.234854613168976,6.3189133725020685,4.685254340527622,4.898220446915238,5.783771518520781,7.338100819344607,8.422863549160766,19.290806259180705,15.395011708429871,2.643837360455184,5.640021853142341,7.277455358027708,5.925508211860026,4.129078393267391,3.44089866105616,5.742861510791431,1.1211534,33.15494174842964,29.81829054881159,19.101362249281284,14.6180689352321,9.55585608816256,3.227393245734028,1.08324
3.43321,9.89622701173827,9.89622701173827,7.658522757251536,5.60495364042044,5.866834253904672,21.809547843656823,44.07446936600324,34.166740097491015,5.6261256937649575,11.658013315118508,10.260550921261313,6.020428765006325,6.204219972584793,9.666089281081494,8.09691300960404,5.886991091073679,4.196247249717319,11.427466659826012,10.00106706063898,10.794537769996364,14.596047904049614,3.2369843335225004,5.687914097655729
3.88102,6.624897947710815,7.8955929215662195,8.475892481627366,6.711992074307125,8.697301454344595,8.961273526795138,25.988724913787895,12.0478816921444,6.695484549357017,4.40090001750074,7.527527197446393,9.84014318227139,26.80420772997964,4.865392745219624,4.727264698751353,61.66993917697581,27.072851588754567,20.40208754194481,23.424812201195625,12.105417924395034,14.386159578720456,3.825187560229173,14.827161522677889
3.58248,8.200464991375297,8.527509884606589,25.79384842137219,20.07880802000181,12.120643459723484,9.313661887199066,7.119225272082747,12.511950449451708,61.656585560110805,3.621465799104924,8.088464813726533,14.719560882230393,18.105545436138378,9.92652245326695,9.413400786666372,4.6407566868756,5.115419959022215,9.937351631654304,27.510277985538277,14.838839398241852,18.79203104117462,27.243734432748862,38.20782176691832
4.328830000000001,9.24792581598535,9.24792581598535,9.668286080348318,8.789350982134835,9.66828608034832,5.465618400000001,20.719162009983204,11.854008159457011,19.6350163984726,8.044896458843777,5.452263433440245,8.09077615357897,57.718596960189416,17.468531199723834,19.610645018456637,69.22156250347848,24.133495143330727,18.338481212134035,28.27456913360017,50.92871833347432,37.94410874307973,33.34403940850572,5.045552289486035
19.7365687934224,4.827201333251642,8.938312999509852,11.793170772305835,9.53702550448114,4.1870235000000005,17.1771668876087,82.5562139578034,37.011255723241256,87.98484337357796,27.54351137018061,12.402040036282363,9.770739172970401,3.529556999999999,7.369519708008152,34.194432752388295,49.25682339409266,59.59253114604351,55.40642360413133,29.187823848554714,31.506937055217044,59.44133768058168,38.63584220029445,2.301885
6.826510153200044,7.182675900323526,14.10895210493561,11.838622941185358,10.716360989373996,7.230645796794675,39.86439594609288,21.96234935572737,23.283096329613095,28.537806327920148,68.46542875088583,134.92398073929093,37.24257626204847,33.05633108704524,22.048451130811454,27.502939518759344,31.813848520461587,29.169964994281905,21.59316295824592,4.220803061765753,3.8994710903757386,5.134306799210845,14.81312251769215,12.914257694338977
4.104925000000001,10.636114157140424,10.636114157140424,6.316551061333427,8.198410366666877,11.119573891555891,12.074207625971374,98.23109558852008,45.36217877628256,51.47691817040442,48.16468301046485,15.176528281781842,22.33969295971798,22.19425280870243,29.255173818673136,21.14105305763216,23.86772131367677,16.749090792580322,30.34380668994027,39.6984192069441,18.03272190928645,30.37721599095268,31.621711997949728,44.422603713129725
5.420714488677321,9.569434089020124,6.697071145088715,11.44550668493058,6.339831733015981,12.119525997445596,13.374164335385068,12.11974192321658,22.865704340172098,52.22859805683286,29.61516389881121,34.586505224835456,22.127282898734812,43.93013467907082,23.49494408659311,21.315696113166624,22.96631901258816,35.01759005143043,18.019985245034285,18.00947472375943,14.646401668191531,29.51300501943853,15.499430900581451,19.99582475436785
6.923394630070195,3.1411600000000006,3.1411600000000006,3.28394,2.9854,3.28394,3.7693920000000007,21.944083964591563,21.48655571007752,8.688598393044355,23.96688131642348,19.683445194789748,13.828256397289293,2.76828,2.3068999999999997,20.330905463331554,16.603585436674013,10.394067165645344,11.532480449209082,17.163281832726817,23.622714195924225,27.45017195440099,25.76836895526589,27.80750219838189
3.88102,4.083508000000001,9.781437185650356,9.95527860468827,3.88102,8.601431794048208,6.454190286995553,13.713033454102836,27.206251572501813,33.20201367358481,30.765889460185804,14.154025550156566,8.515479548488882,3.5987639999999996,6.232538002272548,22.582101848847678,36.72828256414032,28.5836072774984,8.414567479209218,7.826350115505294,16.22542691097772,26.791979326126043,46.80431667801886,20.286636939416844
8.310496888452048,6.518557562068136,5.850898421551101,9.141546577297254,7.675944812754043,4.738634688845205,58.0110570060673,39.68609295694085,55.08077649284419,46.8458508507539,40.64976886125245,32.86881358128006,111.88043808898345,19.50444490215937,25.978936166770634,12.99461008135177,21.702220313303577,15.337126396654307,19.581366222074728,25.07380862642285,23.36059550863809,28.731692317860524,29.78636865584741,20.74845425978058
6.040375,23.889615224189555,30.90760532878129,48.02759029552115,51.15344385002232,14.003774140135375,19.717251148640685,31.84817080467232,35.01753346936029,22.75828155432896,14.028690509155394,48.864865499832725,91.37415112327646,9.576148514924476,5.802576922918137,6.6419960194561485,22.779706414841684,5.745628171435953,16.646254733809286,23.493912501838977,19.123650685979296,33.19178308397344,29.90165078403051,29.870446841092114
3.507845,3.690863000000001,3.690863000000001,3.858629500000001,3.5078450000000005,3.858629500000001,8.114474296036263,13.107682564862698,32.629408538826475,30.70135834595607,16.671433464253848,36.85319957590007,70.20293393422699,3.252729,8.56300049695194,19.424989384361613,26.38180574406216,24.468608294612725,38.48681625478751,29.8311195422036,24.803880843186143,23.203535445596145,32.183842712027854,34.74772415144731
5.521748592949371,7.002435682994553,5.2135418943315175,7.320728214039755,6.655207467308867,7.320728214039755,5.361803378866305,17.43098273250211,4.508600549671425,3.4761251250000003,6.250107882342241,8.587282241612542,14.847980457447413,21.642404057387882,25.927995215198003,34.22624027059692,3.544792918745642,36.89421561222014,19.184529454745917,21.52827993204353,17.20829861479491,22.59116076944456,25.145909529155418,2.482425
24.753804250900536,9.35638919966205,10.136950558867616,6.953954008103867,11.99072986157309,13.1898028477304,13.094017259689116,75.06227332147301,21.60578146526039,22.772205181664784,41.91350887083936,21.34994577346176,43.46425292578053,60.41605087212345,9.265563983942835,9.560389580978644,5.442650693222007,24.089390264457958,48.862863904633336,33.61420779514311,24.56087451702693,32.1283436033852,19.062507805393256,4.64319129966762
3.2229964029977083,11.375250917460049,5.190351053156694,8.443844338172976,10.24119493160721,2.134561,9.692064805555072,20.505325413055044,45.58143855612466,64.38006780582332,9.885467185091512,11.63857134466158,9.470231096554352,12.549664541011687,21.42494373666083,12.535238310575775,24.375641678757088,16.520321477056378,33.58815754759276,23.48616959766637,15.56223735632866,27.127735438363512,26.66993162178341,10.187981147996458
5.838631822505444,6.17724663062147,9.366973727846304,5.869551504985242,8.90249569175475,9.792745260930223,3.7693920000000007,13.896255300145713,8.690344972379474,5.660699961116931,8.025660044397302,4.500624671659085,7.818759431464275,19.16523647350852,57.30069332617618,15.263568475330164,17.30845210710068,15.52402666738224,18.62607038101973,18.837603099776217,16.846117224090495,25.24406917580769,27.311720555100628,5.383722691061174
4.03029,4.240566000000001,4.240566000000001,4.433319,4.03029,4.433319,5.088679200000001,16.877927943127364,31.057903744780955,63.48144667031299,49.91880663036829,30.878265795919702,15.600578061010918,12.231072568864993,20.205786461049406,49.95553046227099,35.144718902419015,31.61100485356105,25.816148944306143,20.41485483455016,22.959273758000126,19.97455168262132,9.993955745166614,2.43729
2.38832,8.350366099497357,9.40213944574428,5.406704760726266,8.677667459221675,5.315106456167181,9.992340815322532,15.45812765223782,11.1740069872266,7.3084374613662275,3.1035143990100456,7.131088739562214,7.721138363827325,20.794928966213583,3.969781527859392,13.695702516279036,33.315680235801295,33.35659767158727,28.38766315570138,30.07009136379797,15.112633012857676,54.94232116449829,77.13867526892285,43.85503841608857
5.83514656276618,12.360803098953758,14.235272037868995,8.302566188345558,9.89525820006731,8.714714798219209,11.699426590627148,15.718711296340912,18.27322405764081,37.92716295331912,13.63025761659384,25.630934131017792,26.32907774563524,11.303918023595452,9.272132035957933,10.49443028789041,4.843946494219119,6.036110637623019,5.403168089943877,3.257585539287603,3.759753999673248,5.3912086140716085,6.545444393069739,4.795810831903504
3.806385,6.503363147033026,10.5030926016706,7.47251555202372,6.723938867349356,10.980505901746534,12.603711122004718,2.7346393800000004,6.7625396677533205,8.45317458469165,5.804654709748485,8.44330612472255,9.956604578957428,9.256294231224349,4.776136345773689,8.366313569818397,4.844346889059563,2.7575882896866637,3.9865746604704575,2.9851047767819243,3.041790068104736,3.31254201113026,5.148473311208129,5.558060017118395
7.023807842677652,6.857867382295619,3.690863000000001,6.933091546449317,6.5178078426776525,7.169588626945418,6.511518473929927,3.9103120032038814,4.717246850932508,11.61146837951003,6.121071713123361,3.82674,82.71187925582097,11.056001967665974,6.838961196278422,14.13443455344314,16.723909393455504,40.50659677900234,12.35817234057346,14.4189973805889,14.022487490107055,24.240669739098145,26.40975004985224,27.03073406918085
4.224814419276713,11.01215614955698,11.140824388371405,15.168468624348971,13.2059436733962,11.316885122670042,36.810068632547726,43.50951083329736,6.706141883863388,18.780012555573528,17.99834312205388,37.36603568531496,79.2919983127104,22.752141026227235,3.5265817573420044,11.182036572387522,24.319824009117447,6.033150583256249,3.007910807862519,8.288229614120024,22.27229280606602,25.08359606016933,13.541485044236657,26.954965989067578
13.43629938048596,9.97199255256634,4.240566000000001,10.7105957004298,9.73690518220891,10.7105957004298,8.691290175898843,4.759059991755338,6.596310674347344,6.927443208497583,6.464595998602445,8.641269804948776,9.975517087859881,9.02876662350281,18.49159377482222,71.35641068995886,22.24407582855572,20.97676291758649,21.363434459547392,16.675442187051704,15.892275824670063,18.78531588573004,24.52392200783865,19.599258511652387
18.821991476856404,8.06615730470901,8.06615730470901,7.208326722991592,4.883286890581686,8.432800818559418,10.233102329085728,16.30755814313019,7.819276943132626,6.491862778915782,7.199545362880769,8.363108249810992,4.052592000000001,14.094543858885098,3.0566424999999997,15.260334101667658,28.48043135390773,51.77269252148134,42.79034986931951,58.842017895260376,26.44882997904288,33.46351030817878,36.7764494236425,46.838182405417776
20.63993981199495,30.96779475378575,9.17525257482184,9.406034637739708,3.28394,11.699109741946364,57.568123089136286,45.11944090503382,57.45958049561525,50.80762225071977,45.90021312945172,31.16469466273226,60.114244891047875,4.821088360779714,18.89906589081327,20.85942629574798,17.839874542341096,22.26960735158835,28.599593068770645,36.11125560040729,28.0692243937762,23.74171808758855,22.478710120546165,5.273529842027578
3.358575,8.603722387159952,3.533805,3.694432500000001,3.5135293724880534,4.7075891774854,4.240566,2.4129171,2.2752819,2.844102375,3.15414,3.6639,3.440879999999999,3.114314999999999,2.5952624999999996,2.891295,38.19748399346986,16.51740098685943,19.262289585099627,24.893227340322923,17.35512063967412,19.696351916902245,25.56792228089106,19.291633117510088
5.612626174887149,5.845041341985337,12.560422193936724,10.140368436130991,11.786531642387828,10.578395771431664,13.369224883789084,21.44186287004162,7.888272775533675,4.858377882665671,11.352820107413867,13.517204114417211,7.804076662596503,21.258060025299013,20.790489713789913,19.8736737493368,3.477053049249015,5.325932501758309,3.681554949930341,11.102193673691724,6.852543260685402,11.571373061181044,13.963774332800474,13.591116174158508
3.507845,3.690863000000001,3.690863000000001,3.858629500000001,3.5078450000000005,3.858629500000001,4.543139716270392,9.735782419804428,2.8734539400000005,2.970506925,8.045663405807502,3.82674,11.448758264038373,11.423983008310527,2.7106075,21.20193027826025,60.70003929518572,48.72185562834067,19.953258904597007,22.39874703605396,1.2371684040000002,25.561261565642056,24.99033951453824,68.49096815279749
31.761889776289813,5.536003172790818,7.367958069845243,8.83926644534081,7.818057498696957,7.702865254838207,12.069493257428768,57.01121047525727,65.60264708995163,80.94962240398037,34.40371100006897,25.58323742644174,32.7172449778739,18.0850821289228,4.593165018745101,6.8842234592408555,33.017172616776115,76.40070934612291,28.381376563889837,24.22844999387864,22.91808008530973,45.45063313691875,1.913724,5.21976428005443
5.758485671947687,7.596177088505611,8.942876371695213,9.349370752226813,7.006187015843065,5.59493638697095,10.731451646034255,6.398092800000001,15.521088384564944,110.80878595231684,148.84178765427646,45.5257627735125,84.20368862003562,14.491428511336288,6.567739784622139,19.090349942366032,50.50785901785549,27.12077696230842,17.284025178509005,26.10665383650017,29.15405059974436,31.49299771940229,30.023426899722228,27.49959057038793
9.564860837399948,8.919441590457348,5.486075196819116,9.324870753659953,9.56486083739995,10.521346921139944,8.855799033002054,21.312498856600264,106.0867568355262,76.49375806676439,42.33705819584735,23.693029711654685,24.713174709959805,38.58958216746373,15.521214489913982,3.318141163202607,18.145409025509,10.697344410679548,11.247694582026728,12.442843320015312,6.117349130443178,11.114776398234682,8.473240998629871,5.295352931144914
2.9854,5.301128672446558,4.5811391149643725,3.911203629624632,5.038262787862431,3.28394,3.7693920000000007,10.93929951072343,32.41917313567574,26.788742057210897,25.67964638706965,41.9157406709626,34.091528343250964,11.149822829037266,3.8932030633482415,4.337287095638093,31.950606758592425,32.433086797348885,37.84270740429392,26.101112707801644,27.374050424580016,33.11899213988372,34.44920806794484,55.12674066674476
7.062952052288868,10.709491793149148,10.77203742924218,9.173142265190316,12.678532082979103,5.392238006138049,17.731551142919905,21.02105092645788,23.839675686440355,30.02369036529295,31.32774947636506,98.1604970505918,36.03788223919339,17.464108199020355,23.060613019410514,21.550867827002467,35.55185181964627,27.4537552193431,24.921510172160463,23.96375970861064,21.560799189923696,19.02280208013852,35.0534049232653,29.38102646070008
3.2839400000000003,9.126643426891496,9.126643426891496,7.385433817064175,4.998985371392807,4.6903625191611935,28.88244635983563,47.37470997332384,100.45569790110927,17.760009649492485,21.32169221746699,22.602521616582298,55.85397253991337,6.680113254692285,5.756084235925462,5.3580674797697565,10.233971249840884,16.710480422453845,11.884180361774584,20.8713213148801,9.199958117428434,11.055976631206647,15.505725316044362,3.763931700664705
5.204423678460367,14.806568359008436,12.736052022927892,11.876767156279003,14.179210377874552,14.412788313351385,14.079455786690882,18.50828863530474,70.48853263184861,23.419645355779128,10.491066583810596,15.527411392266076,46.03030569240791,32.21590205967887,8.115804611865508,15.604511178053029,8.779532159953144,3.879986776721476,7.659231454478866,24.86982679807578,40.58341049526952,27.94636587757024,33.88339138231682,37.98411547706857
3.731750000000001,13.337517227790528,13.337517227790528,13.943768010871915,6.820982654254983,10.302886668357116,105.18770319647008,29.4314912114539,67.69985652742125,73.40126645767332,130.7022891197326,29.623996034905307,12.918102234246634,11.549639206444914,6.043997853090365,10.032297717711675,48.31392516635631,22.115575994075897,10.784896022739511,14.895552625367644,19.63395701302409,18.72063168119689,30.54706650385041,18.1545174612486
13.086206752830932,13.50353099074137,13.726386286016844,11.60727383522067,12.70258871896678,12.928607986966387,20.53473328869725,19.4482355383614,22.10499714547909,30.72025190786931,15.273768561840928,31.963366767399503,27.51977022767712,11.700270972665832,6.874599410226334,12.313748242368536,36.16615423722245,25.167216229723376,14.81394122741733,15.210872065256304,19.937950463256527,27.909581890644567,25.254920306256817,5.993752604240719
4.104925000000001,16.738388219483625,10.199552894962848,16.940337553492608,10.573559871885156,11.351472611998997,9.352693234610022,5.929648573562688,9.582445826658285,22.09814257570612,10.552601224108315,10.61310066180448,7.56075576582607,35.777500726989,36.82346651562615,47.13251279910403,19.944335980456994,16.884815671078634,13.163177329387054,17.093333420655473,18.993546163250578,12.735242634343969,39.31508110394942,51.25489705900182
7.982551494541322,3.847921000000001,8.399032442082609,8.780806643995454,3.657115000000001,18.17343164399546,9.259638870924263,4.4919250365861085,4.235701148581196,16.44323885167439,3.434508,13.219218996858158,5.740881900092095,9.407541854987018,4.705504234103041,27.134419105203488,42.72556880729627,29.27497910758208,25.92697152611965,29.4324828419112,21.83957441491246,30.46888436510635,32.07128689627783,2.211615
9.364211063119908,7.364120443591945,5.981532580671968,8.855199403651925,5.947733616730873,8.566112850495927,11.82333431621749,6.727574939434495,7.404124358883309,23.12767100347218,40.63077121221552,26.89880546906441,10.581059656343792,21.175570721931166,7.235981276047201,8.061364306511923,2.2423068,8.805362809112767,13.66851451421764,3.8465899065472544,1.2634911360000003,1.5598656,4.5303534945686845,4.868291443617478
4.104925000000001,10.662546038321713,9.379804762890103,10.8808599486833,8.989863782012414,12.616877078505189,11.44551492546926,8.074428074389044,46.62748971496871,59.1783842496362,8.654387996772765,6.691675561047976,15.935976478788445,23.933871463689716,42.81548329641099,42.32674707065915,48.09873248977748,64.4808005659325,26.88917888507109,61.51743981904544,24.79649619459996,34.50515289402791,33.06976269019225,5.981931628273606
8.660884746971428,9.985121071133982,8.481263043904997,13.741200264252974,13.543592605694146,9.727256804786531,21.09261248064292,12.847071208743431,11.46098284819209,13.703278648554813,7.435553486476434,13.4982891625308,12.037423029830611,12.099049396196486,9.076407778876106,13.485079869218467,12.75382221614637,18.44472848315113,27.40254787270322,19.670240297847588,19.531531099716123,21.92054543267037,13.331891042498375,7.654757012811836
4.17956,13.481577114615844,8.238145858853404,12.287585108955984,9.037383830709938,10.107634954287272,16.17789253753902,18.18716124688532,25.18778474978721,23.34604175310872,22.224027447170013,13.97789362747548,20.858332092702177,5.555953959704759,8.325668648905253,69.42022721757053,15.153003861260242,2.291458928541757,4.571737202034102,7.704425903046036,13.865603470460576,41.50382510754423,20.37882690133737,12.4109944461703
3.9396874782233673,13.398052449175124,10.629467014303554,8.967271699492612,10.947648820909109,14.143371057841875,96.72547647388387,20.389487716492237,9.345116641170204,11.085606793152028,9.599279632970978,8.341811407447626,11.738694910402467,8.33775428417672,12.415593098384546,33.89267201299229,25.813985917890285,22.224346352211576,17.2806050837792,20.90154154982004,16.82210740749263,20.56551877583382,7.530578647580982,6.364784080698148
4.976712710398496,7.436830216483002,9.14830138417507,9.564133265273934,8.694666604794484,6.752430632636968,7.457220973186401,6.246550912070611,5.890241412629864,3.0337092,8.165426028850472,9.485090841593982,7.241271195012749,5.852189534030191,9.017574563707756,14.539926490927856,20.21168593053465,13.40306967360823,17.3050659571131,18.063009242916976,13.63363158473553,13.736426324532292,25.53708866935016,33.512465159208006
3.88102,6.953132136295631,13.071755112409903,24.51429341755673,10.453831496293176,11.630598734969038,10.154908716348205,10.887823492116068,23.636416117070866,10.296666117369735,3.7870794117171385,12.934040938208566,5.60096278800166,9.101812609235358,7.960878407949185,9.55731189393396,6.121570549200702,11.654965404880985,32.00513417284677,35.721785395228714,50.110374316189,6.6635330681965526,4.859529249404056,6.713814140366833
3.731750000000001,3.926450000000001,3.926450000000001,4.104925000000001,3.73175,4.104925000000001,4.711740000000002,14.740384682824692,12.25123034942912,3.1601137500000003,3.5046000000000013,4.071,3.8232000000000004,3.4603499999999996,8.993684015141161,19.91463286513598,14.48787478715243,11.444249375939874,11.7025783671094,11.940931167578896,9.639701794828913,16.666305550989478,14.368697016516542,9.311538702316629
8.146360306516756,3.7693920000000007,3.7693920000000007,8.960996337168433,8.146360306516756,5.994474137932539,7.826114924140237,5.8526285958644735,2.4269673600000004,6.898486023200325,7.260851360504426,4.134468114372731,8.345994432605307,8.615020637717299,2.76828,24.997920421256758,46.59164756353902,19.8052953081005,14.044180456005622,17.31593285557616,30.29757375560232,23.045844240774763,15.503394812360504,13.407600779203072
17.10078299261602,9.110695000000002,4.319095000000002,4.515417500000001,4.104925000000001,4.515417500000001,5.662074000000001,5.982922951000316,15.726104868810843,3.4761251250000003,3.855060000000001,4.4781,4.20552,16.500549225554167,11.271093923785907,21.646236726102266,47.996728897897775,1.8314040789000003,1.6393642650000004,6.737448173637827,9.74550828537743,1.7873460000000003,1.9859400000000005,2.482425
6.767144296983085,4.004979000000001,4.004979000000001,4.1870235000000005,3.806385,4.1870235000000005,4.8059748,2.7346393800000004,39.07209356723057,3.2233160249999995,5.496014785080036,10.250906707365704,12.183486745342,5.71853218812348,10.404263057255566,9.691913469900241,30.38716047099105,24.746382990907176,26.803833609510864,8.833269896937491,1.342459332,1.6573572,1.841508,2.301885
3.507845,24.57976538605469,40.736173458217486,10.32072417809796,6.431531350640779,8.619487715509882,18.60816277491254,55.46178057264707,32.00557762362444,80.517952946812,50.3694763661911,30.79688250915553,10.342234435130377,5.300519679585351,6.700886156113113,26.154384842090835,33.054292544298626,17.206048179857767,14.364792871699708,23.3497829796819,27.085513177671416,39.450897189784335,30.17463813992644,34.67767633687343
3.90632,8.972314881054363,3.298218000000001,9.380147375647743,7.056660331006771,4.796321176283578,11.447692271543358,30.2021467060424,21.43782089279401,6.930545331646567,8.008347166560917,9.302625496510156,3.2114879999999997,17.641433948878447,20.767758434096567,16.545183519898917,8.040983799550398,2.2488587057189786,15.31806899849064,18.792996715315613,15.664218708548368,31.66445999409436,35.1417556335321,5.1568902208915
6.69018278122548,6.319936096923587,9.436901459146544,4.3512205,8.968955932246713,9.865851525471385,4.994444400000001,6.672632545410639,6.5388291642820455,3.349720575,9.730565718033384,12.230263224203089,7.321055245227608,20.86089169478686,19.820332151254114,5.563202096923587,4.472707188881242,4.001481751260006,7.367137086485602,16.6418936668007,13.286369464995012,8.104099820947845,8.894340070854785,5.423914061793468
3.2839400000000003,13.992753831717629,8.96374734164871,14.628788096795692,12.34702117847002,9.655230294521964,10.456034736797616,20.38187066712435,62.94023529781804,42.66833042461496,3.084048000000001,3.842082843093888,13.137198262836531,7.899681165855698,7.334255835246965,10.014593240314959,8.323901326151928,5.6134132249099045,3.593179688155701,6.081509728187737,14.05048880462901,24.00179836251007,16.306630232903906,8.042416740243409
8.31800563821631,7.328847575330744,4.719755804790858,9.149806202037942,8.31800563821631,6.174147819108157,7.371476124647863,16.536096187207786,35.78132944017106,7.043838410907719,4.84779536419719,6.860888345296463,4.36469201683483,6.667890506887221,6.427549811348966,22.34555745275375,9.90541967448396,16.149931520201044,15.388982801837486,23.084945214133125,17.643948970835268,18.20434554691015,15.449696077531714,5.03025637409919
3.358575,9.420151997455438,11.124787645607766,7.258670673409423,11.49892143195316,12.932679575148471,16.938997451921267,7.141090284204497,8.00500908905401,10.410197444251608,5.930686011619582,10.843406386525606,11.78071318245952,10.680128794837255,14.053582214455918,11.725657231931452,19.347499719314108,16.577769557384748,20.56988907704456,16.55564527855743,13.37253990418646,19.90253317530432,24.677854845920912,14.415299184480928
6.700957125574843,7.050572279952663,4.987629311981066,15.801525708758772,6.210795056738615,6.831874562412477,8.050886120782884,4.814200675782552,20.15327600063618,35.223265366842405,34.85696859669502,22.891517704351468,22.018976373707478,20.80224436281288,12.768473606117649,9.908610875411886,17.28850938707151,41.371763547820215,13.181251264153447,19.83253792430659,19.78953168910868,24.22174470567328,12.639065497774924,20.14477827059217
2.910765,8.62198545772029,4.073422719585508,7.69297289043106,8.194448988742424,9.013893887616668,11.56025454926435,26.66538304091513,25.556112392530373,32.61603437450268,2.733588000000001,8.939398896809916,6.918943689204559,3.812576650520097,12.269441032995632,6.087780256038118,19.80767041435722,10.893174697069131,40.31338766930373,26.045728456525197,16.876095787993226,22.662097166108445,16.57728573608855,25.564513307347543
22.368536787862386,7.227681222792772,6.977542293447974,10.432809874930337,4.254195,6.771685545429214,9.273550897778838,6.81390317681221,4.1704628664907855,6.219671650684405,8.907062976225111,10.346588305716034,22.040946137959256,29.71784195846686,15.811480154557774,26.923950096088593,24.48124574052013,22.360144020000543,19.34935732427718,22.656399631824254,23.27323123275889,25.21570883084453,33.47997900953061,42.10963916855975
9.042646330131047,5.454058153865087,8.224793395653082,3.858629500000001,8.295742112030338,3.858629500000001,13.346518445792348,4.412043361458876,10.571406701148272,6.214089586713644,11.875923215838196,9.01613126169083,23.739500014527643,36.88473173406923,2.7106075,29.37918797705373,36.08861475679839,23.501256022914674,16.872116344125363,15.018607225351314,17.465381508583803,21.37674297421095,13.034536875032968,18.045361826971515
3.88102,4.083508000000001,4.083508000000001,4.269122,3.88102,4.269122,4.900209600000001,12.88070586,24.797166832204333,3.2865183,107.16971619300142,13.062864975877108,3.9761279999999997,3.5987639999999996,6.8968199017297325,22.09102796464645,62.34861944397926,22.77936344756184,51.29828123510185,1.5942285216000005,1.3687820640000004,1.6898544000000004,1.877616,2.34702
50.86967479743255,22.938450603489624,13.880420639584852,12.313082758159764,5.357393840374276,14.511348850475068,22.02162151984771,27.485462637333143,27.703278827202645,8.578239623763453,12.389135777480693,13.892463577260347,7.943426441995937,10.812974375707329,8.50376450842237,10.79182319624653,31.14081871042145,36.7831135241858,40.80377398283695,28.39653351665621,7.324662981809803,7.2696181954312,1.841508,7.977852583983778
5.031194867265462,7.610569170479891,8.874320359409849,9.277698557564838,8.434271415968032,11.294922245347465,117.5732389253272,43.62345853288954,42.32285867631413,47.901262850555696,41.636636250408586,30.14986326410964,22.27919560216226,7.820869858443087,6.053335655697675,4.158872830325433,37.76515769867621,66.28658365175596,52.72831083609862,36.5017166120864,47.14276253564228,30.15509553744776,29.38673432698173,14.095407828858573
3.507845,8.290008436028211,9.930095010977984,10.834321027293916,14.139109621726186,15.553020583898808,8.258015406796176,10.57296261432839,9.5786040819185,21.367953497551667,12.536532308017993,21.168660163898046,24.481204315624485,21.300585219727317,19.244017223118544,30.465050487799683,26.01871727950615,11.99364215394331,5.636478970213767,14.781414437832591,27.813737062438165,27.273992473976964,20.174533758971545,25.58297851205368
18.662674048598674,51.01961216868676,7.297521314098764,18.6047011646088,12.186226679041168,22.813883317787813,52.88014727216803,33.55483229707529,28.582784353456987,18.89322818938589,30.68641676037265,38.34686301350068,16.4796966684782,26.989027406573847,16.647072840876504,29.3826607217518,18.921167781731903,19.065007126952004,24.508465032980656,21.700540309326072,18.443485815126778,22.634533767890943,32.401499141766,23.774446233498864
8.942782944049965,6.366017253031227,7.126853670708304,10.10220120219091,7.97863762137378,5.329681854943802,17.057994075558263,35.32324117135154,30.122845391682333,7.777025140364322,6.9633101141781895,33.722316596000965,22.339140221502443,5.3868153256903755,5.420289503539051,66.69693125839542,27.67680305259369,41.31684759536474,15.40092864388672,2.7823707927382126,3.2390060093101494,12.306833055866656,25.061754124299256,11.425773032665033
3.2839400000000003,5.61627624360207,3.455276000000001,4.365409842467389,4.539066404112313,5.118485684934777,4.866664614534024,7.842745317738868,2.22472008,4.520131870062079,5.012874663710939,5.823036225522807,4.445522581675445,7.7719261021210935,6.708902612435128,5.32792303706385,3.34096703439371,1.4651232631200002,2.660328999941041,25.020682185665866,11.89384930941626,22.174583460076924,30.67134610498221,21.713297920468456
4.347650898371207,9.681926150348724,11.60759367914052,19.47806340838571,24.452199964144608,33.56301312484298,30.91382512650209,8.266790127236332,30.17406757339433,28.87832081964577,20.325244584521418,110.05502012059092,16.283191413581246,29.177450141519788,35.73113238634601,36.690062215629375,30.341752653895156,58.86578696382532,17.821180180806053,18.40743445589512,19.87355130769429,21.79225860165768,27.897888059354507,35.52154134544643
3.806385,10.131537216251564,9.574577378410511,5.060437791159831,8.835133949102051,10.592061635172085,11.823668756797243,11.633196165286265,17.279265344074574,29.70722422240932,19.6985381451267,4.44115199707763,9.322804119023305,35.63033792480299,70.48476695728563,27.477454312828502,67.96371758643208,51.3882906311637,16.278639366318956,17.260736830133887,17.209265024501168,16.265942457924872,22.602914310506577,30.839911333643293
9.602087844884815,12.344302502636175,21.975178495164425,11.677332300390749,11.915999328738142,13.107599261611956,21.892386089651737,23.99395839938322,7.615219382715114,24.39234990010098,3.644784000000001,12.999271994987062,17.87321845407786,32.80466990681224,67.55602728199153,13.42990359566997,48.88523434865458,3.984040085283465,3.3060519214460244,48.91508686117007,12.79646289687986,28.63263961955137,33.68124881275238,39.07999891199
39.33946458497342,3.2196890000000007,3.2196890000000007,3.3660385,3.060035,3.3660385,3.863626800000001,2.19843558,2.0730346200000005,4.223240582184441,2.873772,3.33822,3.135024,2.837487,51.15285712009913,35.691512529752785,57.91586398133184,48.687046750510326,15.657033023153996,8.602406028126095,10.29814644820464,37.67364964659311,17.065652205903987,6.238773978036452
8.759175279704555,9.216175729080447,3.6934341571891314,8.769026515719327,3.2478443308956617,9.169035279704556,16.013925274896543,13.525968059999997,10.81187326766894,13.780505384586174,15.102359850296706,6.119829064316307,7.438839733524193,14.636186962338016,9.412671982010135,30.10031424059728,21.05825552669106,16.50142007373919,14.471742315035003,17.937501990945776,15.199323933252384,26.11218759436532,16.968183840586043,18.708448402195444
6.092518236738158,10.27406736769258,8.821688757351643,9.688254746643542,10.62110074110769,12.594248307159583,25.17397757359317,20.075587171085587,21.077563756097742,110.5625806940771,10.99448937935808,7.399307078045866,69.9538968561132,20.91483931096257,17.444684639593103,13.132898416228537,19.605744769651128,22.12792049700291,27.29601233532882,29.418332417849435,19.94338866596153,30.06101410541737,22.41634324684254,5.50429275560215
5.786364242558629,15.940855833539912,15.70529215140174,11.05931312594066,6.199143919547495,16.55841190997535,12.911059762454146,50.71994125548823,12.790404281931751,10.500125144807097,10.502661351207388,17.80490623919659,69.5380946672102,15.885465146329038,17.690278967687732,37.70732190845399,64.8945564546015,18.91048528544596,52.1658960569573,23.65825755560352,26.14442962998154,29.130144325720387,18.883532926721315,4.391009611528314
5.600444061081352,3.3767470000000013,5.892641142529076,3.5302355000000003,5.600444061081351,6.160488467189487,4.052096400000001,14.294658490703002,10.8973284116988,9.474985125,19.806881794223475,24.86332650336643,26.322517428090958,7.555857643198186,56.555112047461634,7.747605704427609,4.828242655042144,17.621455850566342,8.663939993726503,1.3183043544000004,9.60264820109214,15.994730714494326,11.787297103222404,3.3868298076895127
11.728550763030192,7.743569377099326,8.854158498635455,9.0109509530458,10.480276467964716,12.901405839333211,83.88810448155184,28.079443652959224,28.28034649161389,86.61486005221884,62.03462208892694,62.93181349006843,45.50005930307939,34.00213342725075,39.59181993173088,36.241784462733435,25.40118744952075,30.167840326209685,17.235559418609792,25.51679961866911,23.45568453111288,25.512553597779235,22.793988599093883,6.9954181486985645
2.761495,10.307651103988322,8.343629570847838,7.439575935936626,7.894733097980809,11.032842604523193,12.66378455475706,5.671850857001516,24.83908230867824,31.28404309164572,21.55263144834227,27.667089660912456,11.712701904506448,9.30041277406087,3.783750902671618,8.430169325562124,3.701244588904405,3.017410840605685,4.005575986544955,3.242964137062045,2.138429276338888,3.757580627568111,3.819428186533008,6.06548659177883
3.507845,10.02833118861637,3.690863000000001,7.472557640615947,5.971886914056327,10.484164424462566,5.45580776603088,13.180684558007355,6.456858949677275,8.071073687096593,3.2943240000000005,10.098846690325193,9.764626010854105,9.298361858989283,14.89372925387807,9.229429083192793,4.423309969117289,2.5421979171688034,6.869618125218996,21.64491314113032,12.824992287682154,17.959540046747804,26.46294444981506,20.456880835021416
3.507845,7.751393936503119,7.751393936503119,8.103730024525985,7.367027295023622,8.103730024525985,9.30167272380374,2.5201578600000003,4.990826127501458,6.238532659376821,6.918599546630882,5.825666972268861,73.29243829870076,34.60041016241153,45.12665804796674,18.042986786024613,17.580290742779074,41.49192554730914,24.369091482616543,41.7467415878491,33.751686440020165,17.011038630532905,19.967341721865605,22.25757959861801
12.591422229633247,13.626149240140233,5.395842269074857,13.484729475111582,9.732481003612884,10.703291340745473,15.187972036132608,14.595564315102122,46.20449802501053,70.97239629341513,29.441649399410814,14.127788092707371,13.26783577402084,10.08669306250878,11.416385486456525,9.170356894533008,23.645555220836545,14.953117236691698,17.60550288054502,24.71462154604513,21.39042680198944,22.85410002352303,24.474932624567806,12.839311184929771
3.1346700000000003,3.298218000000001,3.298218000000001,3.4481370000000005,3.1346700000000003,3.4481370000000005,3.957861600000001,36.42141970556519,38.17383691021615,34.02626003829591,2.9438640000000005,3.41964,3.2114879999999997,2.906694,2.4222449999999998,20.53019362853992,18.07460610595645,15.43156419941394,15.109793014157791,13.421501434552535,15.16560954341417,19.324977848765,25.1731840843101,8.788018481183572
3.806385,5.832123898623281,6.035139998470312,8.431905587710649,3.806385,8.431905587710649,19.74742673602756,2.7346393800000004,16.71931987930742,31.201687922024945,24.43608630304844,26.45605865457884,48.18562757459496,32.64149849535605,29.656001261625256,71.01666424666047,25.4313204085289,18.760130695008883,18.161733795639137,16.158809925322835,21.10481886226717,8.863597409469158,3.708462967789376,4.402209338763047
7.0187011563410895,16.339045612653155,12.83105901419472,12.418351982750776,9.302868367702224,13.878212700921813,44.80456904396368,70.2509765020071,16.698951626523936,10.369551420347452,8.15702360671881,16.94055818592137,13.78099776378652,30.504442385054382,18.18270665982403,21.12244593779835,29.48125852611861,44.54808040089595,36.02119786424803,36.630809709476665,36.153031680400254,36.42017495460487,47.59197782044175,61.40363033428213
9.543920648512438,6.998583849868304,13.113998184390084,4.104925000000001,12.463717282684792,10.855176746429194,8.807918466491067,8.88110300665526,4.521878420677651,9.212179195021626,11.70505623069528,9.850093972978694,9.896328339585287,4.663660128022546,8.502951018871656,17.782243217836186,15.851330095915776,20.4598278569442,27.762348468294128,38.920109665270765,21.119414502794324,24.76392017553773,20.249249816146293,6.051841184562233
8.767930490964575,4.240566000000001,4.240566000000001,4.433319,4.03029,4.433319,17.18343209601145,37.70525511239537,46.4883370349605,20.23082464785366,13.763787321641828,18.0717668829229,42.23483136453043,36.276157074707264,12.079282696142362,27.263791800370583,28.457808837138455,20.37664417110346,17.446147727743224,17.425358020620664,13.479509323791296,40.332112733779866,11.43208352941883,2.43729
3.806385,4.004979000000001,4.004979000000001,4.1870235000000005,3.806385,4.1870235000000005,4.8059748,3.6798121800000008,12.808393367234023,30.01461332637744,72.59027234982078,21.856466255176016,18.54329164263048,21.103682601421482,9.775556887138004,14.050652918383129,24.714242107458418,18.17966342907612,25.658766478341377,32.96943635315672,17.38090728185803,24.54605718597876,22.51457547615751,16.235177987080807
4.03029,6.66141978298318,4.240566000000001,6.964211591300596,6.331101446636905,6.964211591300596,8.753970939579816,11.815408211488185,6.046699432758019,16.40931736514393,26.22597071856536,18.72181749924858,38.00930901642434,24.967317671663096,21.53642909208527,28.049557310382532,53.48599126748312,31.526574184493747,18.780440554411463,16.05260691507251,27.08481948760645,21.4236988775968,27.330370953800315,13.3487545464638
5.665618301802375,6.665647371224204,9.013752680577708,9.423468711513056,3.657115000000001,9.177984974626098,4.617505200000001,12.891559989703987,8.124494259395718,7.2545133097309185,8.045332971094151,3.98958,8.776726877557254,7.943750484085386,5.75755580414589,3.916769828515692,5.3620315767576345,5.127605927387748,16.783267883920132,25.21414213488689,18.04139591998274,24.560656534239104,2.093192927721491,4.640871957911174
18.2421735191584,8.279813809196478,6.802516206130985,9.273947979987335,9.834904976455691,6.802831989405062,8.872122296828616,15.694093182800588,16.548853214760516,14.899180332513083,8.765830687065897,37.83492411779922,24.801176062906883,23.392835827372423,24.36548224736566,30.25103025961236,24.30171416346675,61.25936720238639,50.166570835126784,33.252927716313245,28.66649416580612,18.45961847010056,28.23909697779781,30.16197950768674
4.214463436908239,11.524819545161009,6.204373143428063,10.198194655138051,7.664009826687953,8.143687459912947,11.417882454943427,6.001480356637597,16.0684452236703,25.64105125048365,31.437866572902564,20.70438829189098,7.1592748670251325,8.811670290691337,8.763927739620634,7.758395510508774,17.70934951746217,56.8267853729313,22.34065882732709,13.069113103448272,18.47517201431822,22.95202221093531,23.68583166887882,4.773755001159519
3.58248,3.7693920000000007,3.7693920000000007,3.940728000000001,3.5824800000000003,3.940728000000001,4.5232704,11.955106151015634,21.28903696784384,3.0337092,5.965343678327276,4.269319831186228,3.670272,53.73903552267293,2.76828,3.0840480000000006,16.622254965205638,46.92901194526965,58.09910700635804,33.25831881388305,17.73977850470297,25.67892273684957,30.786758550718904,15.54363649880032
12.919837166055208,13.739165790878108,13.86723144757982,11.942109060365617,12.136544035388557,8.978443510162732,28.479313326294196,25.660786371257416,15.336728734328066,18.43943702404109,11.057409283905018,41.691015395634224,30.46278339933578,9.165952700316566,10.397582877986775,8.883231910546666,6.450191044016914,20.3952473597956,16.608755072933914,3.739396135974041,4.099189790841487,6.272563554025848,15.09515088032019,10.81382571436321
12.594244622881105,8.349442663132578,9.653916000149156,9.263667846991202,12.592426109575358,14.122021798890948,13.81843204001451,4.476824798640049,8.6972980533335,29.96438785250688,23.31876884903692,6.531710879685463,13.152813691241589,6.927791189217412,7.26158421206315,10.840436389982266,6.508597995506019,4.308749221220866,4.307787832665029,12.866066055617926,28.084782173141,35.49854060402999,31.618818739431287,3.921401025185461
4.159899646294247,5.567225888306198,3.847921000000001,6.511610499156521,5.919645908324109,4.022826500000002,24.36688320000001,71.06263566118419,82.51608388085748,118.97129789094232,18.95234063313384,70.09394549883974,11.321677394703089,10.647288447415102,10.393421092657738,5.096042999339887,45.75054785849513,43.61501693317633,20.45579532499611,24.13301227066868,24.823410765726493,25.041925448644623,2.073347537087034,4.751958000531977
30.225714007738247,11.147141031844283,6.3893446362454505,11.653829260564471,10.59439023687679,7.2049928712531095,45.96477809203335,100.69930501535433,109.98324886628376,54.497172699012665,48.93435158243113,28.75931242524712,10.222285797208379,9.8238891287403,3.8120258492782573,64.16590575916628,24.77600369883373,29.101908649163686,19.62620436865793,3.826514162581737,4.462455110305336,3.718006065860183,3.9569489452340223,6.406884214395847
3.955655,9.380414070247664,9.380414070247664,4.3512205,8.91526957089654,9.806796527986194,8.1254706421486,4.7854217487627135,10.028340684720863,47.55335466384327,24.242893841667293,26.037149681056224,71.00249365284472,23.27615773966067,12.563036218432023,10.565359167113666,54.13772042295081,6.138615503768663,17.853571789423857,33.70690671401729,19.41660533696509,33.86512950790184,7.006839868428957,2.392155
7.46842847163403,10.726922359164703,6.245583749880201,11.214509739126736,10.195008853751578,11.214509739126736,9.694630362595907,14.707292949531398,38.12752214662223,55.21522262407162,93.36367503909088,28.12680579548672,20.74063531311503,9.453553664387822,4.586820522545376,9.469832364183194,17.233031440155973,19.195269183376205,38.50091459860263,19.72462112231201,17.33671710186449,23.27453631415171,29.512064788555023,9.675775631370026
4.334177489907704,3.612334000000001,30.41567600573552,47.65929829961572,3.4332100000000003,5.732572869400656,24.96879039544293,18.0590508613248,23.09057183670272,9.622185839145155,14.270779524528011,9.656797430887687,3.517344,3.183522,2.6529350000000003,15.279432557719877,28.97328620937815,21.744673541203184,17.053536387139197,28.3648428484374,16.386031532076753,32.609643472566844,37.49253929861777,51.13599520789777
12.653065059568474,7.783717301392436,10.206017369357433,7.054707861359723,12.653065059568476,13.918371565525325,11.750067626210924,30.346046975635325,39.58574148144944,51.48678870365633,25.22380934663428,70.47420103534964,41.841255038051955,51.28647900026535,33.742504595808576,6.513262456971908,4.343393892524122,2.246463545569053,2.954403177694632,5.10312174599852,11.58805313901166,36.6764255166084,21.427489298564048,36.39795627970239
30.1884703066654,12.198660805840175,14.157527137605328,17.499774381206418,13.726123359047554,13.910634166146233,113.14086924264136,64.6115468372309,39.45122418927364,22.11277817880987,22.47927754506404,37.47278499540182,31.524263364261053,21.684477312713334,13.835874431751852,19.416645300155256,47.534949025479456,15.112525089378355,29.52909047232733,24.04287217247175,25.450807569939112,33.86804965430257,26.88052043261405,42.02793158052252
15.073361288597775,26.183272282580663,15.979426404738495,9.765041477904058,9.745273096998208,16.705763968590244,32.14936497582631,28.6664804455635,18.989901622879877,18.821332933651707,52.94713937536147,29.06154685374376,9.883898975343348,11.273465511211393,11.110772602073554,15.593662395531151,6.066655429548367,13.8667101747705,28.504320643510734,10.046882064025818,35.347746024134324,40.81917409955634,38.06675024270878,40.05210218640385
3.806385,6.618982222760787,4.004979000000001,4.1870235000000005,6.2907682282437225,6.919845051068095,7.942778667312943,9.21256668583309,28.20050875576648,67.44882625964024,23.976829056572385,34.908219249777225,12.711369366178369,15.895091722247143,4.931743530036827,7.628475880856897,61.86139622241429,25.043725555816064,14.330334932800143,42.50892500252325,20.07994603757657,23.58969215907428,21.285768074957804,28.044641644167783
3.731750000000001,13.040045920792942,13.040045920792942,13.63277528082898,3.73175,13.63277528082898,35.878190304951524,18.52043631886251,4.203613593627412,27.02497603916468,12.805462769166096,6.7691040155030775,12.697144638127455,12.673245674049396,4.9009574004803085,13.600382471893486,46.83684436336628,52.52830908412513,53.702808200780986,45.03687130801584,30.472325550365053,39.34262024503496,40.894688489099785,44.277026755212816
3.2839400000000003,5.056437797704724,6.057163921270174,8.215674168401078,4.805705344925976,6.332489554055182,9.430165132425584,5.420371095599184,8.185322924363017,20.17552885135939,5.9423203000348765,4.620047280631346,7.651824450052313,6.9256096295612375,5.036397867520494,9.996568031312176,19.75156609383454,15.388185066296073,16.002330641818716,14.635840150998908,17.681503764581436,29.92844211690381,20.581465845559368,25.29500020897194
3.955655,4.162037,4.162037,4.3512205,3.955655,7.228842500000001,28.55507730277137,16.323765657557814,110.35148421803696,87.17136054393383,84.58930821490432,35.925464307687704,21.229717616545187,3.667970999999999,3.0566424999999997,49.9032797274227,95.50122366931308,18.7192412246958,13.099029409629006,13.330283132514186,26.1576699281224,12.48438277954306,15.281434971548537,6.343491865342436
3.58248,13.76330512884695,3.7693920000000007,14.388909907430897,6.944894927577468,11.21418930781246,23.28743514520061,16.84768800933727,23.529043786198766,25.278897614124805,7.293352862772192,10.787879033845126,10.034818035249646,24.108836677460243,9.736736244619708,8.332940831756511,4.346872870579169,30.451852369995656,18.36042928422595,39.031043837732845,17.14128007350436,38.33801295119716,27.716663772664056,18.13374339939053
6.6321796654162695,3.298218000000001,6.978206430568425,7.295397631957898,6.632179665416271,4.272549992562405,7.112137397630077,8.51730633614515,6.601171060607458,10.526437240088123,5.747714673025638,7.334188635685766,7.197934341432441,3.2061464950031393,12.547617621044992,14.797287399067867,22.454546944205077,10.70396582973878,7.992094003058127,29.55442488837192,6.085329860906104,11.306783961444625,15.10799653762171,16.96893283281926
17.297529123899302,7.285967070295549,7.285967070295549,4.515417500000001,6.924679446975108,7.617147391672619,8.961810011104186,21.07615569169628,14.328304314931232,3.4761251250000003,9.708080543710668,7.55419576033648,8.945677632797464,16.03878950951059,3.6388948921939304,5.961245784787267,17.805912793485984,36.331471631625966,59.43279527981875,32.50563035826068,22.717188341649937,27.1953992945578,28.63452739176064,11.485460664725808
4.17956,4.397624,4.397624,4.597516000000001,4.17956,4.597516000000001,5.2771488,3.16632888,19.92128029951219,29.92091894728724,3.925152,4.55952,10.366644154413429,20.7750490495337,7.964433123042923,3.598056,8.377949044919026,18.187327892903237,14.599833763401552,21.715598537541723,20.72429638912749,16.054954812073035,18.33732599580465,33.571371490203376
15.845726435078364,8.79848827770546,4.476153000000002,9.198419563055705,4.254195,4.6796145000000005,7.446104533298621,13.204127690800275,80.28655538549792,66.02070779279269,8.415235426843545,10.00820298973159,8.567123071304486,7.754039631666793,6.46169969305566,7.198763136304467,27.14252054396304,14.56634151162094,34.1171897153673,59.66208913236461,20.910017905043688,28.25149521560705,18.56878706488862,81.31561648374104
9.078078747372896,9.55171763854018,9.551717638540184,4.1870235000000005,9.078078747372896,6.822870373686451,8.134017983124112,6.522007531373467,6.184264911402076,6.267065648354042,4.924912374821202,9.641952331975082,9.300545499284798,6.418096631824985,4.422599875294864,17.961814797138054,46.2943248257202,40.73855826729673,21.6317589713244,20.8047340732679,19.687396247723434,12.974658197173795,21.697215815741227,13.615099033262055
6.034005600088259,10.406579273695224,6.826401719641348,7.601542397419959,9.53995555398962,8.948997165143721,16.684072190955252,38.74013863835422,42.55465871777692,36.61822890155048,80.6507206493252,33.32813933372286,12.547770039420982,19.01641336431155,14.848286543960228,33.39941254067303,31.92089768400907,19.301773035829257,25.16077061323566,22.3736443209116,21.08225894628731,22.59601964995634,22.693650880999872,28.5616315130944
3.209305,14.024135003897245,3.3767470000000013,14.661595685892571,7.472581549277234,13.95815505526183,4.5903814043087445,6.666076610154952,16.39294639846825,25.424324260651936,21.346015813047668,43.73577476217773,71.34072215669622,58.30049826109874,26.479490376481497,18.74838273083147,6.67647257401561,5.709064542565922,5.143670530884962,14.145595874271969,21.44356927737562,27.73646254141036,21.32980741617599,12.062953288002904
27.66559678634925,11.62200611690167,12.069601957169006,8.830619441147917,8.97397570064247,13.186959469921137,87.31500852606891,7.534453227127257,22.718350662167683,46.82019712892669,10.772867862597128,12.513937416148176,6.2087631118849105,10.63684680372595,8.864039003104958,85.59367255001419,17.726115201902793,41.86765389943639,6.027166087626985,14.474953163966484,12.945708502797723,25.988746667014365,10.712026082681689,5.363411207852593
8.188946745464007,2.434399,8.616196140879522,9.007841420010408,8.188946745464007,5.776447460005206,6.293168149570649,5.88322417487162,10.021433093347936,45.31312720098859,30.235431090620384,16.15460439871869,28.518584177299402,44.15012215745952,7.609958882125768,51.665707723718235,21.43769181545428,17.777833887391598,7.1572594612808205,2.815316650170554,7.025258635300613,3.565590409013103,1.506950607426227,4.306204555696708
11.661692571300442,11.020835936920916,12.076043190828,11.354548209110744,8.874500130687881,12.561776714896729,27.919243124305112,29.10784259221512,12.029847239652184,11.737650292022002,9.12029899607756,9.821408396802248,11.25389088544667,11.380028392038984,8.643170339682225,7.434835827997649,19.038784747198,21.224865485290568,18.795236537204776,17.902112709643934,19.736602319391327,28.172151107146085,24.779167774171373,33.42676985807985
4.254195000000001,12.021248853231167,10.329891005593218,9.226511570922796,8.439817408066537,7.515561399069882,11.170324791901532,11.963426523325792,23.67809329572886,15.796203957290246,43.393151736393015,5.643010979817695,11.705137876624784,28.875063553046616,16.311374847360096,23.69789882346113,26.7373526821976,22.206899960217832,4.379387590129279,1.8418507664927255,2.4096677593045133,15.782432352742552,31.89632885159491,36.77089175355492
13.221102770993497,3.3814955448565884,8.752903166855521,8.689107858382947,8.722625052592102,12.595113048092845,13.78989886655687,3.609537515794972,15.077666839989178,23.37373206597475,7.031711817660606,10.185489944187768,47.16803779264213,43.43824163854031,13.992266689191833,27.796473655033545,27.36480250804095,38.482471567232245,24.00874864720292,19.214693273646727,43.49274520748639,28.521393509833604,29.79742409511146,30.617752095301725
8.048582813227826,9.074847831629912,12.601849623721058,8.853441094550611,12.37133029973536,10.571846813523468,8.65424522097776,21.522543171740352,36.30294964060685,25.97850737239617,23.4438009339009,30.573705571326627,35.000426896473044,24.59757991351566,27.867648136232386,22.711524841351693,34.29759355053927,22.871155700971755,22.53708185510737,22.41444930037361,24.242632716039253,27.949023988397965,38.53887183973752,42.468770769107294
6.904870629108967,13.422914121551372,14.311644306734069,6.760457692019864,3.5824800000000003,18.069621645349844,28.91859136436352,10.155074865444805,18.16345636084483,35.02011402395848,13.21631992920306,16.03985804823726,21.20461206740328,35.59440659500881,23.92049059850698,16.213828895657105,3.846756298310476,1.9159972877054745,2.397573123416662,12.026903003700127,9.79915783924898,11.481352313593057,5.009745430722711,3.716672751990799
9.050869423543675,5.627292632063412,6.479697742955858,11.22998344730074,10.39939596322662,13.117362333411656,17.467943475149266,5.9192060092444105,8.078560670130878,7.622244596849929,6.290748134078418,14.950451140364594,14.746006534755063,19.540240294330864,13.228055243070195,26.59294565408924,26.294153689191944,4.795719471930057,3.436378308535861,3.638998809922388,3.50535844269347,4.029890884597338,6.635475044645165,3.397627473182632
3.731750000000001,3.926450000000001,3.926450000000001,4.104925000000001,3.73175,4.104925000000001,4.711740000000002,2.6810190000000005,2.5280910000000003,4.1884897500000005,3.7422,7.658999999999999,3.8232000000000004,3.4603499999999996,2.883625,3.212550000000001,4.18848975,38.36142726452071,19.599050813134653,16.421910589346187,1.3161366,1.62486,1.8054000000000008,2.25675
16.075865098503183,3.1411600000000006,3.1411600000000006,3.28394,2.9854,3.28394,3.7693920000000007,2.1448152,2.0910312,9.780430346353212,2.8036800000000004,3.2568,3.05856,2.76828,2.3068999999999997,2.5700400000000005,10.38985099741647,13.895645635721916,5.037426451238683,1.226329632,1.0529092800000004,5.948133557190302,1.44432,9.411209198181895
4.17956,12.474801941628682,7.403059056352319,9.487406595848231,9.07065298886896,10.233061629902943,29.6523439479226,69.9222140844748,7.874790175441124,6.094765583248053,9.390528844942086,9.603974727823324,11.269176002707846,10.46441395457304,6.99650186555826,4.919962513833494,15.84596196581492,60.02998345268397,16.974328869509737,4.870245156041204,9.825453307314843,18.587183517774992,5.5113653223476495,4.351834583065084
2.761495,11.14526408835918,3.345020639563858,10.773045111112012,8.086665279853257,4.875334629085221,12.4954216269033,15.232833191718491,23.63698629969182,26.69079094993062,5.026257300456256,10.948069710847609,8.570097801538779,10.87937137355306,6.972894321844615,81.27896072524642,16.463392384561697,28.70796888233884,58.01512992608252,19.691301734774388,21.171102373011507,23.4131167549282,37.509346357179744,4.012074921861439
10.195535061161683,12.395308166005238,17.420278399191876,12.779193720114034,16.209775803427238,13.452129498872557,20.97369627546389,21.10052126218677,19.457992275736014,107.15856518220664,11.77861064138304,12.51997509321545,12.060945246397463,13.005760725863063,10.37345389564666,39.87460370782638,24.41819051018872,7.303188467520957,5.395550849320209,14.32236704951772,20.67463872874031,17.117611493495787,28.042057644028542,40.25122173652146
8.617749986871443,9.067371725316912,4.162037,4.3512205,8.617749986871443,17.013870500000003,10.880846070380294,34.86536897434795,41.62906614968421,31.83454049978532,28.58522914523052,9.401181803859757,6.874977064276323,5.239983193920288,6.65917044440066,5.5944606460092015,3.6696271847582183,15.229127994274023,29.39600971805372,19.197377605878454,19.865743560128507,33.85952473658133,36.10845886234251,2.392155
3.88102,4.083508000000001,6.3358722588867,6.623866452472459,3.88102,6.623866452472459,4.900209600000001,26.118142573168846,30.8630430823194,71.274028053356,49.159178721457366,26.9465194639844,6.169264047721383,5.583755191340418,17.64353771638089,27.06210593186994,49.23620785448392,30.67608904685669,21.90251894731556,2.7460765231311104,11.628936096118805,23.22818352555157,31.671724960553547,38.96972571671389
3.43321,14.346089563855587,7.9914754647414705,8.354724349502446,13.634713221846214,11.106720196953766,10.27185317863748,14.754683777388628,29.59321473598708,40.80886214497015,36.10770133491553,50.56791003909633,31.889987264371253,10.204330315168919,5.598739825533077,10.125389376590675,24.79335909697343,15.693253640667644,28.209331501622813,25.46255693308865,18.06028489290199,30.822188402888308,30.089912448159684,18.5650181519714
6.708991543483399,8.288394128544597,7.789706806168087,11.65921762543033,12.285314852348709,10.32430469783174,16.85319336140029,9.218807745226524,12.5884889448076,38.714607411012985,37.90903103387285,35.59992440249274,23.521271649641317,19.493025393988248,18.925567348859005,59.82937337494163,23.03291525309452,18.953342451602072,14.204668753881355,22.73906318525588,22.02309359430854,28.886361743491424,32.43414072613624,43.78649844853752
4.542679417364728,8.653237669624287,35.67964318784764,19.71118261864413,9.20587739400801,5.536896598502004,9.764117380932571,6.613822524286449,20.46527546753765,5.093838524387031,8.64551963959013,10.042775338917826,9.431475970461959,3.529556999999999,7.113632531733461,22.141894661338437,19.89767810262716,19.937445796721818,31.160864096123287,10.15315223740954,11.78723633719516,18.533766672787287,17.412460772042174,17.89162286407524
11.404040446828564,5.202925087722921,10.11695022851334,6.14214771439611,11.404040446828567,10.295721189825995,15.904551320325304,32.17269508545452,42.36239892329159,45.75851985051224,17.00184755422918,28.6425991392256,27.15321552041501,19.831924599451213,33.83051484359017,40.56955080369302,27.79731567583262,50.34339532637486,3.836407030079504,2.90435290577864,3.088988829478001,23.215236526196325,19.79467729774624,31.177413449835456
6.422200450989738,14.705546526571704,17.300781305439166,12.232110261722246,9.892748176853573,24.347994269813466,42.48929446360312,19.046056734424624,10.550286828293364,34.020536188214486,34.81536066005828,32.93668494523372,31.023385680775107,33.16441250023588,21.08593017426576,20.2701013925185,28.502615037951426,41.04522467223632,25.164421185315877,25.30413363207996,21.305798392535703,32.01051415886055,25.111960414520563,39.70355519219918
10.04456843295492,7.0115447357729535,9.731670958308776,8.644150190092578,3.88102,22.26140072969608,30.88104355828264,11.687497824866302,9.424377326659997,5.400071813831074,8.043098550472388,9.222162644839717,7.642122177999675,6.878741625703915,18.645751316788758,25.876158577725104,47.418303784749085,81.58213254308693,39.80656741353759,45.06703002225501,25.85228506273233,58.33676182389112,40.53050693289087,4.899165848181268
7.353712254789485,5.132089336295969,6.217628862221664,8.316059926598353,15.282686260172223,8.316059926598353,5.897977717332999,5.110956330852303,6.320657009519607,6.4019915881209615,7.336495413322706,21.365201147273662,4.529778833942641,3.183522,5.84186027901537,2.955546000000001,4.73190682600245,5.268767187585382,10.08339255498216,5.4505632618688455,2.084134246147612,2.1237827245919005,3.657512522513972,4.571890653142464
4.17956,6.989604325870756,6.989604325870756,4.597516000000001,6.779870841151332,6.855680677841945,8.387525191044904,5.139377100000001,4.50033892951519,5.625423661893988,6.238655100777203,4.55952,26.942835799073634,67.53670685001516,20.95306580005886,15.24957041588863,30.98480243996425,26.37880469746056,16.213814916013703,20.87998114341479,16.401252181322135,25.46567275272899,36.97235656273742,11.39497188003658
3.731750000000001,3.926450000000001,6.218978351412566,7.0342667823605,12.3235833541606,31.340194021880723,105.88078025240554,25.53604605362743,7.59369978,4.390173195650849,4.072995459027909,6.447926465025798,14.825735192591088,19.53127974168705,21.927935814282407,27.073409476428257,35.70828082981251,26.129378350788382,18.31280667904053,4.983361387461021,2.0845865916799493,6.641719928478933,14.999273925030325,21.979130519611125
3.731750000000001,8.757623714022298,8.987679605166216,9.396210496310134,3.950398161004551,8.915184542100123,4.8395160000000015,14.57981456842011,18.290161391611832,5.01166613159763,6.174008852612085,8.602980064457965,8.751339420206923,3.4603499999999996,6.600643737077366,7.305499273601429,14.622593891630627,6.335271874842926,23.366948411047183,19.11575169477524,16.262744113952564,24.35653658686637,7.202330865618388,5.165721185538809
3.731750000000001,11.855920982331314,6.55560046401356,9.646169178241289,6.230529366624456,12.39482648152819,17.125423728413395,57.3181300980641,23.464906495001244,12.289968009392592,60.806036326002896,57.436650573091285,29.702330577310114,14.38037370212128,8.194155097406282,22.09292773635359,12.462568950374278,2.779738215860767,14.937636280013075,19.20277342754057,20.951180077293778,27.47998441000368,27.873956274648613,38.86617689066969
8.655612327693806,9.107209492616962,9.07117577574342,5.708758431077524,8.655612327693808,5.943402184367144,9.990939346893946,17.378974164094824,18.71610852574285,32.70394267309077,23.83442049773139,25.214295163749792,23.057782963695,14.100365666853525,18.512649056193695,16.98041070415639,33.9667203744057,14.457886432060436,19.62058990939429,17.62402800981807,20.21231004366765,17.894258444813435,7.0452500572243935,4.785292136472493
8.567263797226884,9.95125170053047,7.2110284637285025,11.966187962449924,8.567263797226884,6.236630285500347,12.60032456279164,5.687902252207018,16.35510125034484,28.04937482157022,8.045778174786987,11.867293847057775,8.961891694424994,5.108745395282596,8.108359571738196,14.134024271378422,36.82284784541164,23.596537255305183,11.181021058977349,11.393118799421158,30.36375110198192,20.22195862940926,14.140687065050022,4.901779118512405
38.71624894858397,64.72982220829317,9.928479313709555,4.1870235000000005,9.436158025426437,4.1870235000000005,11.914175176451469,8.591477894469339,28.913737594011675,42.17113027855744,37.63407569857058,77.86158166585088,31.43632608407029,16.238538304600805,69.20311346661667,16.159632457092897,6.162787286323118,13.738332249549558,14.936787414671448,25.933743330700885,12.249174489948782,24.795526253667905,30.093143151542048,4.623180201824231
8.026003459338883,14.450722638188097,8.88154372403069,11.39727329424163,12.177388492015824,15.107573667196643,9.629199503186134,7.139970176306184,11.3764453233016,6.796565656703788,12.898165660531522,10.235986007591771,9.95848912584104,10.882751975083853,4.287200245301306,16.289997986521044,22.207204291296545,18.36370142235319,20.243053719268904,19.1916563209938,21.323947829519067,28.59623871028611,33.071602087621585,23.432904760510823
5.431817632671726,6.677134550784537,9.522065762250897,9.284125753855534,8.204142718716692,9.54369451712271,39.53493575509292,15.717349413641548,25.54849602061872,32.80289960754322,27.10353363164388,19.19567786016144,56.34179355645575,18.05636422897684,8.38222646575595,11.396360645207642,15.914819616403946,12.323549544665063,10.835333651939896,13.152925066741158,33.79057497703679,16.638051692245323,21.319589959189983,15.171887694270184
5.827764779933108,3.7693920000000007,6.131822072799184,6.410541257926419,5.024579999999999,33.497749604793015,83.37246745825558,61.42612068703564,8.699868210615067,12.834652676233972,40.22464793258816,59.44197263815445,42.050750808251074,18.721326147810643,7.16099617959806,63.46876233849643,22.48883184998268,5.18229693974036,2.837218636896351,3.4670988264646865,14.742522892677169,20.81439255240395,32.36890318564182,20.972922917935925
6.219852806797415,15.126052920208943,9.645217673134995,18.307291988526384,11.115407234230142,13.097492751766794,13.87192366281166,11.375843109651871,8.655664349030802,9.356510157219246,14.709027504249525,15.214185098340833,13.196593552544485,10.608226686174895,9.304736321871053,21.696528937758455,43.726830818143455,37.28842889477509,28.51393165502396,22.4690492279911,14.11278697483847,16.177920269053423,19.75207851474972,34.36238611448426
3.58248,9.672577564067913,9.672577564067913,3.940728000000001,9.192945618742227,10.112240180616451,7.676749858724249,15.246725005198902,35.43576982546392,74.20546312996484,40.96293137260392,31.96741355142864,40.20885567639369,54.62023897992329,26.100296645139064,27.929256379842826,33.20524464225984,24.25577051753348,28.454133771189323,38.41919073159279,19.63821263647466,12.325533485093263,1.856561828195122,5.250925704878049
12.14707801895113,5.913535429589755,12.654296040833993,14.37291996363586,9.174617897972922,8.922483408956275,101.21962241880328,46.091773805932846,42.21679114874656,44.10116437705229,9.347545866274643,10.176028700486617,16.415228730405538,17.566683768064912,11.336467190098897,7.345241611862612,6.616350890828829,31.66219673363001,29.3951800328253,13.710632241724731,32.71698075244254,21.204556602633943,31.659284724362774,12.788228569658887
13.166253260974116,15.61086338297694,10.624603326790522,13.52929628973129,9.494148612631973,13.00463303864094,10.376941225898252,19.32220106933047,28.543426106751404,33.72479366023134,13.374560223639676,8.466541321268426,12.821841046945263,12.605413454211943,10.019130086025582,17.416020914556995,31.51885233551785,25.339781402490768,49.89579491105578,56.26911099507942,19.71001128297801,26.42428511195641,39.35694380542531,17.72460298385722
8.184920833746032,10.23738598007119,9.253508536866269,12.187763304543232,11.49526263111764,10.94548010491198,6.383606535576896,8.258596509416863,7.787517920644422,5.622952888469992,10.98834946186933,23.41776543877329,27.065122703002253,56.52790172405969,9.679546203178766,18.547458307250537,10.576816241059603,15.38408914579649,30.22890861505771,16.589254103162,16.464442044553437,18.23039207686593,15.578242246351596,6.951680563482211
9.062972181966703,13.84270237747472,11.19507392522267,14.817197127367953,13.073182508131966,12.58944761070012,11.15555495764388,8.538961874794257,13.11618751368941,22.6814357895812,76.01513098127613,12.289905779946157,14.263716939215096,16.058659373574624,9.775533911400547,18.175333930557237,5.67259667934916,6.179615145411999,4.980089269130996,4.746504205693963,13.119815574354275,19.835896249483987,26.31327487730109,23.8731730154884
5.7743199066575,4.441584918340242,7.164924673360966,7.490603067604644,5.256660283802322,6.662883368943017,21.1980735154993,6.277798813675543,17.93839768988144,31.99329977707524,29.25801132042244,5.169818902851428,16.95605218491263,3.114314999999999,5.261993890466071,5.862211096386244,2.102162625,15.221198386593429,17.499646136887932,13.633410082589853,2.0973798784094555,2.889886907800795,2.292702296047156,17.186177689775725
9.638503459070678,10.141381900413498,3.847921000000001,10.602353804977747,7.191571816723583,6.415381883628272,12.169658280496195,6.924636137290606,6.529647979726789,3.096911475,8.796479946708418,10.51473104625892,9.874703939095335,16.532451539922953,13.290774539985655,27.147320781471993,32.1223599948794,23.58539433510168,19.877342821054857,19.635059161011448,22.32720803439168,18.67421351909002,25.27183804493929,36.753177010737005
9.161221368345483,11.873134388628364,7.505549754733582,11.51456123453644,8.344620385756619,8.385667755730125,8.388031204783408,20.75100756530507,17.820972366609784,9.346360167331152,9.830613544110165,9.879077213227816,28.310149129485627,39.774613741385856,39.329915584435554,34.590680247854436,39.85972315510211,19.58882249509661,25.42104105039488,66.75683705547762,21.949579235542164,24.39051023983923,29.895734552306333,20.300258826223665
3.161235,3.2196890000000007,3.2196890000000007,3.3660385,3.060035,3.3660385,4.5983388000000005,2.19843558,11.40102137810493,2.591293275,2.873772,3.33822,3.135024,22.42613416184973,57.954021059246045,12.626959109764545,18.98201446452673,16.38668373771926,16.71102265281496,8.904745415961461,1.0792320120000003,9.676637253942486,12.36961114653842,28.202177414729285
8.420531657319371,12.043836327090972,5.752758450177583,10.899713655429217,8.42053165731937,7.678596775548464,15.016494582740604,11.36372564609601,21.459774879541897,7.045837341166355,9.538635523866864,14.89260373992096,33.40482060354593,30.674977935650464,49.93126015783757,60.14754644841362,36.22351098467927,26.94974603303768,85.70583558597042,18.766208796717407,10.45009891913933,23.55690370257028,24.389715204392747,36.65413658862794
9.222431991742733,10.08665205592158,7.050426450776448,10.803473089577588,10.455936281619426,11.67604411483231,9.04065160378656,10.72181723455788,6.785530306217153,3.698308875960477,17.683126052231746,16.888117334708653,57.7345249285104,20.70178653162203,15.541603176526976,20.246395945158863,30.753853256106066,15.909784069495172,16.5410643358853,15.296610854648428,17.060762045720754,27.866746579944504,19.90023774185115,6.706923354968478
3.731750000000001,14.571400423694998,8.629256700957104,14.642094790906368,13.848851642354749,14.35095957183993,14.090169809726634,21.972202470379568,22.588085329214927,26.02795463424181,25.40784878702937,35.28533703489329,42.224660774882565,44.11451715764036,22.22657346929344,9.12231392829545,19.814299573956465,21.3894268167853,19.519596325537524,22.901064990594712,10.96671359102755,16.269184924893707,28.281440988848026,4.797083072268662
17.63839184058881,15.988912771217713,8.123162391765742,10.385162201655447,8.893481818749306,15.030720838529822,11.228987478977388,12.015641127205694,18.43274545235824,17.929614308440467,47.09038835901023,63.62726987494285,20.207708413312858,9.189555447273538,10.558770836983758,24.130553993077076,23.866053157277683,23.97255230604093,16.439689852291135,15.26687198464817,21.90476257616252,31.00433100199511,31.88763631651748,23.574276895328087
6.289541128295652,8.338209411598603,10.918986878686406,10.400457912138432,6.289541128295655,10.700245193668833,15.511509890372306,12.651817734261684,26.76631668036111,23.64579214261785,19.899164258198496,15.088452262268016,12.033946844033702,17.765253917715615,20.17219359760706,25.722657423316836,26.051401937396925,69.90759154143998,37.03616453144572,35.29384239102908,20.74808011790835,24.30477788521585,25.018589589103875,33.59570545507559
3.58248,3.7693920000000007,8.158208104137003,8.529035745234138,7.545109416338574,6.083638,9.7898497249644,2.57377824,10.523185212684693,6.942418679635142,5.323061203499158,16.43546143153689,20.85236159111846,8.759578967820168,9.051472386173495,14.047832825321503,20.60852263561101,28.309737917493177,30.99622364109389,37.273334107590415,20.673053722697567,21.77094525643724,19.06433875344535,30.20516045050757
9.587288880314697,11.766892206637571,12.23529093156728,15.971615786294551,14.519650714813228,8.373291428342371,13.054289429240823,15.245856451066627,20.865949087230494,30.4308972982586,9.638016529700128,11.251068705140367,14.650041722287444,13.463676117372266,11.434376941023013,8.486538358722244,105.13673217609464,22.878499352275075,20.58737308261485,23.03229366280157,23.39293910721058,27.04924877186315,27.886051887357763,37.24983154843501
3.806385,9.74226314841066,5.830478501767028,8.003977003694695,9.259175719563848,5.550221179890963,31.16033396298305,62.74903827638899,29.62751631370096,48.32601345871694,33.76278650048011,34.79806894804216,30.89074606481957,24.971862024381828,5.43110483269341,20.083726489755012,25.767523521580973,60.29255912190423,19.96877962702261,11.034949172242516,17.69963181663051,28.35692757808573,37.43027129738525,46.592086836937575
17.742099774046686,15.284452075174435,2.669986,2.791349,14.02261036476225,2.791349,3.2039832000000006,10.303094855226648,22.630655475949787,20.94155738518736,17.95811785262352,15.089576970711567,9.52555905349756,9.014482979127449,16.142025165950734,19.601303273994287,22.153405751281955,13.4064209367483,13.851920513405812,20.69616047755521,25.08951923241647,26.58258868737012,22.842833791926488,27.56147485073882
13.745255786075475,17.561034308503583,10.24055168024779,12.790639364496238,16.95301453290148,11.314850742972508,19.701662790898204,35.0670735398045,57.0716695966886,76.3033728112264,56.66140126601558,26.892960267588407,14.424913197587905,8.572544578420397,12.06195770120356,49.86631949337795,29.693054552258847,33.5060486241378,59.36358550038756,34.60465010099552,35.059728182340464,27.317540495087123,21.974273944134566,14.163640090445844
8.646619729998747,3.7693920000000007,9.097747715911726,9.511281702998623,8.646619729998747,9.511281702998623,25.45350020262103,37.42674567506244,18.359533096961933,15.323777182616466,8.120303746433606,9.43267606908954,3.670272,18.20861867535044,11.662030425785254,8.282486065966536,27.072112446782825,23.49923253729625,19.31878085331859,17.00925783414179,14.49004229936558,14.899425109413004,22.574739380070547,29.18201756864391
6.800314590260472,9.94978268123782,10.424939781676304,12.948159404333596,11.357173705162152,15.0714938492349,8.823611686924735,8.044695351204583,7.9520473672117475,21.38034741524632,19.52944292814632,28.99780341447933,24.46934187369412,34.52886981981457,21.166556582003743,11.191062540378248,10.878055964858463,63.83451839661258,26.41578639641887,19.1843065814814,22.26359945346189,26.331314985004504,21.86634987068721,3.662668403406879
2.83613,11.19142584221037,7.102041027033326,6.979347585379219,10.63647910623299,6.964421520090706,9.647120466662578,8.579403055880228,31.97492060489926,34.09789591099958,26.671465369894864,20.87836119298255,25.93814360654321,33.53082383550701,58.215508307462514,30.16452620885039,24.519217460119204,16.25000191057702,16.475467271122692,23.281670916818133,14.846182551909385,22.4076922834463,18.80750241611436,4.453227049419891
7.347451502854352,7.157594060400767,9.16380364429216,10.778854989928869,9.798959081753516,4.1870235000000005,22.047849912121848,32.188085537707664,33.25584037632878,71.0207410050931,57.33683877099602,46.67014055325452,24.708475907494154,25.017192996099965,23.59654964379983,66.22426279697704,33.02229896300199,21.369496309237867,25.19123248729651,33.239309414179324,51.00847403971962,27.35873169821432,26.06311306242208,19.155611675983472
5.000580055748782,8.915913233692944,11.795350883408908,9.414055594346722,11.210457451173756,8.71911778119292,10.353563362465614,18.18459155471377,13.517298604158976,4.394829780753072,10.52808178023274,12.229589946735006,9.93236348609434,11.493518104102321,8.662626212270629,4.467753862391277,7.0167272319392096,4.109630480619252,11.815524788597074,14.108460635939448,13.759150796689717,22.58344992480763,21.49137494595997,17.16381812412111
7.583350604846237,5.756404339940849,5.55434985449168,8.341685665330864,7.583350604846239,7.919208104846237,4.483031382539003,6.938607643238228,26.761493513542263,43.967176922656265,71.4606621109899,8.272746114377714,7.76918765524168,7.031834197221057,5.859861831017547,2.891295,4.746488083124214,1.4984215191000003,40.70139688630727,13.796489569846417,13.37572180346269,24.84306782301099,7.363711891037633,4.585978824274603
4.531951556418542,11.016807893317806,14.113821463298244,12.874925286132257,13.835652119509527,13.895118058831448,125.24565210629542,26.209768502362422,38.25987115014875,48.78257282193719,42.33751428456876,12.152609560032642,13.98872790964322,10.077310488221896,52.14232856703598,23.19994872142746,19.43790445912129,20.13805071970152,24.61705490595346,47.44395415868785,22.543420969042128,29.51331749181012,69.45374410938518,48.27200277192127
4.03029,12.557923698231429,6.57144940380893,10.42114657908006,11.935216737988542,7.172036379831256,12.27522287932524,7.776663240576184,4.564608674303189,10.106958537669392,11.20872528437185,8.754315782175302,35.12917819250631,44.904859376988504,27.857489134936372,33.87377627890694,24.294738051057276,30.46819822301464,36.80325927814484,53.68844817972389,29.37890790007093,35.317836366236186,41.880212533546334,12.451200823493147
3.731750000000001,6.320835848151509,18.97416468609896,8.835450054425234,4.996003317435368,4.104925000000001,7.585003017781808,8.0639030830932,30.84068436523365,10.741145229038718,5.641737781821181,6.553533786963996,3.8232000000000004,5.570503718919396,4.642086432432831,3.84417,15.356907080623683,18.347469784416703,21.329567748525264,16.891506558116667,22.52395105834813,34.7380907602424,13.898024507915654,18.77641080468962
3.955655,4.162037,8.160372124082997,10.164734822935271,7.308658446301975,8.531298129723131,38.67282285476786,90.21176230319811,15.836189472611736,7.514150855307055,5.184366206031474,7.72922714532565,15.303596560136395,64.8668079545773,61.29546198887125,36.14908684713006,54.29032164240045,44.12566585888983,41.6962932968511,32.82352271239238,23.717118341687485,24.87818765518332,28.38744158457723,42.09233079013525
8.99986875710927,8.803927127045405,7.58079109239666,7.712250317831951,6.236146878554634,9.204105632820198,11.814250308918544,10.620981222733535,27.753971739750376,6.59343342397514,4.218968241713679,9.128038644119204,47.61048422075895,15.282041661912315,30.702927418053104,71.69792818833905,35.67932352645749,24.397796911526687,21.814480787940266,28.107138859615503,20.8748443947634,23.846165357500247,26.758122427792067,8.70087972197335
8.182182401078437,4.162037,8.520026107910272,8.907300021906194,8.097545474460174,7.0848682131437135,9.701072636543092,16.510333703330613,23.31158363965929,30.8829229837592,32.3266077460906,44.53683811262232,29.263141221145613,43.65548737858519,6.257194230264679,50.90266629660623,82.37740909120419,31.97713784821383,13.412690116481793,17.11697280869934,19.276832649015564,27.87674659700838,25.10599044197291,26.877366850615445
7.467810457642327,10.74295623609853,8.275094934765177,9.55193739283496,6.919323016689252,11.63349655201405,8.57469501602239,61.770009510925945,28.741738002447004,24.36777574165325,22.84571515903176,15.407202145655114,4.709964360421993,9.80674915954903,11.998985780185109,5.846382965469813,4.330867179082318,4.718419290625424,6.096944342995502,27.565373289008125,20.647409004540965,26.13432886470138,17.909364158471817,19.22649344004486
7.144106463260326,8.438536599650536,11.49639462212184,7.4018240283081775,8.642860060914968,22.56469441110473,9.624521329083665,72.67825553476781,36.04041284281282,8.197876507804203,27.98615119505634,46.48315487935597,38.056841201459214,78.91728459271158,31.723287538992754,93.86754243446434,10.414627224078668,3.971672328410613,17.606495767686464,28.725043071882023,25.24423980506417,29.452401823065625,24.07433086017388,20.48891024023117
8.552574952467936,7.863837787441322,4.912945773515606,8.695903954844539,4.23785681386072,9.40783244771473,8.07465518465618,83.49986273292178,19.061292997645864,38.84605837324351,40.3695845276079,33.99118836686025,147.80152412463846,12.549071720448291,6.316411244620332,17.03284620905286,25.71854932338068,19.035477567361745,19.799552894911702,18.69417772679911,22.020500579079226,24.18096780106592,28.86511613111553,44.85193387352
3.358575,8.184901099429478,8.184901099429478,7.230803087995965,5.769736764542703,6.788756764496469,9.821881319315368,11.693202480807413,6.36013784151957,5.396371901899463,5.418535396266193,8.486223529085406,7.557962538665801,3.673266136325808,5.545282386163988,8.13013330682125,15.654566120040052,16.228543230108908,23.85966570980918,23.4166276462058,24.290844290682333,27.12397573287048,29.64331187486275,47.09407776189013
6.399812169112788,5.914105559539005,9.4657482566509,9.896009541044116,8.996372310040107,3.612334,11.35889790798108,17.397887506882796,31.74782538695301,6.079121606282454,4.547153192452959,10.169592034713975,16.24871148371783,17.271953607515936,7.237645213977541,17.97011447814737,52.46039355217375,17.823279962573725,32.2760793103247,27.7932132986364,14.615768920210137,17.61318380640925,10.642219484515469,19.490239538295967
4.921687945665228,5.507404997483402,5.507404997483401,6.789396132417153,6.172178302197411,6.789396132417154,22.70811343158745,17.636867230494577,16.792887429616368,18.54233166467336,19.71267674765085,9.115498482260492,13.748230536757912,7.038660043092345,4.769410506243453,13.05300753341398,32.26728801900958,18.976779226455022,14.20250995316893,37.26984564959318,9.09245884915634,15.850770564022753,20.60272846724675,2.8818285676604822
4.662108622956749,5.269777896191985,4.711469620440604,5.363391773947508,5.6717460553829655,6.238920660921263,4.146331200000001,14.92361722700106,17.989054321623584,3.2302417849675216,76.02323265761478,6.187359333145053,35.42828833600852,29.163654503352788,77.64817695185147,27.337715477636415,13.590534771862808,13.611441214649576,7.140675525845145,4.425095981610341,8.545730569334287,10.834260899672763,15.161251119797711,3.4299491955478016
9.310135114496072,2.984102,8.687158294382826,3.1197430000000006,8.256390114496073,9.08202912594568,10.42458995325939,2.03757444,5.613896532111339,6.991661265139174,4.0517681558076895,7.125558432269807,8.45872062323076,7.427468134401069,2.191555,7.107674968131404,5.167749630755041,4.149747520522193,8.321126626122508,6.339511711581856,9.657398698487633,23.30162124158146,17.058740035645492,17.351140411914635
18.881359839927526,32.76998922516196,14.965946060950204,10.43561401494643,7.314462256820661,6.635201446116863,12.139620961545962,6.907544654565616,12.898682262318772,25.13588801375664,21.08825313785728,27.047180439070715,15.623809997917501,55.416161584509695,7.931254647858796,8.277014291963157,3.775484459216082,3.5589130614674125,13.600597076684569,22.19176464436589,17.655758367770215,17.933844487453296,10.003172960896794,5.164445390700402
14.001182184569492,8.428922392070495,6.840830611585288,9.627371540021809,9.978482184569492,7.122162223013199,10.09237758053694,8.768079232622872,6.762323194088858,23.244970335709866,13.352684944030749,10.88561692862126,9.589168551051213,29.167745059038523,9.276881684922445,23.927011759203378,33.16854502367008,26.96575418807605,20.424668397154495,19.14246489809128,18.91330363350287,33.002145193901285,24.51162372052096,6.034418079996571
3.731750000000001,15.079728696700077,14.154859940518689,10.951854386157716,13.927051251270075,7.603670804723752,17.55571014204114,23.15585178350328,22.43297303289879,9.635509534677634,9.163038512558373,15.882725280802877,12.001732157967353,8.820154450443782,6.439529912863008,11.751213651900313,7.548501625605907,5.975131437322573,12.098282091609608,27.69622083250158,25.00317440851443,25.024673092441112,31.100521338853746,6.881061209389616
7.398986924487813,14.580608669663569,9.965613916998937,13.657866223621175,12.16747803145465,8.76194909617752,21.4047370895125,34.01415913466758,35.40564816056709,15.935044389005744,10.277699446128146,5.165281262747754,12.720513565083033,11.513242601730242,6.939595330325492,17.98724646364218,24.295073879399077,18.623789447657547,16.74826774307738,16.359026861386557,15.342965212686572,15.792317454412586,2.7655811123499467,6.915022528083766
4.4939293677923375,8.35559430336704,8.355594303367042,4.943322304571573,30.00195671819564,10.193883175143643,7.906782742204967,31.52504784680365,39.45751885554908,22.713605230512265,16.24447178717415,27.345671846524606,9.022716891711926,11.160633909107249,25.45584002486522,21.03312959862316,36.08011732048036,26.165272847006385,24.24422299263125,21.09365659251233,19.918578385102904,28.949026960873244,10.602425255061853,5.604254853744079
3.43321,14.705527953981926,17.29392505269006,13.564088498084695,23.200213223821763,15.782960975785516,10.09369505847216,18.24051900011965,16.89087184202514,68.26388195717179,39.64625861162028,17.930590963720718,14.139954715353886,9.458589122670816,13.91784852638412,27.826459578442403,35.49853013445167,25.574833021132168,20.108896401918525,23.76251799954685,14.749183902556013,19.19702448177333,11.00619276974484,7.619780433978591
33.44155047975116,3.7693920000000007,12.81158970352559,13.39393469004948,9.021165174918131,9.054425346377997,73.30463435744983,37.50921746764792,7.420920144483606,8.717247171318968,10.045681512270765,13.2832410149251,8.434122531173612,6.457736602169833,7.449087009215799,9.390494010702744,14.248203510219046,18.01718146168458,24.453513583434237,23.75211095971525,30.56125055706676,33.51811641977194,35.50628385079028,43.47668469078097
3.731750000000001,7.851547287428185,5.1530429023213085,9.747252350678014,8.861138500616375,7.695496950431464,6.772416075899797,6.366150112355871,17.736544601291808,22.48589592469233,28.1460859277006,89.44661461524446,82.74893718411177,27.047033286195976,19.328932847972307,11.94331185163646,7.126047701231971,16.723020777690852,46.94988049052187,21.691541287288832,2.714049972373012,2.2339725805546897,3.948573894544277,5.358712215787769
34.90557889100731,4.004979000000001,4.004979000000001,4.1870235000000005,3.806385,4.1870235000000005,4.8059748,8.450462382470956,10.358738658912722,14.77533747984504,53.4635568584281,46.43982048402773,33.73354188344233,20.464234945946625,52.3492705048852,54.87709244835506,13.048237638124592,46.84738871165397,6.583464851030186,10.269216458915077,12.00696950881916,21.852332512498503,24.30798731302184,24.99517839075276
4.104925000000001,7.77146136009653,5.5375772447399525,7.7000870032976,7.9651304585425455,6.85084180241824,20.891245505817064,19.859850470185695,23.36424832417861,21.461079574323147,29.5941726354492,27.374692143105023,31.32667604831439,14.183333862957792,18.370731531646793,21.21336893600905,28.25735447215053,22.899634482573116,30.044799726116384,20.334798645065643,18.190992399548016,22.35591705491084,41.59833248738723,21.29595985831883
9.526839782388926,11.594642501562117,8.99714037635775,11.353723730307744,9.947991133981084,10.293582771461894,9.017471941937693,7.774359335246382,13.515465956398208,32.74194309235143,33.49821746745387,41.5993910930468,19.23927976764069,19.641084119283185,32.21410857864809,6.148276324048426,32.83147816672722,36.83539992901473,20.60750126121768,16.896506452403464,1.5845647454916851,5.3566395015415855,6.403294038742432,8.255325862834361
3.58248,16.106814750042894,16.106814750042894,5.997822505755712,13.163222174514852,16.76663782328299,20.228998500051464,83.53195531192051,18.79121484572357,12.34199433087547,9.871214745605402,9.921341674883076,15.712376279576903,17.903964332531107,12.573849909710425,15.154594663063364,27.42452058140448,50.90931328819419,41.512999783113614,20.93042219991888,10.399502287278931,43.85092865645342,35.528997839040656,6.786771293872119
5.568873939333256,8.321286256975016,5.630007325991183,8.187961124749679,9.071309166332904,9.978440082966197,9.985543508370018,3.510109937980118,38.55976084549254,78.65835532404736,7.645639517530104,7.866623222908791,8.077877648750704,18.160156832914332,6.886570241364539,18.398542620464063,28.109941669658408,21.397052265323826,20.600540463934333,30.83392999893345,37.69680356166996,35.51586901531507,4.163655979731037,5.485811472130176
5.018210491954125,9.648569648859167,8.889577289249106,9.759229971660856,5.447030655938834,11.881889783385164,13.63834305571167,6.069891534196373,3.690115677096017,7.734384827534052,7.16800239007568,9.290762200648564,11.066424117331783,10.016138495085016,4.70611069693501,7.083920896502157,11.538729980112644,15.840295643492707,11.75588815498655,22.100683439294123,16.16360931394701,9.313311024230057,11.906154962246609,25.841238038793666
3.43321,3.612334000000001,6.293584314778848,6.579656329086976,5.981505753715433,3.7765310000000007,12.754162441763423,69.45825290787815,29.292639026230805,3.027190382049794,5.3515049770146215,6.370836837161353,3.517344,3.183522,4.731469162752739,7.086132514751156,28.397385049275886,24.71616790308265,21.75609334369336,22.653871407104337,23.311858426623225,28.997371918863987,9.633485371154498,3.617274230507752
6.474096929717572,3.847921000000001,6.811875899963708,7.1215066226893295,6.943593918003832,6.43291103986948,5.994751159985483,13.475156422757822,16.756198283511132,74.79315251083874,15.546168000000002,27.466746841330018,67.69358435745559,11.810579154097901,16.358805358586686,16.919759771059915,13.802956163749716,6.682608742701054,7.080412592469791,11.539793119400429,9.945059227984302,13.852042577007,16.1100936414215,15.591320182105518
9.479456626137154,7.929590749469658,7.552835374522694,4.548160809631369,5.746021451194259,6.123683286682316,9.51550889936359,24.743427039565358,23.90297713372896,25.83090987550819,86.3590750155811,43.29710228913114,46.24918003636173,37.392664963879966,27.715550800506815,20.072697953364347,26.17166887412064,16.69684542300895,16.631455804505936,48.707898419544144,9.795976106937063,24.04506900835592,25.7346653787366,2.392155
3.806385,7.543347894224025,7.007008480075542,9.81760295352057,9.678449023897722,15.711950770248976,9.05201747306883,17.21615066669557,31.155533797328925,49.24906343104335,63.4668363210906,59.451947763099945,40.45980294073587,43.67758620158788,18.52806531344106,20.55913785849426,23.634096608350657,60.22694819383657,23.94712473523836,25.458698360845915,30.50079302491661,33.89687537852337,39.684737913297134,7.255548226187902
3.657115,7.607242902904789,3.847921000000001,7.953026671218643,7.230024246562402,8.985519671218642,28.45954337942515,23.51808935900003,7.01458108133997,21.038122098883623,10.55386063091882,67.83705679081906,4.121820319248577,25.92767931953816,11.372947969280068,29.460287042956406,30.57642785062228,29.25421250626321,28.279316938291775,29.51192121413719,23.732646632457936,28.592261929320124,24.43289595427692,15.133044090850436
15.087601896291892,20.973405378367183,12.276065029076356,11.307513371249868,8.227322820210107,10.37622432096802,15.67553192110317,9.393514428069498,8.955394708322213,6.780877941431648,9.563010083598153,12.104333135467437,20.984920918316533,22.1179415308872,13.879297271335263,33.00366085634729,36.56609951507026,59.35580532935781,39.283354508354144,28.371445048965587,23.60300919951668,28.097267598556943,31.774550095963853,18.736080468756462
27.936488812874902,50.96543077148064,13.220342485202064,8.572255393852037,7.792959448956397,4.104925000000001,5.737283673023426,22.86651842924375,22.342016434014656,6.599219751548075,16.345088612982078,32.844460897481056,22.433503886072078,13.372835030833867,4.956362232440816,10.343707290063886,13.52317541874432,26.503732592539052,20.717051514435543,19.66924969845714,16.459831320216637,28.465450420959503,22.30727280366001,12.58864540406184
3.58248,10.214557496554583,11.132186033219773,8.033093023769862,6.808792027431919,9.918367729542268,12.651239141629665,29.61410429116054,33.086222800878964,9.94294647987499,14.833476792057697,13.08654551694545,6.960092473763694,8.37501709700704,9.07876511669771,14.220454664126644,43.12445923518478,54.19847274798792,13.604454292584077,21.07352410225188,13.27937046591622,25.41354810178837,31.08528977246069,34.48739450477974
11.58763362624423,11.10165623861305,12.06506301769451,13.368873470278588,11.466795430040236,7.761720239232577,17.22722217813614,29.161337682510148,21.939664505283183,27.877258968027267,22.14573178209193,54.63495468658637,31.35568894473504,7.6456371647212915,16.97165934724149,9.674354718756119,16.839188191717003,26.57408060587933,24.89379948915391,22.35613310109348,25.187322518054472,32.36028755204256,32.2350848905128,11.952819883712005
5.978198280027592,3.926450000000001,6.290104277246424,6.5760181080303495,5.978198280027591,4.104925000000001,7.548125132695709,8.548223181703301,7.563575598433237,11.1519969517589,7.955625022357225,10.429832053350712,4.973949790875794,5.774872470331456,8.636690354283456,15.31445426696467,14.553300820961727,15.347008765843375,12.532486057265372,19.02201650921659,20.16839677655441,18.72070287226725,22.61911871262981,3.388853382227343
9.145723970244632,5.7786211842243045,16.048088060187062,16.095945153182303,10.355453784386622,14.10052294301833,13.705748563011705,9.47323379358764,10.725218265657103,15.016732235601552,29.04298603455038,15.505858702772956,10.179982859706081,15.697119331298484,65.9386245108061,20.77723098873972,23.08919574268043,4.115149928941027,13.95430772908146,7.161385424261357,3.618938074396445,6.695046991159579,5.347369148276004,8.033209213000246
6.004719221908379,7.011917896575551,8.399735848841189,9.50699231701828,3.806385,9.50699231701828,10.912373789968813,2.7346393800000004,41.09893024911783,20.897588337146946,5.1829801688415245,21.42725458273545,21.47469716673809,10.373887854613983,6.678465677244246,11.588697835286649,25.64853738207607,24.49160573770065,50.037337410420974,17.916678667182566,14.763151056844748,18.456302688858425,20.338848669791027,3.897197897795962
8.125387706233383,7.0273732138880325,11.493186191750985,10.989711322899891,12.408245263188643,7.808876838899544,11.82924662084249,7.735989271328266,11.921300129533863,29.951941238897263,30.016172742239103,42.68623680003029,24.796082973218123,10.626561676450583,3.7196382310482208,9.403515975068986,6.836977833939619,2.9797816366315497,4.2413013450799015,13.566162393146312,17.671103773751124,30.79118028907809,32.18214726461632,3.080377717734283
9.076108232560244,9.123724314259045,10.297597603706707,15.14909433850187,12.161189508871862,13.37730845975905,14.875126608355371,21.698783527930576,30.6514869123614,12.141464634268033,8.143489470578317,10.676697740882982,14.934490486614274,8.04066763382859,11.264247261315935,12.549120478335606,13.877318804793418,21.22495821145884,25.242913719407955,34.28928092480006,27.28002160002689,26.91809923238166,14.721450515189796,5.243913674236038
3.657115,9.7125754901271,3.847921000000001,10.154056194223784,6.190680989348672,8.20321038242531,27.8340725635724,8.872084167721491,6.822590650525259,14.867172543001608,5.337987143301959,10.070138374436809,9.457173429905874,3.391143,7.133014681892739,17.70271808386522,31.704366141369576,10.93140473207439,19.08487549645325,19.344730103940574,20.390266571232512,9.10181243031117,4.465887453011108,2.211615
6.817043169239759,16.681003685517442,11.64544165925677,13.076277765455066,12.279699556782068,17.439231125768234,22.172360673775064,25.13305710244624,43.13962828000127,53.978745013554175,36.7098413200075,42.40474474659224,85.51663645773692,16.754428134165927,34.51999175390933,7.399399610731856,7.605859615021964,6.871494215625527,6.451822140968781,13.30395425482982,17.647928258735384,21.209337783031508,15.106456006144665,9.016835593165434
40.49099518963908,11.856685540759043,4.476153000000002,4.6796145000000005,4.254195,4.6796145000000005,5.3713836000000015,9.243853348872944,2.88202374,3.6025296749999995,3.995244000000001,4.64094,4.358447999999999,7.591040606275287,5.582462263915844,3.662307000000001,21.161726433784803,15.985643248708891,20.02611190763868,22.771539809227125,21.54752022630696,33.805989625866815,38.49445798361256,2.572695
8.394498026217846,8.46966774800708,14.503028400460686,7.312575116044125,14.367911638849092,12.574333166974489,12.316048146013427,7.6330597753558305,6.328508261187751,9.675566223961386,7.755376706315982,15.364659835982144,14.720010659247768,9.465217136459644,11.029129005331137,6.608242480872116,19.378100790303023,39.567390056762726,30.282685302956278,61.02641095481604,20.966841821216704,62.10428629903896,5.683668107691386,5.365712358123379
8.463973307554314,8.032455324349025,11.063110371389271,9.73727475737863,10.423245809612284,20.94225310191244,13.83523799281302,7.713183118551064,5.583855429292371,8.476527964539134,27.983152274792367,96.59629631508962,29.537934163377344,38.135049428465976,8.06433621438365,8.860895230973304,16.522011678973513,37.57276423115025,18.2312926426633,38.35436422656033,15.350463348583403,20.76404405492441,19.9248031545815,34.999364785244694
5.367395000000001,4.004979000000001,4.004979000000001,4.1870235000000005,3.806385,4.1870235000000005,4.8059748,11.695016704807712,6.239066845039888,75.34205507183565,3.574692,4.15242,3.899664,3.529556999999999,2.9412975,3.2768010000000007,3.97761748845869,18.744036439327203,19.71307347782688,23.889613787934994,1.342459332,1.6573572,1.841508,2.301885
4.42084935348144,20.4861959461096,25.20968949737323,9.663659784750283,8.785145258863896,4.862934288829584,9.932117015243753,16.267261544972488,29.6884995323252,26.75041245817797,37.933707841561805,13.296857006618056,6.6471454928441025,8.146225603673793,22.58235079785964,20.141350622723746,34.32189489240835,28.772978624967028,20.11851987644935,27.250194766507903,19.1170930236492,25.43558483457237,12.210567003311173,16.14786260646351
4.674197094030922,15.394158743001004,15.242862606143383,14.43008832462832,7.120390138261677,12.62407669045274,23.92505456905519,22.67576884501044,11.192499466324817,12.123909206246148,9.744881083839848,13.9292669647684,15.860965972707719,11.192551592044754,9.454873331443084,10.15366344749196,27.47002402728625,43.42324701303197,27.997974309062528,18.763570201442494,12.869716321609443,49.783289587324056,25.423080729552805,21.18308648282839
40.85935917987911,7.497101458114742,11.11371139598655,11.958315334468317,7.476843371965624,8.249205125306124,13.726066296954937,5.387741718994405,17.28777417137738,26.48709501485201,51.85862838604068,62.83877612197029,13.773790393838674,11.168507945013534,6.850568876593716,5.127674816336214,6.804380254364821,4.2994773258219645,4.50179725012969,16.736779204850347,16.773866479707955,24.791592676302287,4.58762798233088,8.347791524248537
3.731750000000001,7.666344701390455,6.126388059641444,7.554827866255901,8.3316204883412,8.47480196392414,10.529184537255787,26.10091101681177,7.472956732452561,20.36466157852828,7.824478371659562,4.755278254463981,7.756719207762255,7.725684452825474,3.206756397941324,6.632453710897155,4.167891276327308,2.317892850383052,3.243858142205128,1.5329120400000007,2.9384472866659683,7.70404486233966,20.85311768465833,22.45664868470458
3.88102,9.991347365514883,7.843042141691292,6.234333028611356,9.4959086531753,10.44549951849283,11.98961683861786,5.171946442541292,6.055938345008939,4.4113045500000005,9.58199426839276,9.245476153247374,4.76055800659524,10.139125876791645,23.3293801228652,37.39139816892174,20.229094199403463,22.574267139984546,23.434278730209368,18.39253976819329,21.507143738129344,25.49814703767387,44.5394025603659,52.70396268992652
13.557138821936697,10.690118673560043,13.50485826214248,9.86953938575805,18.99179178260192,13.877240491295776,11.00765928580439,32.15838721836065,27.496198906716906,29.60136886083905,116.56263402203402,31.851409469502563,26.174819438148656,20.109468759380785,18.491379344758794,22.57844894801057,20.728994064687583,10.266255092396824,16.894044724800153,9.27091828013932,11.523748357487028,19.09685742256394,11.86566280840446,9.226792391905644
5.05399990037952,6.479703888634864,8.338931147724773,8.717973472621352,3.5078450000000005,8.717973472621352,11.497776040564508,81.22404858300311,55.7796574184754,43.23778993174427,20.065677120108123,8.645924105079025,6.988189847925227,13.89717838932615,3.9053635593841745,6.822761848138451,7.042967205289092,12.5481983584579,14.92164629166805,19.82246681593162,33.92094449686952,23.9671770436924,17.126231706856455,10.39833050413668
5.331608333730609,5.995039403869317,6.432657627788053,7.073085250655506,6.430077500595913,7.475857278506118,8.580984006633111,4.882650816997435,2.371650750044856,5.290072594226595,6.3825500875783465,3.41964,5.274699652547007,5.453145250460478,4.119879166973651,5.69306446793281,3.680873044060824,4.196944104542748,11.401895002320485,11.7399369410234,7.909509298598367,12.738390172227026,24.59363337147379,21.344487246573586
22.817475234004885,6.123722558630299,7.317185173365568,12.575976434449029,11.249185372252407,11.970358859534883,8.780622208038682,11.27074674507149,15.891803607486546,17.334806795659095,22.2312226077424,14.582149752176475,46.97543946768768,10.601236333171908,9.685231278211338,5.986787869117283,7.845037335351184,6.191267859030574,13.7228123959427,7.894458816220269,4.768991352054823,8.182156990261642,18.958714376319183,1.9859400000000005
4.104925000000001,4.319095000000002,4.319095000000002,4.515417500000001,4.104925000000001,4.515417500000001,5.182914000000001,2.949120900000001,9.244165226077907,31.493736023763542,11.44638,5.720099999999999,4.20552,3.806385,3.1719874999999997,3.533805000000001,2.5693098750000005,5.86686849083934,13.164478336922455,10.721651435364478,13.18482313924112,15.18222138959274,20.937035071863143,29.13907958417515
8.954126191037975,5.201069927227024,15.412707353867631,10.781474303421128,14.066133794524555,14.540811680697656,19.471542636048397,13.91499909625999,36.83399977061576,28.412486560978504,34.377599052197574,22.89763716852242,11.158317206616683,12.528994040908662,10.083686689864063,17.152799747490764,16.181090049613008,21.922466118902168,40.46536920209557,28.816891098631988,14.556746826926464,18.39182404105101,23.20567979083722,11.719083864477993
3.731750000000001,11.253650899164995,8.252738043159217,8.762661380798503,7.353645878641442,10.408299235590736,13.333162142218672,11.490576810593929,15.322642291893285,7.334723602603405,14.557927855436748,9.950067121491784,10.74709849746139,5.723758859979112,6.378622158833167,60.42649387341367,46.81739617340419,60.14140241469836,6.705151746351105,18.100893874674338,22.97469999084789,29.50787335474945,28.45386641441443,56.99631538653188
4.254195000000001,4.476153000000002,8.476558890138614,22.815582312769767,4.634398865591687,8.234520643282266,11.349730706679416,42.08629510634281,52.66064728926376,35.1581213804049,12.26107649521263,56.17255247754662,90.85916214108286,19.72822812959906,6.225271461390302,6.444407459960035,2.900712380872615,12.651996778101982,23.305750496214586,29.18434015825903,24.96129531485352,61.748754613964735,35.32183519283972,4.412100262783493
3.358575,13.0915865133057,13.0915865133057,12.580719272808182,3.861274706699402,16.302425509957718,23.637515444217208,74.0665662091547,36.64920173600783,37.000768588402025,26.88075627133401,9.802038121025666,8.030910745454616,10.351737201907484,9.614594903648625,13.00948005464561,15.638437480180126,15.891583005267831,11.164323883139105,18.415577639806965,17.47709013377853,23.103577663398763,16.70453707773926,3.8870732856065753
3.58248,22.108977341488806,89.47724243520972,43.56919528594747,3.5824800000000003,3.940728000000001,4.5232704,15.138218004943944,9.757755020916662,3.0337092,3.3644160000000003,6.410105137037836,64.4850340164963,4.499773697391994,6.999305320402403,23.076181467883107,58.37753840909736,19.163729030041583,14.279489446129997,17.14815980352093,13.346546463720978,13.290356366910526,1.7331839999999998,2.16648
17.865980151159786,10.502802410032714,10.0528116566621,14.67498644642439,10.126156631340194,8.23065548018446,15.134896899195043,5.303894186492551,60.81915206882136,7.822463565699644,6.7490030256643365,80.02190241919378,6.289097388122867,11.625414517855853,10.308874776413823,9.546128213717951,6.867215658621786,3.451389277356724,12.117478697152102,45.864223549905375,15.096252850520887,17.162629177414825,20.18037822166093,5.139872658357746
9.219398402922511,13.9108285010299,12.148618753094976,7.7726537118996335,11.306946842064864,10.141338243214763,16.08880800194391,5.888688782082143,13.407978675524785,27.45184093189944,27.135197132407125,24.77519920344334,22.30637714260403,15.161824661047136,19.669236949592925,16.247843805593998,28.981112793242247,23.840215938359748,19.556485290427943,20.157315157183355,11.935652896784465,15.420544546941624,24.02857939235537,27.08456772680169
7.178799069786565,8.42502594363469,11.887383326491266,7.181251615374327,8.87444074260595,8.373630551025817,9.562573673210336,45.838461607512265,32.19910826899577,70.98048489082045,21.83277552060099,12.325010511313264,8.142547348343179,14.298443745290394,21.48621703101363,7.486442206964847,7.185479728590469,15.368786631723465,14.624003138486849,3.1110766547074213,3.937137320731393,6.438403643062719,20.71760467919219,6.832342783445396
3.806385,4.004979000000001,4.004979000000001,4.1870235000000005,3.806385,4.1870235000000005,6.091778749790992,23.1557054270908,23.62188354133378,20.696303186042307,21.155110394569803,16.70423466378721,20.03576477324149,20.34398954997085,2.9412975,3.2768010000000007,2.382450975,24.31736789929296,15.59374396930502,39.0702355206608,14.806393998342294,17.689550618834502,28.87693613950607,23.54212300520806
3.88102,7.974804475393017,5.812973100174675,6.98123772527392,7.990286250415031,38.86861057767327,61.34997148522686,29.702154541899343,34.163394374288494,6.766319674783274,22.99837115364772,29.949878368137032,33.88472699816982,3.5987639999999996,11.21216693487392,6.701717137839424,14.600805985622978,29.036967309934774,21.56614123331932,31.8672042742847,31.44020337485265,26.346643584836418,30.66852069672202,9.849632598404318
3.731750000000001,7.810599029747565,7.810599029747565,4.104925000000001,7.159614698626097,8.165626258372454,19.487923427612184,23.456193222648736,36.06312479051013,41.61641502274512,20.749502016791272,8.098141743840447,7.605211376824072,55.84728090657224,7.369525628774983,6.799039747176847,18.361957013479017,20.849133214479654,24.53197885422151,33.6026853428005,31.110925645354644,26.55605767776464,28.36894834798464,4.489187271041987
31.97938136731651,10.228784938799167,12.488447984272767,15.98741647879131,10.67473332388962,10.148647775730003,14.930421375009027,15.151011266568885,15.468783689949197,11.36380298636081,13.03303882145635,10.561867886001794,13.321428552099887,6.953401706391864,10.8927656139864,13.863878394279912,27.5837020416212,42.72066769669382,22.87769580092204,29.397907003683848,19.20421978074798,30.269086087572788,21.852825024330908,22.50420522258428
4.03029,15.885277903074195,12.5769732821352,15.57730610262535,26.60883260194112,14.456637892086718,18.49124728787701,8.717481684890453,13.683859946540526,16.596110568113613,6.520856111573922,21.63900994196677,18.861557439907067,13.70408919430676,20.31982125085079,31.460235880487765,18.572785680824797,32.656707051888475,32.47580406498112,30.792898273004376,27.80060480350997,40.0970623069765,35.25692437565792,12.761289979614896
3.955655,10.44237182127102,10.44237182127102,6.440340140959989,7.754054347199978,10.917025085874249,24.739285111919514,41.89034993432681,57.50456298586593,116.69099834749647,17.533829975422208,75.89565071705046,10.323299023566673,10.24712227524925,6.830376916374004,4.1060015131170156,7.962150766659625,24.19417314201168,46.7768380118508,21.11179981369053,22.248880797616025,28.829148942992195,33.962847942664105,40.53575654419119
8.235825805467,7.174330754329679,10.113901429033072,9.0594083860137,10.686926747844176,10.337225180988495,5.785760526786183,7.677859894842489,7.2399071022668,5.046143768476675,7.734514669482053,10.48623889711919,6.148618607554669,11.23961630287419,6.054123357562687,26.3743649466673,70.38109378237353,15.407283456594266,18.47090039836555,17.178942276335754,12.003830137360202,18.967814013510235,8.483377744432076,5.163202443564319
3.731750000000001,7.553947403232944,9.406742668773488,7.897308648834441,9.468940815093118,12.212828204551045,9.386173927277426,9.90136662399035,12.771389772344556,78.82629612609564,33.2900140535173,17.813062653177262,7.746539327493977,8.92946659749793,6.790929365465786,20.16068663245915,7.034408851137967,20.81894720935688,41.39489285908905,14.379895891230335,15.444659945400248,43.88812516981192,3.435695988635719,5.314640372973224
9.656001242868337,9.679739079041005,5.228565515209965,11.278161345527035,7.566946766230607,11.278161345527035,14.063407805300594,12.084409426932297,9.583774518851335,7.29235275930712,9.630183600609763,11.49639547732284,10.504130150056076,7.016623365050197,6.728346609534308,34.78936733391608,37.59518132125258,4.799788968030898,19.425152037013422,43.13558532609573,24.97941406505637,30.32960172161448,30.202518844036423,3.9713158861265705
7.818703238259436,8.226635581125148,2.7485150000000007,8.60057356208538,7.8187032382594355,8.60057356208538,5.98747719437053,13.793410087350615,8.336388338408435,6.019800910117135,7.342782171582776,4.656907322371044,24.621129958881458,44.67502974292605,25.214592431521897,19.022400289297362,37.67497918889634,21.84264821586779,19.600572935655936,20.91142895115899,15.615791322955795,25.15581997138288,26.38717983176622,4.728306701397999
7.497707698518146,10.002321982332372,13.947733396454288,14.776531278111298,9.259384412070236,11.746709194497454,13.032578867748978,31.966763807437168,18.3501051724177,21.78599993790547,10.731776404748532,21.349693878322103,20.466419107638167,33.45169022551005,57.951137196032334,8.926861021006996,39.76344396870508,20.620321933569976,16.873573596807347,7.61942380636544,16.44270942636969,17.200641643008463,11.787810968503312,5.062439274549275
3.209305,3.3767470000000013,3.3767470000000013,3.5302355000000003,3.209305,3.5302355000000003,4.052096400000001,2.30567634,2.53408986,48.45283075425797,29.94246997726664,17.920888985618664,3.287952,17.23746599387399,13.801668501678666,13.404703321777863,19.13878892863601,27.090857362488496,39.663953389875935,15.600053665850975,16.458253158891818,31.94113403353463,26.632524212852765,32.310617585320166
3.43321,11.748355408770175,9.008486743644813,7.251091602044903,9.509988771687512,10.054498558233549,13.989591602457356,18.558078031429865,31.93693132419753,13.422938312775829,10.267208097266828,12.180864360708364,9.289952319274027,7.543614728873821,8.267840463485312,7.370580062982122,13.75128447428537,22.683944536144928,41.68497742405719,21.501703922110632,17.019197223691368,27.495271421148328,24.15059767911788,2.07621
3.358575,6.497709730723619,3.533805,6.620914191194279,6.175509248208399,6.79306017302924,4.240566,2.4129171,14.28608600350226,23.92758197816908,23.05253529650382,15.624223596072992,13.925841516814922,3.573995097742595,4.771984419070126,2.891295,3.865307379446801,1.4984215191000003,2.4662835934127574,2.0224697265215763,6.782126863253228,19.70894293128533,18.580083215466097,23.91396398310727
6.417546438171267,6.006629210991675,9.23819407131298,9.658111983645384,7.126313047714083,6.799419991822695,9.296043116782236,6.307930530346102,2.907124521301188,6.634887909758907,8.245660823981831,9.578292876342529,6.090723978833966,5.731742472445575,3.133402192794784,6.948366818985616,5.495545537801526,5.350742998144931,8.18190740599866,9.959708170533553,9.70651485205782,14.656527784477795,21.0794676317398,23.7369468039685
2.6178708832070727,10.259907002189482,5.372854640058294,2.5450535000000003,10.548760401680608,14.709984358428535,6.919776187198249,11.136109030536696,32.576100915200946,47.25315669171176,22.62812187350445,103.78442147019244,38.92996712420378,37.85597493455357,10.244347599918553,4.354529456071692,5.0461807934662,3.691110041214909,4.297936087330554,21.640529914458813,18.75625545757121,38.10026228782936,20.861843336026407,11.770912075196096
6.675331428544153,6.190422942525062,9.800898415061262,10.246393797564046,8.52303184519491,4.439335345233095,24.70535026206016,83.32427380615572,6.310423684251839,12.68809765553329,56.81299102161814,38.8840310281291,19.57877314803863,23.07447896648596,12.105990758637084,8.018916885050123,2.1955920750000004,4.15582554545055,12.979648992237188,19.678259459510578,32.685705841635915,27.733817679968503,32.12921907239856,13.764604140643192
2.83613,2.984102,2.984102,3.1197430000000006,2.8361300000000003,3.1197430000000006,29.175284396428555,23.471855223875835,29.012411620421425,38.87728524999824,15.5176919470281,9.512653435638368,2.9056319999999998,2.629866,25.473942483606926,21.053764595208456,57.62577897540332,17.823270027139188,27.897099372722817,22.025068914075497,20.06547263773757,22.08850608021312,1.3721039999999998,1.7151300000000005
3.88102,4.083508000000001,4.083508000000001,4.269122,3.88102,4.269122,4.900209600000001,4.535011800000001,2.6292146400000003,3.2865183,11.601512502652138,155.55844999597713,5.661901123310478,13.02195678490945,8.702788189473495,3.341052000000001,31.90892270041545,15.820519948789242,22.78005165854813,18.419379387578523,22.00214082331129,23.339045079547017,56.49164250059268,34.54411812303157
3.2839400000000003,3.455276000000001,3.455276000000001,3.612334,3.28394,7.849451500000001,31.907833832797383,20.837997536353296,19.926565437400928,3.9485353499999993,3.084048000000001,3.58248,3.364416,17.829790116812156,19.110113780611847,14.979922790169862,20.44072489154348,14.282653522027784,19.48570710367456,23.76497226676043,10.408596551050348,1.4298768000000002,3.8757452119992544,12.079603685230577
10.868211938913664,9.292003777950235,12.516660642880584,10.262890770359476,6.902623842265064,12.244126603285846,27.256091455358064,19.87370660641121,29.22571049767159,32.684072651771295,19.00263211587291,37.47293088230131,31.32755014608714,11.878935936663206,9.28827829468667,24.27410150784728,37.823297832966375,22.921764553905646,18.666367239892796,58.9184775106777,22.20187658045841,40.52714722793907,20.043810210541555,8.04227836453269
7.763960557762202,5.522201800242464,9.612764921066836,4.515417500000001,9.136098891923025,13.239632391923026,26.785805424407343,15.727412815865144,23.3207326704954,28.104219448374604,19.75746590154208,9.9666533366433,9.359987481369359,7.835482108490422,8.29535186406041,66.1386900992246,22.507510129344887,17.579810761763927,13.666281521668756,19.76607086852411,23.148795349144983,24.97361761519446,15.792959760399272,22.10920315091161
8.637591783147032,9.08824874574601,4.162037,9.501350961461736,5.870992774923787,8.412732569888218,29.481334494895208,34.4171240673248,19.472101710655405,6.413390406798547,4.514321332142102,9.42282739979676,8.849263992852613,4.6546601567789185,5.687813584743786,14.349975100837165,15.659891051570288,56.80156444618535,26.22728313724413,24.978033169988,19.892114940742594,30.68335205938539,18.05818528197716,2.392155
3.281152593065685,5.475033723540091,12.124165874039395,6.211890671350294,11.375091269702953,12.675264322859372,7.1301701618977305,8.20890724911993,7.6059278163694195,11.45909199527289,35.57841160255757,28.44953507657008,27.497409629929695,26.819851755100753,21.755951997303754,40.95857188522231,3.5346171299377493,3.9534040827213386,15.931213518240254,18.58579548083132,12.674124401912447,25.79979971629327,30.45210277103674,38.62198986222497
22.8777153558542,8.785677242325372,8.489512924044371,10.011309581474936,7.730436712802756,10.25223225465593,6.186208732556129,14.845230392430413,22.052274630331038,33.83274011857392,32.272884246684725,16.254859830139683,10.805355220100992,6.402188158176179,5.756013176557442,9.257294435177082,50.814973368700784,18.33424901558328,22.190196458774057,21.38651490468917,16.18337842847232,18.345593282553043,19.60591156793109,23.562318751422804
4.328830000000001,13.338324000338524,13.338324000338524,13.94461145489937,8.559113627643361,10.754013098018058,11.653909047194642,5.690254636773879,6.764582436550724,26.723297096766792,19.38594582239188,32.6754972532306,106.03479855236097,29.194263981822566,5.7663876558304645,21.759323024921436,7.119903228234372,15.59043079962943,20.146621218149605,20.501353058425668,13.963401832745436,7.789825660572345,15.563762009943886,7.508363123953575
3.806385,9.524076882734803,9.524076882734803,9.956989468313658,6.905953495375106,6.493917943023148,11.428892259281763,6.160543715623962,4.968325186626121,23.904651206869893,37.71048110723354,59.35323352139426,35.382839981036064,72.20706512176149,3.309777670778858,7.792426540419385,13.415288389625008,10.699252920421369,18.693945943279516,17.409222331677675,13.711462492430494,15.378414924117855,6.376945858572598,2.7344486787403994
3.657115,3.847921000000001,3.847921000000001,4.022826500000002,3.657115000000001,4.022826500000002,4.617505200000001,2.62739862,8.732147824606743,14.797965472797117,11.29667613998878,3.98958,3.746736,3.391143,3.1355646071875114,6.210686849769785,5.852256715216315,48.58825866446578,12.18387116066562,14.768009285585649,9.714328013142175,13.289522997715228,4.859136397033291,2.211615
29.493563942489768,9.309109608301853,8.506973202479747,12.924843289877634,9.822849546948053,6.9141849391815535,15.652020142941346,9.644191646562309,46.03337866783579,17.888796007356888,8.308957336335538,11.877350198081418,8.803086849740485,10.343168480848748,7.7965677512231135,13.474293001023717,84.88403568988471,18.965547072341625,16.30241685397514,9.348102784628162,4.296070469206576,5.243121922069373,4.053345934608811,6.32345235730463
7.293695777231302,6.2931870316788645,10.160125337116876,4.269122,9.656317469160664,4.269122,13.77337840454025,21.58612453847229,17.19626641489896,33.65408990935368,13.510973282118387,36.26877332984166,41.11309395372828,29.392736010011333,31.808716934958163,20.161216029671138,22.34287224465392,24.898845942319145,31.762297591148823,38.20143686621758,38.830304950642486,14.035437427600394,4.671672957412117,5.839591196765146
4.328830000000001,11.4063307493695,7.818687465618094,10.896612874444529,9.679815666107196,7.202502994763685,17.97857154360438,4.70411697571048,7.726793701476379,7.779487267240209,7.808153867636422,10.515402386337508,11.232682792568898,9.77597785837069,4.704832551906492,23.117848532216165,30.24447743899753,23.104117911605226,17.719579699922782,14.189627429558124,3.3269842602674866,2.689956254399232,5.517979118886725,4.754396890625227
3.060035,9.508834949104422,13.41127776095234,14.020881295541082,11.1357515229295,13.015169890709869,14.454507332166692,8.181378181007648,6.794399528315878,21.91332868580927,25.434599377496703,20.801638622436865,13.663117084370676,17.434680382703995,9.376607501898464,10.97286362259737,8.582739109297924,10.877923386781958,15.91857924237038,21.44482290748729,21.0777508081851,23.9178327133705,27.35300327392498,31.239708413078127
4.413734352877472,10.704175246584448,12.39600130306058,24.88902896478769,6.680117485230103,9.708703334908712,55.9126243177824,109.11754596502784,30.106036542067503,46.89602175101991,28.75278357741277,49.944792635080354,22.795743599555724,20.0870117348516,5.540747920380467,25.627638117426986,4.296894222133172,8.945698168176085,24.39014290980888,25.891252230081083,17.159427121182325,20.92632340367489,27.763458619468764,7.152822773474448
5.494641249106548,5.28187080965531,3.9083905306404247,6.044105374017205,3.9519267358629295,5.277579082678136,44.17501397386624,51.25357884612898,47.001790254862726,29.55441150775337,16.63680581298684,9.436375123284217,7.13404618406712,3.114314999999999,4.245859147036878,2.891295,3.4391459090998717,12.137792010847075,16.695414438127802,15.743223004255029,18.683074754545963,26.690044863277187,26.73424861907568,3.3228462889853825
8.485316488546308,9.946692828203672,15.340916481369792,13.057114992200017,39.56290847742472,7.350530006234415,31.42124420973141,30.43601546354609,39.8868513317085,11.65024744693511,7.968818963156533,12.632421166981636,23.16293862956128,38.878386358415554,13.724118229024796,29.83125251194975,31.05419636518925,43.100833170024906,29.635004354134832,34.260606197207764,30.271582715605707,36.8069422751471,17.761201662150107,25.495163863110616
3.507845,9.342399632840664,3.690863000000001,9.767054161606143,8.879140146914677,3.858629500000001,27.933877307160685,24.62987680375212,4.692010829617003,5.038011647872324,7.421516792728116,27.282545677972465,11.066237990386925,8.233384499866336,3.276591079530265,41.31583438575957,74.24880285190943,38.57401588340606,22.325226107132004,3.647334584592452,3.1315498958622063,1.9525943240992607,3.705087308246508,5.369598586869349
4.104925000000001,4.319095000000002,4.319095000000002,4.515417500000001,4.104925000000001,4.515417500000001,5.182914000000001,26.057762879131605,24.7546402513032,34.09184613760506,24.44539272984579,4.4781,13.726833777693589,25.11486655982875,14.573556771513816,22.94931142142262,32.63660358218437,22.38906891740382,26.56038824335088,25.566230299505904,21.725572984331976,28.82297986237007,29.215770239745726,2.482425
22.613040458600533,9.805409246962776,9.805409246962771,3.940728000000001,10.28420829687682,7.956425424632257,64.66596291952425,24.813065371465285,19.95807108409309,139.29145546749663,25.37148099748189,29.88277874191688,49.65263388447473,99.23696960339898,22.487983231997525,24.975287640464366,82.59548767693092,69.8499093044806,30.09258937118413,18.31073902875397,18.30473625748702,14.578013025642552,13.706452352610542,5.635716058547348
32.62530302508987,9.572259301080408,7.17291296489018,12.134461118466508,10.30618086160053,7.7821740540481,15.10923224995594,22.40042317031976,62.85461388577711,47.9023648727918,32.17147977574894,23.175890048459216,7.904781177331084,9.71321845566733,15.173509772482253,4.903806464255486,37.4122650720053,18.693617276474,18.72329529887323,24.016280219235025,17.779664176425676,26.30525234046077,29.935351243875065,20.51450695573527
2.9854,5.786183739982119,3.1411600000000006,6.049192091799487,5.499265537999533,5.12744139453299,7.812588475986887,18.7234325018022,15.122210403308705,27.4745396101476,18.44949529987176,8.687921802873774,6.620942669673242,4.581310297102691,14.783472889217162,15.604717691621167,31.148561301769035,17.702016216537515,16.62588378655964,19.974116412316626,16.62762812907761,29.066907615576863,23.932349669945665,22.78866953567367
8.993726853614806,13.932049388963415,10.40324158219101,17.13024285551969,10.23280352581208,10.253264140312549,37.17074315656982,69.22522180802301,8.93846422786377,12.540480572441782,30.11608218074516,31.174623780513297,19.936095505347527,19.70105423649467,10.323061574945514,13.500868676207041,7.088148545474462,7.960847261346581,20.02423109461602,23.641662487665727,15.774892174504265,28.926107974493416,19.70906623861056,5.523797264081022
4.03029,13.614133076278684,10.121476848155368,10.599915274790405,10.39846326356363,11.08452491935032,16.001965556177854,15.448576480678874,38.04701687988874,132.66069224395537,105.8320168413808,44.18121649372314,25.301866633521538,19.912619782078654,47.7448117391067,72.03089167591247,38.61176773694962,15.878547072350694,11.517689247229248,2.935632904316971,5.441858198559361,20.267595364785475,37.36044776521109,18.07830161180544
3.43321,6.3851872013805,3.612334000000001,6.675422983261431,6.068566348419482,6.675422983261431,113.78821161653524,17.753339869890926,11.863990299362058,4.519064634908369,5.699175353298297,6.620254198275798,3.517344,5.627216068534428,32.603438497392474,15.900423177812122,19.37443536762279,21.33946670902481,44.48027847502411,35.264388907036846,12.977977233553124,21.09158824114865,39.12041674814722,12.120844428721831
3.88102,4.083508000000001,4.083508000000001,4.269122,3.88102,4.269122,4.900209600000001,2.78825976,13.353471961296872,18.217538793942108,3.644784000000001,14.749753698680948,104.33830088909477,24.988852238674365,18.813449416711983,3.341052000000001,2.4291657,20.028162477226807,11.832214003908014,16.407161926105655,18.562939682071207,32.154686218893744,7.688919356503939,2.34702
8.497758037497988,7.136508007349465,12.472683329355506,13.039623480689851,5.705684552715314,10.7762915137041,14.96721999522661,13.737521556579775,8.48220616589315,6.495371453302427,9.646234626052864,7.318255388365654,90.06300483696018,10.992079297771605,6.713998475706614,7.479840757078777,5.474997659427062,4.397632153671832,34.8185053812634,20.055106690418302,33.989168946529496,28.75614625955401,27.7426739011058,34.752541947645234
5.103690890354202,6.927668102468054,8.025378564827975,9.033191169920936,4.611860207733723,7.377360471922283,22.094967363707752,19.016450506321025,9.28989314524444,20.650869296898733,22.03064002578473,19.316184856275903,6.745498017128921,7.303036304818143,12.580775911091042,9.91023657156536,11.538497609682636,17.950734142457353,16.72423661387151,20.12060255137317,18.367488884303548,30.431315228231355,25.775745365921267,29.06380512877896
4.328830000000001,7.2248405771067805,6.112274503312289,9.414262035867871,7.289543022825009,5.924850258966968,10.805935554213557,8.73927203868001,53.98023307994532,19.04073314297804,13.31208304126896,11.28844208909383,5.4084867303381925,35.816891902051005,12.282286512761024,7.231756617328672,24.324889463262444,54.58082384591757,20.18316633395203,36.19745935969365,44.79628364079623,28.937061156867447,30.5984946170049,70.79696109656491
6.212446494208908,4.397624,6.536574137385026,4.597516000000001,4.17956,7.330618953325309,6.988308909908021,9.447132331124356,10.983718204541567,5.260812644868724,5.834297577170105,4.55952,73.64763534035185,14.921282937207382,63.764600591828575,18.764970379156928,32.21330529513956,15.31699133550719,16.137378151780627,19.433077104951877,19.56637373896121,21.45141982265382,43.341203350727305,2.52756
2.910765,8.829997674449835,11.707031542667082,14.426471272330032,6.037870777086729,13.173116074230746,17.94712922731608,11.542665683867488,6.314607834829952,20.804333336227447,8.062433124022833,15.604436812663684,5.426920847378589,10.974466203275403,30.081266741635837,62.175254938675366,32.07091907512037,39.30266591836815,36.50036571520807,25.704041551448046,11.223357903957371,23.460494577349905,53.00373121762398,28.03724307600856
6.71842805809538,7.65395441564948,8.897627952464262,13.790516715813016,12.536833378011831,3.7765310000000007,15.82911483902016,7.975796840567379,5.738326321580737,7.363612414052363,9.068174230117409,14.377773776609034,7.2325955199090695,11.62506367779279,9.687553064827323,11.822094210094903,30.185129172540424,17.01522657181596,22.523789496460164,22.847386372502697,20.410717966971536,24.25297728895908,28.649075470276184,29.404110985279058
6.5678172746564965,14.99574478091369,14.08524327650646,14.249537639043886,13.170463293773016,9.094013150341578,22.271951106247684,7.286170833900777,7.923439415146364,11.770367634908402,7.764058657999133,13.423757044685528,8.954389535783852,12.643509368569408,8.695102603434801,34.01480060309023,25.1728587012347,20.292494056885253,13.360415717458244,10.12341898844035,17.912129030805346,23.836145965431403,23.41438909310669,13.84981307209679
11.244850499494053,6.634084616073489,7.74921147781563,10.846565181428351,10.098704019686224,8.363457603397375,27.17549582020737,21.808962653864747,59.159437134148746,72.60010232929841,43.66533938904767,24.41179345973981,11.76399622947118,30.983090360342604,18.423481032348924,17.330276318979887,114.49496903849092,46.66065228866074,37.21888414652784,26.8097378131828,29.11455699473682,24.79802019266654,28.30996680653728,50.729973153682494
23.596363676826957,41.97338211693648,58.05318867540255,45.62530999903641,2.9854,3.28394,22.90738637356865,22.572239906234955,14.1316002,2.5280910000000003,2.8036800000000004,3.2568,5.947709763526916,2.76828,2.3068999999999997,3.739537553897009,14.719719657774364,25.43932614366557,36.124009007670686,29.501264958407955,19.911935712628,28.73424747804446,27.85282985793216,33.825220520439345
3.955655,9.135738759929488,8.457506701757286,11.669375138330969,7.391924244324837,13.0879370564387,9.870133679531987,9.319578253538518,6.027444188681739,10.439793633044069,7.7431181253474515,14.151336887263872,13.289951163691288,9.042260216450336,6.706595913218895,9.134277533200528,7.448146582670979,11.518838900449431,5.180589087996412,1.6248867624000007,4.575065688100728,4.619110187705855,5.028393233121359,5.250819046841515
2.462955,2.591457000000001,2.591457000000001,2.709250500000001,2.4629550000000004,2.709250500000001,3.1097484000000004,8.287959158653038,8.191652146521434,10.355532075,64.53971947288531,10.14061959742496,16.417752047748344,4.809992907637137,14.400798711819318,51.19861048752282,27.36674526740612,20.63241457878868,11.61664162932987,12.632046824514411,20.21466526529076,13.837988215614388,17.93005326652176,11.275658465636486
2.83613,6.813921827945822,4.51602993117833,8.992133402850255,7.204023688070438,16.90321850947958,10.32140529718464,5.349957122927157,4.793877782030358,13.05511930857645,25.84221340800505,18.697185113458392,19.337399273666353,27.970981327617814,57.22893536559519,20.58110729259362,26.815662296540104,21.35727606088628,23.819808255082545,25.062600658280328,19.99479716203696,23.75828515922833,23.948305437284525,29.17429575040245
3.657115,7.094435588093136,6.398753890644606,4.507695561858066,8.712250393642234,7.416909933006459,8.513322705711762,2.62739862,30.639739491635343,99.21632398779168,3.641487678579728,7.355613156700619,6.90788018194493,5.230439689197124,3.5071734959989347,5.804538208439838,4.22028304865698,1.6316145430200002,25.377784112146703,19.43562631779488,14.97001674546506,19.301836101803623,15.003681765028524,3.277873950259202
4.104925000000001,9.824058074064762,9.824058074064762,4.515417500000001,9.3369146984913,10.270606168340432,7.585079705046441,7.369600025518407,15.617377642812452,15.487919395266786,19.83900117322932,65.71021628122166,24.01839898768871,18.964536164885644,3.1719874999999997,8.037865696962077,5.8440597908284175,13.0618039921273,13.845584047348048,20.18223870125581,23.613976360969808,26.87142007370356,23.5317753948814,5.646434580510548
8.669323862250947,8.20561306402473,4.770525510670789,9.53625624847604,8.669323862250947,4.269122,10.945963693902934,6.2283438043406365,5.725624755749483,5.866860063124569,6.302008752015939,7.795388327294092,8.658789800755365,8.038827581359968,6.69902298446664,14.289377467855376,25.750373314105094,16.111416413477116,20.208772164418697,18.682060121148368,16.70586949654437,25.810001549115743,21.322285320178384,3.926489258191292
26.89311339731007,11.461786179075188,19.528743445250697,9.371252730409129,8.519320664008296,3.3660385,13.255453994364544,49.862394850981815,23.872120759001803,7.21431563502157,19.62347634970735,14.312875648992648,7.796471058295684,7.899733706625874,6.3913596529978545,4.682700000000001,23.324134980673502,24.2028650058394,27.11502396928917,22.31813882381951,24.11172493452777,21.85125327603681,28.381630800424976,11.152456153606767
10.949390381221717,5.188312690227844,10.717876011710183,12.533041054961162,10.94939038122172,9.31142139810585,9.05801829675731,9.403566077780663,6.0829649552652265,8.823681424449587,16.783774597012727,48.22716528269437,19.880071210135853,11.742259750994815,8.548249049636931,9.53008453560151,5.605103798400433,5.702066064612637,4.053490124797881,7.450365676589183,13.123113457917324,21.28530673253613,4.201946148935768,5.813143424712842
3.664425592839563,2.591457000000001,2.591457000000001,2.709250500000001,3.614649333650867,27.5515552334079,36.329342081415845,40.1847018245882,20.04758809427788,16.625606192278966,29.10214653580873,24.799410106248413,2.5233119999999998,2.2838309999999997,1.9031925,11.36622153642589,21.64112292901672,21.544317016982937,22.82559081109705,19.416315795375827,19.8584852994701,32.07582774097626,26.29900166394816,1.4894550000000002
5.494400486674694,8.966498159771712,11.265720205653468,11.777798396819533,4.302467194669878,7.573488260081677,16.841040246784164,34.72710360067876,31.80424442272227,23.89710032909482,17.337543286079953,10.308910974667624,6.491953300977748,9.928392036988368,8.273660030823638,6.823176219657786,5.385870061819724,36.79879671759495,81.39360918573723,31.927535084215872,22.07258926211372,19.494671377213702,27.616505885306445,33.15544305602057
7.12605001587597,4.17233310720821,7.352061144164179,7.686245741626187,3.806385,7.686245741626188,8.822473372997015,27.09436267439332,22.736266993384486,5.647756492989514,6.608173463335321,17.93876429401818,26.612770570836457,15.986269385407121,21.706374507483595,40.27090696150824,22.690055638868827,21.939136483682173,20.964563554947933,27.29621419165533,17.47145299735582,15.730804944620312,14.052208479329762,6.251037135857298
6.6218798124983245,9.0038716349802,10.472150277914038,7.503356162498017,10.750282348843404,11.324430739978448,13.270237467494796,56.6542694504954,61.97798975833059,9.103534552679662,6.183396461425508,8.727215691438282,10.81246127920623,7.380478421201917,5.27095267613497,9.254590891613017,5.73048429902672,4.173630178474438,2.551033060358028,3.366881633872339,12.073503517633076,36.8306657499073,38.30218034470127,51.084418148416944
3.955655,7.127695793551298,4.162037,7.451681965985447,6.461078406856926,4.523468359221414,20.45491148155368,61.085099021575566,45.8963706033794,4.410539622039647,6.36191029507058,7.390097817506225,4.052592000000001,6.281583144880293,5.234652620733577,44.38824935646466,26.543145607940403,20.045512893233084,19.24846663441788,9.59816407247664,19.40435386261593,18.595800660610244,21.63411924546733,7.305436261600349
21.22100560569228,11.675026048937086,11.724683384813488,11.815468317512844,12.516189716100063,7.457920631981894,17.83509598546823,17.919368408526957,12.799142875177807,17.189950569615853,22.37873584617551,19.831058719035536,56.048636786662094,52.83821581385593,18.93550192307093,26.408254431890384,8.68603268986001,15.894090043103535,18.29312614570438,18.583779249397875,39.676090166170496,23.52203061503495,30.948177666356017,33.87905555697987
7.351343295979981,3.847921000000001,3.847921000000001,4.022826500000002,3.657115000000001,4.022826500000002,4.617505200000001,16.140282097194127,62.0411949316964,20.21085823350505,3.434508,3.98958,18.979410019626325,20.277590462382907,17.773396025354458,6.327192207253998,2.2890215250000003,10.027382804616208,16.811728120590455,23.476060470718444,18.101649482662705,20.40818243001744,19.26627350923925,31.3844686987214
20.650972154549173,9.102933203498754,12.871650058509834,9.758600910376442,7.649206199957253,11.57559653375696,12.094819512513862,36.02333322624928,31.203721114934808,57.11148833419849,11.654918757564053,12.05901904795621,6.4461492235937135,9.41651103026238,9.589800577036073,13.22716312829024,9.960441029910324,28.18599158047497,20.80297368435756,29.619702002252883,27.331747822154995,33.53527074174641,43.65353008929216,57.33802317504875
15.159674189719228,9.77944649342716,7.376697622960775,6.594366747851501,5.994878861683182,5.765814105608218,16.907987094739035,30.482746193548884,20.75167357975986,52.97576921251027,22.67973155741839,6.5398678491089255,5.948866869657721,3.114314999999999,13.168142353432371,18.84579344629692,32.12864598814965,23.35593541853408,28.84833620589601,25.715585011595778,16.204772150886203,19.24872376293473,20.58669915077736,3.6253615250495135
3.2839400000000003,9.879082106570792,3.455276000000001,10.3281312932331,8.556673412042517,8.191286699931661,16.892580940831948,7.242679759259123,57.71891140492933,14.568761170278137,30.61928600565772,25.941268149048373,9.334988604208409,4.846415012535098,5.539768354225165,10.734557312399792,13.570631310917436,43.17692054146527,27.4838166400558,12.048703989086098,31.36408634389598,20.79480584980316,22.652634887775644,24.88170669088683
3.58248,6.753332610574266,10.027592610574263,18.213421765282344,5.945793844463089,7.926850684327742,5.517917270191423,4.8376273974439465,4.028005066267176,4.634746906267175,4.104235986092793,7.001952669115315,5.464418487225243,7.894963572810935,11.935845558271273,9.761566951337809,23.78575513360872,12.768096649650198,18.375677954776005,21.03022320171087,17.82666438366983,28.68925433876233,25.011446656585907,38.30345884751295
8.333561111446706,4.221496118373539,8.335321367470764,4.866099916717007,7.510438182092761,9.16691722259138,12.720489798038903,20.21595078084606,46.77081630066065,15.089211211780368,76.80893428353825,20.023943535245888,31.76146173645897,11.806588791935512,2.9412975,7.201963506845966,48.99838333050364,31.42332958410368,33.341042261410124,18.9799899605321,15.673877978877774,14.975793350192658,36.38208294793623,6.766242286587566
4.754046772815537,5.657694493617565,4.87096189617054,6.326109010174765,3.5078450000000005,4.955287060077672,11.59507427540465,33.9689695366994,37.55524300788141,51.06223246193637,76.33689544022332,81.40352189082881,5.76426787815588,3.252729,4.443960874916156,15.211906866192354,3.599608308682086,7.798297301460361,18.28074466135454,18.989779325908952,17.662114076012443,21.78187231434569,47.53316414683636,2.1213450000000003
3.1346700000000003,3.298218000000001,5.95482402396388,6.225497843234965,6.242206607815343,8.148286119320709,10.033002685970754,15.025739790612269,8.853448892939085,6.272833487724991,7.116348749752226,8.080944911723016,6.594158283764214,45.255917370763434,5.724002645803803,5.8753226300547094,26.011044049302303,71.72193519463622,57.964270801650535,27.41870146185391,23.68039431331424,29.97806082185333,22.973767007924373,4.479654244542107
3.88102,4.083508000000001,4.083508000000001,4.269122,3.88102,7.398605500000001,19.129544040892515,10.775504080130784,2.6292146400000003,31.76159693174224,44.44045917320574,26.45074525231737,6.215776918381616,3.5987639999999996,6.377452743392022,3.341052000000001,18.05887376741361,13.766840785257395,9.344281145732252,8.5577780445389,12.741677169654592,18.06373017402662,26.1562856660678,12.573725989607413
17.739176152357867,19.125614813394268,12.82608314587578,17.04532574245229,17.362608736475945,18.66936001642748,23.81931123826831,32.43855295505669,37.24537290935357,15.732537239460488,7.246922069586736,21.268539061945884,16.933631007597327,23.84061286352836,11.498065768898385,12.352467994832708,11.64935322264014,5.173751326562447,21.23643601495032,29.488487900629742,22.751334617286474,28.536226873054463,36.44606330120401,42.763031903241824
7.830065265429624,9.702449961925094,9.702449961925094,9.616902240672609,4.195004170030573,15.503716739682298,117.567748266962,34.62731243454044,27.207656981914816,10.840350776979475,3.714876,10.059640080733752,9.447314162776049,8.55069406862369,3.0566424999999997,7.938368150665985,2.475880425,4.114080944177602,16.315004712661366,25.48853886483742,20.60751689337191,37.16993101159393,33.133107843701694,15.24689422541045
6.537760805635274,11.147180463076957,16.925111802879957,10.613027751661924,12.90905853668273,11.415805670825993,20.605343777553955,9.647793927137258,11.567410127010811,12.55305905549116,14.452941895595146,24.042888385154267,7.974695897110519,11.566410774782536,12.584714359876925,10.822633686883778,7.079262554229681,6.2717329191732185,6.78482941965733,17.889041733898267,15.35990829224482,24.61611271151258,22.858486342565985,8.269033201152702
29.336563958241488,8.134848006027719,9.192203785144988,9.057322527203912,3.460536228509269,9.610031229924305,150.78156596120868,64.74807097997667,44.42310246539054,15.959944350365223,4.753506853746029,20.711315848858003,13.687238028375587,13.831970120836413,15.819992653148315,8.413464652975266,19.36133030002584,22.66984751224684,37.27561039106932,14.763013864806698,16.57656929118675,19.49851375494877,16.594582217436727,22.52241613835097
3.43321,6.173809669579558,6.173809669579558,6.008119651527644,3.703705594124563,4.074076153537019,9.951720069579558,19.278830159919,23.11386590953308,32.1780051198607,33.10168624322131,35.76783519439503,94.13324114554052,28.75312882008226,16.19983121046276,18.369974947837086,29.909642247727177,19.372849929750444,13.330905872309042,16.304095429913673,10.787090880937631,34.78814141780468,22.687756448151607,20.76877612866056
35.688203195487404,6.844134226824683,7.087274579060073,9.697153101413974,5.8115042525919725,7.155231237134896,11.130645299014304,6.333429163943262,4.093578746496503,21.513083416336524,10.555905436131503,9.617011340245265,15.569327584317813,6.982032955871016,6.8120496993403945,7.589076340237025,5.517760256465721,17.68186255414862,26.13399647039844,27.50790419452573,23.32335504293789,27.414373224673053,27.14381597939926,18.386686121913563
9.868535247073218,10.38341534692052,9.123753647480424,4.600023287060983,9.868535247073218,4.929253049414644,10.570605867144485,7.253486574897299,10.743284360108149,2.7809001,58.175557510910274,20.669041853255592,27.52821900193266,29.415440720972576,24.54761434125043,25.526456276554676,2.0554479000000003,19.144788847711443,17.358689247759454,14.6083459792421,15.122736872380637,14.726720535441672,14.628350543559238,5.062931059582725
29.081587970934827,5.968823292203341,5.3645635099869295,5.450475771907044,3.806385,71.30389449829477,26.542596335852767,23.477820914669508,25.091558901864623,18.02718840875607,6.001718893860963,5.875309461691423,4.7822192341312615,5.925939614898072,22.589888943503517,28.32289563580696,26.19203875657835,19.25219003761016,11.212798051651651,22.590279852181755,24.72845760754132,23.73356245442865,21.88782700908791,28.327842540454185
4.03029,5.915283155621316,34.23569045034336,29.446034692334024,4.03029,4.433319,21.99806008744703,35.002263532801074,26.045830687767136,30.762377378690044,70.74168585365061,31.823971008320363,4.129056,3.7371779999999997,3.114315,16.8832347056909,29.199398700974758,53.85015381308934,26.446926462696684,28.455893414512424,13.593745451008116,24.374062425898018,27.244439217859576,5.533554548270231
3.88102,4.083508000000001,4.083508000000001,4.269122,3.88102,4.269122,4.900209600000001,2.78825976,2.6292146400000003,3.2865183,11.985878641541442,4.23384,3.9761279999999997,3.5987639999999996,3.944305589246431,3.341052000000001,2.4291657,1.7315093109600002,1.549944396,4.798045049520881,35.30726278499428,24.643117777485298,27.03061478092216,22.545114415500933
4.519741109750599,10.743731515576872,11.849203101429882,6.435746466792994,9.913230198255592,11.116446078698695,62.58492408423304,30.56271546420211,27.056593319932485,36.76389098243575,8.602744400084104,10.279629151118112,16.340700113046587,10.03782493382204,5.738783365295589,12.325573102960059,22.58989954436668,16.27989826220406,48.04616857800257,22.68785139707177,20.273090474095063,21.20619520213465,19.893589862306463,6.810398476779758
8.346823811480677,11.088758486772594,15.846877603519705,16.788020321894667,7.760210354052988,11.991422783112936,16.292257410227588,5.4193104687780895,7.526429017660861,11.025242073163245,10.562159515359683,8.590171027127136,14.163093247683584,61.45921415441158,10.753659386572174,7.826906675090475,18.426616108251164,19.70255823308088,50.28692955911848,43.73566236774266,27.381363485082183,17.052969012153138,5.504494639494318,5.295620768938136
3.507845,3.690863000000001,3.690863000000001,3.858629500000001,7.302845000000001,3.858629500000001,30.688401933002584,64.61501248162526,11.867771705751323,2.970506925,7.275881083772356,10.497317754411732,8.087101260683534,23.07094284262884,15.095826908840813,25.783238327876397,55.87720023240916,40.65007444897819,31.370777486322943,34.85333317536224,38.82746881869077,46.19928009751035,49.03803677840904,65.36062984145772
3.43321,11.940955989250998,7.315649716991982,12.0408423515874,13.468769108457195,49.13224769918401,34.45224566105784,42.13755947799502,80.9773362503066,39.88316213404991,74.90943145396206,14.439986538613748,11.876919471379443,12.308358310625177,17.893891861980386,35.46673978078553,19.746945911322477,28.275289651079596,15.861664248267768,16.812781594876412,16.448219337684588,29.80384988234817,50.16715696624615,45.33807474186211
11.612106207999211,12.217955227547002,7.297659387198973,13.514569731891386,11.142184359042824,20.956800678178254,13.945394324577324,5.343739965200932,57.239353395377016,38.99342285098009,37.13988059043415,12.66775222690823,13.837266225464454,21.535494701708664,24.54925028778368,34.721399913854654,75.47569424861709,11.726870555574587,4.637471320128522,2.779960787614303,3.0841071689016952,4.500211113200257,10.049644117282106,35.5159300181937
3.88102,4.083508000000001,4.083508000000001,6.756729053732212,3.88102,4.269122,4.900209600000001,10.326287299875313,3.2452944706160367,3.764048207654009,3.644784000000001,4.328603106577795,5.973455549177957,5.956891804473134,85.44495389727169,96.4750006845121,21.800909542130825,21.20024597921043,15.50105717117305,16.484824988581593,11.779797155266582,14.671394925213256,32.21277715905434,23.07484988367912
3.662175,6.362701710965026,3.533805,6.651915425099799,4.254781946999939,5.501783176449876,7.63524205315803,6.506790580314375,23.17183972288024,32.471110797582504,31.938197598365964,53.87753759233447,76.15191529617192,14.649551066523584,4.672833149863494,28.96038986938425,48.12330331737087,37.3634680930601,43.33489095709744,40.74410263655258,23.954557481904903,21.032471966996354,21.2053326720686,2.8440374282074545
2.83613,2.984102,5.440439274308216,5.259733807162458,3.095522825110601,5.144897753351629,13.332755454861651,17.558254354664637,24.13308181106956,16.040441613198396,44.21288424440117,54.79747776805981,17.853532042553653,8.965496218337307,5.334835792545835,9.085190193919917,8.280173261183055,10.548394576086173,12.573564092383146,24.2828776306446,15.457218334975916,12.545513437676597,12.856885345705908,19.42608838225836
31.93158944876515,4.319095000000002,10.557670140695285,11.03756423799961,10.034149307272378,4.811878715363618,16.925933507416698,33.13756836203877,10.973580687821912,13.394746355266468,8.157848864882245,5.654144490698652,10.280045456304345,9.3043929940162,6.920629314101955,4.229844375201541,4.424887572980468,3.033818427191344,8.203639211856796,42.34934834514764,14.644021995283383,21.839450494304923,10.847417231629748,4.275253693700936
11.830686460426888,10.515013640083316,9.028422999459286,9.282016491198004,11.830686460426888,7.315157650744135,14.640209472344615,21.280197128749148,12.56103381366778,5.630501326090422,10.889412004223276,12.906203411374785,10.914359065839989,35.6512025523161,68.17397975745571,11.56629302704841,7.404934207276285,19.737197605612383,33.46940623234529,23.38212261447121,17.22395187174967,22.6394188680509,26.970635876494672,8.162178366381852
18.262255854039804,14.16520880032519,11.288915526418824,12.251921445318944,8.59071392965667,12.345138642223668,27.5354800391102,16.413898174682085,24.831572651169143,11.86352911314532,25.590766613126807,37.87165167110687,31.43033497673597,21.54438948535937,8.009044355403404,7.528525093458145,17.283985478965583,13.87672493330845,19.373227873877944,22.30037797869661,18.65727259054162,27.848874177209503,24.168705161374653,29.870029131019844
13.204970689693525,10.69251218016624,15.5198520340085,15.606518928571928,15.942223088133318,16.664428151175787,13.111985249582846,9.137190931187249,9.428693602286565,6.603878083388528,14.229329265418988,17.1154927110425,7.604265117888615,15.158222565590536,12.631852137992116,5.3680925577037195,10.231800231773615,4.428353182395901,14.909955111860482,73.78705083823412,19.3910824188362,12.29203340854323,7.027317470238304,24.5939123742544
6.283445256351338,9.666409350703976,10.488605908207932,5.919088860243191,10.298444619969088,10.638318767692564,11.599691220844772,4.514245626780412,7.699679768862691,11.08682183607836,7.920041262994419,29.114255588075267,26.644341910893424,25.21121469114063,7.379676800092182,20.28997185664338,24.78473782530404,19.98596300285875,16.10023787033965,16.942480707987244,20.924203717451007,23.887112571431544,30.927569987602308,14.776415369436815
3.955655,14.439993208363797,14.439993208363797,9.716670135193546,11.529003818345087,11.877086754900573,9.9213268476212,13.433045800615576,27.368569126290705,30.33725183498309,9.467196510048469,12.044984366935774,11.561672085571121,14.763900285343656,11.560455323209101,11.412099897235253,23.645640146913276,49.21451919443453,38.32909583488962,23.556465601417496,25.36796294855252,23.69769062165359,14.824854011207634,8.299470176106913
9.983689031466948,13.360116743915809,12.628669821185852,10.179006430996935,25.421465645260447,10.258993207566146,16.7872041043047,11.511056750650164,26.37647289815673,32.31826424364205,76.21429323218035,19.37663310291604,10.811548581315524,14.494782860443603,13.970486274535661,18.01538653551001,26.643461497915705,26.40342207826336,20.76673779352833,17.996433147502135,12.942191869097872,14.797695402046934,6.117739047033481,9.745872872586949
6.562297644343416,14.64836532381873,7.278565077132248,8.871071205757325,7.174611351400404,9.78020860216579,44.10157761015949,115.43962211936793,14.91679866005392,18.806091051491784,22.09969849634134,43.24429469410118,32.79681941469573,101.0804066175681,43.300253203093625,101.74506424975127,37.37251256487129,70.02396698192217,20.61239604058384,20.52913140126437,21.49438846409299,25.497543150342576,40.21848215166349,19.65142010436762
3.806385,6.586130214655245,6.586130214655245,5.536261634933423,4.896678442370443,4.1870235000000005,9.797993245271172,8.881735352258424,28.64285220267164,39.78792900821016,5.878529447791457,4.15242,3.899664,5.2988059042102185,4.626296456390683,3.746101220846409,3.917906274011011,1.941427174343344,2.2277038491529524,2.571268780463983,2.8789936569055583,2.725500016703312,1.841508,3.785416689865711
30.361203510265973,23.37778094209554,6.560323631074014,5.745396551526197,7.85410721175636,13.94452578703937,54.93294177831361,4.624855257721319,3.4012971633275013,6.6510007888645895,7.376031120605971,13.50923148105226,114.77831765414429,21.79779191226663,14.08096645216646,34.963377235444405,2.382450975,3.504094224310676,17.847865078040844,39.3771892224234,16.773033864786598,26.514894522962337,26.680992808024087,4.749717009481119
3.58248,8.46057614762876,3.7693920000000007,8.845147790702795,8.041043446093449,7.12860086395682,9.026807181723612,4.015212417063552,43.98559445105078,27.709848977648303,7.551588627635588,8.772047395738307,8.238096684693367,7.45624028637756,2.9405426785990647,56.857213197245656,33.773981848872566,17.692319710061387,35.422924425489306,18.593432470093944,27.59038650074117,24.615644383435768,43.87730485377124,32.78804555545679
10.559840360116944,4.477889343309943,10.479083866198822,11.615824396128644,5.456606218208397,9.63456878809356,13.332946263382444,7.586556613503149,6.340350871010935,4.112340243960611,9.917067468631569,11.519825847400304,4.052592000000001,9.791851970290258,5.144329194417133,10.014868641513885,28.41275991673696,18.617798908519266,25.608831939596524,30.03438575222793,22.93716643254186,21.60945534355424,25.93017415112008,35.07439874602045
3.941609318883029,9.614470831438153,7.548057007377957,7.503311072284618,9.82362836656265,5.883955130337066,10.589639394935949,3.476816719490482,6.65506168978408,6.074881568541282,9.22566837903275,11.037880057793476,9.61190011436759,6.152527995196236,6.2034404602958,14.91259299513716,26.319370782945093,24.71351532138208,13.068788160111204,3.442807683321649,14.633264766398591,27.3437273754004,32.99596871198523,34.14012941047726
7.889359567778136,4.162037,7.964032955217049,4.3512205,7.569122230164963,8.32603445318146,9.55683954626046,5.911625049740961,54.97512852167678,13.250577951676624,17.204115476602258,7.468831400871238,79.35411919700445,53.52565028722556,28.94450775699279,34.6545461217042,18.84567242707963,53.195279456530834,14.563859784294948,19.307206548079776,29.085073078640782,17.313501359152145,23.665902865765684,5.8813904408496205
16.64209326969962,7.739611099346201,6.361864541657927,5.930854502032596,8.322147251076087,19.211652898859477,13.53769898789314,24.99880814795233,16.306564400670766,8.342074166531841,21.52997196718483,19.19509565272808,36.10814837276422,17.477953195583503,23.589934804878187,10.440743496291292,3.784496842577914,17.64350416309602,17.770134673740213,27.102242094747627,23.211851454830104,25.385417762901668,23.31376323156692,13.263285432377716
14.998439870425134,3.2196890000000007,3.2196890000000007,3.3660385,33.98184689292923,3.3660385,3.863626800000001,58.98255056411036,37.73781622288449,53.617683673458174,52.192562900709824,10.717079951528373,14.762631846429944,3.9553619504737725,9.000194745233147,2.6342910000000006,6.222841393794072,3.743995532987055,15.42343324500665,17.955607180907116,22.726821911887743,15.2247017228258,1.480428,1.8505350000000005
5.1314340865244725,10.172443232908112,10.466041980613854,11.090702871455278,6.168814343890741,12.431088260595187,19.95101501877776,17.61195064163323,25.285087531950307,47.0039096385244,45.38425998082202,12.328351993978696,33.25699440006977,14.579473637688206,19.98460636953454,6.425737816021397,8.257834562628476,12.05106542172621,13.863938485305804,20.539916877262108,24.479524858978515,22.811780196900493,26.63791786282356,27.127407212226423
3.43321,3.612334000000001,3.612334000000001,3.7765310000000007,3.4332100000000003,3.7765310000000007,4.334800800000001,2.4665374800000004,2.32584372,2.90730465,3.746952,17.110948399849043,3.517344,3.183522,2.6529350000000003,4.3505869893731735,11.391545269858865,13.419940474805983,19.972955490315805,20.59584898482253,6.522632770570141,27.48964112277885,26.54696442855065,19.32438690239833
5.408278113187357,15.339237882756624,17.21400255213299,4.269122,16.360415648721432,13.581559084489404,12.86023890516485,22.28395056247805,22.352185187368782,11.984989430139764,23.55269281218309,36.19833047768832,81.04688864123466,32.0311207416959,33.27415131316318,32.676350722624775,38.253539003750966,44.28866603386466,28.05338520308389,35.05601508285839,23.4515364368138,37.27545165652976,29.343116461497807,32.540996688901096
5.402355419591011,7.027608194668891,6.523836662224076,8.357501676945212,16.59296490506356,7.171488184635191,40.65009610155815,39.01859258102501,61.93457139896742,28.691448328309647,4.901820241906215,10.239028331114628,4.469308376407452,142.56554423591788,5.058037948225724,10.262861187524036,46.643111346203774,9.567544652301494,59.406332774647744,12.490469504588336,12.062865374600396,20.33202285402337,17.598425030724865,4.039158729467844
11.86270118417116,9.740410611950391,8.454331205112112,3.7401979992840593,9.257415044415664,10.183156548857232,9.459288429154116,19.64149882102775,36.999290703270425,51.67020618208099,91.45559255574312,34.90132092559966,37.793303205626685,23.850828224261452,20.65440098387679,20.45221911442743,31.162437599252637,24.331614189006828,6.542135385237297,2.7653586211395185,5.218206615712782,29.227280641411816,39.06035392132654,8.826957767453846
3.43321,5.741694079181703,4.068625445538936,6.638722794744234,5.601537117230483,6.9567441052713725,4.334800800000001,5.0623764768736175,2.8154914072000468,2.90730465,5.667842386026698,6.583857317101719,10.882019820299764,15.302058950003804,4.663565599613718,7.158863550746198,23.24783700305104,14.722962012960782,13.934681616189923,9.881562172398986,7.529195833186868,13.19965036755022,12.103776392364876,21.368632898393965
35.03440440504125,44.93863305851948,4.004979000000001,18.90944841080081,3.946773318430854,7.584420806026664,6.755785427806612,22.350178114146203,27.794618738362185,31.15739307531264,21.370582033162343,41.128262144452414,48.68821692155034,64.77186287989058,9.793370082675262,39.76870294266096,67.35503706355941,25.15806034536886,16.35180361765141,38.886286188566345,8.034662131924142,25.05680829354991,21.96845937993676,28.41755249687292
9.079138796703075,9.552832994791936,5.142181726325807,8.706181727197613,9.079138796703075,4.3512205,11.46339959375032,6.522769107683549,6.150703846639211,7.688379808299013,3.714876,9.90451505094881,9.301631526108448,3.667970999999999,7.01569816108874,14.593131186897455,3.4962370431078704,12.050192996239652,64.58975785863592,24.965220183860687,21.50608514706765,3.953193398596091,25.32066544094837,3.659678749202324
2.9854,12.645524243810822,7.851507285438626,13.747892044570452,11.622732880673707,3.75000683581199,15.992621536702655,9.63152529132375,19.41676070009983,10.336900971067204,65.06723322811489,20.420775651748567,26.799089635830477,20.83614899031061,53.388235844518505,25.457683745311634,21.953926076232094,8.669230789410781,11.960154744521612,19.01525276032668,12.659897630400106,25.449799451206538,61.46146053859199,21.787606928475693
6.759534955278944,15.000548295899623,11.673774818343018,17.224525375662115,15.814430541046717,11.815750825020116,30.028181158832307,18.500017564714824,10.006872379694046,9.064092507724808,9.102963105715244,14.19332791174665,15.400444231716229,25.221379965885237,10.406586428468373,18.305806911901236,31.578034405250552,5.387411180969913,5.7558474270052535,6.10681692223734,4.658194257155797,6.5276333824161945,15.621109593796938,9.563667481344456
12.13672889475465,14.87397430469986,11.116819024156852,15.550064045822577,8.072603477524614,10.711719967460557,17.848769165639837,17.439125137761806,13.846240821964114,25.678995878639927,93.54321471215243,40.13654654520558,25.877084800438983,30.92208913905466,21.131494404941165,23.941689902228287,18.36845352865141,15.639933460042574,21.192096975799064,25.26608909280125,13.425901296707842,24.97385626639961,51.0191802967505,32.30051525490192
6.334861365957632,18.21021351017817,20.544017025995423,8.437556867994951,16.373534262045307,21.93302705624479,10.701600698864588,18.083863799810764,12.246325630587236,13.026538199755034,16.632345819433603,40.83956883438525,35.8010429936674,56.626714550710346,26.344820213984526,17.574864616967616,22.111514215610523,17.24638277070096,19.299047001759007,17.29924052060812,15.973604770168514,21.96894296440388,22.66007395743102,10.232322129918112
88.42936323998954,11.475939907038958,22.06222287534913,33.898190663592125,7.22459902321936,22.933513107203662,39.71226997261112,24.09304569038515,34.87646146726739,42.16542437419694,9.345499122899213,9.361413789365152,7.40164453287928,9.700654360435667,8.251178416869594,6.921340076439502,4.517800881198732,5.45345215399415,3.936158611405341,5.698251522334416,9.90512269507002,52.05355336189426,18.08109663475882,27.73190327625814
7.389876081914425,6.813188625510733,4.696246966802863,8.128863690105868,7.389876081914425,8.128863690105868,47.75949802145816,32.45050689435152,25.960152827850667,6.257881427548442,6.081193153348423,7.26354639876168,6.473236572698924,13.033706232755161,10.078365944776767,23.126559726461334,19.62168214363062,15.29633912185995,14.801988167269368,22.429613948404636,18.456031440106745,26.51644684184771,24.466028309570337,29.458848617164143
3.806385,10.35998190087323,10.07111813265172,4.489017439504307,9.297183900078291,4.489017439504307,11.73870523731625,8.709774385538399,24.87767540801077,29.296927875502845,9.24692599416784,10.74137868009395,15.86574580330165,25.522381668007323,19.083139702844257,15.784670150100304,33.66476711140321,25.916155116346864,19.71309396801988,39.20116753584546,32.63032316685595,22.96281014782415,20.252936042441394,2.965989530997612
14.145205766534632,8.343545237369405,5.205972879381038,9.98440855644096,9.076735051309964,12.069168659669923,25.248438985655884,12.294894225615844,20.848514618018942,22.16713467330787,27.521648595319903,14.209723154534748,13.634190936319841,19.153873890370708,4.177822014945487,56.18579997595497,17.346225793089936,14.828178803780586,10.667726606063397,3.3371815669279616,3.201238885116078,9.502041325724315,6.967722012848902,5.4890927385392265
5.910022677876729,6.218371687157254,3.846590000000001,12.695666824079726,5.0595401185844855,4.474041512684557,9.014524424588702,2.4129171,12.476187202516432,21.06815827591595,47.77891594586731,86.4131835527175,13.314425491435001,17.043779403616906,15.333691560680991,56.486078130795796,23.782947719943248,14.132847861273218,19.765624910764416,21.093830008759536,8.139827148485447,12.991832809514191,12.93956686537115,2.7168395932633103
3.209305,6.963769221734109,6.963769221734109,5.405269843179195,17.317465342799533,5.967780146132951,8.35652306608093,4.754930686774149,2.1741582600000005,5.604630867432095,3.0139560000000003,7.22013638316534,6.780649820711798,6.137115925690538,5.114263271408783,4.670436636104049,2.648879197452334,2.9528119564867463,2.643182058236218,1.3183043544000004,14.504497965786076,14.631036706785762,16.74957013861443,20.27622905038784
6.006088669260646,10.158085314224756,14.44548748122774,17.81147922862509,6.66122912217913,14.640357359076503,16.238741598344806,10.885234559077295,7.051170868959397,7.63668565952567,8.948679506230578,11.096086181389731,16.589060064892642,15.31053231218747,9.061592561891246,39.915117127992794,65.86906366098438,38.35092081869485,23.63427851334979,37.91702652033664,35.69160573684064,61.33197217862338,63.9536161277743,62.00563474082639
9.238098798137733,6.991212270555994,16.285195005359874,11.65917130893713,9.286069270412074,7.754097915386202,19.542234006431848,11.119692655725888,13.81335843172258,12.105864929605676,21.836047881418,19.573054080351948,14.182130978755996,41.639587576166576,25.49226744929816,49.368125938182196,45.92261594864071,18.98548727777875,26.493752637069125,10.631559448416072,18.7525900036345,22.00795797050459,4.162010126068091,6.450523995673743
9.136938972011936,47.90775585803718,41.9507458919032,7.160419864821548,11.43796645078748,12.803854064571096,59.48443925973013,18.366668675367983,17.385439436329786,29.88822228919891,18.16813753313413,23.061681373422285,28.60354806271305,17.0987920304917,13.642405498556869,19.64714809769079,35.05032333932415,44.02196136520602,28.943217235044862,22.75250058482436,23.635611254091604,48.95452057111786,22.417604787750538,23.27429924263573
16.798753243743057,6.082131569690366,5.794707360398317,4.705902892156102,5.370780614971186,4.856147365195128,7.815921460354128,6.126053490676471,3.5459290118971065,17.22635413768651,19.757453062140712,21.234317439043,17.52029133717937,28.52595385957114,14.712726078866137,19.296966672106308,4.2165238806794365,2.2742879913401377,2.472188876788457,15.762291340409815,13.074948145000606,25.766027747751824,23.97177831698293,2.75234621361777
5.972910647525281,6.464167924593924,11.137027085780709,12.648319495348494,7.2554423900119955,5.6455411584437405,11.521106302825505,28.518331430989623,25.48295514740625,28.83610317388253,14.138124521202272,10.509262621275642,5.341956629739065,6.146727603059872,7.7901199337538385,25.18576526935927,24.18652137181097,15.934334356185698,3.847281122087388,10.088972012150853,13.43411695122571,18.692408372747856,16.883479253481653,5.558532027931721
3.88102,4.083508000000001,9.155690431239696,9.571858178114224,8.701689252831112,4.510155462641555,10.433499524988756,8.873541926686146,11.225414537463406,12.00908995073682,67.61739252946863,30.1981902925248,27.299593272583532,36.57002027011892,23.42406865854395,34.21360622025911,63.27290960512624,21.935211845048624,19.577444424881616,21.57081998029413,19.20586719777555,45.0713551622149,27.99296224329156,30.44575215510977
3.150124921330966,10.283118503925218,10.896477901504088,7.428454882518256,7.848462493380705,9.04056132752011,12.830429722773358,6.1081148829285565,5.580255697675576,8.769781773132014,9.725781928615216,7.252139141792351,6.357033098448104,9.602981651738759,5.374829783905441,10.114355207378368,4.049542607320304,2.9659000926796755,13.7271666265993,15.797687182142091,17.09587383487979,24.566999810113703,25.04452464102093,29.885445557079205
2.910765,6.803048993089089,19.935514847021885,31.334592255615924,5.396047418404002,3.543567832530551,6.81309639262836,7.184061920206427,10.9596153892262,13.220587232783588,5.35934290292249,3.17538,5.846555894097262,4.571507367502105,4.649784381412957,3.3081029981152064,7.575764567138749,15.351395967604114,13.62516582565456,16.452070976847764,11.954209787018309,18.46516188961879,25.52719513831948,29.590252147213626
8.323298588043581,3.926450000000001,8.757557644811076,9.15562844684794,8.323298588043581,9.15562844684794,9.929336256395962,17.767745738792037,11.84410747031124,14.006302604387733,24.0536899070401,37.92260677729991,26.754533200495384,30.126434537281092,19.47945161173498,12.396981158964527,17.261859912741937,42.70708819871359,31.259535207371776,39.37983736345274,27.278373908357004,23.880623596686032,29.092454775179903,36.73508023529819
8.900361234176605,13.309493234558568,9.219917163261629,13.620786978373532,11.307505232014714,8.739748883461905,16.49271055987914,9.196050713805173,5.088045817124367,10.36219926555815,8.875610375153574,13.349048973343836,13.113797809347837,8.413596859733511,7.923310932127248,12.666808141032627,15.539585378877332,26.56011534767225,17.07639138539531,19.436350255692588,14.874007750698794,21.86683758087804,20.80771715912612,22.95644001783912
3.58248,11.9147999747167,11.914799974716695,10.42630987652535,7.88778835217839,9.78012020686136,13.384524239771237,15.855914741051787,33.39766064522703,9.491678834462812,5.3142479185747575,10.08848021863374,22.73394672699117,23.908830907712087,17.81209991744469,43.97070749050498,57.62337958744286,28.53356753408873,20.89174535191753,20.352589219426868,24.350724918662376,22.82863785441908,17.9877491207428,5.732035253713181
3.88102,9.766091205075565,9.766091205075565,4.269122,9.281822219699915,10.210004441669907,8.309759523045342,9.448102275491893,33.110985946220204,50.54790771868895,28.79470451247526,10.125624239672634,6.994211942535866,7.013320775264824,5.844433979387351,20.09899730394199,25.915485332646227,21.442201175997493,14.55475300337923,11.027429209878225,18.96831084927245,15.921235707863332,28.5120517170142,32.204530723722534
7.553948222174187,16.26986907875366,12.824914199243006,15.10408897119197,9.160006975634436,23.048639569031472,23.994962998518425,17.43443456099059,18.771549514085184,33.116433891403105,85.0526494045467,24.89392091646908,21.11716081402121,74.3360739002978,96.29377546294943,10.259670433077694,9.678494056972331,3.370178891426569,2.371729715648257,5.155836272779869,2.1445288340728044,6.112275867261756,7.480961589930307,8.929420105467099
3.209305,8.49314747373721,10.617927501680326,12.828285744175094,10.255511825820422,10.314048798544569,13.402127683928446,17.333295322978955,6.515884548873123,9.577883203393432,8.212826513798104,9.507268319951224,8.885667919606972,18.82774257776793,11.897572987757382,5.2998461907842165,8.115421273735368,17.45193851963517,17.69650389242983,21.77036147839021,16.563848630815542,22.567534482165264,45.69029230476881,8.226701538499375
5.383108432185697,7.916860158575424,9.66911096591062,10.108616009815648,9.189650918014223,9.585216418014223,6.49637366343017,5.747554696003044,8.294320505549273,15.144176968544016,34.92502431850124,34.06715974712249,29.01191791199459,15.000473987543717,37.52966634645046,22.71379949818523,13.752763612729328,14.802092150939302,13.474543603247126,10.641068135499646,12.158252458269445,16.435370692569087,14.996290353341882,5.557377827890025
3.58248,3.7693920000000007,9.271734105837748,9.693176565194006,3.5824800000000003,9.693176565194006,4.5232704,6.603477998548055,13.189333079327117,21.62699770525907,25.92044341870979,17.861650879291147,8.920913137155559,11.997587999040297,19.1440930073198,7.585964268412702,2.2423068,5.776586236226918,11.724208982581905,18.390762209692245,29.777986815093392,13.065099565650264,2.8831851504585417,5.328983163760989
7.268924291672453,15.252688500519875,7.653147656633377,13.245951167038822,6.944664924320952,12.641931554525856,20.2792386421933,16.901543115617457,18.15443260779218,24.04749132642007,58.19430689217289,18.565387172896887,8.586434251074639,6.439598384370336,7.890636024680125,16.571721943080508,23.50021375803428,43.93045621233454,23.42749832053556,28.503223702748414,19.4929367417407,19.3882796389186,20.052409108911625,30.17478395214819
4.42776745546421,7.1046022862337885,8.216339048311717,6.2652685025265775,7.386273549588946,6.730176603031894,14.793104389277948,18.61234896446855,11.610758878741317,72.45245225738772,47.00906658963172,106.07377127225833,12.596643289991885,20.583806855725875,14.110668923076592,60.83398002137371,43.63201453258372,20.376285084396912,21.52457755482997,16.341922194487918,15.045583804398476,29.79699856022005,34.172422577024946,31.01584512262201
12.430366300837392,8.316687189173848,22.21182773740501,19.966873084675804,11.429260931988916,9.298748923413488,14.849255901305206,11.142301401196145,25.822756683775857,18.8868939349076,10.733566788302634,12.245185444026486,7.104676799323515,8.210182858474019,7.025308798247504,23.106412142176477,44.82461952903768,16.479696198882955,16.335744539786912,46.76559558477959,16.34684407302836,21.24084351181701,25.939475109956053,15.2926142950989
8.860450942271722,9.322735339259816,3.533805,9.7464960364989,8.860450942271724,8.646120848044552,6.114221510060697,24.73778548844388,21.938931624470037,2.844102375,8.89668366166618,21.176138165630025,12.017975987569079,8.216054510106506,20.87884536705311,27.244597204174138,37.90806774764374,29.72475194672326,20.09640471863157,16.62446513507311,14.254440805188796,21.37395286318792,22.18456114523048,7.239635910817956
10.390537034046432,9.835264971660358,10.755858921533832,8.90269353712144,9.380570805013994,10.885001624872976,27.73951994618504,14.02737810720514,8.655289762696299,9.469687486857968,10.501984862552009,4.478255999875795,13.297885777327878,13.620731519220348,3.226855303262803,9.110212426832051,14.972021824076831,16.271744302500764,24.77375748998664,53.859590067833416,31.666386494721703,35.16206066362679,22.41245214205674,10.20525917016316
4.104925000000001,11.938314180931137,5.509917904403679,10.987023363630662,10.969398028462344,8.304056424095776,10.960600076420436,7.429460035730847,7.379933825490622,5.582971970123718,14.660245746036866,21.167535417774364,10.87758793540007,6.020013415370865,7.117107503783446,27.430366470971354,33.28571944891563,27.902240435806124,46.470052269040345,21.67679308955696,22.3875422608455,26.29597053921129,22.756111331580264,5.903410231251673
3.955655,8.420060695570541,4.8717076159284245,9.792028555451244,8.90184414131931,6.577005613593692,43.71923214072644,20.16606436243277,13.703155363060596,15.243994466100636,16.025676020680198,13.027279350916809,9.119992100513695,8.254437294677905,6.878697745564921,7.6633266955705395,4.16453392440414,2.6675617277214534,9.268860965650676,29.711069930413892,17.93635519411747,26.04065653920574,18.13220170288932,8.979585970749708
5.45721,6.702115765061119,6.702115765061119,7.006757390745713,6.3697794461324655,3.858629500000001,8.04253891807334,4.139856305823758,3.238107984144611,5.394045049156719,5.235462146072455,7.295751449857534,6.872375479087498,25.062527655973,8.836742471215649,5.483549262322732,33.14079831820875,10.536466586280296,21.65204679521608,23.987410775881337,9.45745284859971,10.18981808044103,6.037135316488923,2.1213450000000003
4.17956,9.820758846116671,6.123166905582581,8.205469348036297,9.33377906862328,11.380356975485611,47.75767438809144,15.818247717151968,6.323211056307336,5.9200654474822745,5.90534999790586,10.182304438498123,9.56251199441563,6.265275386361704,5.040026201789168,8.035166328640914,5.842097171588299,11.652282916994777,13.457762194183395,11.452395543849338,16.951032705944428,23.15254296348804,25.740063708188675,24.28074106699072
4.676860438537063,8.717204877419272,5.1437844659498,9.400814432909652,9.329939403062792,10.262933343369072,4.5232704,69.36258020984882,17.11272383518794,5.688465448241153,8.762030048093752,16.491193037605058,70.14356152835859,60.5893319876628,10.883547255629317,6.682457365395836,3.059894775001804,11.672709635453884,13.703783791929837,25.81279959620769,14.626534982776422,15.251316010250038,20.367972208011555,29.5020974387348
5.259273333380929,11.165956051711486,9.14598992355284,13.6876414134292,7.407955613790373,10.104401738259789,32.002471883240474,39.37893632986359,18.66390871251506,7.587818584330941,11.182673115340684,13.574520410012427,7.823983120086725,10.865442126026124,7.1309622864863895,5.685358272309142,7.788381085244632,4.034876220348875,32.92044250918921,16.399943679056932,10.390660848627016,12.386020883199196,6.413256537464623,13.735591968284307
3.2724095989095487,5.617034204251207,4.892404140422704,6.175381058409088,5.063024384733698,5.569326823207068,5.870884968507244,2.449969797598384,18.73892513522253,16.93385094083311,5.272262089392738,6.124344851314796,5.751558642973896,5.205693123617577,2.4222449999999998,4.832906915276676,3.5138428584418646,5.813733017172495,5.1817208086095246,10.452744880799798,24.680582461741203,35.236327053914394,31.76704817275024,29.04904912230857
4.104925000000001,4.319095000000002,4.319095000000002,4.515417500000001,4.104925000000001,4.515417500000001,5.182914000000001,11.679245819999998,57.54231922900445,3.4761251250000003,3.855060000000001,4.4781,4.20552,25.64165614749203,17.38681952210984,21.167015480750454,23.992244101818,15.592937629489615,7.756914777047122,39.880978705178734,15.06675884260835,17.15313205486423,24.8798395782175,2.482425
13.548280809067691,9.213183427599375,33.41107739111668,18.777826876736672,10.213729526922826,21.76717637193529,16.80613289042009,24.84746024888212,11.564658337639806,8.987959239643123,8.16406448148584,22.23658466730708,9.638722514216608,10.842484141460481,16.472781754460843,13.47409787357395,22.44920625613026,18.078888850613414,17.266794428357187,21.291859329182422,21.185024231485286,24.881673377869728,39.93197190697297,38.27232261187788
3.955655,7.743486353950462,7.743486353950462,6.223341753201376,5.487390570801127,8.095463006402754,4.994444400000001,16.1360812092466,27.62420603758173,115.00539753372422,78.80088848799399,48.14875872726616,52.06988030461654,34.5522270733082,27.687722945152185,26.522699215887755,30.935703552447443,28.946006582198205,31.270795034493435,39.41311133684252,34.499156831194604,43.58935057948325,34.67278661212516,8.966913069650994
9.82691484098089,15.140641198995077,31.35954849296453,9.193607284962294,10.733765726110724,11.112447572535906,13.55254594288067,14.403582367978284,66.62156017707031,12.048676565345446,10.674418632769056,87.89591632018771,29.76892102934635,11.64237044522072,8.086487571225623,25.0080494156653,45.37764549704576,5.789783599899216,7.860715196845936,14.450611195595137,14.099503371830396,31.445300277358182,33.72227734161671,41.91290981666319
6.373204567903996,6.445919717125564,10.223522252933394,9.554284303300337,9.744192775290848,10.574534352133703,7.263523494341866,8.21468648107176,18.51144642448612,24.696019516248235,45.68388733243851,39.51236718409684,27.330999179558216,17.592659747722543,8.845354411140304,9.85431299614506,5.689071829548911,4.556216436314333,8.30770327027512,20.815598807819352,26.7413503784122,30.17907644911247,25.06722605597039,13.945508931799315
4.03029,9.704205241345422,7.965774573644608,6.510404992577598,8.51490748397436,10.145305479588394,13.588838689614503,58.9764764509853,12.628780321309849,12.040115591453745,14.09561466598487,20.16125794801923,17.51448619289315,41.08188841100421,56.753632992005606,37.78119655300318,40.50416243284222,34.4692673732244,49.64018798670804,7.993089568701699,3.252826265977293,13.85693512919235,12.395933739209456,4.426807262712623
6.431347112905224,12.372382771005851,9.610466113079482,11.358118799588867,16.490042704767095,7.916293852090068,18.090100309695032,7.841232636591472,6.320141021182965,4.952211525727122,26.75505610314265,43.44671552793603,42.45371870458182,35.485662865532625,24.33223875792023,10.12285863082297,6.147424275514697,14.789523581391473,16.926198162199956,11.319331797370666,15.330679906697942,20.77397864325836,21.639018515014094,26.677958376556727
6.71096806381733,12.644923882494844,12.644923882494844,5.801650997256608,9.862793036788442,12.15830618993881,9.387042364352617,10.64610412914877,20.73671112818488,7.73318552245192,7.840061961257312,16.480774581758986,87.24647172957448,8.571247901781412,16.58353978162434,9.155502577518439,14.825032043410571,44.52134345568207,7.730698154059262,15.780935573963085,21.662114617148696,27.088575753119656,71.09835975455195,25.656726374255168
4.930044219050636,11.036696553761733,10.011469636325849,11.75273020712386,10.684300188294417,11.75273020712386,12.298571417696545,7.4499781813207075,8.682390242886155,7.727450848475616,10.033951481180845,9.104472068261332,9.149247331089516,9.907260174600275,4.533465942319827,7.249345059444441,6.687400617855186,4.977293225117704,3.704375204381888,3.027982130317535,6.549906886495878,16.905108326559127,20.77143994059442,4.104236074110895
3.507845,12.09628601916736,8.874625900073374,11.538415680412191,13.950804410616731,15.345884851678406,19.64444205094841,54.45540002756279,37.954204902312966,28.112469158562305,14.231389076444078,25.48712675836995,17.44499662990121,34.51739183622305,4.635031400746651,21.8796257525841,72.68158970471411,41.12550748581572,17.888859979368938,19.929667514463887,18.47293922723636,20.5886065303962,6.7493219757292,8.304962425815063
34.4891879723617,8.561139377387287,8.561139377387287,2.955546,8.136620069417667,11.176351771480894,11.017143776218113,20.80173506594239,21.393519212027304,6.6804670899964345,2.523312,8.87631280300109,8.336015501948854,2.4914519999999993,6.2873882354591055,7.004568581498689,4.937736544779973,2.9625607357838923,31.07848647006504,16.198408334174317,10.954227972043936,24.62255365777933,16.81167129232396,13.069658090016388
3.507845,3.690863000000001,3.690863000000001,3.858629500000001,3.5078450000000005,3.858629500000001,4.7644476,27.291857071309405,42.86198648181065,105.15901043965955,57.666161343470975,101.82940448162525,17.874812563244138,12.547455181333591,10.002528524050767,16.106231088497697,10.04981583578815,12.358629489805116,10.959141882826936,11.763836517039984,12.57458374749174,22.56620007173104,22.86514406037413,2.1213450000000003
2.9854,10.761826744880285,9.743911797395608,6.260737309757585,5.338673852404673,8.561726146768537,13.073912093856348,15.58309651784385,5.512079028884042,4.188696069364126,25.854682221342067,14.48903685728929,12.74997484506289,8.45386382855262,2.3068999999999997,5.6313485684803375,2.703254148694393,14.932865412664626,13.860193033152346,16.760360093109632,18.52524453870565,23.83028826730637,11.212450615226516,19.903544273721653
21.160711436973248,4.009867689076253,5.586558550421566,7.488851657756281,6.808046961596618,7.488851657756279,3.298218000000001,4.891137738844458,4.612142359801637,6.753720077475199,10.060554533924472,7.426960321741765,7.692449307090108,6.3129162734805,5.873319441677984,3.620925000000001,17.939901735940236,13.904828391911364,12.734674881845406,29.02747683143015,6.725036421926645,16.175317063214464,17.431987371421254,4.117119308791631
6.338611011804535,3.690863000000001,3.690863000000001,3.858629500000001,3.5078450000000005,3.858629500000001,5.504961004528402,2.5201578600000003,2.3764055400000004,3.653123479371756,3.2943240000000005,3.82674,3.5938079999999997,7.393627366670037,23.951659089599364,57.30063987134106,17.18745761340185,5.972510505150859,12.171766985929253,35.464992284059875,9.758439592274328,17.380490447081744,4.533058973761114,2.1213450000000003
8.491768290377886,4.004979000000001,9.169571264590449,9.340945119415675,6.70686037023393,7.377546407257323,9.313255321824393,16.44231464360489,16.491402139661314,27.366655666534218,51.15880290828979,22.74923501953909,69.89456476131059,8.081072196367087,6.734226830305906,5.550300611670514,91.24920591054318,26.6767688937729,31.456438981824395,21.38597937353743,25.1064506650878,26.181162388985666,27.381876883341253,33.707622092548874
9.492749895653814,8.029175174730543,11.02069757635712,13.22754784397858,7.280983830116227,11.13293746739426,14.827669379797408,9.043495686895907,20.778930278328104,11.211080294280096,7.976622826759437,10.812528866118257,12.319728354866141,11.15049487674227,9.292079063951892,7.904384727158337,4.000245285189111,5.364949104995779,17.1780697645036,16.951340199821722,14.857496981757238,17.35486797310339,2.6250185864232374,2.458193629003779
3.6974480729859054,5.240708006638633,6.048226470730415,6.323145855763615,15.700788759937046,6.323145855763615,13.45394188862124,21.3820172650237,24.74113537573336,19.956690549823826,5.398417015197394,14.625455404501984,36.72074266194583,40.07089034424737,5.420687012511994,9.928102921616837,26.09484577616325,15.349339811642908,11.891846922035876,20.37030606102992,11.526787650421175,11.142630973987066,12.72924814654028,5.517017146022398
9.29782327454232,6.819674175782508,11.551008538317896,11.23585039052682,12.047581788715776,17.01408856479736,24.723901154372424,69.08042528291338,25.378327008480017,34.3146331533432,31.669154854179776,35.78552045954209,14.57436471537211,62.00163674994324,9.309495018553097,9.713845547331236,6.590548456881965,10.21337952339499,29.391321465411007,15.797076404931598,14.79365270997794,33.15583091632937,23.625829776360867,4.19679701494056
3.209305,8.373335076609,4.285217559383455,7.566735371806029,3.209305,24.33874121645486,33.821295656845514,2.30567634,5.391270243390217,6.739087804237771,7.473720564246048,6.326806142635234,6.162841553811501,6.378570313423262,6.149462838005481,2.762793000000001,4.98106489878444,3.550503059853549,6.2419343366321005,5.206080099848997,6.666014220015603,7.327678473566892,9.80981741053532,1.940805
3.358575,3.533805,3.533805,3.694432500000001,3.358575,3.694432500000001,4.240566,6.1118145,18.733582800000004,23.385916838684818,11.2188540201697,7.91079743162683,58.08678028114557,3.114314999999999,2.5952624999999996,2.891295,2.102162625,1.4984215191000003,1.341298035,8.710229561188504,3.9089949404013424,8.718085731874917,19.530641270759823,32.264089133713
13.131679014746236,13.671114845098929,12.92128610965796,13.823214445582932,8.78107245297073,14.822760172931204,32.322770953256594,44.09163834645421,33.863734526197035,63.2306232996807,38.6954245587262,27.95039169775531,23.787322539163693,36.20146377535712,20.379430187466482,11.326255031013423,8.212204018003963,6.432162071045328,5.306310948373242,15.44396567685836,10.991775087257118,16.451625569270465,22.40035503382063,5.662940920341727
7.252405515174976,16.787612088765027,11.808816998043689,15.064221750790924,11.30235654122854,15.24024617610645,38.00505593138711,20.514583955652448,73.67353156535798,59.99324136522054,36.663813384588096,37.10560721943498,22.296135382136576,10.36802054975134,11.178048273600805,11.46474796155367,8.713148508507544,11.503465304059072,16.47740791611481,18.548939801292423,23.41331888362332,42.11930050295621,64.89304892425439,34.697220425200705
3.1346700000000003,8.769023370170258,14.450746754602102,22.83490192403876,10.209357593143269,9.167615341541632,10.230474489031,29.021510403999955,15.043296605571328,7.057548504666138,7.826896892383369,3.41964,8.53843297350913,7.728072436671457,6.44006036389288,5.9538972615889145,13.342374026358472,4.175508849408404,3.328387903486028,2.5746757775435083,5.50734112067881,4.9621096708565,9.550338094021493,23.042382834804403
3.6666778911507154,9.156231014658609,7.411263492041149,9.994213694038296,5.251190989747774,9.9942136940383,21.057028514573872,78.64289926150562,38.45842170538778,20.21456819039909,8.532609319811353,24.08532216405834,9.750520815290063,10.913429566259204,13.363318611972256,5.015735710059063,19.34306076543477,19.988198683859373,39.65365626574548,7.911010271237767,1.4519418942886222,8.839807632757012,30.486537957635083,28.35142341240088
12.164789363925642,12.555322545545945,8.160595890328922,12.36027119860112,12.16478936392564,10.048803059443967,70.04752307738495,55.00780848432952,41.40370580999843,40.98091545694764,9.369523222499414,12.169037904158802,9.24179144631926,9.090529328820743,7.965605770538372,30.537179507312956,24.32342354426708,30.64325764866557,26.27525146942327,27.29100444502575,20.3180542935918,46.08494568607153,48.68793013289477,49.36726267019239
23.301314665160767,9.00221641318734,13.327204315747618,12.415900989545875,9.648302808763804,12.15488977412462,28.89344666718401,9.94865179994507,5.601962630263719,11.49967030290998,8.220023440952149,6.8667085904107,8.47177713461432,14.034487911158305,10.804879707935378,32.08001848648034,21.71343457681087,26.99603392682237,24.02066157682212,23.818607174293845,9.334102592231138,19.750101005818667,17.555159523111328,25.963501416268155
26.966816933332804,6.835189276402043,6.585036433092768,8.976543687729114,4.118768570087329,9.499590541921236,5.500576423942266,8.534137595397224,23.55304155639984,34.55155232941773,97.1837047515888,14.286058530669878,10.798298644790139,17.78372870419616,39.66713770639451,93.5813113703087,40.863603409644114,28.3812075186438,21.632304958167573,26.95380219580649,26.653887889105206,36.14136517036072,29.90047687242606,45.301601673394885
2.910765,3.062631000000001,3.062631000000001,3.2018415000000005,2.910765,3.2018415000000005,3.6751572,45.2327390139841,4.267686254337958,2.464888725,2.733588000000001,3.17538,2.982096,2.699073,2.2492275,3.7211371020311232,3.415924453369154,19.340382124001582,15.98049720613292,44.013124035265335,19.47386667148289,51.55252236777693,21.626695106151217,7.604658866612996
6.090985546255573,9.668295149978178,6.408776096494996,9.864357467736555,6.307195009508808,8.890734893319504,8.808080705559655,4.531308275527112,15.996622368577286,9.176299560120826,12.244297927169136,16.045071800702246,7.386407748034441,7.289484160916977,3.334854677948859,9.822251223661002,14.152028344656578,9.14937060673491,12.306155937856856,11.58391153369336,10.065388995216,12.205477292847275,14.065568975078635,16.79258065944903
4.104925000000001,10.551954400766665,13.723923276812243,7.246067075862804,12.251667724091272,13.0037244965004,8.31722481751209,6.709576679391926,6.235596975093,8.197445722046108,10.208243405666371,10.188173475012492,10.405015017286617,7.431953741422367,7.216622878133848,9.34576060460729,5.320972411445007,3.57581022314796,4.72112296403774,12.780328912732037,10.930298120050404,10.814647068523314,14.611059670360476,18.770737314226825
3.806385,10.299116705875266,8.157628361277512,10.76725837432414,13.73514956795512,8.528429650426489,17.342119280583333,8.166527093643912,31.08692072476448,53.54451802640874,28.378683440127,12.610762158523844,80.68877687671447,39.13299780627087,8.021238762276775,5.99489876374528,17.82731289420374,37.32007199669692,15.495251135417703,6.988685968504623,21.46306087453678,38.58275540641623,48.34383193686994,59.32635440392822
7.605028977105692,6.570880612197673,9.376111825744186,10.512173901450996,2.53759,12.152439306787375,13.007517145597676,3.4300343562319195,6.0926691316747865,9.10282294980022,5.043858918379649,12.05200592408665,9.147938925126574,6.682450984239469,7.193816475782014,7.560761903217835,10.918427849556547,19.44406626510487,11.95370535827086,15.98588100263346,8.106209673313405,15.806958032011494,19.89318214817889,6.040414171987552
4.254195000000001,8.80293294426865,4.476153000000002,9.203066259917222,8.07269323889116,4.6796145000000005,10.192652680756495,6.010729916160956,16.504588660179678,11.44804535865566,20.67640379404007,14.30273933966129,8.571450860835586,7.75795668191369,3.2873324999999998,14.659079105076092,30.74930254447697,22.56081771897611,17.97902204994384,25.9632436303899,17.65602920251091,17.36975189480642,4.047629573172361,3.460852845166232
14.767921218033988,8.383923043232588,8.383923043232588,5.393094113572156,6.742039925456388,8.765010454288614,9.028608041503285,6.128001151957479,11.595567394539088,12.490115950451608,62.93058402009812,54.87257123835391,10.568778964723409,9.946826029396219,6.15723874888043,16.443227837134412,22.502767145171244,17.88669779648328,17.031184897616626,18.59772624383141,15.648380230919315,21.25947318241821,17.126546709811105,6.18188339323682
3.358575,3.533805,3.533805,3.694432500000001,3.358575,3.694432500000001,4.240566,13.585302316995485,23.86421734258489,28.276005664477275,16.77055551338075,6.640936958172584,105.96356958320818,3.114314999999999,2.5952624999999996,15.21417252473741,2.102162625,3.952251616101407,10.595442823817464,11.151218784070876,13.432845544653112,17.438232670854028,19.82233992547987,18.04190703598008
5.480805243687995,10.038809602390476,9.900620472572086,5.857260486837778,8.52846473041103,10.866071836783892,11.421185437624713,17.466549935404935,13.71229607768772,5.509356570369473,9.27696251677992,4.704250473241047,9.429335022563219,9.159829151669062,5.027324836085939,7.196740317349135,25.525858047025988,13.64346423339614,2.598250051371979,3.503285661676807,29.686265410123948,22.80651071507327,23.383478511162064,11.850568949392922
10.165854963858829,10.696247396755815,10.696247396755815,9.555255469280004,8.094892248085564,8.57894447470118,10.96777149517357,21.27300008420356,31.79079469242721,47.301986860768025,84.06966932961163,31.64500580580841,27.12372196400699,14.901517016757513,12.948048336823094,4.167058298690948,5.437019331073787,17.88873121877644,16.72912173930524,21.08254827962406,20.352644085146995,29.30092509380705,38.04777211976817,43.21014042999708
8.433655501682422,8.368020283280474,13.734912471949196,12.434873461531357,11.575325703124427,11.596297261421531,16.184162923845854,8.62320864668976,28.756450114338104,43.06082976412092,45.972250140175696,43.42012748743987,32.43107195966455,14.40401185578562,15.70497102499709,62.125935054966625,27.33718754048582,27.78405373122692,25.685913467298107,25.210850425872746,25.698445217028173,25.44834779691276,35.38630018382715,52.3161681257126
31.9014886203048,10.22154840745142,9.692100734046749,6.811569906965004,7.701918488353414,10.686164244153757,10.580816877267353,13.42036345166792,21.60428378787616,10.777468009149729,18.961193511275724,10.597848837177276,10.332688759541323,21.73914196886537,15.962085405533708,59.698264207062465,19.917376056614017,11.49462396759035,33.46368152824497,21.185247832892404,60.14945082171031,47.20245662469025,35.121286242128576,29.122241979720567
4.104925000000001,7.15119420747115,8.636699346051852,9.526054559372028,4.104925000000001,12.376205529200629,14.20573156395202,5.554382336588514,8.471162311191483,7.333487456243837,10.566246617815551,7.756443897294057,10.89043919778296,8.030227810379724,9.963764357022951,8.972750042072454,23.20864688201796,4.842817203908269,3.458522590895487,24.11588883890201,22.76018070876336,22.68932768879872,38.12026518647377,9.102000000307612
3.806385,12.602840458374486,7.503741417938603,13.175696842846056,8.652636154133278,12.448759169726069,11.22955110098926,7.58790186794006,13.167132642779931,6.785377647969806,9.545253776607476,5.39157383024407,11.368706294773364,11.483310758021636,6.686127937284804,17.00068970253944,64.1587530889621,27.205968018246946,21.927412276174785,29.013423743858446,16.24692683138305,19.49947104179835,20.89319496569152,25.471894050285258
3.657115,9.14719695764018,9.14719695764018,9.562978637532913,4.343910719528873,8.555678248890565,10.976636349168215,5.916851509708729,2.632620140664521,25.85507202936957,19.85296398047913,17.068425756230987,14.968605774607077,17.642611611998884,16.25424935178473,31.745265692439823,37.60436695597823,33.95347658550357,4.987540475264725,5.091809486098846,11.055163454301203,44.45496869535437,20.13672323188598,30.58354481639816
5.762397453348997,6.163231118680393,15.720609511911478,17.84348341969819,7.76797171123377,7.331762834622775,14.631971205718624,6.491482119734072,13.010233169526682,27.59381158035259,17.439125047908657,97.76900697174928,29.24261265432035,23.101219012892415,12.060597208466287,25.713079718532967,10.343605887968536,16.824847299076456,21.47932575763556,20.689413852302653,22.82258871268549,23.64272668084563,13.27067060480462,6.665072206277447
5.263977910118713,14.688219140452787,8.447177127521634,11.399628067202464,11.350164744373089,13.96142644919576,16.703078603984242,10.381836597191771,6.961883212984271,12.641208258177697,26.563139830574745,24.324775641953725,26.6830093606221,25.983012041578448,9.18539455728914,10.460714386737608,17.319760861279804,18.300563461134388,15.656859586224662,15.534466152440451,23.219601050291587,15.487522074189863,13.461425798550852,4.529202233909769
13.18472652422355,11.613576526243016,9.068482507730527,9.412473147461768,9.162145455305977,12.297982845419265,71.52457556633593,53.63674227042204,21.5826399082536,36.6257102657519,84.47854484852098,50.95867264740023,57.37530033790654,25.179042892552236,19.162980746803775,101.8661980725421,71.06948652563406,14.880303762668635,21.78343504706454,4.592465385227904,10.6401125047592,25.68587893835141,24.898890836232635,22.533937934598143
4.420447505689211,2.2773410000000007,2.672964091577384,4.311017643756325,4.420447505689209,4.86249225625813,2.7328092000000006,3.1758032427829788,6.851446635960888,3.3187710207925742,7.169443349991933,10.742384880423224,13.017635089335585,16.58219637547932,17.765071382756883,23.480000312561934,20.69176725343638,20.31591183116572,25.238376276406196,1.815812207050033,1.5590306828207356,1.8701564359363847,1.0471320000000002,2.6732350528476245
3.358575,6.77537999493174,11.917710118409472,9.502584393701117,8.883080012538176,12.459424214700809,8.705447993918087,13.027028932602883,13.044754626872766,5.702555173881391,8.404719462472404,10.09284165118675,13.872493988953888,16.998410121653617,16.930502964030456,20.658183175839433,74.95101576557175,20.1750255045845,18.971562658455124,19.890517235271474,17.924410531644885,23.175851452325187,20.512012774680723,27.327492391094072
32.85088891208504,17.223032119470307,8.679582595722348,9.07410907734609,2.53759,9.07410907734609,8.448722047175867,16.610291312083813,17.736245615197593,47.813418482461415,13.8156159525889,2.7682800000000003,14.14322013708926,25.78658162663148,74.82960634095399,28.433084574684504,16.288945188056914,5.191886616295051,25.981159504208826,19.9969517226069,16.352221118122653,34.22713285192973,40.69558333952987,24.44055975039521
31.15514459760692,13.47352486100007,12.571492200499732,8.352107296320431,8.944341375369921,10.162529943961808,16.168229833200083,6.376520078208496,22.145241334536497,10.843859255615923,12.02595607428105,7.962002841585656,13.119224808306601,27.682693097047302,3.7104631038369518,11.023793068090967,8.015026406324818,3.7225552167135927,4.100637829835148,7.283832610934355,15.570057343370095,19.35054707948357,37.50450223254745,27.35852437208192
3.43321,8.151624347138577,13.66883382707293,8.522152726553966,8.676838844565708,13.341020110265454,13.8370586927239,6.814243163695367,9.938478712055188,32.230709096223976,11.389961833270108,11.53413401074749,8.669832109951496,7.3827586532100575,39.47958838403093,8.310994641688893,6.7885596288402255,4.063631537012446,12.082236143125504,14.802832180572516,15.132189291815536,13.654504824497392,11.383102788153352,23.40608322962411
6.465151908586808,4.619474808102895,8.81967320838902,57.26369099296603,8.382334041030884,5.424331176596294,8.526178405453322,8.23419945790702,9.49561210130626,15.458512199789164,5.325561428582612,8.636466187659853,8.468505253452172,7.556853003324299,9.480310413576023,8.352038500696635,12.467441216206,13.209808442122643,12.887931461040502,13.183481243672407,16.452912952045743,17.112270754828426,10.208328273181488,2.982115235426636
5.373739693685269,8.418375107782053,5.402811776945514,9.063748054382906,9.433950652215184,10.377345717436704,11.91138812784039,3.00274128,6.391072750937048,7.988840938671309,8.859710177732518,39.6498129409454,32.815290901222404,3.8755919999999993,8.629646279013931,8.12140099625481,3.8119412823306296,3.249932628023567,3.7675917530807537,1.7168614848,3.3272238858375487,2.9637635048379933,9.95686938375802,35.33616704680196
20.046553725876585,37.13876742383848,8.386283734981985,15.416048005739333,10.223714141391715,15.416048005739333,16.30741449934652,3.5948772663578468,9.494247085848718,11.867808857310898,10.847445222254663,11.836181933790188,10.698959947344438,11.721578231239029,11.91866941728064,25.822755826188533,8.415947256120868,5.74519351226719,4.510809675466199,19.938638341809888,28.81772140740298,30.14232310345462,40.45693166889792,5.019714824738411
12.105857648731291,11.778152088521884,9.87333782705852,13.31644341360442,11.153261720337916,11.369981431339347,15.886230347144776,22.45117046201299,41.10637540217079,44.41530903420821,37.042732900549886,43.518728422154425,10.293536257908027,11.200403885715158,8.813509866816464,20.874224120865005,31.23049132285136,15.902929134111345,34.696174562642135,17.412880279104332,11.625508310697551,14.769878858757558,24.401732940060448,33.765174127249445
7.947195939083928,8.361832248949177,4.004979000000001,8.741915532992321,3.806385,4.1870235000000005,10.225862698739013,6.360257106844471,5.976894172550312,11.908844736153751,20.79688796454158,17.881413686818007,24.210689768167136,25.17190395260205,24.2760065106476,63.915703333367404,12.350379271131027,11.125049433467396,39.05547045115404,23.64130270007536,18.076777758923605,17.933046830358112,48.99299420023547,2.552297677343811
4.03029,8.511721775357024,8.511721775357024,8.898618219691434,6.465907756195327,6.889233570830289,8.932719397821323,5.811888041983448,5.480372146540542,3.443365631909371,16.049510621296132,22.6947742936952,89.88677806966776,7.695772054866449,13.80347720838108,8.783587689196697,5.190071309303762,10.518906315959832,22.28666108670953,12.796003549920142,7.601976125271293,16.37554564326004,26.278061172322644,23.57277202154831
8.779333493769991,9.237385676053645,3.926450000000001,9.657266843146992,8.320462267063629,5.619200048130996,16.725802408192276,40.63782262555837,22.75074143551312,53.04153850891964,28.61774724664929,36.01032829641483,22.84281525239857,27.513380211182525,6.147701180820781,12.557394920738755,11.996519224594543,12.78131298813654,44.45040423468551,23.378787570519417,29.145256624991426,37.25325429092371,4.247392962993861,5.031742003402116
8.09106478077835,9.854334529630114,9.877548989933842,9.47910984187267,8.595309253479876,6.503791006747625,12.987862889928936,3.0136418379843324,10.903694138585754,8.60209236214044,4.904051571727844,5.947763931361762,10.956033882458845,13.355170745387756,4.0351097738753925,8.32008436276645,9.45447474749868,24.793878442791076,31.012231569904987,46.39267493238784,30.267276802004933,31.663138473090243,30.946768529497067,4.132438056325863
3.806385,4.004979000000001,4.004979000000001,4.1870235000000005,3.806385,12.546603435909097,22.986268726434787,17.622147639836395,28.175177280591644,28.28049391761466,21.413284928001133,4.15242,3.899664,3.529556999999999,45.7126290948162,13.645686488214043,9.2090477357137,22.73002416391015,18.84715857455904,35.474745143937845,19.09876040408445,26.614467055966585,16.18702380981211,2.301885
3.2839400000000003,8.456242582153463,5.389148660523507,11.087034981950366,5.685147433134763,8.502463027428565,24.50758432735384,9.89033803293074,29.47209839223659,150.1506297390902,53.17929443641226,111.35262562678705,28.773122525334937,55.91012173462188,21.815527953177476,21.272236527672042,14.03074058066767,13.11468000146665,15.912116649236848,19.713990839383616,16.092605847641458,16.06782199436049,6.079954751053519,4.702951175942114
6.237313598206486,15.59602568200769,12.631802856937052,13.651645957075068,11.548978239608624,12.98372620045219,19.226782749510075,5.485950839752603,10.499141078106478,8.381224062910224,8.153387750055783,64.05272475128127,15.87771807653154,14.370805018342201,7.752281238017539,10.168038055365944,6.887611950604637,4.181503774021321,6.189332977707952,5.367604782468838,6.732418411476495,26.65986558150332,35.667699420404496,47.61806090133417
3.43321,9.621838625123331,9.621838625123331,3.7765310000000007,9.14472266024118,6.346711697108531,8.26829473644436,8.732878436427185,6.1951339331015705,2.90730465,8.588087367878673,7.143906045763347,5.911130693102878,8.479651921314549,7.066376601095456,2.955546000000001,5.72376504688732,5.63166049022564,7.052026237542316,12.554994366528131,17.924006777609385,13.495021167274317,21.31494673417041,29.7310245949878
2.9094999999999995,5.549050056849796,5.549050056849796,2.791349,4.68754043206316,3.221339086412631,3.2039832000000006,13.673013625607377,28.043040308810266,24.97648716400795,13.967699632454549,9.264055145343889,2.5997760000000003,4.963275525584755,10.896086230658698,6.561383579440602,20.34426794774658,18.592607341291192,55.42367036121091,29.013357441763507,21.762695368564355,15.700478929309112,16.06228377032982,8.355644565926834
4.737258923055909,11.941857826528237,14.685545740268608,10.943688352484855,14.035928534835614,13.189302042066046,16.69129366243857,17.478386068037455,21.83961780205586,28.82099832393421,14.49325587279408,16.677561633646267,3.5938079999999997,14.310260217834553,10.022168434029808,11.006269743537995,9.112418214002709,5.723594994015623,6.256776850102048,12.133122432377132,16.683755115817906,15.880196319851018,5.246467744862932,4.834951175526085
3.731750000000001,3.926450000000001,10.303284644921376,4.104925000000001,9.792377968313705,10.771615765145077,12.761644373905654,24.02752966500561,41.61949993022544,12.66189048180383,73.02169849002135,5.573635033466206,10.032349286114275,3.4603499999999996,7.5668375209696785,3.212550000000001,16.16041077150327,6.063662045304454,4.146094092165703,17.241114223831467,16.175527184316344,20.77287545717857,58.80131559681519,30.03294420689185
4.966087324972706,12.86203962496263,9.883741199889936,8.444040229681605,11.003551795527212,13.148284275366162,11.363118100235184,13.546563674815244,7.362520706096062,9.318007725030542,8.341139446991702,9.228585289009658,11.606350205661117,21.279287227238736,7.578879526371743,10.289961606808305,45.42812616286217,16.632001494971234,31.139149796438662,25.16480194967011,29.95420841264335,30.90186155057708,39.281018283686805,40.54806987662797
