1,2,3,4,5,6,7,8,9,10,11,12,13,14,15,16,17,18,19,20,21,22,23,24
8.819367712732287,9.279508636874844,7.926668554090796,5.694028178183072,8.819367712732289,9.70130448400552,12.381226364249818,8.717248925442975,13.834097721602085,7.468400931281933,8.282536634565975,4.4781,9.775278993067534,18.416061851777553,26.457913589804992,16.678051173578424,91.0863863086162,3.07428632600005,17.994709903904827,18.831614735436872,27.474966021993865,60.666740658176536,29.3373923302828,5.333451620743241
3.731750000000001,3.926450000000001,3.926450000000001,4.104925000000001,3.73175,4.104925000000001,7.783855466068804,22.168268919234368,2.5280910000000003,16.498987077694544,19.023000771278166,15.703001533554277,17.15779284984289,3.4603499999999996,2.883625,3.212550000000001,2.33573625,6.84658997060191,12.793003628955924,13.107884480246891,13.961033706727788,16.76378087738051,12.785453867785831,2.25675
3.507845,3.690863000000001,3.690863000000001,3.858629500000001,6.828587729032501,10.025967101448288,4.429035600000001,10.371290174363338,17.902836948162932,3.1533029549805414,28.816759286524928,50.05120339783163,14.297061410836761,4.92175422812733,2.7106075,11.828871780500682,16.56476945971318,1.565018031060001,1.4009112810000002,1.4409373176000009,1.2371684040000002,1.5273684000000003,1.6970760000000005,2.1213450000000003
13.152152283035852,10.0176592589555,12.755994476025778,10.071992604271554,8.602831373629062,4.929769307614857,15.307193371230934,31.92721838981399,26.96809712348438,22.10046198842883,11.385515730667631,12.416387559801873,4.482764778538451,21.757698099858235,5.100672145538079,12.11941458888989,9.654064289732124,19.255085871608284,21.188283936427236,24.633803781903936,17.998106061642765,25.327673705529644,29.11598268044444,26.65852775978842
2.761495,2.9055730000000004,2.9055730000000004,3.0376445000000007,2.7614950000000005,4.451394953242353,3.486687600000001,12.430153442216335,52.97621260177479,35.118282112198145,22.21394824495396,10.784813485039686,22.32956616817048,26.838149380731938,10.45201634078152,9.773693148925634,17.436408053075414,16.715695392674615,18.977567204125503,21.56310855955796,10.602780764747935,8.516107676080106,17.047226967443592,17.315317379639392
4.764995513261582,8.809988713349847,4.162037,8.420023872527397,5.709226112066763,8.568402966625353,11.02723021340051,7.607490054842467,23.10945106513141,19.119849190005016,15.321177931328556,14.167205036115076,9.545690937966837,5.9194091550731285,7.374158273895843,8.099179901061524,5.549325268531075,3.049427162787717,3.757283185010632,3.104922606373176,2.1580878608680782,3.86151203323786,4.616864310613051,5.771080388266314
6.96250112275167,8.026138202975753,10.409942157878389,9.21928018349925,5.409509176429541,12.214194277571746,16.330460441026883,6.041211178523428,25.79416912167299,47.06898478706643,41.74403334152377,51.369816753323,42.43422974803974,30.13206325128264,16.972577393882545,64.58160290432691,13.31458397503443,21.129220444440005,9.454020237774152,7.964485153584301,14.261111275012512,4.834766947960127,4.244969910512271,9.74641324658059
3.58248,3.7693920000000007,3.7693920000000007,3.940728000000001,3.5824800000000003,3.940728000000001,4.5232704,11.178892139780448,17.544094559999998,3.0337092,3.3644160000000003,3.90816,3.670272,3.321936,4.264311309097886,3.4760880000000007,7.204681899839996,13.62478541280468,16.521463408447598,7.17626780432625,1.2634911360000003,2.5050610492260232,1.7331839999999998,2.16648
2.470545,2.1202830000000006,2.1202830000000006,2.2166595,2.015145,2.2166595,2.5443396000000007,1.44775026,12.31651656,14.08624725677272,52.476595258541856,6.641939999999999,2.2200480000000002,3.439236,1.5571575,4.438764,18.29782443707309,43.43403484670858,18.46468924284039,30.226854756026427,21.25952429936617,29.06908136083248,31.895798339807296,35.456070643486264
4.4781,4.711740000000002,4.711740000000002,9.404395412456218,4.4781,4.925910000000001,5.654088000000002,3.2172228,3.033709200000001,15.638108675142234,46.65227060026746,4.885199999999999,4.58784,4.15242,57.33043872296907,32.102268226036806,2.8028835,13.581508881988425,8.702861859609868,34.98429897029908,15.364217428428812,29.5455548096362,31.83663639782449,10.43637862234379
5.820852406248174,11.88810987790698,15.06051789064181,8.74905124915902,16.43175822861055,10.043410785714922,18.072621468770176,11.76007900586587,13.589908059013707,29.27349764806305,79.04546681683702,28.04426624344128,82.7145726855048,72.36875796365833,15.15529795121228,16.93303992966899,24.796634335544702,24.107043140110225,26.8554152838207,29.09477291174284,26.8358512385475,19.92724714738218,18.71122970021542,10.990436670423318
2.910765,3.5088127426247397,5.144812465582111,4.4457421158023,4.324288427048067,5.689642731604598,3.6751572,3.9191387328424407,10.029482872875064,17.080898100955796,9.635942241411106,12.528584817245394,11.71568331915699,4.66515558489413,19.60580067635343,17.540043746052387,16.617258527655974,14.55030418384057,10.138434558719924,1.950504701091408,1.4752636902431444,1.2673908000000005,3.4401222670149068,9.090538974399314
9.783061165734845,5.800593115694304,12.741528538534496,12.8426064561027,6.339472566620031,13.16132810313404,15.10691573577124,17.183438029764755,13.405459772788204,84.61013668208345,15.549504380100991,13.052556796496566,5.901132290239517,23.24707269840795,9.469456436066581,3.212550000000001,10.858763299356534,33.12535339059068,21.43856208543365,37.44759884045945,13.834688454375422,54.0923885515749,24.22457625897199,36.035204683842
24.749832659858736,27.256284876181525,4.396951075168886,6.320060223299217,25.528910980952,5.089168983568748,7.819469625506654,18.95717179772363,13.45893099696049,7.980963405979935,8.399533909593375,23.463714727570498,5.493351942361696,6.780309188512652,5.650257657093876,3.404844187615149,10.138497067803208,29.173620238330287,21.829852509750356,17.189707802559123,18.531384516740403,21.159268646743776,12.33347501051937,2.797854310046778
14.15408115405038,11.518119754156649,5.8787699286133,13.34062313308619,13.197618559580034,7.734971190090839,13.891409306379431,11.476155758075976,8.243630903175243,16.465155823033133,9.162439850727983,11.09802426450904,20.32496371938881,8.206006963926207,17.08903513421901,23.082130714170333,28.38246964089167,44.87493102080228,31.55961188165188,22.725825797830023,18.42719933648792,31.106758733634205,23.27743531606912,29.091467499371515
3.731750000000001,3.926450000000001,3.926450000000001,4.104925000000001,3.73175,4.104925000000001,4.711740000000002,8.756994246187357,8.699465839044821,3.1601137500000003,3.5046000000000013,4.071,3.8232000000000004,3.4603499999999996,2.883625,3.212550000000001,9.708752716111988,13.262880614720004,11.151424200939433,33.54521449466703,16.08612523044456,44.07663334289734,19.75639816942552,14.371225632438192
3.1346700000000003,5.876560115060992,5.876560115060994,3.4481370000000005,5.585160439934,6.1436764839274,16.421380023630917,29.1835257138927,17.31501781752098,4.729615408907746,11.93755394166957,6.258502298109817,16.833858398371664,12.8557605678806,10.612876069029126,24.655920710386546,25.65880958447996,18.57350966474632,11.86254983815884,10.633990936216597,11.913476061073064,16.456415100394487,14.11931170911588,30.24595778223956
18.498289934969065,6.515105252208164,10.767685356336498,13.920729572383,9.800139939059262,11.553081596759297,58.67404315779093,82.06225800143139,7.479710102284067,5.693043705449527,11.884891650730149,13.805682220545124,12.414047848872649,5.376769802461542,8.174787320903478,13.236226376682342,16.88698408913951,11.50333605802082,11.653819130947138,32.51608709288105,15.550163885711603,17.61511320539722,8.333826058483593,6.752208882129658
22.81155088037067,9.436753937766888,9.436753937766888,8.833211153379114,7.326224131347814,6.510117326689557,11.324104725320266,48.9700551973992,18.165672498508236,20.91796007013709,4.676554684595837,8.248232807386545,3.899664,9.575021920923694,29.92406458036646,32.102604876523834,5.026170148017783,4.001419198513094,7.878430711159718,12.662653337512472,4.744205908571769,16.65420618824574,7.387847747776354,5.423829273021537
3.507845,15.80314575580446,13.330539711036163,5.956878060306607,15.01951869353316,14.64138735556269,13.26121408363108,6.379349775256919,9.1825703669014,9.203800611065583,8.339019314061332,16.384929483854357,11.076334133447823,7.042849877067867,7.167953860974066,11.787045306215553,6.22019288008054,6.700928226082434,6.381129914978668,6.369315273570426,12.38167214429797,37.52369630157899,7.345651668836191,5.369823043145554
7.285741043878913,7.605255258043052,8.608495645565673,6.72211530039909,10.06876289941295,7.190620543539265,9.792432234726604,8.33799746985987,6.1433928141514285,6.02208816181917,14.516093519879318,11.566565427876002,9.935718490092597,5.4824949125139515,8.433989468734573,8.002420807662645,3.007115928739447,5.595535571582981,10.65139297655131,17.553685544760352,10.332456673261724,21.535354407212687,18.05516309103196,21.48938501076062
4.38005557969169,6.245905353616591,5.50166665589638,5.596128867095624,6.50205847815014,6.374196596530391,10.608377067163484,41.72110888528559,40.27042308090118,36.76539571633996,6.106281005567089,4.315259999999999,6.661397460618641,24.99736551440475,8.766681419855972,5.840993283447963,3.626970542736508,8.685823220671413,14.176436234272474,9.648648320161692,9.701153340252072,27.59510233381677,28.68634199867004,28.79337058256137
3.88102,7.619683631783643,12.904117486765935,9.793757393845125,11.122790298611198,17.653472050291104,52.82605172331898,10.636418418645585,30.053908930128827,44.92310336324172,19.766505103197684,9.712817250094336,12.564790580652632,6.715168219445688,6.8799122188168225,10.557914307353949,11.371399045173163,36.13985110938777,58.76651377938335,56.04905867972256,25.032619595684302,26.041390591715643,2.871628078179171,5.964975566175717
15.750495812671142,6.317875880099022,5.096062080060936,8.90428348017519,10.346503163795624,9.4622,10.22056886420109,5.815588151241694,5.483861197873182,6.264817111340367,5.420986917106376,6.043747180252159,9.177832290342064,16.150129937429202,4.998837617289018,7.140784709927543,13.22459237088744,21.946675618091614,20.21383820342413,25.037940417340383,26.790473301325072,29.023155497011075,27.871583326348937,28.583760888192188
3.657115,8.98957996294412,7.353597565643716,5.488836700178281,8.543815667260937,9.39819723398703,8.543862953520964,4.03346838549553,11.896079686865528,18.95970168158619,8.023757322297229,20.90625284812748,28.294634615691084,45.050950353269165,46.42943157304497,13.657661274968197,20.74538786511535,15.654946573759776,12.307838849678587,12.126082988321626,2.4649082244303626,12.378649446764133,4.133450741789481,5.166813427236852
16.05162847274783,7.444615837067484,12.988276577958676,13.578652786047709,9.709845569124,11.471145396948575,12.131809206745462,7.766868718202549,37.163501585472886,32.330795823536015,11.432328250408036,13.466432515088634,12.296525014388052,6.402395360395302,11.588763776550278,31.89117815193352,31.34862738795149,31.655722258284182,20.33684306738565,19.95716488221329,15.698136627741318,20.64255873156109,5.276887972306643,5.397866289843545
5.6159674846417085,9.510195037332476,11.56384483165293,5.840982889586439,8.13035012114446,7.1818724862215415,15.666022697900072,19.57689807348837,38.81054330186308,116.94836253327762,52.97228005911081,78.43746711766875,11.495818002104965,39.63971030312878,33.83986103804774,19.903434606046105,33.86441676575963,29.050304378333312,25.154824189408085,48.1535403567468,22.252836280546628,35.100602507380934,63.17249602837009,40.106280839157215
9.83679715012511,3.926450000000001,13.872017532630364,10.820476865137625,13.184148894648692,8.092264276482195,16.58454780105512,7.754198342942159,7.36979600975387,18.1688747545398,80.32547804776453,46.83470096031283,36.61537282625344,24.084287482286744,61.019565973613496,23.253923078131685,21.8844931678917,15.991362819432208,12.885058947901284,16.872773697727823,5.431521378675964,4.04897603527669,6.378418279466404,15.519263928762674
3.657115,8.616367167873934,8.616367167873934,6.515423360479555,5.717112405355004,7.87502164801386,25.35477110857011,32.55923671452174,27.49647115197136,3.271355800735289,81.55459628929727,14.347703650907665,8.389791021461017,3.391143,6.327948089103506,18.993391784423686,26.832646771343352,19.39742395005728,12.314675264341457,1.756112832498381,5.050233411988582,2.7584027542532787,2.965230414618748,4.329422609220697
8.340111792339371,10.398204450904954,9.470805352275008,15.184250564437562,6.814760875175447,12.249914598012188,13.192399999880593,8.647244310395386,5.045812575420957,11.68936314113519,10.43208828697198,16.16796934026937,7.62308419413728,52.1113035279874,14.584900957174927,5.585895137265169,4.564012891500274,5.490429515612894,25.052807505727326,8.776153656745727,14.677613877383946,13.31092981465082,10.234193164741557,14.04849252503357
3.574447491869177,6.506567694363006,8.00418257974913,8.368009060646818,4.523349485364519,5.758528578534629,9.605019095698957,13.62921766610431,21.338581969697632,68.84844047522408,9.825811458296732,8.29885196097205,10.53687416714243,16.7883615737112,19.241281271789422,28.415686753676233,22.66564808352397,32.72923707844762,15.176754708605786,10.277939122169627,10.877321437570163,16.986685115768495,10.282231073630506,4.600450543582332
7.221334717017707,16.431412813525338,10.182564990334138,10.076431061391563,12.965307574623946,17.17829521414012,15.710801896652129,4.7733986005537945,10.12601935645568,8.314859783780365,15.930031475989338,29.11880451170844,20.446263716862727,28.320918401645784,36.657647509983555,23.688362177159945,29.140865469535253,17.856244103433095,9.356963366230133,14.693108498362204,5.331951748455059,10.138323545943148,6.544730230335429,8.49669713833745
9.904816409949053,10.421589440033356,4.319095000000002,10.895298050943962,4.104925000000001,10.895298050943962,12.505907328040028,2.949120900000001,6.710062898812758,8.387578623515948,9.301914541517371,10.805254265398966,13.710520822278896,12.46600193733714,5.209139441511032,8.526754996390926,3.2293471040495745,3.83092086058278,13.937500657263724,24.36970664251005,23.709706516302152,24.296723805214235,7.568243714195181,3.120142129516497
14.589547386569675,13.694623506053826,12.790958704253876,12.339277332670449,13.278568192523045,8.816706035294487,14.348921746082013,20.757550605369616,36.58901888039937,54.01002589961029,84.68197008277265,31.192102783499063,29.70391640773434,13.903754517851635,12.401792573582906,16.687067458289167,29.752269452122,18.024919947784237,34.02279863151398,31.046565255014688,29.23577737193312,32.71522308244784,39.33922553743434,47.22115932392841
3.358575,11.511896945743542,8.796592653609821,10.03443579810336,5.859486488285658,10.784709244589056,10.747575184331788,7.86043740212671,2.2752819,9.094858368982246,13.045215127289664,20.210875620731507,27.781375262548703,19.283664568155494,17.30532285130828,46.15299271579068,43.24678207923935,40.47862428204608,41.88823564894983,56.17008415432827,32.81068012798708,34.00014494952662,34.29159106098729,5.328314649268963
13.454097943194252,11.165531231095192,4.037204738633296,6.85702757298565,3.6526551787483688,7.059820921297255,8.801761109066367,18.660222023852693,12.55979238114232,37.02049436230868,22.521648223575195,9.377241332508529,3.7421668866860758,6.464103293848513,4.532003921411634,5.525077242754374,2.8631855381717117,3.110138658802274,8.242890795292602,13.4190288138831,32.41682221708766,36.382973724710645,20.477054434657187,4.215719539466422
3.507845,11.651220438349135,10.391245391001483,6.256060730984237,9.730847543943003,10.356941403721898,26.65422823647908,14.317308864598392,5.318811174203089,6.719896494466912,8.928798034654735,12.080153422180173,7.768465027027883,7.778168672641149,8.44977112463733,12.817916121991148,30.65856457123891,18.23532469838009,18.297747462072383,21.360039562585413,20.60490208267161,24.36932483526063,21.99926338795204,6.696606788382487
5.35540270948257,11.019008928595134,13.059788126430991,10.37467239718296,6.861694965697834,13.653414859450573,12.445951925486188,15.611911075021858,13.916292356774967,24.1901978552326,22.278893459585543,93.52440491207987,86.19591509621179,65.84547780727718,15.444754696882114,3.524335740126762,7.7689058931667105,18.819589221839077,40.767208595006345,22.049386558991216,28.584027412725085,33.05032450554394,26.8670897844038,10.826157332470263
7.509407896843589,9.48765735561119,11.30074794321082,11.814418304265857,7.832821855714081,12.322846621015277,11.05296661658694,4.930771242035082,6.254662206673042,4.444139037453838,10.086617998898912,69.83267945644346,11.929698074963047,21.464810166861312,22.989929228726915,31.584339593520184,24.22694581212757,30.13079770300179,21.140284649082464,15.4088869914866,20.892925148383487,56.34623563687159,44.8365044660564,20.405024410049183
3.731750000000001,4.837758136261858,5.97689330658918,5.295839041705836,5.46398860611758,7.439484316776342,23.98394753941245,33.40186579715598,11.27206062749162,11.09243944783468,9.53371906631274,6.86989953121636,46.25664983940142,58.66307203911383,3.5528990069090645,8.283345117477138,27.561364757460368,23.77792885800361,21.397308614126487,26.57231314713572,15.816835168608812,17.068339384751575,19.34070004433853,23.11437206673022
6.713959927737735,9.967412449543524,3.533805,7.38535592051151,7.201786351878064,5.760688959145571,7.724356752430321,13.493514443464203,48.40895303610857,82.175571080614,12.33698142603884,15.832241470470285,22.622331527732044,17.920600340194987,22.31259633146717,22.27552199434468,12.18932774593356,22.3178043237688,32.768994069467674,21.618305592456192,44.932525202477706,20.740820328557508,22.638409692223792,23.396097519547386
5.596321758884492,9.195016114851118,9.18949497578317,5.702261147753023,9.76184710585808,10.738031816443888,7.593350299722035,11.860414605213304,6.286558005836884,6.144237507296105,4.8781895457961655,7.997459970062403,10.42900160086556,6.0183402213954205,6.49241350722662,4.024656771572239,5.523578631327325,22.424937117676794,39.19405957212713,24.55736391311861,19.946112134554543,26.66681151005249,24.53774248339973,30.01125749573429
6.428190242664531,6.763574081412248,6.015028561059186,4.5667842533861975,4.43619307279936,6.444953013544788,7.397685198155759,2.778223961955605,6.773687598098696,5.443508373674555,6.036909097458865,3.90816,3.670272,5.960685497743474,4.967237914786229,9.974525061641101,4.220069987047918,2.2755689510399995,1.4307179040000002,17.453425126218068,23.108245739498955,24.65655727612345,25.10914281535944,22.11463327300844
13.241348540257851,3.847921000000001,3.847921000000001,4.022826500000002,3.657115000000001,4.022826500000002,9.594380400000002,2.62739862,22.816181930238816,18.42871833691317,6.413360308521003,7.254844604297587,18.867310070662118,22.236623476568155,12.64150551601266,17.739873686190414,36.08119093804509,27.768970090171607,22.667432249063022,21.39019701820419,19.95234094370017,26.42283063745208,1.769292,16.038539191281938
76.1645447046516,22.171786585952376,8.437395562930961,8.820913543064187,5.743116540344437,6.545017771532094,10.508202675517152,15.076944173888648,11.364714151142474,6.790645425920898,7.5308985189797,4.23384,8.215525657068762,7.4358114164673275,5.533411662511354,10.625710652846909,18.013360635224334,15.659846982261705,14.961669863259663,29.12791200404852,22.65137169197193,2.500639201914401,2.878584891252348,4.849442228130867
6.254190025882484,3.753658599111797,5.638216594670777,4.909389305840891,6.791522677508806,7.470674945259686,4.052096400000001,4.879266118398066,2.4168372248435963,18.54406232727048,89.6628487662739,16.826590124664424,37.02644605017827,85.78367811492699,38.874536306895365,7.170983397801906,5.4791879578261184,18.23939679120632,23.43721561740981,16.012119970805387,15.734507899950602,19.132660127326893,23.067411211840216,13.56906827325916
19.02404065252935,7.229985969614916,10.523542990064689,11.416322723345532,6.203272949859958,8.496989773485573,11.622985633169325,20.347129902251645,11.348501508687074,15.09023044961618,4.027588067886744,12.418004340762076,6.767968499514606,25.27872213382636,44.057698282464855,82.4634437821962,23.986313820227085,21.549510327472976,32.4344917804026,28.56712971216691,18.80269721131932,18.54203881409878,22.64331644551009,19.973178390848545
3.731750000000001,3.926450000000001,3.926450000000001,13.355871364917016,3.73175,4.104925000000001,4.711740000000002,12.86590833882163,18.98622976824989,26.70928284731415,24.86102857747312,30.32880534905019,36.41850877054584,20.73974912693291,35.02543720741105,26.6907901298958,4.587439555318508,2.229180707974388,9.259161328218354,40.50461096537597,15.738036939360724,16.6501229321421,19.93192421535424,18.795111520167627
5.877751116766219,8.75618123862261,11.557161657157357,12.082487187028148,7.161991560270097,7.052041241376299,10.075490312430682,14.80056370586807,9.804505535191224,15.62858966184281,10.02269600006987,11.982631921019644,11.253254325827148,9.720954783324427,4.41245526478369,14.274784622572751,17.012091806847035,14.674094002574718,12.279221786306731,19.10933869057384,12.713521237418645,10.965467518874028,3.618396879689109,6.642545956217416
6.4042444666956015,6.245584313374075,19.39755861009957,34.15396816026804,14.10134348258905,9.969162922716825,22.96102636801201,12.88518338371424,23.38030579436947,14.35590554834348,29.683350111030343,43.999634367229866,20.70357670503055,34.969779824535586,25.208594836410192,37.25785290802803,21.755464897800582,34.743501918320405,30.08265052926722,39.62749236566443,22.323154943926948,27.26179112678084,27.91945204107971,22.42898991770949
5.006654752318716,7.355179870415715,15.53167363151884,10.89019813830857,4.104925000000001,6.895984046121413,15.351941527556605,7.460117774948111,10.050846725128071,6.530529722399578,5.040638596092087,9.160279096729576,23.272312407486858,3.806385,8.68940223554251,27.59933010730069,31.59000722290631,36.633867755933785,23.83824341145885,11.36663435300325,19.901401515404693,5.153306615315296,26.5007500856148,4.663684321814444
6.578511196368699,4.495214560245078,6.401768587361051,6.873959484405012,5.919596957094959,7.966899816005569,24.792383840980307,27.66473844081972,27.40774731493048,73.00588056271505,61.410181466788224,19.77671562339492,62.521953170509775,4.878087611070586,3.428621755381533,23.91724948249388,26.55447993445645,35.7860258430703,19.99210282245083,8.483052043540098,1.7391750499436769,4.580934550972251,15.314168304531984,26.51743323593717
9.676853584690464,8.7957726971179,5.192276164027742,10.644538943159512,9.676853584690464,4.269122,12.218079482583091,6.952188201453273,15.268107789510308,8.194535558308331,3.644784000000001,24.417544477171266,13.629496716075518,9.854240865605686,2.99897,16.129539357307088,22.91414788740294,26.393287901707485,21.29015423023189,27.988106083162357,22.941405804120024,26.70401813477854,29.6919049129566,48.95601605774917
3.9545958234415033,5.884474289593929,6.511220372335052,6.151950393666378,3.954595823441503,6.807184934713917,7.813464446802063,55.41077294572936,32.59312056003672,2.970506925,5.811667770348641,7.067348810380378,6.575399715248171,31.345604406466556,17.781650698788436,20.787085148651872,24.914993354099938,20.463880062465822,14.789828078871857,15.516884650289835,19.54974681574421,19.66255943228682,27.125996169080427,2.1213450000000003
3.8538598101359063,7.044556108924206,7.63606077848503,5.858161439208062,8.966817342157324,8.9233267633037,8.983413882986161,1.9839540600000003,2.8574906812282155,6.205712384779226,8.421011069156444,6.984775673221483,9.186557529988846,4.938284849580348,38.287948332286895,17.33156759046496,33.14294431141342,23.02413773520664,19.84919916137597,21.619030579062557,19.99329862154219,16.75733141671682,12.98815260297741,18.425985667164976
3.58248,12.502806756141014,9.992982282286013,6.306720999877327,9.731930140245538,13.36686527913208,10.007955769371607,50.59140445085841,11.392763732569613,19.86383156429176,17.106502225116824,13.256395318147517,8.317710680598838,6.812264516347956,10.086158790792528,22.443358433739697,21.20813613037753,21.10880584994753,22.991616593044807,8.861716855527947,10.297397288994848,2.8611163737041787,5.121813408903889,13.995237010393788
10.40931042346156,4.380655188982729,5.346364253558546,3.858629500000001,5.867960423461562,4.1470880517564135,6.91228748033782,4.215746871186037,3.9752764614214136,4.969095576776767,3.2943240000000005,27.70449512214884,5.608768203429634,43.37375126211125,2.7106075,5.051548538458216,14.553445024315971,19.97153847217685,49.04210209055685,10.79492572422477,11.167154235163828,19.78397698369407,21.148624156139952,26.35480110049112
17.472306750532507,4.319095000000002,8.978937839556124,4.515417500000001,8.533701252470694,7.194827132744771,12.05605575973122,26.621878910732686,45.52037267067975,113.72217367290088,25.723816129628524,17.859665824090566,19.936885309822483,31.056640334189524,107.88883812841057,61.21219583602085,6.503975303358918,29.180646356524512,25.93686070567514,36.83954009415619,22.29122714976964,22.585192853196844,21.797164533471648,27.763973079768625
7.996255173691308,12.191738711893343,12.988760827429092,15.275842808448225,79.55062868844854,17.38106948922852,29.829768372947854,27.29252261609125,21.50025917944238,33.968141499016056,18.28510255504634,20.188365302787886,20.037420259558342,23.07953205161091,29.453362852213516,30.894269399121413,36.47651422037136,34.054737981020025,33.04617842913754,21.921340865411857,17.468770789861907,18.581802647798508,38.611975660586985,60.554462599214574
25.19688843610936,6.638604167321203,6.638604167321203,6.940358902199438,3.73175,4.104925000000001,7.966325000785443,12.184376435216198,25.358579102574748,53.37896962725608,67.14579473584054,6.726778310600021,18.562957977517478,11.732443809892494,3.7688844368666725,4.322067613904128,9.879264321778036,19.91814636510088,28.590050966316525,24.405767673814847,20.48995074315984,17.27882523558448,27.02013893899183,20.32834862831107
46.54029254341131,74.01689463441829,11.468533014619664,7.285630170847144,8.150637752387825,11.989829969829644,29.591727238443067,7.790843750616703,35.419076406513206,9.230187286691164,8.228259664794836,6.558943763440023,7.724470131835869,20.371003729708185,16.004975105786045,21.916026886480545,45.11610713789855,53.780182861771024,36.26707582250986,36.26565088763625,25.282172547204368,36.89542369923148,24.482616738497622,7.4205620362020515
6.564351729267164,4.609713470164788,5.758276557870774,7.220786902193883,6.564351729267165,7.220786902193883,33.39161703723054,16.46434959094786,15.235210909784708,28.629075156411204,15.058396645063612,9.261802910800425,7.535512173019113,8.068935162044639,14.284298681125872,25.630741786183382,15.420607586133784,16.829480330183216,17.234194509366564,15.095139184457253,16.820749379847427,13.981681233634346,19.57602224421516,2.1213450000000003
7.422874283296617,7.810154680686008,2.827044000000001,8.16516171162628,7.422874283296617,8.16516171162628,12.47892663118157,19.431213525827616,28.34022988355694,53.6743233918786,19.271638369649,10.049597649236675,33.32741791982758,8.44084044043752,3.739686091240547,6.390126556924915,9.910707034477886,13.933609170758102,13.93928981411572,16.396820004871635,1.6309338282550476,17.95728260041427,21.898147431917355,37.06506591753554
2.462955,2.591457000000001,2.591457000000001,2.709250500000001,2.4629550000000004,2.709250500000001,3.1097484000000004,6.021708216618784,12.93634589457974,62.02796331418696,47.10172418155266,60.62206218866444,51.7127458994242,13.931300920439838,1.9031925,17.51065964072029,18.64501053970297,8.557019876583736,13.09024905344442,9.121094635219498,0.868650156,9.767074969352944,18.27742650755125,30.42786144924557
6.2664225264727245,6.593366310462607,4.763410513436137,6.346454605982221,6.017963356864645,5.799844432844443,13.842604370214366,31.883654311745,20.98362190589207,9.7010136,19.315101791338385,26.411326659068628,35.055781572883284,17.518127856195424,4.842235588638015,4.966790561203479,2.755864429466132,2.795751877340754,32.28516363245045,21.60052922024291,26.51206807136097,32.37094864960603,35.641672279240055,41.18522362882074
6.10154605946452,6.669231352301979,13.15688601713076,33.967580429712456,4.91664802973226,8.275766064657553,11.579675998014118,22.687830515956104,35.551644947266304,102.56830070180295,20.48576017048933,12.937968332318611,7.950579192262632,4.778818353083894,6.362916487304724,17.637560679409095,20.96774765664265,41.74710910548459,23.71270904615396,29.25029065845797,24.21437563221268,26.7206533080785,4.327687284160498,2.25675
5.550091852661198,11.728293523254566,3.7693920000000007,8.57868572061902,5.579686673950775,6.38175837927317,4.5232704,5.762362112498801,5.433671225511347,6.416251048700266,3.5728201746731245,3.90816,8.217272174686348,4.350800044156457,5.168962769698404,6.904791202340612,2.2423068,6.056874556415951,14.749412812192858,14.723708106065022,30.136601654748624,9.344909839700748,21.905694143114445,41.33990727515058
10.88582428746076,6.225083437320139,11.643005853419874,9.144396383742636,9.816211005214928,11.943166511132471,14.23453596586433,20.50310605154396,21.91155446023261,22.616920852680856,9.608973838153416,7.813162423093156,12.61691594939151,11.41947716715759,14.575213900210606,21.582747599940006,27.8352002111616,24.60189383328792,17.950025456307664,25.011077105009832,19.518553175819164,30.61906417440153,24.815161138899352,28.37868959620524
9.229051342662853,4.818166154884495,9.698114815687024,7.972580809462587,11.186632384852317,12.61477525290004,12.579481028256458,30.5748300959052,20.67989519292213,8.758299213492998,5.362154307156543,11.738605091140586,5.12296112515868,9.723201570430811,7.889184240819726,9.145828458948957,4.36989182855925,3.67555730056777,3.123289625090981,3.6768888429615183,4.044597017269744,2.2982880705072435,5.548144056611446,6.76503855684745
3.955655,4.524622404635051,7.244012939397907,8.141886093911863,7.401714630828965,7.952352814216269,18.834068178976416,18.67380290427065,25.69307076129136,4.662904252957028,9.542797572471166,16.36722985885094,35.52712671990779,6.863408112223221,5.453220334167416,10.819937322553425,30.57596389259219,46.83676649470723,19.836329155815804,27.09295575726461,40.72272652231437,32.14374623569909,28.997448322480064,22.905023670651367
34.597108692574665,4.397624,4.397624,4.597516000000001,4.17956,5.072451614886032,20.6176244331034,15.840941274986813,13.137657937689442,69.88503094354216,13.66155181909699,17.90955399754261,6.936025926952052,6.277745688514473,4.897822283690606,3.845848494723147,22.852734444262776,26.529792909498845,11.535851152879305,59.81662008758112,20.12800314577923,48.64811906945796,36.38360281181651,14.49069894114696
10.212176683214537,4.982777051639991,10.586320966019194,6.777285285447388,7.833430463831106,9.02681063484698,10.241365004303065,5.363722650737458,6.419794879315025,6.652490153580199,8.71638627068557,4.953476343686996,10.307942879008918,6.43639531994416,5.316992050558107,8.661535335833886,6.297508852644513,7.626367411846835,12.477117077177123,24.75718542440128,17.51609030741541,23.695223230944105,20.888260956160305,12.770451807909703
4.238999155886447,9.743161307492567,11.933802177884244,12.476247731424436,2.9702200000000003,84.42158435733184,14.320562613461092,42.45407180375884,41.04454114330564,14.642723027101512,5.284494960543814,12.436981043650796,8.857097641541637,10.517167509134644,4.348142949437355,8.00438978597067,24.70819048662108,11.266092303555071,18.92569205523859,16.325338242145673,11.29080622877142,21.471308979459724,24.80608868870015,3.800770777089348
3.507845,3.690863000000001,4.343822826072136,6.077208909040551,6.30046243795314,6.930508681748456,5.642907600000001,24.80290241455571,28.196732911487057,3.627406708700341,6.17292841391105,22.8295974454822,21.439969774887626,14.250241221434223,16.811568546795446,4.02814170523811,14.084118212409203,13.14728725008051,17.356727956502436,39.60387387446689,19.535509092340725,22.58069797051548,11.784689515307626,2.1213450000000003
3.657115,7.551034794572149,3.847921000000001,7.894263648870882,6.472705653724277,4.603542072330633,9.06124175348658,21.9788218706974,14.03238371168785,8.484282712160047,6.739766593502413,5.909300900266556,7.85763749135573,53.451364705997236,12.70210666038427,6.178119377377213,2.2890215250000003,3.201827216742225,8.804487111484338,15.276585379395032,22.46749412698016,28.000702564153496,14.58645229861072,4.340001215512918
8.3532516283906,3.062631000000001,8.789073452480546,3.2018415000000005,6.126779825867173,7.011582139873421,8.360428297484084,6.001266517718534,5.658948284978795,7.073685356223494,3.430570477311682,8.033136660051113,8.557955818493452,8.564726867590212,13.738257996586265,74.89310123730354,3.83480719100868,12.25754242210819,54.592891977461846,13.291769930150766,11.416842941250184,21.45567571911825,20.840987926048115,25.34309081621712
3.58248,3.7693920000000007,3.7693920000000007,3.940728000000001,3.5824800000000003,3.940728000000001,4.5232704,3.778313313712652,2.9253630310729752,14.778824813346594,3.3644160000000003,3.90816,3.670272,3.321936,2.76828,3.0840480000000006,2.2423068,1.59831628704,1.9109384422759,23.739948594114463,6.988739649580794,7.347009437974883,1.7331839999999998,7.786154236140051
4.514793838412442,11.343643181427968,9.71546003974112,6.560585519712061,11.391485344946732,12.794362992742748,14.149037713387402,4.6293841632483765,19.581678024190428,35.02455379001503,15.648250454864332,38.649315203845326,29.740951481459184,36.09321225408502,27.701856192532137,31.605175561438227,32.083360405031954,22.72272014792154,13.23463461606523,23.910441808370223,22.03318352914658,29.859409879016305,21.260495972655868,5.300601298486818
6.563447395815168,6.905888129509875,6.905888129509875,7.219792135396686,10.130747395815169,7.219792135396687,7.358300400000003,4.7154089029760815,35.96686420389024,52.13780922522357,37.39309320278512,72.11521644857366,17.377452171943112,7.338727107081097,8.962472604505058,16.413883387698448,15.959837133987076,40.115384531885326,35.36607844347984,23.98005762817444,20.166189245767164,33.310518338745,26.48550340257964,2.392155
6.18911508332323,9.626781210210693,5.989805783164038,8.017023764598216,9.025339042724529,7.738408186700021,7.397255997636574,7.441184782542211,8.370897121549076,6.673535274128087,6.106113580475912,8.22148980419168,23.555867851442997,27.43282292541926,21.308761126650726,33.90075036564201,10.611163885052056,14.19165122050062,46.56270858551995,32.32885591929234,24.95978462206088,27.54755896802115,62.6332751597494,27.263067454381428
6.2153972794759484,5.445284483095894,7.605742707739733,11.239120911547332,7.913041129488288,7.951458285364266,8.736954619091236,11.449143999338384,11.72918634564901,5.734909580557497,5.2887745583951125,9.627961505984382,6.003310776212183,11.14579422089348,18.645107979506417,13.792379847780891,18.591955235641187,27.135677209262788,32.89542477871788,31.38954597881199,20.74277793242168,28.71656343733394,15.808429193696128,17.841355040084416
3.88102,16.658320285957437,16.658320285957434,8.903869222531085,11.40027086270016,10.237351794276492,36.98344105934095,14.49729309840129,19.138173192297025,9.468833343400684,10.065367023610843,14.40977729207076,8.761007449718743,8.740125714286082,11.156183880574847,11.336928223971686,3.841034530219406,16.240751751572645,61.06049789832152,60.96104908851788,35.08766760735249,41.42260637824084,41.1716300446334,36.44600412908596
4.8465628570691575,6.22518263496716,12.325873970062446,12.886140968701648,3.990616428534579,14.403158629466605,28.81610803884881,17.706019374693533,47.51245894251072,5.191404044208965,10.274287890725068,4.053288804704248,7.178680516409203,10.862697345517091,8.603413217932065,4.137183715843409,10.764471942902237,8.089189417493756,10.469701658120528,14.115059754265692,4.643054959408428,8.116187898912795,10.61658971324728,13.715593221078535
13.688095957743064,6.060215337755519,6.060215337755519,6.33567967128986,5.759708792081691,3.91870592618277,6.945874226939222,4.045117486488126,7.732277787252775,4.8774261271128125,5.409117822128893,3.74532,3.517344,9.903512081840724,11.79051701297638,18.009067414393865,66.1405416124959,14.669614930748322,13.760535944029796,17.11938258788256,20.485140711121,20.896449450296448,20.395940959799308,3.4831440521284533
4.968038886334301,7.916217128596881,9.382931426820711,9.809428309858014,3.806385,9.809428309858014,11.259517712184852,24.496983192885075,80.70372894439538,7.551638405481603,6.629336654152109,6.433485813165534,8.422124916536887,8.269104856243944,6.8909207135366195,7.67694389467149,2.382450975,3.978597110533211,3.561404063137146,1.5635702808,11.914371112602078,18.577625005337747,1.841508,5.392894471463443
17.600757372664507,6.314247600031179,6.314247600031179,6.60125885457805,6.001144413252772,29.231488635960208,10.196505120037411,4.311430881938644,13.12083195450214,42.78856912562286,35.55639831990824,92.51844324560976,29.21343836647028,5.564697546834388,2.76828,23.420184755291434,36.090970149769845,49.226811114654105,28.08382064748333,14.529975503470537,40.66277696067133,22.328107804339897,18.33680823559202,3.629150574022428
9.653368324935892,13.016554371770413,13.052720320432872,7.7540193084624,12.953046958246835,14.907392301729368,15.952830262099518,25.60795630819464,21.80256083374977,17.11912318807416,34.94376283181697,39.64978011802363,97.66077289993792,28.361252869043934,15.705742796748641,31.303609968581338,47.83053357390723,25.54535402677026,23.863479816679934,27.198235556633,15.402263042115989,19.58195200003258,21.1674862657881,8.19558398190655
3.657115,3.847921000000001,3.847921000000001,4.022826500000002,3.657115000000001,4.022826500000002,4.617505200000001,2.62739862,2.4775291800000003,3.096911475,3.434508,3.98958,3.746736,3.391143,2.8259525,3.1482990000000006,2.2890215250000003,1.6316145430200002,1.460524527,9.311348138204842,28.596146304465048,17.901216673035073,21.01361109699777,2.211615
10.131654218421186,16.80370770118866,12.49866315851871,12.000260452028432,16.168869793367293,12.260763703119371,16.118985324476572,17.83125096966789,46.01239109177797,34.59659919999942,75.16663677525432,24.43017667032982,31.364494709160898,13.2207030683272,8.472416532739581,11.909268727443285,18.023826827226603,25.409964198482434,21.004249236867608,28.23260191734279,28.779555239481475,38.74542409153436,34.34229626876071,18.1246909523848
4.104925000000001,4.319095000000002,24.1546768368931,21.09842571665864,4.104925000000001,51.44022905921802,5.182914000000001,2.949120900000001,25.44250535404477,26.40661240445547,11.644224712408835,4.4781,6.597228984416729,23.088411409620328,12.152852308174868,3.533805000000001,2.5693098750000005,17.596264173806926,24.511557414675423,11.6201408484452,17.804064342729106,23.49529430832373,24.432614300520697,7.092019221362047
4.104925000000001,8.864252721777333,4.319095000000002,9.26717330003994,4.104925000000001,9.267173300039936,10.637103266132804,32.35212475000594,36.17488477407351,120.08041539963256,65.95876492678714,38.58293945118149,44.04527782645312,78.29513598364454,24.268816073350358,7.252570408726907,5.273098195931817,2.269417786890955,10.866439662665048,25.582180741790456,32.94418990194404,29.73643275575965,44.00383354770073,47.14494808950889
2.9854,9.168216705436196,9.168216705436196,7.293676072624906,4.8080073057385935,9.584953828410566,3.7693920000000007,58.902669515732256,46.92865713566148,36.80371005993739,24.62091249370276,9.505739333960893,7.359928218932327,15.052652014618129,6.733232028222298,19.155806754185942,29.634916689697903,32.96925069904467,23.595974691942995,25.00439651505744,20.21152175995424,23.414306718680404,27.45046533817768,18.755347852983903
6.032856326607904,11.669939065653276,11.669939065653276,9.587075382096089,9.971480975448667,4.856483672458018,29.08631322187181,27.889796633889524,37.293237010194986,38.32823082090721,36.88285567689666,104.37473495222356,43.52747246048711,13.29087880366549,13.345456446481231,3.1482990000000006,20.03599924264058,11.385849861546216,7.297094269086719,11.320857151520515,15.40178091879305,25.948169782159045,19.807397455912533,13.206655682661175
3.060035,6.240530040981926,5.485319780736444,6.208375297651174,7.113821535800013,27.194630900591,8.032387436555057,2.610967624307317,17.386999547551902,15.433240894760218,5.300431084160685,6.157066410893725,3.135024,5.233506449259666,4.361255374383055,9.067257512172642,16.867214023222196,18.879395734270737,15.640683920386335,18.488989641459646,15.831095353881674,19.18372007454215,8.715574777935753,2.979094885520858
6.711036275674968,7.061177298753664,4.476153000000002,6.481298102161645,4.936650909909713,7.382139903242464,23.94037342384889,35.75771882228623,19.36612732455676,26.126910968354387,35.196034809380414,36.12231207251581,41.30184961576409,22.392430969460225,120.73789977722684,80.82943123196499,68.28210214430504,28.3347286560024,69.28151621177545,34.488457481425655,18.772660712257657,19.27523427571517,21.205758939958177,27.033149325783825
6.366167298811599,7.5858947093360385,9.72187968609949,10.163783308194915,3.657115000000001,10.163783308194915,7.821482665145174,5.895173781598072,22.595716184034384,42.55272074814059,8.677380215692102,10.07978509903628,7.646393019936272,4.80296327295841,7.1398477784840315,5.33282908987171,4.036149112786034,4.122319632167771,3.6900559367230663,1.502253799200001,3.2587506973658256,4.023149009093611,3.242495763087037,3.592743527894098
10.14106651544984,12.383398399413863,14.461891186619704,14.164643605500949,9.336327386599772,17.617394412026073,4.803920739163989,10.221765639306073,12.21899086069088,14.75207541328375,21.14195544008983,14.546000310863,5.729799881961926,15.058270563618672,11.654437226479248,8.89049011561716,18.606435040650627,24.55519496911426,37.24785473844487,24.21264131701652,30.43704251954032,32.0258883540025,24.26969008860745,19.71443585962956
4.821690402723003,8.800379148698296,3.926450000000001,10.699064436474163,9.726422214976512,7.401994718237081,8.279936575551739,20.75417608514812,19.003462703329376,80.33239740354372,17.682205285315614,31.96902488937578,9.685614624606565,3.4603499999999996,7.515871711572758,7.4348843427225875,2.8473889549600817,30.99872119751925,9.397064650982164,7.870870718163132,25.75400659389095,15.977752367545635,20.11118278617901,13.11159627557296
3.657115,9.245065935370787,9.245065935370787,4.022826500000002,8.786632913782151,8.126440831025722,6.08945381873749,16.28237810727549,13.34017517971554,8.66908495044396,6.062118757415679,15.18756151695094,29.07082648793666,53.14315392984983,39.50474035442302,56.06534773661351,41.48499274027056,40.71188232246357,22.35628977125469,3.609334865571634,3.8486405101981664,23.08556910173261,18.012614792475855,9.479226352704996
26.76908149511729,10.962600514865107,3.455276000000001,3.612334,3.28394,3.612334,8.801943308015142,11.990636584102246,18.43162370040115,22.13541572550144,17.727230793955474,25.619609285854224,56.56152621533248,14.168620093377097,27.285094943906465,30.997863390606376,23.24626127300972,20.51788832903583,14.457504309406405,24.998771942800293,16.50414070395407,17.522430831170002,29.58310206064025,39.6249130160319
3.43321,11.266877842853404,11.266877842853404,11.779008653892197,3.4332100000000003,9.28552983575949,8.346584939580387,14.512269713732534,20.438894266657964,24.13624775616751,5.353051860540172,16.380674755205817,30.389307387524283,69.62937019229663,73.89448993244167,39.271525674660936,26.48856215056283,8.393625191232687,15.488100285607036,27.990135179077207,20.01237443580888,26.654486709699714,29.142541860469407,32.84883332685733
5.87918727601876,4.784772532838181,12.016295884074747,4.831364411921354,10.765704803318778,12.56249115153269,14.419555060889696,15.246191447586096,16.15702019357468,22.73395114975907,10.69124856935754,15.584387731214452,11.700315150834614,10.58986857401929,8.824890478349408,9.079985212974771,28.228814779355574,26.254516922223264,25.707943302567276,24.51797023869824,39.55898032128688,29.09599902058932,30.63523404442004,37.97215977063292
4.104925000000001,10.372026804630408,8.721227221549388,5.9536141064721,9.857711425888402,10.843482568477244,5.182914000000001,26.47236675663536,17.880722419518854,29.395578947334126,24.539085504188893,22.246156221654147,9.831385446172431,9.140786958551061,3.1719874999999997,21.7039131891614,2.5693098750000005,6.3924117300670815,15.93453663442559,31.864856067777133,25.91747384057223,26.319020375465733,31.399380917465056,5.803248353643449
8.362220405238807,7.520079734047365,4.784657720214208,6.432021851091276,7.147183218309478,7.861901540140426,9.024095680856838,19.684486795310853,7.426893318687268,19.13810924162866,35.7686785877467,17.490653615207332,25.974475491558973,61.697043962349866,9.61280740014403,4.802843942706018,15.131228278812095,14.350644703587427,35.03948170460166,50.52149035737928,21.60606359655883,34.561491810690384,32.461217904022625,49.385434943062535
18.97003936780145,10.000904972805555,10.000904972805555,10.455491562478535,8.727909511863311,4.7568842329525935,12.00108596736667,14.092181846880214,42.86617980989068,65.92520444034729,34.450812,31.2758129563772,23.251515809616887,58.49202106320326,46.142268815885465,5.9526687895165304,23.632209391948216,77.65451701304696,26.87772265901953,14.722633953283797,17.418062107725138,19.37052011483124,19.06020094664837,2.6151753059351304
9.821830161566202,6.66781489068341,13.31122536502698,13.916281063437292,11.07931213559225,8.571756023640337,22.033870701344743,23.424192616944342,57.50646968299481,32.811045919531445,35.36961667451472,26.09712258808858,27.772533789710764,54.473616359515454,25.844012533503633,9.567467664397725,5.450570204940168,4.107761684339054,23.622158833584223,28.22562084948732,3.630334808954824,18.71374431519667,24.053062342538645,6.609339144053241
5.149595703193538,14.136069504502546,17.61275394154346,37.72042550746437,7.046840643453384,15.4560669986889,14.405277593400395,15.859583074345904,7.638282841252686,13.455367952965444,29.42267947040842,25.560589738141445,35.28699019063823,32.48610483067913,6.584404397167393,13.525432024451163,32.5062224128859,16.697864882766883,21.79429895981564,21.398640024460583,20.52635008740028,21.286573595611987,25.194994579160632,10.154173212185642
11.518669403963312,9.804827813695326,4.916708910330068,5.140195678981437,4.819529722956794,5.785343744065592,7.010827360975763,45.28285833219226,15.245517791257528,44.4081663570479,56.54966263903607,6.995401073488967,4.6372013128801095,5.284784205567178,4.403986837972648,38.58568528005331,23.822044641528265,31.219558257925467,10.251635419243724,12.15398775427412,12.721458845084149,11.588405998267463,9.359690138896978,5.789399025384625
4.32884477191426,14.372427993626214,15.550382421904754,13.648807062196026,15.888151898823642,14.188187818267217,14.33680005871978,21.34554925869064,8.451627025964386,6.427022595128217,9.787967270554317,8.676358063867413,18.75006872739624,10.802573678766484,41.07468400957974,43.54781103288591,21.03102147263013,22.755156763784235,12.88017609025949,36.35504880124521,19.99844931882944,21.860116516388263,28.6414988641905,8.061812098425179
8.839250924087775,9.300429233170618,7.770547533214998,6.5243324620438905,7.385231126609292,9.723176016496554,9.324657039857998,15.822066388408889,26.536071005000203,38.14104564438401,29.67135029019805,22.038910315981827,10.611064978353957,18.028759379693817,5.448468765865606,6.9835814044304785,7.301530253908145,3.9436141212799134,9.461685453202644,8.41713499010564,9.079114095379907,10.528767922738174,4.276380684222703,5.052373050253072
4.4781,9.018134902125642,9.018134902125642,5.84613501874243,7.752383727236024,9.428050124949532,5.654088000000002,3.4353396000000003,17.60680025349535,34.11943874435044,4.589892437545098,5.108446617766091,17.59384725831868,17.52565567630707,22.878806262975644,33.79685306722774,25.46404655571865,2.5457010349270863,12.972115320422963,32.94179383816377,18.022483075508063,21.590367422946485,30.501491534232365,10.755324231151866
4.301800716385503,14.582096295217886,11.37194524749274,16.36162684083178,16.38893019279302,13.14519849194761,11.754195468130764,13.880694334419916,9.415028828693687,11.807261310417472,10.86784679965353,12.3586886063455,14.840713444195975,14.675862454983703,7.431721428188866,13.31558496951216,6.978686498509384,8.437589120021245,18.75019026798816,15.584496631888983,5.186852042407224,5.786215578002089,8.2650653230756,6.390253676551363
3.806385,14.822372506062282,14.267484658611432,12.639227462115953,6.179562364097644,15.496116710883292,34.61138988869182,35.29106785553935,40.12875091476569,64.33105723676839,9.022681774971986,13.354444594423995,11.853113724440309,27.556839988757,60.476018173868546,12.127395686778229,7.027124315491809,10.66494514597732,31.379534916612617,20.037033076214744,16.988255185794504,24.70821463854044,24.91783302978093,18.28339496391753
3.731750000000001,3.926450000000001,3.926450000000001,4.104925000000001,3.73175,4.104925000000001,4.711740000000002,25.92178087300812,8.880814002769439,3.1601137500000003,3.5046000000000013,4.071,3.8232000000000004,4.370200720328144,9.742999200127597,13.105512714780033,17.121465760392272,17.544241957542123,11.253989982535195,34.800390880724535,9.351291744514128,10.421371314495728,15.734628817650092,5.210972678126512
4.03029,13.405096824987792,13.405096824987783,9.07441738351212,10.297697920203843,11.151016346547884,41.905405285189296,22.462381370004067,67.87020735796646,51.8312236008134,51.99547195911125,10.567508166612726,9.0206874628744,30.573091327333373,27.89354196809455,21.214845772472653,27.35109981989209,44.47092584193477,36.4743758223288,38.61948232569344,27.51272915268278,31.17758035087948,28.24660341831744,44.14229134543111
3.806385,4.004979000000001,4.004979000000001,4.1870235000000005,3.806385,4.1870235000000005,4.8059748,2.7346393800000004,6.012240178482181,3.2233160249999995,3.574692,4.15242,3.899664,3.529556999999999,2.9412975,3.2768010000000007,2.382450975,1.69821105498,1.520137773,1.5635702808,1.342459332,1.6573572,1.841508,2.301885
9.443656232498306,10.510076611524132,16.24284786301689,13.179511846354464,16.083210042307154,14.987489949593195,22.62180481249688,10.11447622033955,44.887029058450445,24.899450872760863,28.6782261063136,19.78537792098194,15.291241255309469,31.681660930305927,40.64619478588057,29.21979275200786,31.121824633729737,26.989277447693134,24.093271867587063,22.3224832020048,15.769949809524745,23.29657889819163,22.7827261999086,38.32174045752648
6.186840537981095,12.205755231715552,9.83571951882824,14.17577727510312,13.830822879506629,14.477902303530898,10.606712097291537,31.37359863533011,27.69714755483812,77.59668650809745,21.661191069125508,80.4610892010402,26.072665814483756,74.02305074294664,7.497066124326085,18.91648497058254,18.351013241367152,45.39455803542713,21.996008207680436,62.45752934568022,19.09619017634796,48.83343656173839,20.771560908165768,7.285082005529984
4.04812897965458,7.248406762501519,7.600062180557244,7.945519552400754,7.223199593091594,7.945519552400754,73.36483982382782,10.766628053850862,24.800727918961808,17.965798327801252,4.586406772314501,4.23384,7.400210808416367,4.838408794528517,4.419396327063926,14.463001485787833,24.553303863312912,13.495140032911277,7.94582456466908,15.14824508711868,13.886639665605362,16.18692933761227,21.63085974700044,35.5147669392534
33.256927692931114,15.373349474185176,14.015034321886034,12.681281959758332,9.293138699203835,11.844803755779806,17.147122989551892,10.920107394594824,20.051257209749767,11.279680797492382,11.009582979588686,11.15471181812633,9.062885654635075,8.909511384279165,9.283194747502845,4.459620760515137,10.314144440401364,16.695282029876715,10.016911550292628,12.685290057532251,17.688748944211483,21.11741541860243,13.213873741699564,9.33314739802544
7.288473235202363,7.668741403995532,5.679802201997767,5.640925668023972,7.288473235202363,3.858629500000001,9.202489684794635,5.236292684281906,10.05240215859605,12.4065527821749,6.8448270382770025,7.656467303192002,3.5938079999999997,6.758402454460372,5.6320020453836435,3.019797000000001,6.5967834067607525,15.323779471732252,16.5074767889969,26.87612208173895,12.16287609978541,13.859932293325272,11.473921521021456,4.407653774648069
5.166259999999999,8.249046251539447,8.249046251539447,4.798840344966836,7.473958372184566,9.030320899336694,15.700837619384911,16.763223854616687,4.939277896675908,6.701194164432389,81.80871951135687,29.13211296801688,22.451145092109233,19.292423046715772,15.568500501753567,24.572870414982297,26.322603749165943,50.93660539998709,33.746637971543734,25.15989022928953,20.26113134375096,22.754651774291805,26.362377283856294,4.741187364708997
17.09320418088272,8.102195693479304,9.082491847585812,3.858629500000001,8.632120351011308,8.726691083460743,21.48071138165865,52.65707311032675,44.626178618580845,48.537272771077525,84.82771046604344,34.786528954830985,59.9490030557281,18.61806831600349,4.870426036376667,22.850709794871594,40.66733308099267,38.88958567769362,40.92798534821,32.81740020877652,39.61148712982763,51.37666443455482,35.86026646202081,39.86143521096307
7.075789127771166,7.444960734437489,17.82609458588384,18.63637161251492,10.902189949531811,12.64215073845529,23.93631029639149,51.59973705903441,20.318790021078016,18.73004485177941,11.28413634090632,7.723162789536326,17.357339281221222,24.47437041931187,8.955532822572842,38.14245855327033,124.07797338019044,27.98769234296615,49.02972240579116,56.30865429412562,19.326451861683896,22.18778920022828,23.29562940361512,7.099947302357248
44.81617043867923,54.78038951959702,9.420001719897328,9.848183616256296,6.939101570716192,7.879141937617643,9.326399334461454,25.650556560534085,32.18695749737442,39.96192217068415,27.53961165075872,62.69199833548323,29.707195440426766,24.54761125563031,7.39250216116161,5.781037709706247,11.186921967871742,15.929449035576429,4.58133619350054,13.044263012969704,11.824171550627716,20.93681406685913,26.96970871431811,30.421777946895805
9.475970274738668,4.476153000000002,4.476153000000002,4.6796145000000005,7.092175329686401,4.6796145000000005,9.668773373725312,31.08218605096276,32.2790221743657,24.89813505031165,3.995244000000001,4.64094,4.358447999999999,3.9447989999999997,3.2873324999999998,3.662307000000001,2.662739325,27.36926506258893,27.036368105269883,20.242765053049585,39.08129027791963,41.087035421748666,19.85705339242013,2.572695
9.759665092535435,12.774816849734012,7.136922005203424,8.651983569401576,10.51773301376646,10.735631601788976,26.566411790520053,78.10890584632118,28.215472252197223,29.14482113868902,26.06834697584605,152.6779383428637,162.79503230487992,16.26590342967377,9.47505810878487,20.508592978201868,28.863195951921,55.26642733981667,35.07667428885228,21.435981075254887,17.29522572884131,21.867509599574674,17.286199706691672,18.832665871085315
3.88102,13.471391825029835,13.471391825029835,4.269122,11.52658310547512,14.610410217471902,38.41273263211227,20.325537505596465,20.392922812637817,10.571836934678874,10.17482895236044,39.54740178805769,10.17393381635489,35.30493007908953,3.793922302493988,11.022047856842592,24.221900082714765,5.712206361939192,3.2855079059945496,3.7545749429829463,1.931671750361342,4.551654301675555,5.8853529179506845,6.289163614706232
6.737379774530035,14.341548216380408,10.943515975353147,7.214236441637133,10.03584527695101,14.993436771670424,91.35729711863924,19.948431433030606,24.04123604803749,29.87274600930477,6.621525775363974,14.869524071078102,9.281102848028182,8.69621165856752,5.20615709850048,11.733993995220334,22.97984153755108,37.55735281026693,37.51447682939915,14.807831078917468,14.366889495439803,18.95158331069348,45.86681139275429,5.9691586014596085
41.39702411717562,68.30698131202385,17.669409052603914,2.955546,2.68686,4.099019726421185,17.155248646305846,38.653934974819386,35.54900868224527,20.82006496049332,41.00812562479674,86.21793620722705,21.301203368964348,16.90724799985138,7.62981211721336,23.710641713866984,75.48272502129383,24.62466321089017,19.86062174204576,21.888650253621783,14.70712395922697,24.71792323453829,18.743261001873297,1.62486
26.637046194850576,16.83053766400935,11.13295272588848,16.839250513066403,15.116206974805928,16.853261610181725,15.816277106130958,22.51517840222663,80.68815493619876,31.069761888608262,12.928804261271528,21.411794935212995,14.803787038030501,14.86459124427424,12.825255253059265,13.63210606991656,30.96422002516957,63.94297732723808,41.43162528236863,23.21572048746696,25.349629590314624,28.02268019980109,27.866534744708325,39.36787271393182
7.160365822135615,8.819307245986781,6.595281225083699,6.197531301486082,5.634119364987347,6.895066735314776,10.583168695184142,6.021910451763867,3.6736632430614713,22.14672189440789,20.17787118534515,17.61154455708095,7.07151448883215,15.412596428152597,7.717394509960719,12.335101718539088,82.56871641479563,20.96866886640765,15.7062078556768,15.845994574069763,16.289281393902034,16.916038615497524,17.082174135919658,21.10587212783091
15.609559315640569,9.492662559630258,12.126587764748333,13.561804275274795,13.936200206186506,13.22761405804879,8.103245517033695,33.24261005377543,45.7939292612789,9.72069036282338,39.18455539376112,58.622429924565424,18.510220877204777,18.80166888545528,10.346951577639297,10.404330723904698,6.92852503889955,18.39906350690905,36.178518075619216,5.724651728522485,3.49431471125811,23.78024640009032,6.742256542439638,2.52756
43.13247249534149,58.268864249109455,63.17670059532115,65.82112502819528,3.209305,18.03384544716521,47.8637544668064,19.39257823281755,8.501618047567018,7.122265262028475,3.0139560000000003,3.50106,3.287952,44.74337556123841,4.7017360063672715,10.84066442095334,20.500582755969333,15.030819643578273,12.999702958655948,10.17632776885432,14.63174681450134,17.960977585032566,20.785298966147167,7.616500353850244
22.16813871825329,10.987168079047226,6.154111978702417,14.014258256455047,12.740234778595497,13.746290152634314,17.999063032603885,30.135305113883128,43.97546533769295,101.99998751071055,48.70890108347564,32.166845678740685,7.56174784349893,59.47039099791888,19.995762466661287,22.605940687264148,25.10661986629725,39.997271814128574,21.63124246278853,24.61589345398054,18.431562488865875,28.11204835611328,35.64000303013911,30.85877611506177
3.762578891349431,8.259813804296627,6.940869664922307,3.7765310000000007,11.751118853838104,5.934166107791772,19.10702863662328,19.852561653068843,12.821709526192617,9.95106110213654,7.379311025910463,10.96113188244227,18.362357334461375,25.53652358648132,10.425324717114083,57.3544160721922,33.01869495653887,28.034034713937395,24.123898349839067,20.05227309918745,23.143661260067745,28.74178175965806,31.51686299442285,29.978988025111214
3.657115,6.688139916080381,5.110240518257948,6.497259646585178,5.906599678713798,6.167335227040488,7.138330497891812,4.566728263360007,3.258028225647799,4.747828730568772,5.969579429228769,6.934359943043518,3.746736,5.89420595158699,4.332425572714392,16.381801012392334,19.643068987724007,10.066032954810854,7.629947805513273,18.987237790034836,16.54494718543151,18.989631512719978,1.769292,2.665068433258513
9.761953652221704,8.953278272422757,11.9709942538101,13.349257420438464,13.067432889696208,13.62113967897959,45.70447669511055,91.55540968513792,37.39847984768016,10.276721724907793,13.859193487084344,7.921203614697152,15.119120167728374,10.549944597835644,8.79162049819637,8.507878611227067,33.29676009049904,20.373794011095026,47.95888877188054,20.798612571510333,28.395331273250047,58.846630265712434,38.16981956537261,13.48537722563797
33.6962476526686,26.633286641920044,9.691840836382127,12.414699701102192,7.444734814101385,15.94643390088972,30.433812532855427,30.62203721688844,63.06552327294956,8.17945438246414,5.95771109009712,16.91629253393439,18.622852349024555,10.272595458234166,7.548152800184136,10.97751743717175,10.1206210064532,15.30825168325858,44.21326694225083,4.302573039402571,7.1802422644252095,30.628074203119315,30.340742079668946,27.516449507863346
7.477661107886499,4.633211000000001,7.86779994829797,4.8438115,4.403465,8.22542721867515,9.441359937957564,5.372211832465936,2.98314738,12.258387133520856,20.098787859912388,27.2782957024698,30.075616221586884,43.540078580796234,5.778192674275932,30.308248063646047,58.77873921953888,25.94776746496609,16.383336177002008,12.385295653000396,10.061235720675786,18.60896990764964,33.076166198885524,17.800371171586537
6.918706021478381,2.1202830000000006,2.1202830000000006,7.610576623626221,6.918706021478381,12.469653719077026,17.402953602008605,18.50885844841759,19.52344701935533,22.01332169518993,6.497567394084047,4.143554289512085,14.521786624247694,23.929841921077784,8.442564690701223,18.4088294234759,34.293722770599786,13.782755336021747,18.027207981792436,17.198542385416975,14.578794826685316,18.56015907283805,34.33630582741281,35.428989945649576
5.465825690377962,10.688311593936753,3.5989680454796797,11.174143939115687,6.295619362632117,9.062524797420265,11.748742118699765,14.866484353212805,12.248163344673223,9.197185575284037,12.827316270613858,13.934033035991506,7.785914464787178,10.85361911446275,7.968447459704571,10.41054523202917,46.86164253402544,14.40745396165025,18.383832410848427,21.546186279455565,16.279516515260283,17.317661351892667,3.382937548558372,9.578459770228696
10.982667312744512,8.06954720795773,12.222628844760443,14.14921317184416,7.669404371199493,12.730410456704371,15.926099713583758,10.13660760718547,6.758697093725448,8.239432130405145,12.700658696852717,4.878853372751776,14.455055411316172,76.20905698802294,48.48990564309852,37.39541131444796,29.893234416075245,52.102859592942096,36.73915634579585,23.642858910119763,17.20804212111114,32.03669228528107,27.10407240201539,27.64590435490559
24.412576557116125,21.16242819077209,3.927669629342223,7.579005659918287,8.104272835197985,8.914700118717784,8.409264936357534,18.18095461276104,18.85659980783015,67.21538731149978,26.68113742910576,7.4051543974357905,9.983365024797608,4.587382162277583,4.3857971247528695,6.976721832040005,5.072538042758011,5.619569576796975,11.698182258639278,16.28018300349595,15.782192501537455,20.59748406969437,24.789351746590043,2.2574509890659664
3.88102,8.531829860556321,8.531829860556321,4.269122,6.187062136576905,6.171606762675948,10.699786632667584,64.20408580284327,29.845442589235383,47.70178720832237,25.09881774572027,12.335207719066892,8.30747670870097,4.1333464952973715,5.671882476486866,6.980588067727899,24.25707007856236,26.2473171216857,24.15090098381089,19.27549688968559,27.38777863541999,22.23743934183492,3.9229751124421246,3.392942273407904
16.547910659595903,6.707283173127773,3.926450000000001,7.970646830973879,3.73175,8.80554683097388,24.830140285619024,16.926656025059533,10.598251410005057,5.243290543294643,6.804979112610111,7.904773716668308,4.637902000654114,6.825758569761666,6.877671022896328,9.883465583658046,56.68048712270192,34.35192601282846,21.5146577543669,18.122783837191864,15.541028162271958,27.17519887357208,49.21248421226176,43.28252733206212
3.0985960507607198,11.139895782328868,11.907516179833824,2.8734475000000006,11.317060832073468,8.758537214204695,23.2642472063698,17.568517507798603,14.36409300187377,5.507022416153521,6.745686480570391,15.571606507749538,23.026510640574045,10.494001862468123,6.152691431466107,19.07068634923923,29.460523708020247,44.73651594020433,74.06311298706152,4.221705813047475,10.818543967882128,37.5296219949684,43.05641581257561,31.526117399931987
8.156360363109412,10.075123380100028,14.676412446217276,15.359553594343614,8.69288421767522,13.626476740693946,15.099430485196564,9.836932737131953,9.11450635542818,14.15405034489897,24.4252068038753,91.36735088372971,11.332524703283942,10.214526151824481,12.41024176562032,8.869070629181662,10.052295830152456,5.115449519611544,10.19434464445856,15.810133348364328,14.169833109168668,26.1051124558487,25.89716952576144,20.42145128052144
8.579240003145504,11.49828653325158,11.765818011662889,12.828063787354465,10.896672853745043,14.176368920969376,40.97430960744973,36.71248850776716,9.47034643853719,5.46559739980064,12.644756398653596,11.887279476812775,14.32188497321314,12.12001502219419,8.420156296075715,9.96896890521415,4.106747141210176,18.04089368640301,18.631355642111,16.842654638543657,16.683269047552912,19.39864121418692,21.87542728466059,21.24070209561137
4.104925000000001,4.319095000000002,4.319095000000002,4.515417500000001,4.104925000000001,4.515417500000001,15.758311279602315,4.884907500000001,2.7809001,12.643184709867016,65.37356531377074,45.68780415975064,22.608777272065364,3.806385,3.1719874999999997,14.857025571859483,28.671917242559203,19.05681474070261,16.71879174902545,15.645306677263354,12.14209662890903,25.197043678985413,30.19777125694125,17.920291847729004
8.763647396670295,8.313260523412659,10.019646043449123,10.475084499969531,7.394928266055869,10.475084499969531,16.366031584585144,11.393605028088322,28.752858461113814,27.06050068332663,9.104651456103412,13.765254578543646,8.094654874787981,11.315435523618808,8.820221571936639,20.477944808833897,19.5676760912131,25.1914896099313,20.39052577154801,25.13374816605901,23.418717697640865,20.54345501789736,22.97277615776652,18.853909187349743
11.561565374711568,9.095318768727616,10.765724813358077,16.276530519263446,12.725763558422322,16.276530519263446,15.399006305937558,10.082390154374268,24.446984269664704,20.20394457678005,17.961369751672287,24.16328579777893,11.109753407568514,11.977905510538882,7.03140484088112,8.014969391951734,10.30484194091738,13.867452739731318,14.214794334388424,7.28128723128997,4.427042742777058,14.6692040784614,12.701644304553268,7.440135758441403
8.035243547224088,9.872231577968067,12.424195856698365,10.216118990088516,3.358575,12.52679652501711,4.594200127084725,27.691762782517635,28.988373525580204,40.61299427414151,11.089364896887792,10.131688254633238,9.514976795655562,25.11768086065162,14.58159588454793,7.299233299625044,5.87271687276158,12.610828549042363,8.808860251048872,9.814294820058633,13.93070856864987,16.93261051304155,4.200542609829777,4.85925795543591
4.040913273470269,17.54538838916201,16.489606383310875,20.37359876674455,11.454369079492752,17.930815247364436,24.485615464317878,31.612139314546717,39.68171160318954,9.828763040608091,56.95417099848744,20.64262608939123,30.959800452142375,23.79497189030415,10.05524711607605,65.76149037347459,29.17777208918484,30.109465334243996,38.28942812728853,21.36383188896845,23.250341136838607,36.15563264664488,30.060754371717245,40.46835345558519
26.633676773573693,11.214417525256964,12.979604830069317,10.652096390033613,13.144572549312754,13.511273070908784,11.162559597500277,8.890711630485557,39.99122073866534,29.17591793346079,16.785211073807737,20.11693823698205,80.16872862491937,13.663847374652429,10.157169697196222,26.380794934251977,38.2144133750074,13.368651000567963,36.84126060006598,19.47487215657432,23.29497562571996,29.245620376342963,25.40486093896637,19.98976185298066
33.00469930050975,12.564914075825657,12.816110198048372,4.761713,9.58111255556593,10.85693901673069,10.009343989152136,27.24514756916697,18.47597690916884,52.902651615739614,102.71527254598703,92.36242198573277,30.23847751279774,32.448030831756945,32.59920888726898,35.84900257956723,21.87194456903317,22.402531410290425,19.64755083525427,28.604584132965943,19.96052395969356,26.732523732369003,35.085261790459406,30.2020203150211
3.88102,8.484419661812689,7.609240924711432,12.826712913242304,10.92252728460755,9.037692712430312,9.559998418389904,10.654009284917622,8.17298506551311,17.430544876079978,29.463009461979105,30.67257106002257,27.444114549379595,88.29408528633284,70.05847385374074,51.63380811294442,69.3400274441244,16.83182811923442,22.97346340631261,22.61606166824753,18.421295490906733,21.739352128426702,6.768996632441801,5.414993599455477
3.58248,11.474864179885357,11.474864179885357,8.166074339089187,5.164160447787396,11.00224977672546,22.97190993999215,25.52395673645859,40.759064242514654,30.187651634757472,33.288736633497244,35.39134213454478,22.12399813430638,34.077335033360264,29.75826970682854,8.696086056546969,11.976714035176634,15.274802214050764,31.28500212245368,47.211980342858745,22.93100667293125,37.53281803087828,15.633079151127223,27.86122727686142
8.25649289569741,5.708999480446866,4.952198300279291,7.550901924453924,6.864456294958112,7.550901924453924,4.429035600000001,4.931664165995124,4.6503571190934405,24.31824552249416,11.3959854362865,7.4884977763179394,3.5938079999999997,6.365223109870248,14.779071705805876,7.724659511441266,32.83976610880956,52.22122579220537,28.60839763283988,46.93286924835087,49.50488994043139,38.077157023110935,32.243459663873324,30.73292293868816
9.919588556651217,15.160231302479378,13.955541201328776,27.09014523583669,19.133178743452568,16.269148972690015,40.52828816494168,30.91137032790289,32.3092297959466,42.30927508409254,13.657999476578697,13.710630777600327,21.143221140629098,21.918748193234737,11.956319808947585,35.12315944232226,60.390150928296286,32.676204135474485,55.34744205940489,18.435526990843996,14.94533581771454,20.556208571211616,23.108183808707487,13.905109017805248
7.495166614741555,6.102656892972733,9.669780678918196,24.41945406957919,9.432447537451017,8.511059403088261,7.0174348042005255,6.776598396036547,7.50152989047845,6.552108953699762,7.03893908167033,10.28994276812838,9.663598425720565,3.806385,7.288709460757602,8.120107010501313,36.93032042915064,13.196392738601505,11.558219624023396,5.663741105462584,7.188901724902119,25.7690642544773,29.80570380390548,18.211491726322684
19.892880569882525,8.694189271795794,5.750932214452636,6.26875834662053,8.26307244840096,9.089379693241057,21.992864882696885,29.08108414490356,31.89906257430724,6.997319986986812,6.665503089037218,21.74947161870692,15.400415104210598,6.797498502175271,4.944062732891379,13.822871064261562,30.97601395592111,17.934017753874343,13.771365051059744,8.920452589085448,18.941115359770137,20.717936566338675,28.05854073110111,11.102332732842918
6.357973622636575,3.7693920000000007,6.689693985556746,3.940728000000001,4.353450450732382,6.894479989933488,40.79163734857499,68.47459591422124,40.08087568988896,53.92163272284966,70.36993548971964,16.95347223789281,10.677956804022164,28.159026185237806,17.507835058402765,22.104912555964344,41.98748004139899,64.34853719689274,21.819789407109024,31.720067769736463,26.130908683839884,35.72505667489648,41.68492787163892,49.647814040339696
5.751578774449466,8.901995964008712,11.34132310929902,4.3432433670876485,9.90643554854447,11.85683779608534,13.609587731158827,13.103551350614934,48.12629820337651,21.140695344773707,22.51518857414388,66.90739867617978,7.029092807469752,10.58265600454252,10.009972381761381,18.51238411924354,14.182739635166143,9.723985783252049,10.861857675364648,18.543224750428102,14.01108766519513,13.106252363759658,4.529362427161851,11.573371381935225
4.03029,6.837638617415614,6.837638617415614,15.12502056064375,4.03029,7.1484403727526855,16.26762687237611,13.776847929430875,47.760393836923775,82.06442215837676,19.90000902163172,21.88349592182604,20.238070136581495,20.222339425654965,17.954321139833937,17.864750915157174,22.364789098099045,51.68639361368165,15.738302340507582,2.6694593237671045,2.291960025456605,4.585258868202906,16.695720853592103,32.217487985298334
3.507845,3.690863000000001,5.766017626862916,5.811161353457378,7.452353794863392,8.19758917434973,35.989793248455314,35.64881724616001,43.68316973645327,6.310788690832044,14.99661181966782,8.234731758918604,4.806159794025997,6.910364427964233,5.758637023303528,16.015359650058784,23.818927851576877,33.199625579374256,11.493218587740316,15.093066738817424,30.751380877538228,17.23970670912461,20.82566747114393,13.13725139573859
7.701003581959631,11.72642286952812,6.928004626885438,10.933523738120156,9.250778279979285,11.880608275798831,4.617505200000001,11.924191361901682,24.85969170472199,67.41410377358058,62.31826623164394,33.44194955908244,30.811746144959358,9.572264267940538,12.318968312788133,10.146328475752501,21.40668563929282,21.47075069712838,22.50040507961308,23.078522811386524,24.48274641331788,37.74518966989042,40.079360418191335,6.739829823583026
3.209305,10.760428486954474,9.95931281089378,10.891094125619928,15.542498995701369,13.51654817315915,12.90299621581502,15.947304278551703,9.169768543784436,9.032141724813684,9.840008879271853,16.955453449856037,10.004771111722196,13.10948971755828,10.459344152196417,13.391253158309564,62.59283832934269,6.1284270372122265,8.074760181892684,17.841451394970306,16.971892221563788,17.412963948431315,14.040230690074528,6.184618927513275
5.461753977258438,9.047845916601778,7.745068389435384,6.713219114858499,6.358164955206333,23.58339720250888,10.857415099922134,3.676232687542564,6.6625796075101285,5.32353074087397,4.35409292489224,7.429870393758152,5.5955993316418455,7.9737965891614415,4.731284235813623,5.057160733681303,15.683895148312166,36.97466094552522,29.989734538944905,46.815205366679045,22.23538927006596,31.176273949197007,23.843177056728617,29.745488976675507
19.02612763788165,5.419808107699928,4.240566000000001,11.21396111927458,11.93060278459106,11.21396111927458,17.05216913990803,35.01193885661778,9.663882437696229,22.88851677688871,18.866185646285267,19.44681037551872,13.293856638997893,102.83326276378189,12.080729202961075,30.728752320280236,37.65918502887734,62.17247108670319,22.061504382679868,15.951115740813998,13.799999134562894,24.78320208611352,27.32659049259721,6.165059472687783
20.980414580084968,11.327908936089052,11.23265022267956,10.1524930486091,8.822945029986453,13.98038824247383,11.553274719758305,12.171404731088009,14.469232914376583,27.3957488293996,23.309816281375014,43.077333161644496,24.355996125514793,31.74587486653579,18.839561587659453,25.45972611937836,30.888174635149927,28.454443922681484,37.68876378278975,55.47589384565168,32.03049639191214,11.14155210299863,4.426874610876585,7.685948261223485
11.48096181731243,9.476858623461142,10.854207015492312,8.015737424430219,9.144377864445056,12.326676546319664,14.49596222498926,8.248322307359594,4.305257554982986,15.579407187400484,81.63510917925667,16.233699335431304,107.95650082225369,20.234617743313354,20.691172141217802,24.094127487751148,21.214874544395244,17.51212257660902,4.908510307041315,8.121969032345259,3.176620226250896,5.740097442121033,3.455726379817466,5.956713257866266
30.18424714213521,25.726453106174397,4.135586900183082,4.022826500000002,6.117728278425519,14.024129773642454,11.707295200602797,21.72084454978961,20.83345092810276,36.34952559204004,30.67418345087636,39.907228036456814,39.84001010411925,70.04944430283567,51.63811801146477,57.968887331151606,22.27360471607624,28.462599582307472,33.82487075425077,33.654278677665445,14.156925202000703,14.383052403960177,11.392556311867164,11.682215626281176
15.878745783191862,12.339451365293822,4.722755563692707,12.595468927883951,12.143304912571235,9.938751375793403,9.895704505887938,18.221173010888545,20.760273974982475,24.017471526039035,11.19233882453301,22.598223260883373,9.693071220536751,10.617668021852591,5.684015249704531,8.61322260687305,15.925597235199929,14.438334527917336,17.795272997317813,13.9347173728028,10.7920054669783,24.950942843072955,31.551637459638563,8.570630145759804
18.78441652531789,16.881281610762585,10.332054432046991,9.970356793372751,13.377829149474564,16.883758069582075,5.274441613897441,11.722687309041484,10.06675284285408,8.3827718530013,14.331365215033404,12.51973904426756,16.716844647474478,11.210777750291168,11.17958721924952,28.139654772987047,39.80158914315134,32.83808174588344,23.98052812733959,16.30842245076071,12.81661958589796,22.37830984948982,19.18852051133787,7.264539084132578
3.657115,13.512402852927934,13.512402852927934,9.663702344615547,12.842366347824068,8.638088554685448,61.01487630735416,35.79092929085039,32.12312434219876,20.157023103036085,43.014034268434166,73.78101237095481,34.78885332387754,11.69223431886481,5.9610479894977555,33.15475077705429,33.8075510540958,27.33275366276301,16.25429348095902,27.34740333975012,22.919150454181136,38.29025360062357,35.4697385720736,4.560774702896789
16.587209306332152,11.511153964368525,8.928212453660995,6.641075943012424,9.16739722118232,12.784484886312974,53.59655071366507,23.17171345818204,48.59927393064445,66.83220763916472,27.003919297251183,62.76982385063442,75.36740771835082,24.641173556542356,23.678067387941397,24.536103369632304,37.80699319657159,31.8597008052036,25.51484867141089,31.26758710720004,37.79546216279196,36.62782993035477,46.416251234318814,68.47819162652068
6.147254445236444,3.7693920000000007,3.7693920000000007,6.76197988976009,3.5824800000000003,7.937797389760088,19.676688916942023,7.029258911003783,9.99668289193594,32.871234206296606,22.77036884828952,31.288985175990824,81.76721832422756,13.820193790663533,4.19963139494256,3.5747005025669734,3.847622441404811,2.742585276233349,1.6250986876399656,40.18586099699605,14.07147042910332,22.41120448288952,12.763406500656869,3.71750960522204
3.1346700000000003,3.298218000000001,3.298218000000001,3.4481370000000005,3.1346700000000003,3.4481370000000005,3.957861600000001,2.2520559600000003,2.12359644,2.65449555,2.9438640000000005,3.41964,3.483494379623899,4.106780757556693,11.096033592945636,17.058523728974173,9.1143513468266,11.207329094677018,6.017405609160398,9.1286642739125,5.2525781823951805,10.451321021483988,13.29751293524212,17.436526661319444
3.58248,4.038083508354557,6.993690100254669,7.873394622280314,6.391527587343081,4.502537517468617,11.369199740356535,12.324136292750309,14.28663915963771,12.295741971614971,6.721949558942876,4.186743231802619,13.175439704561985,14.71045440248648,5.530897048709311,5.45179846051816,29.499495790217185,32.64979173922281,21.06794197069467,1.681393441068803,11.307732000495031,18.14554101773896,23.06560753605393,23.6032005405006
5.630840308103206,6.615041510962358,8.686296201749741,9.08112784728382,7.599388154719312,8.359326970191244,9.882549565784734,4.045391532656407,16.018235940534097,21.267069688275136,22.37587087048352,81.7210216342085,21.95763301078845,30.290236906266443,27.658321202683027,47.733544991325246,49.167008486863146,29.51679389711516,24.83929272639701,33.00777467216608,15.924462610885952,20.005216216440232,7.789326751079159,4.066581557716046
6.866938932458414,10.088484424877045,13.795723761789542,12.835282037584877,9.18434551476203,14.304676659206532,9.479691063520525,10.93937140529624,11.316308059290682,8.540906076469778,10.11309002039061,13.979076668588846,9.012527024318002,15.154756698793177,8.543482957448031,22.521061114864064,13.682985648328334,23.707444488099355,43.18136588914827,24.74291535509388,23.6558897490328,25.527383762153224,18.269723212140345,22.11968911636061
43.69674159701174,33.407380146144384,10.467662107445223,10.943464930510912,6.989447241141326,7.688391965255459,24.92712891280166,39.01864223452283,30.98091149429938,51.8349745958897,37.92782249927828,10.266082792346426,9.365584056476031,4.734976474698892,12.525220722906115,8.564450815182456,6.068490905296619,10.628388086072148,7.882317954352344,13.353446984945638,14.655087879894385,19.38943981457439,22.3930095218828,31.33005122926409
8.784875693762157,8.174437501122622,7.870297267714445,10.771756368388017,4.589445598080664,9.181932421027104,28.735434009938903,34.1399562233773,36.23005601796723,49.79038649649333,41.6608549196723,66.28195902145478,41.06242280913962,31.707141445516925,23.340477293170093,24.007998726639364,49.58845815572419,65.97892146007997,23.36798524743864,19.70299512147049,11.684716444858111,21.93051234058068,17.363540190737876,5.921950141442207
41.44293878349785,6.862585525669254,5.974910718824122,6.014491654254329,5.678634154254329,8.798562639359524,4.240566,15.280230845267496,14.607700713844643,6.773438924432557,7.511816324512477,9.642472962028402,16.596094349924428,5.070067344908607,6.18080846566578,16.21041407734598,18.917987426458392,36.80974131336068,52.042641970821485,43.1841499133063,43.44689536401816,26.85407818432826,29.94958423620071,4.83715445139061
10.711892327131284,4.326576856986743,6.327211141920457,6.6148116483713855,6.013465134883077,6.6148116483713855,7.592653370304548,12.303889826137503,24.853616873585533,33.888754713417285,9.527099071441803,6.975001080760281,5.641357198389044,3.4603499999999996,4.646768513318741,5.176809116116737,7.386381483527755,4.810536294775527,11.90655521403253,19.059105457581182,15.867047146981804,22.64679755625812,29.043813608507435,39.94847608607181
3.507845,5.7828478510610655,3.690863000000001,5.802696230278969,5.606553402005706,3.858629500000001,6.242089137586256,11.380494305169266,38.65303347247112,60.73065275662109,55.053143193419054,59.95675873610956,37.39556950679699,25.66410302108981,22.031888260249588,7.240551061431437,26.15230030583508,34.90683468872705,57.97385057222422,38.36163514474317,34.004533029162964,31.601775663901847,37.19715313003767,9.266761673402875
9.741691075203766,10.685279324497309,9.545257596594002,15.908654308865104,11.388435121378336,10.714153580847134,13.595838996373647,18.57098081323977,39.37899029781382,33.445921813749464,48.44750074561223,14.65936768636244,11.817516929482059,10.794842703109138,6.738403719697115,9.929996864356454,67.25292135740885,20.486404492754712,2.2804582444720696,6.59515853850645,5.7428164962934165,5.962537810152606,3.920941626825859,6.947729402623784
3.731750000000001,8.776484304436964,3.926450000000001,9.175415409184094,7.503189147327013,7.5620775517164285,8.894562559751863,13.837060026132068,10.392677680933756,7.063553267483459,7.833556238671006,7.728153112559526,4.896494935207687,7.734647700303945,6.445539750253289,3.212550000000001,11.624109402073808,20.78219876761627,21.33307883140292,15.161166465525238,13.880453716277817,20.760034133964915,14.89079849911556,5.044335456719966
7.691560375762917,6.121320391816726,8.461041840489653,10.466200358804969,5.463244880800963,10.466200358804969,3.863626800000001,10.029710661489972,6.355347379677509,11.09216155562419,11.187984252325718,32.34741703082079,10.12845136614926,7.584730198579999,6.423776599760143,6.956140601582519,34.38946689535955,18.56406017525924,26.184722392555948,46.56983220083264,17.34577057663616,25.949645447618707,20.40428747533015,26.85828964577443
7.199735512688102,7.575373887263137,5.417736824932326,6.791853326829445,7.199735512688102,7.919709063956913,9.09044866471576,3.10998204,6.006993189141066,12.91439825970214,5.49594096319294,7.183136153732658,7.376171718927889,6.676118384492603,3.661923141011024,5.668431356097729,21.145363939207247,24.710144375859954,27.613035877139797,18.32666360244312,25.287802457024263,24.49946118077221,11.338700034977984,2.61783
3.731750000000001,9.215178449704704,6.090020729424652,7.62345921653908,8.072798708717045,64.47386869535858,87.21320320981258,34.01696798785868,80.85476324003496,26.32492748327921,23.60832484205044,16.030851590254887,15.66604040162491,5.790807727837572,16.808920274841185,27.9969229297263,37.25022676869556,24.1959454823813,25.814245055919237,25.321232050806863,16.784384988578406,22.575064666885364,31.3170543333089,67.74643071212452
16.427229507724682,5.298110761998675,6.106318113247848,5.707922788259805,5.035394525866508,4.1870235000000005,8.297430557396423,10.655745503752508,10.553326974397216,29.40550506070533,37.04706061055814,23.93975650036577,15.436561307460124,12.791104980668658,4.603253563387664,4.467070008203326,29.983517567810573,37.52146309644055,41.44922346598629,45.66542147180589,20.43807284650373,23.15959718015757,11.236735104969489,22.98085667354492
3.58248,9.239236724332496,3.7693920000000007,9.65920202998397,8.308491595028077,7.059895652718532,7.506822067817727,9.904168962448784,20.143325239483904,28.092022377665685,31.453105236067994,32.85270567722856,29.699756576441896,25.013017436007498,23.479826917918466,44.33706578744845,49.42790177287828,40.48244646207359,23.816052791524434,38.26891284280402,2.687770708688145,19.209988047965897,17.278337029484632,12.129918527092446
5.221033517654834,7.843913166005111,9.672062643474156,10.111701854541163,6.958530954918808,7.381348738840635,10.039489905766947,11.160326038297557,26.240228042679107,80.29751355112467,3.5046000000000013,10.028134070619334,9.417725909799026,3.690511998183019,13.304667188701083,40.35239015739352,25.91687399186979,16.637667673206778,16.92701857176663,24.97830866286155,14.945656632335758,18.295579495071955,19.680913930991768,17.902769253804465
10.1306198053965,8.697039363518027,5.048941614945418,10.559251785936146,9.599319805396496,16.871823653209997,8.752709813803506,17.003651001866004,6.5031028354377,8.128878544297125,9.01501338245932,4.071,9.169103036801092,24.838614904092765,78.48975421296255,36.422782260163615,19.577984689301115,8.32219001775363,12.563593417910822,7.232663788336834,11.95020279049254,17.260504731960907,54.38628042337324,17.637529128593833
4.529090304057352,7.480482172610149,5.3687443354946,4.3512205,6.536113868258077,7.189725255083886,11.133350229840053,20.33336696801105,9.025485826510034,12.0559671345678,26.09378568250958,21.47606549587569,25.358422403329143,34.02424060075496,22.22297559485486,28.255073923283952,46.96362933458589,69.89810651387707,27.204097503859543,32.18330261485736,24.83810564293099,23.928248707412987,28.259429782986285,25.24668295489406
3.58248,3.7693920000000007,3.7693920000000007,3.940728000000001,3.5824800000000003,3.940728000000001,15.959222400000002,18.989522474842197,8.778931768432336,3.0337092,3.3644160000000003,3.90816,3.670272,3.321936,2.76828,10.234000028590906,26.26525732797759,23.56159691147013,18.00316772317534,1.4715955584000002,3.395811288343608,14.914020807965462,18.44770176306747,13.591755
3.955655,7.970415026588207,7.970415026588207,8.332706618705853,3.955655,8.332706618705853,6.82246585276234,5.312258511313074,4.028414394390728,5.8017895466195055,6.09432541165346,7.079266892324724,6.462943352064541,9.154398663335868,11.680434284047037,32.05928456786466,9.648598328277789,16.270542811821674,24.065067698165244,11.416748046950431,20.73268769677997,29.1548209896594,30.29127653143256,4.581042445785107
8.834709349151813,11.314083602083889,10.412553929679769,16.22794225389989,8.016108923075537,14.964223436160632,37.489396776365325,26.35096062939546,33.32953074074334,94.788681670329,88.95702571960418,27.139364558844232,40.47086905839564,54.855865221461784,14.646587182655045,24.838849431105913,24.857099280995477,13.918446251616482,16.387159104736245,24.57778875800046,41.587112648449285,20.28196390434569,24.279490200685093,23.07008707306275
28.77818613223892,22.50508824106821,9.23167255908368,3.014822830695393,8.773903671856386,3.014822830695393,6.66742825279279,4.146563801989246,6.698715049144199,7.647572428473685,4.143018419062715,8.309668822595198,4.387983853076516,12.063530526908147,16.48042899287878,19.189538246782064,5.009003681634517,3.9144595753913833,1.65916332874836,3.973664917166914,2.369181743661598,3.664084094211709,4.330528467117042,3.8476767052137952
8.48307217290651,11.229827693942005,7.366796188144101,12.452972733238983,6.785531319715584,11.977840515948326,10.710800691356743,26.95515904520506,4.450579726640299,37.31271621646668,35.16736717727981,24.70442210399665,114.10196679572016,84.01204783403193,18.753946674021908,18.461635525369456,29.179526277650808,27.46208935075712,4.261380356697842,4.650343632727456,3.9927192806245824,14.76345768752912,53.44735870994112,23.80643741270973
3.58248,3.7693920000000007,3.7693920000000007,3.940728000000001,3.5824800000000003,3.940728000000001,4.5232704,2.57377824,8.987397759677672,17.289189794352357,15.26286232770355,24.421445036396253,57.36744170818111,20.661027005350252,27.330052645000087,63.50911129983983,51.20715981036244,15.12530952659141,18.77120960980011,15.924497569670862,13.546976096772202,13.47173197304068,4.22452498208327,9.291647890865706
4.23834072229102,10.60079360430734,12.31934322228236,14.957718956237304,12.911242598304272,15.259859795478349,23.114723723278363,13.822004515377293,25.396279343215248,41.5036075205408,38.71317058333866,28.12905638143436,28.78095442900272,29.65521569514333,41.53510391556577,28.719558750028362,8.545969310924463,17.819428995007947,15.182001287313463,29.49695055031922,22.35929868197572,30.851267192628136,31.06382723072742,33.61972538903889
16.88321735707228,12.36691333638358,9.588434986006902,15.776970211266244,11.940086829725434,9.0208037486667,33.41691706771081,35.16470953236745,9.358736248112695,10.069648516928842,8.904823235790879,30.710182136083983,25.68376097783578,18.342138502160342,67.19962339568386,24.041145864221036,37.468699787051946,27.8451944231596,19.380856526647285,18.191816347668723,21.91833125709424,34.19733501862847,44.92001978010977,38.26973456879384
14.60625193767966,4.588995180558308,8.7623692137049,59.03349350719877,8.822177470557897,4.797585870583686,22.569750670006027,89.60165932270817,32.70479683070101,14.038267153909464,56.82338925486402,25.94135611138673,18.064939693243293,8.180564563608229,2.8259525,7.594744083349843,6.284469582350266,3.935996834134464,27.04164420288656,12.11269489439612,17.992270527715306,16.973630244930177,32.08390455553656,17.759705392697082
2.612225,8.481084046626732,39.37543312378947,24.88245861390889,7.849401688124356,8.634341856936793,14.670134866054982,5.639283195415951,11.130233097353509,5.867012109727993,88.11248677409844,80.56473815648748,32.011511501707474,21.881752183757662,45.49076567949329,17.529886529669664,23.14072509896392,15.809154200687582,15.100354154821368,16.958535277023167,15.477820867276462,23.99603815136347,22.45866030205701,38.646044044984414
18.513964876018782,7.836825580581485,9.51865733501318,5.497091699434949,7.617492489265306,9.951323577513776,18.219016517366303,68.6952378377478,3.9404826699671927,7.66087430781329,8.495991670920853,9.869081233897957,5.891348945184589,6.84262203328177,6.990599207344387,8.12387955147901,36.02978142452551,19.43175021563488,12.791383411080933,12.86405837560607,15.231438705458928,19.60422025126356,11.86814715173442,5.470903727486912
9.602676183220142,9.237299222296691,11.778322999515526,11.938302970853254,12.51529203107321,12.907050095106554,14.599760865975837,11.731940410816811,29.61815751699273,42.44402382735777,24.353132516996887,13.523028868826296,7.246736829835779,19.09156729061622,5.782141716191046,5.848289120181219,14.846050212369404,23.395613305568208,23.46976473481805,24.35175346288436,26.969417728794653,22.25297891237213,27.41088075723005,6.064712999964651
3.731750000000001,3.926450000000001,3.926450000000001,4.104925000000001,3.73175,4.104925000000001,4.711740000000002,7.769148171945168,46.5387144468594,9.225929520730531,3.5046000000000013,4.071,24.64254804753379,26.18895957411292,10.45899938039056,3.212550000000001,4.572722187689688,26.087279750862404,22.01444349497489,36.30179876894528,23.545853863002304,42.02767593063205,35.73095813352276,25.59198801333351
4.104925000000001,10.292651876640988,10.292651876640988,7.354091222370716,6.943598722370716,10.760499689215576,12.351182251969188,7.027924777256847,11.991739732564836,7.011167624999998,9.186829774191954,7.574834969858962,7.906913892827472,7.874368664951093,7.559028707300197,8.421260626342626,2.5693098750000005,6.82959961939763,7.961680699098551,13.71596379279326,16.37734394376852,28.762415614003963,32.33304380919672,5.915761597017547
18.18273270147532,11.778079235394696,9.30458957956878,10.436515637976866,4.923461198970458,7.978050106531029,14.115442522474709,26.580384214012,5.757964658242617,5.266260294410069,10.96264037985274,11.438104122124995,11.6136608422724,6.8450593318405675,5.43171323998221,9.51451944260005,11.3264246851155,15.257075893832925,39.35366359068481,17.467462777223904,30.60859818841172,39.783829560672295,18.99775782344028,28.51504801986367
5.7167950203783855,8.529627613211034,10.543343244332942,11.022586119075346,4.160992745271006,11.499859133923929,10.825923836387574,3.8206492751554015,24.388832125445536,42.18400629100755,29.150167985942105,14.928556237627262,6.3373758185142295,5.6018021370452775,6.0667668496756875,16.66193420785742,29.451870588600016,23.12527579371426,20.10442591563021,20.09285538612429,24.51122361653293,31.8683376204758,35.9201898621999,15.204071318637045
7.5320456700142335,10.080981850569897,11.760891702851652,3.694432500000001,10.643307396524715,6.418254080229523,21.98692327570964,20.885486472071097,18.59623567161294,17.797616050813758,78.90409233688075,70.5925400052075,32.394532977668895,25.206336994864607,50.52693720575429,32.718374249762824,38.26666535201587,31.040159254653787,16.822430230190115,31.50592474699274,12.176722547470597,18.61485623438537,24.13102196646201,15.129575674352337
4.468855986250678,7.06503755891053,4.4039537132425455,7.892001484731782,7.174546804301619,5.615785137404206,43.12263679474721,74.2903264104342,56.44551229998994,43.27715817836064,82.74176598406807,24.45519125686692,56.05787101549224,24.340020347706503,16.154998652999787,25.897838954248556,26.42163450300852,22.040907309842225,17.486709148045918,18.14244925294089,39.038698536561455,4.03248199295606,2.3586617265347467,3.643542355878976
3.507845,3.690863000000001,3.690863000000001,3.858629500000001,3.5078450000000005,3.858629500000001,22.456632000000003,58.41517013268422,68.97327709207698,32.591852880735175,16.190068692144827,10.068702953479743,18.5065772075847,23.230461246518306,20.09175379707181,14.362267932684619,37.21113397478992,39.5498604270956,13.835800584689377,19.296784550305045,27.37378019665098,39.73236080008992,16.203734444195238,2.1213450000000003
9.315066834012953,23.20092404286708,32.6516491810274,62.54364994403263,7.072249712214141,4.284675920858889,11.53049184536567,5.080950184548978,4.791127714129073,5.988909642661339,2.663496,7.715181504233608,2.9056319999999998,6.557904278598567,25.401596164906667,30.730205055816974,2.968301177124315,6.067923617434436,12.385474938101613,11.796812780432024,23.46555124269694,26.70629271821324,18.856995859672345,28.641719555035195
3.2839400000000003,11.734246078541007,11.734246078541004,6.101928348758697,8.755981659215093,6.248375075156263,26.87056130826009,32.528618993528504,27.112485851471614,39.85620339474796,89.52944836573677,93.90959491596152,25.57002655726807,30.033392406818777,46.60544353469854,34.517177702263886,105.35427864924412,45.34388907758876,42.836885422537975,42.841759605105565,31.48333114411285,39.19492386489699,50.142812344347625,29.23522567698496
11.13365342586524,9.26243541400277,5.217884166182321,8.50890118156009,7.308254156331621,5.924882328785915,11.114922496803326,10.177360993452323,68.69594225021326,62.20298141121351,3.855060000000001,9.603426650130592,9.018870245340038,4.994528905257546,15.178237971143735,32.662618539864084,32.122274848286416,50.17087999212862,22.456562800379828,33.19623236293409,22.633349984215737,58.26188530734185,35.011598004209844,40.71339068962793
33.706189678370045,9.69576109947741,9.69576109947741,9.039831601619106,7.221077900134721,6.846539778677281,48.02049475977646,24.667295030054188,9.136574697755783,17.354145124502647,34.825968593202525,43.58187163036654,27.719963757173055,69.91105562338966,6.542887700465956,7.932895445026971,14.890330575805518,20.83063028166345,22.52862250959093,26.161104316256782,17.272664822422584,17.31466169891864,18.66580393444615,8.908637000203672
6.147260004701359,6.467986613642301,6.467986613642301,6.761986005171497,3.88102,6.761986005171497,7.761583936370761,16.024789635122215,31.349734991655183,31.046895321661992,5.773078960936929,4.23384,6.297904321022103,3.715509697211887,4.555579296158509,3.341052000000001,11.732376257417018,14.739105894731466,15.85524275830009,18.735536431887724,17.61072829608226,18.56281486160122,14.714700547649516,16.03510209407055
5.85608039587279,6.455613529426456,8.51360305885291,7.056412580613425,5.5766603298939925,8.900585016073496,11.366307670623494,5.411682412295825,3.0207563137885463,6.8519792912995525,7.598918432695157,4.55952,67.27321974535177,23.093157812504884,13.016060550577118,10.271466493551639,9.871037800338565,11.261518479676536,13.24826923999337,2.4055352437975133,2.853739276860336,3.5231349097041185,3.373866817225491,3.034492056459559
6.16060716857822,8.99436462467563,7.876942211801309,8.601676514711889,11.22010595847486,10.993091099908778,23.11238964653195,20.52810714512342,9.12603424075844,6.621869151614978,6.698019164252407,11.79415676315817,10.029217799014335,10.025033248684442,4.147175012398382,9.659047738165317,7.086108320372674,32.461568170895546,9.141453489021648,15.680869911010609,18.328346339829,17.43691901016746,51.06906708200322,42.05092421189811
10.715008808379544,8.317866842698601,12.333401459773686,13.170885848990784,8.449666001477802,20.88567973109877,54.211908382138944,27.600262488118823,20.413609367596752,12.439466152611402,15.95839523029176,30.21505350807949,21.798119883063997,8.62832767678152,8.051403966045825,10.307649794862353,15.016270510487692,18.038118712637832,51.96867245617267,22.817229571369516,18.28203917782937,26.05010125065889,21.67128054163159,21.101388636176164
23.11316122198585,13.84759523746426,19.394495636217016,17.31132848513195,11.70659901935488,20.54433452247793,14.704306030030752,21.02917385410583,33.96692463089092,59.824539063290224,57.34684532087627,56.04191264840609,47.13923644956749,39.370128078869314,46.40142522517252,42.15309458597223,54.58533003520259,30.76735247674896,42.40032814438424,25.5138703364758,30.0777795372243,30.13231405081837,69.39363854397386,44.70020664078056
6.954365297747992,8.222281748065281,14.083255990903618,10.297429455758383,8.40000861818858,11.293838494601935,16.488110737170558,21.456723967380643,14.355419697122192,30.361419174365945,12.563052341909604,7.9326456497541376,12.104510088727539,13.675148297470063,9.314255145502297,13.70951809896389,26.53130111419657,41.57006663876944,32.30521628288388,21.5548806310662,16.69356742215165,17.864123919493927,21.519135618974847,3.6399344372762648
4.870713938911158,13.76716780386191,9.11126847584814,8.890357615650759,9.90118148296586,12.141888391019757,10.933522171017772,8.583571016055107,14.87650225620675,14.43588767966043,19.521823765332897,9.44669458803188,12.706290329813985,17.604895685037114,14.146529069910994,7.999174207512117,16.94739305383028,7.768595601314148,5.225493518412941,1.502253799200001,11.848090766075238,15.76147224409518,12.643476807525143,6.292332374383988
2.999315,8.24498559636642,8.24498559636642,7.634682001850616,4.030169167133993,7.880950918620093,9.8939827156397,3.5116110315729423,10.134108478396112,44.52690538027696,4.836121044356024,5.861950001121583,3.174077598212164,7.215819163530735,3.114221629148994,7.221988154010947,4.904713351287018,3.496079676797387,1.162458297,3.218896889122914,1.0265865480000005,3.4119745052431427,3.791082783603492,3.7911207814802497
35.97117224107684,9.182795731388772,3.298218000000001,9.600195537360989,7.710581308780896,6.244527244254993,10.51326846597197,47.884939418301485,38.93663432603121,83.08564528813432,89.95341413486784,113.51487083756574,48.98279670285158,11.4032388339219,6.743939013848626,16.686165306496314,32.76932680121739,39.73573535141636,39.31729578566073,38.45245407389838,26.16794493985112,38.48873928718649,43.94091316782004,52.628258382838965
12.047507535797216,7.514194397615248,12.921876896300803,7.8557486884159395,8.647377953296191,13.509234937041748,9.11545647363832,5.858205819824477,8.319902376102075,10.399877970127593,8.81436382979473,19.211554170986044,12.395943338121993,9.486476952254975,4.1146476810853665,11.76354121913124,53.29616308163428,14.090747760109158,38.09692230719432,22.51740734829621,23.55964928365016,38.09047658348817,21.855149841898463,36.80075337775335
3.88102,16.67030671476626,6.6182347275278826,15.78433403453884,15.84367993552164,17.428047929073813,8.988054589886982,7.646238771692317,12.56557843922969,12.784022231035191,4.112560286191772,14.668885828067127,20.282625921875354,16.506945786776708,16.220241778437888,24.53661264828738,19.43740680204989,22.65066490611164,13.724638839274215,16.618870823410713,13.588432936527632,19.902591450461426,25.54427456287044,19.12730963611048
3.806385,11.724924587316751,9.139175959908613,8.241420149193823,7.099378410826623,9.554593048995365,14.069909504780096,8.044612186582322,23.15281063343981,65.21623757865571,8.17392743467061,6.572060668217294,11.416605758950041,10.333085304975615,4.840297712841063,9.593120116895525,3.920641147401261,5.178607438478229,12.311050916506384,17.57843453275159,16.71777735575626,4.554822631630819,14.215077359547408,5.2635138783863775
3.657115,9.60483905994177,14.77762951981701,4.569971604870499,8.382459087517942,10.041422653575486,10.26975202248828,5.30754458231624,3.9938898367543216,7.730235703971539,7.405094610838874,5.074826488999335,9.352270038831353,5.17154947379072,15.806860173273815,11.683252953037732,21.53828935488972,17.417587751219894,21.901255607264734,14.931505219269498,17.652777612784973,25.252936581982336,23.50296020246713,10.572634613084205
24.791598874085185,22.699262400840137,11.894116710645006,12.434758379310688,8.95098317871491,6.6961436804217085,12.883712907968125,35.51411467836238,49.97721761493247,66.03769066188526,25.7302849962314,29.532832592294504,18.32322878125538,15.882401930677192,23.0662586291255,21.56154154328074,26.72840312005986,15.698555546066308,17.498705243388876,21.129551005416648,24.27502560773647,23.938003197263928,22.04643723678459,28.762232372795168
7.56976,12.35790969814815,8.189667921891868,11.381618520996144,10.579958404731292,9.27431025084887,25.114031844685645,24.0937806681558,12.143713498081476,8.959301140006543,9.549998532258927,9.521905081820249,8.690541728077338,10.281966667244609,7.654860279750314,10.22408800113426,3.978100522853075,5.240062149099843,9.077825840120454,25.271563163899216,18.739181059320217,23.75099829158212,43.38510498312122,38.84754086582575
3.731750000000001,3.926450000000001,3.926450000000001,4.104925000000001,3.73175,4.104925000000001,16.305323437421652,28.57858771300072,15.752899045169253,3.1601137500000003,3.5046000000000013,4.071,3.8232000000000004,3.4603499999999996,2.883625,13.991413674048024,23.712836317628703,14.226338877680432,11.93339324396921,30.374918391004066,14.90323470291526,10.162077717233412,20.8549481827288,19.86985298669304
3.358575,6.900477033218842,6.058809024914133,6.334209435137503,4.638466847339395,7.214135080183334,8.280572439862611,7.787896156030667,4.442953274175719,5.553691592719648,6.159103467666404,4.711084238732232,6.391207768254289,5.191230406818926,5.067780841451102,5.6458448453608705,4.104902481575393,7.877406155585128,10.904846646623753,21.1172665557163,19.28823631213077,21.08122465461542,24.226361986328605,38.371422048749984
7.317319058428891,5.5768590906779005,9.3497179991523,6.076874716660165,12.069218841858005,12.634726156676868,4.994444400000001,26.35669611204902,28.53375351360039,39.46154003151752,19.58483703666668,15.695636251097527,17.518710893233113,11.030185432350473,4.4420555665040276,7.5646265344942005,22.20600410790054,49.828288283124834,21.221597262400568,28.674480222439197,21.12923543956825,27.97756112182971,38.7820189273648,22.96357977261756
3.060035,8.841253286383234,8.841253286383235,4.4346003065026,7.188569252396402,9.243128435764287,44.94261701860504,15.713476115521834,22.532647351995696,74.89188492634105,7.891366569664372,8.901806265261461,3.135024,3.513065332210321,5.7424641610516005,11.674527991029873,1.915303725,6.5463462122087765,21.63144941933827,55.49785009487847,21.22292237794893,29.999396331374,33.18780939601175,36.142529635253474
4.377497045678377,4.004979000000001,18.70483296180485,21.607526425180875,3.806385,4.1870235000000005,4.8059748,19.30060923753489,15.038060986443083,20.841500895546087,14.997244306683315,13.386646909633928,3.899664,3.529556999999999,3.546096034787453,11.840895174402842,33.302311976151735,27.454520627391137,21.615838679425774,46.59639058382704,22.72183675036384,28.23323391005897,10.06439229230302,5.421946463577504
22.189173255150607,12.430345353509605,56.969594323175926,12.529044738456747,12.739729267609874,11.0082297228248,25.6557709765197,43.303694688413565,75.46423373868905,31.686861180094528,8.308532140412236,11.508536196165394,11.083840456568096,11.030486406627068,9.342171404311106,66.63156055309422,72.54985423139998,35.44290871920385,8.433173954736962,27.81083898643559,33.167192641466535,38.50823681248019,22.123048210801404,7.030982790423764
6.558471297520634,9.142382525138467,8.914312642235979,9.294796586670737,14.688800555769124,23.4109818144493,77.14226948382962,51.37701582916995,41.00864903102634,13.597063472702668,12.717780182445413,12.148241210495422,5.337490008989443,17.90914258339703,26.46126401486246,47.33455204604067,20.208364418603924,14.56537368994166,44.521873253648536,15.658664602275378,13.145383593989518,11.434834508104084,19.66094113340784,12.844152936644305
24.431136830681464,15.081238482206798,10.381604891184963,9.728833737266728,12.964430427796591,11.504278863762996,15.490088369851415,9.76617217657,3.2310059170244414,10.054847558955023,11.804671502181144,6.746810645841625,13.276464757044012,17.64950562828969,7.24600486189301,7.7041669226754825,7.991050065715681,5.784054706500595,5.177542576151427,4.296070593684371,6.756660878655772,22.98687360430006,52.49547105246402,5.706164024520388
36.45418622929813,49.58379010256564,71.2294554121666,9.479056342975682,8.61732394815971,3.28394,10.880308150198172,4.167900228682415,3.756733017425048,7.29730659791888,3.524922434467885,8.996624771334679,23.043519334277292,23.500552716144686,6.658841232668865,17.567924990443327,24.26998916279098,16.61009066098314,1.60120938034329,9.358920739120649,17.40504149125765,27.79641674134562,19.119105117889227,5.211267051653896
19.285627504901168,6.85437125206841,4.355527203771378,8.590894237348337,5.219066296424934,6.215959811280911,9.315650178102617,13.204082469782852,6.818203884433952,5.516584406083379,3.887578000060403,8.519895111419837,4.63063552093461,16.879777886070585,13.543901500063845,20.178746304847632,16.532471732646773,31.738131202037792,18.38596060216381,18.11852320009429,20.184300610612866,28.169925682420445,30.11495327757594,37.64495070446783
12.12560406620442,3.1821360363056908,6.94478272611381,7.674525835030879,6.788627501473077,3.1197430000000006,43.749256889502384,21.73026210561865,28.290566801241173,18.268934442536512,18.451737487314507,31.83592147022804,23.938245209901947,21.247336832150143,12.872561039262777,11.345522725555373,29.2940628147253,79.49961922978345,24.42994153983149,20.239985320062218,10.894274256785724,25.65267777776851,15.708127934384825,2.967163370031844
2.910765,5.9300083601781965,5.9300083601781965,3.2018415000000005,5.635958358847044,6.199554194731749,3.6751572,11.156764467010897,12.33022824,9.995600475000002,20.465417528454235,10.1524566924779,5.929182573045657,3.6817942415236304,4.355058731836352,2.6361243345535548,3.3380727619221737,2.514471549882892,2.250805735189289,2.3151144704804127,1.240172769635994,2.12437255347775,2.726645466888847,1.7602650000000002
3.88102,6.575443620628331,6.907701703378776,4.616482722875466,6.72306227807198,4.269122,34.79826447505285,27.716086578377205,29.10428031038828,35.56787713735159,3.644784000000001,22.37135621331654,47.40419907304182,27.135598509346934,30.278632054895628,11.550786281038768,22.63806718455401,49.04886389498041,21.10894296105887,14.521361905213,12.912867311284035,14.53227878190086,13.155890366673647,2.34702
5.425198671004837,3.3767470000000013,5.708252514709439,5.967718538105322,5.425198671004837,3.5302355000000003,9.0593184,37.22078781149802,26.77827278847725,6.197846513082831,3.0139560000000003,13.698649862929695,15.640473388963212,7.65998403931096,8.942535276322218,6.059038462364588,15.863691410240213,17.679762103387738,31.52106628526973,14.366374048792585,12.69585809259039,25.09021632975028,12.145687222914033,4.511872282678575
5.920677446877948,7.776671761092342,11.492989816976824,13.560541394072278,10.880065435575302,7.308979899035465,12.823326259648097,8.856695098642305,8.232549901783932,9.94503846317386,18.625800480577965,37.6463448739956,45.6560001067113,25.28931633966988,74.62293219248613,8.949889439316843,22.559318598171085,29.939502135568304,20.33731383350084,15.265170698731726,2.7074030091758625,11.220935384986989,26.17102149920424,41.97089346726568
11.024530741720657,8.544744503404859,11.07704981910143,4.269122,13.231574350334196,9.226088169602637,6.012274354594431,8.715055696975595,6.57707029385957,6.083455674954028,55.20952650015706,32.59634463995438,23.53494487990023,26.215482355963683,54.99379509733514,30.00296448256148,22.784892300152904,21.39336327178852,33.358407959705694,16.302731348965718,5.373829610842611,4.514853106067587,5.336086297641783,5.276529425842767
2.38832,10.565943007193685,7.889741520483028,6.288403411771783,4.215917200567899,7.756538182862087,11.341030865277093,23.183544463064624,15.137603189681936,8.503758300436552,9.43075904774312,13.83501651947063,18.73641923919839,6.692631290063844,7.759736506034427,10.315632714732743,18.143413128937816,52.50075164465082,47.938927103785794,10.803171571286905,10.144047618257334,14.867983773491831,17.04483074259067,15.116700444926895
13.76376661312932,17.462141587592633,3.612334000000001,3.7765310000000007,3.4332100000000003,3.7765310000000007,4.334800800000001,12.054419047846167,9.880327971564036,2.90730465,3.224232,3.74532,3.517344,3.183522,2.6529350000000003,9.285569773081427,16.15251026152565,13.450186945929383,41.59892826326069,11.414190338172547,6.753996019651839,8.851436210060719,1.660968,2.07621
8.538588289798255,5.615669128270637,6.818672958439787,9.39244711877808,8.538588289798255,9.39244711877808,25.9137718624995,10.556552451711983,22.302160301318285,48.68419275018791,36.11732537930597,20.40347298754823,6.405095087421576,8.757481838115563,11.351999854725484,15.647474415851764,14.527775341151791,52.28013813249973,13.692444148594165,9.957681820754798,10.09831390499753,10.641904557712564,20.327082788152385,30.66296211673276
2.53759,5.287945848737281,8.92538196453701,9.331081144743235,4.196352438593868,7.35438923875221,24.91362964820205,21.3972968815951,17.92630764,27.87195668603185,12.784767102732292,6.539626235765309,8.690679959459024,5.301354615578846,5.307191248237956,5.891586545507961,5.526549881299989,2.704930129609077,7.96140145570118,17.68445518177443,18.73807216232203,24.832322260348874,26.147382440463403,2.4753769142479767
10.607912470618515,17.52890599181354,10.433919627874015,4.495228866860992,9.629548198060675,11.241810700726194,77.2596003997624,29.014669426212397,31.742820534951672,11.51439283441642,8.868827383528275,11.572268149765655,10.867869218910359,9.37212394752038,6.238120959295297,59.10231100266879,23.654034421320898,12.096296956260002,8.63629074710309,22.056728280061325,16.912387303310894,23.21554774434757,23.35849069963849,26.340679274158585
5.564049387396938,8.50509840083522,14.92759227407186,13.92478510941945,11.069982697664653,11.172413816550822,14.774480484847777,22.145266749320044,26.33163872314314,11.04265318682341,14.324071238332222,16.942830732539335,12.363307041329925,13.334304676112678,8.886585345568564,27.655335937175618,44.531761657154405,28.69783302130634,28.37925847848518,27.432473094896302,27.263019725211457,34.83046329335822,40.10653617288485,51.64535735132059
3.1346700000000003,16.165381256637207,15.225326936214056,11.90839021517315,14.700695983549874,15.756516397031476,15.01522945301467,7.442670686864039,15.352211999140703,22.761893249267786,12.518759296645166,14.607504290996316,16.377943950590264,47.994477985582044,29.78937722997263,54.5418637863968,41.835027241451606,22.3670069800277,19.807526300193828,34.58716828740124,16.224739228374496,19.684599314583608,8.486807800723009,20.807736653468343
7.633440555077297,13.823386777488828,8.962776763710695,8.73692297985686,9.28951705458744,14.674525370631216,12.585857127301894,20.2806659053899,12.24463123972711,9.753266820661976,8.166665693403672,10.238614266280512,13.66739840484229,11.80721867032869,4.973271589272421,17.722781044229894,33.58179511053791,25.93397535809479,38.66877222129007,41.59314333513098,20.4542530674622,20.483817854963227,12.331270634259454,13.56349974407988
16.09401745770714,9.292093199438735,12.673728069711215,11.3554761941821,12.957198472446876,14.07265340543698,12.390865044933436,10.757644838614704,13.883539506610106,22.94822621002248,35.17769561308294,45.27125321143776,20.735326871618938,22.04695393120407,20.09331728715545,20.990133654466025,34.03117381578108,19.72878960101764,5.7604156920766885,4.916223484809614,8.454851694929227,21.258916285237564,32.792274153512906,32.05616040390978
5.441951371849396,4.198767621388033,3.612334000000001,6.5354346278936974,5.941304207176088,6.5354346278936974,10.13751181498955,15.441090090753882,13.06519997998879,3.851260106155362,7.1363326716430295,20.153494920872014,9.351283169122093,5.5092093557451,2.6529350000000003,5.1146879696559395,3.631503039287501,4.812568524411313,2.3727502462867505,2.44054311046637,2.095415801915572,2.5869330887846567,2.8743700986496186,3.171642450169794
6.215224095388427,12.331793148542932,7.3181122405713745,10.574856118054372,9.817988248021628,4.751302338446659,13.149923415451878,23.94693668794584,31.1807159822617,6.236135079275016,9.988515227868458,16.563791183687428,22.647989717902224,7.131099195270902,7.877065524978055,8.607819307670143,11.094420351014586,78.33694580908833,40.12062677783116,18.030395120065243,10.245619346222831,26.377802111475667,22.64743025619029,28.426181806154485
7.371815165920804,3.697240853616859,8.472759389785436,5.612702902242946,5.783264578476296,12.40481831659387,10.311059267742523,4.807052713608252,17.966200878003782,51.753636326730806,31.53812787046303,20.268076075265903,64.41635253936657,18.46371757036521,24.448881676379152,46.00643909532252,20.534994209444463,21.516896136622087,25.41194212699741,16.05453272678772,13.116417053167796,19.125992962106388,18.95571962976071,8.760617818280044
6.612015844352499,20.11372119410161,17.161709610043758,17.5111242136353,10.076832066373878,15.308164329397195,26.43643343292195,17.472176901574894,31.5745480502908,61.59318347754296,66.63256331526075,31.59609499846922,20.504081004297444,10.440170687934666,13.920301298451312,45.73078850158329,16.190108352009073,32.89146130970507,19.59663163903925,16.410936624867325,14.55200911098517,12.567941162484257,17.872349148262433,13.211073663826738
10.490425226367488,11.090284743699655,13.253025667309648,11.539467749004238,14.944990923146928,15.14746297018812,11.82531934482132,29.11262743153969,25.50729576989548,20.226087355507243,13.616954001518696,8.11880303210963,29.08638000127239,13.041222418294728,9.960063044047972,16.715362530257195,29.83367664484487,20.36412996145923,19.1159814176472,24.808762652089108,23.54044573709519,66.63890962892474,35.29280783693682,43.14835006477774
2.9854,13.474480186260347,9.506622877503538,16.57946306368439,15.07223914880399,6.796616649554276,15.57439001788496,10.172932782246054,46.961297861080176,7.250467747199459,29.230721921668803,18.13321988461125,15.441598369051357,11.330616573234536,4.51144977365309,9.43044516753094,5.237492415921755,5.97210411099094,50.33763330233815,18.639174829118264,12.618900008274432,34.041907000606415,21.602863558696427,17.326774295944062
6.170333644467464,11.996711262856966,5.464746606956561,11.958056051215769,11.885167482923462,13.07368423121581,13.986534075725876,5.868563708876103,13.378166459767815,5.562315381623392,5.91938785950132,13.110420791877766,27.26814899636091,50.463410954739416,5.075650106688011,10.231578963560196,5.623893762836208,14.055909110903055,7.438874158309693,15.778355854978964,9.9654604368945,13.972476655562376,16.960938649860697,10.18341890092588
3.58248,10.3563654416401,3.7693920000000007,10.827109325351012,9.84282665941001,10.827109325351012,12.06834906951502,9.867691712497908,25.72888728667465,20.359390950489384,20.16009329392708,16.73578765338665,35.23306306901933,49.921122182313155,14.253348881533336,15.781453997073157,13.280085874138996,9.871027414345212,9.769705454018302,12.379787985894891,9.085169818719198,19.83828300778117,26.0362373885624,21.44860517841124
37.00191709923914,5.5706100267917344,6.263386190942401,5.244406781628982,4.635957803336551,6.548085563257963,5.3546017969808,28.967606299382915,23.2733392759774,36.49203086318996,5.590460401832886,6.49396915364426,9.304542454840611,5.519873780597621,4.4981384384333145,18.53715684183141,25.24320427342194,28.747199416034896,20.19287718577216,27.658175041411187,44.41849553926168,27.816280010080703,26.44737289466226,2.6442925609994834
7.960817609491992,9.229494305851508,6.251125422758526,8.545757018512575,8.586056864965387,6.535267487429367,12.033713167021808,13.048017623875085,18.994821978645223,8.4646067994496,8.721237350938901,10.203571229636603,4.461194629428697,7.656643100106948,7.1759339314333115,4.893025594258323,14.464498144527337,33.629104736526465,2.269919055227293,8.049769445121573,5.716942018987471,4.043482771798945,4.4927586353321605,2.16648
18.537460092370356,7.063515549424494,4.476153000000002,12.546629094028257,8.419719623335196,7.729913614905284,15.234959088735517,22.52551338855357,20.798443894456792,8.213768341377044,5.998480876921682,12.44293794449083,10.84576664939247,11.87586868020138,26.16289311286778,39.49640991657282,20.24925767387272,49.173461027491854,14.4740396151307,20.59375825698872,25.551891102939788,20.72352569487742,34.265970889001586,19.81215937785588
24.764053594726345,10.308843305167304,11.592526428379182,14.058836592643294,11.852018937591533,10.184526689533692,19.306612619227547,9.9490967163119,14.177480551076693,9.925839097778027,11.967183638921236,12.465556599260683,12.008576602226723,8.929454921647306,11.876523545019914,94.85670917611628,48.40416742889663,54.479244518939126,70.9008825105286,44.73066672150588,20.308889639435726,25.53761015479621,29.886437487796208,29.18083452897077
3.731750000000001,9.857039065752211,14.319052126111098,14.96991813184342,4.74375,14.96991813184342,14.92322942389223,19.57822579308195,12.845950806768435,12.913176760268982,13.666019136404662,93.76156292359288,105.76434069104025,12.350625899382672,7.894499804712958,11.990467993877715,21.4349831021866,20.43454543743375,21.441134922549058,23.551653638940287,24.26261941952255,24.75203466583815,31.330568164727925,34.41764426916964
9.310429819596532,8.626586033211765,6.579776684379609,11.158549717591375,7.087213053450623,7.4902420534506255,17.24046974488656,7.287900218714621,12.007198887127329,12.73663519322086,9.52666695256813,11.066330298437723,10.392727584619776,7.087161445351674,35.46252535552329,31.46677372252489,64.25211565393667,18.73331814332925,17.147934328541858,20.497003952959734,13.364560686253624,16.407304733259135,9.194234940989936,5.126239922690308
6.168009179065375,11.572779680090088,7.752947326464775,4.217585106061397,9.44302890256409,12.098815120094178,15.1012076161081,29.138356803900027,23.5993207930259,22.9335753388556,30.962774837956665,82.74978885299736,18.488906436649113,16.729523132806342,56.3365890302853,20.962728444334843,82.8771894603121,31.139569407119502,29.24996971842853,25.66003943525984,22.519443209867017,25.61346882040701,20.549392755837125,32.13908472268667
5.930156624228284,16.149122683321536,13.662238387192906,9.85669078741477,14.00718191415528,16.323055622023706,11.023517190345936,15.01271147247866,41.70186124397672,10.294630680039072,94.47822569886496,76.00690529985165,72.95539008345838,19.64142866806918,47.75855140135956,87.1134875311409,24.127363592520165,22.64831574023402,18.113365567174224,23.95684822259282,18.29668503741245,26.74984889322139,12.055475450250544,5.710254531781343
7.077681498034204,7.2067058487005,7.687197825423655,5.524953302799151,7.534347426324802,9.794779732316266,5.765095158101677,5.741021942246302,6.169405937621553,7.540361422026942,3.644784000000001,9.713831139487205,9.122554461431461,8.256756468564124,3.3836766506646927,7.665479790508384,4.85873222621697,2.1389904921099894,17.31711600359516,30.04595892055653,41.41731044165468,30.007864901271017,37.34026875832768,33.945942857828015
8.313426767854574,7.153243229579148,5.729412372048708,9.144769444640032,8.313426767854574,9.14476944464003,10.903558728911683,36.66408092853369,29.2268618222236,57.47510187766884,94.81221190237788,30.78315733073721,8.517155012758518,4.669354339639256,16.542699253455744,33.16766657721685,43.37701606360387,46.612331435014525,23.48675745609533,20.295228339246403,20.54424442152453,14.816852059469973,36.85132624586814,4.53192327320724
3.88102,4.083508000000001,14.517933925227704,5.347774599707567,3.88102,4.269122,4.900209600000001,11.864663258253657,22.080117510946188,72.57637193216753,33.467542490349494,23.174818436934025,21.117122662009645,122.17299894086688,23.38339053513149,26.20366904494016,57.82007297143394,28.613547090333903,43.70571614863919,26.49128481577806,14.621665022831076,13.2539004,17.299269008114333,33.01766383989215
8.452493174993464,5.604549391324687,11.335490762661715,11.708907128877708,8.452493174993464,6.0011348502898905,12.951389463525915,12.941226034485458,23.083666264121312,46.64048412706986,50.92633633296257,23.79735289084485,11.037412493170235,13.149978451071227,8.432467416052852,3.2535415326717163,6.258943569722611,3.2967352552162983,2.506823480013052,4.4744044077025205,1.924106583677423,2.2068678846673087,4.159629599274031,6.515139318885208
9.92081095134168,17.135857303420366,35.910509501895696,49.03093449996996,13.465231872140722,9.693931172879722,11.717066019790076,14.499699543688909,22.187000868220476,9.9726750020694,16.012233953426804,35.60675892200476,103.82857449025083,7.559532199486072,27.240834147913038,35.17558488564667,22.230686182180836,28.6340264895991,28.540505774402337,38.4097702074869,51.179575477330985,30.25606975470956,37.54139880637384,30.090292077836065
11.446534166128952,12.954292017544203,10.97422027085234,8.586295860715389,17.43970514038065,11.473048464981993,14.073093228820335,29.427122575880805,56.26767286417872,17.170509007551797,29.707929147845,81.87868014213353,21.31132307465908,11.678829699721199,9.660258165309392,70.70482504092215,32.19025770204841,24.33882302427053,33.73054865009175,19.47326237143326,9.39907632786202,9.463602920982847,4.834392306815514,4.896795044778968
5.817945291100389,8.63850480082166,14.125038429179526,11.85621402269716,9.673355067548933,10.495104148490944,27.69565428222798,13.103484136292522,6.385422705529915,8.07720903426886,15.19467343306212,17.65037823032468,15.810410885698502,6.526060386633409,6.780542699754468,12.418217393214123,8.662851942161279,19.40323613339924,21.221558477629905,26.76146874810099,20.00862247616349,22.09154153987648,20.495417680788385,23.016298376440567
4.427059848620129,7.634036189402164,5.815369947334363,7.462492500892845,6.4698141926406825,4.524068944494047,7.17684389048136,3.519227419878175,4.595908604682106,5.99849383173316,11.965430757974936,17.27859936003243,7.272305748678187,4.979333578888719,4.392289571090362,5.840211522437879,8.49121308327367,17.647660630795585,17.989201714871104,17.69624366694701,12.243365922634498,5.000231649964911,3.282102343188229,2.392155
8.526586630090211,13.200326117177497,5.661449460734165,15.707362235589915,6.397072318296298,12.028890761017262,18.02932013128582,16.34974379734735,18.027727517472712,33.772135171742285,10.89964260109594,10.664882185177992,11.30450905781302,12.916869659472846,10.629038355228895,15.049725821502397,6.191304767399841,5.638129415032536,11.330583723452484,19.45515380116092,14.552421676839078,16.462731116613597,5.737360121299424,8.63538060382773
3.715684552027964,11.46549514154796,10.83925955031052,6.051355543384566,10.896958192380293,11.986654011618324,14.985585577158153,14.87513605058763,18.342046827421346,67.84665919595774,29.47692540419476,51.3636819337056,57.95830229681903,8.228003768642056,8.041338190130173,11.278818093584883,17.480655193661995,17.34764928659933,18.087518768063013,19.03002322827076,33.05164922174776,15.411450460543836,16.43116913383568,20.6871683899171
10.48419034262066,4.404744693899255,12.963459554103622,10.66685294598084,8.910087740980874,9.222327993280478,11.58120019956614,10.683664936158005,3.7692793382571392,7.649540429155161,6.46110685448518,18.920269876771904,65.48621701040844,25.143659152195802,19.984412383781315,14.726752288384489,65.53751937319322,19.826971542917345,16.25695632486703,9.279480977658023,9.901387971334922,18.57736021406374,18.50558998940121,4.436386270036309
2.761495,7.193068109794905,2.9055730000000004,7.520025751149218,2.7614950000000005,7.520025751149218,9.481392131753886,46.85636816196105,11.25071137194534,5.7891768489218975,2.593404,6.791076261299339,3.2466431061077543,38.745706069699274,5.282662717749449,13.74255480471724,32.158865411854315,36.94671989613637,46.618157229699925,17.798691031865218,12.646201850750971,20.16397352364782,3.307406223286612,1.669995
7.710086701741623,10.372055030230694,9.665451608432898,12.022093989008164,6.639653936093609,12.908449513017253,15.324394079991423,20.536681703765176,34.24885414549374,58.2431815247361,37.46992407757876,93.04058851999903,25.190301890616244,26.975209281281092,23.810145340957625,24.023214539795976,23.554321851287817,74.09210219540388,29.10819718961972,26.910968585414583,13.83288634023493,18.580876805444493,31.828408657386603,36.310612254779045
7.849306894629938,8.258835950001938,4.004979000000001,8.634237584092933,3.806385,8.634237584092933,25.22331385624541,21.03902484764871,12.251103575098796,6.6469357930434425,3.574692,8.121834223818487,4.313863745094102,21.96508757002484,22.710834540247195,34.78421429709745,25.765695744322905,19.621226064449264,21.150771110538308,42.64541038658173,16.870143281968765,15.484300667440577,3.797451240722152,4.74681405090269
3.1346700000000003,5.816545311858376,5.816545311858376,6.080933735124665,5.528121577386059,6.080933735124663,3.957861600000001,5.436608549962572,15.623054185578145,59.67640671747969,5.191627220501689,5.160332056280768,3.8926283698489956,5.126076371757979,4.2717303097983175,3.614297386130317,2.8775136783501667,2.525684476304725,1.9422224450965813,9.880192479290454,13.568753534620033,23.08609013724536,25.693621560199325,31.038274522905667
6.337072062131085,5.962756681638229,9.017519332893446,7.462104729734897,5.220423286243134,9.427406575297692,6.027395654425486,5.194564445777049,5.806035851166811,3.096911475,8.048694941756134,9.349494124262174,8.780394481915781,6.704544458634797,3.688817463186145,7.377970363276456,5.364272253795422,1.6316145430200002,4.247896062123648,20.24658365012915,7.047952145218873,3.050979746464231,13.858658628945886,16.808194871839767
3.209305,3.3767470000000013,3.3767470000000013,3.5302355000000003,3.209305,3.5302355000000003,11.347014387368226,23.83392131528005,26.89971432423928,33.391245542229186,28.45671053869746,35.616261094436624,18.1166056261561,14.675356023060665,16.047230865436426,11.681712945979122,2.008733175,12.782819033503737,21.4152846867073,18.87711703824255,21.239799530388343,14.766087563046996,13.809321691515406,17.621571586955604
7.207362611612263,7.583398921783338,4.623847378017502,9.556084242539892,6.0225510596177445,10.646789219714334,6.856667707242007,7.198240444614511,7.443389723985669,12.708139329176392,10.24330234263599,25.66284517238009,7.353070985501536,6.394730172861182,17.903018618162424,6.178622147539486,64.52942090999895,39.59982721866383,16.58838133848126,27.693824819549256,47.89322114299865,26.393965424952675,3.486882148859056,5.969623781415776
5.852213170375938,7.407197061013703,8.518945176048733,10.191456339056607,5.852213170375938,11.94333320315671,10.14480654189409,6.553762146210507,5.889947622437443,7.653071754416689,9.983012083866363,9.795923588330131,7.540357354418601,10.067933774561853,6.405370089571655,5.49518128700328,84.10379202147402,23.01859608757785,19.710120983233992,2.1108955465769563,3.7286729001508414,11.26792881972998,15.919657558352316,13.482091394953974
4.17956,4.863151706902356,13.80103743446365,14.428357317848352,8.621916008035123,10.499667996072173,8.842083442337648,7.702768586086246,13.041728127392997,8.08300887466217,11.836714730186722,15.033113458187604,9.585192558849391,12.559969403841821,11.390960192583684,11.863087359395879,19.038156777640307,23.8322346373039,19.891339681473735,14.049898450733796,14.476989360979314,18.241027241791457,21.27412075231884,13.328808276369662
8.639572103133052,11.492749539130914,7.049074953672566,16.53137162036361,16.153648997718772,17.769013897490648,20.65128969103275,41.17772309269449,7.785055539790158,10.984116398698855,16.598413714609237,30.562542299749698,23.722539593689657,13.724059099103085,7.7867247522387375,26.915010439867125,90.13881405223796,21.056264897011392,16.7157802128598,49.33170172993954,17.985049376298385,27.20679131060328,36.90218036797719,9.768807496644156
7.496998780885709,13.315899512866393,12.3127775174427,12.295934763412776,9.1908650301625,15.862229822698753,14.81235058305222,5.488717608051107,28.24366224851644,36.16916805216391,19.71708616270958,16.15103019107026,13.949432448690025,20.441204792171103,10.25061571767467,18.565314104281285,20.97704039628108,26.71979778699379,22.41693072222884,24.955847475899432,16.677273417046262,17.574967922822605,24.0192415199716,5.558112053813685
4.57097100143818,12.603537033526354,11.307277715168754,11.0246863469759,8.208408372754759,13.945400982877814,26.303968179237533,28.441565850859867,34.61451316675742,54.05249318316071,91.45082561083932,30.3354438701295,14.4306306652144,25.613254158827736,11.511869869701362,17.769225000935606,7.020805066197797,9.348877519080943,6.941409251737974,51.913930371250856,19.72085327808763,11.254185081548837,4.28108211746446,4.9488141790401645
6.474266422383727,11.742210536007889,11.97697988364038,5.219979021540701,10.37459533488364,12.521388060169484,9.971227508861896,5.132246706279586,8.543310888321843,7.950756492388043,11.76838583232212,25.08222141841076,19.290180466341063,67.69164340939753,24.07582385750875,15.963906715715538,6.673902035799763,7.259490448518607,10.299154975107928,18.499157351478868,16.512165127941028,24.786024888804423,5.8242600480307205,5.489840849505303
3.58248,5.917833004765676,3.7693920000000007,6.186825414073206,5.624386740066552,3.940728000000001,19.44870938704122,16.33623946554783,10.668358617853698,4.762832953065447,8.741625337226438,6.135694625527146,3.670272,5.215340431698074,4.346117026415062,4.841863367535553,3.6787097913962,22.551597627085677,30.265697607202057,8.42431734109114,13.038022258601556,11.579566913652474,18.15800430794084,5.1635237741924
12.849976628337656,11.68949866132171,13.18646367125051,16.33812031580551,9.206127344207582,15.764535729571197,38.09211284903744,20.47327763796397,20.0954756110956,8.445576084276814,32.12826466634226,72.30841261772773,22.85311166087091,75.0593517283648,38.35947829407098,35.49101892139121,31.36518497996841,27.64279669460581,15.081601540080596,17.751322087723526,26.31444284497997,24.978913098412622,34.47696460394879,27.0137305953515
3.955655,9.636424789270928,9.636424789270928,8.253418407641465,7.030113957535698,7.993271880465367,11.56370974712511,8.432930393963343,14.560968503347826,31.386427212208044,8.601106423481488,9.991184229296676,11.814292541207722,8.053912449911067,7.077088829085145,7.884347554858031,4.696263284017478,2.640142437596554,10.054407287805684,20.92943357945053,30.33504635941837,34.364333827787355,35.01117261702446,5.538591257544897
4.104925000000001,9.886353217459249,9.886353217459249,10.335732909161935,4.104925000000001,10.335732909161935,18.100689860951093,28.19075304685248,72.49241495747285,27.834326036600192,16.071971613465617,10.250313628920928,9.62638149498661,7.820697205567734,46.71044997247694,36.50275231284118,27.921054606942903,19.970339799946604,42.823058533010304,20.336268534006287,24.39488548361636,24.67655198194377,17.438371053290634,11.798353825441678
3.657115,9.76684760288006,9.76684760288006,10.210795221192791,9.282541110175265,4.022826500000002,11.720217123456074,6.668900404545045,24.621227248746347,36.00385298967073,30.87367249312676,32.89756820957239,127.45587833290057,16.21590378960794,15.10616456446576,28.96487288869643,23.651011194863067,16.36140878292343,15.601557387351198,12.284215876832382,7.268442711093901,17.080982252971268,3.9753284925427743,24.60798728156029
3.731750000000001,6.573668780669803,6.573668780669803,6.8724719070638844,6.24770173369444,4.104925000000001,7.888402536803763,12.659594744350684,24.267561802005645,3.751934214630396,5.867406845556517,6.815674618575751,4.396001659528852,5.145275251959003,4.827769521491158,35.76582045794353,75.0328415100702,38.72775454827506,4.806130057656288,8.175909540728313,7.83250473539033,16.1131886124071,8.839687310474668,8.828024319713238
6.231556991286796,17.639974275794685,6.815345756292093,10.640613821237611,9.673285292034192,9.38199773660851,9.945296191489264,5.994976120977077,19.27975886849233,26.01835537585044,28.65349601427569,107.63746437618644,11.487896547783585,23.51415698222544,24.571481175973666,34.20231759235945,34.13803716810239,9.786446360637758,6.886012036045905,21.22318795984915,8.97977500522793,4.211893706602714,4.560946960027756,2.4710943311376026
3.507845,3.690863000000001,6.273959614325641,16.63091507549693,11.410628724557704,5.923725456372637,6.981742842392396,83.99747157248873,11.690510895031752,5.171744299475523,3.2943240000000005,6.662472527504699,3.5938079999999997,6.4376883196526435,7.038112633500084,6.762885712480281,27.156657784955232,25.602152984544137,53.97768072167276,46.67731972554458,23.11412176380783,21.333086107945128,21.42178013581957,28.42701325710729
3.2839400000000003,6.257740678745382,7.584402002317251,11.25615946530753,6.1836837529975295,10.611546577135616,9.258871795524806,18.375044011023743,12.5678062928489,55.74916366557211,10.35906697307707,112.8363903672788,12.631339274951449,18.986623624692964,19.009311962001462,18.277875756592955,25.31100987494927,39.94679477913663,55.2899216797506,19.533115821186254,20.464220513230973,23.41290312306268,6.262087251139352,6.188258707121996
4.808323666095238,11.441122817381189,13.271588089703172,7.850929737968917,8.598694344035106,13.874842093780588,11.788327273182585,19.893355458801285,17.690736673080288,8.681450144319493,16.82923893765359,37.44741891329386,37.574376635503,25.23424451885941,11.651047511092413,10.248651283039372,15.560050034342831,16.786329129951046,22.385892567280475,24.00069097203595,23.350790973565875,29.68655316616475,16.762950729894346,6.5758519573979015
3.2839400000000003,7.661626882751389,7.11376453448151,12.059653380831923,5.124744877583064,9.809780752674843,13.8423847501723,9.457778122722004,2.949448623020252,18.984573489552623,16.844686331809225,20.41336744908152,11.786796979551543,13.083048114440547,18.752380537909193,13.813386246504418,37.402486965458586,27.180019473825723,40.11108755880489,18.8873803579138,18.153702162092284,15.635750209580612,17.169537143772214,4.583439372716024
12.630957959312356,10.339854216484497,9.45482114296864,12.515263909432576,11.238240943341632,7.108800191622029,15.593944124438472,58.73618397938105,27.133504418862884,48.50134059170051,62.99104558463243,58.74809500934461,7.195423130710297,9.387771524705778,9.760285695832271,10.873607286712376,6.501880375741811,4.509448294353448,4.260540484031786,5.188489993317813,41.26239852560339,29.949601745725463,26.31508226422616,7.133142868413746
4.104925000000001,13.87491722004312,11.276982585364744,11.103253757237075,9.07468516973925,10.884231845341889,9.7596730154854,10.60155917087396,6.259200767558956,16.435428725212955,12.384223634418648,10.79427951604154,13.510062146638525,30.838610228799638,31.04043677664523,76.54457042029503,26.066943708104155,12.718425442215343,4.184011061937013,8.480794425908336,15.01420698603749,22.2043275076204,23.407708690465626,6.144133943522974
4.897411688731693,3.944653932619136,4.669618865238271,3.3660385,5.127083774823154,6.438820004955164,6.473500557428887,2.4310935,3.555636288180193,13.697034063368216,39.365631716304144,81.66790290570084,12.417827476670805,10.980383926326457,8.226816601650967,16.087846925377704,28.338577952498916,25.243310999457773,2.816970228014047,6.10556126793919,21.76449996704464,18.249579515552256,19.02971383846152,14.191866478566462
28.57865499664444,10.125594210299084,13.111314432366212,18.413514948143103,11.714411877786674,12.107377571868124,11.26061711167385,13.205402067093168,21.81705490057853,10.425869354602176,6.169464344366459,15.292130844818743,36.89510495259846,18.961069292378987,17.91957710973597,21.617538907763873,21.48573748118225,26.268910208790786,24.983241360912395,23.715472443172693,22.086973916429443,25.639548559440712,27.419682680791723,25.29964146616954
27.44108829269959,36.89393868533112,7.083079642856017,9.876542376033209,12.242512712305242,12.120430880722305,5.151423680952008,5.864378686204731,9.356401084736245,9.64184995239038,20.616681692411024,21.408565897583653,16.6963518838924,12.96157220148361,8.233173576774396,8.783119939966959,8.813494307378908,10.135015943169558,12.13474402603828,15.131218028186789,30.54996687770914,20.53295623807314,5.922859905083643,13.21312235277314
6.289187348553297,5.846440396793148,9.18691374771658,3.694432500000001,8.731364305681044,3.694432500000001,11.024296497259895,6.709149416829286,6.843053942197245,6.359838120872404,18.63571329163284,69.44665710398881,5.192297340321179,9.541906855877986,9.793658047271885,37.64428566961846,4.242175687704942,10.178262263482946,11.289453553913322,11.81455930062737,8.3468324500631,13.173271663565584,18.67706129062352,5.280232169048221
6.8822877431664775,14.249705016569797,8.27133246641663,12.00904899309205,11.984207687623224,14.75115861815199,16.629097939804165,8.72010108745491,8.817726414667924,8.99937288913364,7.972511268459363,13.199833155199189,12.277891828584737,9.478907583964345,9.881657050698584,22.19578627500163,34.530979309382566,3.8934908528130383,4.600845765909192,4.922820728671053,5.220311411415827,16.43123383241822,3.689775518708555,8.494521059587475
4.023001945157765,12.077528116893449,9.338322112445702,11.975656232722496,6.711783946147899,9.271043536408952,19.132146571821817,33.96320621317417,6.039096513024767,9.378795482538235,71.91451757185646,42.86138973048867,34.26369763310544,26.653000708760924,49.85348437758156,6.645367685328143,43.82682597272582,15.946762788967394,16.069777910635096,25.353307034577945,17.71342660882585,16.32464804093273,19.37070645978537,4.058904916049915
10.369962175032777,10.911003679817098,5.229350538382484,11.40695839253606,7.424552206896125,8.437003341331598,18.11799561578051,21.688973519225566,13.737971387992928,32.43108674607428,4.43748676265947,11.312686009126669,9.115640102089023,7.794931819626055,5.65833140600862,14.979716911694295,24.03124944749625,3.3125751736464086,5.626686381175769,3.41671310630427,33.92106790700055,23.15461997431342,19.54287439089485,4.903354176616472
7.475061055896236,12.053688464661924,5.8518540009676006,12.196802034780296,12.482853777543967,11.4057489938125,15.760959726081596,7.14833063595189,4.377008398080452,20.369316596970943,3.644784000000001,13.369338366164596,12.788757704108278,7.878883048197406,5.704809739926427,12.98223168681896,7.936203225913125,3.853465388795268,4.070711975282083,17.12162569554801,11.503563783953563,15.59231639475107,7.709578698582218,4.520491468585471
2.9854,11.582147114951947,7.919499521060975,19.416927058385056,11.007825770408877,4.646359119641353,18.919248427447062,11.409498860994324,26.596562412595915,5.650695653585731,10.33778420177529,8.21105134415037,11.277582765573042,5.99614298094223,5.816161368773178,9.476302184960684,35.77886883886077,1.3319302392,17.199953731049433,22.840594534410037,15.880808124783949,25.674256307934662,16.495760535884994,12.495956168589728
18.551350787972883,10.271914334805947,9.161007678723765,13.68174982658277,12.437954387802517,13.68174982658277,14.783004230419817,5.206811944000868,6.613692822420737,10.14338355591049,5.967470218627505,25.0061420425215,11.998092443976352,11.53337588687142,8.979368507298352,28.913456476213184,22.369069988762224,17.726434946662696,12.25702807696165,15.818480738474484,15.854750211050051,4.886169654564086,2.564932889786951,7.521766882742233
6.242026414772614,4.754513119384018,5.5100065522040325,6.866229056249876,6.242026414772614,6.866229056249876,4.617505200000001,18.94144583882128,22.124065725522676,33.84885540730784,23.964443739844345,39.95213313876698,69.56252666788652,14.478948722270642,2.8259525,11.768829373707982,5.357334673843707,5.327441128987513,5.457357145712741,2.0331631353075066,2.201476364346223,2.717872054748423,3.01985783860936,6.380092505518668
4.973815511594695,10.381523024900249,10.381523024900249,5.4711970627541655,11.397205821956872,12.53692640415256,21.165720567916427,11.887211930912535,24.29316411861085,65.52708912202245,15.77928476521397,13.396403606120462,12.364604046784335,9.89684767055321,5.6052800076247395,14.335008046982013,52.31560992898821,39.624592649618336,23.414389800743717,12.56703184873404,11.351197568052076,17.53197279779852,18.43552557082599,6.892381386400796
7.742547470447306,8.146506468905429,3.926450000000001,7.714642723402576,4.278676927788269,4.706544620567096,9.046732169470785,10.611919328768318,41.25546758738048,9.290673114130588,15.041661284035165,18.17739329524495,6.811626027567207,4.305600706581869,5.842002473036543,12.301799170410202,18.0765817427758,34.38071505277175,23.301443113158168,23.54470541906486,18.324163151296315,20.0884196847369,21.13282210685599,4.682252027582758
33.571314021385206,50.39443407940232,19.25414588044615,9.676098936152126,11.463230727486057,13.568606288123222,54.56112434477828,96.0207560783451,44.35147774658675,68.89976912023683,39.181828613841766,12.224564616287122,62.277526117731966,7.904691759009097,14.721077515830373,7.568460015597568,5.725072949176995,19.499214775203807,23.584770811739435,22.03069909841904,18.03206787720992,34.66074996929772,23.48816979815121,30.0253986338998
7.590876657029821,3.527946532368327,4.7515967301970585,4.683296030558936,3.6114455523432736,4.256872476770136,5.049302637394479,3.708615420902643,6.331105155289657,53.59809829990287,18.173300646343,16.006203387578022,74.34537286467456,6.6759862126215745,3.9888774167957703,3.4427063436780534,33.00164333325198,57.99825357404374,2.061553866325292,2.1204554053631584,21.42215261709136,25.2228087705391,10.361009138701007,31.22975108493612
11.539007823246282,13.98204000622984,16.00166616706995,20.091097720018173,15.24579356146115,6.304189952583451,106.42926387970664,49.51866478685833,15.363024991221234,14.940351047066784,12.05063580287242,14.662969928278065,12.446075103365681,15.446156155397253,12.667242996766754,10.45816032991144,11.828115880064464,20.10655058267601,19.0634832891542,10.823800541636205,19.4700090650433,33.138353007260584,32.12697192909418,29.816902214653027
13.365299192451728,6.366268933769071,3.926450000000001,6.655644794394936,4.504695392240889,5.663698207685795,6.500940551430651,22.235372943382146,26.023874406288744,14.62719718097068,59.73601823863912,6.600639465515638,6.198861411092947,5.610543545688292,2.883625,5.208765491265603,3.787116893339598,44.398027338101215,25.399322078904945,48.81416533545131,23.722797290111647,18.883689884983777,27.995343754579192,2.9579000692461825
6.468419722473851,4.162037,6.8059024906029215,5.119009720755902,5.630831481649232,7.115261694721236,4.994444400000001,6.6101889171373,14.94497428260349,5.477575428622174,4.893537810133062,7.071771818290196,5.911839257103181,5.350761920202185,4.027483415501259,4.631229432225308,4.048642708112041,3.7085513574660944,8.23235320630532,9.132551651735987,2.52749363984067,8.166009583620482,14.111766594184338,5.987391285171631
10.785135624887454,5.909177218627647,5.909177218627647,6.177776183110722,5.616160166464292,3.28394,7.091012662353178,11.52990329737597,19.575186234868863,36.86846683760008,24.06970044509294,94.13053957125048,11.799194304207983,6.491928365051165,5.589033369064306,9.143717573796906,14.855007254191513,1.3971362606859836,7.065088476537538,18.81478855509242,19.796124310383814,28.03247031626476,25.75666802697929,14.00541557121804
3.806385,4.004979000000001,4.004979000000001,4.1870235000000005,3.806385,4.1870235000000005,9.776461200000002,28.27664735197466,28.24352964327325,31.067530196032376,28.904862601880648,28.14916483467401,34.71735349407575,31.670497621999232,16.605122888618105,18.179551868013487,28.71463329687808,22.217250952308657,17.004714829396494,24.298073439908983,24.166294410254785,30.143389107393144,17.601733650253717,6.84917417131125
8.044010973652858,6.196841799199951,7.070300180998735,29.16114652910976,26.936111520557382,12.300750682962642,5.217209669879993,8.772564774396994,8.545291736127314,9.701191250695828,11.04653897540038,85.90038689965705,87.33261575468701,58.456752466899694,12.050824158352139,29.746316391652886,52.23934246005158,26.668128779527887,21.04379226679344,23.810476862868686,20.025575165284373,52.75800449566744,23.535519155455614,26.08533758643373
10.322970804044934,10.384393027540094,10.91422380643087,13.24277219334115,12.68241294733706,10.794417152151166,14.79373420912056,18.246645362664587,9.852196547461045,30.16484549750065,34.617905487076435,38.11461609709498,43.20885804178747,34.49849154312541,10.940060228028816,9.190607561307669,8.299145236979204,66.99087569818091,53.01773024973195,68.07431791273801,32.24481278036082,36.67100775094677,18.826889253373764,29.70792138272964
53.68976720736448,75.69571511039094,59.16287617787356,40.31097448973865,14.909761930969148,11.582348432128832,11.2570402727419,22.30585383082392,21.896343447865338,23.868327698652084,15.513770953399328,19.83631083272151,31.899234282384466,11.735284413083226,10.19952503958424,13.027278532740487,63.59261413266376,72.69821211682888,38.13535474821586,39.24717171478521,32.20983189216409,37.3626091102181,51.50814223318451,33.71821452754625
11.558280089416533,10.727666636386749,8.099300688583606,12.71410809835818,5.03119726014574,12.545696412588146,14.035377982810935,19.64087026965688,80.60313055168265,19.244305451825408,10.214920008351369,9.602675459005765,10.858232473915326,7.98016322736743,8.931398250912775,9.950171555236842,5.670890548437066,2.7113862935318767,4.615975040579418,4.654575365043517,3.1153306395816243,2.945026735936054,5.517762274167403,13.318953126550635
3.209305,15.26007229895979,15.905033471831558,11.57835479732417,11.028441579002056,13.67567858924206,25.213367489805503,26.201189486318327,14.791332817029016,15.435969979540795,11.157660632661091,9.353001292897288,53.18761475170761,11.74338575457858,4.611414839721772,35.086564602394354,25.78177233083365,18.036273759611344,24.88915378276865,17.30118648930279,4.844902753075374,15.120285809072534,23.094824793918303,21.43566690888008
5.42138602187061,9.731237025037938,6.818079296444833,7.889385488983705,9.47942164830617,10.427363813136788,9.929589792889663,5.209193418599215,9.537107390583502,3.7289342249999993,6.735601840397155,17.646265796357262,49.59061468819267,46.773647078631925,105.96059114952533,24.31305097188155,19.684659443868632,29.856509008581195,60.655194528922266,66.61520424347117,21.425310838025634,22.3524929291374,30.66704963385797,25.389778399868064
23.86400527497771,9.244619547653876,10.632233453019978,12.233327485395858,4.03029,14.210040257534438,16.68330572195152,9.4929388343501,7.8089118422059265,11.189315159026744,12.409070371699476,7.975080972402987,9.874206096319371,9.758106500065693,9.055564190859531,10.21714871941236,27.773776465452467,20.278775344258435,20.922402201160743,27.39868647320316,25.840673373399504,18.51922186476676,39.50932161320488,6.454355097512878
7.805138032624573,9.14925253731203,13.511279134025106,14.125428185571698,10.636015311238904,10.214997821088405,11.353144210072834,14.007781530126756,22.29639046321721,25.76849073866448,35.839127742351856,9.807400288312191,7.694645720711712,11.907385743209197,8.778239562243622,58.676980442724236,33.84524220779244,24.15818740254306,26.15449862546667,41.02006843347,21.576632672061024,29.181121177265453,10.803309412300337,3.8243434967837073
9.997295,8.457885096071882,8.457885096071882,3.2018415000000005,5.474625417554819,5.76570191755482,10.149462115286257,4.268064322038679,3.235110175478909,10.3322594221525,7.549186697320357,4.192448595393646,9.648725886825419,25.35264268488414,17.539779309567443,26.53688795441988,52.40547908209842,37.43911466932138,22.25937910341927,41.22948627501371,41.27801130534686,37.44000443570846,44.80622089912998,35.31316735247974
3.657115,8.079036767128427,5.540367306851371,6.455718066098847,7.6784233737170995,5.128686302772201,8.171642444387878,9.551607227273973,17.371532779959725,23.491379402750383,22.47193771156706,29.20201387570391,30.389729687428876,26.36429776249322,6.42769026805201,6.610120991286896,3.423564159961116,20.20497823210463,1.460524527,3.1541093690060595,2.708073700661768,3.343300865014528,3.714778738905032,3.9139158965419023
39.7196482584479,6.451232816922532,12.554403025615072,14.860338381060703,33.494151912583504,39.549939464796175,23.67779322005417,31.78228110182928,9.99402988350378,8.305735992474867,12.687087313474754,14.737525667167636,4.129056,12.281750457703085,10.439080680910413,11.62983003735186,31.714487218957355,28.02662284702122,25.142379316174715,26.88160642939831,25.096463209529464,38.89265275381836,40.44149441587182,11.105119308334588
35.57126217990527,49.692141683356326,43.4216559081864,11.11552850325874,11.281073907743666,9.858451719164526,19.203573977603234,57.23410438202677,5.171057281059241,8.756299435158944,12.361539788622556,22.50462243957409,25.22862219778596,7.07793669710202,10.17121645065535,8.091654907385083,7.208146540443696,5.872534899681977,3.861006065318525,5.167668007007529,16.44514849752103,8.019080816481813,6.368065951714651,4.126267984473316
4.011315,8.667697574977877,7.417771733306777,7.756371221874721,6.031708871970357,10.368424481042114,9.735793803973342,5.701689487712296,4.354761571333658,6.401156284674595,17.16880987553295,7.322000082334461,9.6568294124546,5.593039135827057,7.283603974285781,6.070203564945434,4.412626757429729,3.7341767897713303,10.141644472224202,23.35947228199644,21.5622749615584,29.87333337170053,18.42602035490934,4.776551891837473
32.42566406805204,14.568794419415893,7.990747784119013,5.37630684140252,9.07103636561007,4.022826500000002,28.1364292556659,26.605909628492963,33.40495500199723,12.001929117613898,18.84408640522131,79.29315474205723,22.74487062113384,40.43755615523589,36.04750386440467,26.417588636870075,59.79311164660242,37.74076614691872,19.42544152114088,21.69758485301599,20.20833709976062,15.28573692052906,1.769292,5.485646497780002
9.467451084372074,18.178720525955697,7.009230174721382,16.454622221414393,15.226864098561508,11.478807533904606,16.783074767940334,10.002080341149082,30.89623877429292,11.10662953623404,42.99585396788626,107.1344823915337,42.2968065125739,29.382585950102527,31.013274119139044,66.3299602941069,20.729041367104653,9.078178815474937,9.92249611871068,16.73823290272242,21.8825591274512,23.111164657958955,33.31426735316119,39.981288336481285
3.507845,14.92148956478575,8.986405522955062,12.420831341856072,6.620062376253467,14.621613629349593,8.257571306249158,13.42768596292697,7.512357123259185,6.0687030365279,12.824718410582836,15.470815626900322,11.184707542250768,8.872971777072657,10.56279218184111,47.32350053382168,5.571706779164014,9.577896783317794,15.564692433629606,38.27283951950763,30.914476802803986,12.424058721105927,5.796167872912938,6.4067160381730215
8.526397213457452,8.971252720246538,3.847921000000001,5.240147053364365,7.198411155241783,9.379036934803198,6.29423194480796,5.012577057603883,6.49610974860772,6.845453939326955,23.695450182477483,36.99521050336669,39.55038155526695,58.59508419789195,26.08448794228324,21.36665881062685,10.938770299948851,20.265490127069857,18.648238328086013,14.908198000986951,15.140916331353218,17.628992808115196,22.65532482004245,29.089157414847296
4.17956,8.082299925465836,8.082299925465836,8.449677194805194,6.280738833530104,7.486636896103895,7.709034910807453,38.37808835877026,46.60672717074865,21.42371979882504,8.73246084051451,7.794388015981716,32.04408170596007,25.69222916111641,16.394797456739944,22.690847964845627,79.45114800213443,27.697536351729475,37.99647086416572,23.678819436247394,19.484092306087025,45.58807841474383,3.716279154308859,2.52756
5.802834507835564,6.105591090853073,4.410703575745128,5.75028658122492,4.76729225391778,5.117455203830719,7.326709309023688,15.56740112832607,13.36907735385369,4.913945767317116,5.449618494315138,54.73098669246012,18.030589770719708,13.804049869349809,10.90424485005605,18.61821027571378,65.41789801497006,16.952467209202165,16.72456030504393,18.99187817971397,11.439139029104044,17.9472003465522,25.581520926313274,22.92964862305833
5.115526450894828,15.432213565617433,12.439655360067189,11.037931246489483,18.104795674699083,16.133677818600045,18.774434229151435,7.2729744482571235,9.731490650827812,14.819666389076588,11.043008110400717,17.534452250654162,13.99482132076819,8.86627362435489,14.906136969836929,29.00085820530932,21.607373302361445,36.895503226304605,18.610581912723514,50.06327520627821,17.920992861009367,26.29711498195953,4.909425723491742,8.086689140626467
7.924162408436164,7.15142793532022,9.318413068202194,8.71657864927978,6.047891192377439,10.771742960894963,101.11807687837305,68.97807206997791,15.872534605940253,8.292461626507155,3.925152,8.644540809203086,6.196100383653091,9.080312248027154,8.597838762955018,7.9832848581753675,21.533554371345183,26.868604773319557,32.12970848525864,21.124008185558804,19.63870669354147,28.37194895385112,26.58567350647088,35.29020145441216
3.731750000000001,6.964180807517382,3.926450000000001,7.280734480586353,6.618849527805775,4.104925000000001,8.35701696902086,4.409512934690677,4.375309770608824,5.197487394053851,21.27797576826219,24.61612525708336,14.065973666359925,12.577416202615339,5.114565544213553,5.697966115241494,4.1427980908129785,2.022711043480969,42.98179463752075,21.197257384838768,17.38598301270834,9.314172302756798,4.785456131469907,4.00270346938452
3.806385,10.528267078919018,5.817794876429319,7.827060151404082,4.782719819924177,11.16024871654628,9.426101644440138,4.522585220438633,48.23281467703648,18.37931768516732,24.919937398414703,19.94821432496457,10.394309979621971,3.529556999999999,7.839844139722591,8.304990596228926,14.42895448085504,10.434757143163823,10.821910759871386,11.901567637272247,15.887300879129338,23.40390670782244,3.230743307256124,4.617277178760208
8.680865187508893,8.455915524206448,13.056576761298604,16.51578037445064,15.014345794955124,13.43938870878548,6.117932559966759,27.83774611154721,29.90676309075034,17.59353551386272,29.329949804438524,36.67406022500226,19.350407129054272,11.030771257328768,8.039800107526764,10.64932511280394,7.175976940188407,48.80806005095662,15.2812904235575,15.81034606283863,12.276107541218009,20.964929798110408,13.104580335063538,7.709343850218143
2.543915,8.093943599067806,11.352323929354974,6.651343072866768,8.320525521154064,11.36384848283244,16.804430667522062,7.620605575521586,5.083616751948195,5.790561940361091,20.928235733496003,40.15534244688829,83.72018415105575,27.26034093175603,18.047526215644304,30.990282856412158,30.299504967431755,23.93380348171434,18.96751693422422,16.494782271774444,17.99812153181055,27.28209409700324,33.3292498331076,5.476354268892216
2.910765,7.906007097696898,7.685853638710677,5.73360627834156,5.003132585406246,8.26537105668312,19.18221251723628,19.67794204208133,57.06786766195325,6.008598553738034,7.056601376456735,7.968803922930676,2.982096,6.967502874228743,5.80625239519062,16.146509926450026,3.917285304166839,9.467167096080043,4.392636112378006,3.501999932619918,11.47554895491609,18.285285432566003,21.55150227888824,25.29694616067626
2.761495,9.917998652527606,12.086070493601053,12.168106813183885,12.79191161683806,7.332949731966884,16.73122679103646,18.78465623045737,31.011881392908844,35.01322146333698,27.387770483288385,26.25127126702216,9.657194781123795,6.553858060605575,7.5416587953450165,56.10455437642356,9.641199517379482,12.215643226062223,12.895303909632906,45.76797635741035,13.13658368054403,16.190256150949608,20.737227986645955,5.901565222865056
3.507845,8.934876669095296,5.35941280380305,7.347415453406374,3.5078450000000005,9.341007426781443,10.721852002914352,30.41126125450553,17.891510203045463,7.1910317504519945,6.2728922448054405,5.556716505821342,8.69992499109504,18.11267394299035,21.016124789781877,25.807001707860884,27.475899543935192,23.61671245232312,34.529118816791495,33.665356088731365,30.492292739508407,31.33587305452409,38.71528637273856,41.63343785412333
41.10301245945653,15.090398648078342,7.881083646903785,8.759571682014911,9.382129602518637,10.353372402676214,59.561953650219856,6.740448241392086,39.235967364014535,4.3403511330158855,8.811043452800114,4.55952,4.281984,8.699792904153645,5.970683240996388,12.654144413367149,26.5472741855081,59.2216305779042,18.75948839435279,21.334923134037496,22.49338419556237,65.17070389235788,31.03862043692495,48.03881274010191
10.172561055915123,5.919591721247074,10.703303371875917,11.45402817135181,5.319280411288383,11.04387131184216,7.9111618626450415,7.045751948453022,15.265849887703393,5.007338054662885,7.806642031241902,11.097339333725593,8.175263082806145,4.097305100800715,7.0335756544736485,4.528676264486639,10.044432745639456,9.259393600167146,11.723940544915434,11.302111904810763,17.480172005021824,42.06464615310274,4.021603470639767,6.151785935000055
32.02427206603452,17.841569929175357,10.6713825428004,11.262103595743904,11.79572734774996,7.775066458772353,10.652199596760695,2.987179867536211,29.62665194308197,34.23534701511673,22.67496030369272,23.54584938269105,27.224961529452496,5.194123656812789,9.31984984140062,10.382932457580846,26.3053650069402,20.714524240243097,12.158705716247493,20.30969770773319,20.53173245219964,22.49692332031117,22.04996918302366,35.51926748910556
3.209305,5.614594344605387,6.360543459473848,9.249178713991537,9.660694285446851,3.5302355000000003,9.08688098378954,23.44752557733727,5.936262957961362,4.71889827722882,3.6797618215354873,8.14152481676248,8.61439857228389,7.796828337414354,14.235118162273794,7.295307217552167,21.77238000452087,28.91335005282115,19.9986742024191,22.95284573726677,32.9381917087005,22.761665177672587,21.60803979854372,16.751046125297588
7.203411900600027,17.119701420341254,14.461201487019991,16.042093521645832,11.170394611291831,8.02378144922481,18.413533433541303,9.675546650212825,7.190390556224001,8.208638685983958,10.0034518584657,13.881540281071963,25.921511792987584,43.3330086260873,23.80083903534148,49.399100405440954,45.014258359578704,21.55041606823892,11.806355007349795,6.234506142742516,2.895720225167251,9.941242536268138,30.11039300786804,39.3821931119857
2.38832,2.5129280000000005,2.5129280000000005,2.6271520000000006,2.38832,2.6271520000000006,57.06206425346722,25.81143925378645,62.74894112346464,15.577084710213624,12.08010952552224,10.568355622051396,2.4468479999999997,2.214624,1.8455199999999998,2.0560320000000005,57.74522299082394,37.521127744263005,13.968171890860638,17.02889438636524,4.55480854394795,6.583745656542185,12.410861114646668,14.242458256423634
3.88102,4.083508000000001,4.083508000000001,4.269122,3.88102,4.269122,7.200177600000002,3.878843760000001,8.08046442,3.2865183,3.644784000000001,8.399094608444718,33.92114215343199,24.307448678992433,19.0212998487692,26.164971270761104,41.4046693132779,20.44756572860399,21.31344433025211,58.19765872102823,18.063442246407664,26.71213259279529,32.62426238551506,21.96924053621512
7.208605060975497,11.04710980390689,7.70296960931528,7.929465567073048,9.426693508989418,23.537024807494618,9.101647433509934,8.397464770842431,11.818728388659917,16.58776605001139,11.21188640494943,19.5507448237526,14.870411778888853,16.38392406778125,8.11311031804582,7.515862752471186,62.17619802820354,24.23609775644561,14.265835132730157,12.383479996790207,13.629898241366591,18.905382559909057,25.68691603066364,26.95770230820828
3.88102,8.334268287361038,5.783812114944415,10.786954440620258,9.806322218745688,4.269122,12.381547705755429,2.78825976,6.643337561281168,8.304171951601461,3.644784000000001,4.23384,10.046635253355268,9.093135148291456,6.53701202730889,6.3256116081515,23.847236084150538,25.03404606223255,27.222763393126787,33.78387281139991,21.20864252126161,19.20084134721698,16.32505666951537,4.138662765747213
3.88102,14.075285935844256,10.014181074077095,12.480126130723852,8.173365309321493,12.961180482113487,35.97617665303064,24.87838159700904,15.51947851220879,18.84783525135344,21.823182411782245,67.47005893907412,35.17046244490322,23.87739167261049,26.138546991783517,44.28110550275672,21.728320529425247,14.570483322193027,37.60965902213119,17.01214427343957,44.7147852429496,21.376378837012588,21.492989321194887,23.714850673414745
3.806385,4.004979000000001,4.004979000000001,4.1870235000000005,3.806385,4.1870235000000005,4.8059748,2.7346393800000004,2.57865282,3.864232010805946,31.54075254189045,15.895252148740738,19.861671162457846,49.14192494462006,7.9685533639255866,4.883076000000001,11.7119358,35.20674872389247,10.74707177509435,17.135454049586063,15.611529238684842,18.49725952969429,1.841508,2.301885
8.770014524721853,9.227580499924736,9.227580499924736,5.237611631180463,7.355232381615893,9.64701597719404,8.393622245401176,3.929016508561327,5.9412862034752045,4.631126856125093,13.873327274862367,60.33275167481668,9.405451796056733,10.621984422386571,11.27680118496363,18.556406528280093,21.95509673803605,16.53900628659533,20.432409148022877,40.85480053583071,12.430894015476143,23.10716642728336,13.681457020575882,13.825053074885888
3.955655,10.693918783486373,11.667422520154448,7.979388372437592,13.753780201838891,17.326416860692508,14.894619267852788,13.4425056281444,5.810565116979535,10.369636825351442,11.50003831923033,5.829274075809853,11.005151592862118,11.354835815199646,9.462363179333037,3.405303,7.664514175259759,5.463265704125159,7.237759697736697,18.60959321388499,18.002489290143632,19.246351246896023,22.53376072642234,5.248445690945094
10.56029153389272,15.62707109845118,12.828913245782624,15.849834704355192,43.07834219362828,5.971379999868427,28.56053260482037,32.48553177192284,65.43155513718168,49.07018116603851,32.05948214126957,76.36395715131482,10.761671701526542,34.2719364788761,22.446649535520237,26.02596607780808,63.94434167107686,31.155076545442885,28.6331243869302,51.27801572449288,21.6278683543004,39.59868940723471,26.84757898046366,37.136391874455455
4.582831984529455,4.670085121762814,12.30293180115824,12.86215597393816,11.69286906721651,3.612334,14.763518161389891,4.826300081315079,21.20356445520488,46.50156149867207,94.34275807789628,19.29137901524715,10.828453408995852,17.768507481498588,22.20573731565725,11.036542475762825,12.402005197163,16.60688517026632,42.48332436349368,33.428747890391804,13.57882726674546,14.031775152717422,16.24023653749516,7.382616923206572
32.39577844970871,43.53362938435451,6.369121862684011,11.38228406816039,5.291981825487875,11.38228406816039,13.064882582584104,12.32047290534939,62.81715977230782,31.406066192018592,77.17727143733855,13.959622999476036,8.95310316917475,3.9083767756557926,6.098115703392701,7.733336658544367,9.892460612518462,18.66498274729935,32.8369023779358,11.718863285043538,10.102501523934794,18.219182843298466,23.509877475994767,19.012259222608023
3.806385,4.004979000000001,4.004979000000001,4.1870235000000005,3.806385,4.1870235000000005,4.8059748,5.439287700000001,9.636879519810556,22.889888410693903,29.259766142839965,19.806749226765124,80.7916107750806,30.191142667802353,7.24161796437991,9.78117070030571,2.382450975,5.95930074476367,12.456460637547348,21.93649736782016,16.91071330721916,16.80194693553812,10.041248585396271,2.301885
8.83235079014716,7.117561644979939,11.367391661478758,7.146013968348028,9.7786160799026,4.104925000000001,14.98113688466608,17.10270690418393,13.312005863789842,12.611691729430811,57.44039881669856,13.166115173124885,27.597117661996286,23.489156281694314,17.64760790142383,46.01138927404039,29.324811076164146,18.929676841005847,15.925461922861272,40.73885816823806,12.472359947396509,3.845738193844313,5.74033043664891,6.571381175884353
10.706955397581543,5.142071455295087,7.919689364267834,7.220104734632517,8.645759062008443,10.266106957919424,5.881320811160662,8.1035922682573,21.431746433000725,36.56540900889272,21.561863135586915,9.553312376069076,7.109790148955952,17.540506426419732,14.990576828204032,16.94502170276527,29.377301487571263,14.136020953224836,1.6034901440879783,3.997701182232186,3.77619504879068,10.713449852003327,11.916382182678264,13.254593452148052
18.318059951555558,11.347363756678329,5.903571014870437,11.277678202373211,9.32099752220152,12.155890426331672,5.5722328670290855,15.41789390820576,18.505411559048472,7.981696101443228,17.75706876131784,36.2669905788408,59.58660274245609,31.114095570782798,18.17832440790217,67.80923704635113,30.60049742702244,51.01819685635913,31.75697766994985,25.09651047532226,19.247813782296888,33.209039852341654,57.24637270801367,4.582940032032701
24.759922685345494,24.26877227744969,40.31249248084812,11.988955330963554,5.352802677912329,4.544962222851782,4.996587774532438,3.845639628253189,11.48114976381334,22.57638551088885,11.908169921169003,9.271019439882194,3.0918913429792503,14.712522347502881,15.915945207637971,20.753228936317207,12.490966866917471,14.019155759118108,1.6500907510586071,3.04479251409118,12.746882267823354,18.153069769730724,10.316179012481424,23.21121144076622
11.118944654555756,7.626184848286279,15.65528164339888,14.585627343017952,10.108398418928733,15.954508031224272,16.067721792809866,28.187446557177964,70.63049071843943,32.9534433895609,59.577641899111214,19.183893994397188,26.786783466471178,16.5664156166662,21.809056732994595,27.42549669994401,25.85547679599065,29.50508081560718,20.315644316609617,22.305285670206537,19.24854583110144,29.56236288178724,34.37394371496929,6.096667504654655
7.502372930250626,12.139569491041213,13.434815429892206,12.959012894431469,6.728393438642498,15.899618241228904,73.50825456047363,70.11141989012427,31.847350381625084,40.1550618117689,33.30038445184178,13.187254903307725,8.60176147261132,12.083612114683161,9.908600214517744,18.139465832346882,25.78311271339331,21.54736137966725,14.9669232518773,19.28453767406011,18.57878013580056,18.72307655647753,12.979393394669176,9.877833087087252
3.88102,4.083508000000001,4.083508000000001,4.269122,3.88102,4.269122,4.900209600000001,11.032675466666126,59.39814596295752,3.2865183,3.644784000000001,4.23384,27.72331634913921,16.39502615447774,16.34124802691508,26.623547071745215,18.54171313579433,8.148430542119453,1.549944396,5.399473385702226,15.10363592891485,11.91094780315082,4.8873494995104085,10.930364571941448
9.465602454915098,9.959459974301977,9.959459974301977,6.167749609220286,7.407705198582335,10.913102700406611,13.24508396916237,74.01892059725543,17.903840728827657,10.14019348145876,70.22400335016219,15.133004026111267,57.466532493785806,8.777195003648545,4.3327166676340845,6.377067953562186,39.65744868604835,16.319992769671032,25.21005221171863,28.0100081485112,9.067373788004774,4.1214654799741,19.8421284547048,11.568095324131814
13.337441888595285,10.32062497960458,13.404951314662323,14.014267283510607,4.292952202349559,13.43641043834158,16.085941577594788,10.784320038065518,24.219390972989867,28.07200356774795,27.689050560087463,10.700572856389416,31.13072213940245,16.10842129969482,9.467206419731477,5.947834588362516,6.109889638326532,5.684033927276083,4.56770189981238,4.497517436137318,3.844846176679151,2.441051208161916,17.215636318765554,23.777856371521214
4.03029,8.460345031367082,7.138325851727724,12.106571176157592,8.674065967533151,4.433319,16.292038219589582,21.46726457613732,17.46162769359085,7.971411410222767,7.150700835953032,12.006516868916613,43.31700486764031,29.432889941856768,21.603591975144393,23.299302477615367,35.083976442755606,19.92014578806277,20.92175036021649,19.1757299518711,10.718813760649166,30.91421378930953,33.16595040188285,8.681029247290676
27.989801184067957,42.45220941921537,35.86692858851155,5.919627692222031,5.381479720201846,3.5302355000000003,11.927431454974196,17.563540383957577,2.1741582600000005,4.557134872152745,5.053911389406951,5.870705149311104,5.2660905594249225,3.0878009098285792,2.4799175,4.632752106956373,7.806552529983114,15.403270570163858,24.20525306828989,26.38888074733194,44.239981162800326,34.776067764876466,43.53657082528767,24.904603976139025
3.507845,3.690863000000001,3.690863000000001,3.858629500000001,3.5078450000000005,3.858629500000001,4.6047276,5.551981380000001,20.250271085132123,2.970506925,3.2943240000000005,19.171058414441863,7.064299881032246,10.94396346895303,12.685139756834062,15.132262996232987,24.432689373719978,67.93760147299317,15.827473319443108,26.90734285051731,31.88918833059112,22.687283252098105,24.587305084725024,32.68260105296873
3.955655,4.162037,4.162037,4.3512205,3.955655,4.3512205,4.994444400000001,2.8418801400000007,3.0161956164835675,48.72592473574127,51.85753769533105,73.29184937109294,14.869280142824845,6.942285607329185,3.0566424999999997,25.274800807907546,28.822059184958903,17.871774753268312,16.364350721609508,13.619084252094604,14.084832708670609,18.98579016012443,10.467207008098436,2.392155
4.222572827905091,15.542854389781048,15.964120352952998,7.086827690785107,12.685595451266389,16.68976218717813,17.75661126506333,5.794019605308429,7.870615517149284,9.19490746882,12.088051701265057,12.574683069942312,14.088407667475996,9.089036241449746,16.469420523217792,10.687675823736033,58.25328367341751,43.8616583488817,6.059373185537787,1.9538167969036755,5.021650972483635,14.899172221890876,13.340438570356104,9.175471126978994
41.61844715256613,13.858683398083151,12.925038813620883,15.804460112302458,13.171475956855886,17.707102163869777,17.93454824440861,9.817806801177465,12.00237337141396,14.519553704098184,13.637945641781071,11.428388302695708,22.306430868873562,32.22719905203831,22.8386665048915,32.64444978354483,83.13284734332966,18.07119618623908,17.148311816750045,18.13710451960484,21.118057289863565,23.93374109740809,22.58281874842536,98.46648362377096
3.806385,4.004979000000001,4.004979000000001,4.1870235000000005,3.806385,9.314701,10.9392228,37.7103962849004,37.44930701451909,3.2233160249999995,3.574692,4.15242,3.899664,3.529556999999999,2.9412975,4.667626892242853,26.25628374377806,16.400897366951703,19.44606981915472,5.33684131481618,17.724691626479785,28.267567791186977,7.731661649458738,2.301885
3.731750000000001,3.926450000000001,3.926450000000001,4.104925000000001,3.73175,4.104925000000001,4.752822840972656,15.298518950493929,24.060556107891145,3.1601137500000003,3.5046000000000013,4.071,3.8232000000000004,3.4603499999999996,2.883625,4.1273100000000005,21.569587595489377,84.0943307400071,32.82157025866145,21.950453472531983,12.298768770450902,19.876564992014032,20.98051605043746,13.208711577644864
3.58248,7.464754837052579,7.464754837052579,5.8723949375502125,5.162934767086537,7.804061875100423,5.385758400000001,30.33468589053756,26.41573734963628,8.065508034690394,7.0410078304103205,7.73956549596736,11.530256740211408,14.513609307809011,24.282206403666482,21.83462081462509,53.8158553790691,31.81371345732884,29.55958856327573,32.75554631386095,27.641363688252685,27.218934501511008,44.19081384135746,43.45280811971052
6.777476869729353,12.24114642476762,7.586301875864416,11.079999209453195,9.158419872982552,12.797562171347964,85.2413742605278,12.80054074538258,9.27240157213327,9.852007572405478,3.740905576803255,16.995984623472683,62.62794809299518,14.095756168093498,7.381286354406365,8.251993261383342,29.09056559581955,32.77626574672402,65.45408957363193,26.07417838971198,26.314728483007844,27.55078056271245,32.97552390101473,26.91873839896464
4.35919,9.53411382863422,9.474941289499972,8.442975039344056,8.4129914536944,11.677576838721276,17.381344627536023,22.422499863946328,36.64585265957244,65.53872606100371,48.43343552134496,32.32936571567622,14.903920231158883,8.298044135371141,6.500947941491126,19.035121740748526,27.22710685496863,38.7614686883565,4.044142388221409,2.811849077264905,3.096639569097796,3.4327218027982704,2.588327569716031,6.049872767297572
22.09349076790301,14.256594996696965,8.350091937358068,8.854489058894158,12.692871162937838,14.811702443812989,13.226761953248507,20.477276023591237,25.47898372598761,8.068610042155887,12.479663379106396,27.214827283036,26.481895300954296,13.417974408324607,7.944491326643019,13.320404821349637,13.699800366541446,12.706193866916935,21.3605661693392,20.674606510408907,21.86471060811617,25.73628662613316,22.30851121071878,12.434147820373743
9.357250096326412,8.97406647883574,6.359902567808285,7.935690562612169,10.242750096326413,10.292975105959057,6.934772705095953,9.895209994727413,6.339111610711311,6.988800529136566,5.417351325545167,8.09981808817667,3.364416,8.851717017438231,13.591652481081791,51.97077341005724,12.768950978270457,10.460059399316297,8.426814761313928,12.278861406599864,11.970261092149336,11.92332069290416,5.639570740654235,4.156226342363139
6.888180785745558,12.731567501971584,11.595173652569462,8.904548223636827,9.623411424200118,14.777325719046951,5.088679200000001,16.829301843740737,21.566771890543816,10.772041154287988,11.005855513431834,12.784579636814758,13.76314346524243,6.8018387473096515,7.63042943288499,4.7827216387252465,22.443446485076677,44.41378976511235,21.660836039251585,46.59136040823599,20.1329169589262,3.1939068900410543,11.151961396447785,8.124077739900049
4.03029,8.26550470141131,4.240566000000001,8.43081493753805,7.855644964151243,8.641209460566369,6.085332000000001,2.89550052,5.397942383019303,10.868688415245405,10.661821591089469,4.39668,8.048154840743091,3.7371779999999997,6.0702711086623236,6.762685664791071,4.916919598016484,3.504780289466149,1.609557642,3.1483395493861472,2.77057730392581,11.333630152518715,16.253763522784375,24.40505503120066
10.70675670654389,11.644795605143347,8.292427789260929,6.5423926711498,10.369221629871388,3.549618302285129,16.850053731101568,15.76152359626854,62.62384199227488,9.372048213463325,16.357173626436467,17.950098080645855,21.888102328170493,20.565939424343775,18.050035385953027,31.984908599775533,53.7688147548995,18.081346797024786,17.19964820279827,9.996637762543518,2.779601858244316,10.361180028454635,2.7996192737982355,5.42631701422379
4.328830000000001,4.5546820000000015,6.906303119647176,7.220225988722047,6.563841807929133,7.220225988722047,13.792609016334309,23.015034753648,4.446704468426173,5.558380585532716,4.065336,7.160554699559054,6.724694848281548,59.5513745182718,51.789465914932634,24.855741349646337,17.775891292834277,17.174778165649798,15.393133393716608,2.339232008800187,5.587362687797571,21.408417886534306,25.5713014147448,22.90479160428832
4.451318152109767,7.38578748258176,12.554956533274463,13.125636375696034,6.319123195485398,9.530111667197945,16.11816563128942,14.180830739752574,8.39011315962646,7.130551094760993,6.382267358927695,13.017160042012591,5.343347615356616,9.110640930648993,9.957384851150106,16.35123358252963,7.468595574104729,10.851979861597329,19.120597562175234,24.037765298329635,19.71202669791712,24.15400542569004,5.772827496892538,4.109793375067074
6.103137643114263,11.821967596758029,6.421562215798485,12.359329760247029,6.569739159876357,20.239975031666106,14.186361116109635,13.198136265693536,4.924851633978663,8.739925868524317,7.37571034587719,7.930517929112178,11.511096923665214,10.418608558224761,20.830355654714335,31.727176649450218,41.23274823877941,23.618540813833857,16.706011023195632,3.915102072299552,3.96269511597175,4.892216192557716,2.9526642194355173,6.794744711885715
7.903036875973622,12.773826000240115,14.534325224525,11.80391261408458,7.843582837739294,14.43747728898058,15.161908351464623,11.265338626277384,6.8059426524732896,10.22710034844247,14.79728104486314,40.95098990154358,16.11510243010654,61.855638201463755,26.186210472080784,79.67425606319209,42.69325141210797,36.15356078023267,25.52822919416517,17.582597770082838,14.003511867782906,12.993133717998608,14.117483090666797,8.505899900174109
11.731693770710375,9.307244490985576,6.4743558461730215,12.90486314778142,11.73169377071038,7.084832651237831,9.497185665820998,22.04668694295569,10.891493132974768,5.421020859573867,9.8882998099156,8.075722328177607,8.27523193580797,6.418351123468287,9.065399731912564,10.099458115655027,4.18185766961569,12.063371632342738,22.141933290213053,25.958646532406792,27.297964612999564,29.604214260819457,22.86202447152236,4.913076040548903
4.17956,9.843825111570624,9.348715919609658,4.85632307761596,9.35570155231919,10.291271707551108,13.768709983708137,41.0027937518735,70.02097864818467,32.02599192668946,14.336033378045856,31.181452145594832,22.29330934361442,26.38383546886552,18.34750147977369,7.851494058210116,8.992827307118988,22.13140634865808,43.47196485642552,36.602542529247685,26.33010158255835,30.05806006536283,25.722565326993006,13.119569812416051
12.132037889282117,5.796340286831226,5.796340286831226,6.059810299869009,5.508918454426372,3.7765310000000007,8.54950445560966,14.931351551140992,16.75510998564255,4.665052309361968,3.765721162024271,6.512931272568494,4.344345629273431,5.108269839558998,5.503197173732896,9.717742309011049,17.560431328175362,13.967151867748642,21.53947074987436,39.74071114851469,13.85469639411679,2.398665837705965,2.6651842641177383,3.331480330147173
3.955655,9.1686716145379,9.1686716145379,6.968324957599357,6.118551245949882,4.3512205,10.729316776652508,16.66272382954906,43.3682163911847,18.994574909621964,4.324248507554574,19.97010213067018,18.145026231138164,18.810141238253518,3.0566424999999997,7.501640411894645,5.454188555672986,4.269047845244241,25.10238532474048,28.109065915321487,27.739468263362284,39.1512497893242,50.1404757250692,16.36243955180666
17.356552356717405,6.933162726657925,6.933162726657925,7.248306486960558,5.347147266800254,12.453103740788205,5.7057275453315865,32.16494462286133,55.625526633839065,79.2765753186678,109.7882970132858,50.67964736334865,37.7341352185067,30.60268487984605,14.18616027811514,19.758683372695614,70.21530694574676,33.26130286552723,34.56107483763869,33.67124781986852,23.27840735023181,33.21809048555747,29.35639793583186,18.01076865559111
5.559676148948688,25.21236335416513,35.230007162978445,48.13290511598596,13.04780941905061,13.778991429379444,17.302712770683094,18.67641896457699,29.366657827005618,25.180404795420195,14.165264709673176,27.71060732910664,24.835404288435228,21.560288696342887,31.605625080716806,30.984166956221138,29.687162827417687,23.19684343619661,18.012904339480258,24.99015637992237,11.781829272944124,15.933269937127642,28.874105974683744,22.943920911560628
5.065394316571492,11.153050286067968,9.583993254875466,6.915576281134765,9.787697979247849,6.168737815877389,18.25103505877584,9.311525283486384,4.648220948990055,20.12870962246999,5.759038740360855,13.164016601954758,12.36272863487925,8.688009335792767,5.602915329897321,10.388126144586039,19.19802201185453,16.84348331425897,24.960297112890363,5.593219216526661,20.81985767929339,31.295246555684923,25.152087069121656,36.22449748388728
11.311070490130453,6.05785905167324,13.58599905734339,14.12938139618271,7.450812633850971,14.557049124641097,11.915009815873791,10.441882284203452,9.683936345972844,39.987864489773344,54.48857953503464,17.537884380610457,26.616061315563183,31.5497142506284,17.93026823387748,20.52726530805791,19.0866161495884,13.799635135078072,12.563252980351509,12.392676543921011,14.930036128313562,16.016546400644266,18.367223664679468,19.04182439484205
5.52718435266976,15.710935019415531,12.934150949986243,16.31681506006342,11.20313182336429,16.688043385602953,29.555908656386617,18.071826231622087,28.914817485783374,28.402290944141075,16.090983473562854,12.157739491588709,16.284573981458326,17.1655108570134,9.854585589861504,23.84458850961771,36.34013962907803,43.42386836216809,37.27432511499346,17.61037740077985,16.10761532898857,24.541841363728857,29.46037269918568,8.364192394782403
21.420104986956243,5.448549323159583,10.5177387759763,8.624632929083798,11.707613624347482,7.787940851068562,10.22034404643219,41.184977530110345,77.76942408018073,18.417203829290266,20.42229539894885,80.41345546524802,66.20194463893647,42.77704244952055,27.58648757110687,24.97000870039644,30.36056729075764,44.45512350474681,30.69197369861813,17.302849849049725,20.35692712655128,29.92352747108537,32.83409292188289,5.240157460410913
4.340712829169403,10.541654608570298,10.5416546085703,4.3512205,10.018927933765156,7.38285696688258,11.064145059315855,22.58273253156315,9.445265272044177,8.484210336638402,9.409080146492494,10.92973956410744,53.30046033876595,52.82745404065144,25.138804680759446,25.357028041320486,22.482936473053982,21.74497566827567,17.189548933828206,13.75903258041857,17.627505463626996,22.877107960485684,23.38010172233148,23.581556038280542
3.507845,3.690863000000001,3.690863000000001,3.858629500000001,3.5078450000000005,3.858629500000001,11.709073200000004,20.47026168,19.184158538276005,4.4552247750000005,3.2943240000000005,8.490947898449841,3.5938079999999997,3.252729,2.7106075,3.019797000000001,2.1955920750000004,2.982733607700001,9.28184177564082,20.04298228852564,13.81981934340012,11.18482084854867,6.417174910930268,2.1213450000000003
3.955655,4.162037,4.162037,4.3512205,3.955655,4.3512205,4.994444400000001,4.05606366,2.67977646,3.349720575,3.714876,12.727766147070124,5.262981700311499,32.48926896896534,16.249494418949666,77.88362203653948,126.66322356226084,51.21046828226199,26.71569786078576,16.24645725748443,4.50842759418857,2.6548416571410773,15.753585855168437,23.74187400685531
2.462955,7.882506493325606,7.882506493325606,2.709250500000001,7.491638402747474,8.240802243022223,3.429188400000001,10.80905195323036,11.66384673241861,10.08146463020162,21.2045500134047,25.81500661676922,31.15313813902576,32.6368438430218,5.788993311213957,6.013705847318294,47.83441866345446,31.107967066847383,10.611787680101424,11.481364294386978,17.15518332988491,19.325634350679888,16.170177485449432,15.40024686783726
14.161607546596574,5.831338360496023,10.97824438778459,9.269197545152233,6.722253609571654,7.864537014305609,12.065064163776698,7.49605414313027,7.068471732113927,6.952694231400793,5.70226038048783,14.980304355131516,18.091201165088464,33.779541848559504,18.037408788029957,77.17776666423752,20.415892685018733,46.43938100065581,14.821720568443045,20.243367372921508,19.42952749398303,17.603015684368152,36.61328964002266,38.78324126903767
4.465477451400087,8.459466643008124,12.325622881002,10.003936220289576,6.61340915003604,15.921379338159252,46.56033502456146,6.533796130595452,7.354543201830502,7.799312292403466,87.7457709667812,40.87547215531307,26.13857439021837,23.921491850472858,23.835617603457383,36.4320175268756,23.477472304938,21.481082849081428,6.311456057856466,34.859906732405385,14.024574275538386,40.84042708203994,26.52808886689332,3.301706283022935
3.657115,11.497161073555356,6.560771233570661,12.019759304171505,21.226938715929503,4.022826500000002,13.796593288266427,20.625406190512365,14.401362720924176,9.253227927136988,7.443009330362218,18.268267168768627,23.871318074807238,33.270170060150015,48.04383185615161,22.811105483993558,24.191180919819026,19.13671062343117,20.85980695145501,44.58195816469296,17.570299230103537,21.964016091223588,31.8681748588495,6.608060271427381
3.2839400000000003,11.874424107257468,5.215974000515618,11.03362336172852,10.588363579696162,8.69124711104368,7.928361015153192,14.54313868445019,19.98173343228744,19.092444816551456,66.73373233647777,35.08948499913576,50.7552236620089,20.444595311070955,13.172920971089846,7.880648259744947,56.26602440249315,16.37730025394562,16.045627592353668,40.28993231637006,12.265016306996603,35.29290459761703,17.994747687464947,3.801599515631802
2.3136849999999995,2.434399,2.434399,2.5450535000000003,2.313685,2.5450535000000003,2.921278800000001,18.799049474411824,37.02359184816034,34.78827198613872,2.172852,2.82113113271832,2.370384,2.145417,1.7878474999999998,1.9917809999999998,7.649720401543727,21.34256959052214,12.369279921630472,20.186109805442943,21.865099718371464,26.0617407321673,31.32705232397604,30.377719287888056
4.17956,10.84351790297782,4.397624,4.597516000000001,4.17956,4.597516000000001,5.2771488,3.00274128,2.83146192,3.5393273999999995,3.925152,4.55952,11.60320110716096,12.347390341227108,7.692746255666734,24.227741536328306,19.673198370684773,14.55246520275339,19.840131688115424,21.00111420796169,18.49081589275369,22.5393009274472,22.0302327980998,15.983721476716836
3.806385,6.072896138506226,7.3653443500726175,9.86204610169606,5.526088818695775,7.970371901130708,21.273632992493557,15.540938880404644,3.577242393266564,9.016883011468051,24.03623373038976,21.5684595962814,9.436896668396832,15.387277641291593,10.124798171499044,5.391716255290459,15.568875504399092,31.502745046584806,14.162744316166505,9.563228013788626,3.24865167809561,29.494713476237862,17.430048220517165,8.335977336899647
9.63192105273281,12.687072523924725,12.687072523924725,10.74302366491881,9.257145963314118,12.143431428102014,15.224487028709673,15.197252857828389,24.77609073171615,42.76509150346137,32.27034634416827,109.57445238741008,107.2707943573305,11.405477621465927,6.655597945057358,9.568135918746826,92.4131600462842,15.163032794798294,18.167423647073434,15.095065921539671,11.979342276402202,11.723660262462106,12.062628025852971,5.752174427521279
3.58248,8.263853869538194,8.26385386953819,8.639483590880833,7.854075991709847,3.940728000000001,9.916624643445829,16.285351714752156,4.00541033505232,6.486553207926951,4.823174473058227,6.66175080457329,8.046547419174676,7.282870465040039,4.8687755496424465,8.053777321546201,23.10787484581636,21.577714858135405,22.76878912356119,21.28669188244627,16.300608444990292,38.99739047163818,34.24589571697207,23.34503346410485
3.657115,3.847921000000001,3.847921000000001,4.022826500000002,3.657115000000001,4.328956500000001,7.101151200000002,19.0624995,12.712840142918692,3.096911475,6.618076603360108,33.06117021052464,26.252050832078282,18.56607600777346,53.50179649570573,14.275669203094782,32.17237926909142,49.75016637920499,37.21222752487796,23.08231363140099,27.30611350479806,30.77960174783308,33.79498672187953,42.9849137229361
3.58248,3.7693920000000007,3.7693920000000007,3.940728000000001,3.5824800000000003,21.640608,4.5232704,14.115856554506188,15.268812659999996,3.0337092,3.3644160000000003,3.90816,4.370111999999999,25.372248939929822,25.107386045080048,10.181173103638567,27.13906508323778,29.11267652624585,20.166571918741088,18.109937323450787,18.51717134076831,28.600709378664305,25.46193107895025,6.795566859809005
3.657115,8.7107343060103,11.440690065701544,4.022826500000002,11.083459577917385,12.191805535709124,7.568497928146256,6.171661005016143,3.669024235546872,8.318295704707003,7.774870289662084,12.091046812273508,6.620129370155932,10.27738979043248,6.3972522795830695,10.499133816711915,14.850114617175398,31.127363448570687,61.75775620714843,15.447935520911308,20.5777916073522,20.32683627614356,54.42577135766346,6.702645515499444
4.104925000000001,6.921806490605215,6.921806490605215,7.236434058359996,5.066900550935353,6.027093365755553,8.306167788726258,23.4438799099238,29.236528828851014,30.195370146254863,33.09960954850828,10.867432463189202,6.739790542317321,6.10013449547702,3.1719874999999997,10.724447324732878,30.616463788701093,27.33670768639522,20.825969827189617,27.94980224654941,19.287923446417363,26.90907101696537,30.12686891088581,27.159689856279964
8.68961468381778,7.928858052948916,11.385202486397716,11.023660863527883,7.535691537926654,11.023660863527883,13.66224298367726,13.241806428178483,17.601488045972836,7.358523707251146,11.662986886507818,11.85290871528858,8.811880417075306,4.317748806618289,10.150937078666486,11.754374394288586,58.54674670891158,29.391668081881413,9.12393242900676,9.325115585856198,15.168861676026385,45.53247310881235,44.66317592427788,13.377172728703686
7.845986501322086,3.328181033556039,12.85324983843795,6.77132908156341,12.215898606779868,9.539606885894448,13.87769836452206,16.166508458843474,50.98773239549435,10.344645047468587,4.0053835939847655,27.234154128487727,24.357511400229058,8.745755842394141,8.657220506814221,9.858022039134154,7.128801112134453,13.152668823852318,17.175473645737835,8.133751673561784,17.542225393559896,20.169652962134524,15.039401072577384,6.829552959383995
6.221016940112218,7.111483012095592,4.476153000000002,7.434732239918117,6.758847490834651,7.434732239918117,22.19517175495506,19.430491121835665,9.045460140870356,4.66302230918749,14.48537608650402,4.944534241313291,6.496807438815355,6.267294946046676,12.738902158796925,25.625335000448484,24.694723268149627,51.511432861947625,35.52925706592785,43.50818006469989,22.790867582168108,31.862426003013177,35.46841412131677,25.33712003907716
8.135239243411666,6.23776963171276,8.559686508285319,10.753130934042929,6.783373148777056,8.478560243411664,13.422146567997697,6.255361768758567,75.0132919550363,6.34610070638518,5.567596034917172,11.89229796207797,12.437170456990632,23.207901748783634,28.502411079610038,8.785478970769983,2.68397604984941,9.142058291516149,24.37282520375203,30.875478573313146,21.50319313508784,21.16117641223546,28.41512019640617,20.57068904539741
9.822158369292804,9.32655520486946,7.310428002705258,8.960076026969606,9.343119881175278,10.804374206222086,12.401542567141876,32.538912469589434,31.90616271200088,19.660199705687404,33.72562912813712,35.78859457865099,72.2670929244644,10.371167329261326,31.295648274463883,36.369062543416646,77.34422781269527,18.55355696778161,14.104673807711842,14.51821657194994,10.275989189020956,30.705175983543693,22.145091893349743,26.069296960328334
8.96077258930861,9.428291159185582,4.004979000000001,9.599130468774035,8.96077258930861,9.59913046877404,7.172511014917346,4.922829709712572,3.213537056620293,6.596138532045306,8.415334257785476,4.15242,63.64947023843808,19.180071799712163,14.890082695625162,15.340772028992895,9.577680241232718,21.318748924997585,34.21635526844526,15.20383242755068,17.909007954461078,19.360529444075187,18.80609844482159,31.55282304224704
8.107270051208822,12.493873302224776,9.982343385153698,15.730547190473787,11.530917356156715,14.832615399564798,10.28792335049769,10.273974773730778,5.6201926862971785,8.36977999655044,7.234497050706532,15.424095028150544,14.650944418867429,13.983816637030328,6.740013649384103,12.171622815692716,16.700216664627863,25.8901872031006,26.887542766953807,26.533531160379475,28.571816884895306,26.37324117273089,5.578594009460797,6.42668947934477
7.154138107391122,6.142417684250574,10.020361131689077,4.973685058030053,8.470441225618474,18.4352120922204,14.540023358026891,22.658836079055348,36.03574850915632,38.926761103687,36.74360497788807,11.446878756487262,4.926807431995789,9.729846943014174,10.816958615458175,5.025614468932288,5.960835037598134,4.248883214799951,2.962251056698414,2.289899420587756,9.09092371807128,23.429885999127613,27.14268342989601,20.63022897699901
5.226678130963067,24.43390404199426,8.452952267510206,10.034451572927212,11.664419709940194,4.329052813096307,14.87235447165444,81.24844960855089,30.760611669876752,41.973002417884494,36.839015433648186,19.88058068833381,20.201825239053377,22.70994180246979,14.642934152021558,10.041543924209389,13.76114309097071,61.2478460707572,14.975974226617264,17.825401517708976,27.002923838713635,50.949302797215296,55.75982776255406,48.4913082911968
15.123882470626755,23.070383128319104,7.853031417328821,11.035173571089429,13.933426742324038,17.395111467108617,14.092053718144456,26.78930044999291,8.553402400170482,7.079898317035207,34.97301675177272,37.62641157994872,7.4561038698752,15.881221697820836,6.00153481560855,12.502084658976532,9.897962186036596,5.023418681773592,3.338928227096302,8.674456971449674,15.780731343259465,23.135328851592167,16.356735077634717,31.2212342747495
12.2825398979256,9.759174987424814,8.698679535165756,7.985374268493365,6.25152225226842,12.54067386987655,21.5261690628748,8.290885859619957,5.430043981876112,4.013629332904738,8.710668583817187,8.469147931232149,5.8884172894481415,7.6660789592407435,7.1672378288563126,6.683262389211458,7.528404030754685,2.901523284885556,3.704211815268259,3.810046438561639,4.796089448489883,7.67558410421851,17.380243214861636,30.004386663795017
21.894486228633216,35.56982266831041,18.14417799417308,12.617378329273295,5.836850166097158,12.617378329273295,10.706837109460617,23.484989679937136,50.29969856975153,58.59258135452259,29.881576566625785,30.866349745112544,12.986408753610304,8.338100131816319,6.948416776513599,15.584942228469638,8.318102014493,3.659287680862425,3.921031799125815,3.6598734302895273,2.774263714518224,8.939928499340594,12.66927403660473,3.529794764477728
6.749667362666247,3.533805,3.533805,3.694432500000001,3.358575,35.982109803757325,4.240566,40.719822228366496,45.06124757889874,40.58514638662762,11.270853392304424,3.6639,3.440879999999999,3.114314999999999,2.5952624999999996,3.4793550000000004,13.202488738904313,9.8467877918647,12.92072840344014,11.25097719726697,9.28098555911981,8.958275882879754,1.804841370269899,2.44934912537486
6.019292780444017,15.26402111949247,8.524005351352189,4.507429599580118,14.359309855792318,15.307442581623484,28.754704462493716,61.372146240642,24.370444418418128,19.05847228146961,12.701089197230026,20.241399616735468,19.664197549949492,14.317836330543429,17.42982202054391,11.351788083669652,25.84333114384173,27.261101829992104,19.128552287965118,18.40817075089341,22.539822977878977,37.40072113885841,14.813060870379426,10.286729330596655
5.318802155686004,10.653084297811844,8.515206847230383,9.378308474004813,12.253727516083549,13.479100267691903,8.466298187051843,7.495713147676376,7.4204911065671455,3.4761251250000003,9.227870487903012,13.367702744818413,6.278227238167403,10.11188602117674,9.156124116266648,9.968311135039494,11.357694457895128,7.3582642795002196,13.029305567120854,13.658276187615254,10.501558015539077,13.515233338126858,5.307249586808656,5.942189329331486
4.796687088018828,11.05303289064587,9.267146669904566,9.41476890119232,10.435152462493834,13.837409203087104,17.55427587643614,6.341566082208266,7.222668016944479,23.14675600438377,6.546393283126341,11.264734746616918,12.887734335034772,9.151603048009042,4.197655351778364,15.06681886656611,22.35865462821689,7.514723080758,13.323833874814516,23.71562130323945,31.09243378249442,38.9606311906952,28.80922564171689,40.7980391728554
35.084016978893466,10.191588369030285,9.65303258374158,7.67914167114685,9.104353767627202,10.532089885271922,11.15279447225893,14.181743173385222,13.70793311969233,7.622044582501012,6.14947295911299,8.024514738643242,9.92359017750807,5.817600988666316,5.619969070482351,10.379803010665649,73.39033234551633,28.74645099039018,36.62933547106563,25.53654444607185,24.43101089700868,47.81763717136791,24.62380511105356,34.99127015951352
5.4382270209497445,5.037495953488604,7.775354558140074,8.367305325581983,7.60664120507453,3.1197430000000006,9.33042546976809,14.310453226083274,74.22715523324229,58.93869998683733,7.14362826215695,25.810012192861542,38.80929165994453,23.972751110490513,3.5116421288932185,13.45068096358568,60.85189038967235,23.051943308016824,13.912427682446094,13.963977777474788,11.2946549834677,13.659449060427788,18.06978796805073,9.169635331423716
6.938858530976304,9.291035500748045,9.291035500748045,6.899068027384837,8.282085216932272,8.245894719737517,9.159093032742067,3.7181905821571446,6.290655251864055,7.991866064830067,4.860379845957051,7.569663851974147,8.40077941061326,4.604133256496536,5.849040621136855,7.601756318793853,4.343094635070166,12.15255879633306,19.36162845277228,42.07310284113444,20.766422696536186,22.515470656456664,15.53016164739308,5.340076752871714
35.88152495706286,50.27199923693359,13.5063816723701,3.858629500000001,10.450910104615936,9.112890279965209,9.169837266753614,11.22907918836462,13.853506618254348,10.039238310908246,7.460982012014331,7.214780100678319,7.297935536084917,17.819001445396747,15.05291128736713,7.558445819971012,6.541319642752793,7.804392130184094,13.847952127520395,35.95792193702836,15.130124925023605,21.15374838997224,19.132151652897285,5.917654311611217
25.744868544295358,38.90859848232473,36.3146742424027,26.26808174724335,10.221276863141911,33.45048961683843,45.03967909386797,27.26008763764229,25.260313390273996,82.33990616460038,42.390984247080446,31.560807009345645,21.72709178746921,25.31125171902058,22.8363123254529,30.991670227052097,41.04326592774365,32.79389080607847,56.20735079972987,25.760226297276105,39.11778313278939,38.53742344754067,12.886220122441294,7.074113285969598
3.58248,3.7693920000000007,3.7693920000000007,3.940728000000001,3.5824800000000003,3.940728000000001,18.23919936401196,21.268652170992453,18.236595912266843,16.350773595549157,26.70756787375205,60.168028318590274,3.670272,3.321936,15.902907429139214,83.6893094615704,24.92177051308173,8.634420718285766,10.297125558557468,11.355593040708277,19.73596765813713,19.2755949925664,14.523958194844104,14.989224521366957
3.209305,3.3767470000000013,3.3767470000000013,3.5302355000000003,3.209305,3.5302355000000003,4.052096400000001,5.70193668,16.683374544293127,18.24197774813097,7.713732365693297,3.50106,3.287952,2.975901,2.4799175,2.762793000000001,2.008733175,1.8648132532185755,14.326143820288475,13.707068052173836,9.631991027755836,20.381612663170127,16.982892223551055,32.00119529371675
8.943923914810261,6.352080132974124,9.41056342340906,9.838316306291288,7.969115930299305,7.445027635330848,36.96314784342139,8.189111104036185,2.4269673600000004,9.652495040185247,10.704720397432917,16.559956457711326,27.715187091059082,68.77347398488195,9.317100042571168,21.7344235853379,35.5356802312526,22.86252847631313,11.75908748383163,24.955239201142128,15.878535612017078,1.9628601179839025,18.306880856390936,18.36073962259056
4.03029,5.319165501117469,8.824613879749235,10.635266131425436,9.668423755841305,6.406665814544459,9.618797104693362,13.035452912442391,55.5852668781069,51.615721521229865,26.70582412193021,43.9529354125905,37.006393555835565,96.10578891207847,45.44340567335189,22.123603142083528,100.153625874529,22.99032291298192,14.127834267667795,26.38537867046461,37.84687556817142,24.199115129781937,29.643139854291547,19.248966737503547
3.58248,14.124416662417596,14.124416662417602,6.430120579993796,10.694015962817424,14.699576518883292,21.539687109955644,20.24509695345095,11.787944870938492,33.85069943814929,23.04275888596468,27.293368326758497,26.472592565527727,5.015937100896702,10.373115918492257,20.51041450713402,54.09397987834663,14.09991656430373,44.368565312012834,21.32662835311848,16.369821113102557,10.811588979770654,8.531625263388193,6.749506224608565
3.507845,8.953761397361268,8.953761397361268,9.360750551786778,6.23616948848931,6.1094972030036825,11.16777167683352,12.324712460560963,24.839265190460672,2.970506925,38.515634594879735,57.24457414979161,23.80194922774005,23.63330639702769,21.869910009526407,21.721731649512055,21.181504744632445,24.05526372124945,21.03819840669848,19.53526598788264,15.83408549921224,23.40574089899612,20.644465959095747,25.17228533925533
3.955655,10.158903257795153,14.396768164220438,15.05116671713955,3.955655,15.05116671713955,34.1894044268298,28.30250738430096,40.8949527025174,44.44718723304516,58.70839102824954,47.41828833094004,7.11769258240925,22.22984309994304,10.573133644271582,7.419734131251302,8.97236472389663,34.32804886958555,17.453030213020753,25.27370418433221,23.96427572379351,22.24295268263304,4.545775265117932,4.827892530740305
3.731750000000001,3.926450000000001,3.926450000000001,4.104925000000001,3.73175,4.104925000000001,9.471396000000002,9.32267556,7.255089078507529,5.648757769626882,3.5046000000000013,4.169840662773899,3.8232000000000004,3.4603499999999996,2.883625,12.128747021465896,17.524022091023788,27.12612806137528,28.74012565258476,31.838348481416077,19.280475361607483,32.3715056987954,33.81424470719567,12.715130182812816
34.39259118111348,103.88646675865404,50.33769742774257,6.91247984726766,18.820336556786145,19.115909306635142,12.235909893790812,9.984258836672696,23.977179375351728,70.7617082814467,36.81624648508253,25.329506309168256,30.872622974076872,19.834520390582025,12.390306636520666,11.659311448154352,29.687258023890607,17.535646770898115,24.042367179625675,25.137856750609924,23.736279146611697,54.08148841798831,19.63929137772852,9.301648612937605
33.95727173954941,5.244344204938009,6.558834333024263,9.330594589196773,2.9854,16.878090589196773,35.59747027629543,40.7579201830797,23.62170581137049,7.183015586641976,7.966041230302383,23.905446979922687,5.106438835161276,7.17038991505009,6.554549918030789,7.302204461110519,6.514647686622896,9.437546230139976,19.939678483466835,26.35002372260138,23.38517942760947,17.707069116731887,22.256872326289333,2.1076043419942856
23.310744451624863,9.570486158008476,11.087351883167456,8.811416082847138,12.31144445203033,13.97733878645534,26.13209668768477,29.994199551180994,51.63756447868111,52.477769467546175,11.58678136778917,24.47304717036204,9.269005190870988,7.767765734355242,7.9526192223044365,6.505608445399973,39.22242921852135,51.8908094735672,30.55621655203337,32.30660048650835,25.493283935336613,26.74731768612184,24.38276067334298,6.575498691373558
5.734620676649289,7.30184282540145,9.58428701221784,10.019936421864104,4.598368919162323,9.224539205246272,27.968553584958684,18.02808802965292,17.224915845939485,28.909010633725018,17.68223919634851,30.754253393475764,18.708496185607476,86.57067474769774,15.205048707402721,21.595023608726837,33.95674469341855,14.893744572953947,15.167675710447975,18.397068223926023,12.341099365963116,19.064341107706053,5.453421651778019,5.508624766601535
3.43321,3.900447364027986,12.425968280612462,11.998171122671245,8.709029611673479,11.077416561390772,13.654930298540847,8.096713830884726,4.781666871488734,10.618009118388658,9.222172557282695,10.388427480329504,20.155810909113946,22.07777450530392,9.548944869251233,8.609693990011838,9.208478922026588,16.316765754830556,12.312257215150195,19.8402855156242,20.43556338514385,22.07151861789393,25.5181698082472,34.9253074769495
7.151223504594981,8.005362636013306,7.764846726945754,10.129381908553736,9.208529007776123,6.357655152721643,10.167526472334904,23.068920528533592,33.03856225641406,39.98877935892799,48.20211428590752,41.05844955809566,23.117963263356113,12.768063559727015,7.645679439195871,7.14019938808579,24.329977076424885,10.92336903890664,15.463399306500214,21.08513891725484,33.4011464684792,24.80658715649485,34.036193120260016,29.72916478141796
4.104925000000001,4.319095000000002,4.319095000000002,4.515417500000001,4.104925000000001,4.515417500000001,66.60374489509135,40.95695187561027,46.79942986457525,29.864878535554745,19.41302169447073,29.5152821502122,24.720994569076993,62.884208216633425,18.461147264069602,30.920751478091503,39.12446334644053,20.298392168034116,25.21713573757979,28.98541078451156,21.829415037056613,31.4842705740749,28.154634310467536,6.005204464101552
5.495680273123219,12.607281911872994,13.72938638719253,14.032251382572191,10.781830461451374,9.36890727329294,18.63982178575249,15.910636052625811,22.403555711076717,30.49839015379125,11.49855466036837,9.976961381191195,10.29139186587735,15.64339149833229,17.73117005156308,17.989854206191534,12.250907639430116,45.98863266068535,9.888606074789688,3.234704178283665,4.515681751772075,18.591860180413576,17.904335643848516,13.200030640613376
6.819761490307864,7.009745764383695,11.953783483526156,12.49713727823189,10.073082357145804,8.343520527709334,9.327205362513546,31.12197257724356,22.19046620145692,6.223692693626402,7.7709108303924435,11.883850728897889,11.160485901921493,4.589763798037384,6.972715067611081,8.006355063890208,8.55807506660527,17.521414081781238,19.747042867139363,17.989427551625713,52.943996848525,23.39834595143661,17.83015121049294,6.729146738717572
6.307713923674474,6.858455401533647,5.52859524092019,8.328793665774176,7.571630605249251,3.694432500000001,9.56000664245384,5.930485587875593,15.086266079144783,18.970086832198785,11.47014,8.259960660271908,7.757180446168402,5.262973358677116,5.36247402253871,5.828588673563808,14.494769170287077,16.046586832028993,12.588625845321069,25.142126444030406,11.531136274862744,13.009653600737527,13.953456438121158,26.92618481096057
7.092405986688109,6.45639910560287,9.73667497417856,8.14119990168391,9.983477382974304,12.166862694315254,10.095649685857389,13.37209992274556,61.23421893062367,42.35504558705136,32.50084188181693,8.46815426645282,11.516959046526527,7.072899749235319,8.686595268502836,4.585469687966667,13.45863033008937,3.343816462597866,4.489454598324123,4.617724729704813,2.5158780612127125,3.3998637026584446,3.625971429374655,5.503496017871049
3.58248,6.539159093429872,3.7693920000000007,6.836393597676684,6.214903270615167,6.836393597676684,5.261874958247966,6.770636857892234,27.00712113318914,67.56683888250656,4.737854228147041,5.024945629957947,57.612561919307296,20.09264134309962,19.733122494773497,3.0840480000000006,2.9745990916438547,2.185541475709207,30.037915686400424,6.60343970938151,21.24292809372356,30.50764502095182,32.22744195609118,20.00731313084278
3.358575,7.739558892673929,3.7440926946336974,7.651664571743196,7.355779112871915,8.091357024159107,8.025744503406534,10.181468646322,12.478579506817104,10.00576049600565,42.55728661398425,10.30973134737044,10.772485925191642,43.33329843307679,45.6268077653084,14.956254879266115,17.346152194011324,8.707735491091364,13.366874858761737,21.09927124330795,15.895184445401304,11.67377442907233,10.089140002433142,4.327492461683529
4.104925000000001,7.121743593997178,5.460926411743604,11.867703399570612,4.548870713925173,13.522649544114175,14.525138696612258,3.74649195389741,11.759870478789688,75.58708551379785,17.766052293356484,8.2718269503161,19.19976482814898,22.341767836721417,29.83088985565923,77.63922109041278,30.010258954916093,24.74648982493255,20.255204667989798,26.710061501863784,13.583332590214528,4.3861920396213945,3.274610878682398,7.702771986716042
9.463580030672974,30.57370202814625,6.050764175611007,3.5302355000000003,3.209305,6.325798910866053,25.19736357107408,35.17743781079939,61.27149151095959,14.345088202076392,5.40068207409908,4.425213193674728,5.023752781162967,5.300093579313532,5.252019498469445,14.69503582826636,40.29283148796191,14.309688726525998,19.43910273852732,22.27008783585761,24.74056355815909,29.49287668640838,37.2617986263348,33.68756898462893
10.739539269355491,11.607550392077744,3.7693920000000007,3.940728000000001,3.5824800000000003,3.940728000000001,10.88174440962092,23.921650811575773,35.56880139808234,39.625335944651134,34.28619157226867,28.04333233827936,13.977759395578143,4.229045891227108,2.76828,3.0840480000000006,2.7490428,14.66581462665277,17.699054929779706,20.14809651765256,30.11787717754704,18.712431790329905,19.096527030216546,2.16648
11.592810426214363,20.091589199360747,8.524861743139157,18.50809068626647,12.652058231449772,11.206155854024075,28.10769863923289,10.36200128719556,14.163438159749614,13.479335923607836,18.396301325683105,32.96480727737777,39.0865481933957,33.04419489326643,16.998838647828975,8.255689156375722,10.537402902653817,5.850591081332431,5.940444992583059,6.159182956830332,6.19855615905665,10.638246190013998,8.506170362740349,9.412653052096395
2.612225,9.10480787807205,2.7485150000000007,3.4775579801473437,7.829542783090693,9.51866278162078,93.9962424685902,27.665051757472693,29.549634688624767,46.02595742682876,31.47536887101034,38.41168562848602,21.732791663620745,10.90329133295658,4.137561943245549,9.764937135014401,11.865381364787089,16.65532021484861,27.173464535648694,25.862971781067976,20.87905268647809,19.02643552319414,21.87304156080506,30.08129852541064
5.843069083125258,4.240566000000001,4.240566000000001,4.433319,4.03029,4.660955422455561,5.463737345668298,20.81177953420177,7.901329338190974,11.69712039983212,3.784968,4.39668,24.56031411979656,16.81950370177357,11.878363156308781,83.46931899989754,29.03066845955074,28.152723918019674,25.79182109259944,27.489781274502405,20.90850448417764,26.220607979234416,12.116247952392602,6.5547263008922645
3.1346700000000003,14.224291299064294,13.112660141659026,9.3505907241797,13.518954540433002,11.890094920369862,10.936521389103085,6.942526191689237,7.499481273452575,10.553425514837478,9.967512450822973,12.154701163760608,11.038911390102005,11.051453978265657,9.916356347753606,7.941997714614336,6.334671573207842,4.390395128659681,6.590643161772983,12.646665474648106,12.08899242600179,5.886355858395649,3.669987395800146,5.185661702643017
25.66233956764269,8.260241729959418,3.7693920000000007,8.635707263139393,4.862928889947107,6.992464521040605,9.912290075951304,5.640174972968985,15.25942176238965,6.648067202987061,7.372777742443119,8.33152889254455,7.387116524810892,14.904806567582074,6.6773723108619185,3.0840480000000006,13.148505634361149,16.38768176574636,20.113421032349383,27.95460793774834,30.8783648589826,25.96043371995291,32.80965891911108,4.7476220311186745
2.9854,5.268768757388144,6.598524230755733,9.400815177490912,2.9854,5.786298027155373,9.148371763298655,19.30866033348327,14.75543273316786,7.237073832919655,6.601725385089577,4.9112515882019,8.237712797849422,7.924654116562585,5.8226096249290356,3.3535090505622716,15.9139189043552,19.74599715378035,15.962736358115963,22.14202352430477,40.27667198196295,26.61095514222004,25.58024996879932,21.35893345226316
6.705556897861021,5.47884130877607,4.6905559429850445,5.727879550084072,4.457966392093224,7.376112587647123,18.364342848429743,73.81352391147648,41.53141455284388,100.72346502807524,35.813926690790176,36.4052161176547,50.88917663733064,63.662459812315305,14.585643356132177,51.19012685274387,21.42746081750412,12.844078298273097,27.520901177920983,40.24956484483111,24.43827066476969,21.30158344430384,8.35596392092507,15.066677100578833
5.884994779570196,8.064980970921631,13.460591319905182,11.275183869147694,7.6710853829507935,13.782776769538383,19.15073146461564,29.161009234779044,9.762126942517494,10.187423366733624,12.492045717482704,8.407865809978048,13.364074617702535,4.522163772531716,7.321775171907465,9.918634010497268,15.7955344006447,44.98388586639947,15.538505954259078,21.819700784637977,28.869330331944177,19.269988591186923,40.17181239778707,14.68725110697099
31.23412383229945,46.7959154233546,6.51902885605023,10.759925680028232,7.4669993913828865,8.920984427606472,13.973852841896624,13.670730963423868,6.911055337091262,16.765268893885736,23.80450403026412,72.46643705247646,59.03501247041371,50.59963954520317,20.479796789337282,25.813513057282922,4.214664101194367,22.18426675564881,76.14685361951335,28.19360914947974,20.08513046584497,24.72410718509093,33.48198911592823,4.298756609460172
3.955655,4.162037,4.162037,4.3512205,3.955655,4.3512205,4.994444400000001,2.8418801400000007,40.0299787704986,67.97160221105577,23.514252335372024,24.380810398375544,73.12579052463144,63.8624922053759,13.554410938463517,15.885989495145672,47.564839170782186,20.43500790273896,18.73031273191245,22.35124870398984,18.530692386245125,15.89489151685615,19.340005052694384,4.701459023993769
9.645868273417124,8.248307199554583,10.375797232111063,8.78857854347365,7.04136899242673,13.830460641145352,113.81893599915784,12.405581639605908,23.74366428860933,61.90239954043624,19.64043702357748,10.92175801826683,7.28767005619667,9.283494315526807,9.130090347085574,4.539798158542955,9.557992015612962,26.9549428600628,28.930141463346622,6.787595909406029,4.554856385901136,22.24070103934608,26.864088463032434,38.58674026585667
2.910765,8.108083716848835,6.304177198420859,11.703463784120098,5.6532438828820135,9.117697980259912,44.03414434604471,36.002420600103946,50.5927376397017,33.1798460436454,12.13301097403547,29.90434242465673,10.25034912795675,20.471050286347296,21.186132959080744,19.695805543639903,36.73266782043201,28.22470252607476,29.055049291673168,24.551704785402325,22.549870053385185,26.961875283243067,17.244279390486362,7.708191506814956
4.176280407055269,7.313130531794297,10.510746444913732,9.925816386653535,4.634456111923426,9.56441032979248,11.678829419036916,10.654923101926084,8.553218794630803,12.131369426589508,25.044535575287124,24.71670083579593,23.589668418285882,49.75991413820938,9.699464277158434,8.254474695822601,30.05389131145702,24.28942572817026,15.647937419068406,36.27186063344264,16.79913422693675,26.513204060525084,12.640742700723187,2.8026552771710844
4.920875049376285,5.3340121508378,6.741574301675598,7.048009497206307,6.110000098752572,4.59543908286772,7.5268643016756,8.953930557612873,4.994898871713084,3.1601137500000003,6.017272930421194,6.989761484832699,6.41201453437335,5.252145244855629,3.3430596781681103,5.5158335195527615,4.010375651922761,9.009852547534033,15.268601322621564,19.641894978640043,15.611606171190768,23.69702633073727,22.23377556169464,12.623166870347394
3.657115,13.665427193009409,9.025192032710637,11.69930033967658,12.987802704099847,14.111653572914364,4.617505200000001,4.9172630181347605,17.422834254981762,63.6544115166931,22.933945947732205,9.825440619481318,13.306080873133125,12.043235234710764,6.006599540755753,7.38424802676325,19.64018282879934,26.66137570150431,34.67531372822594,31.544958887389196,26.84150731560577,43.01050306364515,4.6185847771722575,4.980400559996319
6.777290142724744,13.800927532104806,16.455662421406487,11.51345007088876,15.404547053153433,12.260821722091212,42.35778714023153,77.450359768043,46.2167676326824,43.30993312974231,14.16796287354034,15.522421652417668,9.342816040244019,8.741493996823907,12.085206624286128,24.220535376449757,32.488053284701465,41.38654070947107,38.9982516659378,34.587581719717555,20.39155960603337,26.84594790284413,41.65140530048969,62.9888327717986
5.299705083729431,7.503147089810026,13.372520109872877,13.980361933048918,12.313705809255966,5.769018363536053,13.750281470864747,29.445317984689392,68.53251245576492,18.442530454601773,20.853743004173666,21.49685376639417,23.69863334237303,7.96464931325439,11.366049783406233,16.800818547514933,21.00067402651437,9.76102730456593,15.269157950028594,12.142750463389612,9.985669556517143,12.920888400513473,10.245707703294602,18.555042122699625
9.917324909153493,7.052329407925052,6.148872425887269,10.028776461455182,10.16460935422418,11.181070289646598,6.850031929773176,15.638972231476844,30.416783435709625,10.206361406147574,56.10528929687654,67.81299473206813,14.185634594497628,11.39883796109599,7.854470864627774,12.647288073826166,36.15493540440673,35.056705003396694,30.25928759216481,24.89506229855648,13.671693970696142,21.53074135368024,24.150434141103,18.90050433773442
3.1346700000000003,9.158888151017038,10.56974815101704,21.528711027962803,8.704728407991398,9.575201248790538,14.281173919224305,20.225159627949683,19.30164340164211,14.343783126570807,67.4362466323296,23.755539850095087,9.362410984272861,16.41394130115692,13.157754538075285,11.02150830470003,15.217003700115828,32.2914550481907,28.486942938823,77.69456227794474,27.369760856146875,32.05200271746055,19.18573336775336,5.264124294160806
3.657115,13.790867897068344,10.849459739232437,14.001181242640202,12.850247245121368,8.724660733017876,15.35015307583593,16.516311978041582,26.138605753218155,43.95200221439688,13.82995717279112,13.646333317179469,8.475346319616282,10.008107306895889,6.806054966434889,8.93423884977362,74.48338082348927,65.14636205394201,65.68694970153307,27.793993344230405,20.84810304978705,25.04923118180806,30.724995402415363,27.239299525373625
23.530358646617447,23.779009419089483,13.385133849764438,7.860991910270922,8.978755471245409,8.139744506383778,11.0166952325038,5.134190921949277,8.618175812600391,23.65520992054984,16.727336756211802,25.476972932636976,26.667601421199365,14.72407571016984,16.05238761432799,10.975792463007302,7.962445044250364,5.675630827541661,7.017341603926583,15.937338254459355,25.442610188943995,39.18105442708639,31.251492226356493,26.97401715591124
13.466688101333844,36.504073868366,12.380704014030876,4.37318643270196,8.185635297290542,5.1450218317549,15.12418293806965,5.880845115322995,21.05548857175799,17.44223405534424,7.687379235716334,8.92978396068059,7.906989504157856,5.8552814199471,4.156469955526167,16.58244050474574,30.268444088274443,20.796863070592103,20.9512743349842,22.487077966206822,21.638847738574512,28.35682544115061,27.996458734250005,19.19480976292811
20.37643978569992,5.3326905303785415,5.3326905303785415,5.575085554486656,11.152171295091646,7.282120963457582,7.2856746364542495,4.265594991452108,10.004913014996966,5.231977410199099,5.322581513985443,5.659767715440575,3.59608655667639,7.415055448630943,3.9163824143088077,14.885038051926195,18.12306587730199,16.145951747914413,36.69800030057637,21.74508253528785,19.421334897382568,60.164626671475176,27.15636379193712,30.30925059646325
12.243973394929348,14.688300127899158,11.023917483237502,14.832888945018912,9.414617468926808,14.18716493354892,18.03839303802309,18.0661813570711,22.837109034584923,36.54040367862179,44.81723355244368,14.149671020365188,12.544023335832753,14.003775217471015,7.934163830638072,29.809521229559074,50.33937958754793,31.63612018134777,39.61871525862965,33.68338479341857,18.7071896410428,24.29714239260787,24.14271378263096,39.42555471012718
8.91036823234893,9.102597463793924,5.558023367159589,7.235926601026803,8.910368232348928,9.80140505558382,12.208628411626648,12.678134138634734,7.367974313494975,4.912136007203729,9.63753644467395,17.717814640390582,9.250694595272435,9.150471621004536,39.37787314229715,6.33215432807933,9.32486377320536,15.284410831572943,17.877058670501185,21.704600153701413,17.74228198231851,22.87128134872744,20.72705995414835,26.70371979066349
6.318460329972081,16.590505856326406,14.261481726529691,17.344619758886694,15.288687619646964,5.008780000932119,19.38099542371537,25.02922436988201,34.95381547336602,81.4191589576076,6.9149543544645855,6.892865814514996,13.886461545892164,15.874503368352611,19.866602376589608,35.95515652867818,54.85318707571178,18.720927962312462,21.48456244047714,21.61840383412975,22.91613379750656,26.1345940089586,25.870222628577203,6.169514433760345
8.599028974540596,9.04767396451663,6.254279074780287,6.7819284359973295,8.599028974540596,9.458931871994658,16.350983134063295,6.177841511969948,12.470555216111125,6.157713991179877,8.075609819568562,8.65670085204651,5.183169863673291,6.947896174319583,6.644704207599551,7.402642334604515,6.756785000294928,17.186838014551856,20.497779882633303,2.9869918182394826,11.22332689130743,21.826554923169866,20.614144145037955,4.129856640938908
19.976181696172542,3.847921000000001,3.847921000000001,4.022826500000002,3.657115000000001,4.022826500000002,36.58053860477256,24.84482492817024,27.950274543355803,68.10793568582005,36.677536815168175,26.593098100994723,30.18229697987596,17.339157698662827,2.8259525,3.1482990000000006,2.2890215250000003,21.073087666272475,45.11521998873524,16.46442377778176,13.837271554167554,13.886833397962448,13.196725914332868,8.660565
3.731750000000001,10.470505723242251,10.846636259936762,7.252207741413146,7.991398596637471,9.59609953704335,7.811646972481887,7.149365147555992,6.741558222918215,6.0879889272694045,6.751644935093986,7.885030582715234,13.783050704429764,12.195288633492755,6.272165141561593,8.624377940156782,4.954484341055879,8.83220756567113,12.702797019339576,8.623043898706793,12.151319347851569,10.68776048686861,3.308939198480662,5.704349108799625
4.676704999999999,18.15152671939705,12.872346212863496,9.959883268577109,16.776815033138856,18.97659611573328,22.15994314022321,18.377265443726618,25.36781246975064,11.347572021771777,14.418382310276703,12.329328620506391,15.868288830926634,35.85964288002619,33.7287359178738,31.761408520068635,27.380682467472056,34.40481103723224,33.59399370705115,40.163183068528944,25.440391091227013,33.5482123343496,39.48309018472219,46.128103456192655
7.069289922622582,10.328374158926692,7.579495813588617,12.0931375292562,19.95990664943454,77.04454922008097,45.81030978723178,10.658741090833685,24.925732544090224,77.88086556746363,22.798584532391672,8.782263043118357,12.770915332016179,11.558860867635012,8.897395548857116,15.400658610136993,44.27268323419215,15.737489633977289,18.03933459117057,5.120498502371888,2.4932407592080787,5.326159172437731,4.452134671932086,10.389808606488431
9.8305386422163,8.404288309015865,8.190041704060596,3.858629500000001,6.765809901799093,4.978554934993439,10.085145970819037,2.5201578600000003,5.411199846025855,5.729410839568959,4.250465873354082,13.175827072145928,9.255841746792933,13.154649032938012,25.226537523368748,20.82907501175572,5.081445244991322,10.926703153765947,16.342877685558367,19.57024122011717,19.13335593718694,26.83731705367418,22.03579784533129,11.62097624372479
9.723547847707058,10.230863387587432,10.337570722896206,12.69561154790714,8.10846277682927,10.903782435203375,16.57201355446186,52.51296805608349,48.9381502975609,14.199566360517002,11.102990795179702,14.580239770574089,65.83532583322659,38.65169697357926,23.927596779421766,22.558191208619853,17.46361316573039,9.438064391192984,7.666804064358974,1.9334360782879956,5.767147378056092,2.903568916485341,5.190778716043919,31.466440213743827
6.671838915905131,14.81062177593062,25.508734992050343,13.538008116256892,15.16923791402878,15.467618293732452,23.53281525825838,69.43224310618778,52.44826153919493,11.344663246126526,10.982398406689326,31.162839840894293,48.33633664508243,84.78057558478042,18.41214535240329,22.736502365634575,32.68472615620762,37.17392550910677,22.011420337866078,27.42827044261681,37.32211260580238,44.81114233714011,32.62517352179096,15.869031538086627
9.359825699042156,9.848164431166095,5.452882351121109,9.019400594185832,9.359825699042156,13.26583446276247,9.180628069372322,4.39020263503514,6.897886595079584,54.65667321862591,6.610618460853217,10.210718944409624,9.58919692170643,3.9447989999999997,18.704435592105984,29.364762301480724,51.34612243553767,36.800180346947,52.94864051304683,40.83229205253458,19.391041351668253,26.40317582700358,22.86689451091673,30.68342396375433
11.858726400309813,8.873467518013426,17.424460078339404,4.104925000000001,16.411831667886585,18.216480990991187,9.966503335358537,9.476890714744869,10.446422462344648,9.910870176184796,10.39019751908828,8.514131673754704,13.718025055101018,10.996273571196367,12.796701522597113,8.260061752916284,26.26409513898536,38.67910599998488,20.09075861273622,23.85505401337177,17.0604509088291,12.325840672747404,12.550308090191894,28.308054600234307
5.17919014144325,9.264654883262647,8.800283917902854,11.384951137568374,6.944567365125109,8.229339350237051,6.620925350590511,22.906065359766558,26.73998768892932,79.7718073239406,32.07154488023822,109.31590625934236,48.93592250157996,17.96344835132216,6.038844783952096,8.909961759836118,6.478131287781672,21.14889901441813,15.98476970004018,17.288428271942415,18.131097633419937,26.91278607791934,34.31232860057672,2.064479748685744
10.353747719013215,16.688658997341125,10.73052576511374,10.680480118895824,12.853410824658411,16.15419404737496,15.895595063401045,40.28826740233265,34.29735401968429,43.52705926849533,24.58603172089056,16.28755742651105,14.90416843220417,6.714124386150024,10.4396534174983,19.927177892569173,30.557156128667074,24.12317862034901,17.870134387432383,19.12506418201433,24.77046626291925,23.60535815234024,33.427271093409445,37.76798157424719
3.657115,9.143526304772855,9.143526304772855,9.05583980618908,4.343434996298512,8.804189140879622,10.972231565727428,6.243290440498621,5.1122492530630455,8.238626184662849,60.09806370813008,14.653969062643167,10.31327371373545,18.800949659312813,22.156710964047395,22.70137325851013,27.62136566516089,27.41620668577728,13.957270920130496,17.12708841641375,16.34253704127825,21.53651265474089,12.342009413830748,2.211615
3.209305,8.390015376599502,8.390015376599502,3.5302355000000003,7.973981556272253,8.77137971189948,4.052096400000001,90.31003254562856,80.62647023087955,25.02108104033496,6.878428843269037,4.209854859610748,7.28185694806752,4.9841531022304535,4.320815260377915,24.000866810446247,8.258716098475729,14.12359990592391,42.5085220923982,24.759811951697127,5.679907295814646,3.4719913369128514,3.857768152125391,4.8222101901567385
7.46051788343264,15.732166176550017,12.233194193000784,10.980980321598963,14.780447628479308,10.26356116060732,20.204271438899276,17.77794283728601,27.420030452474588,9.90175232937707,9.98028044158048,17.45673339949974,16.39414962735628,9.483237636758085,7.330344392880066,46.01780986214882,8.537165406845865,25.69696950308314,20.074812425736432,31.067089404785413,28.718615359773604,37.29913084403251,37.34114554954416,10.192505549119362
8.538875367270435,5.026030817939871,8.70164254458353,10.279536362523396,3.4332100000000003,11.258831217870087,37.2795577615053,51.250775110397846,32.07353943947228,38.361911006364274,8.776204957727485,3.74532,54.417786167172686,35.83928154437808,15.412061046729768,25.48839859207085,42.39563296541441,26.65952384965269,20.344132040965885,19.174554459782534,19.05557631807602,24.80086797044977,27.49602659601594,27.166924857493
3.507845,12.09125124493009,9.406159143526418,4.950295733146443,10.110582155117418,13.682182077480014,14.509501493916108,8.815122259806904,12.107297323443929,6.106751774062095,6.076827306540285,13.901199715527532,11.773299484169343,6.534870119945669,7.925990305332156,8.428246235995346,6.571583044914397,5.1269923094930006,7.311858194866639,15.450088817115542,7.0782164598321895,3.9285941850632247,4.006751951500669,6.949517056627737
4.4213928085157255,9.40548009539251,10.018026560940369,9.519199216502814,6.745433093314696,8.167989252466635,21.697995694885385,31.81121324007216,9.291807192500812,18.89222462212437,21.63284934743753,40.51004994185399,17.525347416363132,14.579256921797112,57.759580828459264,21.966047952456094,5.711113504513706,8.949979456497356,22.624801520447956,26.02431321207718,31.52758087158544,17.69284492032839,27.74206809504045,23.46161048504068
3.507845,6.924523439069158,6.924523439069158,18.84438450448139,6.581158640437627,7.23927450448139,41.202135192790045,46.9603126339521,27.404907564404414,6.950184382828874,22.665523761818424,13.135387848512767,4.118579340975911,3.252729,5.085440767610893,5.66551917742022,19.741481800743227,13.396000784726912,19.481986142179128,18.349475857388345,20.393608910611523,18.8224237275856,24.6183115668536,2.637613101654542
24.552210972502035,21.08871959227736,9.729807405563005,4.53743788084287,8.759490560779453,10.17207137854314,7.98000927576164,5.2416638157575575,5.603662490639604,7.830813627366061,8.68445619670086,6.894823942243339,6.7250401072913775,8.574803971995042,7.145669976662535,9.636295960151367,19.38609331350652,11.2806900091173,44.668096553560034,11.61274624539855,15.800648115971494,12.93365415444293,21.29994727703272,63.37717870178835
4.757513353442484,12.208418217916028,10.2258386737172,15.27839313236534,11.854278083234645,13.03970589155811,145.60505019242,38.54149554661768,40.22190476544376,44.331973598082165,25.09660586993636,49.22748971306685,40.149078863310486,10.642702366085006,11.019195222795629,13.534338709896216,17.115963632968167,7.307101726239547,14.758418214643395,26.8372170751977,27.46291312096092,21.97965231865168,28.141297049922542,26.761512137293
3.955655,4.162037,4.162037,4.3512205,3.955655,4.3512205,4.994444400000001,9.70074871938466,23.070398298949687,16.714559374988365,22.1640638256095,73.57914095784724,5.368167538611169,3.667970999999999,4.2594613378432,3.405303,3.022840595850057,21.00628027047256,20.109075841097926,9.807429868241435,5.370255744425185,11.560087304447691,10.050092562186531,2.392155
5.883230177969911,10.259220315215549,7.8435830000000015,37.68444098320378,7.771010998384202,10.31564666879582,19.942090391928083,25.59498426507577,33.79416976579689,22.6052653318892,21.472997947215664,31.1118296072174,9.60999115181864,21.120144313731522,53.57766433860048,37.53573220603041,24.685995632739,12.90121765921305,18.56422651465879,22.777090215829144,15.886597370145546,28.06651549233697,3.100298313947551,3.706361803641618
2.5388550000000003,5.0323913588176055,5.0323913588176055,5.261136420582042,4.782851291438219,5.261136420582042,3.1097484000000004,14.098971104699997,12.970914001374766,14.841783125106014,30.07714562274205,16.79880830117993,12.11321471289143,4.435007561151802,3.6958396342931685,10.50345628273675,19.87514015453756,15.113567942768803,12.060800279343349,17.71439357090852,12.088978292402032,16.574532319028208,11.284969096737022,13.183075688128636
9.201119143831392,6.625662206640161,6.903436327304177,10.411631275272372,3.657115000000001,6.92682867057835,58.70453319276504,50.66062705408451,23.35205603009113,6.772011433886602,8.888981642129767,10.325584735807306,52.67553822343505,35.882185862635694,24.391432170003124,27.284581538917205,85.33374502637612,41.170979722063855,29.681858330093032,24.604459688518315,19.21271327770112,29.264955141809075,38.4424017936299,21.230691998794228
5.018081413677311,9.166287699906404,7.894831229386742,12.737719680872711,11.579745164429736,4.104925000000001,14.620686938045198,49.85924519583469,37.10926870424888,29.03615773680713,27.92571702386089,28.7881873433067,19.484791917357278,26.467487734991035,13.445711911520695,13.621207426591736,20.818588650799555,79.09971611602603,43.64018309334693,37.63898557408351,33.86893675955775,38.52284320724931,33.850497066974505,35.922563500938914
4.328830000000001,4.5546820000000015,4.5546820000000015,4.761713,10.04663,4.761713,5.465618400000001,26.550227498367462,63.27884219882464,23.851411711000434,32.23725077487087,34.860249264332325,20.06498002637873,4.014005999999999,11.271371419950764,22.368463790790816,26.539635617049388,19.42938288934276,25.57055067298409,22.319713579610195,25.31381786594717,25.02436859153759,37.52357264439679,31.539502958884555
3.657115,5.857553759415104,5.020206776325479,7.524459338374803,6.8404175803407306,6.824132770699842,7.230027787239638,3.656546503778157,4.634071982609012,15.330797671883236,65.127051759979,15.446850303590264,3.9098016183447264,4.719448349433084,4.05586486058619,5.888707308293326,2.687513129829925,3.353257070044488,13.08163195998194,24.02130308916399,18.08828686360541,16.10683516362106,9.0686541002723,11.80249476680711
2.9854,5.949850127807082,5.949850127807082,6.220297860889222,4.7650108247813465,8.6533563718734,117.38999395799767,60.72510649910022,10.43534769214108,4.788601204477942,5.310610031431113,4.541502983266051,16.806805770589616,14.811171411357456,12.539503012148186,58.59082149767801,17.51592614252933,36.648545456803696,8.38169483772506,2.3228608277479696,10.894852884841612,17.639466445920615,25.09734976095332,15.9888409864879
29.195286427170256,10.849639473696245,10.563505043073686,7.453977869948599,7.592181357513453,11.342804904318797,7.869147617229475,16.147399722038617,16.2554449362749,8.732084932539633,4.065336,11.249062715026904,10.56433715846005,4.014005999999999,7.968086089810724,8.876977751206017,5.26265565187274,30.253445561919616,20.177957519330903,18.25403880943557,22.398198114902986,24.222549507473392,18.079445309443106,6.529891651643212
3.88102,4.083508000000001,9.829553853929458,10.276351756380793,7.604509518417847,5.907457388103852,11.795464624715343,9.95064668044395,8.458729394042377,39.109246706407575,41.09511654068086,84.7943944355762,32.018172294547476,20.826778183355785,7.058898174252565,14.364667541828844,14.706365376081845,19.821327377829743,20.649919640751506,18.249350931802837,20.445008115889507,13.384259162229936,12.759731010802232,17.776548950397043
6.84377830390161,12.073992276712143,17.217142791779242,13.408057610392111,18.315780344833016,19.07560990575696,7.777078485737213,19.634112245086012,10.274438076009426,13.007855106781694,17.599653158435476,18.19131050818512,5.9817444231860595,16.789861082938355,10.238790707544405,12.7372221338845,8.241050831125996,6.348571687021898,4.016462032913362,5.178635036403115,3.052708206480457,40.82372444916974,18.088371212777147,7.208690758351457
5.549555,6.743891618430529,4.162037,7.050432146541005,6.409483769582732,7.050432146541005,23.16671428854605,28.704098896452503,30.962290594020292,42.80054338335392,28.35558310458192,6.99216411227207,5.588902186173537,26.013237644697895,4.952782912859383,5.517729505988614,4.0117541594161,2.616295965300288,2.668610863450495,32.22569155798271,10.55231561537048,15.553668446132576,3.1008727802250053,3.8760909752812567
8.602313817315672,9.470589639656724,6.955804537367436,7.8625756748679105,11.035545701056616,34.47631954478576,41.44896709968607,50.15720541942552,36.171568322864445,78.09400237506463,41.27962118114548,87.6054742153007,11.163304605060183,9.111952828709244,11.100949324648969,28.82636161092478,28.434699221434,29.27291016894381,22.9979695157138,26.34154477971701,21.563802874303697,40.44973724500363,56.119571920386335,45.23281146521992
8.787706960954113,7.859607196208365,5.548625823578138,9.183272460954113,8.787706960954111,10.364378762201904,6.658350988293765,5.366617740088718,8.769416982374198,15.782712260031571,52.91324936181815,8.121391731210435,14.252404912224044,35.278438658051904,15.295715816321598,23.88498980000256,21.5678808596765,21.271381389662626,19.124568819235375,16.84268828475333,14.25199059483342,28.061125421986784,25.416346260282683,2.392155
6.775207725039533,4.240566000000001,6.968245111307402,9.662430497543486,6.775207725039532,6.949493581286238,7.976810023737247,8.797881481341877,21.36956366972677,30.3059196681084,74.05561082037316,7.224777050040729,18.747883798442032,13.808842778326,18.815026327847594,16.871658608305044,25.87819983732476,24.476164745365832,19.254809143948467,16.3809102419771,19.07381495826837,46.3781890285756,15.58589042867109,2.43729
7.848574674133765,12.319099722941134,13.95780057057539,12.664910395031718,9.931140916265386,11.2976155456611,47.178272933527765,101.33795540550874,42.7076801954425,8.908656672532723,9.645395090366785,14.47164897625397,12.792961224792418,8.468243247107216,8.25650695961455,9.073696980449007,8.303108600125718,5.831599552769211,7.830133029353307,18.56967758676789,13.55831184497818,53.93128181491455,13.987877496801262,11.676022636279123
9.174014886757249,6.94661257085925,7.684625272002679,8.805485153743662,9.174014886757249,4.433319,11.5831909700622,55.14760109399159,22.550051934377976,5.194840932154106,9.538234264700591,27.09935061663255,17.76990522809166,19.214322480080952,20.091175061078935,69.66397271118541,7.908555177499362,41.30404158715155,37.38345040842484,72.99063632307451,21.7666631390926,26.89941970182008,23.362864866523147,11.845402307917151
4.03029,7.238848584410867,7.238848584410866,7.0454591303579495,4.346913046103994,8.09031518250113,8.286847290038258,22.79466996583965,15.035415959221638,5.28977791556463,13.636717706579883,33.23328528626855,36.97694501948383,40.996254396870015,20.81807719522023,29.510217883749963,52.5025775056255,20.658478910346165,18.16756630562135,41.704775157778165,25.20456305569981,35.74697444306283,25.494901762529995,37.85506378481538
4.104925000000001,15.036266060886256,4.319095000000002,15.719732700017444,14.290666090924956,10.079271771998476,11.321059191564204,11.437230318929418,14.47312346330282,24.208227504953065,11.388027035719611,6.603271170110355,16.093186069814436,13.251344920675859,11.464094671822025,91.73444182820457,15.198236734853312,11.651900670956213,25.427640072855898,44.43757055025281,13.450033891145408,19.76919524594653,22.20968886396496,23.1250563379445
4.03029,15.763811857384288,15.206935465146742,4.724413477760536,11.277296428495609,15.55397421979639,25.282070904791677,78.6052530236722,56.89013196854426,79.36377064567297,198.84385113473297,75.95884593242661,43.93413257693018,33.656755954601635,22.0060591393686,41.53039088588668,40.217380504884645,22.67020870258061,24.29771322889909,22.649692096774235,22.251564137367467,42.93698889378336,55.14176710664027,24.605278125257307
8.766559392099708,6.759934834161472,11.900371933675078,12.441297930660308,7.757151288164127,7.933276544074784,12.31773397332308,3.745516513933465,20.36213453671541,24.44060981139086,6.033660843714372,12.338477286605263,9.270952902395859,30.464337195764813,16.73817449880251,26.733479024782845,38.960406889099865,35.71923002976887,13.341084617062757,19.72151666261706,19.75897359452668,49.48025312313891,25.386894196205056,23.676215727164497
4.104925000000001,9.190929218490927,9.190929218490927,9.377185945312227,4.104925000000001,9.608698728422334,7.574541707259184,6.8552065761441625,38.53610376410588,43.28750853779145,89.90279863865811,35.328284351000065,31.06643032939142,18.631478710917985,16.493464048698094,19.959055583579442,78.14571804796212,29.094824201683423,22.51017184540452,18.45653718748064,20.581841329944663,24.576374011560187,30.680070223847217,40.335582946431146
2.3136849999999995,2.434399,2.434399,2.5450535000000003,2.313685,2.5450535000000003,2.921278800000001,1.66223178,1.5674164200000005,1.959270525,2.172852,2.52402,2.370384,2.145417,1.7878474999999998,10.74710912108488,61.044472369207405,4.808013845695745,0.924005313,1.773747647257165,0.8160046919999999,4.652259881821528,16.976777356668073,13.695907749125157
9.986037010143049,7.027579145045585,13.4511187818048,7.626881355578677,10.841615743942512,9.812684013985042,15.131946717007263,15.400886103741415,27.258395746867272,23.08468152533618,25.4968139485087,23.789902395803978,13.097407919773865,4.628039595098498,8.652037287701159,11.00546082147665,9.300392694044923,17.51024054248566,30.90893856193078,31.22812675523822,26.46976192276521,28.49883618494319,32.78166890701496,7.731108841533184
3.1346700000000003,8.817343571938421,3.298218000000001,9.218131916117436,3.64035918262371,6.8552626062367406,10.404895938771691,4.7902612541990965,5.677150333793976,5.554821458142154,7.870025667515282,8.36962371062174,5.475766449891957,6.031392780447556,43.171239989075715,6.5199687364094805,17.414596911837393,14.69802581461908,39.45889783297571,20.533370857400666,8.119147963008716,15.4752859042011,14.56358549973927,4.15038345260243
3.060035,9.672694355805382,7.326146953694334,5.512596066703857,9.193056619153872,10.11236228106926,10.551286896016489,12.795957439426475,24.32452032,15.82439111658348,8.633479259727114,3.33822,9.418341010611396,3.612984774983918,6.2420613749195955,6.714083642306707,53.25876896978833,14.763557084932112,24.27810891069061,32.98552817219131,25.115474999517875,31.410724807807853,34.758472374648946,17.555653360551318
12.763534920586338,14.781170245717124,14.0585851612795,9.808940980688478,13.819301515322534,14.949421713187135,20.62774463261107,23.411518871570724,14.721099117423098,12.369099667884742,15.342950553181783,6.642871518414914,14.392484326408262,7.165347785616216,11.440802288869113,10.533487102016576,10.779626468677382,24.236127156568127,59.85184945195509,29.327754478242923,23.81990240202881,21.58952202898205,34.01884948150996,23.35348890444968
3.7103183919046967,5.631011252602794,5.616293031555243,6.015938886571006,5.469035351428187,3.8234050770317225,7.349365856799433,3.423735849188388,6.578974467963495,28.101743077764105,28.18078077324647,51.57712598936801,14.989636320988447,15.917443094542367,11.366324359724473,24.73081248285996,17.89418156786235,15.512589863378595,10.783255555726754,14.239547767090356,12.70266495652516,17.273994033784145,16.51581296881067,17.69431364472425
4.104925000000001,10.037684183915824,8.997940695931126,5.330670916715272,9.539947778101814,4.515417500000001,13.001943820698983,19.110264279339013,45.76781607127021,87.09194630669987,38.82257345180169,45.74921783321717,36.370267875256424,36.11630149551374,9.751361637154345,21.855637950172056,5.971140041111908,23.098188619315746,36.098284240124016,27.58500232644417,18.59275711968748,40.99269393257203,28.517338566223515,23.081506348360914
7.513276259033067,7.489642773622395,7.737659491863885,4.459308410868576,19.821105811113785,11.903207970278386,30.158920455465573,37.91299356609297,26.06887352845397,7.4251424065825296,9.12655776757072,9.565400845839008,8.500169322929747,22.18894749275442,66.99005832382466,62.69235888915583,6.73456792019098,16.62592796669016,34.348806696012886,32.57000141434244,26.958574580219462,21.388622586025743,25.451608207991267,29.685951729114706
9.610843169211542,11.456779228460608,15.58046645734296,10.993317969057816,12.862232182891438,10.831779394859907,15.641021065892035,12.775308846810232,16.095392930264733,11.13928202315993,10.35693442970405,10.480479476320498,11.305561949751239,6.620439875475516,11.300156893669502,7.207172367947016,18.822134169638638,24.12470819326715,19.233507746329725,23.34891295257492,22.141267010418016,22.746919879892538,29.60701543863832,17.985007827706127
9.127302797607664,7.6247924818764385,11.74846523414841,11.765321601394383,9.127302797607664,8.403750532949402,33.32746153578909,26.045824808109757,31.24129506415829,10.848944245670298,5.0394719576481295,12.180978229244776,13.12537678115121,9.439551055445973,5.794984114518638,14.044556773312268,40.72381602132632,19.26545374422522,16.731744169889875,48.24419103913296,23.87671464616505,33.51150857557312,10.894426846028413,6.951923594038936
6.864758120576329,12.0414509269351,14.257541181246788,9.937140116765166,13.131358559374522,17.02641673194534,6.263837654108296,8.403675607446617,7.710087045759157,11.066689491926684,8.198570169974088,13.712744196690483,14.880668060572821,15.596969308078478,7.462838922159757,11.304386933722418,8.59445792731313,7.584564137534348,13.068066674594506,19.54679086363368,4.432120132293589,5.810907747626932,5.50604829984901,6.154196360483533
4.665299179452715,11.43254126640616,4.745946936997108,12.12235953268927,9.318753851616496,7.003559393309107,15.281537418882763,13.3710885406734,26.047222914566653,27.436576450494776,26.31296711129756,23.9928873189472,7.047383850022124,57.88560429783353,9.995307838834124,8.554897905880138,19.33204076784448,23.64133772766023,37.66213406409358,17.55430378020107,44.67787029422448,37.4274113997518,30.68958714065525,38.26370217473171
3.2839400000000003,8.491213003044143,8.491213003044143,8.159244062665886,3.719051010781425,8.877177230455239,10.18945560365297,9.360713494302251,40.84937129792028,54.95014343212125,3.901299985467719,7.617145736336845,13.3247134610421,21.685472116941526,20.66656208607962,28.74907704037545,74.70595751928296,35.092892078996826,29.51900425326224,30.556912323011435,23.91649198062113,35.54211987705667,45.54091068588815,11.578612646929546
3.806385,7.518499570498762,5.038367403087872,8.508465912912913,8.127827412912914,4.1870235000000005,10.26226556830396,15.127019666810426,7.736019275643525,16.700506175516484,5.234945764961009,8.866720814086813,6.314578567216015,5.168847964898369,6.280593909978159,28.20015364819175,68.39486647579766,4.0058445546836285,2.383054667338484,3.338713606296311,2.2372779345092333,19.0764085879372,3.932197926247196,4.915247407808995
3.2839400000000003,9.390379373416474,9.390379373416474,5.586614254380275,6.873540462509586,9.817214799480858,14.98737920496441,6.124238484003335,5.525008068868878,11.952446459551492,10.871264423401689,3.844777921973674,9.319401189165475,3.045108,12.507921617957216,8.73706169530524,2.0554479000000003,1.4651232631200002,3.56423102051982,3.666066192534674,3.147632589549972,5.267388611718171,4.317740177709153,3.5200646149781134
3.58248,10.487611382834048,4.895459892138024,9.369472466617244,9.075706358369324,10.571903392369313,5.649338292138022,17.363458381568172,34.246899147495064,41.10412650596256,28.31297605829468,24.356418744189806,22.055212696856078,9.863707414443441,7.702208960721471,62.15470672120262,21.5975866394976,44.44886876539887,21.913063579299376,30.357420608096035,21.429050342152856,24.10866090792783,20.77318342075664,5.297549087295057
9.401990411300677,6.830960520727747,6.830960520727747,9.760238411300676,9.401990411300677,10.342189452430745,4.5232704,6.754716937231842,8.24106546045569,8.288566314338977,6.954697138794425,15.988075480716946,14.790937308076547,17.106155812744255,6.986278795486598,22.91458472900133,14.392677109738983,28.45473917094994,3.120979751650948,8.495613142152877,15.69615004965198,22.55784270178514,15.338033437600064,5.68578866770357
10.345437968750172,4.319095000000002,10.586740633831695,6.387571390625054,8.359820205966027,11.379981765625187,12.704088760598042,6.913729108213992,41.68628258627618,12.141524491070896,34.599465449314444,28.1874609878269,28.699506916965277,39.97701711092136,40.22876803557091,51.53287231817283,2.5693098750000005,10.24957933224302,12.395853273970411,16.115909139416544,12.03010710350394,11.141823535584203,16.101089100262065,6.256332052248127
3.657115,7.288633080737413,3.847921000000001,7.619934584407295,3.657115000000001,11.001279584407294,23.8844287416214,4.976750951491941,11.73301189121755,79.10887640449909,27.99515632283363,24.524801726406523,32.77465995420507,23.31716931556708,36.706760243037095,5.963427066057883,12.722442328003442,29.103694227897964,18.131565100268656,1.790098815949181,2.113612737484188,3.0162126978739043,1.769292,4.189184302602645
4.104925000000001,9.758772335672983,11.017898335672983,4.515417500000001,11.594929746301222,7.236329444304441,43.71185534031686,41.46132100971813,33.57819142041239,8.469726991929285,41.05137305650469,35.4241900179655,35.58475601619493,50.97265420451399,44.17261376394529,43.944519143625506,43.62316541916017,74.72539480281,33.272257492545904,31.287921958272825,25.024864111966803,20.093383102863488,26.43915959107044,42.19312107040233
7.81521079957281,6.260809317974839,5.2797335128391705,7.571061719615529,7.815210799572809,8.596731879530092,8.3916888,15.674447851832229,26.0080474802248,49.46948735827068,29.698659742025217,19.863760065961387,134.07833666543556,47.85775660775676,28.730525722947135,45.39011679294267,28.38530625989293,31.71460874975009,26.41012342610905,57.914327820984326,15.180046620708488,15.20532665243567,2.4276460630034347,4.726194673259446
10.69885942090698,11.479024491735458,14.979994018978743,11.657186980779905,14.068888539937475,15.77692932265884,19.89064420179328,7.192478289149559,6.8257214800605945,13.76848827712818,11.669861729083632,11.539070268364638,9.224551466342218,12.170285497685812,12.563837934040745,6.916856874502098,8.787878905616425,52.30945831655689,17.480637565196105,6.550087947658408,6.296288923639458,15.908182810327864,21.943238736917003,20.17805829701978
11.342573977705731,6.109495817819603,4.411651877216806,12.02711816338256,7.7064371209375,21.56484014346403,45.56856392952144,35.57548617285272,20.09293328224683,12.817346046905014,30.016923516465425,34.19221961590604,39.78965293490541,35.26222757933924,5.236665967306969,19.593999452303812,30.532632766641637,42.72077650643238,20.19470291364091,15.933819639537289,14.640501658021725,26.55738228264054,11.993837375872062,12.87088991257668
4.104925000000001,4.319095000000002,4.319095000000002,4.515417500000001,4.104925000000001,4.515417500000001,9.750835402985416,50.706270359118825,23.38641547292552,38.503968416484526,72.86097570690274,36.694899432637605,18.734907384883517,3.806385,3.1719874999999997,8.863769802439007,20.276764371142256,19.450998699740072,9.648527691782308,13.265293522542104,11.637000517015984,16.542079197540843,17.254173422330005,21.49529095848856
27.1135991341143,70.64140388603852,52.05468747712949,4.104925000000001,7.116135073354433,10.886388406415527,45.686248066354565,17.959027883856415,23.45707282335312,32.09119466908778,6.682979025411119,19.84855796836324,35.768648278315176,32.802414907076226,38.123778262266775,34.749499530976465,2.487044634610684,2.9591441976059434,17.874428555589525,25.83954938184834,20.600682751937587,31.417672163576555,35.912815767224295,4.303433463332918
3.955655,4.162037,4.162037,4.3512205,3.955655,4.3512205,72.74469497644662,50.51714595458032,30.97437527003868,21.80611065327472,27.821348777040743,95.41764674681316,29.2714688637973,62.75965766978589,21.457654599220803,22.617203468696747,50.17820160399511,55.0942542736437,56.17852718385299,42.91399066006742,38.75777066547908,35.36204556394808,46.60411236204065,12.134830789041784
7.705115,5.7550594058411,4.434732817181877,8.397649367196554,6.166826697451414,4.943054122398854,13.453888196700191,7.121227424977027,6.709707192411953,6.248726198623165,18.535147543522267,21.25640451896876,22.41805381800538,20.304660234821316,7.9289228983318365,20.774327572731863,16.450864207645882,13.175165708107611,12.948365453856994,16.54359875239741,15.085035785906854,16.444781896216686,21.34972912285141,14.635399847554066
12.09189582656681,12.171918933040835,9.91860043751405,8.308171606379384,6.482091431478859,10.271084543293014,18.575257745435408,8.086850868144815,12.980505017362631,33.84095311373945,37.74621808654312,27.82444334567049,26.929009112626094,20.74910559936186,18.063524533690934,12.900739762571686,36.50117424735326,22.08198416481534,17.131213270142858,21.00297665669603,16.346193465590595,15.96412845587846,28.19301878938948,17.9594991865215
9.197311838838056,9.677171586951347,15.76052313457854,6.719397465143691,15.592336161556046,14.598496628151176,32.1879987215649,21.09143504758285,24.23955445137681,16.325266977018025,15.024880154387985,67.77206014450854,22.50638296411026,37.40472875594085,8.237800833923794,29.61152599981868,26.317854377890296,16.20300543797381,23.889297923652755,24.08689373690424,24.611748718050976,19.200953517593632,11.19049999077994,9.089796663535717
51.06434733460954,39.017725172281104,12.88414246145851,10.807203935732932,7.196583164398349,11.976371055686094,17.76353978611095,25.96628721942861,23.66239148125628,50.88701630101875,41.695266039815024,36.31300803138409,10.639720245450368,17.06235299876197,14.778976707699105,17.027031975219042,28.181977751699304,12.5816250829942,19.806290672987327,27.054510179317703,21.021730295798665,50.308434930569874,16.94269749400007,6.337898159100621
28.858805455457865,5.510106554605085,5.510106554605085,5.760565943450768,5.236878130409789,5.760565943450768,3.486687600000001,20.13133958163596,22.63756191297439,29.16275625692807,30.610074821782103,5.194052871953003,13.634169602256135,6.5416885243472,4.046678555316655,11.987225350450686,17.73574366282586,14.773351360578538,20.40459343775058,18.55265115275356,19.06382653515561,14.234725329562822,21.28967678049122,3.166965825899992
3.43321,10.085315323381195,10.085315323381195,5.929733465009035,7.3481235727437,18.150347618143584,20.00220560650232,10.57711459758417,30.61449179474172,43.37191793824518,75.6020225408539,18.929286032923336,9.82011168978364,3.183522,4.813763920020872,5.603583814110491,5.999474485477194,7.616163629810155,15.288801971667835,16.97537031032602,12.988726870049598,21.187240047453127,20.14874023500884,5.7965937057750665
2.38832,2.5129280000000005,2.5129280000000005,2.6271520000000006,2.38832,2.6271520000000006,4.1654976,3.69707976,1.61797824,2.3224158,2.242944,2.60544,2.4468479999999997,2.214624,1.8455199999999998,12.812456372535278,14.87856748685568,10.477881520190603,18.34557024650521,34.43256543870025,14.60561518885875,15.17527118357024,13.395833464580964,17.6848498730227
3.88102,9.40931496594758,7.714740022236989,5.787637209299104,8.712659302315327,9.837011100763378,38.67245427159079,36.66902134301424,24.9025908899764,41.9200180995223,23.30137171832876,30.204778889746173,10.54390112133683,32.24376761607324,15.724933338026384,17.22188380609607,4.733292910143103,2.244753647019376,3.5714182515791277,11.764231586081204,14.168943088018208,19.64213004646728,26.523369607015187,21.787385375839328
3.722301257344765,7.213592981123016,7.213592981123016,7.541483571174061,6.855894155612782,8.915839931458855,27.72986187114404,7.899171867275896,17.71861397427384,6.166480072980254,8.569700885160714,41.045253940515984,22.393588834056718,6.357283671568216,9.717677370294014,14.09781251453558,26.058131325991862,19.22245037200604,15.716549481028904,16.671213408011905,14.15934792550813,20.13704352842952,32.34756034811752,32.546459032881735
3.507845,3.690863000000001,9.40270966010267,9.28724409431245,3.754600208832384,18.200226487138032,12.119010459257764,6.420263405931259,18.94852574251125,12.85136313607167,3.2943240000000005,9.748865011977218,23.09919515230878,19.698900168831074,16.448209072632604,19.495611892959804,22.229345703384517,32.27549557231196,13.67673062438964,20.779952770444822,34.599627529387696,21.98278232472071,15.13907964768053,10.109232644379473
19.440827556338377,22.445540690605178,3.847921000000001,4.022826500000002,3.657115000000001,19.001819128864486,32.63158451379462,46.37939711445544,9.62280517186666,3.096911475,3.434508,3.98958,3.746736,3.391143,7.511959032213118,19.630848280973833,39.15682053372879,42.54107900902165,30.41076619123182,25.624219873468384,20.54893400465334,16.554489850063504,6.719112503292318,6.459804337574115
6.976099761954225,15.854631367910084,7.340070184317056,10.66145099350731,12.71267293786996,14.3932958230258,19.490586778379907,8.048230130525972,18.37748306818879,5.337016493193785,7.877859537937271,13.86837047767632,13.024208796426457,6.468747051993915,7.489449045025795,6.005511968986681,18.825700292971245,16.92292609335929,22.024296704581456,13.903014895105205,16.155107178221606,23.425979145733624,28.406330712444312,15.292743915842497
3.507845,8.826232590506866,5.091418342865511,7.519171873398487,3.5078450000000005,4.220419500000001,10.591479108608237,6.026639145683282,4.179933590682019,7.288794762616679,8.355134126101232,7.346898568062655,10.768231655682127,23.83416159576029,15.11111262241318,4.929645194816603,26.761599121332463,23.38497779511083,21.814108658864495,28.28171390494116,19.583003485305746,23.859938997853703,35.476438761846985,14.308765400269069
5.554181316860088,10.2672714637755,8.94007531673326,9.603944366269277,9.94581272603031,11.903359049538391,14.813494853418351,20.210710435205385,21.34546972041745,26.21158439361884,30.53058434240989,26.31896321584213,6.6238375335778725,10.879181982882374,6.290987430789713,6.097979682707627,36.65758199005092,20.241907707190144,13.325863681938296,47.55787852198242,23.242795839608696,22.318964659614323,5.676094947590804,5.502511392084944
16.02562098522602,6.867737475389692,9.49422789425632,15.17338527281516,13.415070906830088,11.32968732684401,17.392880793469637,18.99129135758581,11.91043746262958,19.05869060653032,21.82404250352792,114.7831656137986,95.83659193692452,31.356123049911005,9.030296238184498,13.902699709496032,47.34806118133393,39.262868746781336,28.26889644720596,21.282382536070084,22.34679598500093,31.053904003314003,15.971309118500976,5.191443107906991
6.920352129434703,9.148738437675956,6.304898574173745,7.612387342378175,10.46871709989968,9.761857638700564,15.47732452453904,9.446837116539934,24.553757957739307,22.1564524830954,9.498767141182167,12.386661723961682,7.089941786361562,8.721787925354432,6.136956656778354,7.484389017984616,7.1068471641230175,28.35580007161117,9.21897095552072,21.87297787494516,25.63959007864074,28.72413529010917,39.6810520878309,40.54812440931952
5.94332872414894,5.136643492619369,9.746448970855624,8.20390636932327,7.261758723773952,7.571662070208871,45.95105412960905,15.009491529600586,4.9976960922033005,24.76270868752736,14.487613752867544,30.13178864899585,29.664498917446117,12.337145788592961,5.031409251914207,6.420448462948647,4.075441494050508,9.169585304414529,18.35509329035567,14.455341792781743,14.057723172979712,18.392863953235448,16.834092830195885,26.02429277854619
3.209305,3.3767470000000013,6.065710377423118,6.18524731962737,5.197014383678246,4.623475661023036,7.458116678069285,4.8130865729643695,16.702557216713046,88.74401626710245,25.348068680905737,27.27057078732401,24.809286867224085,26.328366450375196,20.59299737101351,43.08052078494205,88.14910279016922,71.06148710118549,18.02105228850966,17.008843335696913,13.587160447295568,13.92922963951379,24.55372993872884,22.07260490122955
3.955655,10.765780717344036,10.765780717344036,11.255134386314218,8.805511862286844,5.606477570238949,13.883645660812842,28.045098938793824,34.56202935693883,26.66676882186385,13.671007268495874,4.315259999999999,20.65729742371603,31.783214170829158,20.296965923873042,33.67551795300182,116.7159206735901,64.1169570861589,15.370301093371264,18.77091556878905,20.83560331294713,20.30331802165257,23.59581816957405,5.497596943440588
3.731750000000001,9.235917996660314,9.235917996660314,4.104925000000001,8.777938591867237,8.898804162273874,9.055850179085708,35.70531521576063,2.5280910000000003,23.23937701538913,9.25635966501804,9.575933009309711,9.439789923301904,11.484495183034293,8.538968338105496,14.050516827590886,21.28762844074979,43.41744777172903,43.38692833319711,27.708263286931068,8.889747037482667,6.098633324013057,37.72957598005806,3.36644005326006
3.955655,31.60369395659571,4.162037,4.3512205,3.955655,4.3512205,4.994444400000001,2.8418801400000007,2.67977646,3.349720575,3.714876,4.315259999999999,7.419969649928211,19.566665528528166,45.03944127161108,42.82814099359153,5.2003588737101,9.512287706136274,21.645319785834527,45.41448905344096,22.416444967549893,14.907362809195964,1.913724,2.392155
6.472292218580838,4.450727641815465,7.596393492708253,7.941684106013172,3.73175,7.941684106013172,63.5896796345595,29.725542845627217,15.226685015026993,12.892228910766304,16.52129619488528,45.92652247426541,62.35112500018175,17.086916763101392,14.687676196375687,55.25020514765152,27.226895500864792,61.87338271296053,34.078639008902854,26.918526897394525,11.751166532852077,21.38316318005376,26.135814553870603,2.4074158136697337
8.53397952294892,9.86966669518359,19.807872075259837,19.15946798909164,11.377095971713402,13.28682987762244,34.49537880397837,39.0509548593902,38.216102195559166,9.65681801347084,12.460664679449737,15.87232119097597,11.40804235925791,67.9559989816676,56.0680867080262,30.57894587165323,51.56123019853775,44.89155271871215,39.80224337690862,29.049528591225247,34.06815977728358,56.25176435593463,35.81813861087524,12.635166837513752
7.164351169535672,4.790269000000002,11.41615555167125,5.008008500000001,7.16435116953567,5.008008500000001,11.313713188160538,13.01120218060312,4.853522265034529,6.06690283129316,6.728260228781326,7.815655821311639,7.339920249579628,6.643307448114894,5.536089540095745,19.32726405110121,23.600778051094668,24.2921133062958,45.08952175793433,19.86128854112481,13.958137398439137,20.68449806966965,16.188391742160693,18.571797721121367
13.604567099119883,7.458145505515123,11.94130024392414,12.312500369017158,10.71074432759096,13.528027631450582,41.549894166416486,22.908107499719787,31.680917791709717,9.232097852717589,7.873577618531963,13.08264009607018,14.268290486739094,7.8882922575813925,15.359536054057171,25.63662517767198,21.13805925799589,21.09196270993092,15.304913509553494,24.83946566618688,23.003761820925067,30.448609739915906,33.81814550805054,45.04894483711106
3.744348196870632,9.3809374093715,3.533805,9.807343655252025,8.91576695932002,4.2501516959320025,15.258363612011689,6.814232115396924,6.5978506442738825,7.122221639550909,3.391364004587574,9.726291228349112,5.511198585491557,6.159288776057169,6.889456286747288,9.690403534074745,22.109760227978963,38.12275840220813,38.32326117999967,20.83873534536588,17.260816820802244,20.732829291340344,17.896833804939394,41.038459498066494
4.5534256270904745,12.91467864484756,8.330911609703412,11.12530493221419,12.722436670218537,6.980651569398562,12.668390394392356,9.462211388683157,8.821275787651022,11.153096757159954,8.375947267573133,8.963540469498492,12.728119947589036,10.852165470669073,11.285872824165551,17.404661753052984,16.020110551502007,21.28393727344206,20.969004147721066,22.855095363581267,18.44236438442936,28.15782405841806,21.45248049478469,6.0676926194028
2.83613,5.867290231600517,5.867290231600517,6.133985242127813,2.8361300000000003,6.133985242127813,7.040748277920621,17.61892223815471,38.73948195755772,8.266643324999999,8.713136300877899,4.090403716405888,5.713003861873982,3.618006018769172,61.18145690030364,15.773460501097162,15.8928571726115,14.911117563156276,16.814319943308483,16.210954950764183,11.776544449674448,10.264150457498898,8.833921705876206,3.7852981375043706
6.915985802586174,7.482075841050845,10.804510875141766,6.519624644324329,10.26875000530002,11.295625005830024,4.994444400000001,15.249883376598746,19.12116342630209,3.349720575,9.643695657151325,11.462770440105071,22.88009091307326,11.39271721074469,19.81416398023343,32.932497858767725,30.73688197302146,28.70674259679328,27.70297809068039,33.334260902944536,28.503334820200767,35.76025786912703,55.7886342081007,31.6077081250385
12.826271538793325,16.329129929417604,7.824308481730826,12.436999076706414,15.257910789504296,10.902738988311608,14.862456547875922,14.339223667220962,17.127773034973146,66.6874964218426,39.15349426889698,35.04087207482246,21.115814713084877,25.17096131167834,8.726472737544665,9.995820127453959,8.971504159569543,11.88292953996718,17.122384193822732,19.125331294465497,17.06392690538949,18.77931871425737,27.42173081588764,35.922245437391986
3.955655,4.162037,4.162037,4.3512205,3.955655,4.3512205,36.332827333564566,58.65596649427924,27.76962639855444,59.88021660580325,20.581775573138994,48.38727742594485,13.645152996434037,3.667970999999999,3.0566424999999997,3.405303,2.8077162674826632,35.21144362768149,12.58600494568433,20.08317675042205,18.71584060046851,28.79994197794324,10.339871010610246,2.392155
8.368496534630232,13.684757940916016,11.388517204757331,11.464709899020432,11.811834796797058,9.205346188093255,18.46995390555941,4.5879107043093486,12.789580646485769,11.34963146286494,7.862134193081346,13.030991990574222,13.965171011961717,85.64960656241041,106.80851288953569,40.04070152760879,56.25908876445237,44.985178856692265,35.15876588485785,30.984463067760856,30.95927371345632,35.5823375591754,58.69362733054541,5.144288384597334
3.806385,15.081959884415728,27.94863877293132,18.474401180381456,3.806385,9.703506882184,10.56230528575722,4.863649132593803,3.968508219986162,15.003721870291743,11.79335176961013,15.059778090907256,56.48823282556703,22.635820577026283,48.80673962349588,26.94339425317916,28.513443956979582,17.581446969452557,38.34050763432832,23.99760348344854,23.974934939885504,24.311670644933503,22.46453107617431,26.407986038625992
3.88102,6.814618689777131,4.083508000000001,7.124374084767,6.476703713424545,7.124374084767,4.900209600000001,6.731560564375095,13.607135541255923,12.923729790387862,6.08246957434653,5.9642958089496965,4.862559117944193,6.005670716084577,5.5618799291641325,5.128429520314485,12.79807411365793,53.30550302794549,39.430022586853774,10.23348596060758,19.148082989559125,20.17678939912113,48.265871327852985,29.37917512208497
6.067846316845579,5.187756662896249,14.158887765106313,13.524411343977423,12.559028294879882,6.317742006193312,36.81732318013561,53.38623353321056,14.172717996037251,9.287855227549873,11.693398049133586,14.11498062945818,11.063244599155482,10.32093605583271,10.502664410291375,12.39739856917238,5.720450559531623,10.468844671288153,17.953064726935896,21.79839813662893,23.902445432212684,27.170632959499155,30.4507102044468,16.228513887825766
6.996593417371852,10.283769161549207,8.14541073732012,12.24096654607393,4.698314932600183,9.993760916519411,21.68116637961896,21.543826357640175,43.09268467151136,7.298347892014333,4.714987885763573,9.304122626057778,5.645168365058935,65.25691115090359,10.765085126146166,21.412894159455252,21.175297623195057,17.170787757525854,37.12946778418901,20.58454016854788,17.993706170687624,30.24994538395428,18.26288694768124,24.487016328639
9.488948529051749,4.162037,9.262008327004148,9.936903381956924,9.033548529051748,9.936903381956924,15.064785064311677,18.45087645569977,14.69454305173231,11.082873039787003,13.388019477674971,78.41009823066304,15.049778574124144,15.097191137267457,17.045085735086317,27.521345052626508,63.42698535371332,58.31614277150796,50.15511280117664,26.95530496448755,21.408525760041243,33.77377229872044,34.40135650905639,27.66592704494581
17.28526032820451,27.589284646734367,8.262237359489669,8.10163589091277,10.630463261275615,12.5224035173625,13.10497332712182,15.137978620032076,25.201286328463134,33.890964672571066,32.858805866137715,28.812413670767963,30.885007931395386,24.433683650671902,11.56447149086619,7.854043091074848,27.565278552669444,36.23968010111668,23.168583734927623,22.992989588520715,18.06217587575592,18.719865550886368,7.652571377122392,5.508265804579093
28.036128471840637,17.038380149605576,11.1075559186305,18.940145240497134,13.951498086870355,12.395107169145309,137.8486328800785,24.55826188418508,18.770139900110035,12.356888909957489,13.643682248781143,12.50230350337831,16.296795024839938,23.948832899831004,11.889386308921186,8.736352518959393,9.891616118786873,15.240787650371209,23.812323623336365,35.62430953293857,17.600670868824576,34.92271821357968,30.92691526144304,31.512558078394907
3.731750000000001,16.509518535596097,13.669794730834196,10.589498743037352,11.69963245048173,13.209997642651915,15.51457493778237,25.412630382293603,64.14407515745852,59.974890312687954,62.0206500791444,100.7353656617866,33.24645311083106,28.535750611431215,33.299020349107316,31.39947032572977,35.65967023674816,42.219364721550726,38.50390507180069,37.83349153248134,23.18545496763973,35.91711775641035,60.01780079482636,46.87483525876576
12.827006544698031,8.45042066876924,8.191243138370638,2.8734475000000006,2.6122250000000005,8.834530699167841,10.140504802523086,6.18699564811184,15.70371140752808,31.62034041035111,70.53984579819318,64.740199076845,8.386718456449653,24.493102035908443,12.289080241859574,36.679798319167055,26.42297742659442,17.647484133772096,27.89933280698621,27.38433316609549,19.480457447736384,20.10281795939313,3.885542786842055,4.856928483552568
4.412945303482764,5.756556827229519,6.710874740844279,7.015914501791744,3.657115000000001,7.015914501791744,6.717004609952471,6.787061555726045,2.4775291800000003,5.40109451109009,5.9898716695139,4.814122149253923,11.053007459257268,12.16050240720168,6.5552539145225905,12.31648674692236,33.13402177929134,33.419497284222246,26.623586157967235,20.19467940984306,11.460257751026369,13.284181101194507,3.085691466113221,2.211615
29.14829410382356,6.805448270896984,4.627305504643775,6.301519237369186,20.59054011279756,21.189353720141344,8.166537925076382,78.88169217539189,38.51596014748432,39.3440889399302,5.102220693216536,14.024707463427411,101.01096293210875,48.05340398818209,4.997990747409316,5.568094039824805,14.38377920937162,21.37130304380215,22.52500857022416,27.64333345245634,19.97123135099289,24.57963074773065,25.214363995712976,30.88317196575133
5.166962661378376,2.9055730000000004,5.436543321972031,5.683658927516214,2.7614950000000005,5.683658927516214,3.486687600000001,10.675444514623514,64.2259454228569,24.43852821972745,17.07697906161873,32.05507406453891,76.07510829463048,11.357204570834043,3.9926529656105623,12.990344043019583,67.66955166725383,41.17482896274375,27.898674153771022,32.95088827722661,27.8488617817191,21.5773156740434,28.60598179187472,81.39570179485683
35.7165577861166,23.52300984430501,11.235890877015793,12.91344934769224,14.332246623948096,19.5134393336891,12.63936562029385,21.20210918803871,36.028702637151376,41.38574946439577,40.1172241269017,36.78506593460541,13.947811162322461,5.978105246095623,11.47837542297011,4.622766910570246,7.14802563884707,7.101220476300292,7.08920494109594,16.57504467018904,14.49910408415257,25.853241956022323,36.79375358439657,57.720825774277074
19.377476724312004,9.388405482201028,12.985111559549814,14.454525839242145,12.495564574443248,29.605773747817388,80.3441052413212,13.509239357849774,25.723226133523145,78.238761150307,31.332948404951928,37.51466191601353,13.990206279713298,65.04067643903548,25.917097512712473,15.272173359399986,15.813274239769893,15.286046484367771,23.73170435375274,20.52774954446472,39.26627881662393,27.63974983069544,34.50956022119411,14.18510536663956
4.3897600259913006,6.7583607419057214,7.043636709643934,7.363802014627749,6.694365467843408,7.363802014627749,8.45236405157272,5.631947099593238,2.88202374,5.668910393905576,3.995244000000001,7.3029441467382625,6.858417111719412,11.43810156261349,54.71276324121898,11.459318116935464,31.936016807903652,30.293955153048103,26.46795302237857,27.92682039857076,26.45405184002346,30.214802419836303,3.238696969423055,2.9006230470619605
11.1411384715522,3.533805,11.72241526137232,12.25525231870742,11.01146208960196,6.793995111791484,10.032718834062372,13.315873122627268,24.34099124646364,30.29032791462786,7.439449572725431,12.153969241693307,9.81991175260193,19.06378435063924,8.609061546199428,8.139819174901762,16.56989462072873,22.18154025321881,24.20425552329289,6.370843375016647,15.635660991592694,21.66580015887268,21.08921248354132,15.311281703134531
6.25880683920099,10.637530810868682,13.416395423314489,12.991875990618516,8.284584122262816,12.78115587594072,10.874256407506984,20.8049088282644,23.380123841989683,10.739418418193392,10.045482092013266,27.305758353573868,58.615580578390485,61.558893374766,23.088830177401913,20.9167411467198,4.14994670200405,12.560175036557805,20.610783156735003,19.70332046319846,20.82202539650428,26.151595173258777,25.91955367055635,27.65666251178944
3.88102,6.7931956959195245,6.7931956959195245,5.685549659230659,5.02560800745912,7.101977318461319,14.905409302227447,17.4950674840548,24.54389537680049,24.620914490889483,17.509153877960145,28.30906633541068,21.051560706819462,28.589186567360553,12.913960453547825,83.63538155854188,23.48879844745789,42.57465689934526,10.309820746268224,15.141372823733567,16.798921205081484,16.64070483838107,24.132484089059982,9.083188793894037
3.955655,9.10311163327749,9.10311163327749,24.638221675658595,4.382569787999183,8.812480034591452,10.923733959932989,54.024067957466805,36.08342738542972,40.60075066610234,23.93914181094728,11.172976538840595,27.522591477278514,70.12857291378964,15.885829757616591,16.85054420478076,62.82377540294223,20.189064944045075,22.402829630863454,25.295226197213623,23.909818790350347,38.15489562326547,49.89392049594126,35.19266276692899
31.077420987586454,34.00540986521785,10.111278005511194,9.4886179797452,8.427224870322927,8.947486194009679,8.776911861040194,8.317782342382301,7.843327734617177,11.891756560671748,14.805130833603666,12.630157382636355,11.861365194128059,4.849291376095714,21.78716860265925,8.061116602185772,5.091193590558398,5.165342834619408,4.623708419736045,1.4409373176000009,4.083274968078585,2.277058559210161,4.64921272680154,6.286967735298701
5.534604287911878,6.271238572194166,10.574991865672628,9.713125264162924,5.322170597252555,12.517249980865992,19.39511902860753,27.02295163256007,90.20433623675191,64.09030236301851,21.125249748717483,12.725631337149474,17.03045172604276,22.779432233625908,7.35569111594974,10.319556492526674,18.140442222593897,14.610911999305786,16.168165893596278,23.3728145943479,16.752135349769002,14.952872711214075,13.45938300797031,3.0910412792716726
12.47916315907215,9.42634539608321,10.685107861940237,12.533264375366308,13.209525648325908,12.763000989164404,11.9147128541879,7.759540210920083,21.70115953461289,10.691279104021527,10.066579733457,7.829517450136513,23.729420630045727,21.28871672611491,13.692289487696764,87.575219914923,46.385289015822615,35.70991527301915,36.438934142032544,5.186139410821848,8.81921480630934,12.23531204670804,23.204656217288832,69.73323502446375
3.2839400000000003,3.455276000000001,3.455276000000001,3.612334,3.28394,3.612334,4.146331200000001,3.1954111200000006,2.22472008,2.7809001,3.084048000000001,3.58248,3.364416,3.045108,2.53759,4.351644,2.0554479000000003,1.4651232631200002,5.0071462908827495,2.004357017809045,3.9799592687686185,7.1204514167066,10.440525480791456,11.655518594932913
7.672520333004711,8.072825741683221,4.083508000000001,8.439772366305183,5.208045116551649,6.77151221978311,5.139568664500994,15.630156062728457,15.57648163169825,12.35883466436249,14.460378923139787,17.08635875346981,3.9761279999999997,7.114518854240732,5.928765711867276,6.441839881035593,3.0224493316531227,2.915608514358571,23.59605610564774,28.207670068269923,25.17323339578114,34.75672358622824,9.752705141059602,13.398531804380356
5.909860286542689,3.3975800686026565,6.731040960437188,7.014854210131307,4.203925119392787,7.036997367729786,8.077249152524624,2.1448152,4.333859866472922,15.610928638369511,18.68402258187076,98.88644207423472,26.33926113258147,26.142066180740088,17.000810397597878,23.039086664517768,24.755345138824342,18.08930225259864,12.003550917704096,12.767926130504836,19.027892197582627,17.052457570734312,27.02445989082576,27.531097239494763
3.731750000000001,12.67321115522159,9.932720795672124,11.243725535515914,7.638647413407295,13.249266207731662,8.704740000000003,18.46865026152403,17.179181036241687,14.721307377133986,8.349634466728375,21.10009197148093,37.49610682723694,68.76173196821358,23.784267921774212,17.808457856486267,29.52732447250786,37.25435067557181,22.78377569452483,41.00678322072772,47.48243497118936,13.955927400555629,12.285406713568571,7.284001903639755
7.639075240373978,13.128281586662151,10.910320408428335,9.272441224930642,12.381575934115428,6.927397021867393,23.870941101470837,8.775393925041366,23.625303402098343,32.070660711435906,155.24736122973198,41.75771422507538,10.941586328304384,6.709397517867534,10.956795292863582,23.07567155105315,60.82723403851932,43.55024698840802,43.59389458273122,22.382957834755093,27.53150780041887,26.577557582747936,27.509491151817908,11.22722221926194
4.03029,4.240566000000001,4.240566000000001,4.433319,4.03029,4.433319,5.088679200000001,5.9489333293379705,2.73033828,3.41292285,3.940990311129291,29.10110780095296,17.91932777375296,22.57343090161746,19.14920203330993,3.469554000000001,20.27965562905029,45.63635596366048,31.04040859871248,22.7329815581303,17.13636600311168,20.224210264522515,29.680842525520188,25.807367574459622
5.910322081079058,6.930412948528303,9.302833738968554,7.989509148644938,5.459366063061489,29.523139684926974,46.99207625977944,6.352067136475882,4.003974558927377,5.577784831545626,23.37088421352222,17.21643509343644,3.9761279999999997,8.198515383779192,6.832096153149329,8.836964150246288,21.146091054935848,22.50693408275409,6.793953300860696,20.68195016645846,24.92105965434399,25.459997412240806,30.87447437051993,30.701038866469712
53.6534955710401,16.76941638172493,7.84898535616596,10.081068559978618,9.329310685318816,7.943000091497763,80.40814246713572,13.466089597900693,14.09443748914531,73.01726908712898,71.52092460077091,104.97030122370998,60.154965775703545,16.24181467013674,6.063578973265878,19.122784246189685,31.451514396955933,23.85253555591641,34.22944303900586,13.550513875584535,26.36988845630679,32.11446997322837,14.612816812527722,4.773945070717765
4.17956,4.397624,4.397624,4.597516000000001,4.17956,4.597516000000001,7.508485985996545,19.99626508062976,63.65184971728294,55.63084474883861,14.142357235849245,19.678396558178573,28.685644715400418,3.8755919999999993,3.22966,9.926269789833615,23.978352285056705,13.91173139007204,33.10951767263819,26.965897539592024,20.73445849258738,35.15260086522721,20.666052668251737,12.426402590943324
3.955655,13.802544980326015,10.41945919565274,13.545717785710318,11.352403801484511,6.317685813490836,15.54812824098924,9.42451459731021,7.720516126802682,8.19262672080104,8.103762178482778,13.823638216876692,67.14441312296391,32.662508255814714,20.463274080351102,15.872118643832145,5.59619478631853,5.852623564929639,12.785258327351752,25.48989631365651,14.470766767980916,26.008765211398508,23.71221027120013,9.761225860552951
6.926915092770314,3.858754248261061,7.893536730871663,3.612334,7.502121686365627,8.25233385500219,10.995528281219451,28.484447190614077,30.979792603900812,39.51228158540734,18.635768813475067,8.184132748762503,71.32220604373275,63.273264039803344,8.549286705182105,9.18725933711801,54.38873162564088,24.19898523494012,42.95634854888436,18.074169654428204,21.03060953602153,37.61394010324741,44.14504134048542,19.817565898908008
3.657115,3.847921000000001,3.847921000000001,4.022826500000002,3.657115000000001,4.022826500000002,4.617505200000001,7.216030800000001,20.064079136891557,19.820225983694385,3.434508,3.98958,3.746736,3.391143,11.742473559593154,19.73701955837706,20.10349499067197,16.185792900942545,15.987559566331909,26.430316687695672,20.8597726302022,28.31499559225916,32.94876939831653,38.87615012158297
8.712740386763876,15.624867483156905,13.10302611572246,8.87305480522153,9.945926107735463,16.817688145544686,27.20349855942929,17.041658201466593,4.961019212614532,11.947439953919188,4.739965836782423,16.200087999065754,6.8922418857461265,13.043707554953734,20.296874755262447,12.966282544204793,14.337048841040884,17.84782477397536,16.78598158197567,14.644520821689404,19.3940014936952,16.887794410870672,17.700642343929488,32.91624336608528
4.17956,4.397624,15.011656208889391,4.597516000000001,4.17956,4.597516000000001,5.2771488,3.00274128,2.83146192,3.5393273999999995,24.02507322637474,4.55952,4.281984,9.123457052745515,3.22966,3.598056,2.6160246,1.8647023348800005,9.585498813074308,24.699447473239136,41.79230354626695,25.49095006491984,2.022048,2.52756
19.12603780263282,32.41323466972747,16.461981466176503,9.387268656155369,8.533880596504881,2.8734475000000006,10.774951848804426,34.35191020510233,15.6539063166188,17.70917259042481,28.15640176701129,66.07022463692884,4.330813981977073,7.913234734940889,5.554402102045269,57.21482806692337,34.58141979022524,16.254416067998033,32.60306909256929,24.73155477939464,25.336519678175588,29.811186896482223,28.54674005366552,4.83525251083452
11.77240588851241,8.776745135843539,9.789081018874205,14.22959652717482,10.653945249055848,4.6796145000000005,16.333102100757177,7.654164838930384,5.019219951019898,9.969087350135732,12.148588339406164,7.447793817189592,11.877627416135638,12.347877773359166,8.330560917439911,11.136205977788984,4.824276570604996,10.412372713532315,25.964460199875383,21.684788019882934,14.70680436683615,40.50237392679262,29.475015956918284,22.022005661854216
3.806385,6.77437561504556,5.543532675025313,5.473813846384807,6.146003811608737,4.1870235000000005,4.8059748,9.57580483025144,4.361761393374713,5.080720788931994,4.12399380794292,6.545211966418025,6.596236511719794,3.529556999999999,4.975170671455322,4.032090985921515,3.3892181948703843,3.3205590105486897,7.167069546437248,16.807649361562476,14.039039147880237,21.09529693555995,3.11488946386768,3.0977484149173
3.88102,9.47247592672464,4.083508000000001,9.903043014303028,9.002766376639116,16.083991103857628,16.802415458801008,17.254432661693052,19.825234148483524,29.36813315929474,22.182601080513088,38.23602429702747,27.649768210571967,19.612767418361717,21.297237553532575,25.77840409989136,38.564948249595865,23.71893331225528,19.85574383276388,18.37909581028658,19.895015613890784,26.7414043081779,26.225769109230868,24.85594700905968
3.731750000000001,3.926450000000001,3.926450000000001,4.104925000000001,3.73175,11.039328444311518,27.199295247290927,23.696220535238844,20.519307122848108,28.49341687651619,3.5046000000000013,4.071,3.8232000000000004,11.159937846676621,12.47112079047044,13.574541598731756,21.100966432653088,22.648269556755025,23.44060494896421,31.43474683449048,40.83916072415756,31.33789785113565,27.70936745237599,29.840426927923577
19.112073359781167,46.43583488466868,37.26449750830226,4.269122,3.88102,7.080356876109962,4.900209600000001,2.78825976,15.604009547893565,41.36808876707408,31.36918655534525,10.534735807068534,3.9761279999999997,3.5987639999999996,2.99897,3.341052000000001,40.9764983580256,33.03466330505771,12.093342807206456,67.4761859495987,18.170154124790315,40.85600289063243,8.958833429930134,2.34702
9.050862771859148,7.329927049460253,6.111507799667848,9.955949049045064,9.050862771859148,4.3512205,11.427698038903898,7.276769267921764,11.6522132850813,55.3913592960748,14.386778940458813,15.835268478391791,21.308129586787548,3.667970999999999,6.993848505527523,7.791612299252659,2.475880425,4.038024323939415,18.306211878569044,23.74600314260239,18.34747223061022,16.013162238626634,12.84195395130556,2.392155
15.246136147186895,11.19055136742085,14.458267668720358,17.665726874027865,7.348693421684568,13.581649425805134,12.743809589889713,12.743322411644478,27.29527359533604,61.451324667435976,46.78507611139969,74.05108792569395,35.684830596301744,14.97984996674028,44.13631004069882,37.7876293973807,31.9392481988606,26.01501476750772,23.43081015720021,21.260923187701408,24.32306094815784,22.098243641318884,35.01174540253386,21.54241287946242
5.767397757924728,5.861972820330462,4.004979000000001,8.501251567434403,7.728410515849457,8.501251567434403,57.44310653046657,49.86573474316524,9.12598002,12.282628219142875,5.600503440360503,10.469002700045582,7.728299138701796,29.37261954409052,22.465734308214063,6.653153400600838,2.382450975,3.4480148948252043,3.086458345751461,3.174642869915789,2.725703474170122,2.938138813120484,8.345762105698018,4.673702802074968
11.275237746693865,12.259520876257024,4.47951785582261,11.54532266048824,6.443661089626185,10.98154162077048,32.2781491389444,8.22318504048213,6.955147589132313,8.670981023963842,13.14335344451891,15.586517382253271,17.52606037422184,46.21675195855439,6.507793887624973,38.08702060695748,24.548884615661443,65.28954067631727,37.995328026652295,4.049328609359016,3.14826964552127,13.758326292950128,22.26178394957753,34.39587237772639
18.514790978235848,6.800768045215965,10.540350219252268,11.043359470328651,5.6737931137704845,10.7942564295855,4.5232704,14.578917232569736,35.626165911720705,48.51567910184899,47.29455748993212,6.253224284680955,9.10958413916497,10.428160305267316,5.689657098584024,9.172708645473449,16.873255564052226,47.82529609915607,22.39283150126709,29.556846283301283,21.73603204474578,24.011437702393305,7.389902150819832,6.491454757786321
4.17956,13.676414889821814,10.354089309322603,7.538910234765274,10.181610451165929,10.918107985754888,12.389764752802034,10.22094499768632,27.39999211231792,44.95367337276886,40.19041530182464,11.945976598222147,9.11945692487468,10.390871115009004,7.58264152633608,11.189794000763296,7.013838002631079,15.34197127886318,23.48850023796542,48.841765887370975,15.514779072298843,22.77862245446956,31.76238143861182,34.63266229473722
11.763727217488857,9.40991054815777,8.702625568053788,12.055936647036528,8.362439984129923,7.126374664493612,22.531460913613863,17.09899729275506,15.020201132574286,13.60323760449737,7.853421898139406,11.956300806978373,11.228525975249253,9.360284909655142,18.334716525754885,12.767475222073422,17.50045368832065,22.16810178611125,22.682021534175703,25.09837579689536,20.470549050637945,27.34014754256037,8.135025249501368,6.187143778309041
3.2839400000000003,13.20448531631229,4.653176000000001,13.804689194326489,8.427723538484383,18.81401278038123,58.49929531099277,53.17264569782819,95.34520014736064,78.95598621527913,38.23256522559756,34.26363834670426,33.039100725386206,103.27713135684331,22.53051413233481,6.375543105908087,10.244875462068991,26.175320926480406,25.33505131291846,36.26870926075548,32.62827110937922,34.970707325396766,31.22372497333496,51.57119818604134
3.657115,3.847921000000001,3.954401000000001,18.439826559756646,3.657115000000001,6.645578110408124,4.78475312877965,9.884700079038518,3.733848877018634,5.452510906909941,5.673695145644881,4.423092662877377,5.646652366001716,5.602057580674617,3.618688018486146,21.698436904949638,34.642339778821096,12.427941281852217,22.842532925865505,24.277168498169907,27.74125469262744,34.4486469419907,27.61501750736992,3.653515813483446
2.612225,9.753052997170176,9.753052997170176,7.337993474343308,2.6122250000000005,10.19637358795064,11.70366359660421,10.688202285718289,3.374129016986928,8.456039853415295,11.219801952443069,12.728378070424831,15.351834869623142,58.607587167570614,8.462790149986331,19.658029658517403,12.533787891660184,20.69967151853874,36.17392431822619,16.344985076874078,7.442365402260534,9.02328557723798,18.90705844571411,19.869407173986804
4.104925000000001,4.319095000000002,6.676903205383603,6.980398805628311,6.345817096025737,5.200134529341198,10.630848870560238,30.56191698214457,15.716621534376172,6.176268766466681,62.02779635246075,6.786897917117424,4.20552,18.924546029014383,25.404939069578987,18.752036164640035,65.41884240752212,37.85108721906439,24.59983015669104,20.566814409859752,20.975897396508763,51.3237207611736,21.20596785781193,3.8375889948297934
3.731750000000001,3.926450000000001,3.926450000000001,4.104925000000001,3.73175,4.104925000000001,12.076429200000003,15.672021972836747,14.718072092385068,3.1601137500000003,3.5046000000000013,4.071,10.456494018100763,36.10427595964629,29.34451260125841,66.69246154550798,19.84874691804481,28.47196354473318,26.201528902839023,1.5329120400000007,1.3161366,1.62486,13.0345487797972,19.54991525872984
6.840750442490448,8.788385654159017,10.079980982224937,7.314488109038282,10.41379997010566,11.302343628590592,13.499413469827031,5.65554228735085,4.206842611564249,5.277970682280397,3.8960543374095247,16.503400086932704,75.54420664610169,26.132643029960256,7.714754295045525,13.466842751580144,9.39813300732458,3.848185856619531,19.755602021529747,21.45149261600419,46.03786413755526,14.37157878357776,3.962627892944404,6.465722078899123
4.254195000000001,4.476153000000002,4.476153000000002,4.6796145000000005,4.254195,4.6796145000000005,11.0158884,21.1415582761888,11.599077170655,59.66464521243625,62.71884339089863,13.931799306428251,23.867993245514356,3.9662339829623225,3.2873324999999998,3.662307000000001,2.662739325,9.187774253875778,14.8352265834486,17.332763020896095,18.41968273600483,26.60318943451265,30.561888226773952,8.587338675020067
3.731750000000001,3.926450000000001,3.926450000000001,4.104925000000001,3.73175,4.104925000000001,19.587692305470977,5.771262439972947,10.45587860826571,3.1601137500000003,3.5046000000000013,4.071,3.8232000000000004,8.949055302476589,16.40963610963083,25.103757916534185,26.00700309564127,21.85425085240836,17.80988608735921,18.85297729354499,19.45941500460942,4.739576736636496,1.8054000000000008,2.25675
7.020230466484833,13.801392647042572,17.124418370796658,10.394616857411082,15.30350516936689,7.846314539780937,30.485605320580124,19.90264552648783,8.340480785214213,11.67404542273812,13.125298044678612,10.948788635998987,16.67411435653829,9.533057686113315,23.511362469585865,18.143344547888102,36.78256068136072,44.96727062352001,29.86504631137423,35.98148120826231,31.21706559881785,46.73029450331249,53.21779757633618,53.61499068601867
3.43321,6.736451266457533,6.97676797926196,3.7765310000000007,6.402412360682779,7.293893796501139,13.923656058938986,32.2727751630494,35.99769711879802,22.41222028149345,3.224232,7.603734040687907,6.793306762677308,4.8778360743476545,6.4618150911665095,17.632005201415307,22.1759195493332,14.702357945204913,12.837487998897675,14.601614345200456,30.25080112028064,54.456879001626966,9.794390612447302,5.6520617987995765
7.820906979564736,13.67905996878626,13.432523153774376,8.345254643645147,12.532135776509804,4.947460441698734,45.448466159136245,46.68231239630156,22.211409670713323,5.445836722975662,10.440479033888122,7.015570657617601,20.50640665133494,25.191769415657596,11.925173718508049,18.415183844899772,26.013901546819312,20.40100975327338,19.497291070830933,23.31555010218578,30.22588819316284,30.87482189481189,37.78235427094366,16.1986064503496
2.1644150000000004,12.394414735290113,8.296507859053795,12.957797223257849,5.747104687731333,12.957797223257849,40.141769457718446,39.63166529161893,17.440973017225566,7.181457605291645,9.597668573078924,11.564690196855912,4.475911923496656,10.607237976256227,9.102584826255512,4.66376445548246,5.197705746695546,5.967417209834824,18.186051885499584,27.76239131933468,37.74974384513891,26.031180887709283,17.03841230245759,3.1869222889360698
16.65647588607215,3.778571084373832,8.918658856224274,3.694432500000001,8.476411309634639,9.324052440598104,10.702390627469132,18.71435782399681,20.41108743723532,7.6720208128684355,14.975080763032333,14.705289230403,73.79415294771125,13.606044852570145,20.620670064277903,17.772845366634467,16.79228125726498,19.453914685587662,25.3130487579233,20.72376201322746,16.173782022818752,17.92898585098933,17.133823283903137,3.8599245184806494
13.452119588963935,9.255677192196352,12.42516032507749,13.698906684901296,12.653265143175544,11.640195036165736,13.527145204835763,13.397055801008907,77.35155466268762,33.298798760289564,12.63329491833135,8.102707886118491,22.502988768893193,32.688499074056914,17.575012246359147,46.077907301691816,44.9122733281251,39.72745843616307,25.191425261124635,7.424449383813264,4.673940254590659,5.770296610605751,4.575654216864391,4.867764591221302
3.88102,11.711637745574146,8.962759646960373,12.243984915827514,11.130895378025013,6.663977919246847,8.643677206824092,5.819597590959839,7.344020392676278,7.950930014934361,6.705208217591696,10.574533843056724,10.376965490747619,3.794220669007735,8.601146428473873,9.332351055595774,16.15219707220048,19.781703627486976,4.561222410563718,3.8568473521215063,2.982424733640698,3.836982844995757,4.121118635567053,3.926953693042476
1.8658750000000004,7.59881384550148,7.59881384550148,5.5339523033159965,3.813561603253703,7.944214474842456,15.443749593765087,38.344993483106535,59.41315345617544,6.115732052327063,6.782412357968263,4.425842649447726,4.904724708873675,9.32698509845437,11.659872281576286,11.739426271051709,13.174806868832611,15.319838823007665,23.473065244985545,27.42861655098764,23.022204631204254,23.583667695362024,27.620566701780724,65.87228130397514
3.987050347046138,3.926450000000001,3.926450000000001,4.104925000000001,3.73175,4.104925000000001,4.711740000000002,2.906076104397016,13.239164681916344,7.078843226675672,3.5046000000000013,4.071,12.365446507005748,14.005921874749838,5.307941577084258,7.1611036096316365,12.723942462655865,8.45008330947564,10.365747390825929,11.88450855949772,33.1111665183092,1.62486,1.8054000000000008,2.25675
6.502247552442428,11.118249326512466,11.74242335934804,13.092552813637518,9.59275545118058,13.87425183435717,8.209794300996876,43.169695450677736,27.83625303144554,22.247618948813365,9.203170028850549,10.411547629755868,12.660027823281881,8.400885839152123,8.510838580229137,4.179074901995983,7.78336565620954,20.02243018336436,21.36193295747149,26.08274959206407,21.55786372343418,7.918863088135228,5.758276911208164,2.3985239152985285
6.151626936216343,9.46359465234557,8.126538596832782,6.124734002116729,9.848310853399274,10.833141938739203,17.73659153046973,28.774286747055868,34.155080733474364,33.34635039611947,21.41272602530021,44.53235639026151,25.344579613437524,9.554562820942984,6.139691276331743,5.087998006599442,23.460963653279936,22.81986669040968,20.553733400426047,21.084909700372556,6.262320581000482,3.098631358887284,2.620314419851577,13.01564747995393
12.979819942633757,10.12685912661188,17.036548693356938,14.868776022579423,9.76382500887268,16.135657767665904,6.879590063415638,12.61842567811014,30.791173039753275,29.29721381486277,34.92556717199118,14.346449771307777,14.643729779111464,11.707911675051397,10.445007949745877,12.485020257046125,6.659686330478636,4.898154865756823,5.342239853345023,5.244134620930261,5.512052571723722,6.387007041631606,4.451855025657954,6.011536516906177
7.955406887685277,4.012711932478143,9.532540838173048,4.498830572545291,7.679295393924984,9.965838148999094,11.43904900580766,18.90788648886343,13.409826368054764,19.30915125973575,26.94414659537417,9.700877273319753,6.170216486202954,11.462316855710156,7.000795393924982,21.426378598441133,23.880019399209072,39.51211182013441,15.956712502784038,13.303940053171132,7.87407927945098,18.161484206159702,21.77888942408493,18.62481880519727
9.88665910548906,9.499395407308151,15.58278520525752,16.291093623678307,14.987185112434824,64.46213833029098,46.55160779949424,50.60788545403916,44.57637774960574,6.0762796508234,10.54700628547496,16.156456486292534,103.10454571264317,21.929387067103274,27.228816597336653,33.09667629096028,22.243470522491737,22.208132739914355,17.37797548718492,19.962102828087843,18.33133181623043,23.81184566872645,34.2804180248122,45.34418605271095
3.209305,5.208495079530984,7.040243159061965,9.2752635676199,8.680760302495141,4.898099325623786,9.25573816439642,7.527985827735225,9.627533806447117,6.508602414129586,3.714648299608074,9.4699203299947,19.96092052240455,43.954758956991505,6.707860233746245,7.473002347365384,2.63139383215172,7.893243620388439,8.497008588006794,37.647152025901214,10.901040516543842,17.319871963305044,11.451396349409611,3.294415124242869
4.089926121355623,10.584639060056478,11.574016226416203,5.9765599559765,7.030679908199859,5.731613880944702,12.976607696858032,12.356216273982747,31.73746446054657,14.291623609543583,8.747349419307877,12.000106981558496,7.568731363855568,6.171483692137431,8.500075778603936,19.194090999049088,12.596478059886358,16.505809929575342,23.14598331022732,24.009307516294054,24.24705481121251,53.93996242322324,12.976941622382451,5.189989622376871
3.2839400000000003,7.3638768063209135,4.572019087520261,6.239218308144248,6.998725890304997,7.698598479335497,8.775098610048627,3.3124507891211143,5.40119326677753,7.276391833471913,21.003516777870026,20.59329524102561,9.45311094196167,3.5371965205339078,4.7929957191137476,9.676101380545441,9.95579166240958,19.00484367792527,16.327799456858934,19.05758254817843,18.63380440018276,22.074670694097016,11.597879586886828,15.590737632813203
4.9493367586116825,8.026011677690818,9.563347306824877,9.99804491168055,4.705819406889347,8.658699477207696,11.476016768189842,6.529948384213809,2.5280910000000003,12.984576427938588,8.535880240802365,21.26662654066116,59.83679250125835,10.70041236385271,8.072512073526138,22.637857201607847,31.927997538608587,30.59501965101202,25.872642470318805,27.7946973833845,26.538187849952845,24.415174138001525,4.397271639201218,2.25675
2.83613,8.002744561149854,21.340983050332568,8.853530677565756,5.87144725148432,4.789167488316377,9.659865600000003,19.963546057240052,16.136980615633686,19.04109343668729,13.702015214738068,22.49552130601641,15.098943313215933,7.052756852162864,7.605171615045331,28.06644087398942,20.149078233145715,3.006448940102435,10.43673004500642,21.250664168655423,31.567952285536947,20.708608865616057,3.679699227215409,12.973038148421512
12.19279871751773,13.753477493754378,14.081969496006405,10.206272111178595,8.124808892030906,16.810515531839247,19.563447828004414,20.287249468084006,17.180655989742334,25.93132656254068,23.980289847323785,26.898498998797763,23.00328461220991,64.0930394646653,24.090367603368968,28.851662773955347,48.38407247143287,18.258053858478924,12.72189824901328,13.82771120367783,11.06658146312429,13.267020196412725,18.78387818429258,7.835815302153551
3.88102,9.721619724950669,4.339785805679577,9.627657936936584,9.23955593693658,4.80497559369366,10.743343569494328,11.251897789299392,6.072612980981548,7.824223959324022,8.677148184253486,72.41010280862422,55.9228257732828,50.80056254519187,6.256569877672442,4.389461205052811,10.18568036177797,17.90017760650264,14.787523140292986,33.370536116195034,33.47525713847847,23.02344047472204,18.20453584615206,2.34702
6.199660777752669,5.696539041154013,5.106123113356734,6.819626855527937,6.199660777752669,7.070096855527935,8.81800960808424,23.630150737717862,21.71793553192772,39.549345789247184,52.18804343081983,4.55952,6.236611155706931,3.979657797641804,4.617203968557389,19.139708071857132,30.89664911888736,26.699709264004703,60.241826453653154,30.42675813816844,26.220909108379853,34.677031705226405,60.81926489780817,49.95378754656776
13.817997592405618,12.010036597226788,9.119836427467158,9.786172188959874,11.414497592405624,6.276070213419797,18.62114791640473,28.436345430896,18.8160992037346,8.309105604083134,9.121605001130222,12.589624488509743,22.646647354735578,8.881687268196856,10.697093594131617,23.70450860661582,37.08160412817298,21.850874527415407,12.005919254938735,29.46625037746001,40.37145119893704,43.575910654114566,53.289526009939166,53.49809598085842
7.651130307302553,6.839264571728717,6.705720141224562,6.11800230721259,7.458284222612304,10.084606311230957,14.53182602071486,22.97494616723676,20.530863971105088,21.292911496983177,36.931898009782856,15.94001319195573,6.279721081529245,26.646946754668242,32.04784174636652,33.10686863365435,31.14672677203973,19.137532829880534,22.221684837550487,28.40349037857331,26.02801788103576,31.816137940717592,14.78352064313172,3.674404018798078
6.168287718827966,8.889653236157395,5.45541168105403,10.240243490754084,10.661476703605649,11.727624373966218,11.491210825897252,10.8495338978426,5.806983210923464,5.221798557354321,8.783533964743835,10.155613379260249,10.922746093180173,5.26374853660926,8.856872279040946,10.315306060813526,9.706691384876772,18.948923257277457,6.421102686254226,17.318354879551904,23.140211317276872,24.603891702644585,42.460202191165685,5.459372487777352
22.710199827360352,10.019341002560198,7.922534447846216,8.061448642519991,3.5078450000000005,10.09243962538137,11.244402455169894,67.02750209430758,37.39868302008113,74.95804108567168,33.24508961178869,21.358300558356323,56.63725750346176,32.37779373445256,15.316299669249533,18.987828407968372,24.465433514287938,15.885510018122783,14.468330325300425,18.48965559632624,17.996702769676514,25.111169614449867,24.95436546952964,4.553522804359394
9.166633208644337,9.586255381703758,7.526269729688424,13.645399999096046,12.634646014269212,13.898110615696131,17.720813143237837,13.520923857503272,7.783345643435376,26.58967462305668,14.697585695267591,15.376909953329704,7.529127680703433,8.266578262179411,8.596181990935902,7.193267922781483,70.25563147529276,23.69235541668762,21.41826936542995,18.579453999638037,14.508196130646173,16.73322258994758,20.07239567840377,7.640714783332764
9.448308795051016,5.792830157765115,11.680776738148062,11.416091746245147,6.4978066110375,9.83302257044447,13.103687917429214,22.34498823052315,31.69764450761955,19.51608684396921,29.373500423855127,13.195591432384536,7.006520221439894,23.47323384554786,7.14127639930973,9.556999149393869,14.96186295788348,14.882741077321178,17.47525380956977,46.01845038803105,21.672591502527325,23.035739726387057,4.092207551769088,6.71359444378908
8.142973779886326,7.505642189345081,8.036733387569258,10.622966279578064,9.657242072343694,9.51250286510933,9.325425346148606,4.943609754421897,46.87055955954042,20.66768394217147,10.226596355154845,21.702422802263115,10.942520572011952,12.194891803013881,7.462414328629218,16.20955716452744,21.371646893500923,21.33347476445679,11.12675772834118,19.299943769832623,10.81000929369493,18.45282416828803,19.15818174735955,20.175516952342733
3.58248,7.920941580164184,10.990661644123708,8.063971560299429,9.261963872384806,10.405173078586415,26.985548023328743,32.295514621925825,42.52548747918186,22.787144608615247,4.877919566720747,11.39527653560534,84.56475533775182,8.039557222139322,4.750091280613688,7.986410811879096,14.951376199712028,19.348227721241575,27.22998792978284,55.95382360714047,18.75535559617148,24.029732777864485,21.65060072735756,41.84976427150003
6.003071005035813,5.66304632972496,4.683203759842836,5.578997237026265,3.209305,4.213156079008756,6.599687081693529,4.312815012487469,9.32332939509168,5.083509673809872,3.742764523052821,15.811723507890571,34.87415678843495,73.58045701012024,5.307179502979294,10.216463628123764,12.288912020912104,4.893686561772032,10.35858888925345,10.551736458488609,13.602057784456324,11.835902275115536,9.722601101940814,5.765793889381854
4.234464989348891,10.525740260933992,10.8430936949371,16.39503662821016,6.136055773380975,13.95848962390026,21.798444018625617,45.711974740271344,13.57908242527562,19.185837552221024,8.167089957146118,7.512399297253424,14.621021150514093,15.552321445409302,20.335307498709472,56.603110681010996,30.525800092240708,27.31025055849712,26.26616420285408,37.947426102934855,21.9399125837068,31.080937733560628,22.75485001224129,7.970214240159123
3.209305,3.3767470000000013,3.3767470000000013,3.5302355000000003,3.209305,3.5302355000000003,4.052096400000001,2.30567634,2.1741582600000005,2.8840976946258654,5.16343460571314,14.147988057199797,25.21714297261459,29.993413883432435,3.1246245570210167,2.762793000000001,2.008733175,6.099852209676042,12.877918375039558,9.915214362022688,8.84359539904908,16.258808843002377,17.97683902191643,1.940805
8.912689810313633,13.388536661908242,13.388536661908242,9.289591114270802,8.170506478282455,13.9971065101768,16.066243994289895,44.12669933761997,16.388732364195985,28.50834881540557,9.136753669317002,13.241249453528695,6.00915331221954,7.967151249269705,8.013865360383658,10.954257268834017,14.125725939198832,14.450097054814997,16.43156301369881,13.316554877588258,9.657874135887797,18.84067612335696,16.10084653857262,3.905843686904384
9.07277558900038,7.340129121802249,12.357402952775145,12.499238809979085,11.744639169992904,9.581434869139274,11.631698378185884,18.72997164777367,36.50755663981091,33.661939585823866,15.809719606050844,17.59740242741369,13.825712850277524,6.875295691589861,17.054216032370764,23.555539248307607,35.58514738565316,25.960006359944146,19.93896719942773,25.687162022668723,19.35611830177778,21.07103102107973,5.06978459523159,5.739252485603853
3.2839400000000003,15.90685889864653,7.589606154814796,15.220047166186289,9.28521962753331,12.384150707741853,16.32971609726357,18.0569373315675,9.25566338531084,11.632788487567783,26.861975389770286,12.64257276736646,14.601698393600174,12.000534845274979,17.41079720002773,34.199943354295314,31.05875052240045,50.89215202307364,24.02544095307508,17.563721892733916,23.50011033870491,50.96861155872514,32.69570578274967,32.83776227264025
26.95116479187264,9.862427311656557,8.89517523770507,14.782765607806107,13.697377164815702,11.622187293106103,9.460054984655814,29.64874169269421,27.563125516908308,19.125688617537985,20.00268311210571,16.295553996434034,12.576456532314944,26.09208965588182,24.851007014883802,35.17847542811766,69.41385053767414,31.077230364357256,27.40836070182809,17.873039859156926,5.229617371057721,9.046316794837836,4.402797228840921,4.651291361984136
4.03029,10.068092801072812,13.06007269464925,4.433319,12.41246578417077,8.392081759139874,14.400626840617756,8.917547157288597,8.408881365785508,5.820949643010079,8.749968294828374,13.54087176454993,11.421843571424038,9.898357889139637,5.506191752250865,10.252061616203472,7.138778059560555,2.92129528247364,4.15277704849529,5.09873872757913,2.4243319949867312,10.003108276086024,5.011502160905,5.983896025638269
5.940389701357813,8.164216775319215,6.704670000798642,9.247816122754836,7.883567660233578,30.154092697966437,13.49776708557211,16.638131009369747,51.13269661301498,63.699630571391765,35.51068548985448,36.62185306878351,18.66569849034375,7.91083592677819,6.091847737453218,19.53319081867721,35.76272992126305,33.111532742948114,26.0941586723819,29.695703377491945,30.40201585712846,32.635281249439906,44.29062565373489,15.63301757787742
3.58248,3.7693920000000007,3.7693920000000007,3.940728000000001,3.5824800000000003,3.940728000000001,4.842710400000001,24.36982855092429,15.101701560000002,31.20969461093599,80.12792324430448,31.297992755206064,8.47189553050755,6.959540071754972,6.1989606365406384,18.18420619459026,18.21585748507991,31.91161412486582,17.662193577320625,9.93445625449579,9.462390481447994,13.29266145927106,21.97529126368895,12.348125626440712
9.014349193984716,9.239156016567264,5.556550290447789,8.119118895488537,9.014349193984716,10.182952113383193,24.588209047235512,14.257543251986396,15.288554928893024,7.633514794724332,7.589128645496559,6.779292492884985,8.359441392540543,15.229503327587436,12.906264701571143,14.97686258219295,28.72858032877996,14.875933072163418,32.31032812396698,19.311763743348,14.697687663010829,12.866451240562164,13.164480496811588,2.34702
3.43321,3.612334000000001,3.612334000000001,3.7765310000000007,3.4332100000000003,3.7765310000000007,4.334800800000001,2.521066680000001,2.32584372,12.888034142003184,3.224232,3.74532,10.690666468228208,20.76683589071837,22.86244416961238,62.0395393642414,22.00814352753916,10.254751109692783,15.829474307693026,1.4102790768,1.2108456720000005,1.4948712000000004,1.660968,2.07621
9.697950030102112,14.66035376037362,14.721127379461588,13.550219707579066,3.5824800000000003,17.22628028335021,16.035422884447033,14.85526332957291,27.75431718019859,33.233377270264484,25.335129195528754,30.342939284827665,79.78854134859013,30.26779843767857,13.825448794279016,12.862019306558002,21.638200271101592,9.03372399219696,6.254161063821544,10.946517729715088,37.392547532384896,22.8660541238043,18.473912666988912,31.71018532219366
3.58248,11.697249409013436,11.230216819937842,5.731019591456448,9.63764068504876,9.299374505221676,27.403078085102077,8.317020895335116,22.071790988662997,7.409568302226688,11.520544599613933,19.60834877942653,18.737666786304334,20.92440555395822,15.893705272382421,37.10682218556883,26.101817080589907,18.054315725352392,5.112016599353569,4.262795822141881,2.470630266239993,30.180620855529643,31.92016501943837,4.844665461401745
9.388886395791047,6.9430789286091885,10.862735311408596,12.385216979393268,11.714128919841562,7.865778485824221,18.608743023792314,39.53825766966632,46.102139344218486,27.95808044406734,43.19301625451092,57.34431214224041,52.53963519935222,51.01827670451891,42.71308027747882,85.97782809142879,36.79688217340141,22.452710679493805,16.75450550048386,27.747527747165368,22.4582455119789,19.91862344393009,19.10824372921774,7.374532901778431
2.3136849999999995,8.027220968176387,7.773001787804734,2.5450535000000003,7.629176953225488,2.5450535000000003,9.632665161811662,1.66223178,16.91246375150906,12.045324904194006,11.72671226911611,8.964988699355132,28.033945201267834,17.729401586341343,35.475776228193126,30.844082768633132,52.12883754147591,5.633734370205727,7.264570132326817,12.104642994666388,6.634618346889212,12.970155305897718,46.78823875633065,35.479028776431086
6.101922273888703,11.441508205508846,10.632857393507305,4.07054488924377,10.874160691186091,5.902261501277572,13.729809846610625,4.971298559019584,8.19894546707965,10.047613896338444,10.723352365987196,8.31180722882122,6.34450520544911,9.992405876143433,4.269398626280551,27.69233510885941,21.50719742357943,28.94742515409948,26.875714002941944,21.1733532059217,15.024600949858494,22.43222326980573,4.145394538645063,6.576073461468271
3.657115,6.030025223744442,4.817745099441976,5.163471889684594,5.731015708517443,6.304117279369188,156.26797133314028,43.49156235397804,64.65335008807689,82.93521882742839,27.11744220432876,25.6139454295648,10.672385772996961,5.31421456607981,4.4285121383998405,5.972642465075811,36.81686624291589,25.71225643454132,49.41735421785255,24.584151433852902,16.81715186134265,16.047944347260998,19.561405755319065,8.488160638598213
11.087677886337062,14.50700645558766,14.144990337424469,14.232168547779422,15.22171611707564,13.57293030308048,14.268842193756932,9.552845255903136,6.666123686214485,23.96665557733664,14.33147156646432,10.756819077373663,15.253403297596345,7.571162482941773,6.573103449373851,27.116110948031164,41.545521454486206,43.417852006773465,23.399483232232296,27.189678487949983,21.38815803185984,43.64818336468423,30.51734298817461,5.914621011809168
3.58248,10.986200556073497,9.85661423610813,4.206139630265743,10.555293555179045,7.364236826445087,12.413266248928382,60.36623064203281,13.284153111451008,33.82446217974333,37.7490638951655,12.041301987995135,10.94172560542545,10.45632795255893,7.4105784555280065,5.049156356798912,19.015710819269703,43.01042594107074,33.84662282512873,15.155424751595907,9.696783271121827,10.425953661056552,9.553754428099897,3.987950580397006
3.731750000000001,9.10817353017502,9.10817353017502,4.104925000000001,8.656528561736586,7.143282137041951,33.8236923831522,20.73233385506908,32.10321575180339,84.9381516123694,78.80900377884373,107.13441939598448,90.33228197009265,34.111352951543914,15.249279582421114,7.59881138521166,32.255994289856254,25.708600227087764,52.118196677449966,29.822916185878714,28.680186453958594,34.31322249301235,22.349337916320746,7.784259756608849
3.58248,3.7693920000000007,3.9810210000000006,3.940728000000001,3.5824800000000003,3.940728000000001,4.5232704,43.32968788037488,10.470179687060032,18.51727359916314,3.3644160000000003,3.90816,3.670272,3.321936,5.098899943682726,58.686615393695504,15.935199166940883,14.196460455423487,12.342015822046411,24.07747339056217,20.827384512808823,23.136102663951217,30.03609880769596,16.615687451263547
8.931642281424564,9.397641009151066,8.13634100707128,5.0777319562849135,8.931642281424564,7.978721961068424,7.039201203993193,7.378679317421199,9.965636913962172,18.97790741478844,26.062760205558813,26.4025463427046,20.169215788042468,45.173228655294444,17.41128077235991,8.354040775732956,10.346658862757652,11.8605048965049,19.082699337397013,19.828617555830704,16.162279181184342,17.63516252032547,10.10247853872363,14.030708166269193
5.413573102026226,11.338432897237722,13.63048793097417,9.245461777138164,11.690809657590618,14.25005556420026,12.764032519129742,28.173042360690488,7.74876058655852,5.978880234721415,14.783241638819188,27.38308911601499,83.33170421083095,35.12451080659683,22.719584939236576,35.794422971206416,33.61664387868844,31.79119213277973,30.626189786542948,36.365365825604826,36.9536819438208,36.64280121101151,46.39801563276388,28.66486815547677
5.18281073410848,7.274806093789381,6.542005154979843,12.128841567341558,8.611228872565663,9.32853257468701,13.4438091679,22.407800147987786,32.92839464191517,3.8403021889471103,10.229058896662234,11.12361340829746,56.65573282168564,20.919761858572755,60.372189979953575,54.071112810426996,53.96916865832502,17.11661302178539,15.69043589040399,3.537283156146992,11.839010644998236,23.79709227322434,22.59641626230682,33.499342300191906
8.540747906131681,8.085396733964604,8.085396733964604,3.1197430000000006,7.684467970296936,3.6045767970296936,12.196283951546476,23.053851773272367,15.358742189203538,15.253293265275392,29.24822284196936,36.43345898010519,23.602024980974377,25.278942618862317,15.048749484120611,6.411589465721078,19.8282463740786,13.9470626923138,14.441637509523035,15.022161097261424,10.736648572857876,14.56474817645893,23.252453394579256,12.47020623127797
3.955655,15.59908925328499,6.68509357067541,14.075748497723144,11.567678849734229,10.545526338593142,14.320987878009143,16.328907629882146,16.194109793477338,24.153363620742315,16.180599660222402,16.559382419662377,65.33201915239161,8.50648497546196,9.015165821598407,9.264719956810486,8.934684479861001,12.999902105282152,15.429928624746235,23.41851399371683,19.21958236970888,19.05362879154482,21.402107684851728,16.820642734775824
8.313059088027506,3.8690564955005775,11.970816164347283,12.51494417181761,8.449312521563145,8.775469980420883,8.446361010830179,5.247695175616812,8.54865053848338,9.51324096254224,8.265328275284068,9.749779014944613,7.353489556749876,10.08211090005384,7.574961218076859,10.564227134465963,4.524916042563175,4.422784356147945,3.5148308490645506,4.359427029949787,8.0050903962688,3.832106745813522,5.504237034245333,3.634135812510108
10.861183390887708,9.127302156143346,7.2257513415417405,12.66883839090628,10.446826761785406,4.895944086626137,14.541623196518517,12.41270388488105,22.13855773531455,7.160746360386234,10.610744872920202,12.564137247179778,3.899664,13.826587639485957,7.21891109321819,48.61963882811591,31.70029844664394,23.751017304165096,16.216248029618594,19.18778978245404,21.48401577712883,23.362617944794657,23.0320341866696,43.30176595989391
9.963700874156329,3.612334000000001,10.171218312739622,10.960070961571963,4.3237314828395,9.653972786740695,12.58025536458695,14.150730351502572,48.83092809222316,27.83476716412436,22.56331242284656,30.33012947689541,26.182916957024783,20.112459418278085,30.888960960863223,5.766496419745551,21.891022055346767,6.923766567141313,5.176150488967704,14.217407550464936,14.57830621320929,26.20890069428731,25.795597787229845,18.946373059782417
7.237864995160603,2.827044000000001,2.827044000000001,2.955546,2.68686,2.955546,12.144820353853236,18.737997607500887,24.126018332778617,69.34248650557596,19.056461195771178,24.36136977839286,15.901581368784711,13.936606188190472,17.437021507271677,18.28048204016207,28.43016407586419,16.119573395685237,17.45466012983158,17.552919740100418,18.163683383182853,19.59844128577326,28.292466509629413,23.726271766961176
3.43321,8.677449171588435,8.918645132140265,9.324038092692092,6.642511623871459,7.306762786258606,20.716203696289643,36.09310562670445,65.3583582129259,40.62918712861289,42.15704164110653,19.16353887016341,8.684120278928457,3.183522,5.487123447055313,15.657241487163004,4.157608411850455,12.059085816221156,11.028200878823268,20.223490291997013,14.718073202384463,32.86895071357208,21.69425686064944,29.72537634258156
21.75318469795544,5.601254342467119,11.73352002978144,11.153404251651567,9.317474247953736,12.961769409456473,16.73609599175853,19.19799119659938,78.57076039634889,51.19931817594853,47.69693774840548,42.44902245162729,13.131888738263427,7.784052571282873,7.091017721204683,5.206911446118812,7.375353916041968,12.694075973703493,9.844339895438251,4.09077334695588,11.188179589900544,14.203667909866429,23.12113595225048,29.53438632526904
7.952083942435839,12.092780219641869,10.88734939679827,14.430200494311052,6.494180242798476,15.627898938927029,16.910077939565475,7.0680155733406576,7.41835062923439,8.34277971650531,13.34239593204837,8.985040441451773,14.555341016780035,13.173931336946746,12.726602339221945,38.94691881811954,42.62784787788345,38.79214605697776,30.55119733803877,30.962321121371044,29.04536368212922,41.37713701647574,39.39592267098134,3.988318506436584
11.210468470723256,4.42202775629091,13.101963423255055,13.6975072152212,5.44456446851465,10.96552342036996,15.72235610790607,8.569566381465044,2.351709981588672,10.544816504940943,4.2446232573883975,11.868829105347386,11.2307429048152,53.62029799819567,10.069819075108992,47.985079093443765,31.67544990281318,26.34871379898589,23.45189428761173,45.73019563227161,21.0439364789492,9.159031980685974,3.2009922659565806,7.054944689465166
3.807213869030556,12.383699319254934,13.013675547997492,13.188231234027112,5.257401478908858,11.629371719122988,15.61641065759699,23.93389684776664,19.63057285206777,10.901762480977146,45.10884874676629,94.8696339199284,12.671467701130542,11.19125496592302,4.468105521121842,8.68958305868304,4.256746738275372,4.583183481222739,3.313831496369227,4.146353050765051,4.362152756114188,4.189549274198851,21.600581061913683,7.479685795806222
6.306960506139272,10.76933476668464,14.628837097526944,11.57134121962403,10.741528692943431,15.593017123557877,14.935634788123105,11.073385788856042,7.498664291827883,9.751777272813309,18.266458011165707,15.95751524386119,16.096225957476076,11.609251742622199,7.873868897636682,22.505875840931367,24.81640442699293,21.6957623845471,25.46434790789395,20.13460637677614,25.742459105885203,23.27795189693009,33.35757817807539,34.00011790764112
3.806385,4.004979000000001,4.004979000000001,4.1870235000000005,3.806385,4.1870235000000005,13.3449436887355,10.004995387546453,20.948024392940923,62.95434265925812,19.54824710223079,13.678381225487175,3.899664,3.529556999999999,12.22443946166367,8.944086108393419,25.297137833678917,15.602550153772096,16.734782313874952,14.947626398968277,14.914753787341558,18.416645539260024,11.766211106119828,2.301885
26.76530421565989,3.7693920000000007,3.7693920000000007,3.940728000000001,3.5824800000000003,3.940728000000001,4.5232704,15.017079455136235,16.298713765044894,8.6889373596278,56.224484697217385,3.90816,3.670272,3.321936,2.76828,13.868130884800397,18.209773294420277,17.229228283570574,17.630425265826517,7.820285678130229,3.66384160890433,16.321007796943785,14.52080251346721,2.16648
9.938151979866577,9.256983945626777,11.3105783240841,9.373494169465133,21.40534982869384,108.47725977124482,28.027261226782727,9.208488412983373,44.2086847491859,9.317461876606218,6.763327297821631,12.997373705821463,12.050709219380158,9.498383899463116,3.804163437836893,31.598326861905857,75.56263183679002,52.09589623817981,33.3928790157703,59.381908967785776,42.21688886731253,36.86737503849376,23.46012870497912,23.03688485184276
4.328830000000001,6.728429401339207,8.94718680226886,8.022863687594878,11.582982549719192,8.294626244894452,11.193476808871717,7.389418275394579,20.706863179664133,22.59068847344891,24.65144600496077,11.799389874361417,11.649592968693286,10.969672916719425,8.626858771335,22.33828993591391,19.91684965095775,14.12471263007331,12.308733583474355,14.86186545618044,14.44860363097288,20.455200435044144,14.980286186703545,17.992716664708546
4.254195000000001,4.476153000000002,5.088413000000001,4.6796145000000005,13.73341832986661,26.1311286375175,10.229743538206783,18.29822334954048,18.978712120120697,3.6025296749999995,3.995244000000001,4.64094,9.432345509613077,17.663064593100945,21.46481246481683,21.626680120292832,24.527181731501177,14.592701451964407,21.27703899755387,16.595875882515628,25.272172857779204,26.800420299362045,20.739662017479603,32.91424138457901
8.617447107436062,9.346940393308042,3.455276000000001,11.674534721349234,9.839261761371317,3.612334,17.289102042199627,24.138542672380886,17.479987107123744,29.62967522544996,28.70475678833567,32.1722257644722,23.535545979790196,32.871274193340994,27.99285294233128,31.260284643132568,35.07026319458817,18.030145308426,33.38715857134907,40.38663403764748,16.75118053761823,19.50044736375883,24.023954033493045,7.600170671648271
4.429825515560906,10.785353442454612,10.913927744149474,11.036127305875867,5.752967454528375,10.177748004959229,13.26710206966856,8.281452734379512,6.643284693088,8.540197827738115,5.521164673874965,7.535576684205971,17.3667736451222,8.56776550581415,13.582284494862224,20.00810532174947,30.842317827436503,32.78933454531368,28.56545353293086,25.63790400983284,19.088037184739687,20.223084654957145,5.083562776507112,3.647668969618866
8.777899711305349,15.934323444316703,10.23225135676934,16.250084151575788,13.163456081322073,11.42597214455739,10.090419360564317,17.080706901583763,13.20923700073865,33.20725233534165,14.571153046073052,13.540479621205373,6.660807914176873,13.585960306217151,11.70232995253161,13.037173727168211,8.368843792612275,4.549854619231155,6.6877376945888685,27.50061274169204,10.513799583430313,28.96764943930844,36.89531259758331,42.79252198061362
7.383118491189088,8.624370137396848,11.580580188599289,10.934752592211982,10.153814648367256,11.787207508024172,9.126126474152374,8.191013437592705,12.728460377066243,23.44218199862411,17.469009661286023,11.774406621004934,12.367824212406061,9.936323684450128,7.2321844064701795,8.86462844845179,21.537222560359307,21.438930611292687,9.948168061258736,11.514269103536972,11.413135510572603,10.586734595763174,14.60600789825532,7.300451792045244
17.550495804176446,30.780825866064333,9.257091172971847,10.153644912546676,6.038546936126579,8.567722018959651,11.311211209591832,30.24674117167282,22.23747188565764,20.365601824989568,12.096718602031034,8.40050635256146,6.186527137723357,6.420241031788086,7.355541378160715,8.165771359942399,22.17649998495089,14.241518903523245,8.44610248665216,10.487256177003491,13.80542037927622,52.26166808134092,17.45165238180955,8.07571570347776
16.082923337134886,5.571974986429877,13.349412490840884,9.761289711455865,11.240207043205752,13.486422220014587,16.16562657589638,20.346782652312164,33.93048086611877,59.39575146195964,55.51487229015776,65.62564667526883,38.17680221341465,21.232986287498562,14.156951870182503,29.778247184980064,68.50277490778224,35.602511936735986,30.67487163000072,27.85754299149081,23.097875950351806,33.41599173534314,34.927092239483954,45.14958234247068
3.88102,4.083508000000001,4.083508000000001,4.269122,3.88102,4.269122,5.571033600000002,12.12638526,22.59637791495947,43.92842195870332,3.644784000000001,4.23384,13.478865997666828,18.55945542037514,2.99897,3.341052000000001,21.216835018384124,17.063189110888608,19.60879768121417,22.94637901541281,2.9106764454389573,10.482123151787496,14.345742408965595,2.34702
4.328830000000001,9.129606922686794,9.129606922686794,12.678167950089003,5.712306544989807,7.805361398977578,7.212407915934959,6.233786148366799,2.93258556,7.34775595473716,4.9933823780055855,8.172067748546013,8.889534614426807,5.846663241415068,5.024940804630481,7.469678391289194,63.458549129306704,19.68593983712885,18.33780423455805,20.89219669963424,18.569395229833447,26.73026570393892,13.113976380976354,5.247294737682491
6.529093952808165,10.232157610857458,12.755156072913406,7.1872002193274565,9.965511890326422,13.87494442744805,11.587171999091233,5.402513133893552,12.110167863912633,7.771392640074191,11.845802357030744,9.295754090255372,9.22338933761979,15.688911122676926,9.746861787876727,12.284536584588574,15.118309071371671,25.8794457577113,21.255714056659325,18.42928714043469,19.856465486769952,16.204535450610727,25.773802945708933,27.378759463449903
3.43321,3.612334000000001,3.612334000000001,3.7765310000000007,3.4332100000000003,3.7765310000000007,4.334800800000001,5.03849808,4.39973532,2.90730465,3.224232,3.74532,12.072693187385315,10.157762860227391,47.159179711963525,6.133988832541682,20.534876407557714,8.56050101812048,3.0830228206725003,1.4102790768,6.642327024962527,8.368291764715634,1.660968,2.07621
8.281993473040373,11.005013894729071,13.398137774688683,10.783076356434195,14.670287414481006,15.334180186004874,9.570031586454508,10.5567296617086,26.273266147457772,49.89962858329041,10.955620698572732,10.162961034530284,8.98613395370789,14.70397752335776,10.086259374322378,8.229415591142184,10.964915370968926,17.044243269419507,22.292358817406782,17.957952664890787,16.610483670385896,22.990565385555453,27.40333041486505,12.470377217054418
6.288315,4.319095000000002,4.319095000000002,4.515417500000001,4.104925000000001,4.515417500000001,82.44015672420647,67.6113567352919,35.15811043286753,26.6988184044032,3.855060000000001,4.4781,4.20552,4.672112911867275,10.756571495105174,12.034107154294388,23.7526156307245,1.8314040789000003,1.6393642650000004,22.43931090651755,10.28917023533527,10.137508100953475,1.9859400000000005,2.482425
5.1089466728883615,9.99572619960476,9.490267010222135,12.744371493555532,8.23752954069698,7.0086362359064,15.371134769081976,28.5993176838254,23.19849147277987,31.932534946484854,41.03547637220665,26.6631139081096,17.811226693425947,28.31478188152146,18.080153307597293,13.803189347571475,62.16548716519373,14.396557085934369,11.879138524871822,22.60664717009373,7.085713051217734,2.5472026882830976,5.60514218760761,3.537781511504302
8.631755627324598,7.910367618737828,19.11995568351625,29.08431649163933,8.186300570295087,4.839925844098691,10.054876571013086,7.071545230481039,13.495444417271823,15.277620579910462,6.223812608997524,13.168211816029388,44.73632106559776,53.173136592506545,16.835340194287223,23.80606669200106,13.160467648928195,15.181865526346652,22.28148720037972,23.305556431878777,10.414620751163833,15.360169379298627,22.82255716305324,9.192106081130822
20.038003945927017,13.746263643215151,9.655857791978235,13.302010461333468,4.778278952256706,13.943460469822895,31.738371175379243,35.97189049243035,22.391301270129546,10.734159857553742,23.98926197362701,10.030148939869386,13.384791646586654,12.11447577272079,11.303076722712733,33.857788045708745,25.30945593301031,14.431081575058869,15.800437882661786,19.9938320843834,25.527492168198368,29.580060741659167,28.462636668273568,11.230514824433907
4.104925000000001,9.086934334015323,5.440682399481282,9.69540491122867,9.70231404423231,22.32031629883617,45.04940660848801,21.328876361229888,18.51919420060284,24.503881373178967,28.967179711840902,10.77815559286702,14.098111432277756,14.651337712404285,16.240284299481853,16.9123651159907,5.256864950702544,82.2924842156718,18.46847282103665,42.6313062300266,19.18831829650972,21.76680434688736,19.8268647927672,31.04563441040732
3.731750000000001,8.148602108424454,14.835878782891044,7.115144881801824,10.874118011823654,15.510236909386093,19.04887053946925,17.4721707535831,15.83666126316648,14.169307940041143,33.49047184710562,28.07380501963674,25.480685049710658,32.84834306890069,22.256688413714052,93.6274217814768,40.53989714978957,31.972037695709776,22.953099631011412,19.538817344986885,20.470103790906904,27.902700408118005,19.49192939067441,11.1192433139657
8.469987808598363,8.238633557675143,7.415860243400421,13.297906328506796,9.583187808598364,15.107800783777698,10.498323526376549,7.255146616593868,9.76543582313755,6.187333643631988,10.843343744712618,9.775753312421122,6.432906025272052,11.921196197733767,14.654354588473442,5.027173861092339,17.563396324437665,49.11949197590162,19.622645892695303,21.177174536261628,22.683474720728626,25.49803597761868,27.83361728527402,3.472808248480434
5.064045187160041,8.749922810838523,5.114033550310961,6.336991892109938,8.175683719370692,9.147646574967547,6.39390748848381,13.930597093332429,62.26762151201882,78.58746967839438,28.91286802238225,74.03029024557493,57.58390450106405,16.910211406686688,31.93758465551527,5.87416869560178,7.383485081384508,20.58210515984939,17.55614047946581,30.06415215821388,21.655433609416047,23.915151210424973,32.456033450160426,24.89541763320981
3.88102,8.804066510546143,11.435242931373704,8.747192622224107,6.5729087374188735,7.019897349046997,13.196056233482937,14.44780288257893,5.278317441601142,9.20339452228459,10.206663112300497,6.96188166847636,8.572554618833808,8.294344641439062,4.741248031011444,25.29344566692415,72.80675346741842,22.72994878312199,18.57080580470767,58.49578323015014,24.08265619267296,24.237283917317903,21.84440027953925,26.515726814587143
45.32630697227913,31.262195752089767,10.88571685784047,12.436573916416911,7.180791213572338,10.780601788320071,21.902909798999385,21.786873864821388,19.757298496072348,7.9259232807815,21.02706486854352,28.92026127045443,9.33487085333601,9.898056862546106,4.675905941783153,31.7448771339731,39.839197667760985,32.24238692500193,28.90339765276648,43.92324829445246,24.757660584125983,30.189233979326115,30.23943384538412,42.166274662866414
6.556262048218144,6.898327894212136,6.898327894212136,3.940728000000001,6.556262048218144,3.940728000000001,15.938936665632314,17.462457818677336,21.104101863024,28.347629907195632,19.033522401632126,111.52141718682924,40.84384430712842,14.623455944705777,5.066202491804929,5.644086458900838,2.2423068,2.9250632002884283,8.386772616869214,19.329072857815216,1.2634911360000003,19.34177703769001,2.8521723438354445,2.4662090206702083
17.275870357163928,12.859496134192714,14.103335987290796,11.361846662292804,7.616147246270792,11.758739799565774,20.60809405227808,16.915176061453874,12.371398339848984,40.79070699099522,93.40593828898903,22.736817847447583,49.682053014470576,32.86378232557838,20.775433079914567,31.288213739910194,90.2050983475466,15.8505028523484,20.09429544066932,21.1505789546956,21.409324990077824,22.22071727577262,21.62253912912077,6.676166081921404
8.171887919739683,9.224861658722782,11.313576222914618,7.000220008925619,9.969227567262564,9.160309963191366,13.57629146749754,23.34664898388418,25.94346137609492,9.10547384627476,8.979483705083865,8.048543065385516,6.5417369041875135,8.284077431551648,7.488984575985107,7.891920451020378,24.09782067886309,21.375761278016736,14.433503525625085,28.747067406663472,15.832794029587268,23.23042132231228,5.202035047651197,2.211615
6.322121126781243,13.975075372206526,10.249991859648024,14.00103187038738,12.98120559008152,10.082001955918113,12.453677951318692,15.34715886778779,11.933069129528926,6.50591423239822,13.474185578807566,15.65183173295828,10.260111369846564,13.793950608680351,12.453071627628828,32.74679414102134,37.5816042210384,30.35960219619966,20.78110589893264,37.27073561160569,22.836020029690182,27.769141446368995,39.92833997388446,46.0358375350633
45.71756319699498,12.666328347372794,18.99553184292118,10.048138225502672,9.876753196451492,13.316359466859849,35.42921097454915,40.62983325720254,9.72442231893418,41.88554630392263,6.672703760346001,15.014934169858211,33.81966482983134,12.537102644183793,13.122803971091168,12.57574111162999,9.56806620810648,11.437508893314412,3.832597665963895,12.836105222455858,16.276945373980322,12.02424216479058,7.0923663129659165,23.028597571296263
10.847742313253809,8.571934618259538,6.706686639228339,11.786092350909286,8.451710053200893,6.904757486058207,13.696453772908292,3.534564922441618,6.504370132832083,18.89467043218881,17.81911066423846,16.123012436658,5.678927657620799,8.57183925300674,8.073766420689308,9.338491208801107,16.364544579921347,27.841674258487583,30.100534911138805,14.550019338458466,22.2428903782661,26.567744701556265,24.66886244523681,26.814064069680004
3.731750000000001,9.664850021284806,6.795650010642403,6.831850629949392,9.185601259898782,12.501374914574669,8.154780012770882,18.87100476963632,6.222827326251428,7.778534157814286,3.5046000000000013,10.02065591988958,9.41070295085282,3.690223069632097,6.714842827201622,7.907604562869386,2.33573625,4.098137630901322,2.084352557462541,3.0603956591893904,3.239634490831084,3.9995487541124497,4.204075509204495,2.706501657975843
9.139755702211064,7.6806204168763905,6.617042361749901,9.501084363241064,7.675810443717514,8.236565507411834,12.06554757323469,30.07878822982657,64.35539269734593,10.202808393017069,14.86188431484157,27.33702622446094,70.0370190847747,30.737679728345388,14.721337104686532,30.957401820623335,17.679322498368084,4.664478606987507,18.929239389559527,24.338283794856657,15.487713387404373,22.350794521238264,21.17681371579343,29.037185528575563
11.03877225847646,7.759700895502604,7.28886981976808,12.142649484324108,11.03877225847646,5.739405792151495,31.85567626228923,43.74218698996046,14.377859427960995,6.459780265175701,6.830585495284599,21.414193197052203,13.307297085529195,15.406829024434533,8.52996038154999,42.66110126235565,46.73297057245738,41.52651152544532,36.171479525552336,24.4233516020614,13.973779849984007,25.70606592432497,35.52657627562282,45.54788509064607
3.43321,11.86539668653074,7.632325610471405,12.81749321834773,8.807028028672342,10.608249180600795,8.015689723723863,58.18780573387798,42.673597587153886,8.948377952164936,11.257356998110676,13.076727826088154,6.946713113570519,9.5699057925678,7.776396378613813,18.730304840854732,5.873390066520034,7.924999301758008,19.279541158416112,42.35073567716741,21.782789384217345,25.678478949991,19.10927688646424,26.484461596973567
5.003685682717831,11.355145184281197,8.833540996224446,11.42467293771834,9.096165890197192,13.503605606690943,15.49979078333222,6.058369274284771,37.68118880009593,10.3955443162253,7.148887131468262,13.392005560354653,11.310544309636764,9.057658603413273,7.548048836177728,7.728532113851432,4.764570798416062,12.676270849257016,8.433470996885259,10.834529275053312,12.540126421392277,15.118509895538608,21.33041118595322,14.638216399398084
7.574690523333455,10.146594234144883,13.254436463455631,12.689496382163682,10.739941393334377,7.896741976883754,14.454997382468404,22.75267064042306,27.08122818288117,10.66753095459448,11.940256162250355,11.716299701819317,10.187663377212251,9.958854746546423,17.582311582247847,60.39374081421766,48.97627733146079,39.30693872285387,36.30165069786152,24.6702046351982,22.65105210106327,43.78276039236645,28.37706912578708,16.190015830591307
27.53861010221928,20.90957691304021,4.162037,4.3512205,3.955655,4.3512205,5.371217599437124,4.785822506076955,3.5494998251934824,3.349720575,3.714876,4.315259999999999,4.052592000000001,3.667970999999999,3.0566424999999997,6.111173006390923,17.05906512664894,24.443240874877365,21.56290750669633,22.665043899108564,39.18453655532345,36.10061926424397,34.775254161528906,7.997648844478041
4.779955662381228,8.176560259683159,8.176560259683159,8.31784738518532,3.5824800000000003,8.548222089668757,9.811872311619792,15.648852704948302,25.05561640564632,18.52583242340388,3.3644160000000003,8.477575626117774,13.361664971165064,6.354694147617957,13.07472704578105,23.35940918205261,20.099583153446314,12.302737423457009,11.24300891168166,15.02643377411627,25.30870013600427,19.695345192404147,3.759620495060926,4.699525618826158
7.185742994954285,7.560651325125814,7.560651325125814,7.677403354727228,6.566886795711143,3.819866379444972,9.072781590150976,16.86244899693886,21.60748795556477,14.519401434224037,14.169194496721632,3.33822,6.305133226162502,3.9851839513236453,5.074412523958609,12.412301922810958,25.40124570624406,74.64156516815005,56.02816434253721,62.39250909228848,16.973492844008806,17.261486158746415,17.493464177290093,38.14994441492484
19.59065802431079,34.85929162767212,43.42319188002446,9.705882158273123,5.283257064034658,8.002126176095311,11.14066473819176,10.664138292198658,13.5191727769364,73.61273161445921,34.331238551991646,34.87686574343833,38.12429286584207,34.80426026353816,25.93955078866946,60.09204218025422,33.27874346767719,62.01252216596275,7.243359396408008,22.88630016099692,18.379829711171208,23.6362575908276,34.967073782742474,15.736069032344458
17.467863037890844,3.3767470000000013,3.3767470000000013,7.3772237199198685,3.209305,3.5302355000000003,4.052096400000001,5.321852845380695,11.51817057014417,2.717697825,3.0139560000000003,3.50106,3.287952,8.805685370949604,2.4799175,2.762793000000001,6.442673175,27.040081994114644,10.707216457305092,17.39244561179413,18.079165757979226,14.479875107726745,9.242082911268795,12.90927553765745
4.547653991698852,10.14593656185507,10.14593656185507,2.791349,9.642832269531675,8.992062473267191,8.133395598571209,5.121202429302655,4.60212943268969,6.463566955273886,7.168164991356044,9.2561860433322,5.608196723090299,8.988997949044453,5.898048214689,8.301220823335969,2.8464179757133268,4.102844546994028,2.2951287013788684,2.639324675277164,3.4008935425984337,4.198634003207943,4.124894538953182,2.277439736062619
16.362755153922528,46.00123545872904,3.533805,10.373183233550348,21.75048792429576,6.379797785860508,27.756904074802957,5.2206065309315735,8.193860087159171,28.77322798335755,36.299764217546254,7.927243032377774,7.444715195624344,6.738156577521107,2.5952624999999996,6.25562874076768,15.763564751575846,3.067639142047657,31.57101294645168,14.370711803784156,6.7367769302699925,14.700746441094354,22.5496120145022,21.131049149501465
10.04998294301634,6.876427043581376,13.210190922755093,4.433319,10.04998294301634,13.810654146516685,18.29449661798677,18.735505657222426,23.419269975779525,27.63947052596027,16.197981618479687,14.303827342925349,7.23203861922434,34.69002819130991,24.228773456724156,21.632682040203566,39.52786076046858,42.06717452989839,34.76592657097291,24.17457205530028,21.204178830850747,53.49382051379976,17.43499622207754,2.60276125768622
3.43321,8.85450754688726,3.612334000000001,3.7765310000000007,8.415441056958965,9.256985162654862,8.217594000000002,16.368323126312607,8.480183511306809,33.56673610096198,17.604964447094172,9.18048115304614,8.62166925677377,11.8370833137034,26.384159568133107,6.254043851850535,3.1411030764055257,5.406645367690146,33.90410225773155,22.015770672156265,27.473289741998776,30.499726351486466,24.91589129319207,18.2212122799697
19.394144933866308,3.7693920000000007,3.7693920000000007,3.940728000000001,3.5824800000000003,3.940728000000001,4.5232704,27.2076684447122,29.31904969274556,23.0701793124744,17.53457963081446,25.58278603544897,21.275779878430406,51.31422183809912,31.073034344258726,3.0840480000000006,2.2423068,37.01279901730109,13.091359588354916,13.27280275140498,12.176350861091528,17.734104052965808,35.048725805147896,19.786174283934816
6.735349341655978,9.172996491414192,10.924925972317675,9.716647977212403,12.528978899913032,10.146309054950104,15.5141769768514,22.99827480390842,65.47142609604174,8.663749600724717,11.766345401657455,11.86521612141542,5.234056325458345,20.332443529072957,10.384670112223745,8.428799358847384,7.152445764195978,3.86947449692014,4.343675064413557,4.021916552247104,6.149241777714223,15.678008603617782,19.581045388551257,18.92739384283387
18.473458314268772,4.852821993916292,9.337479773231683,8.934527284921995,6.116519623643157,7.003966048371786,11.204975727878022,10.406340492267784,6.038063631383155,9.166129818790717,24.405191665690577,62.88950105307995,30.049176268425718,18.150567062490744,4.64933105158984,10.719611594268567,12.53725725099874,17.826161939684326,17.508671684362188,17.06782643317244,14.88815697831932,14.143473445977486,30.194050833536643,32.5551988780107
4.104925000000001,4.319095000000002,4.319095000000002,4.515417500000001,4.104925000000001,4.515417500000001,5.182914000000001,2.949120900000001,2.8151793,19.409721596138542,10.900804985650694,4.4781,4.20552,3.806385,3.1719874999999997,3.533805000000001,3.646123875,15.91108589431469,18.732988629611587,26.06476791442873,24.85707172019853,21.58068612137092,1.9859400000000005,2.482425
3.2839400000000003,11.354084889964987,9.912057657921071,4.868645603674624,10.791072416082422,10.362605733281118,7.318791110496612,9.531461539972684,30.85261685252111,3.554621924015147,9.061642291175753,10.77533590884393,5.7616077777453665,8.24214257841956,15.284072303370149,27.579138311164105,30.11502746137852,17.549052757662988,11.55216884385928,13.578372176434929,15.886725507147649,26.652798964978658,33.40413840146864,19.82341794790981
9.651262940108506,7.158820655960367,12.749527592599918,13.62185011348166,12.126270753624558,14.034564122019129,18.58207548977146,17.24046705001028,25.075259298848504,11.033788438433511,11.62972183601596,13.828964556966415,33.58645913780651,54.17173622402275,49.89363052118178,19.142279780509572,15.194186826522314,10.186092902718832,8.588257645799008,15.757701960871056,18.13820923868341,29.22537363154276,36.72896041858977,19.655995531424143
4.17956,10.439735842316088,7.144038473780042,7.755892644847045,9.922062990630993,4.597516000000001,12.918997010779307,12.178157087067431,36.0883332593827,59.35218334310781,24.24880694175524,29.13163692908497,22.510773005874547,10.430697161762295,7.667048674578491,8.541602052804071,16.375486425369687,33.66164492335565,53.85994148192444,27.180958597347736,39.70553180911229,26.56721881762767,33.53164636789622,31.805437956504967
8.288184298143726,13.117754892112517,11.987961757131316,15.185743163865514,10.263836016853585,20.773211186354064,22.05465879468157,9.6127604054018,7.539014556252318,11.08889491350662,6.212235674084467,11.31889969997214,15.48793684329518,126.26057744380658,34.81950287032399,18.081567201652057,36.54250476926419,19.13508109112052,17.09192712322242,2.852912523504512,3.6166264660616334,3.8802084830195938,3.605010159977209,7.413016148609834
5.357207499501828,5.490311869099296,6.954332955473413,11.2223814995129,5.7746349993357695,6.658211999147572,8.345199546568098,31.94300526378793,25.08538741911132,85.0090866412312,11.769058601016388,14.624309026510794,23.22338133429505,21.618248656570735,19.128363111946474,20.355745380622732,2.5693098750000005,2.9488107440754834,11.65184958999664,20.831474587469604,23.91584709991056,25.758594758842552,33.96388748501679,40.5320542611103
25.09697283220425,10.072092014229826,10.37830094029415,14.371444541865383,12.162701479760644,6.7789188298373855,14.291214684738902,8.630073390166444,23.09029058835383,39.44899321319703,17.235046171140954,37.72908920085901,70.82046065263123,37.42213285651537,20.669477015356698,22.346348770231042,18.777361741451525,18.89244643854974,24.53833664470559,40.89258120382572,15.682979365894536,18.5362339215401,8.284669344704747,4.02903989969479
5.245323214404015,12.766040331223836,12.59337108918676,8.690031412015411,11.029171044689772,14.098977713240656,12.62411727906155,7.930305827240868,15.363117769488728,16.713803352244934,15.055661484211145,9.254988274742358,11.14068528535575,10.692404983210427,10.43297062358282,7.303392921155384,6.669225434140355,5.242223694663523,3.388110370605085,13.974074839698918,15.043963916442651,17.609470373299818,5.3668014677516505,7.889074358687242
10.273856658038076,8.892149658159697,8.892149658159697,6.306178646903686,6.897886938255865,8.869172617259217,10.180267699810583,4.537194626599812,5.753761481508835,20.466271077857595,6.665846794200786,8.584055986508682,8.65832153040944,7.836582681458543,4.579997732315412,5.938180929455049,10.337078689992104,45.56781968667611,22.68904747023522,27.573932712912505,21.013024860581424,20.93741842652971,22.95999464651916,15.706157142816258
3.2839400000000003,10.79013810107578,10.79013810107578,8.528974552002198,5.785416701681594,10.610147939488014,17.99534279189672,18.168030185048607,64.49359636080942,16.580787956792086,8.35555355669804,5.577210201413363,9.049380113974548,8.755700465780194,7.924387673780297,73.4843809718043,22.28615204873225,23.81380177394052,24.683073943471936,6.100090638246446,3.126697112376587,3.3822074185838127,17.915455850061512,7.52767110030891
10.209799415419193,6.55045954009486,10.230358226601409,10.412365763565068,12.330517779972158,13.826169874169729,44.3146887773594,26.291314611226955,4.957096831666217,10.643865485776123,6.760900227135848,9.825692787796028,11.466822905827193,5.49646714004582,16.24084850558071,18.180847143092024,23.18713712366847,50.510060772830585,45.75295735313868,36.3826250397776,24.72312177201589,50.42000211925057,49.77016077392606,28.65290301727813
6.684441457824343,12.58743675234664,9.837114392512268,7.36173841505282,11.66836061733886,13.32179111300721,13.422572422422054,16.38339840369494,27.601348610516776,30.808735063551136,34.64781984071198,99.05245474103609,48.99239416742336,21.580577422358395,13.40683662771778,28.29133079348604,27.981088042187015,24.941294790838548,17.434816361760227,10.688590298392189,10.066647713489294,13.993052875634534,4.166466634812444,9.636420352773412
3.88102,4.083508000000001,4.083508000000001,4.269122,3.88102,4.269122,11.915105634345649,27.635056632399344,21.76225990779657,42.49818154492058,3.874599930319035,4.23384,3.9761279999999997,69.39272599842862,2.99897,3.341052000000001,13.578009116255716,38.129161905602544,15.177909242022045,17.908404745377382,13.42547448811718,16.188528634554224,18.28940584786697,6.836798808614205
3.806385,8.04918163446413,10.347611299504326,9.338146758234693,7.650048660854336,12.297767777092536,14.115698665880128,39.81071572733776,23.02397819916221,8.979015858551678,7.4396655477420355,12.498102151697337,13.863902260092202,15.277821809333016,15.252983879015213,14.05790449957159,30.268847540245662,36.19554624571017,14.482901323027868,45.78157619190057,2.587349879809669,31.953779423718743,3.9970226418165584,5.017578240401792
3.2839400000000003,13.106777669524485,14.67264365779103,11.425177071690438,9.277758607116429,13.04596447421938,9.52817129789064,6.090237092858279,9.722118112442136,11.159406594729523,8.762491571359362,15.026765866514213,30.72546617788119,34.041716856724086,21.14628032113563,18.05573568492515,27.325861406223,13.776031941903828,16.999095546674074,23.34520826479807,16.214905964128906,14.019988867129523,14.125337204073892,6.518859562194099
3.806385,6.874023155937174,4.004979000000001,4.1870235000000005,6.5331625035766505,7.186478753934316,5.9535924623748695,8.37541808331281,2.57865282,5.5324007928015,6.135491742489376,7.127086367538164,6.380651857096113,15.87336446405773,19.345492147900803,26.4670397002242,32.15138990911723,28.487793103077312,37.84990442970211,31.860627809552952,27.390376202202148,41.23784281414285,29.90710941323134,32.25106166352618
3.4467141362049327,5.118339599220738,5.660811198998092,5.91812079895255,5.380109817229591,4.576191549825425,55.06429321343911,41.6960860116589,45.59183392074334,24.37455914277798,8.883534366756775,11.574740728988548,15.368870492307304,15.700545903222203,11.596445287773486,17.880050316271863,9.653104083464465,9.75762434150448,8.960288282812968,25.762351381988623,12.56966321017104,25.347733344444134,27.71879995279748,25.444393995283725
23.797604450623872,12.61775757216168,11.652967492979723,12.9036241809944,15.854144466274567,8.899390008486428,20.017580665244065,14.167234518561754,19.341920662926263,12.223172751519144,10.535342833884672,12.94768899611464,16.242665002602244,12.756188677171508,14.680824192249819,9.80663934174709,4.292791995693962,5.795979824470121,3.452186632768162,5.586670054823169,11.96913686726842,14.946614412672046,13.259174585255698,10.19524222824916
6.347556121430053,8.78409815522646,7.789174572152354,13.50468560864846,8.197873293268078,8.610408209253706,65.33178216786564,48.427071149246736,62.36465895147208,42.4027441734737,30.93248216538236,37.612375803154464,22.514011784809206,17.10241111616063,9.169102662612953,7.666665157845647,6.166024913497126,5.116616292130126,8.258850173648854,16.413477046420795,21.173210423538627,20.504572932926457,27.04215007517361,6.935452610010636
3.731750000000001,3.926450000000001,6.503822349741482,6.799450638366095,6.181318762150995,6.799450638366095,4.711740000000002,8.09653125661428,12.980177292322656,5.23445311540332,3.5046000000000013,6.743256831437448,6.332797719958648,19.525973344093092,16.09097419130774,5.321309195243031,13.97310606410775,18.45273453740004,28.54830495385393,24.892675905517358,28.73873930979861,24.362048813116058,31.38168283997513,42.06622447917555
4.848952408550336,13.953964547415904,7.01734853439703,12.728798052640082,8.180136399400709,8.624337071756658,14.218629891458331,16.03062889789309,17.679381833306742,18.01576234024757,34.06917053750765,72.32236119235246,26.641552593208907,42.950676976673705,81.31576716064058,31.154693713492883,18.715681016211377,42.91282727200219,20.95605084098276,32.37376050052103,22.40327267055373,25.74874803938985,24.55907989327785,35.84048744360828
53.8813607859731,6.709452757506669,4.004979000000001,7.014427882847881,6.376752620770801,7.014427882847881,35.554835615408145,14.38471299764235,30.72732642989638,54.67725466912957,65.970649458729,6.956457404477236,5.508937640830414,4.324034264601884,4.927490661504709,4.874899129435761,3.991267435818816,16.745349711108585,18.874793581765225,23.51063063513072,25.33466412037718,38.55642723097553,8.534236443777516,3.856297039438468
5.267516761205932,5.748063802955728,7.8052646059114545,4.933984465181402,6.321012184098116,24.143069978093752,29.978852929785443,16.860296075685188,11.973848075493974,6.116320123555875,6.59944661235201,4.04003354681284,3.5938079999999997,6.697419781027366,2.7106075,6.386125586654826,9.489963930714852,10.767323422637809,11.750385460194575,18.343032837643108,17.454393408143385,15.137791259511795,18.934581651237064,4.131404837899265
3.806385,13.19522148296199,7.55591508745224,8.941880515421524,9.567385167912208,14.080199649885836,34.62310445221866,17.639728329152597,14.616338661711168,10.794776349215836,9.407339993338764,11.210556559776672,15.811134736432063,24.934274026680534,28.980613077492215,22.49347106668772,30.629012281444485,37.34912999979286,33.6480100129973,44.791491871616834,44.84576994231276,38.693804789331374,52.372044173105344,42.11483929103445
2.612225,9.634809539951451,11.236297471957489,15.79794716510603,7.414853297973941,14.018417279057706,19.36612373251761,30.710310641856697,37.35753325946918,12.816881085803566,9.88706308365042,28.46494262439748,12.796236715362282,13.894239149914323,3.749421623111207,17.327626408566722,31.10028156878209,18.54991165404103,15.970317860588551,16.741117046544343,14.03095285343604,26.12880646457125,19.271083150437065,7.112437895644969
3.58248,5.984535989326137,9.71739496461906,12.47492708821543,3.5824800000000003,10.159094735738108,19.009383099194658,28.073622997777285,17.408384793804128,9.168439654023992,14.460152909778628,34.99972670154453,19.49316194764918,10.624509198308639,10.23160990398189,25.17473440625339,29.94527706548817,24.941284420598954,31.412745857556164,6.156137647159709,6.44625016660131,11.398216086246691,14.034130727013794,6.858296243251745
8.375320038790763,11.821960898274767,9.298175487435648,9.021837962596274,12.42075615356771,11.024328839410858,10.677146300572748,10.778693336833893,16.25552686860761,3.41292285,11.664710126828806,13.549915803892048,29.46196006281576,29.771809977754444,26.16761937168267,27.335731592807846,17.657165662294705,16.574190299163376,18.98062394481644,20.38092091015925,18.77563454322108,25.745447980801952,30.200491050370225,19.536402421105155
3.58248,9.228590445589663,9.228590445589663,7.313249353783696,6.884249157550473,7.832098792827344,11.0743085347076,6.301373079459656,5.941936468866591,9.092700267889304,10.351872398215676,8.874871931902518,17.470579980010356,7.2497578234068305,9.30580026790466,40.02503311562463,34.255584929486766,14.965596709420906,3.3144489859729265,1.5684731569014647,3.093401329916558,3.8190139875513056,4.0151520682336415,4.3385040930531495
7.817265451309264,7.64468195360314,8.805563604804187,11.026289994406016,10.023899994914558,9.812640995423104,9.521882839684082,5.0216992768688735,6.790736614736661,8.488420768420825,9.4137495604415,4.917069420983261,9.421778660250665,9.294889086193498,6.04061421237534,5.067474455128772,11.87502244783537,10.181691776147147,5.7965545669934535,21.882286352421115,35.22072315552288,24.84955271784266,15.579561617768944,28.874702521811297
7.9226122644566335,11.847235228801,5.115307801578962,11.26339535490506,7.9226122644566335,8.569753996231078,13.701376971162697,12.158765697523169,10.393079535474207,3.2244621284783506,9.55075254674074,10.07286735937111,11.953829139140847,3.7044569888050196,14.40272642793611,10.747830161752491,14.37623146057107,13.325079505788777,3.3135893945016983,4.792887793338524,5.791830948870856,13.203701933225732,10.07003589427119,7.056079700187306
4.03029,6.836615135504725,6.836615135504725,7.147370368936757,11.83359135120182,34.05214280816213,40.84188402814475,30.06015520772001,29.841755036543304,61.59055343312063,94.80755413377904,21.586777619148688,6.095109740487423,4.118491002247312,3.3261555568040615,33.09141562182476,37.37729066377444,24.211565470324505,11.673216437548907,17.0552777606287,10.77155902917854,15.162071452389586,27.23325052656292,28.678396268411007
8.368489882836956,10.385633538888538,6.3657783731446616,13.639751720358376,10.713687061112354,7.768331935560326,34.929400095249456,15.161660125659996,16.43705743698584,40.23773166187839,19.955603142286154,24.9358835680468,47.86637682410226,11.497972524599618,6.126625911202873,45.647067067089424,81.63324969738036,31.90152935908444,50.25140516371148,42.23966909088581,42.868676619972085,41.83727877335875,46.33036574903085,25.75138477820436
3.657115,3.847921000000001,3.847921000000001,4.022826500000002,3.657115000000001,4.022826500000002,4.617505200000001,8.971683255029808,58.43090631342928,8.843474373043064,3.434508,3.98958,26.626206306335337,16.51635925050172,12.220241978956032,24.302735198422745,17.159694289518164,14.03887143258197,16.233629998719298,1.502253799200001,1.2898138680000002,1.5923628000000003,1.769292,2.211615
4.17956,8.139786801408372,7.60519211549289,4.876963222183094,7.736161009602996,8.509777110563297,22.36204334179115,59.77951359195148,13.62240895433922,6.551121800404719,3.925152,7.330897410080254,14.833663866081315,92.17350129907925,20.876713955405428,63.354327616146485,28.6199544476686,23.241021659511254,42.57423270665222,23.839347608722846,16.32406189006925,27.465666484134424,30.31591981472205,4.6783898595622855
3.58248,6.179446486972714,3.7693920000000007,3.940728000000001,5.87302765290795,6.74028624244305,11.08648032598151,5.707389600000001,51.56273840676826,65.30278746121564,3.3644160000000003,36.853862732106826,27.832176103890493,36.626223706145694,19.868432197525923,68.18937179310785,20.2865089900794,13.264315239075042,17.940590534210628,15.24454228477458,13.595019797438054,17.361973324325362,19.23586574569869,12.821342979405408
31.67662476789908,52.56424791989189,35.057196983421846,14.96877213679163,13.061440793180974,23.76637862541,19.394720428333468,18.87057470126745,18.91932318135977,24.532894057261217,12.239532254776591,67.72366534034748,34.403310549419174,16.076913152021163,11.850566515128502,20.082971924173723,14.388198977407376,16.37003520066434,15.909109381789948,17.03185955327322,14.859048139824456,38.53446743370089,22.857024592038048,6.831486899767636
4.096501479371773,15.09937424001848,15.557253727026977,13.711376605238405,9.812873705058154,12.050725002963183,18.159592056927952,5.921220271589046,7.011905598895761,9.190418131984002,7.722680129107508,79.33241918993807,95.8071363155224,47.83203344959612,33.788335293073445,22.87083784462627,18.4592381291576,13.97182735806448,15.05633530160546,12.870030381964217,25.400288307814066,25.92099055338963,21.40167262673643,15.349344339088743
11.549921098680954,10.012022089322976,13.725418315021887,9.271192294417927,12.720869848751288,11.219300373152004,51.473333053974265,53.46726697533353,9.466945669509968,16.235012184069912,9.34507665858782,14.837573583562277,13.596791404580062,9.332153742962612,10.798314303654694,10.08225344945123,18.205596580754417,19.250618764165385,5.123850205098843,16.005056930841256,19.49445629426209,29.189646261573422,29.912995803480687,31.541379242406
3.657115,10.465684477302702,5.351958153932433,9.054514433155772,6.516028598383959,10.030374010676637,12.558821372763234,7.99697762185332,15.08341397198991,26.8032121013359,33.21297853256861,45.46332645542788,36.02040478787528,24.763301398569016,11.593597057662928,3.1482990000000006,5.688919546569069,2.014264118247542,21.2917222252367,3.968435204758584,1.2898138680000002,4.330953426069366,34.14922834534909,9.905671939151992
9.702638978753924,12.712335061554828,6.744037440431136,13.006551024505988,9.702638978753924,10.79365087473839,9.069475448337604,9.243335160576168,7.803419842863069,25.75320025492592,24.552872012258373,20.01586103779133,41.576453412609105,35.66328191321831,69.09002601482815,37.882913216758084,37.16045581300509,43.637113742945616,51.35472965576104,35.10622198742458,26.41899169738186,71.73174278591551,40.60769591506516,17.98369358083926
3.43321,11.0297008206403,4.311415904714333,10.85251250695311,6.423085088344353,8.477222853435094,13.505419821574192,5.808447467555294,5.750766872360269,9.05794098946019,9.889360103424716,14.264872170081516,20.49259091194072,41.5644600998969,17.60754788654226,18.174437421140127,30.851705023019573,24.88792028083452,20.20145758524771,11.23665792320422,21.953154168402413,15.46919623497534,14.348920334688485,39.377522552886816
6.11733444457689,3.533805,6.436499719946121,6.729067889034579,6.11733444457689,6.729067889034579,7.336773701275862,5.454688413944763,25.483898820007457,64.84824137761561,11.065288867524249,6.673455757720243,75.32246504007155,17.725204055278727,3.447693133412281,14.570496242509615,19.141315191037684,10.320624926630598,14.340260172483587,16.5214005771381,10.56483833384667,12.328718570831176,20.91249402604949,20.94965487610854
8.818974289044313,9.761308197218732,12.26697137270017,15.990476501200954,13.589538357847069,4.515417500000001,35.628087045394324,20.01195623044661,19.4671013349941,11.877320688734136,12.769611586956596,7.950732164973802,14.36953731718308,11.537470581268034,10.68518782027341,9.893072348163084,16.681921335619883,15.963468259609218,19.02352393641546,17.843348504517405,14.56452844796742,29.587652330648343,28.863122711210952,39.00958071891363
7.041732132084214,17.02869639692691,9.664234134448462,9.282647078717384,12.4895312390416,17.802728051332675,18.42783827011598,11.62736277945538,6.914756724361555,10.531432643350112,22.10195322873536,18.48841353824221,15.649462388855873,10.050401239103788,10.324793581946135,16.638536620615508,20.96619788161344,21.986826218295203,16.075152377146683,5.629397530572588,4.784183230465102,5.676328408826306,10.2599963151718,7.1473250850824295
3.955655,8.853007859004162,9.630998479110918,18.817000067491403,11.6181368826888,11.41098650606552,6.880043598947116,13.997232517014034,13.004062591231934,7.315324641730112,8.364794821654012,9.985558152646927,19.146383484023612,9.401907247065413,5.930375169813833,16.560053642728594,24.28734332599845,22.74828233039722,32.25324155281878,17.806850813475776,14.945125120950784,21.2404334239854,10.442172959186616,4.042015884091516
8.949531787777708,12.56857921469022,11.79852395818298,7.696479662055512,17.98308820938134,12.224491241195649,5.363834488969908,28.5450753727544,54.87816263777231,50.882574484516994,49.0004852024626,44.36542085275612,32.39489286007827,18.705235334787567,20.879883183902024,38.85785958002534,32.20101893264886,32.76801542180022,19.62588305868163,16.952775106569288,15.46053301113304,30.88256673536072,25.166926930656206,5.412167444782567
3.955655,11.406037705084088,14.982867818670416,33.909887640528865,6.669266158569373,15.607314739012793,14.214271047479594,27.994311470363773,9.629594234403577,36.09086289900828,40.93176909322886,32.07398655407687,19.297179528540365,30.03898865207757,13.90077495474774,13.877979789012358,29.99641521130303,22.556115364750667,17.38051432028129,20.79077478754911,25.247609229156023,24.9282888503586,17.89666752393188,31.49731380114689
39.94792632498727,9.69859831370527,3.888982377895695,9.560997083273602,9.2176760832736,8.982550474946244,7.986559388223162,10.790358543783505,16.869394601141348,8.405581701426689,16.392037135348446,6.742818406519864,23.053674158016218,17.738115730761443,62.45472485198275,12.720118369093308,43.025913073480254,23.59036022284665,40.79848884509065,11.63273038946512,11.92964623776932,17.267599467218023,19.72085515112818,50.5824544482426
5.907034598637001,11.374402529671585,10.64334959648073,11.891420826474844,9.495212070658413,9.680450665751993,16.151937444279046,17.128963466801352,7.323542809825664,24.13775729062557,7.276639270270075,13.801768655926272,12.961660998609021,20.66564114490674,7.816584696138175,11.944728243293813,12.930275838459938,4.264237668353026,4.039810883616284,17.51690875418504,16.423370583641788,16.61921302387121,47.69936289612228,39.34584797940141
14.766456768499918,38.37390980771539,43.40050858277901,3.0376445000000007,10.050698976097266,9.494881461979594,13.341600757323812,3.831206849757779,8.920577160605449,12.664382569895006,14.027340059114955,25.48848184937948,17.442127250822583,20.07279808018738,8.822427270074547,16.010937444407425,21.16470715549053,13.273847286046031,8.162248280531628,11.19852772751742,14.832503236084976,32.94123245075098,17.307482977285428,22.20589856760588
7.154603572573033,7.625564577147613,7.852753839009061,10.584857660242823,9.62259787294802,10.283213912419212,11.255125086640136,5.8001748674448965,5.391436921226526,10.143484731694109,8.645021467706313,9.0840608740103,6.241549464065865,20.239122121361852,19.907236989875436,19.877729463750565,21.101667613545565,24.424963608582814,16.899257249406507,18.25137272267328,19.646230369775715,26.45634468122477,32.486840211499164,4.158899805419269
3.657115,3.847921000000001,4.904695762845513,13.38908707529933,3.657115000000001,4.022826500000002,4.617505200000001,39.09234412654516,32.1058077981325,3.096911475,3.434508,3.98958,3.746736,3.391143,4.944141969325184,35.56580109357058,23.14264603420263,22.837736525292243,10.529792593235976,1.502253799200001,1.2898138680000002,5.020839768524806,7.840114915486898,2.211615
3.58248,3.7693920000000007,3.7693920000000007,3.940728000000001,3.5824800000000003,3.940728000000001,4.5232704,5.894314549394744,22.85017403355804,87.93348900327659,29.64263200007196,23.357041125661617,14.576710823070027,14.281128632018293,3.8426789402596606,3.0840480000000006,13.672956597072956,37.47540569167632,35.91690195574006,17.160215481323245,30.284401169456363,16.098302072544747,13.017036357660476,14.20397033799052
7.449480637027406,9.311726204864476,13.68922634385916,14.311463904943666,12.780020424552951,6.509822793743292,22.710288746095983,19.60913615673049,30.951967260788184,33.75232648894345,17.147512047977322,65.34490475291834,32.01450019617324,6.019554978928596,8.568879144696018,8.820130421518911,11.46290222624354,22.7605063982353,5.507304998436942,19.55638175230431,20.847535123388752,16.268647541381284,6.294370039400304,7.097633291378896
5.643261606244302,6.633011889033878,4.083508000000001,9.115286417171834,8.286624015610757,4.269122,10.46276353971028,11.497067629320942,22.091932280630303,19.197203113714643,7.782220814660537,4.23384,3.9761279999999997,7.683960450839064,6.829747106170279,13.176380512129002,16.49306810495719,32.47012982593738,36.38418476591856,15.180373776596936,17.79513443978395,19.259592444271483,4.009022843916035,2.480232927744753
3.209305,3.3767470000000013,3.3767470000000013,3.5302355000000003,3.209305,3.5302355000000003,27.360417914546744,68.59921193115309,46.01881580487738,6.959529492683297,3.0139560000000003,40.47345131205128,52.264757082722404,18.156724760340598,3.5771528239926673,12.94194311019628,19.19447583016366,20.617528818619032,1.942617891209792,14.30193700265387,17.264611249415452,27.552180774890985,28.100145814568783,18.04002446642776
13.65981406299021,8.025391744181567,8.632810810199375,7.421239377936788,9.050209552884578,4.022826500000002,16.7065218796035,20.475187802685507,21.076069371730178,49.78385189054907,16.662468447842684,10.35547489466198,11.12265981252878,13.859216187206993,8.114779946483402,35.780133438865086,45.84702772779711,52.47407601262104,53.49916475448977,25.44659529732066,3.2365451304092474,7.848436436104252,5.70970276201101,4.66782163505256
7.9102050830958275,4.319095000000002,11.940998616060368,31.807594787285275,8.110482982206129,8.921531280426745,5.182914000000001,7.719115994615893,14.08542202734391,8.432146252233753,5.735930704688098,6.444464827628464,16.488798870698307,7.52062967440932,6.112431200574047,5.257936479297424,11.423012011800616,18.94610268523548,23.94325291292332,22.03869845390783,12.045431950936138,8.379212633825638,9.30885377435316,2.482425
13.962409803543224,11.808579169937278,10.13398210591804,11.135504620072988,13.553857377019394,15.70207891058399,41.925381078089366,41.43391279480768,17.860271330264727,8.441057199550754,7.573137116257331,10.874147761095976,10.562496310140522,10.254210660085448,17.285805993532442,31.419144410924957,71.25158406451872,37.86149695704277,56.6139752871644,32.59753508447263,30.01689492191521,53.8233136329479,69.34496603601858,85.51483012689081
5.380910937306928,5.464575004980216,7.632445233289368,5.919002031037623,6.130137312229701,21.447436913966765,72.89238798030867,37.32680222690407,19.40915718970595,6.142799507911645,3.2943240000000005,32.57071088511508,12.876026948084782,9.066105593338223,19.59887893725861,18.449128860580213,20.18563555985857,17.83561541457304,14.317243217035085,15.544917090391964,1.2371684040000002,1.5273684000000003,3.50943387135469,2.1213450000000003
3.358575,5.997729387969202,5.997729387969202,6.270353451058711,5.700321319144282,6.270353451058711,7.197275265563043,12.758365720344656,13.087098288205745,21.85159124538263,36.24342736108385,44.98151125009163,27.63261546386439,26.922674207472948,23.4649681703342,22.497123715462077,30.9330673545132,24.73912862923012,25.196877985242004,27.01430268304423,20.533562160383653,23.8145154180618,32.11385662802102,49.91895990176168
5.26203604211504,5.765667061842667,7.369297123685333,5.309233264217696,5.915226563172561,7.704265174761937,6.643892463609599,3.93685464999538,6.56160620184512,5.931010752306399,4.532784130715503,6.452974432551883,7.175513953641013,6.494504527485268,4.959652459738632,4.90480123964509,24.099039866057787,20.7483568301034,21.064069079613336,21.505031540577065,22.92812744322162,27.330196865004098,47.65911328944741,24.002835856349336
3.731750000000001,6.599958954200983,3.926450000000001,6.899957088482846,6.272688262257132,6.899957088482846,24.816318365152867,26.81843654340953,25.09250175705079,22.61733375423656,16.886761975129946,15.61546775918215,24.97423051016104,29.636808053762003,52.40379152363676,23.926136449301822,31.583647499230487,27.21112248284326,18.01071582539371,11.614929303499263,1.9135724491855048,1.932182967688017,5.9071028985610425,3.793364838440084
3.209305,3.3767470000000013,3.3767470000000013,3.5302355000000003,3.209305,3.5302355000000003,4.052096400000001,11.42006873600044,54.32627596117318,2.717697825,3.0139560000000003,3.50106,3.287952,5.912316030129791,4.277680069952857,6.29962383300155,20.897887702622874,12.255630937847291,18.39669507034869,16.75302209855949,17.55495198340066,22.228758088677008,25.57163795585993,1.940805
11.10564174674001,4.4312954478816495,11.163385361703977,12.216205921414014,8.130765642958963,7.541485714159152,27.04199665348896,17.176769284232087,28.37117538020017,91.84005767038737,43.5737036493832,31.692556363666945,10.632256465583753,12.585005497784651,19.7442758589012,22.706469739411332,37.21996537237158,13.029477592239973,9.133151599046624,16.4845100306079,24.056230242008017,26.28782791576903,22.34946820533261,25.80719728515521
7.809568582736948,5.375231854649921,9.767092960459657,10.211051731389636,3.88102,7.510174580757984,7.690333126043832,6.66906793713369,9.949676204819466,19.694909188140347,67.06192095320625,15.153930905512972,9.510257307855529,4.737150237043092,6.034666632114915,10.144428925978662,29.47237873240805,33.586610298466034,27.80714652047805,46.72266090969401,14.925879036492391,20.24352229575383,15.364591757394264,2.34702
5.476184999999999,3.2196890000000007,3.2196890000000007,3.3660385,3.060035,8.550767500000001,25.437007200000004,23.566838341896176,2.43553716,2.591293275,2.873772,3.33822,3.135024,18.083608135425177,9.418564526496931,26.7355390077309,42.79146181850162,33.83528210701255,41.84927060714532,22.907830404223503,22.31070278487519,34.654193373212806,30.69207941184688,16.525940537130623
6.29566908288565,4.004979000000001,12.12337308029432,12.674435493034965,10.277572043134418,5.974521829410762,7.94896652899997,30.23675779659345,20.133412904743377,14.188604882534657,16.412956665109622,26.08324350058349,18.38231809172985,16.457145469035982,8.90352906535514,4.586380887083322,6.17314818471538,5.140612769405969,10.108154127097462,22.51487557238952,18.92176623373026,13.598680846343584,18.067790076340707,3.556366108964112
4.03029,7.553970041306257,7.553970041306257,4.433319,7.179393014464624,6.684927655342208,7.467189867262132,16.357614595900454,4.117031478314886,15.629473290550871,33.654444068201144,81.31644418381781,21.438467063455185,6.657255340685377,11.448058126839781,14.877028599778065,48.39244907647158,19.006293556060957,45.15814929382351,55.521214126096105,23.04827508930746,22.80367948283256,20.101916798948825,7.043861508702778
9.864563074867846,10.837504990041154,17.821570664597136,18.631642058442456,15.919406887566613,9.157448318849037,16.97255495092287,23.325160923113845,29.19754150542905,44.95433981086643,22.78913829190975,8.248490040257506,16.718574715379194,9.191850697208157,7.667788970473202,20.42789195504549,56.0552823968922,25.215900213844407,24.60492551604608,22.193418574442656,28.616456465023845,29.86124052808268,43.217554743771,7.07768957068492
16.91773014465112,13.579451296602972,6.509474398044408,10.705200145052292,7.399158142733307,9.230393798723815,8.575443218956869,24.68895878596115,43.70489565727646,7.776412772013488,15.450174486264974,17.346013517491528,17.198573320701325,18.600112144685518,4.300823885247335,5.081952355311487,20.08185952816194,20.071685967619658,32.427665097799405,80.72105642592355,24.68545333560145,37.93161283040087,10.115345182120985,5.719386815695935
4.031555,4.162037,4.162037,4.3512205,3.955655,4.3512205,14.425857819466424,51.96585445961321,47.89559981857428,33.17007082371677,62.25784924664004,38.810664552536096,20.845837904208487,21.745354947796248,17.118106992806016,24.99562554772727,12.82574015140097,17.973800703370454,5.229319547381586,1.6248867624000007,10.442581091384367,19.49794201882216,30.624925185213574,16.191110000254042
4.4781,16.108257156840807,10.29688118974646,10.75414215999883,15.309500603609028,15.603964363243636,10.117209420037684,17.30116508257323,10.791160715209552,8.923788142764282,16.916396147364537,20.08873126175529,28.00550445887952,31.89741151011115,25.879271627435084,25.728486569025925,43.60925337064315,24.702778759674985,24.81386340682163,26.72758745144308,23.78644483983664,26.88057106086864,14.06930491834045,9.258314594277396
9.966215417492124,15.808715812240653,12.338447269810064,14.287674127480305,7.775054073479283,12.78314036112898,19.802537174283398,19.619855984416667,25.1469164844376,97.68102168065,59.089631419232816,27.24771528457629,12.148256918671839,12.38471061519009,8.101995637510708,20.008169984410884,52.08666759132945,26.372589582645745,25.388582917296876,25.66276458193558,30.55826791847709,40.81451991778927,39.56775448238527,7.0915944112732525
4.104925000000001,6.839344003411849,6.6993301698889685,4.515417500000001,4.104925000000001,7.150223276294204,20.613057838621327,9.493769197668865,17.676313848760383,3.701499007517727,6.104538449326277,73.08521429080466,6.65949649017412,3.929778107980721,4.817228939742937,69.00843611035764,62.10949146963669,27.927109867116204,45.28473999716591,25.391282206192308,20.383069554082105,24.300683372823705,29.15159765411083,53.81841912849417
3.209305,9.231414619633654,6.692529989059465,5.94322502492588,8.925458522792312,9.65102437507154,7.929665653967852,12.619203565571274,24.80512382308704,25.21572382001557,60.81388318649036,6.22099739521518,33.59422172558456,78.74152187708684,15.345707917712819,15.672465758729277,48.43767277186701,41.40581715184662,34.242004872822385,23.521887884314182,17.274982959193753,29.124254015735787,35.1288238446449,41.10576761279468
4.079314717170307,6.587194342011185,7.004475399013048,7.322860644422731,3.88102,7.322860644422731,8.405370478815657,2.78825976,4.509913844813073,5.469472734158033,3.644784000000001,8.732937788515377,7.215731593103289,8.615694446394091,8.43064456845298,38.18810128658829,22.02413471423948,12.228878234237982,16.667432989185635,18.58104807724885,17.393777165357278,22.943674539618947,17.502796057685174,4.025863020469557
40.25506910825331,27.154668949520897,5.79489441104425,8.946554708601072,7.907183404910702,6.526918585900185,12.876258577697886,11.955443957205508,25.381153685371658,28.35019152248561,14.955776000514131,10.217310842156676,8.216666838186542,106.90866059208601,20.045743273563332,9.213531692290893,16.79641535343834,14.474998998074094,17.279142172476462,36.1605749052004,20.709920802224413,16.56432729844717,6.372245934345478,3.785450777864912
14.387860738050351,11.75820174745541,5.275204577348127,13.712373606182616,11.315877169614993,12.679885472166813,15.340015082663976,5.717961007902389,7.451418287512553,11.987664642957158,6.527453795603362,11.294050661434136,10.896587502289664,8.816243897583892,10.9388244192309,15.546115599228223,17.67993676093936,51.23032867695223,15.011646371880502,13.86353745669542,10.444236358074404,20.57849534881083,14.125088966803496,5.920905305363657
5.785694913283558,8.246238590423268,11.676466697578087,9.81754737287167,7.000174690052805,9.444588809223829,13.483257600212209,3.648426471871522,6.525539727230839,8.688616078035901,7.363089377805933,11.559675956047805,9.485831953145981,9.142950949327751,7.800891152949089,4.117967385635266,6.160027706288712,4.951113308941925,4.431942859666687,3.117695716570624,3.323414410336878,3.465085062405312,2.535249550934501,5.195937291021983
3.806385,4.004979000000001,4.004979000000001,4.1870235000000005,3.806385,4.1870235000000005,4.8059748,3.0618145800000005,2.73290922,30.148042427001425,15.649239179949117,40.280808334586624,48.92865202048211,20.77728799734381,2.9412975,3.2768010000000007,12.292448467085666,64.67810367310626,12.877588970743927,40.449492017188746,4.533240463978427,1.6573572,1.841508,2.301885
10.530634717118268,7.453895569604741,10.615808868362166,8.266317171763081,5.783876330311652,11.0983456351059,11.294225686822031,28.638434212440146,11.214242909529238,20.175197411270187,23.69133048778896,71.19921039144165,44.80532138523682,6.968300425783753,22.31068646922327,33.19423021507936,18.46038733304476,3.352728066861596,6.945796710591799,15.492970185796548,17.169640465123344,17.658208136271547,17.7987226184567,5.017194483548192
3.980205323161447,9.15481419174521,5.494959257523564,8.204437832163856,9.197767109551808,10.11754382050699,12.46279674897234,18.87980150878792,7.370870895143498,6.736853995384612,4.437927822658649,10.0339277558747,9.423166935951892,6.916137676700111,5.571459859655641,5.993089138337226,5.7569660499331095,4.103565400392321,9.322549282304632,22.55497058898117,14.554286343430046,13.563194293129854,8.512729992783903,4.510524571760943
3.209305,14.583064563104593,13.281763457976677,12.8162010800275,11.223229269247392,26.56350021233324,17.844383520720104,11.967063069602451,44.96949403548209,66.89005799780347,64.81785607045244,31.11424296870999,15.53622637414537,11.2894956373072,13.84719351865472,29.341700845292614,36.69538804791391,57.733444958476056,21.66762758621957,26.07644963371303,15.837947888425315,30.793022884938345,28.667315400880348,9.00497659300831
22.450371719557133,14.01133749085229,5.335678951316674,8.441184875800523,7.67380443254593,7.623192000640419,5.698629570790004,24.104796428609628,20.92433536419499,26.032566615184503,14.504996049365673,8.371423017322831,7.861858138007528,7.115709564724407,3.0566424999999997,6.606144685409106,8.168228342708558,9.271856481742054,9.11938278415563,13.18803312487123,16.402975569417844,12.712313777392348,25.13713925078419,29.4949184620238
4.2765283597706505,6.02551136652604,6.580369471247765,4.269122,6.254070158623907,4.269122,7.896443365497318,18.85159739562959,25.0871871138858,24.958271109720105,8.967557744053465,5.672052217347823,6.407331956977536,3.5987639999999996,2.99897,5.3839386582936255,10.684310696773975,25.531525680434868,7.843481458843977,14.338810992502086,14.640231889183392,23.251315232108176,32.25430524345979,12.964190476281289
3.209305,6.2061619644895325,6.2061619644895325,3.858904915066967,5.599628018668844,6.159590820535728,7.447394357387439,4.237628938067149,3.9959103533645663,40.2927406101772,37.20580472944955,7.814638250184487,4.818514565313646,3.9456115882554275,4.557868760547345,2.762793000000001,10.2102884101509,7.085632590779699,10.564366124922568,11.75048062517434,9.069966904254809,15.17457491110529,14.010584716442398,7.154851039666554
16.994299899702156,9.472970001229454,4.397624,4.597516000000001,4.17956,4.597516000000001,16.34937660221302,9.205737891384857,48.04172296061175,3.5393273999999995,3.925152,4.55952,4.281984,3.8755919999999993,4.602909107288697,27.192687752261673,33.67664702192078,27.81512598170524,31.150790454019656,26.739207327071792,24.037133580872776,32.27558309574816,17.67462647256657,2.52756
9.329329600493484,6.732055287192535,7.503060773350299,9.456211370468807,9.329329600493482,10.262262560542831,4.994444400000001,6.702514883415405,6.320196743897948,4.177088821340442,13.373938599419985,19.226740764675867,13.627606308044879,23.606730073905595,26.076139847742464,11.44427335556508,7.556808307695423,25.90717888366472,2.9350222660926426,16.594560045180504,19.49696422763941,21.403184580293093,23.641640241000538,17.90773694049568
36.60272009706936,6.648069347992017,15.128587931627129,11.386070386244034,11.205566354507196,16.302503002230125,12.374716362640688,6.72706159674907,16.741348954843897,25.22360919414849,24.68116111660824,20.3356640709374,11.93971203791779,18.28284579788011,20.906075504041358,43.70905878368611,49.43503245479191,34.978938273454595,19.607580004069938,29.19130296336887,24.365198412722982,24.708021191025537,44.87908656885387,52.84332391215526
4.254195000000001,5.940263205331364,5.08619891888807,4.934724611535012,5.993582124102343,7.487677503815094,10.616606769596451,15.984961533933603,22.037173023411874,26.66039657339024,24.1507874136321,25.540790563729608,25.993209773689944,16.46854881494313,4.900218742349446,10.704541560402362,23.04280813900888,16.962943221769862,19.09550022885343,18.41608367612612,14.3518992705418,21.519627516989644,21.31443575887342,22.64311326888172
14.585052147927918,10.19625788251757,6.701019500714618,12.034634347731052,3.060035,9.216947822823531,7.1729343081084425,6.476722293242211,7.411743401594363,16.394214529981827,16.534646307842227,7.997705445878148,9.236527230375117,9.87837616682878,10.386020938685233,27.704446402486855,5.496469367644381,3.0366999046581102,30.2084110508751,17.76219547238015,18.73916395413596,46.40827666987371,21.520646056973067,31.92277397732555
7.738842590386111,7.25499917416487,9.61682619248829,11.335842183519864,11.616332411112356,9.982521261163384,9.96169853050196,3.7883035308356727,23.0943850775567,25.01248789209665,78.61231791291138,30.26897045081484,97.70555848103575,31.051614195421518,38.55543098621863,74.17612357180663,18.964275719207485,21.555154745124604,11.78443317436874,19.98903053782073,20.669804173876614,29.745253195089568,60.78469058247218,34.801430447702266
6.410215728171698,7.002924242779594,9.843811485559188,10.291257462175512,9.355688601977738,7.051237300988868,11.885405091335512,14.101070506916528,18.12560882551067,22.81259471158388,65.46678793163102,8.966111306275472,8.076131229989594,8.675274885470266,7.229395737891887,7.653196253721708,5.946363720093417,12.01898257463177,15.935670365915348,16.038566695444832,20.92764969634932,23.96054332702024,11.955059908291789,19.130696268633976
35.56021881970029,44.37044095692768,4.397624,4.597516000000001,4.17956,4.597516000000001,5.2771488,3.00274128,2.83146192,17.09608746487981,24.375849592234943,29.92559598504808,12.344395307000982,3.8755919999999993,5.007294591922687,6.136220994861079,27.571064411170735,18.828180251113366,18.640879013762905,8.75662925254684,1.474072992,1.8198432,2.022048,2.52756
8.887314898909183,4.048472444681746,9.909161782998371,10.359578227680116,4.112963489890919,10.235690469360096,26.513477688059226,23.35975679232383,38.29097361343951,46.43700474028985,49.9303369661978,43.78514029845927,8.575385671533729,21.182200406979213,28.615005471214836,19.037992017677833,39.974283320227926,25.354534787144317,25.93806785169349,32.14066563521282,26.24475616663784,44.46108011916196,37.0749028235787,38.35943951181067
3.507845,7.817707221913255,4.378670370318877,9.13181933911138,8.30165394464671,3.858629500000001,10.48174045880611,5.964196947014878,3.8525817489052585,5.000249212244731,7.796335878450823,3.82674,8.505093685582715,7.834673403445149,10.573153779792934,15.902342007489496,7.518756153358956,19.37281280132822,20.05292248921352,18.553022479456693,19.692479585050748,19.2829207478706,11.838041386197045,3.9661776912384568
9.645537663112991,10.148783106405846,4.083508000000001,10.321865546268642,9.645537663112991,9.457187896801688,5.892709162866411,16.171785628394595,7.880617226726486,8.168016666536136,3.644784000000001,10.522404723395988,9.88191052284145,20.049282315183305,7.250897284568878,8.478245355682922,25.883100418192427,8.703494339089614,12.1131522001604,12.45675771544963,12.632406608791074,8.896086934991748,14.728109295903456,16.27727952735621
6.923860493412475,5.865495429144887,9.576567157263993,9.651503600590024,8.928280323099743,9.338850670398378,10.907850302555063,72.69603622333992,17.258172177445857,76.75200364271251,64.0032199197725,90.87356864576952,35.898858831184114,75.68173225022166,14.348929487475846,8.349755579615097,4.333707227013171,10.17143838414626,20.09644881201862,19.482564671123235,11.64099395541488,12.20309501238246,16.69110323421533,3.744199659303757
3.4866752918162,12.644985853781602,13.071611424386122,8.072510419956412,8.368726509166935,5.13776995275008,21.494549222411507,7.410694562926816,19.553469930300857,16.83001889952426,6.891945654982549,13.552835285990117,8.10022865963374,53.69944466994113,17.722681055178217,7.204381951369797,5.236350439693151,13.264735882713472,36.44184389569195,40.75124399368533,19.69069738037953,26.47601058360877,29.56011925784638,24.677537882678067
3.209305,8.78323167271823,3.3767470000000013,9.182469476023604,8.347699523657822,9.182469476023602,10.78645203966449,14.539960259361996,18.490056192340717,24.88197570503681,17.30168647639078,9.15529629289944,4.484387375972069,13.24554401991924,11.582290726861295,7.186280459496734,4.786332677530156,1.640232683498263,3.3337808349828943,8.156949169688827,14.367790827925784,14.074329887032142,2.908604092768345,5.048213545927457
11.937037331088616,10.6688432793587,8.203173097633082,10.036674682594125,7.176935205545,9.176840338097978,15.071807134557108,5.156159884192415,26.308538388213336,33.23103466537896,29.66700971142034,43.655626844216464,29.262828338625688,12.511275173732587,5.545813567921134,50.36553920568672,54.40871379455004,25.5298440470429,17.20891943675489,20.41236315476108,33.33746798238114,33.26942281788,35.91168488440809,23.67245350305192
3.901575380161327,7.142795026011933,7.500166695568814,7.841083363549213,7.128257603226557,7.841083363549213,26.894644925069063,18.734083230604217,17.018006402606435,18.001857889600416,7.36269252463072,7.776281021701698,6.606993741521971,3.9327733302669663,6.325341466212495,89.53754903596298,23.452832128643063,19.67287435453303,16.245810759965583,2.6490741406632345,5.371972631125298,41.81028508183462,40.34158730482233,43.04522498358365
3.731750000000001,9.58095055794762,7.267745784241774,7.0606866552908,8.128750809523504,6.254569840211492,12.334161341090136,19.83722842676549,29.932474965739072,38.0725877009708,8.322183495651839,9.933667746031338,6.826368932354393,6.8022310745498284,15.817957863688935,80.234869499236,109.00009410841346,28.923553179440542,30.02640011102392,25.06299562096556,26.633558860825783,31.53874454085276,27.94535562285369,24.50720377235706
13.305850327796524,3.3767470000000013,3.3767470000000013,3.5302355000000003,3.209305,3.5302355000000003,29.043354683809618,27.87487714992115,19.4396185277397,31.75055120090335,27.173581403664844,16.595186709255184,5.363778400346736,16.964110870239665,2.5776675,2.762793000000001,2.008733175,1.43182500714,1.281684789,1.3183043544000004,10.486756315699724,18.19727297103241,12.55225039499288,1.940805
3.731750000000001,7.6551428162270705,7.6551428162270705,6.05401442666415,5.250520981816219,8.0031038533283,9.186171379472484,6.585047116845787,13.47653280513586,14.18444366506298,31.783450643584096,135.90614753854624,26.912241229243577,26.80806809887008,22.3661847544537,22.71211111223939,21.39436128103741,13.830205266512584,18.833291547880084,15.705157155341665,4.741833222117138,25.59645206375436,16.870611503166426,3.1405180447538945
3.507845,6.550115857929942,7.571277592904922,5.353238948463378,6.807632094010054,4.285660770989536,13.610583478697912,67.72441775917915,86.72298914488962,83.84310390412433,29.044122633435933,20.58260634574816,17.086785649486526,6.429755683419048,13.344370529837752,10.849565541406017,18.56549004488521,4.806370929556138,18.55077843660198,28.96114659994821,21.28493275276819,27.585284922307743,38.15660598378703,24.87040699737865
4.013845,10.04762281298895,10.04762281298895,4.269122,9.5493935825928,5.119378037388921,21.092374622095704,16.45178126275799,5.7710863708870574,3.941074910601471,8.96812614713063,10.417520271919416,22.160780468797952,8.02568117105387,16.21636892509574,10.8375962852768,8.310960803443098,15.742682011975685,32.840802594888856,3.922658376754938,2.822714388614653,4.6682430868908495,3.87203619837401,5.77492971595533
5.612857809158642,10.674692613166885,4.380941320268029,13.506797284755748,9.239369258993335,11.556427476502288,87.97883358222245,10.286079274479023,14.28892217677694,128.08221879764255,42.50356028669192,32.87150353529111,8.16748912556721,15.876782820568575,25.9986651882687,28.609417947058542,15.872304787642,14.45425934356347,12.387920434888972,4.083430128733794,2.766401757214244,13.681264808271369,19.63274872106013,19.44764713506376
6.410342393835124,10.23925482122792,8.95469243000743,10.805690948398697,6.4103423938351245,10.704675494920092,12.734538566592596,4.944696532174664,19.886367970582008,5.774840143409384,10.67601735211946,10.616207102400091,6.567433788466657,8.536884670036438,5.156317798154418,10.490737795934665,7.286035279000877,5.619379119077008,15.67374117798979,13.427824359753208,7.246626825457118,5.3060591166214985,4.586129855032991,5.726302404481474
8.005406411743447,8.423079789747456,3.847921000000001,8.805947052917794,3.657115000000001,8.805947052917794,31.18589939782794,21.04316773511516,67.90514211070983,50.75391425694945,62.90737816401859,13.714586921630136,5.953160715344932,25.034254480025435,13.376888508719182,34.50923245149499,28.51844764868243,15.815410472929988,13.69699668651078,29.182467470887865,46.58800027176697,35.060774754758334,29.490403443445057,2.343094957706868
3.955655,12.007990064293988,9.75991068023041,9.636885966541566,13.126846506378772,12.65592336374041,9.174198277828236,7.847286585478066,8.892841833230419,13.149465161048209,9.028499140957765,11.593272209858624,9.685022790300374,8.66391341500787,9.008030842427262,8.3489356424048,5.235003167833892,15.45742177104134,15.10420328544839,22.77592269721216,16.45427403456068,26.43314069267842,26.31303458817502,35.959549957579064
26.592044274235988,40.072381306897896,66.7824353203593,13.41685226306542,9.276056893097778,7.965642561465128,14.156585067784246,63.45233248006112,16.922447175805313,7.610125311017895,6.147411010369996,17.16268909422366,12.49604062733222,16.842151393431845,18.76317517942423,62.087773884240654,48.25255641497082,21.38705146762876,21.2545871704842,27.079332151706083,22.00993961242329,35.190195842461826,18.69199326658192,24.872005221581336
8.091978615964829,8.606901042048388,11.377520749831689,7.562536760915296,12.353495810318776,13.58884539135066,35.88964508191028,27.9890299646575,13.56868280847956,8.97316881209573,11.394915119433133,10.59626103190924,7.714612810729809,10.236522671128206,9.54588312615542,6.863828190897086,14.297158386980405,17.309583183599603,23.22615391413239,13.56868428889293,10.680548519463436,47.86292874464901,18.82942126720629,12.38240784630687
9.257705887239608,6.354825935797518,10.580353900466545,12.192443871820084,9.621035547144617,7.960385562847314,11.260209739283743,18.9675709352021,14.206731530690869,39.81108932679511,10.674188424279867,16.941317997523182,15.891366994430053,6.52092556594444,10.157692063296645,27.155469758725257,65.28382040328185,32.83312478913841,21.528690578953128,16.524659998445618,14.146336750116342,23.88050078489673,35.741026757292644,30.29417073258893
4.254195000000001,10.431545222884692,14.760222971809467,12.884104614872856,6.31240718822461,10.903075383706664,10.24397723690566,11.350774627528084,31.359166446425487,49.51580781517743,42.19918164235664,39.17873992732969,35.761723959854784,24.18605566975738,26.402438084127734,25.03818477778863,87.78530296229322,17.711050952929195,14.145869157703569,13.700777425121792,27.132551861304368,48.06067337430406,49.361143616867,46.877755137192494
6.840784184837238,4.004979000000001,7.197694664046139,7.524862603320963,6.840784184837238,4.557894511480108,7.998690464046137,4.914657298706544,4.634320340491554,5.792900425614442,6.10775566734239,4.336322980899227,7.008423955374751,5.874320006465137,5.286060506465138,3.421924439274825,11.880643482196744,13.0358325926371,14.67437967831104,19.33465849925851,15.564083845590234,13.539313100402367,28.170853167908444,57.98450099370308
3.358575,7.449855569990768,7.449855569990768,7.379080081764038,3.5446683122103053,7.788485368626712,8.93982668398892,11.375869666054856,10.34562260471126,2.844102375,10.358472513394227,18.029593926011778,14.728320307818011,20.96437971737123,18.716156908859688,69.44860223255698,35.12261057115093,32.25217489430762,21.127562649405878,21.42992853933539,15.478013334678618,22.71754120339013,28.425967793409672,11.408065551066516
4.087704765960279,6.224958892251774,6.668954870702128,4.1870235000000005,6.338262893642518,4.1870235000000005,5.69396675690071,11.627327031950706,27.426995289108664,20.960984789965128,13.59885280382665,16.714620091926236,3.899664,5.885432960166641,8.639162229333907,17.624390294282048,72.55825705918772,28.124302129445525,25.382355380284725,26.353569802061735,31.128366622453925,32.644192032009805,23.392676409557204,17.563566824723132
19.692663774945927,10.346392017654216,8.216063454268532,25.717768347748805,10.568900202689292,13.103765752179982,6.785215557765478,11.500969350659624,20.83424357297172,30.415965750334667,21.7198946124896,91.46029005699651,24.88766760520785,39.92955536393621,21.090722819067146,7.941768021185058,23.34870182611988,20.80295072963205,22.3295421505564,19.04137668491481,18.041298873405385,31.19721117601935,39.35878948740542,32.687613005317864
8.407141353939764,8.099658062997408,8.099658062997408,7.027384594491953,4.704900579815257,8.467824338588198,26.362160346174253,10.634143972706582,2.4269673600000004,19.235938298778915,19.65640740580501,58.83843891693353,19.059750181732717,17.106829886289038,5.94847164280989,3.0840480000000006,4.701173156554375,6.795507393175629,21.05154848456281,34.25689989748111,4.986225612907873,5.733309582969199,3.724260506802715,2.16648
7.865068918349112,4.847600890029339,9.189505526881808,9.607210323558252,8.733827566871138,5.5457636417177865,10.244541296187757,21.401085589346916,25.129167505807683,7.97442548049133,6.978386749230565,6.4476675918267885,7.835297641153607,8.098640107462327,5.741896504522622,4.901078760064009,18.061185673409614,36.07464772344527,33.86888226923428,27.88114051832836,10.9007264112148,31.706149822503857,28.7633897071916,5.978348127527876
13.114566173104883,13.798804408223402,7.485166001869405,11.678065407514287,12.668258293891713,30.89310897879441,168.87579283700222,80.48173682091762,30.516671378504427,10.263540464569823,9.698350745135356,14.306799461568962,8.522238848085557,10.65293128856398,29.359907008880132,22.110104603253177,13.640981109352271,15.264028760843594,7.833214949179083,4.581172870037065,7.541574782658489,5.902480471136791,2.140378462576113,7.169333910834972
34.87238128574426,12.7651540964289,14.428307418389153,9.921015178919408,10.651333943435096,16.799227979914225,13.068922933630931,20.57524367392908,8.510524485488954,9.17786569949371,12.489138058932031,17.723462711161066,16.644643241786046,7.067840782990961,10.02753358953721,14.730883312493061,7.1767147247706085,8.85981427640439,5.225647271811544,9.235825391938684,16.647339992200347,20.13403503659495,24.833293192759985,17.882212689217543
3.806385,4.004979000000001,4.004979000000001,4.1870235000000005,4.1972700000000005,29.427442000000003,4.8059748,9.162723240000002,5.834319839999999,3.2233160249999995,3.574692,4.15242,3.899664,3.529556999999999,21.71713662699389,51.83716454745447,69.19131939823292,27.00910444507524,24.183409937164623,27.35713863131814,6.9059985298944175,4.019210792664215,1.841508,2.301885
2.68686,10.548743986574996,8.946178599193342,11.12300531902789,13.161372471521815,18.49712094828652,6.757840221954698,62.18533572006921,5.805729439167726,10.737539939588544,24.588194437940885,51.46630321842116,20.573453810265487,10.91999687287629,9.200933020981923,9.930490718279025,11.92467480973297,14.335545720343688,50.4998901335587,22.880948413114776,18.5873746773605,29.16684239800178,26.30185440515104,10.533460895173569
5.393533849386231,11.51132497251336,11.762132858655788,8.718368936650073,6.767573957766715,14.20783163598199,13.013541055090904,18.622993883456655,12.338699748107093,10.202083192082076,60.10361785495153,21.35529688200113,10.251659904972401,11.824182459557216,9.980708174036932,9.605187215738722,6.790865828396436,11.95588492883707,11.99220690392362,13.796812858196692,15.200043239267751,20.9734123643906,25.39789541633455,16.365162420687497
3.0600185524792,5.5752821095628695,5.889363498258229,6.157061839088148,5.14956828718799,9.71976669630335,7.067236197909874,4.760909256853902,19.00439309691336,45.98058972225893,26.407786166065293,8.660720174157609,22.79084613047052,4.066623674413407,4.465994775463945,5.188830134938552,24.467121527161105,21.67394136735356,45.46826434233037,20.132932977178424,16.783931907235214,22.82709155232632,31.71755812624648,11.327463100323335
6.75637260101785,4.004979000000001,4.004979000000001,4.1870235000000005,3.806385,13.977473871558676,5.636518800000001,10.171760082726747,7.859804064775998,18.405283030750063,17.02405332213876,24.731392945366665,7.7942016548350335,3.529556999999999,2.9412975,3.2768010000000007,2.382450975,1.69821105498,16.836866667863735,19.95827518572551,15.68337581669097,16.998139816565807,25.197446892971826,26.539080062016435
3.43321,7.257528702001481,3.612334000000001,7.587416370274274,6.897651245703884,3.7765310000000007,8.709034442401776,2.4665374800000004,4.672845189362303,12.135375611413105,10.539385173871851,6.055005782720391,14.201881934334757,7.026788956617427,5.342845756320214,3.5946385776236363,7.737228993035659,1.53171977508,8.136687244472727,18.775792502909933,15.45290686673672,22.776016089949845,29.828054531583494,26.293462786572974
6.660136271694985,6.335489981794086,9.248060511052213,6.389239099242991,6.873070544336234,9.668426897918222,11.097672613262656,4.415829551500545,7.799389565944552,50.567753916620674,46.04198860000714,23.560435931383584,20.53065242563488,5.385970149775082,5.31100905698709,7.566594963588172,4.301917336159542,2.5914056778627823,3.5102121908354955,13.33896756798443,15.633286398748233,10.885483688225008,36.129518155536125,38.89549715794055
8.821983268425297,3.847921000000001,12.533809329065448,13.365016114906233,8.830832631751406,7.154195126584245,11.138712787611768,10.033149833703972,8.531025651924063,14.704889950871872,21.581950736403183,24.804951431140044,31.881554899873468,18.49494175888673,19.056902709472524,14.961234547334744,14.705838287604411,14.034312498726802,18.13849391807161,10.756538137647404,13.338869452056487,36.38126607388401,31.49098149885204,20.973602868796508
8.948227174341108,9.415091200828472,3.7693920000000007,7.609630804604665,5.77755838950318,9.84304989177522,4.5232704,6.727897166334114,14.096451213669672,93.44806291382216,14.365296,30.99852896103415,11.328505999918034,14.45537842612003,5.029875916457821,7.703256437041477,6.2899972761641285,13.747500447696291,17.003291433873454,15.629722129242724,8.509122508203912,3.9803243792548577,10.61236379623617,5.411378488830788
3.88102,13.544984411640216,11.27353472788975,6.841710846368893,12.333628338271062,12.172842,66.85970006371885,31.804064529171704,37.22384822284573,36.3390362355826,14.686559052726537,33.4194470307698,44.69626150986174,34.38143435962326,7.471021481250341,20.431129826036887,30.626889643740025,37.37785635510511,30.077554680422192,31.442151707061345,22.96427065959229,30.89244504939311,47.90373834491213,36.8900966765124
3.731750000000001,3.926450000000001,6.677048995617093,5.542738111345297,4.893619180885088,6.980551222690596,8.012458794740512,7.00631392291514,14.759736569669636,3.1601137500000003,5.959680095261536,14.03491438944764,15.950988052536795,5.48041800767521,12.983500948565084,18.632700453170045,18.99458034804043,20.185354305213547,29.93993988453469,24.472420606065924,16.106082910394623,12.400191146631444,15.256649765185015,21.227692804908173
3.88102,9.956602131596924,6.35928892235538,10.40917495576042,9.222560514354404,7.624867577292647,7.939487839047159,45.62896092206451,15.410658456086605,9.63205130040782,8.886884547210478,10.323148716456611,5.000743823092485,14.111185881876295,5.640873577786332,5.203054572836219,4.569107598006929,7.652482544005704,41.538821086181024,20.641907205701788,38.82963278229424,46.775792918204736,27.88489486460708,18.585320516494885
24.60786017673095,4.397624,4.397624,4.597516000000001,4.17956,4.597516000000001,10.014235032336437,26.37810020913764,27.913090801533453,73.7294882871676,30.47827449262964,24.701162418955548,47.69015023594569,3.8755919999999993,3.22966,83.20570997083337,67.13063703224886,15.177875812917538,35.907916003947086,21.685321065651397,20.32081947104018,47.05566368406064,19.20201486054407,2.52756
4.876733501581677,4.979862907759481,6.492951542458833,6.788085703479688,6.1709870031633525,6.788085703479688,6.520547397803146,5.167188169615124,12.911142169812424,25.62019169255236,13.930847792319064,10.319552220774918,6.322212771620319,6.396907777034232,13.74662128656161,21.694361492857016,23.71452148273547,17.008723986453706,14.366901385021864,5.74250162067281,9.64532290102618,9.453964941504209,20.048104216918308,3.123102153342978
10.461643083661306,15.33686689844151,11.59314921516006,18.12616349212897,12.948010618344847,17.54269469902695,13.824871147791653,44.24099114768859,34.75308563132131,35.02135655840967,32.06138236222002,74.06488139356371,33.68878175068785,12.74136742984386,10.707857353637252,8.425841469107981,47.68821669266407,69.03543416236393,39.10540150210208,42.760658744564005,33.3191351619405,53.17367731087814,35.64751699250609,22.51507857240732
3.58248,3.7693920000000007,3.7693920000000007,4.4207955000000005,3.5824800000000003,3.940728000000001,6.056582400000001,8.990047440000001,14.265823336373252,18.67105464152825,15.511716000000002,11.43606,12.755077721214855,19.48017539940919,19.833903894095084,23.157389531359122,22.712721670725895,19.383225924334567,1.4307179040000002,11.75286720509239,11.603689567341108,18.001608378707616,15.240337528957824,2.16648
3.806385,4.75168408276548,8.485209496592876,9.911762467868671,3.806385,9.911762467868671,11.376979528336216,10.923165275111591,21.768355161356983,25.527065223797948,30.14593908940057,9.313717341429308,4.142020570814942,8.136014877225657,6.962808345197,29.88623346772999,72.03665149962906,18.719141829234868,16.72470027177955,20.099480820850747,9.419505782491347,16.052031397430145,4.359323485688558,5.449154357110697
8.347677007892496,13.11829544920376,9.8095346157426,11.050013944331596,14.146320371947953,13.31867901160857,15.816752000769595,34.25981821118634,25.181010374899863,42.23709731134792,12.368230920525551,17.263461036991476,7.631236567801483,32.050887465591224,17.911482872937842,42.949454351325855,37.0483972318689,25.723650636399935,33.707170818085864,5.573696308306545,7.855837497585031,8.724213773097436,3.827584783524424,8.77407511519989
8.094710144514522,7.539072952620901,9.92954877661052,23.89617052892345,6.7617546816035565,12.742542807772285,13.589570900292207,4.908720989722269,53.3871059518045,32.061821301771225,52.65514194541967,4.8361398777068,12.498879889725337,19.274259775860763,34.2337966051159,10.502531018449764,5.0577398431262415,3.1009364128333057,31.102495763860237,2.943303925813632,2.527079128223824,5.312023953133267,5.902248836814743,4.208996523341277
2.38832,14.39977559183294,9.331861185237054,8.125030366083186,8.275433546028287,15.05431084600716,35.88393912023978,24.97839582858864,21.70945743565958,33.89450102630422,18.68004349285723,17.903287372182856,19.848487034525956,13.959088802720181,11.372224040082356,13.401209165278738,22.226870544041272,18.757069309467436,22.973282579647137,18.716895637677748,12.303268016621953,13.034920463684712,6.6119154011949215,6.609342641515347
2.23905,2.355870000000001,2.355870000000001,2.4629550000000004,2.23905,2.4629550000000004,2.827044000000001,17.46483841295046,5.283281700000001,1.89606825,2.1027600000000004,15.076873192219743,10.860082112858958,27.82345983352962,3.9845945417561364,1.9275300000000006,1.4014417499999998,0.9989476794,41.15598314314814,19.61823576096605,0.78968196,0.974916,6.600125005840932,3.694281270072772
32.377751550457624,31.621080528207195,12.13422952043192,12.143818555934285,13.776867220654406,9.163932452784046,14.70176119100934,26.649428297242068,11.00031456896774,12.187666540827369,7.776726167442015,23.20281117244449,24.607483068430763,28.515704650544624,23.885840665631672,43.63905400998897,18.874692234416337,19.64696699029191,20.87174818276107,23.812723979172286,23.64504103942696,24.83043726058002,35.9820371690261,45.85574754058639
4.17956,12.547776815537778,12.547776815537778,10.709780988762075,7.405448068304166,11.507007403806732,8.97572659550826,20.454861960932185,16.750810746688128,9.744421097858046,11.199668562628757,12.054337765087643,7.197964547341183,8.825061965340018,9.215215505024924,5.482851118740832,5.956916826604514,7.379220092305019,26.019519019683948,24.720215231609277,22.713851046477963,29.37038808865678,39.61422550362782,25.031004566519226
9.47348515934599,9.695632123720864,5.01955635220155,10.420833675280592,7.145831519042727,7.279938437902817,43.28662280706455,11.31184853772112,11.345284359048982,29.337659096155832,5.454816507051912,9.629361494952212,4.75507895480872,18.661135438329044,36.560812718160825,20.143271316625427,5.769388145777363,3.4426300913526684,3.783380460115508,5.269725475341334,8.30389661300725,8.230852453618647,4.5832196976440684,2.196150595487105
43.05736641630925,12.78644342201571,11.91477936596133,13.430637198433349,10.638977309425472,48.40558285162415,32.579772484084614,10.374670372744854,5.453337675486111,11.488574614285394,13.995372962315368,11.219178733997978,12.049127188207258,12.992942371409072,9.96732558416214,60.914414465014936,37.06186030962908,49.969783476071946,35.92380962232959,33.552782143067404,24.66976295868704,18.192535079754983,15.976373792648577,4.055244175013107
111.07746332771396,6.355447604669766,6.355447604669766,3.858629500000001,5.618225368712278,6.025286678544607,17.13572293328425,2.823391992283493,9.372509007181367,3.804490876162933,6.3332717309456825,18.93791772193381,26.126954527092742,17.176488339417944,4.667505660078657,25.979446971280375,38.72531708859522,28.620371294020323,22.79536229719005,25.10735033721104,12.998880314725014,23.212055109100486,29.11250711126204,2.1213450000000003
3.060035,13.445848056609789,13.706528879784065,9.673844122809028,13.441973699823157,16.820922311047184,15.500522514460302,7.191423967736097,8.556073868193748,12.967100114567424,11.843939962890191,12.016475449104592,15.666486033142041,14.05707976100452,11.362002211156957,11.03789331739899,3.802521606817613,6.822382588390073,3.261794896334613,4.183476411558413,3.548504573555617,43.10099349504736,27.398171971004786,31.274852350697817
12.572716067450422,16.832183348794693,11.672788165552506,15.201003022903336,17.680908556985443,13.62931797600257,15.579824448188145,48.33391846623519,22.871364789931743,36.48951369444339,30.45034356882425,26.26191640318102,33.669583924259705,34.77705754706123,41.604128407211576,70.90803381856946,70.9381132263586,24.192983099409723,54.3018929130678,62.76322406925457,26.29392155978453,42.409650297032414,28.51884364117683,6.719562344569211
3.757350129345959,9.497026564232128,8.00015115242019,11.180641752485393,6.422709524054536,9.102089338467373,10.139056531156523,10.215207947832422,7.921337133768722,8.048120419816694,9.545528136509269,10.608045925534316,5.678174707888264,9.425003791351317,7.173895235047519,3.8029917198036354,5.649517812092329,4.534746324170776,4.059235840050565,7.83345473835046,1.5172971039037542,3.6928997272518473,4.917393282444168,4.598133457251271
4.17956,4.397624,4.397624,4.597516000000001,4.17956,4.597516000000001,5.2771488,3.00274128,43.09752759942044,14.789186720227686,15.90264046805822,33.642755134455975,12.819437591609422,12.88533802195733,14.278961288763666,24.149784048564555,17.748110191994932,33.34290392179947,27.448915677884163,36.46562053912145,20.68106359147353,46.12852861696862,38.76143383348604,32.799374679760795
9.88280760260244,15.689957483438006,17.852636349217637,17.57764264849601,7.847264783653971,14.913718277435754,45.05029698154207,52.83235159510343,25.49498034843685,40.756425952902,41.55685372275472,46.18157481181733,91.89747487586463,28.020616550381273,15.222422768631116,22.029907447200195,37.07718891883493,43.45002821313087,20.94434148993532,27.63582422737732,25.599302904030147,28.80058520389636,22.54874490296503,10.141444954967657
4.479477182107926,9.733563708212769,15.294942513684903,15.52443737329161,12.27843173287688,6.324614300637441,21.76645328776688,15.43913324282322,19.29032276866446,41.61547906809804,28.06862241632757,13.956085225317292,9.264411501207936,9.327453501898155,11.123706876604466,21.332979276518785,17.04313375231487,32.33061700753281,47.12432357534343,34.14586496543597,33.47452554007545,32.80075524743629,47.43116094246684,60.6385328759776
17.69552511926532,8.153116908096553,4.397624,8.52371313119185,6.474090790956275,5.719286608911958,9.783740289715864,13.787118487430307,25.66094855063461,20.35733606354554,20.341463494144985,7.618894387941698,4.804375199838266,7.185278837864203,5.790727195966346,16.25904287478037,44.147867064809205,14.40041622249574,12.424484129852967,14.778628947733663,17.44297073549107,16.234300817954345,16.102542247581635,4.686051415998394
4.03029,7.828603288994259,4.240566000000001,8.184448893039452,5.9058549465197245,5.93377095721578,11.738892407965226,79.68474169780885,6.297038671839109,11.468118122084372,7.179578763284086,6.814763732703115,6.924004956595976,5.160127273475295,5.749406247176472,6.405220872813484,6.096445307227022,15.799612591445078,25.552138860539724,73.60757843569614,49.66933838316845,24.489256630635293,20.89437707137062,22.103131045099072
24.123526972834053,12.055869723342363,7.2290489035738466,8.09171802660547,11.45805800152374,9.820252608236812,7.247197943773808,7.712427642526768,11.773562154444017,18.88257222588814,16.002244965865277,42.21835263294653,36.70342590550721,12.767307251129095,5.605763454756627,7.792176410114014,8.680440108900541,9.578665442396504,19.982718261328184,17.696801795303976,19.18206518808288,20.22661438727707,34.14194722187877,21.54845936806927
8.815990912477751,7.597173132802102,13.553185269213357,10.621918801976152,10.40048289895256,13.945656688018628,11.187232828613835,29.90002904972064,36.75374525193411,64.96112694822013,89.35008462326338,36.82747487204031,24.389916704705062,8.928725808791496,8.540362949943681,25.287969418532143,27.86819577001529,16.95391883745534,26.99099450664633,26.94158899935205,18.10014044279243,19.016546534465714,22.800623739822843,26.851288203192325
4.17956,4.397624,5.362974538891428,6.447771199541902,6.932005751384646,7.457001308382936,5.2771488,12.710326602254732,19.30277769073125,54.41584376418168,40.8586744543854,14.87618809241961,16.48361318623383,4.51314263967926,7.6573069097946345,19.98153204864526,53.3869749453124,58.97403457820909,71.51809649098377,38.67324025539049,23.208684936724342,30.059708766546272,27.48364574703489,17.079287837279757
6.370272314854337,14.061669455133298,43.47814174989253,9.43192410033848,12.063055257016549,14.745297968248872,54.25540689820309,28.748259845383547,49.403813311028415,62.610084932527,98.07158940722827,32.90817245203803,42.13112428786883,34.10758199425945,31.30476431087054,35.394607786739236,59.75668612277281,40.93563118816218,40.92363174230351,31.47420513886904,26.9341619963457,35.74278996396869,26.35203114906234,5.14033150551701
3.750725,8.831963421464826,7.663531507495549,6.790331393232009,6.395127167576977,9.23341630425868,4.429035600000001,25.562137667227795,18.05215526107413,2.970506925,7.883074789406621,3.82674,8.59971795207995,3.252729,6.486284180677584,10.157258781503545,14.750687871709545,10.583210850637975,20.801316223720125,29.209773874103195,36.445506638553375,30.251334123354862,18.940924709821044,2.1213450000000003
3.507845,3.690863000000001,3.690863000000001,3.858629500000001,3.5078450000000005,3.858629500000001,4.429035600000001,7.454967117312464,26.04033071886448,35.38301142558144,26.832651850147283,30.44915111924687,14.226874217796261,3.252729,2.7106075,21.25910550572037,29.72173066029748,32.863028605751985,14.630352565500075,12.76495247580578,10.13085952446694,12.855241461583669,1.6970760000000005,10.929565283186893
4.17956,4.397624,4.397624,4.597516000000001,4.17956,4.597516000000001,5.2771488,13.123838677072635,22.6845350108634,3.677050706945883,11.861943356271746,19.33563397706838,30.861032629098936,3.8755919999999993,3.22966,3.598056,2.6160246,1.8647023348800005,17.1452764134833,20.212649453100315,16.49334785457232,16.529278694402205,22.299083404687845,17.265369790112192
9.031235434821909,8.259206332212987,9.04252027940451,8.361651759655926,3.879141933281201,9.45354392846835,7.717768546519319,4.636855486180619,5.295358410988093,5.386369148808696,4.80828066769553,9.3754154662496,5.2453970920314825,5.898117586457185,6.640919288593468,11.868721631711601,29.36728378146213,43.77693667708444,68.24782185357759,15.509867605511204,15.477293816034516,2.0131909230850367,3.7976215441880905,5.197241182377497
4.104925000000001,7.021451894871308,4.319095000000002,4.515417500000001,6.673280726530579,4.515417500000001,35.81682172654497,17.518243259994826,38.38947340667799,5.651055451602939,3.855060000000001,7.27994261076063,4.20552,6.187951219146536,37.70257523606224,29.436031649394796,21.06302152018234,26.863725444750628,15.647808322925746,30.631263648705698,17.326632314833688,30.597640620802743,30.66981240358059,44.23406686198646
8.94282167771848,9.882565831767408,15.208461510062504,9.077833593832557,11.693340189485689,13.621944460092026,17.795670159197094,24.02662545253795,16.95632052210005,32.411014143883584,18.743942798706147,10.246386812801669,14.80853953196168,5.568776931352406,11.169249531244244,10.807459678461802,7.371879902487166,15.878962534503978,17.985559820059155,11.98851727910044,14.309357653453178,20.253407949257124,24.89732771489808,15.308468524652252
6.791141628634712,6.836492418418692,9.622477625247065,11.534912701901774,5.246486645749092,13.800406676800678,15.84046679424078,19.02306167751093,28.215122180870623,50.76708953051129,21.31404224430093,16.779405048578635,14.198996180573497,57.60015370820889,35.46819609930479,32.21488514302587,30.872009406241283,32.76207848481489,28.11889436113362,20.835195186667644,25.95856742687104,39.13111448847883,35.227276049705125,37.538994333430274
2.83613,8.898561344909853,8.898561344909854,8.653111807189077,6.668752978951725,13.150056102492432,15.09397743938262,6.8070618000000005,19.79284541089886,24.44186571944745,21.4078328434589,22.14457185984076,19.208795131537936,15.254033167825323,3.396067928883493,12.80006673860701,24.64485357824037,19.047968363777134,25.623606468241203,18.91960344355767,11.209225972043257,13.827817979842962,5.614370848223221,5.260402286393769
9.131786329959032,5.774062814822938,5.910462039224289,5.608722648056112,3.6728468794914506,7.623258003125138,32.58865371565101,51.075784512420064,15.209784997369288,22.699468304725823,6.7449087700628585,12.369334038268358,23.960559042036515,14.38634266534539,7.10223363072412,13.177675806747029,17.724036327642175,9.079765085618511,9.495617330014587,19.77021267846697,30.27312664577904,20.29118190772032,26.51285396167364,25.88938932123557
3.209305,9.68677164559259,9.987249009668428,10.44121487374426,9.492013521585692,4.78677720431714,10.181834627147085,6.819392670899218,16.554204459945083,9.76276993031497,64.5341267767066,75.49049764749847,25.10013495355884,15.018376406075436,16.243878169777858,23.33051811925165,30.43515177446938,46.0797727450695,17.221123520965012,20.932156857641868,20.72778823218797,17.876531571267915,3.796836303559631,7.068352003728664
5.554206560762925,9.428452198170769,9.428452198170769,3.8286099842688457,11.278536734805988,11.735502986942365,12.800261295635286,2.9617703135757347,8.09071548558057,59.29814383699556,21.48120282681657,28.31695557132438,26.26112503653103,11.261730210527144,44.529564517966676,6.837298496296133,6.982990577013402,13.722744095626044,22.6089378492537,17.645452849854177,12.525743959550264,13.872148113962954,15.665047489552672,6.130853926346727
4.17956,9.579910425674562,7.695442634520176,6.56764141802504,8.657117768238727,10.01536089956886,16.9659349056188,17.10345783630143,32.3419157224895,35.68578521019917,42.65617339534342,43.309704437469655,78.47631788250953,30.07145574404979,65.95870610836882,7.838108530097369,11.324197460476007,48.77913924883849,14.816795058049031,25.417249415881177,27.03333470834698,36.84106278773542,36.80418673816904,24.408545542919978
6.262791047191992,7.424891150263549,10.209377108816504,10.382334354459443,3.88102,10.382334354459443,8.24159275026355,4.879661849960411,11.15586451392771,3.538628517767856,64.96390095230528,12.953571289985724,20.036714765949238,13.802810935104036,8.827886270960743,46.62221730446619,62.39259732001524,22.232857000084675,48.451852712087856,19.999611700581784,19.41732704510014,23.553633560256785,22.40307891629865,4.907659228601667
6.721552328379116,8.947099008085349,11.419318099726627,8.21248933000816,6.2979365303112775,20.615634689365688,10.342939254943277,20.471643191117547,16.443502101234177,7.437227501542714,8.374737286153708,9.992165624805976,11.11903550506815,5.839904782652273,8.386463893676014,4.822966059727094,5.086457324426109,11.56427949179904,13.468624032766774,24.00298114289865,17.704371517995604,31.83172987984652,27.331388701107905,29.41895109562072
6.09951316547457,11.168312578251072,13.768322438571952,10.346564454083236,13.859946411013787,13.114241114083413,10.861481573701296,9.687719905142837,18.34980914383415,26.75132335383005,9.644900444869595,16.79256629381224,12.400297519963203,7.762491588429968,11.974575654068989,21.06023154968886,27.59113766491119,39.911670052726144,15.09500270724386,19.09254625941346,14.7546510797654,28.129090211140664,31.14440414340224,9.758371014027349
15.850177902867443,8.625349100618367,9.751849558271848,14.01229430062308,22.094342210237496,6.87190303872739,17.608513876416,9.570000912904176,13.45219343251523,30.1038047727932,110.39673086264108,10.54245565485014,11.302873097508838,13.571357691749807,7.1283628147043006,10.6424292847196,53.394710411600286,56.429510149755416,26.82464328017869,48.41544089344439,28.105214919631543,37.04779287378241,32.689433711105785,6.626589175644223
3.88102,6.1615024440207256,4.083508000000001,6.441570736930758,5.855973397209779,6.710499140434607,4.900209600000001,15.67360862300893,72.75862500596028,62.36162026097716,60.8746737477385,91.88318105828766,40.568219483212204,8.415070698535795,4.525070352389374,10.30762084981977,52.79953317353223,65.46978774913495,5.133226994690791,2.270280829726611,3.743477587430084,32.86946625557178,38.82987303286189,8.004461219624627
112.48711235311904,2.7485150000000007,11.53600433535681,12.060368168782112,4.238387519378656,11.741352809287516,13.843205202428164,13.4858761344353,20.37559183751411,9.28449004067813,8.24649218657931,6.761666347068464,8.962280192665224,25.40150260268426,11.15717372409333,6.031930179831244,7.635623941482033,13.537399111138775,12.547435742420545,14.885971285119162,10.949698571718946,12.086914906577915,16.844066598932137,8.118531617435345
3.978596941518255,3.7693920000000007,3.7693920000000007,3.940728000000001,3.5824800000000003,3.940728000000001,4.5232704,13.360868956566655,12.820234312099126,3.0337092,3.3644160000000003,3.90816,3.670272,5.811732361485368,3.941494514024623,18.538427513042425,21.2873543162482,6.731236577535791,8.014960428046223,11.245767844971052,8.683755401589565,10.789075821435132,17.366810010479906,23.406565744178536
11.08742642078003,11.211491441641137,7.1129040072842535,13.62136218446676,6.760198023451975,10.45426635866959,8.535484808741106,4.440846767624699,7.003783004822588,9.836896669270294,15.53552627429241,101.36135258056852,27.73118684687678,16.81050629713059,31.60834921780312,22.017122768919684,61.29049697911224,41.102231055522175,22.06005854437148,19.44037514231025,18.29417567689146,21.697943381159945,24.084585442186995,29.276511110776493
10.883857510690287,5.690922794606285,12.191536620097564,12.74569737555654,11.586997614142309,7.883855824884942,13.166177172127568,6.053652443106337,7.849664201871683,9.812080252339602,7.652394571491876,11.598356637970612,11.088085320405497,3.7149442417759815,7.885013270800914,11.53037296825182,6.634159718972993,4.658138816738172,3.3238687227120582,30.38242873099998,17.090618389553924,21.392770929958107,20.397630559398305,4.314571708338305
11.526757042431068,21.710547781289087,6.092160722265142,12.033587811982974,12.623705371933749,10.798595747220212,9.200667678876842,10.505825554130505,7.173698186267951,8.307653619582483,12.38249620302703,14.383707710586949,13.508177676029481,11.269361082788002,6.969927340838311,11.26189999383238,23.678641927969903,28.29441902950377,29.23548803030452,40.19654052460309,35.13092137954691,20.38084299859407,35.92265472485678,20.294171604719768
3.2839400000000003,8.385660851106836,3.455276000000001,8.766827253429875,7.969842957663522,3.612334,10.062793021328202,27.828344190427718,20.443852722856185,6.749007922785064,3.084048000000001,13.6184088395834,3.364416,8.129604267285217,14.119919252619065,15.653967121163168,27.673488573062528,31.689507326178457,11.999695637700636,13.373256902361298,22.203854547676777,21.99781261664232,34.78107339343171,28.84918064185352
4.17943747532708,5.634036768890211,12.34960322053704,6.459123563972593,9.131390976058867,12.910948821470544,11.85182381787303,7.776254758173297,2.8313789151033992,9.939296551404802,7.109405876130301,10.815439140141615,12.024857831567246,9.309519745140292,8.464255559176639,9.039669773465592,18.457028085942284,44.92604012295919,20.129366728656937,14.776671227539236,16.019413780346227,6.155137228460246,24.73900315161577,16.386391795786018
3.88102,4.083508000000001,4.083508000000001,4.269122,3.88102,4.269122,4.900209600000001,3.39716916,19.97754770706881,32.454516994770394,28.2767901899244,29.498030878859687,10.158212968129465,13.968987225664117,9.397232443049992,3.341052000000001,2.4291657,12.545684871965507,17.683632978817066,1.5942285216000005,4.596849061695501,16.868545502118458,23.56390375639935,2.34702
3.43321,7.130395150472682,7.130395150472682,3.7765310000000007,6.776821837226101,7.454504020948711,6.747185588895552,3.4516890812162124,4.590988757364446,27.35253114350074,11.151705784274712,20.55270315449055,45.49079727295101,29.155709017638145,39.34827954978285,27.71663170753721,17.94332637674375,5.93544003641016,6.7336775231947,36.24472414429902,31.26916924998934,35.89485392466466,40.79599614565235,42.49657044689624
6.175488472151195,6.497687870698215,6.497687870698215,6.793037319366314,3.955655,6.793037319366314,7.797225444837859,4.43668571799245,4.183612735860972,5.229515919826214,3.714876,6.736896515074029,6.326824553286915,3.667970999999999,4.7719683648441045,5.316290076025812,2.475880425,2.7551818308733127,2.466275296178156,5.052423001838601,13.939249067855233,8.35969309133987,16.111171383668882,7.8373163600814255
6.021420167250813,4.539248765836561,7.362056907237286,7.696695857566251,3.5824800000000003,7.696695857566251,4.5232704,5.317707868396235,5.682824903354024,5.92518362919253,6.571092115550635,3.90816,7.168464126055237,3.5480922700541657,5.029842700541662,16.539122703694257,29.18509391982438,14.271308601688595,18.705656605369416,18.28324355677727,14.021900955830816,21.95495457978815,21.189153612363423,5.93467710140677
8.04916358015051,5.115416691965651,9.759005805811078,4.269122,8.539533413109393,5.078232224382157,11.091661751793906,5.782799086887263,5.256599473750691,23.0734610380499,23.30685889531091,29.67470459249803,27.49790888770051,14.734907442548106,11.434569248297505,3.552124232447519,5.498435063565375,11.52845967207063,14.49524605292345,16.18768645056261,14.648401431772797,19.977942588527405,22.17963948410952,2.791841646893532
9.469895519936308,7.603728259780293,7.603728259780293,14.17921384351842,12.890194403198564,10.41688507192994,28.360991952604557,74.90625413971621,51.56731351342916,63.00221760027867,7.753848794957951,13.500359793247728,12.855668941719015,8.939753339437644,9.76167980982923,6.221232212547513,47.125446402708256,24.87436931446912,22.21002755202406,29.27148794494759,10.775839470849792,13.561931509004683,4.990761518600623,7.588415694764697
8.21594389053942,11.65549958948866,9.75554256545886,8.05428097197131,8.536903986888934,11.423103941793595,13.986599507386392,7.958490711434324,26.224306465480208,108.2546252240555,105.98008210676414,55.16753778214993,83.78096978253569,27.58770731389421,22.55933201693168,26.550958053151128,34.9223908200336,23.75516011095491,41.05817977985112,28.54065934618164,19.072508562581056,25.5149166725445,25.131860142429858,40.662248174323686
2.9854,3.1411600000000006,8.204854116128113,8.57780203049757,4.954191664234633,16.35941533924811,10.74591245030594,31.76816033756315,48.60151494449964,5.862508154971927,7.323340863982115,7.313704035392575,20.537470153375175,63.72442792299728,18.642852053966052,21.26466667580814,8.297509208134771,9.71286077008456,14.369068478486914,12.714191025079462,23.328584000121,22.887112981500763,26.165059410447267,1.8054
8.484388579547028,15.552100432747023,16.307505013724388,14.4531372923519,13.317552120352577,9.315185089585592,19.79818432369569,10.94222945636366,9.466413533759322,30.549266886964634,73.32641051180289,78.49541686433137,18.935474375995117,11.829046872034764,5.4887783256538105,13.498762038883424,7.984606638623464,16.941526285074495,23.196973489066018,5.24032284945178,22.684972197527404,12.252056922591509,7.586081145818786,5.946787037244321
3.806385,9.06847868262153,8.37800145317314,4.668265205373121,8.618802053731203,20.95241469753232,12.13929552736648,2.7346393800000004,15.714558384691168,7.298558284591468,17.43613602530813,20.06671476966034,70.75222457152995,22.21052423987721,16.851594460408727,13.348341937199205,5.394586558176303,3.6500749128782455,1.869576315334724,3.180971533892152,3.039732251911517,3.752755866557428,6.264233340679619,2.963311346766865
3.358575,3.533805,3.533805,3.694432500000001,3.358575,3.694432500000001,7.259274000000001,18.082486936912662,25.730977990897177,23.17233061553672,68.0211335334094,25.7942375749712,42.30332395157914,59.59675239006609,13.279605623941732,25.003229695653932,51.574873173409216,48.04490181180493,18.50724545562282,18.26195249256394,19.596545451913205,29.078181690551183,33.3157227083813,12.671458220496085
19.50882781686997,15.336470196782264,6.914226123618515,17.32736194485349,4.018432822611747,6.479646989406975,8.297071348342216,3.2261827902921145,13.51970477941616,61.1556143960314,23.34922450332624,28.14878268921528,23.17227578686383,50.77695945764305,5.077878313927195,5.657094101142421,5.873298951357694,39.13018058821181,16.612434222775914,10.083050569146009,11.715170212905438,20.863955284330626,6.675513417960652,8.258533298673097
27.93583857822132,15.292471621753975,17.984515227676457,14.518971530924713,4.981429368391204,22.220230269396826,17.07475403064172,48.76115393818277,41.02987564434024,64.12740650040588,5.581418262485192,13.577015386542811,10.657399863531513,11.540463078561395,53.68148707379113,42.33455617721984,39.89435342896444,29.537376127644887,27.48936698406127,4.11209129507168,5.463068379631128,33.72802252833849,41.99647432072776,38.13497767645882
2.015145,5.63457099345761,2.1202830000000006,5.890687856796592,5.355170778905992,5.890687856796592,2.5443396000000007,3.847340954375766,16.117099744404968,4.534855982319027,2.3405868374184444,5.061219239062278,5.486404213013569,4.965703813167373,7.783614400506007,4.61010354010168,1.2612975750000002,2.38919873266735,13.68677558135397,22.63223516994269,17.294867346743636,30.681047283363736,15.647756374600808,10.5832476868743
4.03029,9.102275832301943,9.333785824316324,9.7580488163307,4.03029,9.7580488163307,11.200542989179588,6.744840094500475,45.79578479852648,31.18810195846976,3.784968,8.71727218755609,24.262717526271206,80.91277090452259,21.935217312632428,35.88510498569262,24.1331056168244,20.91960859034075,20.830330963009963,21.604735285044374,23.81950056880087,10.994371788313552,30.925791520834405,4.566277454737784
7.867161369318205,5.810532207638899,8.053341075694465,9.591779396527809,7.867161369318205,7.00947100657688,5.088679200000001,31.668595403100827,24.830798822188928,4.676474353214108,3.784968,9.512508492424269,11.603710202372838,28.311114835564236,29.37904890681753,35.080216279591866,32.53388761597551,29.122134176428208,23.67029208812352,38.204319975509286,21.83186527454572,30.394796009341217,33.52567352828147,36.680549142898336
7.468384660535539,11.7353968887806,9.292132626095231,9.640753225707822,10.397880857348346,9.42398039746542,15.485651057089742,11.455090260263852,8.275016016560786,17.13676240645109,15.560251133869013,39.36598330818833,23.986953010596647,7.078607309446472,7.243091429379255,19.96737113811283,12.610391629520189,17.866778886233423,9.895340284879746,18.764077651998665,20.180408764813667,21.949231062725723,15.512809023870116,10.64942371221599
3.955655,12.020228645736552,10.74800221235578,11.088763888837825,6.373936650227911,12.566602675088212,11.529053734770017,5.898629986766253,30.043068746522952,4.127291755043371,16.37290863209625,33.79692662881926,8.41159356401605,8.677579405171718,8.82777873869833,14.410762786044366,25.95338907552995,3.125953942218026,4.133187347904181,10.355016534535729,14.61448704550542,16.47925783631721,5.526957123358957,17.831340475905854
8.6095250557028,7.2659839781039395,9.820859262925476,6.283339979586151,8.595835969478214,18.6395795927667,68.1887483477145,40.31296251791345,39.50366148888458,31.930543305522967,65.79530635310992,25.36618107333986,21.084110540644836,16.88532043638473,14.167995607275566,54.449587147317885,13.208698525667163,26.10451475728146,22.007915561476576,19.360057433712004,22.161862325903577,46.02343868509489,32.29793853811552,20.9127015660444
3.358575,5.98423910112125,3.533805,6.256249969354034,3.358575,6.256249969354034,6.364275554305085,2.784735034682531,2.2752819,3.119413053835876,14.522377227659144,7.444354079826858,4.363116356453406,8.277548202646967,4.3948863421082045,5.333888911232499,26.455997626357043,13.13812469616118,6.027445856443708,2.60202697537686,1.6408449507467415,2.4764229127705364,1.62486,2.031075
10.435703846069904,8.964303132133395,7.556928344852129,13.117368655815332,6.712761970755269,10.357566725507612,15.369832521049297,33.96677634012479,78.24557326456106,51.50655904513486,51.92126075333509,101.7037324316188,47.61985228328354,30.840034702693597,11.785641154812682,10.479431264351794,4.550848288013041,11.6717650750759,9.639822945144395,12.235489181763748,14.09681264697212,4.506261778125111,5.074122487211202,4.49348345768747
8.739084919433365,3.926450000000001,9.195037176099458,4.104925000000001,8.739084919433363,9.612993411376705,8.160269787992373,5.163308302210381,53.65175827957012,57.99322342534792,10.179885853941917,11.291345444812928,18.401392622765673,8.553323737417458,6.049419391212003,22.813507293840242,28.83787320712869,73.57534849026132,50.109505144991125,28.6595013039988,42.29972135747316,27.424613519536848,3.9407829303104753,6.9585546828341895
4.254195000000001,9.586185518623736,7.631872869760987,6.329195341011425,7.253432892748044,10.215457787097424,44.57040925353129,30.94643238324492,32.87492452457874,32.029023372879564,25.92120153469904,24.652734769188232,31.34021182091658,21.450682018111763,10.423709471122399,41.769268624987355,29.10473897981832,17.273781787189378,21.71398178994544,24.918778432300726,20.532772044886187,18.430651925580545,22.43799873151226,2.673459909440152
3.507845,6.488648200654108,6.488648200654108,6.783586755229295,4.246470569502346,6.62108912993878,27.604318172881484,23.534059796607774,9.352932992634866,5.222240547517428,5.791520708021848,5.599441366805631,4.653224785221389,15.915680142950407,4.765329538797437,5.054549873202988,2.2880545667458843,4.569730396793169,21.331430691628665,31.936149374452174,23.86765758111408,34.15408229154698,43.05011919384794,34.27414294546817
4.924835015518038,13.739757315846427,12.22326025008312,13.210636396615282,11.772826597709818,14.118165165426872,17.052729783371532,3.2041919979591165,9.20642450545437,12.573944614553822,6.109415062405668,12.78102376471861,20.676863425152543,22.821797043480498,6.620306271913778,7.95907867412365,7.613208494275922,10.585947260131023,10.30527925156408,10.637167323959156,4.024669713839969,13.904524572014465,4.891936807111192,8.979502560277883
19.89032069531197,6.561793352699124,6.328412646947313,6.8600566869127215,4.6601761771913655,5.599065492729289,13.223576234831686,54.12383272610532,23.96652939168433,4.91707670854628,6.645012282598558,12.07266346890268,6.120649251457925,3.391143,4.708320553300679,3.1482990000000006,11.849510249921472,18.91946674471072,15.245940746838023,19.673748758082127,14.039928084282824,8.590092979304346,3.017143149400348,3.771428936750435
7.752544406504849,14.415956458213286,10.106852473977757,11.276835847596912,10.726830024304196,14.773798644533963,17.29914774985595,8.964534637665627,22.578297935392797,33.36027268920012,35.3649232936963,36.2612184467096,61.365887285238436,24.21363978725844,12.756224605580785,32.09128550176318,37.38862539724263,32.049574000345515,23.75448554957796,34.50750595689462,17.135227953754256,24.759760873331626,13.688244315711865,11.388495074665034
6.514869904444311,10.84409124960534,12.264444684882363,14.569337418281346,6.89436990444431,12.962602882673268,15.071302182378089,22.216798934428205,29.337858857451824,43.60608594669735,22.64278702426014,44.430153855728655,33.87746759475388,40.784751501523935,18.112174051316014,22.732179556355955,43.22487509904878,14.470952470323851,18.300559026600016,27.74488930686623,26.632465351975245,34.6040796815514,28.46863853604372,7.342266235138426
20.327940816856007,16.43851897711679,16.43851897711679,12.332322253400848,12.20020001837758,27.9287317451712,33.81540465436835,17.085456252885287,5.476498412479386,10.589884724840944,8.654517292779719,65.30175213317945,36.91350709862786,46.45859292935425,34.448668806655974,52.65961915677588,48.198153430107645,53.37116751984314,52.12957985786383,20.13723736025382,4.3217988815061,8.878693972118498,13.64256972072578,43.72911355552262
11.406905905210882,6.075552337758185,6.075552337758185,6.3517138076562825,23.239890675264643,6.329724797951361,7.290662805309821,5.963543641544462,44.99742632298348,4.889769761844485,26.440338822380507,8.860818951135485,4.859122788523454,5.354337259346617,3.465717281792831,9.652436857643508,23.972649940931447,25.12759603874186,16.456577213347497,1.5245947625150875,1.3999348823644395,5.650831955696151,4.286678325544965,3.491959082182577
5.747416063528257,6.047281249451469,6.047281249451471,6.32215766988108,3.7566862292809176,5.911569641567566,12.056323499341762,11.511638760115575,18.84740651920752,32.32149313984119,22.9801635595583,20.237478408887306,60.349778555343576,65.39877209725765,7.796068045295416,23.437770706172465,6.444206900881346,11.597242952975847,13.732373769498,16.142657561098872,17.086667559276744,15.958616736709336,6.96596061404883,3.959892719482231
3.8321554971185257,15.096191300358,12.053207349999957,16.186212053166095,9.354109888548226,16.331667907671388,11.45860438256888,6.546279994087865,9.26193306351844,6.577506740199001,19.308146732033126,23.06826535772309,22.66546966540028,10.499782684293763,10.371539014547562,6.901586350567772,22.591365266808094,12.497326975174094,15.961710939863666,13.07043518801107,7.472333383663176,6.464594095253611,6.981053222639554,8.97860291007446
3.731750000000001,3.926450000000001,3.926450000000001,4.104925000000001,3.73175,4.104925000000001,4.711740000000002,2.6810190000000005,2.5280910000000003,3.20296275,39.69692925747804,61.74771015913788,40.74743264591122,3.4603499999999996,9.914229474264603,22.061971639139806,65.87460299322292,23.867993967098347,9.383772198052103,1.5329120400000007,1.3161366,1.62486,1.8054000000000008,2.25675
8.63228309961587,15.496447510006298,16.856439036232874,9.55850978607518,10.353213358749825,11.86449962370348,11.798963077982574,20.209306066716515,50.78323010426144,15.726047264130136,15.2477294494647,17.71200895644889,8.390225215100529,18.72679611310774,33.28308879614856,32.27308246737935,29.36108454273949,49.86219990714214,20.33032509353627,2.788655055140072,18.276896603602413,13.829007650534528,22.179211395483648,14.16041944692384
